title,theater_name,observation_date,known_last_show_date,segment,extended,market_theater_count,other_theaters_beyond_listed_end,other_theaters_on_same_end,share_other_theaters_on_same_end,all_theaters_share_listed_end,this_theater_is_earliest_exit,this_theater_is_latest_exit,solo_theater,extension_magnitude_days,extension_first_observed
2026 CORTIS TOUR <PUT YOUR PHONE DOWN> IN LA: LIVE VIEWING,AMC Alderwood Mall 16,2026-08-06,2026-08-13,special_event,0,2.0,0.0,1.0,1.0,1.0,1.0,1.0,0.0,0,
2026 CORTIS TOUR <PUT YOUR PHONE DOWN> IN LA: LIVE VIEWING,AMC Southcenter 16,2026-08-06,2026-08-13,special_event,0,2.0,0.0,1.0,1.0,1.0,1.0,1.0,0.0,0,
2026 Rocket League World Championship,AMC Southcenter 16,2026-09-13,2026-09-20,special_event,0,1.0,0.0,0.0,,0.0,1.0,1.0,1.0,0,
Above and Below,AMC Alderwood Mall 16,2026-07-23,2026-07-29,special_event,0,2.0,0.0,1.0,1.0,1.0,1.0,1.0,0.0,0,
Above and Below,AMC Southcenter 16,2026-07-23,2026-07-29,special_event,0,2.0,0.0,1.0,1.0,1.0,1.0,1.0,0.0,0,
Akira,AMC Alderwood Mall 16,2026-09-02,2026-09-09,ordinary,1,5.0,1.0,2.0,0.5,0.0,0.0,0.0,0.0,7,2026-09-09
Akira,AMC Kent Station 14,2026-09-02,2026-09-09,ordinary,1,5.0,1.0,2.0,0.5,0.0,0.0,0.0,0.0,8,2026-09-05
Akira,AMC Pacific Place 11,2026-09-01,2026-09-04,ordinary,1,5.0,4.0,0.0,0.0,0.0,1.0,0.0,0.0,12,2026-09-02
Akira,AMC Southcenter 16,2026-09-03,2026-09-10,ordinary,1,5.0,0.0,0.0,0.0,0.0,0.0,1.0,0.0,6,2026-09-09
Akira,AMC Woodinville 12,2026-09-02,2026-09-09,ordinary,1,5.0,1.0,2.0,0.5,0.0,0.0,0.0,0.0,8,2026-09-09
Alemania vs Paraguay - Telemundo presenta la Copa Mundial de la FIFA 2026,AMC Alderwood Mall 16,2026-06-29,2026-06-29,special_event_title_only,0,1.0,0.0,0.0,,0.0,1.0,1.0,1.0,0,
All Wishes Come True!,AMC Pacific Place 11,2026-08-18,2026-08-21,ordinary,1,1.0,0.0,0.0,,0.0,1.0,1.0,1.0,13,2026-08-19
Alpha (dir. Rawail),AMC Southcenter 16,2026-07-01,2026-07-08,ordinary_title_only,0,1.0,0.0,0.0,,0.0,1.0,1.0,1.0,0,
AMC,AMC Alderwood Mall 16,2026-06-29,2026-06-29,special_event_title_only,0,7.0,0.0,6.0,1.0,1.0,1.0,1.0,0.0,0,
AMC,AMC Factoria 8,2026-06-29,2026-06-29,special_event_title_only,0,7.0,0.0,6.0,1.0,1.0,1.0,1.0,0.0,0,
AMC,AMC Kent Station 14,2026-06-29,2026-06-29,special_event_title_only,0,7.0,0.0,6.0,1.0,1.0,1.0,1.0,0.0,0,
AMC,AMC Oak Tree 6,2026-06-29,2026-06-29,special_event_title_only,0,7.0,0.0,6.0,1.0,1.0,1.0,1.0,0.0,0,
AMC,AMC Pacific Place 11,2026-06-29,2026-06-29,special_event_title_only,0,7.0,0.0,6.0,1.0,1.0,1.0,1.0,0.0,0,
AMC,AMC Southcenter 16,2026-06-29,2026-06-29,special_event_title_only,0,7.0,0.0,6.0,1.0,1.0,1.0,1.0,0.0,0,
AMC,AMC Woodinville 12,2026-06-29,2026-06-29,special_event_title_only,0,7.0,0.0,6.0,1.0,1.0,1.0,1.0,0.0,0,
AMC Scream Unseen: August 17,AMC Alderwood Mall 16,2026-08-10,2026-08-17,special_event,0,6.0,0.0,5.0,1.0,1.0,1.0,1.0,0.0,0,
AMC Scream Unseen: August 17,AMC Factoria 8,2026-08-10,2026-08-17,special_event,0,6.0,0.0,5.0,1.0,1.0,1.0,1.0,0.0,0,
AMC Scream Unseen: August 17,AMC Kent Station 14,2026-08-10,2026-08-17,special_event,0,6.0,0.0,5.0,1.0,1.0,1.0,1.0,0.0,0,
AMC Scream Unseen: August 17,AMC Oak Tree 6,2026-08-10,2026-08-17,special_event,0,6.0,0.0,5.0,1.0,1.0,1.0,1.0,0.0,0,
AMC Scream Unseen: August 17,AMC Pacific Place 11,2026-08-10,2026-08-17,special_event,0,6.0,0.0,5.0,1.0,1.0,1.0,1.0,0.0,0,
AMC Scream Unseen: August 17,AMC Southcenter 16,2026-08-10,2026-08-17,special_event,0,6.0,0.0,5.0,1.0,1.0,1.0,1.0,0.0,0,
AMC Scream Unseen: August 17,AMC Woodinville 12,2026-08-11,2026-08-17,special_event,0,7.0,0.0,6.0,1.0,1.0,1.0,1.0,0.0,0,
AMC Scream Unseen: August 24,AMC Alderwood Mall 16,2026-08-17,2026-08-24,special_event,0,7.0,0.0,6.0,1.0,1.0,1.0,1.0,0.0,0,
AMC Scream Unseen: August 24,AMC Factoria 8,2026-08-17,2026-08-24,special_event,0,7.0,0.0,6.0,1.0,1.0,1.0,1.0,0.0,0,
AMC Scream Unseen: August 24,AMC Kent Station 14,2026-08-17,2026-08-24,special_event,0,7.0,0.0,6.0,1.0,1.0,1.0,1.0,0.0,0,
AMC Scream Unseen: August 24,AMC Oak Tree 6,2026-08-17,2026-08-24,special_event,0,7.0,0.0,6.0,1.0,1.0,1.0,1.0,0.0,0,
AMC Scream Unseen: August 24,AMC Pacific Place 11,2026-08-17,2026-08-24,special_event,0,7.0,0.0,6.0,1.0,1.0,1.0,1.0,0.0,0,
AMC Scream Unseen: August 24,AMC Southcenter 16,2026-08-17,2026-08-24,special_event,0,7.0,0.0,6.0,1.0,1.0,1.0,1.0,0.0,0,
AMC Scream Unseen: August 24,AMC Woodinville 12,2026-08-17,2026-08-24,special_event,0,7.0,0.0,6.0,1.0,1.0,1.0,1.0,0.0,0,
AMC Scream Unseen: August 3,AMC Alderwood Mall 16,2026-07-27,2026-08-03,special_event,0,7.0,0.0,6.0,1.0,1.0,1.0,1.0,0.0,0,
AMC Scream Unseen: August 3,AMC Factoria 8,2026-07-27,2026-08-03,special_event,0,7.0,0.0,6.0,1.0,1.0,1.0,1.0,0.0,0,
AMC Scream Unseen: August 3,AMC Kent Station 14,2026-07-27,2026-08-03,special_event,0,7.0,0.0,6.0,1.0,1.0,1.0,1.0,0.0,0,
AMC Scream Unseen: August 3,AMC Oak Tree 6,2026-07-27,2026-08-03,special_event,0,7.0,0.0,6.0,1.0,1.0,1.0,1.0,0.0,0,
AMC Scream Unseen: August 3,AMC Pacific Place 11,2026-07-27,2026-08-03,special_event,0,7.0,0.0,6.0,1.0,1.0,1.0,1.0,0.0,0,
AMC Scream Unseen: August 3,AMC Southcenter 16,2026-07-27,2026-08-03,special_event,0,7.0,0.0,6.0,1.0,1.0,1.0,1.0,0.0,0,
AMC Scream Unseen: August 3,AMC Woodinville 12,2026-07-27,2026-08-03,special_event,0,7.0,0.0,6.0,1.0,1.0,1.0,1.0,0.0,0,
AMC Screen Unseen: August 10,AMC Alderwood Mall 16,2026-08-03,2026-08-10,special_event,0,7.0,0.0,6.0,1.0,1.0,1.0,1.0,0.0,0,
AMC Screen Unseen: August 10,AMC Factoria 8,2026-08-03,2026-08-10,special_event,0,7.0,0.0,6.0,1.0,1.0,1.0,1.0,0.0,0,
AMC Screen Unseen: August 10,AMC Kent Station 14,2026-08-03,2026-08-10,special_event,0,7.0,0.0,6.0,1.0,1.0,1.0,1.0,0.0,0,
AMC Screen Unseen: August 10,AMC Oak Tree 6,2026-08-03,2026-08-10,special_event,0,7.0,0.0,6.0,1.0,1.0,1.0,1.0,0.0,0,
AMC Screen Unseen: August 10,AMC Pacific Place 11,2026-08-03,2026-08-10,special_event,0,7.0,0.0,6.0,1.0,1.0,1.0,1.0,0.0,0,
AMC Screen Unseen: August 10,AMC Southcenter 16,2026-08-03,2026-08-10,special_event,0,7.0,0.0,6.0,1.0,1.0,1.0,1.0,0.0,0,
AMC Screen Unseen: August 10,AMC Woodinville 12,2026-08-03,2026-08-10,special_event,0,7.0,0.0,6.0,1.0,1.0,1.0,1.0,0.0,0,
AMC Screen Unseen: August 31,AMC Alderwood Mall 16,2026-08-24,2026-08-31,special_event,0,7.0,0.0,6.0,1.0,1.0,1.0,1.0,0.0,0,
AMC Screen Unseen: August 31,AMC Factoria 8,2026-08-24,2026-08-31,special_event,0,7.0,0.0,6.0,1.0,1.0,1.0,1.0,0.0,0,
AMC Screen Unseen: August 31,AMC Kent Station 14,2026-08-24,2026-08-31,special_event,0,7.0,0.0,6.0,1.0,1.0,1.0,1.0,0.0,0,
AMC Screen Unseen: August 31,AMC Oak Tree 6,2026-08-24,2026-08-31,special_event,0,7.0,0.0,6.0,1.0,1.0,1.0,1.0,0.0,0,
AMC Screen Unseen: August 31,AMC Pacific Place 11,2026-08-24,2026-08-31,special_event,0,7.0,0.0,6.0,1.0,1.0,1.0,1.0,0.0,0,
AMC Screen Unseen: August 31,AMC Southcenter 16,2026-08-24,2026-08-31,special_event,0,7.0,0.0,6.0,1.0,1.0,1.0,1.0,0.0,0,
AMC Screen Unseen: August 31,AMC Woodinville 12,2026-08-24,2026-08-31,special_event,0,7.0,0.0,6.0,1.0,1.0,1.0,1.0,0.0,0,
AMC Screen Unseen: July 20,AMC Alderwood Mall 16,2026-07-13,2026-07-20,special_event,0,7.0,0.0,6.0,1.0,1.0,1.0,1.0,0.0,0,
AMC Screen Unseen: July 20,AMC Factoria 8,2026-07-13,2026-07-20,special_event,0,7.0,0.0,6.0,1.0,1.0,1.0,1.0,0.0,0,
AMC Screen Unseen: July 20,AMC Kent Station 14,2026-07-13,2026-07-20,special_event,0,7.0,0.0,6.0,1.0,1.0,1.0,1.0,0.0,0,
AMC Screen Unseen: July 20,AMC Oak Tree 6,2026-07-13,2026-07-20,special_event,0,7.0,0.0,6.0,1.0,1.0,1.0,1.0,0.0,0,
AMC Screen Unseen: July 20,AMC Pacific Place 11,2026-07-13,2026-07-20,special_event,0,7.0,0.0,6.0,1.0,1.0,1.0,1.0,0.0,0,
AMC Screen Unseen: July 20,AMC Southcenter 16,2026-07-13,2026-07-20,special_event,0,7.0,0.0,6.0,1.0,1.0,1.0,1.0,0.0,0,
AMC Screen Unseen: July 20,AMC Woodinville 12,2026-07-13,2026-07-20,special_event,0,7.0,0.0,6.0,1.0,1.0,1.0,1.0,0.0,0,
AMC Screen Unseen: July 27,AMC Alderwood Mall 16,2026-07-20,2026-07-27,special_event,0,7.0,0.0,6.0,1.0,1.0,1.0,1.0,0.0,0,
AMC Screen Unseen: July 27,AMC Factoria 8,2026-07-20,2026-07-27,special_event,0,7.0,0.0,6.0,1.0,1.0,1.0,1.0,0.0,0,
AMC Screen Unseen: July 27,AMC Kent Station 14,2026-07-20,2026-07-27,special_event,0,7.0,0.0,6.0,1.0,1.0,1.0,1.0,0.0,0,
AMC Screen Unseen: July 27,AMC Oak Tree 6,2026-07-20,2026-07-27,special_event,0,7.0,0.0,6.0,1.0,1.0,1.0,1.0,0.0,0,
AMC Screen Unseen: July 27,AMC Pacific Place 11,2026-07-20,2026-07-27,special_event,0,7.0,0.0,6.0,1.0,1.0,1.0,1.0,0.0,0,
AMC Screen Unseen: July 27,AMC Southcenter 16,2026-07-20,2026-07-27,special_event,0,7.0,0.0,6.0,1.0,1.0,1.0,1.0,0.0,0,
AMC Screen Unseen: July 27,AMC Woodinville 12,2026-07-20,2026-07-27,special_event,0,7.0,0.0,6.0,1.0,1.0,1.0,1.0,0.0,0,
AMC Screen Unseen: September 13,AMC Alderwood Mall 16,2026-09-06,2026-09-13,special_event,0,7.0,0.0,6.0,1.0,1.0,1.0,1.0,0.0,0,
AMC Screen Unseen: September 13,AMC Factoria 8,2026-09-06,2026-09-13,special_event,0,7.0,0.0,6.0,1.0,1.0,1.0,1.0,0.0,0,
AMC Screen Unseen: September 13,AMC Kent Station 14,2026-09-06,2026-09-13,special_event,0,7.0,0.0,6.0,1.0,1.0,1.0,1.0,0.0,0,
AMC Screen Unseen: September 13,AMC Oak Tree 6,2026-09-06,2026-09-13,special_event,0,7.0,0.0,6.0,1.0,1.0,1.0,1.0,0.0,0,
AMC Screen Unseen: September 13,AMC Pacific Place 11,2026-09-06,2026-09-13,special_event,0,7.0,0.0,6.0,1.0,1.0,1.0,1.0,0.0,0,
AMC Screen Unseen: September 13,AMC Southcenter 16,2026-09-06,2026-09-13,special_event,0,7.0,0.0,6.0,1.0,1.0,1.0,1.0,0.0,0,
AMC Screen Unseen: September 13,AMC Woodinville 12,2026-09-06,2026-09-13,special_event,0,7.0,0.0,6.0,1.0,1.0,1.0,1.0,0.0,0,
AMC Screen Unseen: September 14,AMC Alderwood Mall 16,2026-09-07,2026-09-14,special_event,0,7.0,0.0,6.0,1.0,1.0,1.0,1.0,0.0,0,
AMC Screen Unseen: September 14,AMC Factoria 8,2026-09-07,2026-09-14,special_event,0,7.0,0.0,6.0,1.0,1.0,1.0,1.0,0.0,0,
AMC Screen Unseen: September 14,AMC Kent Station 14,2026-09-07,2026-09-14,special_event,0,7.0,0.0,6.0,1.0,1.0,1.0,1.0,0.0,0,
AMC Screen Unseen: September 14,AMC Oak Tree 6,2026-09-07,2026-09-14,special_event,0,7.0,0.0,6.0,1.0,1.0,1.0,1.0,0.0,0,
AMC Screen Unseen: September 14,AMC Pacific Place 11,2026-09-07,2026-09-14,special_event,0,7.0,0.0,6.0,1.0,1.0,1.0,1.0,0.0,0,
AMC Screen Unseen: September 14,AMC Southcenter 16,2026-09-07,2026-09-14,special_event,0,7.0,0.0,6.0,1.0,1.0,1.0,1.0,0.0,0,
AMC Screen Unseen: September 14,AMC Woodinville 12,2026-09-07,2026-09-14,special_event,0,7.0,0.0,6.0,1.0,1.0,1.0,1.0,0.0,0,
AMC Screen Unseen: September 21,AMC Alderwood Mall 16,2026-09-14,2026-09-21,special_event,0,7.0,0.0,6.0,1.0,1.0,1.0,1.0,0.0,0,
AMC Screen Unseen: September 21,AMC Factoria 8,2026-09-14,2026-09-21,special_event,0,7.0,0.0,6.0,1.0,1.0,1.0,1.0,0.0,0,
AMC Screen Unseen: September 21,AMC Kent Station 14,2026-09-14,2026-09-21,special_event,0,7.0,0.0,6.0,1.0,1.0,1.0,1.0,0.0,0,
AMC Screen Unseen: September 21,AMC Oak Tree 6,2026-09-14,2026-09-21,special_event,0,7.0,0.0,6.0,1.0,1.0,1.0,1.0,0.0,0,
AMC Screen Unseen: September 21,AMC Pacific Place 11,2026-09-14,2026-09-21,special_event,0,7.0,0.0,6.0,1.0,1.0,1.0,1.0,0.0,0,
AMC Screen Unseen: September 21,AMC Southcenter 16,2026-09-14,2026-09-21,special_event,0,7.0,0.0,6.0,1.0,1.0,1.0,1.0,0.0,0,
AMC Screen Unseen: September 21,AMC Woodinville 12,2026-09-14,2026-09-21,special_event,0,7.0,0.0,6.0,1.0,1.0,1.0,1.0,0.0,0,
AMC Screen Unseen: September 7,AMC Alderwood Mall 16,2026-08-31,2026-09-07,special_event,0,7.0,0.0,6.0,1.0,1.0,1.0,1.0,0.0,0,
AMC Screen Unseen: September 7,AMC Factoria 8,2026-08-31,2026-09-07,special_event,0,7.0,0.0,6.0,1.0,1.0,1.0,1.0,0.0,0,
AMC Screen Unseen: September 7,AMC Kent Station 14,2026-08-31,2026-09-07,special_event,0,7.0,0.0,6.0,1.0,1.0,1.0,1.0,0.0,0,
AMC Screen Unseen: September 7,AMC Oak Tree 6,2026-08-31,2026-09-07,special_event,0,7.0,0.0,6.0,1.0,1.0,1.0,1.0,0.0,0,
AMC Screen Unseen: September 7,AMC Pacific Place 11,2026-08-31,2026-09-07,special_event,0,7.0,0.0,6.0,1.0,1.0,1.0,1.0,0.0,0,
AMC Screen Unseen: September 7,AMC Southcenter 16,2026-08-31,2026-09-07,special_event,0,7.0,0.0,6.0,1.0,1.0,1.0,1.0,0.0,0,
AMC Screen Unseen: September 7,AMC Woodinville 12,2026-08-31,2026-09-07,special_event,0,7.0,0.0,6.0,1.0,1.0,1.0,1.0,0.0,0,
American Martyr: The Stanley Rother Story,AMC Alderwood Mall 16,2026-08-20,2026-08-27,special_event,0,4.0,0.0,3.0,1.0,1.0,1.0,1.0,0.0,0,
American Martyr: The Stanley Rother Story,AMC Kent Station 14,2026-08-20,2026-08-27,special_event,0,4.0,0.0,3.0,1.0,1.0,1.0,1.0,0.0,0,
American Martyr: The Stanley Rother Story,AMC Southcenter 16,2026-08-20,2026-08-27,special_event,0,4.0,0.0,3.0,1.0,1.0,1.0,1.0,0.0,0,
American Martyr: The Stanley Rother Story,AMC Woodinville 12,2026-08-20,2026-08-27,special_event,0,4.0,0.0,3.0,1.0,1.0,1.0,1.0,0.0,0,
Amok Time + Star Trek III: The Search for Spock 60th Anniversary Event,AMC Alderwood Mall 16,2026-08-30,2026-09-06,rerelease,0,2.0,0.0,1.0,1.0,1.0,1.0,1.0,0.0,0,
Amok Time + Star Trek III: The Search for Spock 60th Anniversary Event,AMC Southcenter 16,2026-08-30,2026-09-06,rerelease,0,2.0,0.0,1.0,1.0,1.0,1.0,1.0,0.0,0,
Argentina vs Cabo Verde - Telemundo presenta la Copa Mundial de la FIFA 2026,AMC Alderwood Mall 16,2026-06-29,2026-07-03,special_event_title_only,0,2.0,0.0,1.0,1.0,1.0,1.0,1.0,0.0,0,
Argentina vs Cabo Verde - Telemundo presenta la Copa Mundial de la FIFA 2026,AMC Southcenter 16,2026-06-29,2026-07-03,special_event_title_only,0,2.0,0.0,1.0,1.0,1.0,1.0,1.0,0.0,0,
Argentina vs Egipto - Octavos de Final - Telemundo presenta la Copa Mundial de la FIFA 2026,AMC Southcenter 16,2026-06-30,2026-07-07,special_event_title_only,0,1.0,0.0,0.0,,0.0,1.0,1.0,1.0,0,
Argentina vs Suiza - Cuartos de Final - Telemundo presenta la Copa Mundial de la FIFA 2026,AMC Southcenter 16,2026-07-04,2026-07-11,special_event_title_only,0,1.0,0.0,0.0,,0.0,1.0,1.0,1.0,0,
Ateez: Light the Way in Cinemas,AMC Alderwood Mall 16,2026-08-01,2026-08-08,special_event,0,2.0,0.0,1.0,1.0,1.0,1.0,1.0,0.0,0,
Ateez: Light the Way in Cinemas,AMC Southcenter 16,2026-08-01,2026-08-08,special_event,0,2.0,0.0,1.0,1.0,1.0,1.0,1.0,0.0,0,
Australia vs Egipto - Telemundo presenta la Copa Mundial de la FIFA 2026,AMC Southcenter 16,2026-06-29,2026-07-03,special_event_title_only,0,1.0,0.0,0.0,,0.0,1.0,1.0,1.0,0,
Avengers Endgame: Encore,AMC Alderwood Mall 16,2026-09-23,2026-09-30,ambiguous_special,1,7.0,2.0,4.0,0.6666666666666666,0.0,1.0,0.0,0.0,7,2026-09-30
Avengers Endgame: Encore,AMC Factoria 8,2026-09-24,2026-10-01,ambiguous_special,1,7.0,0.0,1.0,0.16666666666666666,0.0,0.0,1.0,0.0,6,2026-09-29
Avengers Endgame: Encore,AMC Kent Station 14,2026-09-23,2026-09-30,ambiguous_special,1,7.0,2.0,4.0,0.6666666666666666,0.0,1.0,0.0,0.0,7,2026-09-29
Avengers Endgame: Encore,AMC Oak Tree 6,2026-09-23,2026-09-30,ambiguous_special,1,7.0,2.0,4.0,0.6666666666666666,0.0,1.0,0.0,0.0,7,2026-09-30
Avengers Endgame: Encore,AMC Pacific Place 11,2026-09-24,2026-10-01,ambiguous_special,1,7.0,0.0,1.0,0.16666666666666666,0.0,0.0,1.0,0.0,6,2026-09-29
Avengers Endgame: Encore,AMC Southcenter 16,2026-09-23,2026-09-30,ambiguous_special,1,7.0,2.0,4.0,0.6666666666666666,0.0,1.0,0.0,0.0,7,2026-09-30
Avengers Endgame: Encore,AMC Woodinville 12,2026-09-23,2026-09-30,ambiguous_special,1,7.0,2.0,4.0,0.6666666666666666,0.0,1.0,0.0,0.0,7,2026-09-29
Backrooms,AMC Alderwood Mall 16,2026-06-29,2026-06-30,ordinary_title_only,0,6.0,1.0,4.0,0.8,0.0,1.0,0.0,0.0,0,
Backrooms,AMC Alderwood Mall 16,2026-06-29,2026-07-01,ordinary_title_only,1,5.0,0.0,4.0,1.0,1.0,1.0,1.0,0.0,1,2026-07-01
Backrooms,AMC Factoria 8,2026-06-29,2026-06-30,ordinary_title_only,0,6.0,1.0,4.0,0.8,0.0,1.0,0.0,0.0,0,
Backrooms,AMC Kent Station 14,2026-06-29,2026-06-30,ordinary_title_only,0,6.0,1.0,4.0,0.8,0.0,1.0,0.0,0.0,0,
Backrooms,AMC Kent Station 14,2026-06-29,2026-07-01,ordinary_title_only,1,5.0,0.0,4.0,1.0,1.0,1.0,1.0,0.0,1,2026-06-30
Backrooms,AMC Pacific Place 11,2026-06-29,2026-07-01,ordinary_title_only,0,6.0,0.0,0.0,0.0,0.0,0.0,1.0,0.0,0,
Backrooms,AMC Pacific Place 11,2026-06-29,2026-07-01,ordinary_title_only,1,5.0,0.0,4.0,1.0,1.0,1.0,1.0,0.0,1,2026-06-30
Backrooms,AMC Southcenter 16,2026-06-29,2026-06-30,ordinary_title_only,0,6.0,1.0,4.0,0.8,0.0,1.0,0.0,0.0,0,
Backrooms,AMC Southcenter 16,2026-06-29,2026-07-01,ordinary_title_only,1,5.0,0.0,4.0,1.0,1.0,1.0,1.0,0.0,1,2026-07-01
Backrooms,AMC Woodinville 12,2026-06-29,2026-06-30,ordinary_title_only,0,6.0,1.0,4.0,0.8,0.0,1.0,0.0,0.0,0,
Backrooms,AMC Woodinville 12,2026-06-29,2026-07-01,ordinary_title_only,1,5.0,0.0,4.0,1.0,1.0,1.0,1.0,0.0,1,2026-06-30
Backrooms: Everything Must Go Edition w/ Bonus Footage,AMC Alderwood Mall 16,2026-07-01,2026-07-08,ordinary,1,6.0,0.0,5.0,1.0,1.0,1.0,1.0,0.0,21,2026-07-08
Backrooms: Everything Must Go Edition w/ Bonus Footage,AMC Factoria 8,2026-07-01,2026-07-08,ordinary,1,6.0,0.0,5.0,1.0,1.0,1.0,1.0,0.0,1,2026-07-07
Backrooms: Everything Must Go Edition w/ Bonus Footage,AMC Kent Station 14,2026-07-01,2026-07-08,ordinary,1,6.0,0.0,5.0,1.0,1.0,1.0,1.0,0.0,8,2026-07-07
Backrooms: Everything Must Go Edition w/ Bonus Footage,AMC Pacific Place 11,2026-06-30,2026-07-03,ordinary,1,4.0,3.0,0.0,0.0,0.0,1.0,0.0,0.0,20,2026-07-01
Backrooms: Everything Must Go Edition w/ Bonus Footage,AMC Southcenter 16,2026-07-01,2026-07-08,ordinary,1,6.0,0.0,5.0,1.0,1.0,1.0,1.0,0.0,21,2026-07-07
Backrooms: Everything Must Go Edition w/ Bonus Footage,AMC Woodinville 12,2026-07-01,2026-07-08,ordinary,1,6.0,0.0,5.0,1.0,1.0,1.0,1.0,0.0,15,2026-07-07
Bad Counselors,AMC Alderwood Mall 16,2026-07-20,2026-07-27,special_event,0,4.0,0.0,3.0,1.0,1.0,1.0,1.0,0.0,0,
Bad Counselors,AMC Kent Station 14,2026-07-20,2026-07-27,special_event,0,4.0,0.0,3.0,1.0,1.0,1.0,1.0,0.0,0,
Bad Counselors,AMC Southcenter 16,2026-07-20,2026-07-27,special_event,0,4.0,0.0,3.0,1.0,1.0,1.0,1.0,0.0,0,
Bad Counselors,AMC Woodinville 12,2026-07-20,2026-07-27,special_event,0,4.0,0.0,3.0,1.0,1.0,1.0,1.0,0.0,0,
Batman (1989),AMC Alderwood Mall 16,2026-09-12,2026-09-19,ordinary,0,4.0,0.0,3.0,1.0,1.0,1.0,1.0,0.0,0,
Batman (1989),AMC Kent Station 14,2026-09-12,2026-09-19,ordinary,0,4.0,0.0,3.0,1.0,1.0,1.0,1.0,0.0,0,
Batman (1989),AMC Southcenter 16,2026-09-12,2026-09-19,ordinary,0,4.0,0.0,3.0,1.0,1.0,1.0,1.0,0.0,0,
Batman (1989),AMC Woodinville 12,2026-09-12,2026-09-19,ordinary,0,4.0,0.0,3.0,1.0,1.0,1.0,1.0,0.0,0,
Batman: Mask of the Phantasm (2026BD),AMC Alderwood Mall 16,2026-09-12,2026-09-19,ordinary,0,4.0,0.0,3.0,1.0,1.0,1.0,1.0,0.0,0,
Batman: Mask of the Phantasm (2026BD),AMC Kent Station 14,2026-09-12,2026-09-19,ordinary,0,4.0,0.0,3.0,1.0,1.0,1.0,1.0,0.0,0,
Batman: Mask of the Phantasm (2026BD),AMC Southcenter 16,2026-09-12,2026-09-19,ordinary,0,4.0,0.0,3.0,1.0,1.0,1.0,1.0,0.0,0,
Batman: Mask of the Phantasm (2026BD),AMC Woodinville 12,2026-09-12,2026-09-19,ordinary,0,4.0,0.0,3.0,1.0,1.0,1.0,1.0,0.0,0,
Beware Boiuna,AMC Pacific Place 11,2026-09-29,2026-10-02,ordinary,1,5.0,4.0,0.0,0.0,0.0,1.0,0.0,0.0,5,2026-09-30
Beware Boiuna,AMC Woodinville 12,2026-09-29,2026-10-04,ordinary,1,5.0,3.0,0.0,0.0,0.0,0.0,0.0,0.0,3,2026-09-30
Beyond Belief,AMC Southcenter 16,2026-08-25,2026-08-29,ordinary,1,1.0,0.0,0.0,,0.0,1.0,1.0,1.0,4,2026-08-26
Bleach: Thousand-Year Blood War - The Calamity,AMC Alderwood Mall 16,2026-06-29,2026-06-30,ordinary_title_only,0,3.0,1.0,1.0,0.5,0.0,1.0,0.0,0.0,0,
Bleach: Thousand-Year Blood War - The Calamity,AMC Alderwood Mall 16,2026-06-29,2026-07-01,ordinary_title_only,1,2.0,1.0,0.0,0.0,0.0,1.0,0.0,0.0,8,2026-07-01
Bleach: Thousand-Year Blood War - The Calamity,AMC Kent Station 14,2026-06-29,2026-06-30,ordinary_title_only,0,3.0,1.0,1.0,0.5,0.0,1.0,0.0,0.0,0,
Bleach: Thousand-Year Blood War - The Calamity,AMC Kent Station 14,2026-06-29,2026-07-02,ordinary_title_only,1,2.0,0.0,0.0,0.0,0.0,0.0,1.0,0.0,7,2026-06-30
Bleach: Thousand-Year Blood War - The Calamity,AMC Southcenter 16,2026-06-29,2026-07-01,ordinary_title_only,0,3.0,0.0,0.0,0.0,0.0,0.0,1.0,0.0,0,
Bleach: Thousand-Year Blood War - The Calamity,AMC Southcenter 16,2026-07-01,2026-07-08,ordinary_title_only,1,3.0,0.0,2.0,1.0,1.0,1.0,1.0,0.0,1,2026-07-07
Boyhood 12th Anniversary,AMC Alderwood Mall 16,2026-07-28,2026-08-04,rerelease,0,1.0,0.0,0.0,,0.0,1.0,1.0,1.0,0,
Brasil v Japón - Telemundo presenta la Copa Mundial de la FIFA 2026,AMC Southcenter 16,2026-06-29,2026-06-29,special_event_title_only,0,1.0,0.0,0.0,,0.0,1.0,1.0,1.0,0,
Brasil vs Noruega - Octavos de Final - Telemundo presenta la Copa Mundial de la FIFA 2026,AMC Alderwood Mall 16,2026-06-29,2026-07-05,special_event_title_only,0,2.0,0.0,1.0,1.0,1.0,1.0,1.0,0.0,0,
Brasil vs Noruega - Octavos de Final - Telemundo presenta la Copa Mundial de la FIFA 2026,AMC Southcenter 16,2026-06-29,2026-07-05,special_event_title_only,0,2.0,0.0,1.0,1.0,1.0,1.0,1.0,0.0,0,
Buddy,AMC Alderwood Mall 16,2026-08-26,2026-09-02,ordinary,1,4.0,0.0,3.0,1.0,1.0,1.0,1.0,0.0,29,2026-09-01
Buddy,AMC Factoria 8,2026-09-02,2026-09-09,ordinary,1,7.0,0.0,5.0,0.8333333333333334,0.0,0.0,1.0,0.0,7,2026-09-09
Buddy,AMC Kent Station 14,2026-08-26,2026-09-02,ordinary,1,4.0,0.0,3.0,1.0,1.0,1.0,1.0,0.0,22,2026-09-01
Buddy,AMC Oak Tree 6,2026-09-02,2026-09-09,ordinary,1,7.0,0.0,5.0,0.8333333333333334,0.0,0.0,1.0,0.0,7,2026-09-09
Buddy,AMC Pacific Place 11,2026-09-01,2026-09-04,ordinary,1,7.0,4.0,0.0,0.0,0.0,0.0,0.0,0.0,20,2026-09-02
Buddy,AMC Southcenter 16,2026-08-25,2026-08-29,ordinary,1,2.0,1.0,0.0,0.0,0.0,1.0,0.0,0.0,25,2026-08-26
Buddy,AMC Woodinville 12,2026-08-26,2026-09-02,ordinary,1,4.0,0.0,3.0,1.0,1.0,1.0,1.0,0.0,21,2026-09-01
By Any Means,AMC Alderwood Mall 16,2026-09-03,2026-09-10,ordinary,1,7.0,0.0,2.0,0.3333333333333333,0.0,0.0,1.0,0.0,7,2026-09-09
By Any Means,AMC Factoria 8,2026-09-03,2026-09-10,ordinary,1,7.0,0.0,2.0,0.3333333333333333,0.0,0.0,1.0,0.0,6,2026-09-09
By Any Means,AMC Kent Station 14,2026-09-02,2026-09-09,ordinary,1,7.0,3.0,3.0,0.5,0.0,1.0,0.0,0.0,15,2026-09-09
By Any Means,AMC Oak Tree 6,2026-09-02,2026-09-09,ordinary,1,7.0,3.0,3.0,0.5,0.0,1.0,0.0,0.0,7,2026-09-09
By Any Means,AMC Pacific Place 11,2026-09-03,2026-09-10,ordinary,1,7.0,0.0,2.0,0.3333333333333333,0.0,0.0,1.0,0.0,7,2026-09-09
By Any Means,AMC Southcenter 16,2026-09-02,2026-09-09,ordinary,1,7.0,3.0,3.0,0.5,0.0,1.0,0.0,0.0,7,2026-09-09
By Any Means,AMC Woodinville 12,2026-09-02,2026-09-09,ordinary,1,7.0,3.0,3.0,0.5,0.0,1.0,0.0,0.0,14,2026-09-09
Bélgica vs Senegal - Telemundo presenta la Copa Mundial de la FIFA 2026,AMC Alderwood Mall 16,2026-06-29,2026-07-01,special_event_title_only,0,2.0,0.0,1.0,1.0,1.0,1.0,1.0,0.0,0,
Bélgica vs Senegal - Telemundo presenta la Copa Mundial de la FIFA 2026,AMC Southcenter 16,2026-06-29,2026-07-01,special_event_title_only,0,2.0,0.0,1.0,1.0,1.0,1.0,1.0,0.0,0,
Cars: 20th Anniversary,AMC Alderwood Mall 16,2026-09-02,2026-09-09,rerelease,1,4.0,0.0,3.0,1.0,1.0,1.0,1.0,0.0,8,2026-09-09
Cars: 20th Anniversary,AMC Kent Station 14,2026-09-02,2026-09-09,rerelease,1,4.0,0.0,3.0,1.0,1.0,1.0,1.0,0.0,8,2026-09-09
Cars: 20th Anniversary,AMC Southcenter 16,2026-09-02,2026-09-09,rerelease,1,4.0,0.0,3.0,1.0,1.0,1.0,1.0,0.0,7,2026-09-09
Cars: 20th Anniversary,AMC Woodinville 12,2026-09-02,2026-09-09,rerelease,1,4.0,0.0,3.0,1.0,1.0,1.0,1.0,0.0,8,2026-09-09
Castle in the Sky 40th Anniversary - Studio Ghibli Fest 2026,AMC Alderwood Mall 16,2026-08-19,2026-08-26,rerelease,0,4.0,0.0,3.0,1.0,1.0,1.0,1.0,0.0,0,
Castle in the Sky 40th Anniversary - Studio Ghibli Fest 2026,AMC Kent Station 14,2026-08-19,2026-08-26,rerelease,0,4.0,0.0,3.0,1.0,1.0,1.0,1.0,0.0,0,
Castle in the Sky 40th Anniversary - Studio Ghibli Fest 2026,AMC Southcenter 16,2026-08-19,2026-08-26,rerelease,0,4.0,0.0,3.0,1.0,1.0,1.0,1.0,0.0,0,
Castle in the Sky 40th Anniversary - Studio Ghibli Fest 2026,AMC Woodinville 12,2026-08-19,2026-08-26,rerelease,0,4.0,0.0,3.0,1.0,1.0,1.0,1.0,0.0,0,
Charlie Harper,AMC Pacific Place 11,2026-09-22,2026-09-25,ordinary,1,3.0,2.0,0.0,0.0,0.0,1.0,0.0,0.0,5,2026-09-23
Citizen Kane,AMC Alderwood Mall 16,2026-07-01,2026-07-08,rerelease_title_only,0,3.0,0.0,2.0,1.0,1.0,1.0,1.0,0.0,0,
Citizen Kane,AMC Kent Station 14,2026-07-01,2026-07-08,rerelease_title_only,0,3.0,0.0,2.0,1.0,1.0,1.0,1.0,0.0,0,
Citizen Kane,AMC Southcenter 16,2026-07-01,2026-07-08,rerelease_title_only,0,3.0,0.0,2.0,1.0,1.0,1.0,1.0,0.0,0,
cocoon - One Summer of Girlhood,AMC Alderwood Mall 16,2026-09-01,2026-09-03,ordinary,1,2.0,1.0,0.0,0.0,0.0,1.0,0.0,0.0,6,2026-09-02
cocoon - One Summer of Girlhood,AMC Pacific Place 11,2026-09-01,2026-09-04,ordinary,1,2.0,0.0,0.0,0.0,0.0,0.0,1.0,0.0,5,2026-09-02
Colombia vs Ghana - Telemundo presenta la Copa Mundial de la FIFA 2026,AMC Southcenter 16,2026-06-29,2026-07-03,special_event_title_only,0,1.0,0.0,0.0,,0.0,1.0,1.0,1.0,0,
Colony,AMC Alderwood Mall 16,2026-08-26,2026-09-02,ordinary,1,4.0,0.0,3.0,1.0,1.0,1.0,1.0,0.0,7,2026-09-01
Colony,AMC Kent Station 14,2026-08-26,2026-09-02,ordinary,0,4.0,0.0,3.0,1.0,1.0,1.0,1.0,0.0,0,
Colony,AMC Pacific Place 11,2026-08-26,2026-09-02,ordinary,0,4.0,0.0,3.0,1.0,1.0,1.0,1.0,0.0,0,
Colony,AMC Southcenter 16,2026-08-25,2026-08-28,ordinary,1,4.0,3.0,0.0,0.0,0.0,1.0,0.0,0.0,5,2026-08-26
Cookie Queens,AMC Alderwood Mall 16,2026-08-05,2026-08-12,ordinary,1,3.0,0.0,2.0,1.0,1.0,1.0,1.0,0.0,1,2026-08-12
Cookie Queens,AMC Pacific Place 11,2026-08-04,2026-08-07,ordinary,1,3.0,2.0,0.0,0.0,0.0,1.0,0.0,0.0,6,2026-08-05
Cookie Queens,AMC Southcenter 16,2026-08-05,2026-08-12,ordinary,1,3.0,0.0,2.0,1.0,1.0,1.0,1.0,0.0,8,2026-08-12
Costa de Marfil vs Noruega - Telemundo presenta la Copa Mundial de la FIFA 2026,AMC Southcenter 16,2026-06-29,2026-06-30,special_event_title_only,0,1.0,0.0,0.0,,0.0,1.0,1.0,1.0,0,
Couture,AMC Pacific Place 11,2026-06-29,2026-06-30,ordinary_title_only,0,1.0,0.0,0.0,,0.0,1.0,1.0,1.0,0,
Coyote vs. Acme,AMC Alderwood Mall 16,2026-08-26,2026-09-02,ambiguous_special,1,7.0,2.0,4.0,0.6666666666666666,0.0,1.0,0.0,0.0,35,2026-09-01
Coyote vs. Acme,AMC Factoria 8,2026-08-26,2026-09-02,ambiguous_special,1,7.0,2.0,4.0,0.6666666666666666,0.0,1.0,0.0,0.0,29,2026-09-01
Coyote vs. Acme,AMC Kent Station 14,2026-08-26,2026-09-02,ambiguous_special,1,7.0,2.0,4.0,0.6666666666666666,0.0,1.0,0.0,0.0,35,2026-09-01
Coyote vs. Acme,AMC Oak Tree 6,2026-08-25,2026-08-27,ambiguous_special,1,7.0,6.0,0.0,0.0,0.0,1.0,0.0,0.0,27,2026-08-26
Coyote vs. Acme,AMC Pacific Place 11,2026-08-27,2026-09-03,ambiguous_special,1,7.0,0.0,1.0,0.16666666666666666,0.0,0.0,1.0,0.0,28,2026-09-01
Coyote vs. Acme,AMC Southcenter 16,2026-08-27,2026-09-03,ambiguous_special,1,7.0,0.0,1.0,0.16666666666666666,0.0,0.0,1.0,0.0,28,2026-09-02
Coyote vs. Acme,AMC Woodinville 12,2026-08-26,2026-09-02,ambiguous_special,1,7.0,2.0,4.0,0.6666666666666666,0.0,1.0,0.0,0.0,21,2026-09-01
Coyote vs. Acme Early Access,AMC Alderwood Mall 16,2026-08-16,2026-08-23,special_event,0,5.0,0.0,4.0,1.0,1.0,1.0,1.0,0.0,0,
Coyote vs. Acme Early Access,AMC Kent Station 14,2026-08-16,2026-08-23,special_event,0,5.0,0.0,4.0,1.0,1.0,1.0,1.0,0.0,0,
Coyote vs. Acme Early Access,AMC Pacific Place 11,2026-08-16,2026-08-23,special_event,0,5.0,0.0,4.0,1.0,1.0,1.0,1.0,0.0,0,
Coyote vs. Acme Early Access,AMC Southcenter 16,2026-08-16,2026-08-23,special_event,0,5.0,0.0,4.0,1.0,1.0,1.0,1.0,0.0,0,
Coyote vs. Acme Early Access,AMC Woodinville 12,2026-08-16,2026-08-23,special_event,0,5.0,0.0,4.0,1.0,1.0,1.0,1.0,0.0,0,
Crossing,AMC Pacific Place 11,2026-07-07,2026-07-10,ordinary,1,1.0,0.0,0.0,,0.0,1.0,1.0,1.0,5,2026-07-08
Crunchyroll Anime Nights Sneak Peek - September '26,AMC Alderwood Mall 16,2026-09-14,2026-09-21,special_event,0,2.0,0.0,1.0,1.0,1.0,1.0,1.0,0.0,0,
Crunchyroll Anime Nights Sneak Peek - September '26,AMC Southcenter 16,2026-09-14,2026-09-21,special_event,0,2.0,0.0,1.0,1.0,1.0,1.0,1.0,0.0,0,
Cuartos de Final - Telemundo presenta la Copa Mundial de la FIFA 2026,AMC Southcenter 16,2026-07-03,2026-07-10,special_event_title_only,0,2.0,0.0,1.0,1.0,1.0,1.0,1.0,0.0,0,
Daayra,AMC Alderwood Mall 16,2026-09-16,2026-09-23,ordinary,0,1.0,0.0,0.0,,0.0,1.0,1.0,1.0,0,
Daniel and the Fiery Furnace,AMC Alderwood Mall 16,2026-09-16,2026-09-23,ordinary,1,3.0,0.0,2.0,1.0,1.0,1.0,1.0,0.0,7,2026-09-23
Daniel and the Fiery Furnace,AMC Southcenter 16,2026-09-15,2026-09-22,ordinary,1,3.0,2.0,0.0,0.0,0.0,1.0,0.0,0.0,9,2026-09-16
Daniel and the Fiery Furnace,AMC Woodinville 12,2026-09-16,2026-09-23,ordinary,1,3.0,0.0,2.0,1.0,1.0,1.0,1.0,0.0,8,2026-09-22
David,AMC Alderwood Mall 16,2026-06-29,2026-06-29,ordinary_title_only,0,4.0,0.0,3.0,1.0,1.0,1.0,1.0,0.0,0,
David,AMC Alderwood Mall 16,2026-06-29,2026-07-01,ordinary_title_only,0,4.0,0.0,3.0,1.0,1.0,1.0,1.0,0.0,0,
David,AMC Kent Station 14,2026-06-29,2026-06-29,ordinary_title_only,0,4.0,0.0,3.0,1.0,1.0,1.0,1.0,0.0,0,
David,AMC Kent Station 14,2026-06-29,2026-07-01,ordinary_title_only,0,4.0,0.0,3.0,1.0,1.0,1.0,1.0,0.0,0,
David,AMC Southcenter 16,2026-06-29,2026-06-29,ordinary_title_only,0,4.0,0.0,3.0,1.0,1.0,1.0,1.0,0.0,0,
David,AMC Southcenter 16,2026-06-29,2026-07-01,ordinary_title_only,0,4.0,0.0,3.0,1.0,1.0,1.0,1.0,0.0,0,
David,AMC Woodinville 12,2026-06-29,2026-06-29,ordinary_title_only,0,4.0,0.0,3.0,1.0,1.0,1.0,1.0,0.0,0,
David,AMC Woodinville 12,2026-06-29,2026-07-01,ordinary_title_only,0,4.0,0.0,3.0,1.0,1.0,1.0,1.0,0.0,0,
DC,AMC Alderwood Mall 16,2026-08-05,2026-08-12,ordinary,1,1.0,0.0,0.0,,0.0,1.0,1.0,1.0,7,2026-08-12
"DCI 2026: Big, Loud and Live",AMC Alderwood Mall 16,2026-07-30,2026-08-06,special_event,0,4.0,0.0,3.0,1.0,1.0,1.0,1.0,0.0,0,
"DCI 2026: Big, Loud and Live",AMC Kent Station 14,2026-07-30,2026-08-06,special_event,0,4.0,0.0,3.0,1.0,1.0,1.0,1.0,0.0,0,
"DCI 2026: Big, Loud and Live",AMC Southcenter 16,2026-07-30,2026-08-06,special_event,0,4.0,0.0,3.0,1.0,1.0,1.0,1.0,0.0,0,
"DCI 2026: Big, Loud and Live",AMC Woodinville 12,2026-07-30,2026-08-06,special_event,0,4.0,0.0,3.0,1.0,1.0,1.0,1.0,0.0,0,
Dear You,AMC Pacific Place 11,2026-09-02,2026-09-09,ordinary,1,1.0,0.0,0.0,,0.0,1.0,1.0,1.0,14,2026-09-09
Dhamaal 4,AMC Southcenter 16,2026-07-15,2026-07-22,ordinary,0,1.0,0.0,0.0,,0.0,1.0,1.0,1.0,0,
Disclosure Day,AMC Alderwood Mall 16,2026-06-29,2026-06-30,ordinary_title_only,0,7.0,0.0,6.0,1.0,1.0,1.0,1.0,0.0,0,
Disclosure Day,AMC Alderwood Mall 16,2026-06-29,2026-07-01,ordinary,1,7.0,0.0,6.0,1.0,1.0,1.0,1.0,0.0,28,2026-07-01
Disclosure Day,AMC Factoria 8,2026-06-29,2026-06-30,ordinary_title_only,0,7.0,0.0,6.0,1.0,1.0,1.0,1.0,0.0,0,
Disclosure Day,AMC Factoria 8,2026-06-29,2026-07-01,ordinary,1,7.0,0.0,6.0,1.0,1.0,1.0,1.0,0.0,22,2026-06-30
Disclosure Day,AMC Kent Station 14,2026-06-29,2026-06-30,ordinary_title_only,0,7.0,0.0,6.0,1.0,1.0,1.0,1.0,0.0,0,
Disclosure Day,AMC Kent Station 14,2026-06-29,2026-07-01,ordinary,1,7.0,0.0,6.0,1.0,1.0,1.0,1.0,0.0,28,2026-06-30
Disclosure Day,AMC Oak Tree 6,2026-06-29,2026-06-30,ordinary_title_only,0,7.0,0.0,6.0,1.0,1.0,1.0,1.0,0.0,0,
Disclosure Day,AMC Oak Tree 6,2026-06-29,2026-07-01,ordinary,1,7.0,0.0,6.0,1.0,1.0,1.0,1.0,0.0,14,2026-06-30
Disclosure Day,AMC Pacific Place 11,2026-06-29,2026-06-30,ordinary_title_only,0,7.0,0.0,6.0,1.0,1.0,1.0,1.0,0.0,0,
Disclosure Day,AMC Pacific Place 11,2026-06-29,2026-07-01,ordinary,1,7.0,0.0,6.0,1.0,1.0,1.0,1.0,0.0,15,2026-06-30
Disclosure Day,AMC Southcenter 16,2026-06-29,2026-06-30,ordinary_title_only,0,7.0,0.0,6.0,1.0,1.0,1.0,1.0,0.0,0,
Disclosure Day,AMC Southcenter 16,2026-06-29,2026-07-01,ordinary,1,7.0,0.0,6.0,1.0,1.0,1.0,1.0,0.0,35,2026-07-01
Disclosure Day,AMC Woodinville 12,2026-06-29,2026-06-30,ordinary_title_only,0,7.0,0.0,6.0,1.0,1.0,1.0,1.0,0.0,0,
Disclosure Day,AMC Woodinville 12,2026-06-29,2026-07-01,ordinary,1,7.0,0.0,6.0,1.0,1.0,1.0,1.0,0.0,28,2026-06-30
Don't Move,AMC Alderwood Mall 16,2026-09-09,2026-09-16,ordinary,1,3.0,0.0,2.0,1.0,1.0,1.0,1.0,0.0,1,2026-09-16
Don't Move,AMC Pacific Place 11,2026-09-09,2026-09-16,ordinary,0,3.0,0.0,2.0,1.0,1.0,1.0,1.0,0.0,0,
Don't Move,AMC Southcenter 16,2026-09-09,2026-09-16,ordinary,0,3.0,0.0,2.0,1.0,1.0,1.0,1.0,0.0,0,
Dora and the Lost City of Gold,AMC Alderwood Mall 16,2026-09-17,2026-09-24,ordinary,0,2.0,0.0,1.0,1.0,1.0,1.0,1.0,0.0,0,
Dora and the Lost City of Gold,AMC Southcenter 16,2026-09-17,2026-09-24,ordinary,0,2.0,0.0,1.0,1.0,1.0,1.0,1.0,0.0,0,
Dreams in Nightmares,AMC Pacific Place 11,2026-09-01,2026-09-04,ordinary,1,2.0,1.0,0.0,0.0,0.0,1.0,0.0,0.0,6,2026-09-02
Dreams in Nightmares,AMC Southcenter 16,2026-09-02,2026-09-09,ordinary,0,2.0,0.0,1.0,1.0,1.0,1.0,1.0,0.0,0,
Elijah Peel,AMC Alderwood Mall 16,2026-08-12,2026-08-19,ordinary,0,1.0,0.0,0.0,,0.0,1.0,1.0,1.0,0,
España vs Argentina - Gran Final - Telemundo presenta la Copa Mundial de la FIFA 2026,AMC Alderwood Mall 16,2026-07-12,2026-07-19,special_event,0,2.0,0.0,1.0,1.0,1.0,1.0,1.0,0.0,0,
España vs Argentina - Gran Final - Telemundo presenta la Copa Mundial de la FIFA 2026,AMC Southcenter 16,2026-07-12,2026-07-19,special_event,0,2.0,0.0,1.0,1.0,1.0,1.0,1.0,0.0,0,
España vs Bélgica - Cuartos de Final - Telemundo presenta la Copa Mundial de la FIFA 2026,AMC Alderwood Mall 16,2026-07-03,2026-07-10,special_event_title_only,0,2.0,0.0,1.0,1.0,1.0,1.0,1.0,0.0,0,
España vs Portugal - Octavos de Final - Telemundo presenta la Copa Mundial de la FIFA 2026,AMC Alderwood Mall 16,2026-06-29,2026-07-06,special_event_title_only,0,2.0,0.0,1.0,1.0,1.0,1.0,1.0,0.0,0,
España vs Portugal - Octavos de Final - Telemundo presenta la Copa Mundial de la FIFA 2026,AMC Southcenter 16,2026-06-29,2026-07-06,special_event_title_only,0,2.0,0.0,1.0,1.0,1.0,1.0,1.0,0.0,0,
Estados Unidos v Bosnia y Herzegovina - Telemundo presenta la Copa Mundial de la FIFA 2026,AMC Southcenter 16,2026-06-29,2026-07-01,special_event_title_only,0,1.0,0.0,0.0,,0.0,1.0,1.0,1.0,0,
Estados Unidos vs Bélgica - Octavos de Final - Telemundo presenta la Copa Mundial de la FIFA 2026,AMC Southcenter 16,2026-06-29,2026-07-06,special_event_title_only,0,1.0,0.0,0.0,,0.0,1.0,1.0,1.0,0,
Evangelion: Death (True)2 & Rebirth (EVANGELION 30th Movie Fest),AMC Alderwood Mall 16,2026-07-14,2026-07-21,special_event,0,3.0,0.0,2.0,1.0,1.0,1.0,1.0,0.0,0,
Evangelion: Death (True)2 & Rebirth (EVANGELION 30th Movie Fest),AMC Kent Station 14,2026-07-14,2026-07-21,special_event,0,3.0,0.0,2.0,1.0,1.0,1.0,1.0,0.0,0,
Evangelion: Death (True)2 & Rebirth (EVANGELION 30th Movie Fest),AMC Southcenter 16,2026-07-14,2026-07-21,special_event,0,3.0,0.0,2.0,1.0,1.0,1.0,1.0,0.0,0,
Evil Dead Burn,AMC Alderwood Mall 16,2026-07-16,2026-07-23,ordinary,1,7.0,0.0,3.0,0.5,0.0,0.0,1.0,0.0,13,2026-07-22
Evil Dead Burn,AMC Factoria 8,2026-07-16,2026-07-23,ordinary,0,7.0,0.0,3.0,0.5,0.0,0.0,1.0,0.0,0,
Evil Dead Burn,AMC Kent Station 14,2026-07-15,2026-07-22,ordinary,1,7.0,4.0,2.0,0.3333333333333333,0.0,1.0,0.0,0.0,15,2026-07-21
Evil Dead Burn,AMC Oak Tree 6,2026-07-15,2026-07-22,ordinary,0,7.0,4.0,2.0,0.3333333333333333,0.0,1.0,0.0,0.0,0,
Evil Dead Burn,AMC Pacific Place 11,2026-07-16,2026-07-23,ordinary,1,7.0,0.0,3.0,0.5,0.0,0.0,1.0,0.0,6,2026-07-21
Evil Dead Burn,AMC Southcenter 16,2026-07-16,2026-07-23,ordinary,1,7.0,0.0,3.0,0.5,0.0,0.0,1.0,0.0,6,2026-07-21
Evil Dead Burn,AMC Woodinville 12,2026-07-15,2026-07-22,ordinary,1,7.0,4.0,2.0,0.3333333333333333,0.0,1.0,0.0,0.0,1,2026-07-22
Fall 2: Deadpoint,AMC Alderwood Mall 16,2026-09-02,2026-09-09,ordinary,1,5.0,0.0,4.0,1.0,1.0,1.0,1.0,0.0,8,2026-09-09
Fall 2: Deadpoint,AMC Kent Station 14,2026-09-02,2026-09-09,ordinary,1,5.0,0.0,4.0,1.0,1.0,1.0,1.0,0.0,8,2026-09-09
Fall 2: Deadpoint,AMC Pacific Place 11,2026-09-01,2026-09-04,ordinary,1,5.0,4.0,0.0,0.0,0.0,1.0,0.0,0.0,5,2026-09-02
Fall 2: Deadpoint,AMC Southcenter 16,2026-09-02,2026-09-09,ordinary,1,5.0,0.0,4.0,1.0,1.0,1.0,1.0,0.0,7,2026-09-09
Fall 2: Deadpoint,AMC Woodinville 12,2026-08-27,2026-09-02,ordinary,1,4.0,3.0,0.0,0.0,0.0,1.0,0.0,0.0,7,2026-08-28
Finding Emily,AMC Alderwood Mall 16,2026-08-26,2026-09-02,ordinary,1,5.0,1.0,3.0,0.75,0.0,1.0,0.0,0.0,6,2026-09-01
Finding Emily,AMC Kent Station 14,2026-08-26,2026-09-02,ordinary,1,5.0,1.0,3.0,0.75,0.0,1.0,0.0,0.0,8,2026-09-01
Finding Emily,AMC Pacific Place 11,2026-08-27,2026-09-03,ordinary,1,5.0,0.0,0.0,0.0,0.0,0.0,1.0,0.0,7,2026-09-01
Finding Emily,AMC Southcenter 16,2026-08-26,2026-09-02,ordinary,1,5.0,1.0,3.0,0.75,0.0,1.0,0.0,0.0,7,2026-09-02
Finding Emily,AMC Woodinville 12,2026-08-26,2026-09-02,ordinary,1,5.0,1.0,3.0,0.75,0.0,1.0,0.0,0.0,6,2026-09-01
Forgotten Island,AMC Kent Station 14,2026-09-23,2026-09-30,ordinary,1,7.0,4.0,2.0,0.3333333333333333,0.0,1.0,0.0,0.0,7,2026-09-29
Forgotten Island,AMC Oak Tree 6,2026-09-23,2026-09-30,ordinary,1,7.0,4.0,2.0,0.3333333333333333,0.0,1.0,0.0,0.0,7,2026-09-30
Forgotten Island,AMC Southcenter 16,2026-09-23,2026-09-30,ordinary,1,7.0,4.0,2.0,0.3333333333333333,0.0,1.0,0.0,0.0,7,2026-09-27
Forgotten Island - Early Access Screening,AMC Factoria 8,2026-09-16,2026-09-20,special_event,0,3.0,0.0,2.0,1.0,1.0,1.0,1.0,0.0,0,
Forgotten Island - Early Access Screening,AMC Kent Station 14,2026-09-16,2026-09-20,special_event,0,3.0,0.0,2.0,1.0,1.0,1.0,1.0,0.0,0,
Forgotten Island - Early Access Screening,AMC Woodinville 12,2026-09-16,2026-09-20,special_event,0,3.0,0.0,2.0,1.0,1.0,1.0,1.0,0.0,0,
Forgotten Island - Early Access Screening with Cast Member Q&A,AMC Alderwood Mall 16,2026-09-16,2026-09-20,special_event,0,2.0,0.0,1.0,1.0,1.0,1.0,1.0,0.0,0,
Forgotten Island - Early Access Screening with Cast Member Q&A,AMC Southcenter 16,2026-09-16,2026-09-20,special_event,0,2.0,0.0,1.0,1.0,1.0,1.0,1.0,0.0,0,
Forgotten Island - Friendship Opening Night Event,AMC Alderwood Mall 16,2026-09-17,2026-09-24,special_event,0,4.0,0.0,3.0,1.0,1.0,1.0,1.0,0.0,0,
Forgotten Island - Friendship Opening Night Event,AMC Kent Station 14,2026-09-17,2026-09-24,special_event,0,4.0,0.0,3.0,1.0,1.0,1.0,1.0,0.0,0,
Forgotten Island - Friendship Opening Night Event,AMC Southcenter 16,2026-09-17,2026-09-24,special_event,0,4.0,0.0,3.0,1.0,1.0,1.0,1.0,0.0,0,
Forgotten Island - Friendship Opening Night Event,AMC Woodinville 12,2026-09-17,2026-09-24,special_event,0,4.0,0.0,3.0,1.0,1.0,1.0,1.0,0.0,0,
Francia vs España - Semifinales - Telemundo presenta la Copa Mundial de la FIFA 2026,AMC Alderwood Mall 16,2026-07-07,2026-07-14,special_event_title_only,0,2.0,0.0,1.0,1.0,1.0,1.0,1.0,0.0,0,
Francia vs España - Semifinales - Telemundo presenta la Copa Mundial de la FIFA 2026,AMC Southcenter 16,2026-07-07,2026-07-14,special_event_title_only,0,2.0,0.0,1.0,1.0,1.0,1.0,1.0,0.0,0,
Francia vs Inglaterra Partido por el tercer lugar Telemundo presenta la Copa Mundial de la FIFA 2026,AMC Alderwood Mall 16,2026-07-11,2026-07-18,special_event,0,2.0,0.0,1.0,1.0,1.0,1.0,1.0,0.0,0,
Francia vs Inglaterra Partido por el tercer lugar Telemundo presenta la Copa Mundial de la FIFA 2026,AMC Southcenter 16,2026-07-11,2026-07-18,special_event,0,2.0,0.0,1.0,1.0,1.0,1.0,1.0,0.0,0,
Francia vs Suecia - Telemundo presenta la Copa Mundial de la FIFA 2026,AMC Alderwood Mall 16,2026-06-29,2026-06-30,special_event_title_only,0,2.0,0.0,1.0,1.0,1.0,1.0,1.0,0.0,0,
Francia vs Suecia - Telemundo presenta la Copa Mundial de la FIFA 2026,AMC Southcenter 16,2026-06-29,2026-06-30,special_event_title_only,0,2.0,0.0,1.0,1.0,1.0,1.0,1.0,0.0,0,
Gail Daughtry and the Celebrity Sex Pass,AMC Alderwood Mall 16,2026-07-08,2026-07-15,ordinary,1,5.0,0.0,4.0,1.0,1.0,1.0,1.0,0.0,8,2026-07-15
Gail Daughtry and the Celebrity Sex Pass,AMC Kent Station 14,2026-07-08,2026-07-15,ordinary,1,5.0,0.0,4.0,1.0,1.0,1.0,1.0,0.0,1,2026-07-14
Gail Daughtry and the Celebrity Sex Pass,AMC Pacific Place 11,2026-07-07,2026-07-10,ordinary,1,5.0,4.0,0.0,0.0,0.0,1.0,0.0,0.0,13,2026-07-08
Gail Daughtry and the Celebrity Sex Pass,AMC Southcenter 16,2026-07-08,2026-07-15,ordinary,1,5.0,0.0,4.0,1.0,1.0,1.0,1.0,0.0,1,2026-07-14
Gail Daughtry and the Celebrity Sex Pass,AMC Woodinville 12,2026-07-08,2026-07-15,ordinary,1,5.0,0.0,4.0,1.0,1.0,1.0,1.0,0.0,1,2026-07-15
Ghost in the Cell,AMC Southcenter 16,2026-09-29,2026-10-06,ordinary,1,1.0,0.0,0.0,,0.0,1.0,1.0,1.0,1,2026-09-30
Ghost in the Shell 30th Anniversary,AMC Alderwood Mall 16,2026-09-16,2026-09-23,rerelease,1,2.0,0.0,1.0,1.0,1.0,1.0,1.0,0.0,7,2026-09-23
Ghost in the Shell 30th Anniversary,AMC Southcenter 16,2026-09-16,2026-09-23,rerelease,0,2.0,0.0,1.0,1.0,1.0,1.0,1.0,0.0,0,
GHOST: 2 Big To Rig,AMC Alderwood Mall 16,2026-08-22,2026-08-29,special_event,0,3.0,0.0,2.0,1.0,1.0,1.0,1.0,0.0,0,
GHOST: 2 Big To Rig,AMC Kent Station 14,2026-08-22,2026-08-29,special_event,0,3.0,0.0,2.0,1.0,1.0,1.0,1.0,0.0,0,
GHOST: 2 Big To Rig,AMC Southcenter 16,2026-08-22,2026-08-29,special_event,0,3.0,0.0,2.0,1.0,1.0,1.0,1.0,0.0,0,
Girls Like Girls,AMC Alderwood Mall 16,2026-06-29,2026-06-30,ordinary_title_only,0,5.0,1.0,3.0,0.75,0.0,1.0,0.0,0.0,0,
Girls Like Girls,AMC Alderwood Mall 16,2026-06-29,2026-07-01,ordinary_title_only,0,2.0,0.0,1.0,1.0,1.0,1.0,1.0,0.0,0,
Girls Like Girls,AMC Kent Station 14,2026-06-29,2026-06-30,ordinary_title_only,0,5.0,1.0,3.0,0.75,0.0,1.0,0.0,0.0,0,
Girls Like Girls,AMC Pacific Place 11,2026-06-29,2026-07-01,ordinary_title_only,0,5.0,0.0,0.0,0.0,0.0,0.0,1.0,0.0,0,
Girls Like Girls,AMC Pacific Place 11,2026-06-29,2026-07-01,ordinary_title_only,1,2.0,0.0,1.0,1.0,1.0,1.0,1.0,0.0,8,2026-06-30
Girls Like Girls,AMC Southcenter 16,2026-06-29,2026-06-30,ordinary_title_only,0,5.0,1.0,3.0,0.75,0.0,1.0,0.0,0.0,0,
Girls Like Girls,AMC Woodinville 12,2026-06-29,2026-06-30,ordinary_title_only,0,5.0,1.0,3.0,0.75,0.0,1.0,0.0,0.0,0,
Grateful Dead Meet-Up At The Movies 2026,AMC Alderwood Mall 16,2026-08-03,2026-08-10,special_event,0,4.0,0.0,3.0,1.0,1.0,1.0,1.0,0.0,0,
Grateful Dead Meet-Up At The Movies 2026,AMC Kent Station 14,2026-08-03,2026-08-10,special_event,0,4.0,0.0,3.0,1.0,1.0,1.0,1.0,0.0,0,
Grateful Dead Meet-Up At The Movies 2026,AMC Pacific Place 11,2026-08-03,2026-08-10,special_event,0,4.0,0.0,3.0,1.0,1.0,1.0,1.0,0.0,0,
Grateful Dead Meet-Up At The Movies 2026,AMC Southcenter 16,2026-08-03,2026-08-10,special_event,0,4.0,0.0,3.0,1.0,1.0,1.0,1.0,0.0,0,
"Ha-Chan, Shake Your Booty!",AMC Southcenter 16,2026-09-23,2026-09-30,ordinary,1,1.0,0.0,0.0,,0.0,1.0,1.0,1.0,1,2026-09-30
Hadestown: The Musical,AMC Alderwood Mall 16,2026-07-22,2026-07-29,ordinary,1,7.0,0.0,6.0,1.0,1.0,1.0,1.0,0.0,14,2026-07-28
Hadestown: The Musical,AMC Factoria 8,2026-07-22,2026-07-29,ordinary,1,7.0,0.0,6.0,1.0,1.0,1.0,1.0,0.0,8,2026-07-28
Hadestown: The Musical,AMC Kent Station 14,2026-07-22,2026-07-29,ordinary,1,7.0,0.0,6.0,1.0,1.0,1.0,1.0,0.0,8,2026-07-28
Hadestown: The Musical,AMC Oak Tree 6,2026-07-22,2026-07-29,ordinary,1,7.0,0.0,6.0,1.0,1.0,1.0,1.0,0.0,8,2026-07-28
Hadestown: The Musical,AMC Pacific Place 11,2026-07-22,2026-07-29,ordinary,1,7.0,0.0,6.0,1.0,1.0,1.0,1.0,0.0,15,2026-07-29
Hadestown: The Musical,AMC Southcenter 16,2026-07-22,2026-07-29,ordinary,1,7.0,0.0,6.0,1.0,1.0,1.0,1.0,0.0,8,2026-07-29
Hadestown: The Musical,AMC Woodinville 12,2026-07-22,2026-07-29,ordinary,1,7.0,0.0,6.0,1.0,1.0,1.0,1.0,0.0,15,2026-07-28
Haiwaan,AMC Alderwood Mall 16,2026-09-09,2026-09-16,ordinary,0,1.0,0.0,0.0,,0.0,1.0,1.0,1.0,0,
Hanuman Ansh,AMC Alderwood Mall 16,2026-09-09,2026-09-16,ordinary,1,1.0,0.0,0.0,,0.0,1.0,1.0,1.0,7,2026-09-16
Harry Potter & Deathly Hallows: Part 1 (HPD26),AMC Alderwood Mall 16,2026-08-25,2026-09-01,special_event,0,2.0,0.0,1.0,1.0,1.0,1.0,1.0,0.0,0,
Harry Potter & Deathly Hallows: Part 1 (HPD26),AMC Southcenter 16,2026-08-25,2026-09-01,special_event,0,2.0,0.0,1.0,1.0,1.0,1.0,1.0,0.0,0,
Harry Potter & Deathly Hallows: Part 2 (HPD26),AMC Alderwood Mall 16,2026-08-26,2026-09-02,special_event,0,2.0,0.0,1.0,1.0,1.0,1.0,1.0,0.0,0,
Harry Potter & Deathly Hallows: Part 2 (HPD26),AMC Southcenter 16,2026-08-26,2026-09-02,special_event,0,2.0,0.0,1.0,1.0,1.0,1.0,1.0,0.0,0,
Harry Potter And The Chamber of Secrets,AMC Alderwood Mall 16,2026-08-20,2026-08-27,special_event,0,2.0,0.0,1.0,1.0,1.0,1.0,1.0,0.0,0,
Harry Potter And The Chamber of Secrets,AMC Southcenter 16,2026-08-20,2026-08-27,special_event,0,2.0,0.0,1.0,1.0,1.0,1.0,1.0,0.0,0,
Harry Potter And The Goblet Of Fire,AMC Alderwood Mall 16,2026-08-22,2026-08-29,special_event,0,2.0,0.0,1.0,1.0,1.0,1.0,1.0,0.0,0,
Harry Potter And The Goblet Of Fire,AMC Southcenter 16,2026-08-22,2026-08-29,special_event,0,2.0,0.0,1.0,1.0,1.0,1.0,1.0,0.0,0,
Harry Potter And The Half Blood Prince,AMC Alderwood Mall 16,2026-08-24,2026-08-31,special_event,0,2.0,0.0,1.0,1.0,1.0,1.0,1.0,0.0,0,
Harry Potter And The Half Blood Prince,AMC Southcenter 16,2026-08-24,2026-08-31,special_event,0,2.0,0.0,1.0,1.0,1.0,1.0,1.0,0.0,0,
Harry Potter And The Order Of The Phoenix (HPD26),AMC Alderwood Mall 16,2026-08-23,2026-08-30,special_event,0,2.0,0.0,1.0,1.0,1.0,1.0,1.0,0.0,0,
Harry Potter And The Order Of The Phoenix (HPD26),AMC Southcenter 16,2026-08-23,2026-08-30,special_event,0,2.0,0.0,1.0,1.0,1.0,1.0,1.0,0.0,0,
Harry Potter And The Philosopher's Stone: 25th Anniversary,AMC Alderwood Mall 16,2026-08-26,2026-09-02,rerelease,0,4.0,0.0,2.0,0.6666666666666666,0.0,0.0,1.0,0.0,0,
Harry Potter And The Philosopher's Stone: 25th Anniversary,AMC Kent Station 14,2026-08-25,2026-09-01,rerelease,0,4.0,3.0,0.0,0.0,0.0,1.0,0.0,0.0,0,
Harry Potter And The Philosopher's Stone: 25th Anniversary,AMC Southcenter 16,2026-08-26,2026-09-02,rerelease,0,4.0,0.0,2.0,0.6666666666666666,0.0,0.0,1.0,0.0,0,
Harry Potter And The Philosopher's Stone: 25th Anniversary,AMC Woodinville 12,2026-08-26,2026-09-02,rerelease,0,4.0,0.0,2.0,0.6666666666666666,0.0,0.0,1.0,0.0,0,
Harry Potter And The Prisoner Of Azkaban (HPD26),AMC Alderwood Mall 16,2026-08-21,2026-08-28,ordinary,0,2.0,0.0,1.0,1.0,1.0,1.0,1.0,0.0,0,
Harry Potter And The Prisoner Of Azkaban (HPD26),AMC Southcenter 16,2026-08-21,2026-08-28,ordinary,0,2.0,0.0,1.0,1.0,1.0,1.0,1.0,0.0,0,
Harry Potter and the Sorcerer’s Stone: 25th Anniversary,AMC Alderwood Mall 16,2026-08-25,2026-09-01,rerelease,0,4.0,1.0,2.0,0.6666666666666666,0.0,1.0,0.0,0.0,0,
Harry Potter and the Sorcerer’s Stone: 25th Anniversary,AMC Kent Station 14,2026-08-26,2026-09-02,rerelease,0,4.0,0.0,0.0,0.0,0.0,0.0,1.0,0.0,0,
Harry Potter and the Sorcerer’s Stone: 25th Anniversary,AMC Southcenter 16,2026-08-25,2026-09-01,rerelease,0,4.0,1.0,2.0,0.6666666666666666,0.0,1.0,0.0,0.0,0,
Harry Potter and the Sorcerer’s Stone: 25th Anniversary,AMC Woodinville 12,2026-08-25,2026-09-01,rerelease,0,4.0,1.0,2.0,0.6666666666666666,0.0,1.0,0.0,0.0,0,
Haunted Heist,AMC Kent Station 14,2026-07-22,2026-07-29,ordinary,0,2.0,0.0,1.0,1.0,1.0,1.0,1.0,0.0,0,
Haunted Heist,AMC Southcenter 16,2026-07-22,2026-07-29,ordinary,0,2.0,0.0,1.0,1.0,1.0,1.0,1.0,0.0,0,
Heart of the Beast,AMC Alderwood Mall 16,2026-09-23,2026-09-30,ordinary,1,7.0,1.0,5.0,0.8333333333333334,0.0,1.0,0.0,0.0,7,2026-09-30
Heart of the Beast,AMC Factoria 8,2026-09-23,2026-09-30,ordinary,1,7.0,1.0,5.0,0.8333333333333334,0.0,1.0,0.0,0.0,7,2026-09-29
Heart of the Beast,AMC Kent Station 14,2026-09-23,2026-09-30,ordinary,1,7.0,1.0,5.0,0.8333333333333334,0.0,1.0,0.0,0.0,7,2026-09-29
Heart of the Beast,AMC Pacific Place 11,2026-09-24,2026-10-01,ordinary,1,7.0,0.0,0.0,0.0,0.0,0.0,1.0,0.0,6,2026-09-29
Heart of the Beast,AMC Southcenter 16,2026-09-23,2026-09-30,ordinary,1,7.0,1.0,5.0,0.8333333333333334,0.0,1.0,0.0,0.0,7,2026-09-30
Heart of the Beast,AMC Woodinville 12,2026-09-23,2026-09-30,ordinary,1,7.0,1.0,5.0,0.8333333333333334,0.0,1.0,0.0,0.0,7,2026-09-29
Heaven in Stone and Glass,AMC Alderwood Mall 16,2026-09-16,2026-09-23,special_event,0,4.0,0.0,3.0,1.0,1.0,1.0,1.0,0.0,0,
Heaven in Stone and Glass,AMC Kent Station 14,2026-09-16,2026-09-23,special_event,0,4.0,0.0,3.0,1.0,1.0,1.0,1.0,0.0,0,
Heaven in Stone and Glass,AMC Southcenter 16,2026-09-16,2026-09-23,special_event,0,4.0,0.0,3.0,1.0,1.0,1.0,1.0,0.0,0,
Heaven in Stone and Glass,AMC Woodinville 12,2026-09-16,2026-09-23,special_event,0,4.0,0.0,3.0,1.0,1.0,1.0,1.0,0.0,0,
Her Private Hell,AMC Alderwood Mall 16,2026-07-22,2026-07-29,ordinary,0,7.0,0.0,6.0,1.0,1.0,1.0,1.0,0.0,0,
Her Private Hell,AMC Factoria 8,2026-07-22,2026-07-29,ordinary,0,7.0,0.0,6.0,1.0,1.0,1.0,1.0,0.0,0,
Her Private Hell,AMC Kent Station 14,2026-07-22,2026-07-29,ordinary,0,7.0,0.0,6.0,1.0,1.0,1.0,1.0,0.0,0,
Her Private Hell,AMC Oak Tree 6,2026-07-22,2026-07-29,ordinary,0,7.0,0.0,6.0,1.0,1.0,1.0,1.0,0.0,0,
Her Private Hell,AMC Pacific Place 11,2026-07-22,2026-07-29,ordinary,0,7.0,0.0,6.0,1.0,1.0,1.0,1.0,0.0,0,
Her Private Hell,AMC Southcenter 16,2026-07-22,2026-07-29,ordinary,0,7.0,0.0,6.0,1.0,1.0,1.0,1.0,0.0,0,
Her Private Hell,AMC Woodinville 12,2026-07-22,2026-07-29,ordinary,0,7.0,0.0,6.0,1.0,1.0,1.0,1.0,0.0,0,
Hope,AMC Alderwood Mall 16,2026-09-09,2026-09-16,ordinary,1,6.0,1.0,4.0,0.8,0.0,1.0,0.0,0.0,14,2026-09-16
Hope,AMC Kent Station 14,2026-09-09,2026-09-16,ordinary,1,6.0,1.0,4.0,0.8,0.0,1.0,0.0,0.0,15,2026-09-15
Hope,AMC Oak Tree 6,2026-09-09,2026-09-16,ordinary,1,6.0,1.0,4.0,0.8,0.0,1.0,0.0,0.0,7,2026-09-16
Hope,AMC Pacific Place 11,2026-09-10,2026-09-17,ordinary,1,6.0,0.0,0.0,0.0,0.0,0.0,1.0,0.0,13,2026-09-16
Hope,AMC Southcenter 16,2026-09-09,2026-09-16,ordinary,1,6.0,1.0,4.0,0.8,0.0,1.0,0.0,0.0,15,2026-09-16
Hope,AMC Woodinville 12,2026-09-03,2026-09-10,ordinary,1,5.0,4.0,0.0,0.0,0.0,1.0,0.0,0.0,13,2026-09-09
HOPE Premium Early Access,AMC Alderwood Mall 16,2026-08-31,2026-09-07,special_event,0,4.0,0.0,3.0,1.0,1.0,1.0,1.0,0.0,0,
HOPE Premium Early Access,AMC Kent Station 14,2026-08-31,2026-09-07,special_event,0,4.0,0.0,3.0,1.0,1.0,1.0,1.0,0.0,0,
HOPE Premium Early Access,AMC Southcenter 16,2026-08-31,2026-09-07,special_event,0,4.0,0.0,3.0,1.0,1.0,1.0,1.0,0.0,0,
HOPE Premium Early Access,AMC Woodinville 12,2026-08-31,2026-09-07,special_event,0,4.0,0.0,3.0,1.0,1.0,1.0,1.0,0.0,0,
Hot Spot,AMC Alderwood Mall 16,2026-08-19,2026-08-26,ordinary,0,4.0,1.0,2.0,0.6666666666666666,0.0,1.0,0.0,0.0,0,
Hot Spot,AMC Kent Station 14,2026-08-20,2026-08-27,ordinary,0,4.0,0.0,0.0,0.0,0.0,0.0,1.0,0.0,0,
Hot Spot,AMC Southcenter 16,2026-08-19,2026-08-26,ordinary,0,4.0,1.0,2.0,0.6666666666666666,0.0,1.0,0.0,0.0,0,
Hot Spot,AMC Woodinville 12,2026-08-19,2026-08-26,ordinary,1,4.0,1.0,2.0,0.6666666666666666,0.0,1.0,0.0,0.0,1,2026-08-26
House of Worship,AMC Alderwood Mall 16,2026-08-19,2026-08-26,special_event,0,2.0,0.0,1.0,1.0,1.0,1.0,1.0,0.0,0,
House of Worship,AMC Southcenter 16,2026-08-19,2026-08-26,special_event,0,2.0,0.0,1.0,1.0,1.0,1.0,1.0,0.0,0,
How to Train Your Dragon,AMC Alderwood Mall 16,2026-07-01,2026-07-08,ordinary_title_only,0,4.0,0.0,3.0,1.0,1.0,1.0,1.0,0.0,0,
How to Train Your Dragon,AMC Kent Station 14,2026-07-01,2026-07-08,ordinary_title_only,0,4.0,0.0,3.0,1.0,1.0,1.0,1.0,0.0,0,
How to Train Your Dragon,AMC Southcenter 16,2026-07-01,2026-07-08,ordinary_title_only,0,4.0,0.0,3.0,1.0,1.0,1.0,1.0,0.0,0,
How to Train Your Dragon,AMC Woodinville 12,2026-07-01,2026-07-08,ordinary_title_only,0,4.0,0.0,3.0,1.0,1.0,1.0,1.0,0.0,0,
Hushar Pittalu,AMC Alderwood Mall 16,2026-08-14,2026-08-18,ordinary,0,1.0,0.0,0.0,,0.0,1.0,1.0,1.0,0,
I Know Who You Are,AMC Alderwood Mall 16,2026-07-01,2026-07-08,ordinary_title_only,0,2.0,0.0,1.0,1.0,1.0,1.0,1.0,0.0,0,
I Know Who You Are,AMC Pacific Place 11,2026-07-01,2026-07-08,ordinary_title_only,1,2.0,0.0,1.0,1.0,1.0,1.0,1.0,0.0,1,2026-07-08
I Want Your Sex,AMC Alderwood Mall 16,2026-07-29,2026-08-05,ordinary,1,4.0,0.0,3.0,1.0,1.0,1.0,1.0,0.0,1,2026-08-05
I Want Your Sex,AMC Kent Station 14,2026-07-29,2026-08-05,ordinary,1,4.0,0.0,3.0,1.0,1.0,1.0,1.0,0.0,1,2026-08-04
I Want Your Sex,AMC Pacific Place 11,2026-07-29,2026-08-05,ordinary,1,4.0,0.0,3.0,1.0,1.0,1.0,1.0,0.0,1,2026-08-04
I Want Your Sex,AMC Southcenter 16,2026-07-29,2026-08-05,ordinary,0,4.0,0.0,3.0,1.0,1.0,1.0,1.0,0.0,0,
I Want Your Sex,AMC Woodinville 12,2026-09-01,2026-09-07,ordinary,0,1.0,0.0,0.0,,0.0,1.0,1.0,1.0,0,
I'm Game,AMC Southcenter 16,2026-09-03,2026-09-09,ordinary,0,1.0,0.0,0.0,,0.0,1.0,1.0,1.0,0,
Ice Cream Man,AMC Alderwood Mall 16,2026-08-05,2026-08-12,ordinary,1,5.0,0.0,4.0,1.0,1.0,1.0,1.0,0.0,7,2026-08-12
Ice Cream Man,AMC Kent Station 14,2026-08-05,2026-08-12,ordinary,1,5.0,0.0,4.0,1.0,1.0,1.0,1.0,0.0,8,2026-08-11
Ice Cream Man,AMC Pacific Place 11,2026-08-04,2026-08-07,ordinary,1,5.0,4.0,0.0,0.0,0.0,1.0,0.0,0.0,6,2026-08-05
Ice Cream Man,AMC Southcenter 16,2026-08-05,2026-08-12,ordinary,1,5.0,0.0,4.0,1.0,1.0,1.0,1.0,0.0,7,2026-08-12
Ice Cream Man,AMC Woodinville 12,2026-08-05,2026-08-12,ordinary,0,5.0,0.0,4.0,1.0,1.0,1.0,1.0,0.0,0,
Idiots,AMC Alderwood Mall 16,2026-08-26,2026-09-02,ordinary,0,4.0,0.0,3.0,1.0,1.0,1.0,1.0,0.0,0,
Idiots,AMC Kent Station 14,2026-08-26,2026-09-02,ordinary,1,4.0,0.0,3.0,1.0,1.0,1.0,1.0,0.0,1,2026-09-01
Idiots,AMC Southcenter 16,2026-08-26,2026-09-02,ordinary,0,4.0,0.0,3.0,1.0,1.0,1.0,1.0,0.0,0,
Idiots,AMC Woodinville 12,2026-08-26,2026-09-02,ordinary,0,4.0,0.0,3.0,1.0,1.0,1.0,1.0,0.0,0,
Idiots Early Access,AMC Alderwood Mall 16,2026-08-18,2026-08-25,special_event,0,2.0,0.0,1.0,1.0,1.0,1.0,1.0,0.0,0,
Idiots Early Access,AMC Southcenter 16,2026-08-18,2026-08-25,special_event,0,2.0,0.0,1.0,1.0,1.0,1.0,1.0,0.0,0,
If I Go Will They Miss Me,AMC Alderwood Mall 16,2026-09-16,2026-09-23,ordinary,0,3.0,1.0,1.0,0.5,0.0,1.0,0.0,0.0,0,
If I Go Will They Miss Me,AMC Pacific Place 11,2026-09-16,2026-09-23,ordinary,1,3.0,1.0,1.0,0.5,0.0,1.0,0.0,0.0,14,2026-09-22
If I Go Will They Miss Me,AMC Southcenter 16,2026-09-17,2026-09-24,ordinary,1,3.0,0.0,0.0,0.0,0.0,0.0,1.0,0.0,13,2026-09-30
If I Tell You,AMC Alderwood Mall 16,2026-08-20,2026-08-27,ordinary,0,1.0,0.0,0.0,,0.0,1.0,1.0,1.0,0,
Inglaterra vs Argentina - Semifinales - Telemundo presenta la Copa Mundial de la FIFA 2026,AMC Alderwood Mall 16,2026-07-08,2026-07-15,special_event,0,2.0,0.0,1.0,1.0,1.0,1.0,1.0,0.0,0,
Inglaterra vs Argentina - Semifinales - Telemundo presenta la Copa Mundial de la FIFA 2026,AMC Southcenter 16,2026-07-08,2026-07-15,special_event,0,2.0,0.0,1.0,1.0,1.0,1.0,1.0,0.0,0,
Inglaterra vs RD del Congo - Telemundo presenta la Copa Mundial de la FIFA 2026,AMC Southcenter 16,2026-06-29,2026-07-01,special_event_title_only,0,1.0,0.0,0.0,,0.0,1.0,1.0,1.0,0,
Insidious: Out of the Further,AMC Alderwood Mall 16,2026-08-27,2026-09-03,ordinary,1,7.0,0.0,2.0,0.3333333333333333,0.0,0.0,1.0,0.0,20,2026-09-02
Insidious: Out of the Further,AMC Factoria 8,2026-08-27,2026-09-03,ordinary,1,7.0,0.0,2.0,0.3333333333333333,0.0,0.0,1.0,0.0,7,2026-09-01
Insidious: Out of the Further,AMC Kent Station 14,2026-08-26,2026-09-02,ordinary,1,7.0,3.0,3.0,0.5,0.0,1.0,0.0,0.0,22,2026-09-01
Insidious: Out of the Further,AMC Oak Tree 6,2026-08-26,2026-09-02,ordinary,0,7.0,3.0,3.0,0.5,0.0,1.0,0.0,0.0,0,
Insidious: Out of the Further,AMC Pacific Place 11,2026-08-27,2026-09-03,ordinary,0,7.0,0.0,2.0,0.3333333333333333,0.0,0.0,1.0,0.0,0,
Insidious: Out of the Further,AMC Southcenter 16,2026-08-19,2026-08-26,ordinary,1,7.0,6.0,0.0,0.0,0.0,1.0,0.0,0.0,28,2026-08-25
Insidious: Out of the Further,AMC Woodinville 12,2026-08-26,2026-09-02,ordinary,1,7.0,3.0,3.0,0.5,0.0,1.0,0.0,0.0,15,2026-09-01
Irumudi,AMC Alderwood Mall 16,2026-08-19,2026-08-26,ordinary,0,1.0,0.0,0.0,,0.0,1.0,1.0,1.0,0,
Irumudi,AMC Southcenter 16,2026-08-25,2026-08-28,ordinary,1,2.0,0.0,0.0,0.0,0.0,0.0,1.0,0.0,5,2026-08-26
It Ends,AMC Alderwood Mall 16,2026-08-26,2026-09-02,ordinary,0,5.0,0.0,4.0,1.0,1.0,1.0,1.0,0.0,0,
It Ends,AMC Kent Station 14,2026-08-26,2026-09-02,ordinary,1,5.0,0.0,4.0,1.0,1.0,1.0,1.0,0.0,1,2026-09-01
It Ends,AMC Pacific Place 11,2026-08-25,2026-08-28,ordinary,1,3.0,1.0,1.0,0.5,0.0,1.0,0.0,0.0,6,2026-08-26
It Ends,AMC Southcenter 16,2026-08-25,2026-08-28,ordinary,1,3.0,1.0,1.0,0.5,0.0,1.0,0.0,0.0,5,2026-08-26
It Ends,AMC Woodinville 12,2026-08-26,2026-09-02,ordinary,1,5.0,0.0,4.0,1.0,1.0,1.0,1.0,0.0,1,2026-09-01
Jackass: Best and Last,AMC Alderwood Mall 16,2026-06-29,2026-06-30,ordinary_title_only,0,7.0,1.0,5.0,0.8333333333333334,0.0,1.0,0.0,0.0,0,
Jackass: Best and Last,AMC Alderwood Mall 16,2026-06-29,2026-07-02,ordinary,1,7.0,0.0,4.0,0.6666666666666666,0.0,0.0,1.0,0.0,13,2026-07-01
Jackass: Best and Last,AMC Factoria 8,2026-06-29,2026-06-30,ordinary_title_only,0,7.0,1.0,5.0,0.8333333333333334,0.0,1.0,0.0,0.0,0,
Jackass: Best and Last,AMC Factoria 8,2026-06-29,2026-07-02,ordinary,1,7.0,0.0,4.0,0.6666666666666666,0.0,0.0,1.0,0.0,7,2026-06-30
Jackass: Best and Last,AMC Kent Station 14,2026-06-29,2026-06-30,ordinary_title_only,0,7.0,1.0,5.0,0.8333333333333334,0.0,1.0,0.0,0.0,0,
Jackass: Best and Last,AMC Kent Station 14,2026-06-29,2026-07-02,ordinary,1,7.0,0.0,4.0,0.6666666666666666,0.0,0.0,1.0,0.0,14,2026-06-30
Jackass: Best and Last,AMC Oak Tree 6,2026-06-29,2026-07-02,ordinary_title_only,0,7.0,0.0,0.0,0.0,0.0,0.0,1.0,0.0,0,
Jackass: Best and Last,AMC Oak Tree 6,2026-06-29,2026-07-02,ordinary,1,7.0,0.0,4.0,0.6666666666666666,0.0,0.0,1.0,0.0,6,2026-07-01
Jackass: Best and Last,AMC Pacific Place 11,2026-06-29,2026-06-30,ordinary_title_only,0,7.0,1.0,5.0,0.8333333333333334,0.0,1.0,0.0,0.0,0,
Jackass: Best and Last,AMC Pacific Place 11,2026-06-29,2026-07-02,ordinary,1,7.0,0.0,4.0,0.6666666666666666,0.0,0.0,1.0,0.0,7,2026-06-30
Jackass: Best and Last,AMC Southcenter 16,2026-06-29,2026-06-30,ordinary_title_only,0,7.0,1.0,5.0,0.8333333333333334,0.0,1.0,0.0,0.0,0,
Jackass: Best and Last,AMC Southcenter 16,2026-06-29,2026-07-01,ordinary,1,7.0,5.0,1.0,0.16666666666666666,0.0,1.0,0.0,0.0,8,2026-07-01
Jackass: Best and Last,AMC Woodinville 12,2026-06-29,2026-06-30,ordinary_title_only,0,7.0,1.0,5.0,0.8333333333333334,0.0,1.0,0.0,0.0,0,
Jackass: Best and Last,AMC Woodinville 12,2026-06-29,2026-07-01,ordinary,1,7.0,5.0,1.0,0.16666666666666666,0.0,1.0,0.0,0.0,8,2026-06-30
Jana Nayagan,AMC Alderwood Mall 16,2026-07-22,2026-07-29,ordinary,0,2.0,0.0,0.0,0.0,0.0,0.0,1.0,0.0,0,
Jana Nayagan,AMC Factoria 8,2026-07-18,2026-07-22,ordinary,1,1.0,0.0,0.0,,0.0,1.0,1.0,1.0,1,2026-07-23
Juan Gabriel: Mi Primer Bellas Artes,AMC Alderwood Mall 16,2026-09-08,2026-09-15,special_event,1,3.0,0.0,2.0,1.0,1.0,1.0,1.0,0.0,1,2026-09-09
Juan Gabriel: Mi Primer Bellas Artes,AMC Kent Station 14,2026-09-08,2026-09-15,special_event,1,3.0,0.0,2.0,1.0,1.0,1.0,1.0,0.0,1,2026-09-12
Juan Gabriel: Mi Primer Bellas Artes,AMC Southcenter 16,2026-09-08,2026-09-15,special_event,1,3.0,0.0,2.0,1.0,1.0,1.0,1.0,0.0,1,2026-09-09
KATSEYE: WILD HEARTS,AMC Alderwood Mall 16,2026-08-09,2026-08-16,special_event,1,3.0,0.0,2.0,1.0,1.0,1.0,1.0,0.0,7,2026-08-19
KATSEYE: WILD HEARTS,AMC Kent Station 14,2026-08-09,2026-08-16,special_event,0,3.0,0.0,2.0,1.0,1.0,1.0,1.0,0.0,0,
KATSEYE: WILD HEARTS,AMC Southcenter 16,2026-08-09,2026-08-16,special_event,0,3.0,0.0,2.0,1.0,1.0,1.0,1.0,0.0,0,
Katy Perry: The Lifetimes Tour - Live From Paris,AMC Alderwood Mall 16,2026-08-26,2026-09-02,special_event,0,3.0,0.0,2.0,1.0,1.0,1.0,1.0,0.0,0,
Katy Perry: The Lifetimes Tour - Live From Paris,AMC Kent Station 14,2026-08-26,2026-09-02,special_event,0,3.0,0.0,2.0,1.0,1.0,1.0,1.0,0.0,0,
Katy Perry: The Lifetimes Tour - Live From Paris,AMC Southcenter 16,2026-08-26,2026-09-02,special_event,0,3.0,0.0,2.0,1.0,1.0,1.0,1.0,0.0,0,
La La Land 10th Anniversary,AMC Alderwood Mall 16,2026-08-15,2026-08-22,rerelease,1,4.0,0.0,0.0,0.0,0.0,0.0,1.0,0.0,4,2026-08-19
La La Land 10th Anniversary,AMC Kent Station 14,2026-08-10,2026-08-17,rerelease,1,4.0,1.0,2.0,0.6666666666666666,0.0,1.0,0.0,0.0,9,2026-08-18
La La Land 10th Anniversary,AMC Southcenter 16,2026-08-10,2026-08-17,rerelease,0,4.0,1.0,2.0,0.6666666666666666,0.0,1.0,0.0,0.0,0,
La La Land 10th Anniversary,AMC Woodinville 12,2026-08-10,2026-08-17,rerelease,1,4.0,1.0,2.0,0.6666666666666666,0.0,1.0,0.0,0.0,10,2026-08-18
Laufey's A Night At The Symphony: Hollywood Bowl,AMC Southcenter 16,2026-08-16,2026-08-23,special_event,0,1.0,0.0,0.0,,0.0,1.0,1.0,1.0,0,
Learning to Fly,AMC Pacific Place 11,2026-08-18,2026-08-21,ordinary,1,1.0,0.0,0.0,,0.0,1.0,1.0,1.0,5,2026-08-19
Legend of the White Dragon,AMC Alderwood Mall 16,2026-08-25,2026-09-01,ordinary,0,3.0,0.0,2.0,1.0,1.0,1.0,1.0,0.0,0,
Legend of the White Dragon,AMC Kent Station 14,2026-08-25,2026-09-01,ordinary,0,3.0,0.0,2.0,1.0,1.0,1.0,1.0,0.0,0,
Legend of the White Dragon,AMC Southcenter 16,2026-08-25,2026-09-01,ordinary,0,3.0,0.0,2.0,1.0,1.0,1.0,1.0,0.0,0,
Leviticus,AMC Alderwood Mall 16,2026-06-29,2026-06-30,ordinary_title_only,0,5.0,1.0,3.0,0.75,0.0,1.0,0.0,0.0,0,
Leviticus,AMC Alderwood Mall 16,2026-06-29,2026-07-01,ordinary,1,2.0,0.0,1.0,1.0,1.0,1.0,1.0,0.0,7,2026-07-01
Leviticus,AMC Kent Station 14,2026-06-29,2026-06-30,ordinary_title_only,0,5.0,1.0,3.0,0.75,0.0,1.0,0.0,0.0,0,
Leviticus,AMC Pacific Place 11,2026-06-29,2026-07-01,ordinary_title_only,0,5.0,0.0,0.0,0.0,0.0,0.0,1.0,0.0,0,
Leviticus,AMC Pacific Place 11,2026-06-29,2026-07-01,ordinary,1,2.0,0.0,1.0,1.0,1.0,1.0,1.0,0.0,15,2026-06-30
Leviticus,AMC Southcenter 16,2026-06-29,2026-06-30,ordinary_title_only,0,5.0,1.0,3.0,0.75,0.0,1.0,0.0,0.0,0,
Leviticus,AMC Southcenter 16,2026-07-01,2026-07-08,ordinary,1,3.0,0.0,2.0,1.0,1.0,1.0,1.0,0.0,8,2026-07-07
Leviticus,AMC Woodinville 12,2026-06-29,2026-06-30,ordinary_title_only,0,5.0,1.0,3.0,0.75,0.0,1.0,0.0,0.0,0,
Lucky Strike,AMC Alderwood Mall 16,2026-06-29,2026-06-30,ordinary_title_only,0,2.0,0.0,1.0,1.0,1.0,1.0,1.0,0.0,0,
Lucky Strike,AMC Southcenter 16,2026-06-29,2026-06-30,ordinary_title_only,0,2.0,0.0,1.0,1.0,1.0,1.0,1.0,0.0,0,
Lucky Strike,AMC Southcenter 16,2026-06-29,2026-07-01,ordinary_title_only,1,1.0,0.0,0.0,,0.0,1.0,1.0,1.0,8,2026-07-01
Madame in Saigon,AMC Pacific Place 11,2026-08-25,2026-08-28,ordinary,1,2.0,0.0,1.0,1.0,1.0,1.0,1.0,0.0,5,2026-08-26
Madame in Saigon,AMC Southcenter 16,2026-08-25,2026-08-28,ordinary,1,2.0,0.0,1.0,1.0,1.0,1.0,1.0,0.0,6,2026-08-26
Maddie's Secret,AMC Pacific Place 11,2026-07-07,2026-07-10,ordinary,1,1.0,0.0,0.0,,0.0,1.0,1.0,1.0,13,2026-07-08
Marruecos vs Francia - Cuartos de Final - Telemundo presenta la Copa Mundial de la FIFA 2026,AMC Alderwood Mall 16,2026-07-02,2026-07-09,special_event_title_only,0,2.0,0.0,1.0,1.0,1.0,1.0,1.0,0.0,0,
Marruecos vs Francia - Cuartos de Final - Telemundo presenta la Copa Mundial de la FIFA 2026,AMC Southcenter 16,2026-07-02,2026-07-09,special_event_title_only,0,2.0,0.0,1.0,1.0,1.0,1.0,1.0,0.0,0,
Masters of the Universe,AMC Alderwood Mall 16,2026-06-29,2026-06-30,ordinary_title_only,0,4.0,0.0,3.0,1.0,1.0,1.0,1.0,0.0,0,
Masters of the Universe,AMC Alderwood Mall 16,2026-06-29,2026-07-01,ordinary_title_only,1,1.0,0.0,0.0,,0.0,1.0,1.0,1.0,7,2026-07-01
Masters of the Universe,AMC Kent Station 14,2026-06-29,2026-06-30,ordinary_title_only,0,4.0,0.0,3.0,1.0,1.0,1.0,1.0,0.0,0,
Masters of the Universe,AMC Kent Station 14,2026-07-01,2026-07-08,ordinary_title_only,1,4.0,0.0,3.0,1.0,1.0,1.0,1.0,0.0,1,2026-07-07
Masters of the Universe,AMC Southcenter 16,2026-06-29,2026-06-30,ordinary_title_only,0,4.0,0.0,3.0,1.0,1.0,1.0,1.0,0.0,0,
Masters of the Universe,AMC Southcenter 16,2026-07-01,2026-07-08,ordinary_title_only,1,4.0,0.0,3.0,1.0,1.0,1.0,1.0,0.0,1,2026-07-07
Masters of the Universe,AMC Woodinville 12,2026-06-29,2026-06-30,ordinary_title_only,0,4.0,0.0,3.0,1.0,1.0,1.0,1.0,0.0,0,
Masters of the Universe,AMC Woodinville 12,2026-07-01,2026-07-08,ordinary_title_only,1,4.0,0.0,3.0,1.0,1.0,1.0,1.0,0.0,1,2026-07-07
MET Summer Encore: Aida (2026),AMC Kent Station 14,2026-07-29,2026-08-05,special_event,0,3.0,0.0,2.0,1.0,1.0,1.0,1.0,0.0,0,
MET Summer Encore: Aida (2026),AMC Oak Tree 6,2026-07-29,2026-08-05,special_event,0,3.0,0.0,2.0,1.0,1.0,1.0,1.0,0.0,0,
MET Summer Encore: Aida (2026),AMC Pacific Place 11,2026-07-29,2026-08-05,special_event,0,3.0,0.0,2.0,1.0,1.0,1.0,1.0,0.0,0,
Met Summer Encore: The Merry Widow (2026),AMC Kent Station 14,2026-07-15,2026-07-22,special_event,0,3.0,0.0,2.0,1.0,1.0,1.0,1.0,0.0,0,
Met Summer Encore: The Merry Widow (2026),AMC Oak Tree 6,2026-07-15,2026-07-22,special_event,0,3.0,0.0,2.0,1.0,1.0,1.0,1.0,0.0,0,
Met Summer Encore: The Merry Widow (2026),AMC Pacific Place 11,2026-07-15,2026-07-22,special_event,0,3.0,0.0,2.0,1.0,1.0,1.0,1.0,0.0,0,
Mighty Mary,AMC Pacific Place 11,2026-09-09,2026-09-16,ordinary,1,1.0,0.0,0.0,,0.0,1.0,1.0,1.0,7,2026-09-16
Minions & Monsters,AMC Alderwood Mall 16,2026-07-08,2026-07-15,ordinary,1,7.0,4.0,2.0,0.3333333333333333,0.0,1.0,0.0,0.0,43,2026-07-15
Minions & Monsters,AMC Alderwood Mall 16,2026-07-02,2026-07-09,ordinary_title_only,0,5.0,0.0,0.0,0.0,0.0,0.0,1.0,0.0,0,
Minions & Monsters,AMC Factoria 8,2026-07-09,2026-07-16,ordinary,1,7.0,0.0,3.0,0.5,0.0,0.0,1.0,0.0,28,2026-07-14
Minions & Monsters,AMC Kent Station 14,2026-06-29,2026-07-01,ordinary_title_only,0,6.0,5.0,0.0,0.0,0.0,1.0,0.0,0.0,0,
Minions & Monsters,AMC Kent Station 14,2026-07-08,2026-07-15,ordinary,1,7.0,4.0,2.0,0.3333333333333333,0.0,1.0,0.0,0.0,29,2026-07-14
Minions & Monsters,AMC Kent Station 14,2026-07-07,2026-07-11,other,0,2.0,0.0,1.0,1.0,1.0,1.0,1.0,0.0,0,
Minions & Monsters,AMC Oak Tree 6,2026-07-08,2026-07-15,ordinary,1,7.0,4.0,2.0,0.3333333333333333,0.0,1.0,0.0,0.0,22,2026-07-14
Minions & Monsters,AMC Oak Tree 6,2026-07-01,2026-07-08,ordinary_title_only,0,6.0,1.0,1.0,0.2,0.0,0.0,0.0,0.0,0,
Minions & Monsters,AMC Pacific Place 11,2026-07-09,2026-07-16,ordinary,1,7.0,0.0,3.0,0.5,0.0,0.0,1.0,0.0,21,2026-07-14
Minions & Monsters,AMC Pacific Place 11,2026-07-01,2026-07-08,ordinary_title_only,0,6.0,1.0,1.0,0.2,0.0,0.0,0.0,0.0,0,
Minions & Monsters,AMC Southcenter 16,2026-07-09,2026-07-16,ordinary,1,7.0,0.0,3.0,0.5,0.0,0.0,1.0,0.0,48,2026-07-15
Minions & Monsters,AMC Southcenter 16,2026-06-30,2026-07-07,ordinary_title_only,0,6.0,3.0,0.0,0.0,0.0,0.0,0.0,0.0,0,
Minions & Monsters,AMC Woodinville 12,2026-07-09,2026-07-16,ordinary,1,7.0,0.0,3.0,0.5,0.0,0.0,1.0,0.0,21,2026-07-15
Minions & Monsters,AMC Woodinville 12,2026-06-29,2026-07-06,ordinary_title_only,0,6.0,4.0,0.0,0.0,0.0,0.0,0.0,0.0,0,
Minions & Monsters,AMC Woodinville 12,2026-07-04,2026-07-11,other,0,1.0,0.0,0.0,,0.0,1.0,1.0,1.0,0,
Mirzapur,AMC Southcenter 16,2026-09-02,2026-09-09,ordinary,1,1.0,0.0,0.0,,0.0,1.0,1.0,1.0,7,2026-09-09
MOANA,AMC Alderwood Mall 16,2026-07-02,2026-07-09,special_event_title_only,0,2.0,0.0,1.0,1.0,1.0,1.0,1.0,0.0,0,
Moana,AMC Alderwood Mall 16,2026-07-16,2026-07-23,ordinary,1,7.0,0.0,4.0,0.6666666666666666,0.0,0.0,1.0,0.0,21,2026-07-22
Moana,AMC Factoria 8,2026-07-16,2026-07-23,ordinary,1,7.0,0.0,4.0,0.6666666666666666,0.0,0.0,1.0,0.0,6,2026-07-21
Moana,AMC Kent Station 14,2026-07-16,2026-07-23,ordinary,1,7.0,0.0,4.0,0.6666666666666666,0.0,0.0,1.0,0.0,20,2026-07-21
Moana,AMC Oak Tree 6,2026-07-15,2026-07-22,ordinary,0,7.0,5.0,1.0,0.16666666666666666,0.0,1.0,0.0,0.0,0,
Moana,AMC Pacific Place 11,2026-07-09,2026-07-16,ordinary,1,7.0,6.0,0.0,0.0,0.0,1.0,0.0,0.0,7,2026-07-14
MOANA,AMC Southcenter 16,2026-07-02,2026-07-09,special_event_title_only,0,2.0,0.0,1.0,1.0,1.0,1.0,1.0,0.0,0,
Moana,AMC Southcenter 16,2026-07-16,2026-07-23,ordinary,1,7.0,0.0,4.0,0.6666666666666666,0.0,0.0,1.0,0.0,21,2026-07-21
Moana,AMC Woodinville 12,2026-07-16,2026-07-23,ordinary,1,7.0,0.0,4.0,0.6666666666666666,0.0,0.0,1.0,0.0,14,2026-07-21
Moana: Sensory Friendly Screening,AMC Kent Station 14,2026-07-21,2026-07-25,accessibility_presentation,0,2.0,0.0,1.0,1.0,1.0,1.0,1.0,0.0,0,
Moana: Sensory Friendly Screening,AMC Woodinville 12,2026-07-18,2026-07-25,accessibility_presentation,0,1.0,0.0,0.0,,0.0,1.0,1.0,1.0,0,
Mob Psycho 100 Celebrates Its 10th Anniversary,AMC Alderwood Mall 16,2026-07-13,2026-07-20,rerelease,0,2.0,0.0,1.0,1.0,1.0,1.0,1.0,0.0,0,
Mob Psycho 100 Celebrates Its 10th Anniversary,AMC Southcenter 16,2026-07-13,2026-07-20,rerelease,0,2.0,0.0,1.0,1.0,1.0,1.0,1.0,0.0,0,
Motor City,AMC Alderwood Mall 16,2026-07-22,2026-07-29,ordinary,1,5.0,0.0,4.0,1.0,1.0,1.0,1.0,0.0,8,2026-07-28
Motor City,AMC Kent Station 14,2026-07-22,2026-07-29,ordinary,0,5.0,0.0,4.0,1.0,1.0,1.0,1.0,0.0,0,
Motor City,AMC Pacific Place 11,2026-07-21,2026-07-24,ordinary,1,5.0,4.0,0.0,0.0,0.0,1.0,0.0,0.0,5,2026-07-22
Motor City,AMC Southcenter 16,2026-07-22,2026-07-29,ordinary,1,5.0,0.0,4.0,1.0,1.0,1.0,1.0,0.0,7,2026-07-29
Motor City,AMC Woodinville 12,2026-07-22,2026-07-29,ordinary,0,5.0,0.0,4.0,1.0,1.0,1.0,1.0,0.0,0,
Mr. Hero,AMC Southcenter 16,2026-08-05,2026-08-12,ordinary,1,1.0,0.0,0.0,,0.0,1.0,1.0,1.0,1,2026-08-12
MST3K: The RiffTrax Experiments - Sting of Death,AMC Alderwood Mall 16,2026-09-06,2026-09-13,special_event,0,4.0,0.0,3.0,1.0,1.0,1.0,1.0,0.0,0,
MST3K: The RiffTrax Experiments - Sting of Death,AMC Kent Station 14,2026-09-06,2026-09-13,special_event,0,4.0,0.0,3.0,1.0,1.0,1.0,1.0,0.0,0,
MST3K: The RiffTrax Experiments - Sting of Death,AMC Southcenter 16,2026-09-06,2026-09-13,special_event,0,4.0,0.0,3.0,1.0,1.0,1.0,1.0,0.0,0,
MST3K: The RiffTrax Experiments - Sting of Death,AMC Woodinville 12,2026-09-06,2026-09-13,special_event,0,4.0,0.0,3.0,1.0,1.0,1.0,1.0,0.0,0,
Muppet Treasure Island,AMC Alderwood Mall 16,2026-08-05,2026-08-12,ordinary,0,4.0,0.0,3.0,1.0,1.0,1.0,1.0,0.0,0,
Muppet Treasure Island,AMC Kent Station 14,2026-08-05,2026-08-12,ordinary,0,4.0,0.0,3.0,1.0,1.0,1.0,1.0,0.0,0,
Muppet Treasure Island,AMC Southcenter 16,2026-08-05,2026-08-12,ordinary,0,4.0,0.0,3.0,1.0,1.0,1.0,1.0,0.0,0,
Muppet Treasure Island,AMC Woodinville 12,2026-08-05,2026-08-12,ordinary,0,4.0,0.0,3.0,1.0,1.0,1.0,1.0,0.0,0,
Mutiny,AMC Alderwood Mall 16,2026-08-19,2026-08-26,ordinary,1,7.0,3.0,3.0,0.5,0.0,1.0,0.0,0.0,13,2026-08-26
Mutiny,AMC Factoria 8,2026-08-20,2026-08-27,ordinary,1,7.0,1.0,1.0,0.16666666666666666,0.0,0.0,0.0,0.0,7,2026-08-25
Mutiny,AMC Kent Station 14,2026-08-26,2026-09-02,ordinary,1,7.0,0.0,6.0,1.0,1.0,1.0,1.0,0.0,6,2026-09-01
Mutiny,AMC Oak Tree 6,2026-08-18,2026-08-20,ordinary,1,7.0,6.0,0.0,0.0,0.0,1.0,0.0,0.0,13,2026-08-19
Mutiny,AMC Pacific Place 11,2026-08-20,2026-08-27,ordinary,1,7.0,1.0,1.0,0.16666666666666666,0.0,0.0,0.0,0.0,7,2026-08-25
Mutiny,AMC Southcenter 16,2026-08-19,2026-08-26,ordinary,1,7.0,3.0,3.0,0.5,0.0,1.0,0.0,0.0,13,2026-08-25
Mutiny,AMC Woodinville 12,2026-08-19,2026-08-26,ordinary,1,7.0,3.0,3.0,0.5,0.0,1.0,0.0,0.0,7,2026-08-26
My Neighbor Totoro - Studio Ghibli Fest 2026,AMC Alderwood Mall 16,2026-07-08,2026-07-15,special_event,0,4.0,0.0,3.0,1.0,1.0,1.0,1.0,0.0,0,
My Neighbor Totoro - Studio Ghibli Fest 2026,AMC Kent Station 14,2026-07-08,2026-07-15,special_event,0,4.0,0.0,3.0,1.0,1.0,1.0,1.0,0.0,0,
My Neighbor Totoro - Studio Ghibli Fest 2026,AMC Southcenter 16,2026-07-08,2026-07-15,special_event,0,4.0,0.0,3.0,1.0,1.0,1.0,1.0,0.0,0,
My Neighbor Totoro - Studio Ghibli Fest 2026,AMC Woodinville 12,2026-07-08,2026-07-15,special_event,0,4.0,0.0,3.0,1.0,1.0,1.0,1.0,0.0,0,
Namaslay,AMC Southcenter 16,2026-08-12,2026-08-19,ordinary,0,1.0,0.0,0.0,,0.0,1.0,1.0,1.0,0,
NCT 127 5TH TOUR `NEO CITY : SEOUL - THE REDLINE' in CINEMAS,AMC Alderwood Mall 16,2026-09-13,2026-09-20,special_event,0,1.0,0.0,0.0,,0.0,1.0,1.0,1.0,0,
Never Stop Chasing,AMC Alderwood Mall 16,2026-08-19,2026-08-26,ordinary,1,2.0,0.0,1.0,1.0,1.0,1.0,1.0,0.0,1,2026-08-26
Never Stop Chasing,AMC Southcenter 16,2026-08-19,2026-08-26,ordinary,0,2.0,0.0,1.0,1.0,1.0,1.0,1.0,0.0,0,
Night Nurse,AMC Kent Station 14,2026-07-08,2026-07-15,ordinary,1,2.0,0.0,1.0,1.0,1.0,1.0,1.0,0.0,1,2026-07-14
Night Nurse,AMC Southcenter 16,2026-07-08,2026-07-15,ordinary,0,2.0,0.0,1.0,1.0,1.0,1.0,1.0,0.0,0,
Nimrods,AMC Alderwood Mall 16,2026-08-12,2026-08-19,ordinary,0,5.0,0.0,4.0,1.0,1.0,1.0,1.0,0.0,0,
Nimrods,AMC Kent Station 14,2026-08-12,2026-08-19,ordinary,1,5.0,0.0,4.0,1.0,1.0,1.0,1.0,0.0,1,2026-08-18
Nimrods,AMC Pacific Place 11,2026-08-11,2026-08-15,ordinary,1,5.0,4.0,0.0,0.0,0.0,1.0,0.0,0.0,5,2026-08-12
Nimrods,AMC Southcenter 16,2026-08-12,2026-08-19,ordinary,0,5.0,0.0,4.0,1.0,1.0,1.0,1.0,0.0,0,
Nimrods,AMC Woodinville 12,2026-08-12,2026-08-19,ordinary,0,5.0,0.0,4.0,1.0,1.0,1.0,1.0,0.0,0,
Nimrods Early Access – Green Day Intro + Bonus Performance,AMC Alderwood Mall 16,2026-08-04,2026-08-11,special_event,0,4.0,0.0,3.0,1.0,1.0,1.0,1.0,0.0,0,
Nimrods Early Access – Green Day Intro + Bonus Performance,AMC Kent Station 14,2026-08-04,2026-08-11,special_event,0,4.0,0.0,3.0,1.0,1.0,1.0,1.0,0.0,0,
Nimrods Early Access – Green Day Intro + Bonus Performance,AMC Southcenter 16,2026-08-04,2026-08-11,special_event,0,4.0,0.0,3.0,1.0,1.0,1.0,1.0,0.0,0,
Nimrods Early Access – Green Day Intro + Bonus Performance,AMC Woodinville 12,2026-08-04,2026-08-11,special_event,0,4.0,0.0,3.0,1.0,1.0,1.0,1.0,0.0,0,
"NO LIMBS, NO LIMITS: The NickV Story",AMC Alderwood Mall 16,2026-09-20,2026-09-27,special_event,0,1.0,0.0,0.0,,0.0,1.0,1.0,1.0,0,
Noruega vs Inglaterra - Cuartos de Final - Telemundo presenta la Copa Mundial de la FIFA 2026,AMC Alderwood Mall 16,2026-07-04,2026-07-11,special_event_title_only,0,2.0,0.0,1.0,1.0,1.0,1.0,1.0,0.0,0,
Noruega vs Inglaterra - Cuartos de Final - Telemundo presenta la Copa Mundial de la FIFA 2026,AMC Southcenter 16,2026-07-04,2026-07-11,special_event_title_only,0,2.0,0.0,1.0,1.0,1.0,1.0,1.0,0.0,0,
Oasis: Don't Look Back in Anger,AMC Alderwood Mall 16,2026-09-10,2026-09-17,ordinary,1,4.0,0.0,0.0,0.0,0.0,0.0,1.0,0.0,6,2026-09-16
Oasis: Don't Look Back in Anger,AMC Kent Station 14,2026-09-09,2026-09-16,ordinary,1,4.0,1.0,2.0,0.6666666666666666,0.0,1.0,0.0,0.0,8,2026-09-15
Oasis: Don't Look Back in Anger,AMC Southcenter 16,2026-09-09,2026-09-16,ordinary,1,4.0,1.0,2.0,0.6666666666666666,0.0,1.0,0.0,0.0,7,2026-09-16
Oasis: Don't Look Back in Anger,AMC Woodinville 12,2026-09-09,2026-09-16,ordinary,1,4.0,1.0,2.0,0.6666666666666666,0.0,1.0,0.0,0.0,7,2026-09-15
Oasis: Don’t Look Back In Anger IMAX Early Access,AMC Alderwood Mall 16,2026-09-02,2026-09-09,special_event,0,3.0,0.0,2.0,1.0,1.0,1.0,1.0,0.0,0,
Oasis: Don’t Look Back In Anger IMAX Early Access,AMC Kent Station 14,2026-09-02,2026-09-09,special_event,0,3.0,0.0,2.0,1.0,1.0,1.0,1.0,0.0,0,
Oasis: Don’t Look Back In Anger IMAX Early Access,AMC Southcenter 16,2026-09-02,2026-09-09,special_event,0,3.0,0.0,2.0,1.0,1.0,1.0,1.0,0.0,0,
Obsession,AMC Alderwood Mall 16,2026-06-29,2026-06-30,ordinary_title_only,0,7.0,1.0,5.0,0.8333333333333334,0.0,1.0,0.0,0.0,0,
Obsession,AMC Alderwood Mall 16,2026-06-29,2026-07-01,ordinary,1,5.0,0.0,4.0,1.0,1.0,1.0,1.0,0.0,35,2026-07-01
Obsession,AMC Factoria 8,2026-06-29,2026-06-30,ordinary_title_only,0,7.0,1.0,5.0,0.8333333333333334,0.0,1.0,0.0,0.0,0,
Obsession,AMC Factoria 8,2026-07-01,2026-07-08,ordinary,1,7.0,0.0,6.0,1.0,1.0,1.0,1.0,0.0,8,2026-07-07
Obsession,AMC Kent Station 14,2026-06-29,2026-06-30,ordinary_title_only,0,7.0,1.0,5.0,0.8333333333333334,0.0,1.0,0.0,0.0,0,
Obsession,AMC Kent Station 14,2026-06-29,2026-07-01,ordinary,1,5.0,0.0,4.0,1.0,1.0,1.0,1.0,0.0,28,2026-06-30
Obsession,AMC Oak Tree 6,2026-06-29,2026-06-30,ordinary_title_only,0,7.0,1.0,5.0,0.8333333333333334,0.0,1.0,0.0,0.0,0,
Obsession,AMC Oak Tree 6,2026-06-30,2026-07-02,ordinary,1,7.0,4.0,0.0,0.0,0.0,0.0,0.0,0.0,7,2026-07-01
Obsession,AMC Pacific Place 11,2026-06-29,2026-06-30,ordinary_title_only,0,7.0,1.0,5.0,0.8333333333333334,0.0,1.0,0.0,0.0,0,
Obsession,AMC Pacific Place 11,2026-06-29,2026-07-01,ordinary,1,5.0,0.0,4.0,1.0,1.0,1.0,1.0,0.0,28,2026-06-30
Obsession,AMC Southcenter 16,2026-06-29,2026-07-01,ordinary_title_only,0,7.0,0.0,0.0,0.0,0.0,0.0,1.0,0.0,0,
Obsession,AMC Southcenter 16,2026-06-29,2026-07-01,ordinary,1,5.0,0.0,4.0,1.0,1.0,1.0,1.0,0.0,28,2026-07-01
Obsession,AMC Woodinville 12,2026-06-29,2026-06-30,ordinary_title_only,0,7.0,1.0,5.0,0.8333333333333334,0.0,1.0,0.0,0.0,0,
Obsession,AMC Woodinville 12,2026-06-29,2026-07-01,ordinary,1,5.0,0.0,4.0,1.0,1.0,1.0,1.0,0.0,22,2026-06-30
Octavos de Final - Telemundo presenta la Copa Mundial de la FIFA 2026,AMC Southcenter 16,2026-06-29,2026-07-04,special_event_title_only,0,1.0,0.0,0.0,,0.0,1.0,1.0,1.0,0,
Oh Sukumari,AMC Alderwood Mall 16,2026-07-15,2026-07-22,ordinary,0,2.0,0.0,1.0,1.0,1.0,1.0,1.0,0.0,0,
Oh Sukumari,AMC Pacific Place 11,2026-07-14,2026-07-20,ordinary,1,1.0,0.0,0.0,,0.0,1.0,1.0,1.0,3,2026-07-15
One Night Only,AMC Alderwood Mall 16,2026-08-05,2026-08-12,ambiguous_special,1,7.0,2.0,4.0,0.6666666666666666,0.0,1.0,0.0,0.0,7,2026-08-12
One Night Only,AMC Factoria 8,2026-08-06,2026-08-13,ambiguous_special,1,7.0,0.0,1.0,0.16666666666666666,0.0,0.0,1.0,0.0,7,2026-08-11
One Night Only,AMC Kent Station 14,2026-08-05,2026-08-12,ambiguous_special,1,7.0,2.0,4.0,0.6666666666666666,0.0,1.0,0.0,0.0,15,2026-08-11
One Night Only,AMC Oak Tree 6,2026-08-05,2026-08-12,ambiguous_special,1,7.0,2.0,4.0,0.6666666666666666,0.0,1.0,0.0,0.0,7,2026-08-11
One Night Only,AMC Pacific Place 11,2026-08-06,2026-08-13,ambiguous_special,1,7.0,0.0,1.0,0.16666666666666666,0.0,0.0,1.0,0.0,7,2026-08-11
One Night Only,AMC Southcenter 16,2026-08-05,2026-08-12,ambiguous_special,1,7.0,2.0,4.0,0.6666666666666666,0.0,1.0,0.0,0.0,7,2026-08-12
One Night Only,AMC Woodinville 12,2026-08-05,2026-08-12,ambiguous_special,1,7.0,2.0,4.0,0.6666666666666666,0.0,1.0,0.0,0.0,14,2026-08-11
Only Yesterday 35th Anniversary - Studio Ghibli Fest 2026,AMC Alderwood Mall 16,2026-08-04,2026-08-11,rerelease,0,4.0,0.0,3.0,1.0,1.0,1.0,1.0,0.0,0,
Only Yesterday 35th Anniversary - Studio Ghibli Fest 2026,AMC Kent Station 14,2026-08-04,2026-08-11,rerelease,0,4.0,0.0,3.0,1.0,1.0,1.0,1.0,0.0,0,
Only Yesterday 35th Anniversary - Studio Ghibli Fest 2026,AMC Southcenter 16,2026-08-04,2026-08-11,rerelease,0,4.0,0.0,3.0,1.0,1.0,1.0,1.0,0.0,0,
Only Yesterday 35th Anniversary - Studio Ghibli Fest 2026,AMC Woodinville 12,2026-08-04,2026-08-11,rerelease,0,4.0,0.0,3.0,1.0,1.0,1.0,1.0,0.0,0,
Onslaught,AMC Alderwood Mall 16,2026-09-02,2026-09-09,ordinary,1,5.0,2.0,2.0,0.5,0.0,1.0,0.0,0.0,7,2026-09-09
Onslaught,AMC Kent Station 14,2026-09-03,2026-09-10,ordinary,1,5.0,0.0,1.0,0.25,0.0,0.0,1.0,0.0,7,2026-09-09
Onslaught,AMC Pacific Place 11,2026-09-03,2026-09-10,ordinary,1,5.0,0.0,1.0,0.25,0.0,0.0,1.0,0.0,6,2026-09-09
Onslaught,AMC Southcenter 16,2026-09-02,2026-09-09,ordinary,1,5.0,2.0,2.0,0.5,0.0,1.0,0.0,0.0,7,2026-09-09
Onslaught,AMC Woodinville 12,2026-09-02,2026-09-09,ordinary,1,5.0,2.0,2.0,0.5,0.0,1.0,0.0,0.0,8,2026-09-09
Panchali Pancha Bhartruka,AMC Alderwood Mall 16,2026-08-14,2026-08-19,ordinary,0,1.0,0.0,0.0,,0.0,1.0,1.0,1.0,0,
Paper Flowers,AMC Alderwood Mall 16,2026-08-19,2026-08-26,ordinary,0,2.0,0.0,1.0,1.0,1.0,1.0,1.0,0.0,0,
Paper Flowers,AMC Pacific Place 11,2026-08-18,2026-08-21,ordinary,1,2.0,1.0,0.0,0.0,0.0,1.0,0.0,0.0,5,2026-08-19
Paraguay vs Francia - Octavos de Final - Telemundo presenta la Copa Mundial de la FIFA 2026,AMC Alderwood Mall 16,2026-06-29,2026-07-04,special_event_title_only,0,2.0,0.0,1.0,1.0,1.0,1.0,1.0,0.0,0,
Paraguay vs Francia - Octavos de Final - Telemundo presenta la Copa Mundial de la FIFA 2026,AMC Southcenter 16,2026-06-29,2026-07-04,special_event_title_only,0,2.0,0.0,1.0,1.0,1.0,1.0,1.0,0.0,0,
PAW Patrol: The Dino Movie,AMC Alderwood Mall 16,2026-08-12,2026-08-19,ordinary,1,7.0,4.0,2.0,0.3333333333333333,0.0,1.0,0.0,0.0,36,2026-08-19
PAW Patrol: The Dino Movie,AMC Factoria 8,2026-08-13,2026-08-20,ordinary,1,7.0,3.0,0.0,0.0,0.0,0.0,0.0,0.0,21,2026-08-18
PAW Patrol: The Dino Movie,AMC Kent Station 14,2026-08-19,2026-08-26,ordinary,1,7.0,0.0,6.0,1.0,1.0,1.0,1.0,0.0,13,2026-08-25
PAW Patrol: The Dino Movie,AMC Oak Tree 6,2026-08-11,2026-08-13,ordinary,1,7.0,6.0,0.0,0.0,0.0,1.0,0.0,0.0,13,2026-08-12
PAW Patrol: The Dino Movie,AMC Pacific Place 11,2026-08-16,2026-08-23,ordinary,1,7.0,2.0,0.0,0.0,0.0,0.0,0.0,0.0,4,2026-08-19
PAW Patrol: The Dino Movie,AMC Southcenter 16,2026-08-19,2026-08-26,ordinary,1,7.0,0.0,6.0,1.0,1.0,1.0,1.0,0.0,21,2026-08-25
PAW Patrol: The Dino Movie,AMC Woodinville 12,2026-08-12,2026-08-19,ordinary,1,7.0,4.0,2.0,0.3333333333333333,0.0,1.0,0.0,0.0,21,2026-08-18
PAW Patrol: The Dino Movie - Early Access,AMC Alderwood Mall 16,2026-08-01,2026-08-08,special_event,0,4.0,0.0,3.0,1.0,1.0,1.0,1.0,0.0,0,
PAW Patrol: The Dino Movie - Early Access,AMC Kent Station 14,2026-08-01,2026-08-08,special_event,0,4.0,0.0,3.0,1.0,1.0,1.0,1.0,0.0,0,
PAW Patrol: The Dino Movie - Early Access,AMC Southcenter 16,2026-08-01,2026-08-08,special_event,0,4.0,0.0,3.0,1.0,1.0,1.0,1.0,0.0,0,
PAW Patrol: The Dino Movie - Early Access,AMC Woodinville 12,2026-08-01,2026-08-08,special_event,0,4.0,0.0,3.0,1.0,1.0,1.0,1.0,0.0,0,
PAW Patrol: The Dino Movie: Sensory Friendly Screening,AMC Kent Station 14,2026-08-18,2026-08-22,accessibility_presentation,0,2.0,0.0,1.0,1.0,1.0,1.0,1.0,0.0,0,
PAW Patrol: The Dino Movie: Sensory Friendly Screening,AMC Woodinville 12,2026-08-15,2026-08-22,accessibility_presentation,0,1.0,0.0,0.0,,0.0,1.0,1.0,1.0,0,
Pinocchio Unstrung,AMC Alderwood Mall 16,2026-07-22,2026-07-29,ordinary,0,3.0,0.0,2.0,1.0,1.0,1.0,1.0,0.0,0,
Pinocchio Unstrung,AMC Kent Station 14,2026-07-22,2026-07-29,ordinary,0,3.0,0.0,2.0,1.0,1.0,1.0,1.0,0.0,0,
Pinocchio Unstrung,AMC Southcenter 16,2026-07-21,2026-07-26,ordinary,1,2.0,1.0,0.0,0.0,0.0,1.0,0.0,0.0,10,2026-07-22
Point Break 35th Anniversary,AMC Alderwood Mall 16,2026-08-12,2026-08-19,special_event,0,3.0,0.0,2.0,1.0,1.0,1.0,1.0,0.0,0,
Point Break 35th Anniversary,AMC Kent Station 14,2026-08-12,2026-08-19,special_event,0,3.0,0.0,2.0,1.0,1.0,1.0,1.0,0.0,0,
Point Break 35th Anniversary,AMC Southcenter 16,2026-08-12,2026-08-19,special_event,0,3.0,0.0,2.0,1.0,1.0,1.0,1.0,0.0,0,
Portugal vs Croacia - Telemundo presenta la Copa Mundial de la FIFA 2026,AMC Alderwood Mall 16,2026-06-29,2026-07-02,special_event_title_only,0,1.0,0.0,0.0,,0.0,1.0,1.0,1.0,0,
Portugal vs Croacia - Telemundo presenta la Copa Mundial de la FIFA 2026,AMC Southcenter 16,2026-06-29,2026-07-02,special_event_title_only,0,1.0,0.0,0.0,,0.0,1.0,1.0,1.0,0,
Practical Magic,AMC Alderwood Mall 16,2026-08-04,2026-08-11,special_event,0,4.0,0.0,3.0,1.0,1.0,1.0,1.0,0.0,0,
Practical Magic,AMC Kent Station 14,2026-08-04,2026-08-11,special_event,0,4.0,0.0,3.0,1.0,1.0,1.0,1.0,0.0,0,
Practical Magic,AMC Pacific Place 11,2026-08-04,2026-08-11,special_event,0,4.0,0.0,3.0,1.0,1.0,1.0,1.0,0.0,0,
Practical Magic,AMC Southcenter 16,2026-08-04,2026-08-11,special_event,0,4.0,0.0,3.0,1.0,1.0,1.0,1.0,0.0,0,
Practical Magic 2,AMC Alderwood Mall 16,2026-09-10,2026-09-17,ordinary,1,7.0,0.0,2.0,0.3333333333333333,0.0,0.0,1.0,0.0,20,2026-09-16
Practical Magic 2,AMC Factoria 8,2026-09-10,2026-09-17,ordinary,1,7.0,0.0,2.0,0.3333333333333333,0.0,0.0,1.0,0.0,14,2026-09-15
Practical Magic 2,AMC Kent Station 14,2026-09-09,2026-09-16,ordinary,1,7.0,3.0,3.0,0.5,0.0,1.0,0.0,0.0,21,2026-09-15
Practical Magic 2,AMC Oak Tree 6,2026-09-09,2026-09-16,ordinary,1,7.0,3.0,3.0,0.5,0.0,1.0,0.0,0.0,15,2026-09-16
Practical Magic 2,AMC Pacific Place 11,2026-09-10,2026-09-17,ordinary,1,7.0,0.0,2.0,0.3333333333333333,0.0,0.0,1.0,0.0,14,2026-09-16
Practical Magic 2,AMC Southcenter 16,2026-09-09,2026-09-16,ordinary,1,7.0,3.0,3.0,0.5,0.0,1.0,0.0,0.0,21,2026-09-16
Practical Magic 2,AMC Woodinville 12,2026-09-09,2026-09-16,ordinary,1,7.0,3.0,3.0,0.5,0.0,1.0,0.0,0.0,21,2026-09-15
Primetime,AMC Alderwood Mall 16,2026-09-23,2026-09-30,ordinary,1,7.0,3.0,3.0,0.5,0.0,1.0,0.0,0.0,7,2026-09-30
Primetime,AMC Factoria 8,2026-09-24,2026-10-01,ordinary,1,7.0,1.0,1.0,0.16666666666666666,0.0,0.0,0.0,0.0,6,2026-09-29
Primetime,AMC Kent Station 14,2026-09-24,2026-10-01,ordinary,1,7.0,1.0,1.0,0.16666666666666666,0.0,0.0,0.0,0.0,6,2026-09-29
Primetime,AMC Oak Tree 6,2026-09-23,2026-09-30,ordinary,1,7.0,3.0,3.0,0.5,0.0,1.0,0.0,0.0,7,2026-09-30
Primetime,AMC Southcenter 16,2026-09-23,2026-09-30,ordinary,1,7.0,3.0,3.0,0.5,0.0,1.0,0.0,0.0,7,2026-09-30
Primetime,AMC Woodinville 12,2026-09-23,2026-09-30,ordinary,1,7.0,3.0,3.0,0.5,0.0,1.0,0.0,0.0,7,2026-09-29
Princess Mononoke - Studio Ghibli Fest 2026,AMC Southcenter 16,2026-09-29,2026-09-29,special_event,0,4.0,3.0,0.0,0.0,0.0,1.0,0.0,0.0,0,
Reading Lolita in Tehran,AMC Alderwood Mall 16,2026-07-22,2026-07-29,ordinary,0,1.0,0.0,0.0,,0.0,1.0,1.0,1.0,0,
Resident Evil,AMC Alderwood Mall 16,2026-09-24,2026-10-01,ordinary,1,7.0,0.0,1.0,0.16666666666666666,0.0,0.0,1.0,0.0,6,2026-09-30
Resident Evil,AMC Factoria 8,2026-09-23,2026-09-30,ordinary,1,7.0,2.0,4.0,0.6666666666666666,0.0,1.0,0.0,0.0,7,2026-09-29
Resident Evil,AMC Kent Station 14,2026-09-23,2026-09-30,ordinary,1,7.0,2.0,4.0,0.6666666666666666,0.0,1.0,0.0,0.0,7,2026-09-29
Resident Evil,AMC Oak Tree 6,2026-09-23,2026-09-30,ordinary,1,7.0,2.0,4.0,0.6666666666666666,0.0,1.0,0.0,0.0,7,2026-09-30
Resident Evil,AMC Pacific Place 11,2026-09-24,2026-10-01,ordinary,1,7.0,0.0,1.0,0.16666666666666666,0.0,0.0,1.0,0.0,6,2026-09-29
Resident Evil,AMC Southcenter 16,2026-09-23,2026-09-30,ordinary,1,7.0,2.0,4.0,0.6666666666666666,0.0,1.0,0.0,0.0,7,2026-09-27
Resident Evil,AMC Woodinville 12,2026-09-23,2026-09-30,ordinary,1,7.0,2.0,4.0,0.6666666666666666,0.0,1.0,0.0,0.0,7,2026-09-29
Runner,AMC Alderwood Mall 16,2026-09-09,2026-09-16,ordinary,1,5.0,1.0,3.0,0.75,0.0,1.0,0.0,0.0,14,2026-09-16
Runner,AMC Factoria 8,2026-09-17,2026-09-24,ordinary,0,6.0,0.0,0.0,0.0,0.0,0.0,1.0,0.0,0,
Runner,AMC Kent Station 14,2026-09-09,2026-09-16,ordinary,1,5.0,1.0,3.0,0.75,0.0,1.0,0.0,0.0,15,2026-09-15
Runner,AMC Pacific Place 11,2026-09-16,2026-09-23,ordinary,0,6.0,1.0,4.0,0.8,0.0,1.0,0.0,0.0,0,
Runner,AMC Southcenter 16,2026-09-09,2026-09-16,ordinary,1,5.0,1.0,3.0,0.75,0.0,1.0,0.0,0.0,14,2026-09-16
Runner,AMC Woodinville 12,2026-09-09,2026-09-16,ordinary,1,5.0,1.0,3.0,0.75,0.0,1.0,0.0,0.0,14,2026-09-15
Sahaa,AMC Alderwood Mall 16,2026-09-02,2026-09-09,ordinary,0,1.0,0.0,0.0,,0.0,1.0,1.0,1.0,0,
Sara Bareilles: Good Grief,AMC Alderwood Mall 16,2026-08-26,2026-09-02,special_event,0,3.0,0.0,2.0,1.0,1.0,1.0,1.0,0.0,0,
Sara Bareilles: Good Grief,AMC Pacific Place 11,2026-08-26,2026-09-02,special_event,0,3.0,0.0,2.0,1.0,1.0,1.0,1.0,0.0,0,
Sara Bareilles: Good Grief,AMC Southcenter 16,2026-08-26,2026-09-02,special_event,0,3.0,0.0,2.0,1.0,1.0,1.0,1.0,0.0,0,
Sardar 2,AMC Alderwood Mall 16,2026-09-09,2026-09-16,ordinary,0,1.0,0.0,0.0,,0.0,1.0,1.0,1.0,0,
Scary Movie,AMC Alderwood Mall 16,2026-06-29,2026-06-30,ordinary_title_only,0,3.0,1.0,1.0,0.5,0.0,1.0,0.0,0.0,0,
Scary Movie,AMC Alderwood Mall 16,2026-07-01,2026-07-08,ordinary,0,3.0,0.0,2.0,1.0,1.0,1.0,1.0,0.0,0,
Scary Movie,AMC Kent Station 14,2026-06-29,2026-07-01,ordinary_title_only,0,3.0,0.0,0.0,0.0,0.0,0.0,1.0,0.0,0,
Scary Movie,AMC Kent Station 14,2026-07-01,2026-07-08,ordinary,1,3.0,0.0,2.0,1.0,1.0,1.0,1.0,0.0,1,2026-07-07
Scary Movie,AMC Southcenter 16,2026-06-29,2026-06-30,ordinary_title_only,0,3.0,1.0,1.0,0.5,0.0,1.0,0.0,0.0,0,
Scary Movie,AMC Southcenter 16,2026-06-29,2026-07-01,ordinary,1,1.0,0.0,0.0,,0.0,1.0,1.0,1.0,14,2026-07-01
Shaun the Sheep: The Beast of Mossy Bottom,AMC Alderwood Mall 16,2026-09-16,2026-09-23,ordinary,1,5.0,0.0,4.0,1.0,1.0,1.0,1.0,0.0,11,2026-09-23
Shaun the Sheep: The Beast of Mossy Bottom,AMC Factoria 8,2026-09-16,2026-09-23,ordinary,1,5.0,0.0,4.0,1.0,1.0,1.0,1.0,0.0,1,2026-09-22
Shaun the Sheep: The Beast of Mossy Bottom,AMC Kent Station 14,2026-09-16,2026-09-23,ordinary,1,5.0,0.0,4.0,1.0,1.0,1.0,1.0,0.0,1,2026-09-22
Shaun the Sheep: The Beast of Mossy Bottom,AMC Southcenter 16,2026-09-16,2026-09-23,ordinary,1,5.0,0.0,4.0,1.0,1.0,1.0,1.0,0.0,7,2026-09-23
Shaun the Sheep: The Beast of Mossy Bottom,AMC Woodinville 12,2026-09-16,2026-09-23,ordinary,0,5.0,0.0,4.0,1.0,1.0,1.0,1.0,0.0,0,
Sheep in the Box,AMC Alderwood Mall 16,2026-08-05,2026-08-12,ordinary,0,3.0,0.0,2.0,1.0,1.0,1.0,1.0,0.0,0,
Sheep in the Box,AMC Pacific Place 11,2026-08-05,2026-08-12,ordinary,1,3.0,0.0,2.0,1.0,1.0,1.0,1.0,0.0,1,2026-08-11
Sheep in the Box,AMC Southcenter 16,2026-08-05,2026-08-12,ordinary,1,3.0,0.0,2.0,1.0,1.0,1.0,1.0,0.0,1,2026-08-12
Sia: Nostalgic For The Present,AMC Alderwood Mall 16,2026-07-19,2026-07-26,special_event,0,2.0,0.0,1.0,1.0,1.0,1.0,1.0,0.0,0,
Sia: Nostalgic For The Present,AMC Southcenter 16,2026-07-19,2026-07-26,special_event,0,2.0,0.0,1.0,1.0,1.0,1.0,1.0,0.0,0,
Six: The Musical Live!,AMC Alderwood Mall 16,2026-08-13,2026-08-20,special_event,1,7.0,0.0,2.0,0.3333333333333333,0.0,0.0,1.0,0.0,6,2026-08-19
Six: The Musical Live!,AMC Factoria 8,2026-08-12,2026-08-19,special_event,0,7.0,3.0,3.0,0.5,0.0,1.0,0.0,0.0,0,
Six: The Musical Live!,AMC Kent Station 14,2026-08-12,2026-08-19,special_event,1,7.0,3.0,3.0,0.5,0.0,1.0,0.0,0.0,8,2026-08-18
Six: The Musical Live!,AMC Oak Tree 6,2026-08-12,2026-08-19,special_event,0,7.0,3.0,3.0,0.5,0.0,1.0,0.0,0.0,0,
Six: The Musical Live!,AMC Pacific Place 11,2026-08-13,2026-08-20,special_event,1,7.0,0.0,2.0,0.3333333333333333,0.0,0.0,1.0,0.0,7,2026-08-18
Six: The Musical Live!,AMC Southcenter 16,2026-08-13,2026-08-20,special_event,1,7.0,0.0,2.0,0.3333333333333333,0.0,0.0,1.0,0.0,6,2026-08-18
Six: The Musical Live!,AMC Woodinville 12,2026-08-12,2026-08-19,special_event,1,7.0,3.0,3.0,0.5,0.0,1.0,0.0,0.0,7,2026-08-18
Sonic The Hedgehog 3,AMC Alderwood Mall 16,2026-07-15,2026-07-22,accessibility_presentation,0,4.0,0.0,3.0,1.0,1.0,1.0,1.0,0.0,0,
Sonic The Hedgehog 3,AMC Kent Station 14,2026-07-15,2026-07-22,accessibility_presentation,0,4.0,0.0,3.0,1.0,1.0,1.0,1.0,0.0,0,
Sonic The Hedgehog 3,AMC Southcenter 16,2026-07-15,2026-07-22,accessibility_presentation,0,4.0,0.0,3.0,1.0,1.0,1.0,1.0,0.0,0,
Sonic The Hedgehog 3,AMC Woodinville 12,2026-07-15,2026-07-22,accessibility_presentation,0,4.0,0.0,3.0,1.0,1.0,1.0,1.0,0.0,0,
Spa Weekend,AMC Alderwood Mall 16,2026-08-19,2026-08-26,ordinary,1,4.0,0.0,3.0,1.0,1.0,1.0,1.0,0.0,13,2026-08-26
Spa Weekend,AMC Factoria 8,2026-08-19,2026-08-26,ordinary,1,4.0,0.0,3.0,1.0,1.0,1.0,1.0,0.0,8,2026-08-25
Spa Weekend,AMC Kent Station 14,2026-08-19,2026-08-26,ordinary,1,4.0,0.0,3.0,1.0,1.0,1.0,1.0,0.0,1,2026-08-25
Spa Weekend,AMC Southcenter 16,2026-08-19,2026-08-26,ordinary,1,4.0,0.0,3.0,1.0,1.0,1.0,1.0,0.0,7,2026-08-25
Space Seed + Star Trek II: The Wrath of Khan - Director's Cut 60th Anniversary Event,AMC Alderwood Mall 16,2026-09-01,2026-09-08,rerelease,0,2.0,0.0,1.0,1.0,1.0,1.0,1.0,0.0,0,
Space Seed + Star Trek II: The Wrath of Khan - Director's Cut 60th Anniversary Event,AMC Southcenter 16,2026-09-01,2026-09-08,rerelease,0,2.0,0.0,1.0,1.0,1.0,1.0,1.0,0.0,0,
Spider-Man: Brand New Day,AMC Alderwood Mall 16,2026-08-20,2026-08-27,ordinary,1,7.0,1.0,1.0,0.16666666666666666,0.0,0.0,0.0,0.0,41,2026-08-26
Spider-Man: Brand New Day,AMC Factoria 8,2026-08-12,2026-08-19,ordinary,1,7.0,4.0,2.0,0.3333333333333333,0.0,1.0,0.0,0.0,43,2026-08-15
Spider-Man: Brand New Day,AMC Kent Station 14,2026-08-19,2026-08-26,ordinary,1,7.0,3.0,3.0,0.5,0.0,1.0,0.0,0.0,42,2026-08-25
Spider-Man: Brand New Day,AMC Oak Tree 6,2026-08-19,2026-08-26,ordinary,1,7.0,3.0,3.0,0.5,0.0,1.0,0.0,0.0,28,2026-08-25
Spider-Man: Brand New Day,AMC Pacific Place 11,2026-09-10,2026-09-17,ordinary,1,7.0,0.0,0.0,0.0,0.0,0.0,1.0,0.0,20,2026-09-16
Spider-Man: Brand New Day,AMC Southcenter 16,2026-08-12,2026-08-19,ordinary,1,7.0,4.0,2.0,0.3333333333333333,0.0,1.0,0.0,0.0,49,2026-08-18
Spider-Man: Brand New Day,AMC Woodinville 12,2026-08-12,2026-08-19,ordinary,1,7.0,4.0,2.0,0.3333333333333333,0.0,1.0,0.0,0.0,49,2026-08-18
Spider-Man: Brand New Day Dolby Opening Night Fan Event,AMC Alderwood Mall 16,2026-07-23,2026-07-30,special_event,0,4.0,0.0,3.0,1.0,1.0,1.0,1.0,0.0,0,
Spider-Man: Brand New Day Dolby Opening Night Fan Event,AMC Kent Station 14,2026-07-23,2026-07-30,special_event,0,4.0,0.0,3.0,1.0,1.0,1.0,1.0,0.0,0,
Spider-Man: Brand New Day Dolby Opening Night Fan Event,AMC Southcenter 16,2026-07-23,2026-07-30,special_event,0,4.0,0.0,3.0,1.0,1.0,1.0,1.0,0.0,0,
Spider-Man: Brand New Day Dolby Opening Night Fan Event,AMC Woodinville 12,2026-07-23,2026-07-30,special_event,0,4.0,0.0,3.0,1.0,1.0,1.0,1.0,0.0,0,
Spider-Man: Brand New Day: Sensory Friendly Screening,AMC Kent Station 14,2026-08-05,2026-08-12,accessibility_presentation,0,2.0,0.0,0.0,0.0,0.0,0.0,1.0,0.0,0,
Spider-Man: Brand New Day: Sensory Friendly Screening,AMC Woodinville 12,2026-08-01,2026-08-08,accessibility_presentation,0,1.0,0.0,0.0,,0.0,1.0,1.0,1.0,0,
Splash City,AMC Pacific Place 11,2026-08-05,2026-08-12,ordinary,0,2.0,0.0,1.0,1.0,1.0,1.0,1.0,0.0,0,
Splash City,AMC Southcenter 16,2026-08-05,2026-08-12,ordinary,1,2.0,0.0,1.0,1.0,1.0,1.0,1.0,0.0,1,2026-08-12
Splash City with Berner in-person,AMC Pacific Place 11,2026-07-20,2026-07-27,ordinary,0,1.0,0.0,0.0,,0.0,1.0,1.0,1.0,0,
Star Wars: The Mandalorian and Grogu,AMC Alderwood Mall 16,2026-06-29,2026-06-30,ordinary_title_only,0,2.0,0.0,1.0,1.0,1.0,1.0,1.0,0.0,0,
Star Wars: The Mandalorian and Grogu,AMC Alderwood Mall 16,2026-06-29,2026-07-01,ordinary_title_only,1,1.0,0.0,0.0,,0.0,1.0,1.0,1.0,1,2026-07-01
Star Wars: The Mandalorian and Grogu,AMC Kent Station 14,2026-06-29,2026-06-30,ordinary_title_only,0,2.0,0.0,1.0,1.0,1.0,1.0,1.0,0.0,0,
Steel Magnolias,AMC Alderwood Mall 16,2026-08-28,2026-09-02,ordinary,0,2.0,0.0,1.0,1.0,1.0,1.0,1.0,0.0,0,
Steel Magnolias,AMC Southcenter 16,2026-08-28,2026-09-02,ordinary,0,2.0,0.0,1.0,1.0,1.0,1.0,1.0,0.0,0,
Stop! That! Train!,AMC Pacific Place 11,2026-06-29,2026-06-30,ordinary_title_only,0,1.0,0.0,0.0,,0.0,1.0,1.0,1.0,0,
Suiza vs Argelia - Telemundo presenta la Copa Mundial de la FIFA 2026,AMC Southcenter 16,2026-06-29,2026-07-02,special_event_title_only,0,1.0,0.0,0.0,,0.0,1.0,1.0,1.0,0,
Suiza vs Colombia - Octavos de Final - Telemundo presenta la Copa Mundial de la FIFA 2026,AMC Alderwood Mall 16,2026-06-30,2026-07-07,special_event_title_only,0,2.0,0.0,1.0,1.0,1.0,1.0,1.0,0.0,0,
Suiza vs Colombia - Octavos de Final - Telemundo presenta la Copa Mundial de la FIFA 2026,AMC Southcenter 16,2026-06-30,2026-07-07,special_event_title_only,0,2.0,0.0,1.0,1.0,1.0,1.0,1.0,0.0,0,
Summer Tour,AMC Alderwood Mall 16,2026-07-16,2026-07-23,special_event,0,2.0,0.0,1.0,1.0,1.0,1.0,1.0,0.0,0,
Summer Tour,AMC Southcenter 16,2026-07-16,2026-07-23,special_event,0,2.0,0.0,1.0,1.0,1.0,1.0,1.0,0.0,0,
Sunny Dancer,AMC Southcenter 16,2026-09-16,2026-09-23,ordinary,0,1.0,0.0,0.0,,0.0,1.0,1.0,1.0,0,
Super Troopers 3,AMC Alderwood Mall 16,2026-08-11,2026-08-18,ordinary,1,6.0,3.0,2.0,0.4,0.0,1.0,0.0,0.0,2,2026-08-12
Super Troopers 3,AMC Factoria 8,2026-08-12,2026-08-19,ordinary,1,6.0,0.0,5.0,1.0,1.0,1.0,1.0,0.0,1,2026-08-18
Super Troopers 3,AMC Kent Station 14,2026-08-12,2026-08-19,ordinary,1,6.0,0.0,5.0,1.0,1.0,1.0,1.0,0.0,1,2026-08-18
Super Troopers 3,AMC Pacific Place 11,2026-08-11,2026-08-18,ordinary,1,6.0,3.0,2.0,0.4,0.0,1.0,0.0,0.0,2,2026-08-12
Super Troopers 3,AMC Southcenter 16,2026-08-11,2026-08-18,ordinary,1,6.0,3.0,2.0,0.4,0.0,1.0,0.0,0.0,1,2026-08-12
Super Troopers 3,AMC Woodinville 12,2026-08-10,2026-08-17,ordinary,1,6.0,5.0,0.0,0.0,0.0,1.0,0.0,0.0,3,2026-08-11
Super Troopers 3: Special Broken Lizard Fan Event,AMC Alderwood Mall 16,2026-07-30,2026-08-06,special_event,0,6.0,0.0,5.0,1.0,1.0,1.0,1.0,0.0,0,
Super Troopers 3: Special Broken Lizard Fan Event,AMC Factoria 8,2026-07-30,2026-08-06,special_event,0,6.0,0.0,5.0,1.0,1.0,1.0,1.0,0.0,0,
Super Troopers 3: Special Broken Lizard Fan Event,AMC Kent Station 14,2026-07-30,2026-08-06,special_event,0,6.0,0.0,5.0,1.0,1.0,1.0,1.0,0.0,0,
Super Troopers 3: Special Broken Lizard Fan Event,AMC Pacific Place 11,2026-07-30,2026-08-06,special_event,0,6.0,0.0,5.0,1.0,1.0,1.0,1.0,0.0,0,
Super Troopers 3: Special Broken Lizard Fan Event,AMC Southcenter 16,2026-07-30,2026-08-06,special_event,0,6.0,0.0,5.0,1.0,1.0,1.0,1.0,0.0,0,
Super Troopers 3: Special Broken Lizard Fan Event,AMC Woodinville 12,2026-07-30,2026-08-06,special_event,0,6.0,0.0,5.0,1.0,1.0,1.0,1.0,0.0,0,
Supergirl,AMC Alderwood Mall 16,2026-07-01,2026-07-08,ordinary_title_only,0,4.0,0.0,2.0,0.6666666666666666,0.0,0.0,1.0,0.0,0,
Supergirl,AMC Alderwood Mall 16,2026-07-01,2026-07-08,ordinary,1,7.0,3.0,3.0,0.5,0.0,1.0,0.0,0.0,14,2026-07-08
Supergirl,AMC Factoria 8,2026-06-29,2026-06-30,ordinary_title_only,0,7.0,4.0,2.0,0.3333333333333333,0.0,1.0,0.0,0.0,0,
Supergirl,AMC Factoria 8,2026-07-02,2026-07-09,ordinary,1,7.0,0.0,2.0,0.3333333333333333,0.0,0.0,1.0,0.0,7,2026-07-07
Supergirl,AMC Kent Station 14,2026-06-29,2026-06-30,ordinary_title_only,0,7.0,4.0,2.0,0.3333333333333333,0.0,1.0,0.0,0.0,0,
Supergirl,AMC Kent Station 14,2026-07-01,2026-07-08,ordinary,1,7.0,3.0,3.0,0.5,0.0,1.0,0.0,0.0,21,2026-07-07
Supergirl,AMC Kent Station 14,2026-07-01,2026-07-08,other,0,1.0,0.0,0.0,,0.0,1.0,1.0,1.0,0,
Supergirl,AMC Oak Tree 6,2026-07-01,2026-07-08,ordinary_title_only,0,4.0,0.0,2.0,0.6666666666666666,0.0,0.0,1.0,0.0,0,
Supergirl,AMC Oak Tree 6,2026-06-30,2026-07-07,ordinary,1,7.0,6.0,0.0,0.0,0.0,1.0,0.0,0.0,8,2026-07-01
Supergirl,AMC Pacific Place 11,2026-07-01,2026-07-08,ordinary_title_only,0,4.0,0.0,2.0,0.6666666666666666,0.0,0.0,1.0,0.0,0,
Supergirl,AMC Pacific Place 11,2026-07-02,2026-07-09,ordinary,1,7.0,0.0,2.0,0.3333333333333333,0.0,0.0,1.0,0.0,14,2026-07-07
Supergirl,AMC Southcenter 16,2026-06-29,2026-07-05,ordinary_title_only,0,7.0,3.0,0.0,0.0,0.0,0.0,0.0,0.0,0,
Supergirl,AMC Southcenter 16,2026-07-02,2026-07-09,ordinary,0,7.0,0.0,2.0,0.3333333333333333,0.0,0.0,1.0,0.0,0,
Supergirl,AMC Woodinville 12,2026-06-29,2026-06-30,ordinary_title_only,0,7.0,4.0,2.0,0.3333333333333333,0.0,1.0,0.0,0.0,0,
Supergirl,AMC Woodinville 12,2026-07-01,2026-07-08,ordinary,1,7.0,3.0,3.0,0.5,0.0,1.0,0.0,0.0,8,2026-07-07
Tales from Earthsea 20th Anniversary - Studio Ghibli Fest 2026,AMC Alderwood Mall 16,2026-08-03,2026-08-10,rerelease,0,4.0,0.0,3.0,1.0,1.0,1.0,1.0,0.0,0,
Tales from Earthsea 20th Anniversary - Studio Ghibli Fest 2026,AMC Kent Station 14,2026-08-03,2026-08-10,rerelease,0,4.0,0.0,3.0,1.0,1.0,1.0,1.0,0.0,0,
Tales from Earthsea 20th Anniversary - Studio Ghibli Fest 2026,AMC Southcenter 16,2026-08-03,2026-08-10,rerelease,0,4.0,0.0,3.0,1.0,1.0,1.0,1.0,0.0,0,
Tales from Earthsea 20th Anniversary - Studio Ghibli Fest 2026,AMC Woodinville 12,2026-08-03,2026-08-10,rerelease,0,4.0,0.0,3.0,1.0,1.0,1.0,1.0,0.0,0,
Talladega Nights: Ballad of Ricky Bobby,AMC Alderwood Mall 16,2026-06-29,2026-06-30,rerelease_title_only,0,2.0,1.0,0.0,0.0,0.0,1.0,0.0,0.0,0,
Talladega Nights: Ballad of Ricky Bobby,AMC Alderwood Mall 16,2026-06-29,2026-07-01,rerelease_title_only,0,1.0,0.0,0.0,,0.0,1.0,1.0,1.0,0,
Talladega Nights: Ballad of Ricky Bobby,AMC Southcenter 16,2026-06-29,2026-07-01,rerelease_title_only,0,2.0,0.0,0.0,0.0,0.0,0.0,1.0,0.0,0,
Teenage Sex and Death at Camp Miasma,AMC Alderwood Mall 16,2026-08-19,2026-08-26,ordinary,1,3.0,0.0,2.0,1.0,1.0,1.0,1.0,0.0,7,2026-08-26
Teenage Sex and Death at Camp Miasma,AMC Pacific Place 11,2026-08-18,2026-08-21,ordinary,1,2.0,1.0,0.0,0.0,0.0,1.0,0.0,0.0,27,2026-08-19
Teenage Sex and Death at Camp Miasma,AMC Southcenter 16,2026-08-18,2026-08-24,ordinary,1,2.0,0.0,0.0,0.0,0.0,0.0,1.0,0.0,10,2026-08-19
Terminator 2: Judgment Day 35th Anniversary,AMC Alderwood Mall 16,2026-08-26,2026-09-02,rerelease,0,4.0,0.0,3.0,1.0,1.0,1.0,1.0,0.0,0,
Terminator 2: Judgment Day 35th Anniversary,AMC Kent Station 14,2026-08-26,2026-09-02,rerelease,0,4.0,0.0,3.0,1.0,1.0,1.0,1.0,0.0,0,
Terminator 2: Judgment Day 35th Anniversary,AMC Southcenter 16,2026-08-26,2026-09-02,rerelease,0,4.0,0.0,3.0,1.0,1.0,1.0,1.0,0.0,0,
Terminator 2: Judgment Day 35th Anniversary,AMC Woodinville 12,2026-08-26,2026-09-02,rerelease,0,4.0,0.0,3.0,1.0,1.0,1.0,1.0,0.0,0,
Texas Chainsaw Day (2026),AMC Alderwood Mall 16,2026-08-11,2026-08-18,special_event,0,4.0,0.0,3.0,1.0,1.0,1.0,1.0,0.0,0,
Texas Chainsaw Day (2026),AMC Kent Station 14,2026-08-11,2026-08-18,special_event,0,4.0,0.0,3.0,1.0,1.0,1.0,1.0,0.0,0,
Texas Chainsaw Day (2026),AMC Pacific Place 11,2026-08-12,2026-08-18,special_event,0,5.0,0.0,4.0,1.0,1.0,1.0,1.0,0.0,0,
Texas Chainsaw Day (2026),AMC Southcenter 16,2026-08-11,2026-08-18,special_event,0,4.0,0.0,3.0,1.0,1.0,1.0,1.0,0.0,0,
Texas Chainsaw Day (2026),AMC Woodinville 12,2026-08-11,2026-08-18,special_event,0,4.0,0.0,3.0,1.0,1.0,1.0,1.0,0.0,0,
The Bad Guys 2,AMC Alderwood Mall 16,2026-07-22,2026-07-29,ordinary,0,4.0,0.0,3.0,1.0,1.0,1.0,1.0,0.0,0,
The Bad Guys 2,AMC Kent Station 14,2026-07-22,2026-07-29,ordinary,0,4.0,0.0,3.0,1.0,1.0,1.0,1.0,0.0,0,
The Bad Guys 2,AMC Southcenter 16,2026-07-22,2026-07-29,ordinary,0,4.0,0.0,3.0,1.0,1.0,1.0,1.0,0.0,0,
The Bad Guys 2,AMC Woodinville 12,2026-07-22,2026-07-29,ordinary,0,4.0,0.0,3.0,1.0,1.0,1.0,1.0,0.0,0,
The Best Little Whorehouse In Texas,AMC Alderwood Mall 16,2026-08-28,2026-09-02,ordinary,0,2.0,0.0,1.0,1.0,1.0,1.0,1.0,0.0,0,
The Best Little Whorehouse In Texas,AMC Southcenter 16,2026-08-28,2026-09-02,ordinary,0,2.0,0.0,1.0,1.0,1.0,1.0,1.0,0.0,0,
The Brink of War,AMC Alderwood Mall 16,2026-08-12,2026-08-19,ordinary,1,6.0,0.0,2.0,0.4,0.0,0.0,1.0,0.0,7,2026-08-19
The Brink of War,AMC Factoria 8,2026-08-11,2026-08-15,ordinary,0,6.0,3.0,2.0,0.4,0.0,1.0,0.0,0.0,0,
The Brink of War,AMC Kent Station 14,2026-08-12,2026-08-19,ordinary,1,6.0,0.0,2.0,0.4,0.0,0.0,1.0,0.0,8,2026-08-18
The Brink of War,AMC Pacific Place 11,2026-08-11,2026-08-15,ordinary,0,6.0,3.0,2.0,0.4,0.0,1.0,0.0,0.0,0,
The Brink of War,AMC Southcenter 16,2026-08-12,2026-08-19,ordinary,1,6.0,0.0,2.0,0.4,0.0,0.0,1.0,0.0,7,2026-08-18
The Brink of War,AMC Woodinville 12,2026-08-11,2026-08-15,ordinary,0,6.0,3.0,2.0,0.4,0.0,1.0,0.0,0.0,0,
The Changeling + Star Trek: The Motion Picture - Director's Edition - 60th Anniversary Event,AMC Alderwood Mall 16,2026-08-28,2026-09-04,rerelease,0,2.0,0.0,1.0,1.0,1.0,1.0,1.0,0.0,0,
The Changeling + Star Trek: The Motion Picture - Director's Edition - 60th Anniversary Event,AMC Southcenter 16,2026-08-28,2026-09-04,rerelease,0,2.0,0.0,1.0,1.0,1.0,1.0,1.0,0.0,0,
The City on The Edge of Forever + Star Trek IV: The Voyage Home 60th Anniversary Event,AMC Alderwood Mall 16,2026-09-01,2026-09-08,rerelease,0,2.0,0.0,1.0,1.0,1.0,1.0,1.0,0.0,0,
The City on The Edge of Forever + Star Trek IV: The Voyage Home 60th Anniversary Event,AMC Southcenter 16,2026-09-01,2026-09-08,rerelease,0,2.0,0.0,1.0,1.0,1.0,1.0,1.0,0.0,0,
The Death of Robin Hood,AMC Alderwood Mall 16,2026-06-29,2026-06-30,ordinary_title_only,0,5.0,0.0,4.0,1.0,1.0,1.0,1.0,0.0,0,
The Death of Robin Hood,AMC Kent Station 14,2026-06-29,2026-06-30,ordinary_title_only,0,5.0,0.0,4.0,1.0,1.0,1.0,1.0,0.0,0,
The Death of Robin Hood,AMC Pacific Place 11,2026-06-29,2026-06-30,ordinary_title_only,0,5.0,0.0,4.0,1.0,1.0,1.0,1.0,0.0,0,
The Death of Robin Hood,AMC Pacific Place 11,2026-06-29,2026-07-01,ordinary_title_only,1,1.0,0.0,0.0,,0.0,1.0,1.0,1.0,1,2026-06-30
The Death of Robin Hood,AMC Southcenter 16,2026-06-29,2026-06-30,ordinary_title_only,0,5.0,0.0,4.0,1.0,1.0,1.0,1.0,0.0,0,
The Death of Robin Hood,AMC Woodinville 12,2026-06-29,2026-06-30,ordinary_title_only,0,5.0,0.0,4.0,1.0,1.0,1.0,1.0,0.0,0,
The Devil Wears Prada 20th Anniversary Double Feature,AMC Alderwood Mall 16,2026-06-29,2026-06-30,rerelease_title_only,0,1.0,0.0,0.0,,0.0,1.0,1.0,1.0,0,
The Dog Stars,AMC Alderwood Mall 16,2026-09-02,2026-09-09,ordinary,0,7.0,2.0,4.0,0.6666666666666666,0.0,1.0,0.0,0.0,0,
The Dog Stars,AMC Factoria 8,2026-08-27,2026-09-03,ordinary,1,7.0,5.0,0.0,0.0,0.0,0.0,0.0,0.0,7,2026-09-01
The Dog Stars,AMC Kent Station 14,2026-09-02,2026-09-09,ordinary,1,7.0,2.0,4.0,0.6666666666666666,0.0,1.0,0.0,0.0,1,2026-09-09
The Dog Stars,AMC Oak Tree 6,2026-09-02,2026-09-09,ordinary,0,7.0,2.0,4.0,0.6666666666666666,0.0,1.0,0.0,0.0,0,
The Dog Stars,AMC Pacific Place 11,2026-09-03,2026-09-10,ordinary,0,7.0,0.0,1.0,0.16666666666666666,0.0,0.0,1.0,0.0,0,
The Dog Stars,AMC Southcenter 16,2026-09-03,2026-09-10,ordinary,1,7.0,0.0,1.0,0.16666666666666666,0.0,0.0,1.0,0.0,6,2026-09-09
The Dog Stars,AMC Woodinville 12,2026-08-26,2026-09-02,ordinary,1,7.0,6.0,0.0,0.0,0.0,1.0,0.0,0.0,15,2026-09-01
The End Of Evangelion (Evangelion 30th Movie Fest),AMC Alderwood Mall 16,2026-07-15,2026-07-22,special_event,1,3.0,0.0,2.0,1.0,1.0,1.0,1.0,0.0,1,2026-07-22
The End Of Evangelion (Evangelion 30th Movie Fest),AMC Kent Station 14,2026-07-15,2026-07-22,special_event,1,3.0,0.0,2.0,1.0,1.0,1.0,1.0,0.0,1,2026-07-21
The End Of Evangelion (Evangelion 30th Movie Fest),AMC Southcenter 16,2026-07-15,2026-07-22,special_event,1,3.0,0.0,2.0,1.0,1.0,1.0,1.0,0.0,1,2026-07-21
The End of Oak Street,AMC Alderwood Mall 16,2026-08-12,2026-08-19,ordinary,1,7.0,2.0,4.0,0.6666666666666666,0.0,1.0,0.0,0.0,22,2026-08-19
The End of Oak Street,AMC Factoria 8,2026-08-13,2026-08-20,ordinary,1,7.0,0.0,1.0,0.16666666666666666,0.0,0.0,1.0,0.0,21,2026-08-18
The End of Oak Street,AMC Kent Station 14,2026-08-12,2026-08-19,ordinary,1,7.0,2.0,4.0,0.6666666666666666,0.0,1.0,0.0,0.0,22,2026-08-18
The End of Oak Street,AMC Oak Tree 6,2026-08-12,2026-08-19,ordinary,1,7.0,2.0,4.0,0.6666666666666666,0.0,1.0,0.0,0.0,22,2026-08-18
The End of Oak Street,AMC Pacific Place 11,2026-08-13,2026-08-20,ordinary,1,7.0,0.0,1.0,0.16666666666666666,0.0,0.0,1.0,0.0,14,2026-08-18
The End of Oak Street,AMC Southcenter 16,2026-08-12,2026-08-19,ordinary,1,7.0,2.0,4.0,0.6666666666666666,0.0,1.0,0.0,0.0,28,2026-08-19
The End of Oak Street,AMC Woodinville 12,2026-08-12,2026-08-19,ordinary,1,7.0,2.0,4.0,0.6666666666666666,0.0,1.0,0.0,0.0,21,2026-08-18
The End of Oak Street: Sensory Friendly Screening,AMC Kent Station 14,2026-08-19,2026-08-26,accessibility_presentation,0,1.0,0.0,0.0,,0.0,1.0,1.0,1.0,0,
The Eyes,AMC Alderwood Mall 16,2026-07-08,2026-07-15,ordinary,0,1.0,0.0,0.0,,0.0,1.0,1.0,1.0,0,
The Fast and the Furious 25th Anniversary,AMC Alderwood Mall 16,2026-08-19,2026-08-26,rerelease,1,4.0,1.0,2.0,0.6666666666666666,0.0,1.0,0.0,0.0,7,2026-08-26
The Fast and the Furious 25th Anniversary,AMC Kent Station 14,2026-08-19,2026-08-26,rerelease,1,4.0,1.0,2.0,0.6666666666666666,0.0,1.0,0.0,0.0,8,2026-08-25
The Fast and the Furious 25th Anniversary,AMC Southcenter 16,2026-08-20,2026-08-27,rerelease,1,4.0,0.0,0.0,0.0,0.0,0.0,1.0,0.0,6,2026-08-25
The Fast and the Furious 25th Anniversary,AMC Woodinville 12,2026-08-19,2026-08-26,rerelease,1,4.0,1.0,2.0,0.6666666666666666,0.0,1.0,0.0,0.0,1,2026-08-27
The Fifth Element (2026 Event),AMC Alderwood Mall 16,2026-07-20,2026-07-27,special_event,0,4.0,0.0,3.0,1.0,1.0,1.0,1.0,0.0,0,
The Fifth Element (2026 Event),AMC Kent Station 14,2026-07-20,2026-07-27,special_event,0,4.0,0.0,3.0,1.0,1.0,1.0,1.0,0.0,0,
The Fifth Element (2026 Event),AMC Southcenter 16,2026-07-20,2026-07-27,special_event,0,4.0,0.0,3.0,1.0,1.0,1.0,1.0,0.0,0,
The Fifth Element (2026 Event),AMC Woodinville 12,2026-07-20,2026-07-27,special_event,0,4.0,0.0,3.0,1.0,1.0,1.0,1.0,0.0,0,
The Fix,AMC Alderwood Mall 16,2026-09-09,2026-09-16,ordinary,0,4.0,0.0,3.0,1.0,1.0,1.0,1.0,0.0,0,
The Fix,AMC Kent Station 14,2026-09-09,2026-09-16,ordinary,1,4.0,0.0,3.0,1.0,1.0,1.0,1.0,0.0,1,2026-09-15
The Fix,AMC Pacific Place 11,2026-09-09,2026-09-16,ordinary,0,4.0,0.0,3.0,1.0,1.0,1.0,1.0,0.0,0,
The Fix,AMC Southcenter 16,2026-09-09,2026-09-16,ordinary,1,4.0,0.0,3.0,1.0,1.0,1.0,1.0,0.0,7,2026-09-16
The Furious,AMC Alderwood Mall 16,2026-06-29,2026-06-30,ordinary_title_only,0,2.0,0.0,1.0,1.0,1.0,1.0,1.0,0.0,0,
The Furious,AMC Alderwood Mall 16,2026-07-01,2026-07-08,ordinary_title_only,0,2.0,0.0,1.0,1.0,1.0,1.0,1.0,0.0,0,
The Furious,AMC Southcenter 16,2026-06-29,2026-06-30,ordinary_title_only,0,2.0,0.0,1.0,1.0,1.0,1.0,1.0,0.0,0,
The Furious,AMC Southcenter 16,2026-07-01,2026-07-08,ordinary_title_only,0,2.0,0.0,1.0,1.0,1.0,1.0,1.0,0.0,0,
The Hunger Games (2026),AMC Alderwood Mall 16,2026-08-27,2026-09-03,special_event,0,4.0,0.0,3.0,1.0,1.0,1.0,1.0,0.0,0,
The Hunger Games (2026),AMC Kent Station 14,2026-08-27,2026-09-03,special_event,0,4.0,0.0,3.0,1.0,1.0,1.0,1.0,0.0,0,
The Hunger Games (2026),AMC Southcenter 16,2026-08-27,2026-09-03,special_event,0,4.0,0.0,3.0,1.0,1.0,1.0,1.0,0.0,0,
The Hunger Games (2026),AMC Woodinville 12,2026-08-27,2026-09-03,special_event,0,4.0,0.0,3.0,1.0,1.0,1.0,1.0,0.0,0,
The Hunger Games: Catching Fire (2026),AMC Alderwood Mall 16,2026-08-28,2026-09-04,special_event,0,4.0,0.0,3.0,1.0,1.0,1.0,1.0,0.0,0,
The Hunger Games: Catching Fire (2026),AMC Kent Station 14,2026-08-28,2026-09-04,special_event,0,4.0,0.0,3.0,1.0,1.0,1.0,1.0,0.0,0,
The Hunger Games: Catching Fire (2026),AMC Southcenter 16,2026-08-28,2026-09-04,special_event,0,4.0,0.0,3.0,1.0,1.0,1.0,1.0,0.0,0,
The Hunger Games: Catching Fire (2026),AMC Woodinville 12,2026-08-28,2026-09-04,special_event,0,4.0,0.0,3.0,1.0,1.0,1.0,1.0,0.0,0,
The Hunger Games: Mockingjay - Part 1 (2026),AMC Alderwood Mall 16,2026-08-29,2026-09-05,special_event,0,4.0,0.0,3.0,1.0,1.0,1.0,1.0,0.0,0,
The Hunger Games: Mockingjay - Part 1 (2026),AMC Kent Station 14,2026-08-29,2026-09-05,special_event,0,4.0,0.0,3.0,1.0,1.0,1.0,1.0,0.0,0,
The Hunger Games: Mockingjay - Part 1 (2026),AMC Southcenter 16,2026-08-29,2026-09-05,special_event,0,4.0,0.0,3.0,1.0,1.0,1.0,1.0,0.0,0,
The Hunger Games: Mockingjay - Part 1 (2026),AMC Woodinville 12,2026-08-29,2026-09-05,special_event,0,4.0,0.0,3.0,1.0,1.0,1.0,1.0,0.0,0,
The Hunger Games: Mockingjay - Part 2 (2026),AMC Alderwood Mall 16,2026-08-30,2026-09-06,special_event,0,4.0,0.0,3.0,1.0,1.0,1.0,1.0,0.0,0,
The Hunger Games: Mockingjay - Part 2 (2026),AMC Kent Station 14,2026-08-30,2026-09-06,special_event,0,4.0,0.0,3.0,1.0,1.0,1.0,1.0,0.0,0,
The Hunger Games: Mockingjay - Part 2 (2026),AMC Southcenter 16,2026-08-30,2026-09-06,special_event,0,4.0,0.0,3.0,1.0,1.0,1.0,1.0,0.0,0,
The Hunger Games: Mockingjay - Part 2 (2026),AMC Woodinville 12,2026-08-30,2026-09-06,special_event,0,4.0,0.0,3.0,1.0,1.0,1.0,1.0,0.0,0,
The Hunger Games: The Ballad of Songbirds & Snakes (2026),AMC Alderwood Mall 16,2026-08-31,2026-09-07,special_event,0,3.0,0.0,2.0,1.0,1.0,1.0,1.0,0.0,0,
The Hunger Games: The Ballad of Songbirds & Snakes (2026),AMC Kent Station 14,2026-08-31,2026-09-07,special_event,0,3.0,0.0,2.0,1.0,1.0,1.0,1.0,0.0,0,
The Hunger Games: The Ballad of Songbirds & Snakes (2026),AMC Southcenter 16,2026-08-31,2026-09-07,special_event,0,3.0,0.0,2.0,1.0,1.0,1.0,1.0,0.0,0,
The Influencer Project,AMC Pacific Place 11,2026-09-29,2026-10-02,ordinary,1,5.0,4.0,0.0,0.0,0.0,1.0,0.0,0.0,5,2026-09-30
The Invite,AMC Alderwood Mall 16,2026-07-08,2026-07-15,ordinary,1,7.0,3.0,3.0,0.5,0.0,1.0,0.0,0.0,22,2026-07-15
The Invite,AMC Factoria 8,2026-07-09,2026-07-16,ordinary,1,7.0,0.0,2.0,0.3333333333333333,0.0,0.0,1.0,0.0,7,2026-07-14
The Invite,AMC Kent Station 14,2026-07-09,2026-07-16,ordinary,1,7.0,0.0,2.0,0.3333333333333333,0.0,0.0,1.0,0.0,13,2026-07-14
The Invite,AMC Oak Tree 6,2026-07-08,2026-07-15,ordinary,1,7.0,3.0,3.0,0.5,0.0,1.0,0.0,0.0,14,2026-07-14
The Invite,AMC Pacific Place 11,2026-07-09,2026-07-16,ordinary,1,7.0,0.0,2.0,0.3333333333333333,0.0,0.0,1.0,0.0,35,2026-07-14
The Invite,AMC Southcenter 16,2026-07-08,2026-07-15,ordinary,1,7.0,3.0,3.0,0.5,0.0,1.0,0.0,0.0,22,2026-07-14
The Invite,AMC Woodinville 12,2026-07-08,2026-07-15,ordinary,1,7.0,3.0,3.0,0.5,0.0,1.0,0.0,0.0,14,2026-07-15
The Invite,AMC Woodinville 12,2026-07-04,2026-07-11,ordinary_title_only,0,1.0,0.0,0.0,,0.0,1.0,1.0,1.0,0,
The Isolate Thief,AMC Alderwood Mall 16,2026-07-08,2026-07-15,ordinary,0,1.0,0.0,0.0,,0.0,1.0,1.0,1.0,0,
The King of Cannabis,AMC Southcenter 16,2026-08-26,2026-09-02,ordinary,0,1.0,0.0,0.0,,0.0,1.0,1.0,1.0,0,
The Last Blossom,AMC Alderwood Mall 16,2026-08-24,2026-08-31,special_event,0,3.0,0.0,2.0,1.0,1.0,1.0,1.0,0.0,0,
The Last Blossom,AMC Kent Station 14,2026-08-24,2026-08-31,special_event,0,3.0,0.0,2.0,1.0,1.0,1.0,1.0,0.0,0,
The Last Blossom,AMC Southcenter 16,2026-08-24,2026-08-31,special_event,0,3.0,0.0,2.0,1.0,1.0,1.0,1.0,0.0,0,
The Lego Batman Movie,AMC Alderwood Mall 16,2026-09-13,2026-09-20,ordinary,0,4.0,0.0,3.0,1.0,1.0,1.0,1.0,0.0,0,
The Lego Batman Movie,AMC Kent Station 14,2026-09-13,2026-09-20,ordinary,0,4.0,0.0,3.0,1.0,1.0,1.0,1.0,0.0,0,
The Lego Batman Movie,AMC Southcenter 16,2026-09-13,2026-09-20,ordinary,0,4.0,0.0,3.0,1.0,1.0,1.0,1.0,0.0,0,
The Lego Batman Movie,AMC Woodinville 12,2026-09-13,2026-09-20,ordinary,0,4.0,0.0,3.0,1.0,1.0,1.0,1.0,0.0,0,
The Lego Movie,AMC Alderwood Mall 16,2026-07-08,2026-07-15,ordinary,0,4.0,0.0,3.0,1.0,1.0,1.0,1.0,0.0,0,
The Lego Movie,AMC Kent Station 14,2026-07-08,2026-07-15,ordinary,0,4.0,0.0,3.0,1.0,1.0,1.0,1.0,0.0,0,
The Lego Movie,AMC Southcenter 16,2026-07-08,2026-07-15,ordinary,0,4.0,0.0,3.0,1.0,1.0,1.0,1.0,0.0,0,
The Lego Movie,AMC Woodinville 12,2026-07-08,2026-07-15,ordinary,0,4.0,0.0,3.0,1.0,1.0,1.0,1.0,0.0,0,
The Magic Faraway Tree,AMC Alderwood Mall 16,2026-08-19,2026-08-26,ordinary,1,3.0,0.0,2.0,1.0,1.0,1.0,1.0,0.0,7,2026-08-26
The Magic Faraway Tree,AMC Kent Station 14,2026-08-19,2026-08-26,ordinary,1,3.0,0.0,2.0,1.0,1.0,1.0,1.0,0.0,1,2026-08-25
The Magic Faraway Tree,AMC Southcenter 16,2026-08-19,2026-08-26,ordinary,1,3.0,0.0,2.0,1.0,1.0,1.0,1.0,0.0,14,2026-08-25
The Musical,AMC Alderwood Mall 16,2026-09-16,2026-09-23,ordinary,0,2.0,0.0,1.0,1.0,1.0,1.0,1.0,0.0,0,
The Musical,AMC Pacific Place 11,2026-09-16,2026-09-23,ordinary,1,2.0,0.0,1.0,1.0,1.0,1.0,1.0,0.0,1,2026-09-22
The Nutty Professor: 30th Anniversary,AMC Alderwood Mall 16,2026-09-02,2026-09-09,rerelease,0,2.0,0.0,1.0,1.0,1.0,1.0,1.0,0.0,0,
The Nutty Professor: 30th Anniversary,AMC Southcenter 16,2026-09-02,2026-09-09,rerelease,0,2.0,0.0,1.0,1.0,1.0,1.0,1.0,0.0,0,
The Odyssey,AMC Alderwood Mall 16,2026-07-28,2026-08-04,ordinary,1,7.0,5.0,1.0,0.16666666666666666,0.0,1.0,0.0,0.0,64,2026-07-29
The Odyssey,AMC Factoria 8,2026-07-22,2026-07-29,ordinary,1,7.0,5.0,1.0,0.16666666666666666,0.0,1.0,0.0,0.0,57,2026-07-28
The Odyssey,AMC Kent Station 14,2026-07-29,2026-08-05,ordinary,1,7.0,2.0,4.0,0.6666666666666666,0.0,1.0,0.0,0.0,63,2026-08-04
The Odyssey,AMC Oak Tree 6,2026-07-22,2026-07-29,ordinary,1,7.0,5.0,1.0,0.16666666666666666,0.0,1.0,0.0,0.0,49,2026-07-28
The Odyssey,AMC Southcenter 16,2026-07-28,2026-08-04,ordinary,1,7.0,5.0,1.0,0.16666666666666666,0.0,1.0,0.0,0.0,64,2026-07-29
The Odyssey,AMC Woodinville 12,2026-07-30,2026-08-06,ordinary,1,7.0,1.0,0.0,0.0,0.0,0.0,0.0,0.0,62,2026-08-01
The Odyssey : Sensory Friendly Screening,AMC Kent Station 14,2026-07-15,2026-07-22,accessibility_presentation,0,1.0,0.0,0.0,,0.0,1.0,1.0,1.0,0,
The Paradise (Telugu),AMC Alderwood Mall 16,2026-09-17,2026-09-23,ambiguous_limited,1,4.0,0.0,3.0,1.0,1.0,1.0,1.0,0.0,7,2026-09-23
The Paradise (Telugu),AMC Factoria 8,2026-09-17,2026-09-23,ambiguous_limited,0,4.0,0.0,3.0,1.0,1.0,1.0,1.0,0.0,0,
The Paradise (Telugu),AMC Pacific Place 11,2026-09-17,2026-09-23,ambiguous_limited,0,4.0,0.0,3.0,1.0,1.0,1.0,1.0,0.0,0,
The Paradise (Telugu),AMC Southcenter 16,2026-09-18,2026-09-24,ambiguous_limited,0,5.0,0.0,0.0,0.0,0.0,0.0,1.0,0.0,0,
The Paradise (Telugu),AMC Woodinville 12,2026-09-17,2026-09-23,ambiguous_limited,0,4.0,0.0,3.0,1.0,1.0,1.0,1.0,0.0,0,
The Passion of the Christ (2026 Event),AMC Alderwood Mall 16,2026-09-06,2026-09-13,special_event,1,4.0,0.0,3.0,1.0,1.0,1.0,1.0,0.0,3,2026-09-09
The Passion of the Christ (2026 Event),AMC Kent Station 14,2026-09-06,2026-09-13,special_event,0,4.0,0.0,3.0,1.0,1.0,1.0,1.0,0.0,0,
The Passion of the Christ (2026 Event),AMC Southcenter 16,2026-09-06,2026-09-13,special_event,1,4.0,0.0,3.0,1.0,1.0,1.0,1.0,0.0,2,2026-09-09
The Passion of the Christ (2026 Event),AMC Woodinville 12,2026-09-06,2026-09-13,special_event,0,4.0,0.0,3.0,1.0,1.0,1.0,1.0,0.0,0,
The Rivals of Amziah King,AMC Alderwood Mall 16,2026-08-12,2026-08-19,ordinary,0,4.0,0.0,3.0,1.0,1.0,1.0,1.0,0.0,0,
The Rivals of Amziah King,AMC Pacific Place 11,2026-08-11,2026-08-15,ordinary,1,4.0,3.0,0.0,0.0,0.0,1.0,0.0,0.0,5,2026-08-12
The Rivals of Amziah King,AMC Southcenter 16,2026-08-12,2026-08-19,ordinary,0,4.0,0.0,3.0,1.0,1.0,1.0,1.0,0.0,0,
The Rivals of Amziah King,AMC Woodinville 12,2026-08-12,2026-08-19,ordinary,1,4.0,0.0,3.0,1.0,1.0,1.0,1.0,0.0,1,2026-08-18
The Salt Path,AMC Alderwood Mall 16,2026-09-01,2026-09-03,ordinary,1,1.0,0.0,0.0,,0.0,1.0,1.0,1.0,6,2026-09-02
The Samurai and the Prisoner,AMC Alderwood Mall 16,2026-08-06,2026-08-12,ordinary,1,1.0,0.0,0.0,,0.0,1.0,1.0,1.0,7,2026-08-12
The Spongebob Movie: Search for Squarepants,AMC Alderwood Mall 16,2026-07-29,2026-08-05,ordinary,0,4.0,0.0,3.0,1.0,1.0,1.0,1.0,0.0,0,
The Spongebob Movie: Search for Squarepants,AMC Kent Station 14,2026-07-29,2026-08-05,ordinary,0,4.0,0.0,3.0,1.0,1.0,1.0,1.0,0.0,0,
The Spongebob Movie: Search for Squarepants,AMC Southcenter 16,2026-07-29,2026-08-05,ordinary,0,4.0,0.0,3.0,1.0,1.0,1.0,1.0,0.0,0,
The Spongebob Movie: Search for Squarepants,AMC Woodinville 12,2026-07-29,2026-08-05,ordinary,0,4.0,0.0,3.0,1.0,1.0,1.0,1.0,0.0,0,
The Stunt Driver,AMC Kent Station 14,2026-09-23,2026-09-30,ordinary,1,3.0,0.0,2.0,1.0,1.0,1.0,1.0,0.0,1,2026-09-29
The Stunt Driver,AMC Pacific Place 11,2026-09-22,2026-09-25,ordinary,1,2.0,1.0,0.0,0.0,0.0,1.0,0.0,0.0,5,2026-09-23
The Stunt Driver,AMC Southcenter 16,2026-09-23,2026-09-30,ordinary,1,3.0,0.0,2.0,1.0,1.0,1.0,1.0,0.0,1,2026-09-30
The Sun Never Sets,AMC Alderwood Mall 16,2026-09-01,2026-09-03,ordinary,1,3.0,2.0,0.0,0.0,0.0,1.0,0.0,0.0,6,2026-09-02
The Sun Never Sets,AMC Kent Station 14,2026-09-01,2026-09-08,ordinary,0,3.0,0.0,0.0,0.0,0.0,0.0,1.0,0.0,0,
The Sun Never Sets,AMC Pacific Place 11,2026-09-01,2026-09-04,ordinary,1,3.0,1.0,0.0,0.0,0.0,0.0,0.0,0.0,6,2026-09-02
The Transformers: The Movie 40th Anniversary,AMC Alderwood Mall 16,2026-09-14,2026-09-21,special_event,1,4.0,2.0,1.0,0.3333333333333333,0.0,1.0,0.0,0.0,10,2026-09-16
The Transformers: The Movie 40th Anniversary,AMC Kent Station 14,2026-09-16,2026-09-23,special_event,1,5.0,0.0,4.0,1.0,1.0,1.0,1.0,0.0,8,2026-09-22
The Transformers: The Movie 40th Anniversary,AMC Pacific Place 11,2026-09-14,2026-09-21,special_event,1,4.0,2.0,1.0,0.3333333333333333,0.0,1.0,0.0,0.0,9,2026-09-16
The Transformers: The Movie 40th Anniversary,AMC Southcenter 16,2026-09-16,2026-09-23,special_event,1,5.0,0.0,4.0,1.0,1.0,1.0,1.0,0.0,8,2026-09-23
The Transformers: The Movie 40th Anniversary,AMC Woodinville 12,2026-09-16,2026-09-23,special_event,1,5.0,0.0,4.0,1.0,1.0,1.0,1.0,0.0,8,2026-09-22
The Uprising,AMC Alderwood Mall 16,2026-09-09,2026-09-16,ordinary,1,6.0,2.0,3.0,0.6,0.0,1.0,0.0,0.0,7,2026-09-16
The Uprising,AMC Factoria 8,2026-09-10,2026-09-17,ordinary,1,6.0,0.0,1.0,0.2,0.0,0.0,1.0,0.0,7,2026-09-15
The Uprising,AMC Kent Station 14,2026-09-09,2026-09-16,ordinary,1,6.0,2.0,3.0,0.6,0.0,1.0,0.0,0.0,8,2026-09-15
The Uprising,AMC Pacific Place 11,2026-09-10,2026-09-17,ordinary,1,6.0,0.0,1.0,0.2,0.0,0.0,1.0,0.0,6,2026-09-16
The Uprising,AMC Southcenter 16,2026-09-09,2026-09-16,ordinary,1,6.0,2.0,3.0,0.6,0.0,1.0,0.0,0.0,7,2026-09-16
The Uprising,AMC Woodinville 12,2026-09-09,2026-09-16,ordinary,1,6.0,2.0,3.0,0.6,0.0,1.0,0.0,0.0,7,2026-09-15
The Uprising: Early Access Live Q&A with Paul Greengrass and Andrew Garfield,AMC Alderwood Mall 16,2026-08-27,2026-09-03,special_event,0,7.0,0.0,6.0,1.0,1.0,1.0,1.0,0.0,0,
The Uprising: Early Access Live Q&A with Paul Greengrass and Andrew Garfield,AMC Factoria 8,2026-08-27,2026-09-03,special_event,0,7.0,0.0,6.0,1.0,1.0,1.0,1.0,0.0,0,
The Uprising: Early Access Live Q&A with Paul Greengrass and Andrew Garfield,AMC Kent Station 14,2026-08-27,2026-09-03,special_event,0,7.0,0.0,6.0,1.0,1.0,1.0,1.0,0.0,0,
The Uprising: Early Access Live Q&A with Paul Greengrass and Andrew Garfield,AMC Oak Tree 6,2026-08-27,2026-09-03,special_event,0,7.0,0.0,6.0,1.0,1.0,1.0,1.0,0.0,0,
The Uprising: Early Access Live Q&A with Paul Greengrass and Andrew Garfield,AMC Pacific Place 11,2026-08-27,2026-09-03,special_event,0,7.0,0.0,6.0,1.0,1.0,1.0,1.0,0.0,0,
The Uprising: Early Access Live Q&A with Paul Greengrass and Andrew Garfield,AMC Southcenter 16,2026-08-27,2026-09-03,special_event,0,7.0,0.0,6.0,1.0,1.0,1.0,1.0,0.0,0,
The Uprising: Early Access Live Q&A with Paul Greengrass and Andrew Garfield,AMC Woodinville 12,2026-08-27,2026-09-03,special_event,0,7.0,0.0,6.0,1.0,1.0,1.0,1.0,0.0,0,
The Weight,AMC Alderwood Mall 16,2026-09-16,2026-09-23,ordinary,1,7.0,1.0,5.0,0.8333333333333334,0.0,1.0,0.0,0.0,7,2026-09-23
The Weight,AMC Factoria 8,2026-09-16,2026-09-23,ordinary,1,7.0,1.0,5.0,0.8333333333333334,0.0,1.0,0.0,0.0,8,2026-09-22
The Weight,AMC Kent Station 14,2026-09-16,2026-09-23,ordinary,1,7.0,1.0,5.0,0.8333333333333334,0.0,1.0,0.0,0.0,7,2026-09-22
The Weight,AMC Oak Tree 6,2026-09-16,2026-09-23,ordinary,0,7.0,1.0,5.0,0.8333333333333334,0.0,1.0,0.0,0.0,0,
The Weight,AMC Pacific Place 11,2026-09-17,2026-09-24,ordinary,0,7.0,0.0,0.0,0.0,0.0,0.0,1.0,0.0,0,
The Weight,AMC Southcenter 16,2026-09-16,2026-09-23,ordinary,1,7.0,1.0,5.0,0.8333333333333334,0.0,1.0,0.0,0.0,8,2026-09-23
The Weight,AMC Woodinville 12,2026-09-16,2026-09-23,ordinary,1,7.0,1.0,5.0,0.8333333333333334,0.0,1.0,0.0,0.0,8,2026-09-22
The Weight Early Access,AMC Alderwood Mall 16,2026-09-09,2026-09-16,special_event,0,4.0,0.0,3.0,1.0,1.0,1.0,1.0,0.0,0,
The Weight Early Access,AMC Kent Station 14,2026-09-09,2026-09-16,special_event,0,4.0,0.0,3.0,1.0,1.0,1.0,1.0,0.0,0,
The Weight Early Access,AMC Southcenter 16,2026-09-09,2026-09-16,special_event,0,4.0,0.0,3.0,1.0,1.0,1.0,1.0,0.0,0,
The Weight Early Access,AMC Woodinville 12,2026-09-09,2026-09-16,special_event,0,4.0,0.0,3.0,1.0,1.0,1.0,1.0,0.0,0,
The Wrong Girls,AMC Alderwood Mall 16,2026-08-12,2026-08-19,ordinary,0,4.0,1.0,2.0,0.6666666666666666,0.0,1.0,0.0,0.0,0,
The Wrong Girls,AMC Kent Station 14,2026-08-12,2026-08-19,ordinary,1,4.0,1.0,2.0,0.6666666666666666,0.0,1.0,0.0,0.0,1,2026-08-18
The Wrong Girls,AMC Pacific Place 11,2026-08-13,2026-08-20,ordinary,1,4.0,0.0,0.0,0.0,0.0,0.0,1.0,0.0,6,2026-08-18
The Wrong Girls,AMC Southcenter 16,2026-08-12,2026-08-19,ordinary,0,4.0,1.0,2.0,0.6666666666666666,0.0,1.0,0.0,0.0,0,
Tiny Fugitives,AMC Alderwood Mall 16,2026-09-16,2026-09-23,ordinary,0,2.0,0.0,1.0,1.0,1.0,1.0,1.0,0.0,0,
Tiny Fugitives,AMC Southcenter 16,2026-09-16,2026-09-23,ordinary,0,2.0,0.0,1.0,1.0,1.0,1.0,1.0,0.0,0,
"To Wong Foo, Thanks for Everything, Julie Newmar",AMC Alderwood Mall 16,2026-06-29,2026-06-30,ordinary_title_only,0,2.0,0.0,1.0,1.0,1.0,1.0,1.0,0.0,0,
"To Wong Foo, Thanks for Everything, Julie Newmar",AMC Alderwood Mall 16,2026-06-29,2026-07-01,ordinary_title_only,0,2.0,0.0,1.0,1.0,1.0,1.0,1.0,0.0,0,
"To Wong Foo, Thanks for Everything, Julie Newmar",AMC Southcenter 16,2026-06-29,2026-06-30,ordinary_title_only,0,2.0,0.0,1.0,1.0,1.0,1.0,1.0,0.0,0,
"To Wong Foo, Thanks for Everything, Julie Newmar",AMC Southcenter 16,2026-06-29,2026-07-01,ordinary_title_only,0,2.0,0.0,1.0,1.0,1.0,1.0,1.0,0.0,0,
Tom and Jerry: The Forbidden Compass,AMC Southcenter 16,2026-09-02,2026-09-09,ordinary,0,1.0,0.0,0.0,,0.0,1.0,1.0,1.0,0,
Tony,AMC Alderwood Mall 16,2026-08-19,2026-08-26,ordinary,1,5.0,1.0,3.0,0.75,0.0,1.0,0.0,0.0,15,2026-08-26
Tony,AMC Kent Station 14,2026-08-19,2026-08-26,ordinary,1,5.0,1.0,3.0,0.75,0.0,1.0,0.0,0.0,8,2026-08-25
Tony,AMC Pacific Place 11,2026-08-20,2026-08-27,ordinary,1,5.0,0.0,0.0,0.0,0.0,0.0,1.0,0.0,14,2026-08-25
Tony,AMC Southcenter 16,2026-08-19,2026-08-26,ordinary,1,5.0,1.0,3.0,0.75,0.0,1.0,0.0,0.0,13,2026-08-25
Tony,AMC Woodinville 12,2026-08-19,2026-08-26,ordinary,1,5.0,1.0,3.0,0.75,0.0,1.0,0.0,0.0,14,2026-08-26
Toy Story 5,AMC Alderwood Mall 16,2026-06-29,2026-07-02,ordinary_title_only,0,7.0,2.0,0.0,0.0,0.0,0.0,0.0,0.0,0,
Toy Story 5,AMC Alderwood Mall 16,2026-06-29,2026-07-02,ordinary,1,7.0,5.0,0.0,0.0,0.0,0.0,0.0,0.0,56,2026-07-01
Toy Story 5,AMC Factoria 8,2026-06-29,2026-06-30,ordinary_title_only,0,7.0,3.0,3.0,0.5,0.0,1.0,0.0,0.0,0,
Toy Story 5,AMC Factoria 8,2026-07-02,2026-07-09,ordinary,1,7.0,4.0,0.0,0.0,0.0,0.0,0.0,0.0,28,2026-07-07
Toy Story 5,AMC Kent Station 14,2026-06-29,2026-06-30,ordinary_title_only,0,7.0,3.0,3.0,0.5,0.0,1.0,0.0,0.0,0,
Toy Story 5,AMC Kent Station 14,2026-07-08,2026-07-15,ordinary,1,7.0,3.0,3.0,0.5,0.0,1.0,0.0,0.0,57,2026-07-14
Toy Story 5,AMC Oak Tree 6,2026-06-29,2026-06-30,ordinary_title_only,0,7.0,3.0,3.0,0.5,0.0,1.0,0.0,0.0,0,
Toy Story 5,AMC Oak Tree 6,2026-06-29,2026-07-01,ordinary,1,7.0,6.0,0.0,0.0,0.0,1.0,0.0,0.0,28,2026-06-30
Toy Story 5,AMC Pacific Place 11,2026-06-29,2026-07-06,ordinary_title_only,0,7.0,1.0,0.0,0.0,0.0,0.0,0.0,0.0,0,
Toy Story 5,AMC Pacific Place 11,2026-07-09,2026-07-16,ordinary,1,7.0,1.0,1.0,0.16666666666666666,0.0,0.0,0.0,0.0,21,2026-07-14
Toy Story 5,AMC Southcenter 16,2026-06-29,2026-06-30,ordinary_title_only,0,7.0,3.0,3.0,0.5,0.0,1.0,0.0,0.0,0,
Toy Story 5,AMC Southcenter 16,2026-07-09,2026-07-16,ordinary,1,7.0,1.0,1.0,0.16666666666666666,0.0,0.0,0.0,0.0,28,2026-07-15
Toy Story 5,AMC Southcenter 16,2026-09-02,2026-09-09,ordinary,0,2.0,0.0,1.0,1.0,1.0,1.0,1.0,0.0,0,
Toy Story 5,AMC Woodinville 12,2026-07-01,2026-07-08,ordinary_title_only,0,3.0,0.0,0.0,0.0,0.0,0.0,1.0,0.0,0,
Toy Story 5,AMC Woodinville 12,2026-07-15,2026-07-22,ordinary,1,7.0,1.0,5.0,0.8333333333333334,0.0,1.0,0.0,0.0,36,2026-07-21
Train to Busan - 10th Anniversary Remastered & Revived,AMC Alderwood Mall 16,2026-08-13,2026-08-20,rerelease,0,2.0,0.0,1.0,1.0,1.0,1.0,1.0,0.0,0,
Train to Busan - 10th Anniversary Remastered & Revived,AMC Southcenter 16,2026-08-13,2026-08-20,rerelease,0,2.0,0.0,1.0,1.0,1.0,1.0,1.0,0.0,0,
Tuner,AMC Alderwood Mall 16,2026-07-01,2026-07-08,ordinary_title_only,1,1.0,0.0,0.0,,0.0,1.0,1.0,1.0,1,2026-07-08
Twenty Years of the Met in Cinemas: An Anniversary Celebration,AMC Alderwood Mall 16,2026-09-12,2026-09-19,rerelease,0,3.0,0.0,2.0,1.0,1.0,1.0,1.0,0.0,0,
Twenty Years of the Met in Cinemas: An Anniversary Celebration,AMC Kent Station 14,2026-09-12,2026-09-19,rerelease,0,3.0,0.0,2.0,1.0,1.0,1.0,1.0,0.0,0,
Twenty Years of the Met in Cinemas: An Anniversary Celebration,AMC Oak Tree 6,2026-09-16,2026-09-19,rerelease,0,4.0,0.0,3.0,1.0,1.0,1.0,1.0,0.0,0,
Twenty Years of the Met in Cinemas: An Anniversary Celebration,AMC Southcenter 16,2026-09-12,2026-09-19,rerelease,0,3.0,0.0,2.0,1.0,1.0,1.0,1.0,0.0,0,
UFC 329: McGregor vs Holloway,AMC Alderwood Mall 16,2026-07-04,2026-07-11,special_event_title_only,0,1.0,0.0,0.0,,0.0,1.0,1.0,1.0,0,
Virginia Woolf's Night & Day,AMC Southcenter 16,2026-09-02,2026-09-09,ordinary,0,1.0,0.0,0.0,,0.0,1.0,1.0,1.0,0,
Welcome To The Jungle,AMC Southcenter 16,2026-06-29,2026-06-30,ordinary_title_only,0,1.0,0.0,0.0,,0.0,1.0,1.0,1.0,0,
Wet Hot American Summer: 25th Anniversary,AMC Alderwood Mall 16,2026-08-10,2026-08-17,rerelease,1,2.0,0.0,1.0,1.0,1.0,1.0,1.0,0.0,2,2026-08-12
Wet Hot American Summer: 25th Anniversary,AMC Southcenter 16,2026-08-10,2026-08-17,rerelease,1,2.0,0.0,1.0,1.0,1.0,1.0,1.0,0.0,2,2026-08-12
WHAM! 10 Days In China,AMC Alderwood Mall 16,2026-07-21,2026-07-28,special_event,0,2.0,0.0,1.0,1.0,1.0,1.0,1.0,0.0,0,
WHAM! 10 Days In China,AMC Southcenter 16,2026-07-21,2026-07-28,special_event,0,2.0,0.0,1.0,1.0,1.0,1.0,1.0,0.0,0,
Willy Wonka & the Chocolate Factory 55th Anniversary,AMC Alderwood Mall 16,2026-07-29,2026-08-05,special_event,0,4.0,0.0,3.0,1.0,1.0,1.0,1.0,0.0,0,
Willy Wonka & the Chocolate Factory 55th Anniversary,AMC Kent Station 14,2026-07-29,2026-08-05,special_event,0,4.0,0.0,3.0,1.0,1.0,1.0,1.0,0.0,0,
Willy Wonka & the Chocolate Factory 55th Anniversary,AMC Southcenter 16,2026-07-29,2026-08-05,special_event,0,4.0,0.0,3.0,1.0,1.0,1.0,1.0,0.0,0,
Willy Wonka & the Chocolate Factory 55th Anniversary,AMC Woodinville 12,2026-07-29,2026-08-05,special_event,0,4.0,0.0,3.0,1.0,1.0,1.0,1.0,0.0,0,
Without Blood,AMC Southcenter 16,2026-09-16,2026-09-23,ordinary,0,1.0,0.0,0.0,,0.0,1.0,1.0,1.0,0,
WWE SummerSlam 2026,AMC Alderwood Mall 16,2026-07-26,2026-08-02,ambiguous_special,0,1.0,0.0,0.0,,0.0,1.0,1.0,1.0,0,
"You Had to Be There: How the Toronto Godspell Ignited the Comedy Revolution, Spread Love & Overalls.",AMC Pacific Place 11,2026-09-22,2026-09-25,ordinary,1,1.0,0.0,0.0,,0.0,1.0,1.0,1.0,5,2026-09-23
Young Washington,AMC Alderwood Mall 16,2026-07-02,2026-07-09,ordinary,1,6.0,0.0,0.0,0.0,0.0,0.0,1.0,0.0,20,2026-07-08
Young Washington,AMC Alderwood Mall 16,2026-07-02,2026-07-09,ordinary_title_only,0,1.0,0.0,0.0,,0.0,1.0,1.0,1.0,0,
Young Washington,AMC Factoria 8,2026-06-29,2026-07-04,ordinary,1,6.0,4.0,1.0,0.2,0.0,1.0,0.0,0.0,12,2026-06-30
Young Washington,AMC Kent Station 14,2026-07-01,2026-07-08,ordinary,1,6.0,1.0,4.0,0.8,0.0,1.0,0.0,0.0,15,2026-07-07
Young Washington,AMC Oak Tree 6,2026-07-07,2026-07-09,ordinary,1,7.0,4.0,1.0,0.16666666666666666,0.0,0.0,0.0,0.0,6,2026-07-08
Young Washington,AMC Pacific Place 11,2026-06-29,2026-07-04,ordinary,1,6.0,4.0,1.0,0.2,0.0,1.0,0.0,0.0,12,2026-07-01
Young Washington,AMC Southcenter 16,2026-07-01,2026-07-08,ordinary,1,6.0,1.0,4.0,0.8,0.0,1.0,0.0,0.0,21,2026-07-07
Young Washington,AMC Woodinville 12,2026-07-01,2026-07-08,ordinary,1,6.0,1.0,4.0,0.8,0.0,1.0,0.0,0.0,21,2026-07-07
Your Letter,AMC Alderwood Mall 16,2026-08-10,2026-08-17,ordinary,0,2.0,0.0,1.0,1.0,1.0,1.0,1.0,0.0,0,
Your Letter,AMC Southcenter 16,2026-08-10,2026-08-17,ordinary,0,2.0,0.0,1.0,1.0,1.0,1.0,1.0,0.0,0,
Your Name. 10th Anniversary,AMC Alderwood Mall 16,2026-08-12,2026-08-19,rerelease,1,4.0,0.0,3.0,1.0,1.0,1.0,1.0,0.0,7,2026-08-19
Your Name. 10th Anniversary,AMC Kent Station 14,2026-08-12,2026-08-19,rerelease,1,4.0,0.0,3.0,1.0,1.0,1.0,1.0,0.0,1,2026-08-18
Your Name. 10th Anniversary,AMC Pacific Place 11,2026-08-11,2026-08-15,rerelease,1,4.0,3.0,0.0,0.0,0.0,1.0,0.0,0.0,12,2026-08-12
Your Name. 10th Anniversary,AMC Southcenter 16,2026-08-12,2026-08-19,rerelease,1,4.0,0.0,3.0,1.0,1.0,1.0,1.0,0.0,7,2026-08-18
