film_id,title,theater_name,observation_date,known_last_show_date,days_to_known_last,segment,days_since_opening,extended,extension_first_observed,extension_magnitude_days,days_until_extension_visible,extension_published_before_listed_end,extension_published_on_listed_end,extension_published_after_listed_end,extension_timing_day,later_final_date_moves,in_population_a,in_population_b,in_population_c,listed_end_weekday,observation_weekday,screenings_on_final_day,screenings_final_2_days,screenings_final_3_days,snapshots_on_this_final,days_on_this_final,prior_extension_count,distinct_final_dates,moved_within_3_snapshots,other_theaters_beyond_listed_end,other_theaters_on_same_end,share_other_theaters_on_same_end,all_theaters_share_listed_end,this_theater_is_earliest_exit,this_theater_is_latest_exit,solo_theater,market_theater_count,final_vs_recent_average,production_p7,y7
84444,2026 CORTIS TOUR <PUT YOUR PHONE DOWN> IN LA: LIVE VIEWING,AMC Alderwood Mall 16,2026-08-06,2026-08-13,7,special_event,-7.0,0,,0,,0,0,0,,0,1,0,1,Thursday,Thursday,1.0,1.0,1.0,8.0,7.0,0.0,1.0,0.0,0.0,1.0,1.0,1.0,1.0,1.0,0.0,2.0,,0.09480274220478921,0
84444,2026 CORTIS TOUR <PUT YOUR PHONE DOWN> IN LA: LIVE VIEWING,AMC Southcenter 16,2026-08-06,2026-08-13,7,special_event,-7.0,0,,0,,0,0,0,,0,1,0,1,Thursday,Thursday,1.0,1.0,1.0,2.0,1.0,0.0,1.0,0.0,0.0,1.0,1.0,1.0,1.0,1.0,0.0,2.0,,0.09480274220478921,0
84987,2026 Rocket League World Championship,AMC Southcenter 16,2026-09-13,2026-09-20,7,special_event,-7.0,0,,0,,0,0,0,,0,1,0,1,Sunday,Sunday,1.0,1.0,1.0,6.0,5.0,0.0,1.0,0.0,0.0,0.0,,0.0,1.0,1.0,1.0,1.0,,0.3595456826028167,0
84226,Above and Below,AMC Alderwood Mall 16,2026-07-23,2026-07-29,6,special_event,-6.0,0,,0,,0,0,0,,0,1,0,1,Wednesday,Thursday,1.0,1.0,1.0,1.0,0.0,0.0,1.0,0.0,0.0,1.0,1.0,1.0,1.0,1.0,0.0,2.0,,0.24522427356839202,1
84226,Above and Below,AMC Southcenter 16,2026-07-23,2026-07-29,6,special_event,-6.0,0,,0,,0,0,0,,0,1,0,1,Wednesday,Thursday,1.0,1.0,1.0,1.0,0.0,0.0,1.0,0.0,0.0,1.0,1.0,1.0,1.0,1.0,0.0,2.0,,0.24522427356839202,1
84498,Akira,AMC Alderwood Mall 16,2026-09-02,2026-09-09,7,ordinary,-1.0,1,2026-09-09,7,7,0,1,0,0,1,1,0,1,Wednesday,Wednesday,7.0,13.0,18.0,8.0,7.0,5.0,6.0,0.0,1.0,2.0,0.5,0.0,0.0,0.0,0.0,5.0,,0.012376640671242589,0
84498,Akira,AMC Kent Station 14,2026-09-02,2026-09-09,7,ordinary,-1.0,1,2026-09-05,8,3,1,0,0,-4,3,1,0,1,Wednesday,Wednesday,5.0,9.0,13.0,2.0,1.0,1.0,2.0,1.0,1.0,2.0,0.5,0.0,0.0,0.0,0.0,5.0,,0.012313587609576734,0
84498,Akira,AMC Pacific Place 11,2026-09-01,2026-09-04,3,ordinary,-2.0,1,2026-09-02,12,1,1,0,0,-2,2,1,1,1,Friday,Tuesday,2.0,3.0,3.0,1.0,0.0,0.0,1.0,0.0,4.0,0.0,0.0,0.0,1.0,0.0,0.0,5.0,,0.024798159497813613,0
84498,Akira,AMC Southcenter 16,2026-09-03,2026-09-10,7,ordinary,0.0,1,2026-09-09,6,6,1,0,0,-1,1,1,0,1,Thursday,Thursday,4.0,8.0,12.0,8.0,7.0,3.0,4.0,0.0,0.0,0.0,0.0,0.0,0.0,1.0,0.0,5.0,,0.012189076815951235,0
84498,Akira,AMC Woodinville 12,2026-09-02,2026-09-09,7,ordinary,-1.0,1,2026-09-09,8,7,0,1,0,0,2,1,0,1,Wednesday,Wednesday,4.0,8.0,12.0,8.0,7.0,0.0,1.0,0.0,1.0,2.0,0.5,0.0,0.0,0.0,0.0,5.0,,0.012496276056380307,0
title:alemania-vs-paraguay-telemundo-presenta-la-copa-mundial-de-la-fifa-2026,Alemania vs Paraguay - Telemundo presenta la Copa Mundial de la FIFA 2026,AMC Alderwood Mall 16,2026-06-29,2026-06-29,0,special_event_title_only,0.0,0,,0,,0,0,0,,0,1,1,1,Monday,Monday,1.0,1.0,1.0,1.0,0.0,0.0,1.0,0.0,0.0,0.0,,0.0,1.0,1.0,1.0,1.0,,0.9434720737424885,1
84550,All Wishes Come True!,AMC Pacific Place 11,2026-08-18,2026-08-21,3,ordinary,-3.0,1,2026-08-19,13,1,1,0,0,-2,4,1,1,1,Friday,Tuesday,3.0,3.0,3.0,1.0,0.0,0.0,1.0,0.0,0.0,0.0,,0.0,1.0,1.0,1.0,1.0,,0.8945461968188676,0
81765,Alpha (dir. Rawail),AMC Southcenter 16,2026-07-01,2026-07-08,7,ordinary_title_only,-2.0,0,,0,,0,0,0,,0,1,0,1,Wednesday,Wednesday,2.0,4.0,6.0,3.0,2.0,0.0,1.0,0.0,0.0,0.0,,0.0,1.0,1.0,1.0,1.0,,0.4931400833564204,0
title:amc-screen-unseen-june-29,AMC,AMC Alderwood Mall 16,2026-06-29,2026-06-29,0,special_event_title_only,0.0,0,,0,,0,0,0,,0,1,1,1,Monday,Monday,1.0,1.0,1.0,1.0,0.0,0.0,1.0,0.0,0.0,6.0,1.0,1.0,1.0,1.0,0.0,7.0,,0.943650994738604,1
title:amc-screen-unseen-june-29,AMC,AMC Factoria 8,2026-06-29,2026-06-29,0,special_event_title_only,0.0,0,,0,,0,0,0,,0,1,1,1,Monday,Monday,1.0,1.0,1.0,1.0,0.0,0.0,1.0,0.0,0.0,6.0,1.0,1.0,1.0,1.0,0.0,7.0,,0.943650994738604,1
title:amc-screen-unseen-june-29,AMC,AMC Kent Station 14,2026-06-29,2026-06-29,0,special_event_title_only,0.0,0,,0,,0,0,0,,0,1,1,1,Monday,Monday,1.0,1.0,1.0,1.0,0.0,0.0,1.0,0.0,0.0,6.0,1.0,1.0,1.0,1.0,0.0,7.0,,0.943650994738604,1
title:amc-screen-unseen-june-29,AMC,AMC Oak Tree 6,2026-06-29,2026-06-29,0,special_event_title_only,0.0,0,,0,,0,0,0,,0,1,1,1,Monday,Monday,1.0,1.0,1.0,1.0,0.0,0.0,1.0,0.0,0.0,6.0,1.0,1.0,1.0,1.0,0.0,7.0,,0.943650994738604,1
title:amc-screen-unseen-june-29,AMC,AMC Pacific Place 11,2026-06-29,2026-06-29,0,special_event_title_only,0.0,0,,0,,0,0,0,,0,1,1,1,Monday,Monday,1.0,1.0,1.0,1.0,0.0,0.0,1.0,0.0,0.0,6.0,1.0,1.0,1.0,1.0,0.0,7.0,,0.943650994738604,1
title:amc-screen-unseen-june-29,AMC,AMC Southcenter 16,2026-06-29,2026-06-29,0,special_event_title_only,0.0,0,,0,,0,0,0,,0,1,1,1,Monday,Monday,1.0,1.0,1.0,1.0,0.0,0.0,1.0,0.0,0.0,6.0,1.0,1.0,1.0,1.0,0.0,7.0,,0.943650994738604,1
title:amc-screen-unseen-june-29,AMC,AMC Woodinville 12,2026-06-29,2026-06-29,0,special_event_title_only,0.0,0,,0,,0,0,0,,0,1,1,1,Monday,Monday,1.0,1.0,1.0,1.0,0.0,0.0,1.0,0.0,0.0,6.0,1.0,1.0,1.0,1.0,0.0,7.0,,0.943650994738604,1
84660,AMC Scream Unseen: August 17,AMC Alderwood Mall 16,2026-08-10,2026-08-17,7,special_event,-7.0,0,,0,,0,0,0,,0,1,0,1,Monday,Monday,1.0,1.0,1.0,6.0,5.0,0.0,1.0,0.0,0.0,5.0,1.0,1.0,1.0,1.0,0.0,6.0,,0.1487343159107604,0
84660,AMC Scream Unseen: August 17,AMC Factoria 8,2026-08-10,2026-08-17,7,special_event,-7.0,0,,0,,0,0,0,,0,1,0,1,Monday,Monday,1.0,1.0,1.0,6.0,5.0,0.0,1.0,0.0,0.0,5.0,1.0,1.0,1.0,1.0,0.0,6.0,,0.1487343159107604,0
84660,AMC Scream Unseen: August 17,AMC Kent Station 14,2026-08-10,2026-08-17,7,special_event,-7.0,0,,0,,0,0,0,,0,1,0,1,Monday,Monday,2.0,2.0,2.0,6.0,5.0,0.0,1.0,0.0,0.0,5.0,1.0,1.0,1.0,1.0,0.0,6.0,,0.14685234918493686,0
84660,AMC Scream Unseen: August 17,AMC Oak Tree 6,2026-08-10,2026-08-17,7,special_event,-7.0,0,,0,,0,0,0,,0,1,0,1,Monday,Monday,1.0,1.0,1.0,6.0,5.0,0.0,1.0,0.0,0.0,5.0,1.0,1.0,1.0,1.0,0.0,6.0,,0.1487343159107604,0
84660,AMC Scream Unseen: August 17,AMC Pacific Place 11,2026-08-10,2026-08-17,7,special_event,-7.0,0,,0,,0,0,0,,0,1,0,1,Monday,Monday,1.0,1.0,1.0,6.0,5.0,0.0,1.0,0.0,0.0,5.0,1.0,1.0,1.0,1.0,0.0,6.0,,0.1487343159107604,0
84660,AMC Scream Unseen: August 17,AMC Southcenter 16,2026-08-10,2026-08-17,7,special_event,-7.0,0,,0,,0,0,0,,0,1,0,1,Monday,Monday,1.0,1.0,1.0,6.0,5.0,0.0,1.0,0.0,0.0,5.0,1.0,1.0,1.0,1.0,0.0,6.0,,0.1487343159107604,0
84660,AMC Scream Unseen: August 17,AMC Woodinville 12,2026-08-11,2026-08-17,6,special_event,-6.0,0,,0,,0,0,0,,0,1,0,1,Monday,Tuesday,1.0,1.0,1.0,1.0,0.0,0.0,1.0,0.0,0.0,6.0,1.0,1.0,1.0,1.0,0.0,7.0,,0.41775277963870033,1
84688,AMC Scream Unseen: August 24,AMC Alderwood Mall 16,2026-08-17,2026-08-24,7,special_event,-7.0,0,,0,,0,0,0,,0,1,0,1,Monday,Monday,1.0,1.0,1.0,6.0,5.0,0.0,1.0,0.0,0.0,6.0,1.0,1.0,1.0,1.0,0.0,7.0,,0.14241195065396725,0
84688,AMC Scream Unseen: August 24,AMC Factoria 8,2026-08-17,2026-08-24,7,special_event,-7.0,0,,0,,0,0,0,,0,1,0,1,Monday,Monday,1.0,1.0,1.0,6.0,5.0,0.0,1.0,0.0,0.0,6.0,1.0,1.0,1.0,1.0,0.0,7.0,,0.14241195065396725,0
84688,AMC Scream Unseen: August 24,AMC Kent Station 14,2026-08-17,2026-08-24,7,special_event,-7.0,0,,0,,0,0,0,,0,1,0,1,Monday,Monday,2.0,2.0,2.0,6.0,5.0,0.0,1.0,0.0,0.0,6.0,1.0,1.0,1.0,1.0,0.0,7.0,,0.14061646610150977,0
84688,AMC Scream Unseen: August 24,AMC Oak Tree 6,2026-08-17,2026-08-24,7,special_event,-7.0,0,,0,,0,0,0,,0,1,0,1,Monday,Monday,1.0,1.0,1.0,6.0,5.0,0.0,1.0,0.0,0.0,6.0,1.0,1.0,1.0,1.0,0.0,7.0,,0.14241195065396725,0
84688,AMC Scream Unseen: August 24,AMC Pacific Place 11,2026-08-17,2026-08-24,7,special_event,-7.0,0,,0,,0,0,0,,0,1,0,1,Monday,Monday,1.0,1.0,1.0,6.0,5.0,0.0,1.0,0.0,0.0,6.0,1.0,1.0,1.0,1.0,0.0,7.0,,0.14241195065396725,0
84688,AMC Scream Unseen: August 24,AMC Southcenter 16,2026-08-17,2026-08-24,7,special_event,-7.0,0,,0,,0,0,0,,0,1,0,1,Monday,Monday,1.0,1.0,1.0,6.0,5.0,0.0,1.0,0.0,0.0,6.0,1.0,1.0,1.0,1.0,0.0,7.0,,0.14241195065396725,0
84688,AMC Scream Unseen: August 24,AMC Woodinville 12,2026-08-17,2026-08-24,7,special_event,-7.0,0,,0,,0,0,0,,0,1,0,1,Monday,Monday,2.0,2.0,2.0,6.0,5.0,0.0,1.0,0.0,0.0,6.0,1.0,1.0,1.0,1.0,0.0,7.0,,0.14061646610150977,0
84363,AMC Scream Unseen: August 3,AMC Alderwood Mall 16,2026-07-27,2026-08-03,7,special_event,-7.0,0,,0,,0,0,0,,0,1,0,1,Monday,Monday,1.0,1.0,1.0,6.0,5.0,0.0,1.0,0.0,0.0,6.0,1.0,1.0,1.0,1.0,0.0,7.0,,0.17547643836956311,0
84363,AMC Scream Unseen: August 3,AMC Factoria 8,2026-07-27,2026-08-03,7,special_event,-7.0,0,,0,,0,0,0,,0,1,0,1,Monday,Monday,1.0,1.0,1.0,6.0,5.0,0.0,1.0,0.0,0.0,6.0,1.0,1.0,1.0,1.0,0.0,7.0,,0.17547643836956311,0
84363,AMC Scream Unseen: August 3,AMC Kent Station 14,2026-07-27,2026-08-03,7,special_event,-7.0,0,,0,,0,0,0,,0,1,0,1,Monday,Monday,2.0,2.0,2.0,6.0,5.0,0.0,1.0,0.0,0.0,6.0,1.0,1.0,1.0,1.0,0.0,7.0,,0.17324061093451357,0
84363,AMC Scream Unseen: August 3,AMC Oak Tree 6,2026-07-27,2026-08-03,7,special_event,-7.0,0,,0,,0,0,0,,0,1,0,1,Monday,Monday,1.0,1.0,1.0,6.0,5.0,0.0,1.0,0.0,0.0,6.0,1.0,1.0,1.0,1.0,0.0,7.0,,0.17547643836956311,0
84363,AMC Scream Unseen: August 3,AMC Pacific Place 11,2026-07-27,2026-08-03,7,special_event,-7.0,0,,0,,0,0,0,,0,1,0,1,Monday,Monday,1.0,1.0,1.0,6.0,5.0,0.0,1.0,0.0,0.0,6.0,1.0,1.0,1.0,1.0,0.0,7.0,,0.17547643836956311,0
84363,AMC Scream Unseen: August 3,AMC Southcenter 16,2026-07-27,2026-08-03,7,special_event,-7.0,0,,0,,0,0,0,,0,1,0,1,Monday,Monday,1.0,1.0,1.0,6.0,5.0,0.0,1.0,0.0,0.0,6.0,1.0,1.0,1.0,1.0,0.0,7.0,,0.17547643836956311,0
84363,AMC Scream Unseen: August 3,AMC Woodinville 12,2026-07-27,2026-08-03,7,special_event,-7.0,0,,0,,0,0,0,,0,1,0,1,Monday,Monday,1.0,1.0,1.0,6.0,5.0,0.0,1.0,0.0,0.0,6.0,1.0,1.0,1.0,1.0,0.0,7.0,,0.17547643836956311,0
84465,AMC Screen Unseen: August 10,AMC Alderwood Mall 16,2026-08-03,2026-08-10,7,special_event,-7.0,0,,0,,0,0,0,,0,1,0,1,Monday,Monday,1.0,1.0,1.0,6.0,5.0,0.0,1.0,0.0,0.0,6.0,1.0,1.0,1.0,1.0,0.0,7.0,,0.17547643836956311,0
84465,AMC Screen Unseen: August 10,AMC Factoria 8,2026-08-03,2026-08-10,7,special_event,-7.0,0,,0,,0,0,0,,0,1,0,1,Monday,Monday,1.0,1.0,1.0,6.0,5.0,0.0,1.0,0.0,0.0,6.0,1.0,1.0,1.0,1.0,0.0,7.0,,0.17547643836956311,0
84465,AMC Screen Unseen: August 10,AMC Kent Station 14,2026-08-03,2026-08-10,7,special_event,-7.0,0,,0,,0,0,0,,0,1,0,1,Monday,Monday,2.0,2.0,2.0,6.0,5.0,0.0,1.0,0.0,0.0,6.0,1.0,1.0,1.0,1.0,0.0,7.0,,0.17324061093451357,0
84465,AMC Screen Unseen: August 10,AMC Oak Tree 6,2026-08-03,2026-08-10,7,special_event,-7.0,0,,0,,0,0,0,,0,1,0,1,Monday,Monday,1.0,1.0,1.0,6.0,5.0,0.0,1.0,0.0,0.0,6.0,1.0,1.0,1.0,1.0,0.0,7.0,,0.17547643836956311,0
84465,AMC Screen Unseen: August 10,AMC Pacific Place 11,2026-08-03,2026-08-10,7,special_event,-7.0,0,,0,,0,0,0,,0,1,0,1,Monday,Monday,1.0,1.0,1.0,6.0,5.0,0.0,1.0,0.0,0.0,6.0,1.0,1.0,1.0,1.0,0.0,7.0,,0.17547643836956311,0
84465,AMC Screen Unseen: August 10,AMC Southcenter 16,2026-08-03,2026-08-10,7,special_event,-7.0,0,,0,,0,0,0,,0,1,0,1,Monday,Monday,1.0,1.0,1.0,6.0,5.0,0.0,1.0,0.0,0.0,6.0,1.0,1.0,1.0,1.0,0.0,7.0,,0.17547643836956311,0
84465,AMC Screen Unseen: August 10,AMC Woodinville 12,2026-08-03,2026-08-10,7,special_event,-7.0,0,,0,,0,0,0,,0,1,0,1,Monday,Monday,1.0,1.0,1.0,6.0,5.0,0.0,1.0,0.0,0.0,6.0,1.0,1.0,1.0,1.0,0.0,7.0,,0.17547643836956311,0
84689,AMC Screen Unseen: August 31,AMC Alderwood Mall 16,2026-08-24,2026-08-31,7,special_event,-7.0,0,,0,,0,0,0,,0,1,0,1,Monday,Monday,1.0,1.0,1.0,6.0,5.0,0.0,1.0,0.0,0.0,6.0,1.0,1.0,1.0,1.0,0.0,7.0,,0.14241195065396725,0
84689,AMC Screen Unseen: August 31,AMC Factoria 8,2026-08-24,2026-08-31,7,special_event,-7.0,0,,0,,0,0,0,,0,1,0,1,Monday,Monday,1.0,1.0,1.0,6.0,5.0,0.0,1.0,0.0,0.0,6.0,1.0,1.0,1.0,1.0,0.0,7.0,,0.14241195065396725,0
84689,AMC Screen Unseen: August 31,AMC Kent Station 14,2026-08-24,2026-08-31,7,special_event,-7.0,0,,0,,0,0,0,,0,1,0,1,Monday,Monday,2.0,2.0,2.0,6.0,5.0,0.0,1.0,0.0,0.0,6.0,1.0,1.0,1.0,1.0,0.0,7.0,,0.14061646610150977,0
84689,AMC Screen Unseen: August 31,AMC Oak Tree 6,2026-08-24,2026-08-31,7,special_event,-7.0,0,,0,,0,0,0,,0,1,0,1,Monday,Monday,1.0,1.0,1.0,6.0,5.0,0.0,1.0,0.0,0.0,6.0,1.0,1.0,1.0,1.0,0.0,7.0,,0.14241195065396725,0
84689,AMC Screen Unseen: August 31,AMC Pacific Place 11,2026-08-24,2026-08-31,7,special_event,-7.0,0,,0,,0,0,0,,0,1,0,1,Monday,Monday,1.0,1.0,1.0,6.0,5.0,0.0,1.0,0.0,0.0,6.0,1.0,1.0,1.0,1.0,0.0,7.0,,0.14241195065396725,0
84689,AMC Screen Unseen: August 31,AMC Southcenter 16,2026-08-24,2026-08-31,7,special_event,-7.0,0,,0,,0,0,0,,0,1,0,1,Monday,Monday,1.0,1.0,1.0,6.0,5.0,0.0,1.0,0.0,0.0,6.0,1.0,1.0,1.0,1.0,0.0,7.0,,0.14241195065396725,0
84689,AMC Screen Unseen: August 31,AMC Woodinville 12,2026-08-24,2026-08-31,7,special_event,-7.0,0,,0,,0,0,0,,0,1,0,1,Monday,Monday,2.0,2.0,2.0,6.0,5.0,0.0,1.0,0.0,0.0,6.0,1.0,1.0,1.0,1.0,0.0,7.0,,0.14061646610150977,0
84361,AMC Screen Unseen: July 20,AMC Alderwood Mall 16,2026-07-13,2026-07-20,7,special_event,-7.0,0,,0,,0,0,0,,0,1,0,1,Monday,Monday,1.0,1.0,1.0,6.0,5.0,0.0,1.0,0.0,0.0,6.0,1.0,1.0,1.0,1.0,0.0,7.0,,0.14241195065396725,0
84361,AMC Screen Unseen: July 20,AMC Factoria 8,2026-07-13,2026-07-20,7,special_event,-7.0,0,,0,,0,0,0,,0,1,0,1,Monday,Monday,1.0,1.0,1.0,6.0,5.0,0.0,1.0,0.0,0.0,6.0,1.0,1.0,1.0,1.0,0.0,7.0,,0.14241195065396725,0
84361,AMC Screen Unseen: July 20,AMC Kent Station 14,2026-07-13,2026-07-20,7,special_event,-7.0,0,,0,,0,0,0,,0,1,0,1,Monday,Monday,2.0,2.0,2.0,6.0,5.0,0.0,1.0,0.0,0.0,6.0,1.0,1.0,1.0,1.0,0.0,7.0,,0.14061646610150977,0
84361,AMC Screen Unseen: July 20,AMC Oak Tree 6,2026-07-13,2026-07-20,7,special_event,-7.0,0,,0,,0,0,0,,0,1,0,1,Monday,Monday,1.0,1.0,1.0,6.0,5.0,0.0,1.0,0.0,0.0,6.0,1.0,1.0,1.0,1.0,0.0,7.0,,0.14241195065396725,0
84361,AMC Screen Unseen: July 20,AMC Pacific Place 11,2026-07-13,2026-07-20,7,special_event,-7.0,0,,0,,0,0,0,,0,1,0,1,Monday,Monday,1.0,1.0,1.0,6.0,5.0,0.0,1.0,0.0,0.0,6.0,1.0,1.0,1.0,1.0,0.0,7.0,,0.14241195065396725,0
84361,AMC Screen Unseen: July 20,AMC Southcenter 16,2026-07-13,2026-07-20,7,special_event,-7.0,0,,0,,0,0,0,,0,1,0,1,Monday,Monday,1.0,1.0,1.0,6.0,5.0,0.0,1.0,0.0,0.0,6.0,1.0,1.0,1.0,1.0,0.0,7.0,,0.14241195065396725,0
84361,AMC Screen Unseen: July 20,AMC Woodinville 12,2026-07-13,2026-07-20,7,special_event,-7.0,0,,0,,0,0,0,,0,1,0,1,Monday,Monday,2.0,2.0,2.0,6.0,5.0,0.0,1.0,0.0,0.0,6.0,1.0,1.0,1.0,1.0,0.0,7.0,,0.14061646610150977,0
84362,AMC Screen Unseen: July 27,AMC Alderwood Mall 16,2026-07-20,2026-07-27,7,special_event,-7.0,0,,0,,0,0,0,,0,1,0,1,Monday,Monday,1.0,1.0,1.0,6.0,5.0,0.0,1.0,0.0,0.0,6.0,1.0,1.0,1.0,1.0,0.0,7.0,,0.21625656494770074,0
84362,AMC Screen Unseen: July 27,AMC Factoria 8,2026-07-20,2026-07-27,7,special_event,-7.0,0,,0,,0,0,0,,0,1,0,1,Monday,Monday,1.0,1.0,1.0,6.0,5.0,0.0,1.0,0.0,0.0,6.0,1.0,1.0,1.0,1.0,0.0,7.0,,0.21625656494770074,0
84362,AMC Screen Unseen: July 27,AMC Kent Station 14,2026-07-20,2026-07-27,7,special_event,-7.0,0,,0,,0,0,0,,0,1,0,1,Monday,Monday,1.0,1.0,1.0,6.0,5.0,0.0,1.0,0.0,0.0,6.0,1.0,1.0,1.0,1.0,0.0,7.0,,0.21625656494770074,0
84362,AMC Screen Unseen: July 27,AMC Oak Tree 6,2026-07-20,2026-07-27,7,special_event,-7.0,0,,0,,0,0,0,,0,1,0,1,Monday,Monday,1.0,1.0,1.0,6.0,5.0,0.0,1.0,0.0,0.0,6.0,1.0,1.0,1.0,1.0,0.0,7.0,,0.21625656494770074,0
84362,AMC Screen Unseen: July 27,AMC Pacific Place 11,2026-07-20,2026-07-27,7,special_event,-7.0,0,,0,,0,0,0,,0,1,0,1,Monday,Monday,1.0,1.0,1.0,6.0,5.0,0.0,1.0,0.0,0.0,6.0,1.0,1.0,1.0,1.0,0.0,7.0,,0.21625656494770074,0
84362,AMC Screen Unseen: July 27,AMC Southcenter 16,2026-07-20,2026-07-27,7,special_event,-7.0,0,,0,,0,0,0,,0,1,0,1,Monday,Monday,1.0,1.0,1.0,6.0,5.0,0.0,1.0,0.0,0.0,6.0,1.0,1.0,1.0,1.0,0.0,7.0,,0.21625656494770074,0
84362,AMC Screen Unseen: July 27,AMC Woodinville 12,2026-07-20,2026-07-27,7,special_event,-7.0,0,,0,,0,0,0,,0,1,0,1,Monday,Monday,1.0,1.0,1.0,6.0,5.0,0.0,1.0,0.0,0.0,6.0,1.0,1.0,1.0,1.0,0.0,7.0,,0.21625656494770074,0
84804,AMC Screen Unseen: September 13,AMC Alderwood Mall 16,2026-09-06,2026-09-13,7,special_event,-7.0,0,,0,,0,0,0,,0,1,0,1,Sunday,Sunday,1.0,1.0,1.0,5.0,4.0,0.0,1.0,0.0,0.0,6.0,1.0,1.0,1.0,1.0,0.0,7.0,,0.5141680892735164,0
84804,AMC Screen Unseen: September 13,AMC Factoria 8,2026-09-06,2026-09-13,7,special_event,-7.0,0,,0,,0,0,0,,0,1,0,1,Sunday,Sunday,1.0,1.0,1.0,5.0,4.0,0.0,1.0,0.0,0.0,6.0,1.0,1.0,1.0,1.0,0.0,7.0,,0.5141680892735164,0
84804,AMC Screen Unseen: September 13,AMC Kent Station 14,2026-09-06,2026-09-13,7,special_event,-7.0,0,,0,,0,0,0,,0,1,0,1,Sunday,Sunday,2.0,2.0,2.0,5.0,4.0,0.0,1.0,0.0,0.0,6.0,1.0,1.0,1.0,1.0,0.0,7.0,,0.5098067143903595,0
84804,AMC Screen Unseen: September 13,AMC Oak Tree 6,2026-09-06,2026-09-13,7,special_event,-7.0,0,,0,,0,0,0,,0,1,0,1,Sunday,Sunday,1.0,1.0,1.0,5.0,4.0,0.0,1.0,0.0,0.0,6.0,1.0,1.0,1.0,1.0,0.0,7.0,,0.5141680892735164,0
84804,AMC Screen Unseen: September 13,AMC Pacific Place 11,2026-09-06,2026-09-13,7,special_event,-7.0,0,,0,,0,0,0,,0,1,0,1,Sunday,Sunday,1.0,1.0,1.0,5.0,4.0,0.0,1.0,0.0,0.0,6.0,1.0,1.0,1.0,1.0,0.0,7.0,,0.5141680892735164,0
84804,AMC Screen Unseen: September 13,AMC Southcenter 16,2026-09-06,2026-09-13,7,special_event,-7.0,0,,0,,0,0,0,,0,1,0,1,Sunday,Sunday,1.0,1.0,1.0,5.0,4.0,0.0,1.0,0.0,0.0,6.0,1.0,1.0,1.0,1.0,0.0,7.0,,0.5141680892735164,0
84804,AMC Screen Unseen: September 13,AMC Woodinville 12,2026-09-06,2026-09-13,7,special_event,-7.0,0,,0,,0,0,0,,0,1,0,1,Sunday,Sunday,2.0,2.0,2.0,5.0,4.0,0.0,1.0,0.0,0.0,6.0,1.0,1.0,1.0,1.0,0.0,7.0,,0.5098067143903595,0
84874,AMC Screen Unseen: September 14,AMC Alderwood Mall 16,2026-09-07,2026-09-14,7,special_event,-7.0,0,,0,,0,0,0,,0,1,0,1,Monday,Monday,1.0,1.0,1.0,6.0,5.0,0.0,1.0,0.0,0.0,6.0,1.0,1.0,1.0,1.0,0.0,7.0,,0.14241195065396725,0
84874,AMC Screen Unseen: September 14,AMC Factoria 8,2026-09-07,2026-09-14,7,special_event,-7.0,0,,0,,0,0,0,,0,1,0,1,Monday,Monday,1.0,1.0,1.0,6.0,5.0,0.0,1.0,0.0,0.0,6.0,1.0,1.0,1.0,1.0,0.0,7.0,,0.14241195065396725,0
84874,AMC Screen Unseen: September 14,AMC Kent Station 14,2026-09-07,2026-09-14,7,special_event,-7.0,0,,0,,0,0,0,,0,1,0,1,Monday,Monday,2.0,2.0,2.0,6.0,5.0,0.0,1.0,0.0,0.0,6.0,1.0,1.0,1.0,1.0,0.0,7.0,,0.14061646610150977,0
84874,AMC Screen Unseen: September 14,AMC Oak Tree 6,2026-09-07,2026-09-14,7,special_event,-7.0,0,,0,,0,0,0,,0,1,0,1,Monday,Monday,1.0,1.0,1.0,6.0,5.0,0.0,1.0,0.0,0.0,6.0,1.0,1.0,1.0,1.0,0.0,7.0,,0.14241195065396725,0
84874,AMC Screen Unseen: September 14,AMC Pacific Place 11,2026-09-07,2026-09-14,7,special_event,-7.0,0,,0,,0,0,0,,0,1,0,1,Monday,Monday,1.0,1.0,1.0,6.0,5.0,0.0,1.0,0.0,0.0,6.0,1.0,1.0,1.0,1.0,0.0,7.0,,0.14241195065396725,0
84874,AMC Screen Unseen: September 14,AMC Southcenter 16,2026-09-07,2026-09-14,7,special_event,-7.0,0,,0,,0,0,0,,0,1,0,1,Monday,Monday,1.0,1.0,1.0,6.0,5.0,0.0,1.0,0.0,0.0,6.0,1.0,1.0,1.0,1.0,0.0,7.0,,0.14241195065396725,0
84874,AMC Screen Unseen: September 14,AMC Woodinville 12,2026-09-07,2026-09-14,7,special_event,-7.0,0,,0,,0,0,0,,0,1,0,1,Monday,Monday,2.0,2.0,2.0,6.0,5.0,0.0,1.0,0.0,0.0,6.0,1.0,1.0,1.0,1.0,0.0,7.0,,0.14061646610150977,0
84931,AMC Screen Unseen: September 21,AMC Alderwood Mall 16,2026-09-14,2026-09-21,7,special_event,-7.0,0,,0,,0,0,0,,0,1,0,1,Monday,Monday,1.0,1.0,1.0,6.0,5.0,0.0,1.0,0.0,0.0,6.0,1.0,1.0,1.0,1.0,0.0,7.0,,0.17547643836956311,0
84931,AMC Screen Unseen: September 21,AMC Factoria 8,2026-09-14,2026-09-21,7,special_event,-7.0,0,,0,,0,0,0,,0,1,0,1,Monday,Monday,1.0,1.0,1.0,6.0,5.0,0.0,1.0,0.0,0.0,6.0,1.0,1.0,1.0,1.0,0.0,7.0,,0.17547643836956311,0
84931,AMC Screen Unseen: September 21,AMC Kent Station 14,2026-09-14,2026-09-21,7,special_event,-7.0,0,,0,,0,0,0,,0,1,0,1,Monday,Monday,2.0,2.0,2.0,6.0,5.0,0.0,1.0,0.0,0.0,6.0,1.0,1.0,1.0,1.0,0.0,7.0,,0.17324061093451357,0
84931,AMC Screen Unseen: September 21,AMC Oak Tree 6,2026-09-14,2026-09-21,7,special_event,-7.0,0,,0,,0,0,0,,0,1,0,1,Monday,Monday,1.0,1.0,1.0,6.0,5.0,0.0,1.0,0.0,0.0,6.0,1.0,1.0,1.0,1.0,0.0,7.0,,0.17547643836956311,0
84931,AMC Screen Unseen: September 21,AMC Pacific Place 11,2026-09-14,2026-09-21,7,special_event,-7.0,0,,0,,0,0,0,,0,1,0,1,Monday,Monday,1.0,1.0,1.0,6.0,5.0,0.0,1.0,0.0,0.0,6.0,1.0,1.0,1.0,1.0,0.0,7.0,,0.17547643836956311,0
84931,AMC Screen Unseen: September 21,AMC Southcenter 16,2026-09-14,2026-09-21,7,special_event,-7.0,0,,0,,0,0,0,,0,1,0,1,Monday,Monday,1.0,1.0,1.0,6.0,5.0,0.0,1.0,0.0,0.0,6.0,1.0,1.0,1.0,1.0,0.0,7.0,,0.17547643836956311,0
84931,AMC Screen Unseen: September 21,AMC Woodinville 12,2026-09-14,2026-09-21,7,special_event,-7.0,0,,0,,0,0,0,,0,1,0,1,Monday,Monday,1.0,1.0,1.0,6.0,5.0,0.0,1.0,0.0,0.0,6.0,1.0,1.0,1.0,1.0,0.0,7.0,,0.17547643836956311,0
84803,AMC Screen Unseen: September 7,AMC Alderwood Mall 16,2026-08-31,2026-09-07,7,special_event,-7.0,0,,0,,0,0,0,,0,1,0,1,Monday,Monday,1.0,1.0,1.0,5.0,4.0,0.0,1.0,0.0,0.0,6.0,1.0,1.0,1.0,1.0,0.0,7.0,,0.17547643836956311,0
84803,AMC Screen Unseen: September 7,AMC Factoria 8,2026-08-31,2026-09-07,7,special_event,-7.0,0,,0,,0,0,0,,0,1,0,1,Monday,Monday,1.0,1.0,1.0,5.0,4.0,0.0,1.0,0.0,0.0,6.0,1.0,1.0,1.0,1.0,0.0,7.0,,0.17547643836956311,0
84803,AMC Screen Unseen: September 7,AMC Kent Station 14,2026-08-31,2026-09-07,7,special_event,-7.0,0,,0,,0,0,0,,0,1,0,1,Monday,Monday,2.0,2.0,2.0,5.0,4.0,0.0,1.0,0.0,0.0,6.0,1.0,1.0,1.0,1.0,0.0,7.0,,0.17324061093451357,0
84803,AMC Screen Unseen: September 7,AMC Oak Tree 6,2026-08-31,2026-09-07,7,special_event,-7.0,0,,0,,0,0,0,,0,1,0,1,Monday,Monday,1.0,1.0,1.0,5.0,4.0,0.0,1.0,0.0,0.0,6.0,1.0,1.0,1.0,1.0,0.0,7.0,,0.17547643836956311,0
84803,AMC Screen Unseen: September 7,AMC Pacific Place 11,2026-08-31,2026-09-07,7,special_event,-7.0,0,,0,,0,0,0,,0,1,0,1,Monday,Monday,1.0,1.0,1.0,5.0,4.0,0.0,1.0,0.0,0.0,6.0,1.0,1.0,1.0,1.0,0.0,7.0,,0.17547643836956311,0
84803,AMC Screen Unseen: September 7,AMC Southcenter 16,2026-08-31,2026-09-07,7,special_event,-7.0,0,,0,,0,0,0,,0,1,0,1,Monday,Monday,1.0,1.0,1.0,5.0,4.0,0.0,1.0,0.0,0.0,6.0,1.0,1.0,1.0,1.0,0.0,7.0,,0.17547643836956311,0
84803,AMC Screen Unseen: September 7,AMC Woodinville 12,2026-08-31,2026-09-07,7,special_event,-7.0,0,,0,,0,0,0,,0,1,0,1,Monday,Monday,1.0,1.0,1.0,5.0,4.0,0.0,1.0,0.0,0.0,6.0,1.0,1.0,1.0,1.0,0.0,7.0,,0.17547643836956311,0
84292,American Martyr: The Stanley Rother Story,AMC Alderwood Mall 16,2026-08-20,2026-08-27,7,special_event,-5.0,0,,0,,0,0,0,,0,1,0,1,Thursday,Thursday,1.0,2.0,3.0,8.0,7.0,2.0,3.0,0.0,0.0,3.0,1.0,1.0,1.0,1.0,0.0,4.0,,0.16211361762335105,0
84292,American Martyr: The Stanley Rother Story,AMC Kent Station 14,2026-08-20,2026-08-27,7,special_event,-5.0,0,,0,,0,0,0,,0,1,0,1,Thursday,Thursday,1.0,2.0,3.0,8.0,7.0,2.0,3.0,0.0,0.0,3.0,1.0,1.0,1.0,1.0,0.0,4.0,,0.16211361762335105,0
84292,American Martyr: The Stanley Rother Story,AMC Southcenter 16,2026-08-20,2026-08-27,7,special_event,-5.0,0,,0,,0,0,0,,0,1,0,1,Thursday,Thursday,1.0,2.0,3.0,8.0,7.0,2.0,3.0,0.0,0.0,3.0,1.0,1.0,1.0,1.0,0.0,4.0,,0.16211361762335105,0
84292,American Martyr: The Stanley Rother Story,AMC Woodinville 12,2026-08-20,2026-08-27,7,special_event,-5.0,0,,0,,0,0,0,,0,1,0,1,Thursday,Thursday,1.0,2.0,3.0,8.0,7.0,2.0,3.0,0.0,0.0,3.0,1.0,1.0,1.0,1.0,0.0,4.0,,0.16211361762335105,0
84715,Amok Time + Star Trek III: The Search for Spock 60th Anniversary Event,AMC Alderwood Mall 16,2026-08-30,2026-09-06,7,rerelease,-7.0,0,,0,,0,0,0,,0,1,0,1,Sunday,Sunday,1.0,1.0,1.0,8.0,7.0,0.0,1.0,0.0,0.0,1.0,1.0,1.0,1.0,1.0,0.0,2.0,,0.6059892609066758,0
84715,Amok Time + Star Trek III: The Search for Spock 60th Anniversary Event,AMC Southcenter 16,2026-08-30,2026-09-06,7,rerelease,-7.0,0,,0,,0,0,0,,0,1,0,1,Sunday,Sunday,1.0,1.0,1.0,8.0,7.0,0.0,1.0,0.0,0.0,1.0,1.0,1.0,1.0,1.0,0.0,2.0,,0.6059892609066758,0
83662,Argentina vs Cabo Verde - Telemundo presenta la Copa Mundial de la FIFA 2026,AMC Alderwood Mall 16,2026-06-29,2026-07-03,4,special_event_title_only,-4.0,0,,0,,0,0,0,,0,1,0,1,Friday,Monday,1.0,1.0,1.0,1.0,0.0,0.0,1.0,0.0,0.0,1.0,1.0,1.0,1.0,1.0,0.0,2.0,,0.9276047947061572,1
83662,Argentina vs Cabo Verde - Telemundo presenta la Copa Mundial de la FIFA 2026,AMC Southcenter 16,2026-06-29,2026-07-03,4,special_event_title_only,-4.0,0,,0,,0,0,0,,0,1,0,1,Friday,Monday,1.0,1.0,1.0,1.0,0.0,0.0,1.0,0.0,0.0,1.0,1.0,1.0,1.0,1.0,0.0,2.0,,0.9276047947061572,1
83670,Argentina vs Egipto - Octavos de Final - Telemundo presenta la Copa Mundial de la FIFA 2026,AMC Southcenter 16,2026-06-30,2026-07-07,7,special_event_title_only,-7.0,0,,0,,0,0,0,,0,1,0,1,Tuesday,Tuesday,1.0,1.0,1.0,2.0,1.0,0.0,1.0,0.0,0.0,0.0,,0.0,1.0,1.0,1.0,1.0,,0.09656956565294296,0
83675,Argentina vs Suiza - Cuartos de Final - Telemundo presenta la Copa Mundial de la FIFA 2026,AMC Southcenter 16,2026-07-04,2026-07-11,7,special_event_title_only,-7.0,0,,0,,0,0,0,,0,1,0,1,Saturday,Saturday,1.0,1.0,1.0,6.0,5.0,0.0,1.0,0.0,0.0,0.0,,0.0,1.0,1.0,1.0,1.0,,0.3480722857315125,0
84089,Ateez: Light the Way in Cinemas,AMC Alderwood Mall 16,2026-08-01,2026-08-08,7,special_event,-5.0,0,,0,,0,0,0,,0,1,0,1,Saturday,Saturday,2.0,2.0,4.0,8.0,7.0,1.0,2.0,0.0,0.0,1.0,1.0,1.0,1.0,1.0,0.0,2.0,,0.24258744377972105,0
84089,Ateez: Light the Way in Cinemas,AMC Southcenter 16,2026-08-01,2026-08-08,7,special_event,-5.0,0,,0,,0,0,0,,0,1,0,1,Saturday,Saturday,2.0,2.0,4.0,8.0,7.0,1.0,2.0,0.0,0.0,1.0,1.0,1.0,1.0,1.0,0.0,2.0,,0.2395642574200975,0
83661,Australia vs Egipto - Telemundo presenta la Copa Mundial de la FIFA 2026,AMC Southcenter 16,2026-06-29,2026-07-03,4,special_event_title_only,-4.0,0,,0,,0,0,0,,0,1,0,1,Friday,Monday,1.0,1.0,1.0,1.0,0.0,0.0,1.0,0.0,0.0,0.0,,0.0,1.0,1.0,1.0,1.0,,0.9234547966709353,1
82342,Avengers Endgame: Encore,AMC Alderwood Mall 16,2026-09-23,2026-09-30,7,ambiguous_special,-1.0,1,2026-09-30,7,7,0,1,0,0,1,1,0,1,Wednesday,Wednesday,6.0,14.0,21.0,12.0,11.0,1.0,2.0,0.0,2.0,4.0,0.6666666666666666,0.0,1.0,0.0,0.0,7.0,,0.06540337185498332,0
82342,Avengers Endgame: Encore,AMC Factoria 8,2026-09-24,2026-10-01,7,ambiguous_special,0.0,1,2026-09-29,6,5,1,0,0,-2,1,1,0,1,Thursday,Thursday,3.0,6.0,9.0,22.0,21.0,0.0,1.0,0.0,0.0,1.0,0.16666666666666666,0.0,0.0,1.0,0.0,7.0,,0.07157809550682222,0
82342,Avengers Endgame: Encore,AMC Kent Station 14,2026-09-23,2026-09-30,7,ambiguous_special,-1.0,1,2026-09-29,7,6,1,0,0,-1,1,1,0,1,Wednesday,Wednesday,7.0,15.0,23.0,21.0,20.0,0.0,1.0,0.0,2.0,4.0,0.6666666666666666,0.0,1.0,0.0,0.0,7.0,,0.05823698673587934,0
82342,Avengers Endgame: Encore,AMC Oak Tree 6,2026-09-23,2026-09-30,7,ambiguous_special,-1.0,1,2026-09-30,7,7,0,1,0,0,1,1,0,1,Wednesday,Wednesday,3.0,6.0,9.0,21.0,20.0,0.0,1.0,0.0,2.0,4.0,0.6666666666666666,0.0,1.0,0.0,0.0,7.0,,0.10296400122208915,0
82342,Avengers Endgame: Encore,AMC Pacific Place 11,2026-09-24,2026-10-01,7,ambiguous_special,0.0,1,2026-09-29,6,5,1,0,0,-2,2,1,0,1,Thursday,Thursday,2.0,4.0,7.0,22.0,21.0,0.0,1.0,0.0,0.0,1.0,0.16666666666666666,0.0,0.0,1.0,0.0,7.0,,0.07492027624054345,0
82342,Avengers Endgame: Encore,AMC Southcenter 16,2026-09-23,2026-09-30,7,ambiguous_special,-1.0,1,2026-09-30,7,7,0,1,0,0,1,1,0,1,Wednesday,Wednesday,5.0,11.0,18.0,12.0,11.0,1.0,2.0,0.0,2.0,4.0,0.6666666666666666,0.0,1.0,0.0,0.0,7.0,,0.07440613325579258,0
82342,Avengers Endgame: Encore,AMC Woodinville 12,2026-09-23,2026-09-30,7,ambiguous_special,-1.0,1,2026-09-29,7,6,1,0,0,-1,2,1,0,1,Wednesday,Wednesday,4.0,9.0,14.0,21.0,20.0,0.0,1.0,0.0,2.0,4.0,0.6666666666666666,0.0,1.0,0.0,0.0,7.0,,0.07378423803732685,0
title:backrooms,Backrooms,AMC Alderwood Mall 16,2026-06-29,2026-06-30,1,ordinary_title_only,0.0,0,,0,,0,0,0,,0,1,1,1,Tuesday,Monday,5.0,10.0,10.0,1.0,0.0,0.0,1.0,0.0,1.0,4.0,0.8,0.0,1.0,0.0,0.0,6.0,,0.9342775425736163,1
83009,Backrooms,AMC Alderwood Mall 16,2026-06-29,2026-07-01,2,ordinary_title_only,-2.0,1,2026-07-01,1,2,0,1,0,0,1,1,1,1,Wednesday,Monday,2.0,2.0,2.0,1.0,0.0,0.0,1.0,0.0,0.0,4.0,1.0,1.0,1.0,1.0,0.0,5.0,,0.8378883634224483,1
title:backrooms,Backrooms,AMC Factoria 8,2026-06-29,2026-06-30,1,ordinary_title_only,0.0,0,,0,,0,0,0,,0,1,1,1,Tuesday,Monday,1.0,2.0,2.0,1.0,0.0,0.0,1.0,0.0,1.0,4.0,0.8,0.0,1.0,0.0,0.0,6.0,,0.9342775425736163,1
title:backrooms,Backrooms,AMC Kent Station 14,2026-06-29,2026-06-30,1,ordinary_title_only,0.0,0,,0,,0,0,0,,0,1,1,1,Tuesday,Monday,5.0,9.0,9.0,1.0,0.0,0.0,1.0,0.0,1.0,4.0,0.8,0.0,1.0,0.0,0.0,6.0,,0.9342775425736163,1
83009,Backrooms,AMC Kent Station 14,2026-06-29,2026-07-01,2,ordinary_title_only,-2.0,1,2026-06-30,1,1,1,0,0,-1,1,1,1,1,Wednesday,Monday,4.0,4.0,4.0,1.0,0.0,0.0,1.0,0.0,0.0,4.0,1.0,1.0,1.0,1.0,0.0,5.0,,0.8378883634224483,1
title:backrooms,Backrooms,AMC Pacific Place 11,2026-06-29,2026-07-01,2,ordinary_title_only,0.0,0,,0,,0,0,0,,0,1,1,1,Wednesday,Monday,1.0,3.0,4.0,1.0,0.0,0.0,1.0,0.0,0.0,0.0,0.0,0.0,0.0,1.0,0.0,6.0,,0.9040477423741589,1
83009,Backrooms,AMC Pacific Place 11,2026-06-29,2026-07-01,2,ordinary_title_only,-2.0,1,2026-06-30,1,1,1,0,0,-1,1,1,1,1,Wednesday,Monday,2.0,2.0,2.0,1.0,0.0,0.0,1.0,0.0,0.0,4.0,1.0,1.0,1.0,1.0,0.0,5.0,,0.8378883634224483,1
title:backrooms,Backrooms,AMC Southcenter 16,2026-06-29,2026-06-30,1,ordinary_title_only,0.0,0,,0,,0,0,0,,0,1,1,1,Tuesday,Monday,5.0,8.0,8.0,1.0,0.0,0.0,1.0,0.0,1.0,4.0,0.8,0.0,1.0,0.0,0.0,6.0,,0.9342775425736163,1
83009,Backrooms,AMC Southcenter 16,2026-06-29,2026-07-01,2,ordinary_title_only,-2.0,1,2026-07-01,1,2,0,1,0,0,1,1,1,1,Wednesday,Monday,3.0,3.0,3.0,1.0,0.0,0.0,1.0,0.0,0.0,4.0,1.0,1.0,1.0,1.0,0.0,5.0,,0.8378883634224483,1
title:backrooms,Backrooms,AMC Woodinville 12,2026-06-29,2026-06-30,1,ordinary_title_only,0.0,0,,0,,0,0,0,,0,1,1,1,Tuesday,Monday,5.0,10.0,10.0,1.0,0.0,0.0,1.0,0.0,1.0,4.0,0.8,0.0,1.0,0.0,0.0,6.0,,0.9342775425736163,1
83009,Backrooms,AMC Woodinville 12,2026-06-29,2026-07-01,2,ordinary_title_only,-2.0,1,2026-06-30,1,1,1,0,0,-1,1,1,1,1,Wednesday,Monday,4.0,4.0,4.0,1.0,0.0,0.0,1.0,0.0,0.0,4.0,1.0,1.0,1.0,1.0,0.0,5.0,,0.8378883634224483,1
84307,Backrooms: Everything Must Go Edition w/ Bonus Footage,AMC Alderwood Mall 16,2026-07-01,2026-07-08,7,ordinary,-2.0,1,2026-07-08,21,7,0,1,0,0,3,1,0,1,Wednesday,Wednesday,4.0,7.0,10.0,1.0,0.0,0.0,1.0,0.0,0.0,5.0,1.0,1.0,1.0,1.0,0.0,6.0,,0.010944420289458119,0
84307,Backrooms: Everything Must Go Edition w/ Bonus Footage,AMC Factoria 8,2026-07-01,2026-07-08,7,ordinary,-2.0,1,2026-07-07,1,6,1,0,0,-1,1,1,0,1,Wednesday,Wednesday,1.0,2.0,3.0,2.0,1.0,0.0,1.0,0.0,0.0,5.0,1.0,1.0,1.0,1.0,0.0,6.0,,0.011412978416063355,0
84307,Backrooms: Everything Must Go Edition w/ Bonus Footage,AMC Kent Station 14,2026-07-01,2026-07-08,7,ordinary,-2.0,1,2026-07-07,8,6,1,0,0,-1,2,1,0,1,Wednesday,Wednesday,2.0,5.0,8.0,2.0,1.0,0.0,1.0,0.0,0.0,5.0,1.0,1.0,1.0,1.0,0.0,6.0,,0.011334901285896815,0
84307,Backrooms: Everything Must Go Edition w/ Bonus Footage,AMC Pacific Place 11,2026-06-30,2026-07-03,3,ordinary,-3.0,1,2026-07-01,20,1,1,0,0,-2,6,1,1,1,Friday,Tuesday,2.0,2.0,2.0,1.0,0.0,0.0,1.0,0.0,3.0,0.0,0.0,0.0,1.0,0.0,0.0,4.0,,0.09233267710054817,0
84307,Backrooms: Everything Must Go Edition w/ Bonus Footage,AMC Southcenter 16,2026-07-01,2026-07-08,7,ordinary,-2.0,1,2026-07-07,21,6,1,0,0,-1,6,1,0,1,Wednesday,Wednesday,3.0,7.0,11.0,1.0,0.0,0.0,1.0,0.0,0.0,5.0,1.0,1.0,1.0,1.0,0.0,6.0,,0.010944420289458119,0
84307,Backrooms: Everything Must Go Edition w/ Bonus Footage,AMC Woodinville 12,2026-07-01,2026-07-08,7,ordinary,-2.0,1,2026-07-07,15,6,1,0,0,-1,3,1,0,1,Wednesday,Wednesday,5.0,10.0,15.0,2.0,1.0,0.0,1.0,0.0,0.0,5.0,1.0,1.0,1.0,1.0,0.0,6.0,,0.011259165099067856,0
83921,Bad Counselors,AMC Alderwood Mall 16,2026-07-20,2026-07-27,7,special_event,-3.0,0,,0,,0,0,0,,0,1,0,1,Monday,Monday,1.0,2.0,3.0,8.0,7.0,4.0,5.0,0.0,0.0,3.0,1.0,1.0,1.0,1.0,0.0,4.0,,0.6544227108683727,0
83921,Bad Counselors,AMC Kent Station 14,2026-07-20,2026-07-27,7,special_event,-3.0,0,,0,,0,0,0,,0,1,0,1,Monday,Monday,1.0,2.0,3.0,8.0,7.0,4.0,5.0,0.0,0.0,3.0,1.0,1.0,1.0,1.0,0.0,4.0,,0.6544227108683727,0
83921,Bad Counselors,AMC Southcenter 16,2026-07-20,2026-07-27,7,special_event,-3.0,0,,0,,0,0,0,,0,1,0,1,Monday,Monday,1.0,2.0,3.0,8.0,7.0,4.0,5.0,0.0,0.0,3.0,1.0,1.0,1.0,1.0,0.0,4.0,,0.6544227108683727,0
83921,Bad Counselors,AMC Woodinville 12,2026-07-20,2026-07-27,7,special_event,-3.0,0,,0,,0,0,0,,0,1,0,1,Monday,Monday,1.0,2.0,3.0,8.0,7.0,4.0,5.0,0.0,0.0,3.0,1.0,1.0,1.0,1.0,0.0,4.0,,0.6544227108683727,0
84559,Batman (1989),AMC Alderwood Mall 16,2026-09-12,2026-09-19,7,ordinary,-6.0,0,,0,,0,0,0,,0,1,0,1,Saturday,Saturday,1.0,2.0,2.0,10.0,9.0,0.0,1.0,0.0,0.0,3.0,1.0,1.0,1.0,1.0,0.0,4.0,,0.017500286948116867,0
84559,Batman (1989),AMC Kent Station 14,2026-09-12,2026-09-19,7,ordinary,-6.0,0,,0,,0,0,0,,0,1,0,1,Saturday,Saturday,1.0,2.0,2.0,10.0,9.0,0.0,1.0,0.0,0.0,3.0,1.0,1.0,1.0,1.0,0.0,4.0,,0.017500286948116867,0
84559,Batman (1989),AMC Southcenter 16,2026-09-12,2026-09-19,7,ordinary,-6.0,0,,0,,0,0,0,,0,1,0,1,Saturday,Saturday,1.0,2.0,2.0,10.0,9.0,0.0,1.0,0.0,0.0,3.0,1.0,1.0,1.0,1.0,0.0,4.0,,0.017500286948116867,0
84559,Batman (1989),AMC Woodinville 12,2026-09-12,2026-09-19,7,ordinary,-6.0,0,,0,,0,0,0,,0,1,0,1,Saturday,Saturday,1.0,2.0,2.0,10.0,9.0,0.0,1.0,0.0,0.0,3.0,1.0,1.0,1.0,1.0,0.0,4.0,,0.017500286948116867,0
84560,Batman: Mask of the Phantasm (2026BD),AMC Alderwood Mall 16,2026-09-12,2026-09-19,7,ordinary,-7.0,0,,0,,0,0,0,,0,1,0,1,Saturday,Saturday,1.0,1.0,1.0,10.0,9.0,0.0,1.0,0.0,0.0,3.0,1.0,1.0,1.0,1.0,0.0,4.0,,0.01664993253662192,0
84560,Batman: Mask of the Phantasm (2026BD),AMC Kent Station 14,2026-09-12,2026-09-19,7,ordinary,-7.0,0,,0,,0,0,0,,0,1,0,1,Saturday,Saturday,1.0,1.0,1.0,10.0,9.0,0.0,1.0,0.0,0.0,3.0,1.0,1.0,1.0,1.0,0.0,4.0,,0.01664993253662192,0
84560,Batman: Mask of the Phantasm (2026BD),AMC Southcenter 16,2026-09-12,2026-09-19,7,ordinary,-7.0,0,,0,,0,0,0,,0,1,0,1,Saturday,Saturday,1.0,1.0,1.0,10.0,9.0,0.0,1.0,0.0,0.0,3.0,1.0,1.0,1.0,1.0,0.0,4.0,,0.01664993253662192,0
84560,Batman: Mask of the Phantasm (2026BD),AMC Woodinville 12,2026-09-12,2026-09-19,7,ordinary,-7.0,0,,0,,0,0,0,,0,1,0,1,Saturday,Saturday,1.0,1.0,1.0,10.0,9.0,0.0,1.0,0.0,0.0,3.0,1.0,1.0,1.0,1.0,0.0,4.0,,0.01664993253662192,0
84182,Beware Boiuna,AMC Pacific Place 11,2026-09-29,2026-10-02,3,ordinary,-2.0,1,2026-09-30,5,1,1,0,0,-2,1,1,1,1,Friday,Tuesday,2.0,3.0,3.0,1.0,0.0,0.0,1.0,0.0,4.0,0.0,0.0,0.0,1.0,0.0,0.0,5.0,,0.1695325733166791,
84182,Beware Boiuna,AMC Woodinville 12,2026-09-29,2026-10-04,5,ordinary,-2.0,1,2026-09-30,3,1,1,0,0,-4,1,1,0,1,Sunday,Tuesday,1.0,2.0,5.0,1.0,0.0,0.0,1.0,0.0,3.0,0.0,0.0,0.0,0.0,0.0,0.0,5.0,,0.033601987923392466,
83794,Beyond Belief,AMC Southcenter 16,2026-08-25,2026-08-29,4,ordinary,-2.0,1,2026-08-26,4,1,1,0,0,-3,1,1,0,1,Saturday,Tuesday,2.0,4.0,5.0,1.0,0.0,0.0,1.0,0.0,0.0,0.0,,0.0,1.0,1.0,1.0,1.0,,0.8471947427321093,0
title:bleach-thousand-year-blood-war-the-calamity,Bleach: Thousand-Year Blood War - The Calamity,AMC Alderwood Mall 16,2026-06-29,2026-06-30,1,ordinary_title_only,0.0,0,,0,,0,0,0,,0,1,1,1,Tuesday,Monday,2.0,4.0,4.0,1.0,0.0,0.0,1.0,0.0,1.0,1.0,0.5,0.0,1.0,0.0,0.0,3.0,,0.9407843604747493,1
83858,Bleach: Thousand-Year Blood War - The Calamity,AMC Alderwood Mall 16,2026-06-29,2026-07-01,2,ordinary_title_only,-2.0,1,2026-07-01,8,2,0,1,0,0,2,1,1,1,Wednesday,Monday,3.0,3.0,3.0,1.0,0.0,0.0,1.0,0.0,1.0,0.0,0.0,0.0,1.0,0.0,0.0,2.0,,0.9369512874265801,0
title:bleach-thousand-year-blood-war-the-calamity,Bleach: Thousand-Year Blood War - The Calamity,AMC Kent Station 14,2026-06-29,2026-06-30,1,ordinary_title_only,0.0,0,,0,,0,0,0,,0,1,1,1,Tuesday,Monday,4.0,6.0,6.0,1.0,0.0,0.0,1.0,0.0,1.0,1.0,0.5,0.0,1.0,0.0,0.0,3.0,,0.9407843604747493,1
83858,Bleach: Thousand-Year Blood War - The Calamity,AMC Kent Station 14,2026-06-29,2026-07-02,3,ordinary_title_only,-2.0,1,2026-06-30,7,1,1,0,0,-2,2,1,1,1,Thursday,Monday,1.0,2.0,2.0,1.0,0.0,0.0,1.0,0.0,0.0,0.0,0.0,0.0,0.0,1.0,0.0,2.0,,0.9140206070882166,0
title:bleach-thousand-year-blood-war-the-calamity,Bleach: Thousand-Year Blood War - The Calamity,AMC Southcenter 16,2026-06-29,2026-07-01,2,ordinary_title_only,0.0,0,,0,,0,0,0,,0,1,1,1,Wednesday,Monday,1.0,6.0,9.0,1.0,0.0,0.0,1.0,0.0,0.0,0.0,0.0,0.0,0.0,1.0,0.0,3.0,,0.929166830943473,1
83858,Bleach: Thousand-Year Blood War - The Calamity,AMC Southcenter 16,2026-07-01,2026-07-08,7,ordinary_title_only,0.0,1,2026-07-07,1,6,1,0,0,-1,1,1,0,1,Wednesday,Wednesday,3.0,7.0,10.0,1.0,0.0,0.0,1.0,0.0,0.0,2.0,1.0,1.0,1.0,1.0,0.0,3.0,,0.3303792265251187,0
84548,Boyhood 12th Anniversary,AMC Alderwood Mall 16,2026-07-28,2026-08-04,7,rerelease,-7.0,0,,0,,0,0,0,,0,1,0,1,Tuesday,Tuesday,1.0,1.0,1.0,7.0,6.0,0.0,1.0,0.0,0.0,0.0,,0.0,1.0,1.0,1.0,1.0,,0.16879432484511925,0
title:brasil-v-jap-n-telemundo-presenta-la-copa-mundial-de-la-fifa-2026,Brasil v Japón - Telemundo presenta la Copa Mundial de la FIFA 2026,AMC Southcenter 16,2026-06-29,2026-06-29,0,special_event_title_only,0.0,0,,0,,0,0,0,,0,1,1,1,Monday,Monday,1.0,1.0,1.0,1.0,0.0,0.0,1.0,0.0,0.0,0.0,,0.0,1.0,1.0,1.0,1.0,,0.9434720737424885,1
83665,Brasil vs Noruega - Octavos de Final - Telemundo presenta la Copa Mundial de la FIFA 2026,AMC Alderwood Mall 16,2026-06-29,2026-07-05,6,special_event_title_only,-6.0,0,,0,,0,0,0,,0,1,0,1,Sunday,Monday,1.0,1.0,1.0,1.0,0.0,0.0,1.0,0.0,0.0,1.0,1.0,1.0,1.0,1.0,0.0,2.0,,0.728176559552058,1
83665,Brasil vs Noruega - Octavos de Final - Telemundo presenta la Copa Mundial de la FIFA 2026,AMC Southcenter 16,2026-06-29,2026-07-05,6,special_event_title_only,-6.0,0,,0,,0,0,0,,0,1,0,1,Sunday,Monday,1.0,1.0,1.0,1.0,0.0,0.0,1.0,0.0,0.0,1.0,1.0,1.0,1.0,1.0,0.0,2.0,,0.728176559552058,1
83749,Buddy,AMC Alderwood Mall 16,2026-08-26,2026-09-02,7,ordinary,-1.0,1,2026-09-01,29,6,1,0,0,-1,6,1,0,1,Wednesday,Wednesday,3.0,6.0,10.0,1.0,0.0,0.0,1.0,0.0,0.0,3.0,1.0,1.0,1.0,1.0,0.0,4.0,,0.015927940698251365,0
83749,Buddy,AMC Factoria 8,2026-09-02,2026-09-09,7,ordinary,-1.0,1,2026-09-09,7,7,0,1,0,0,1,1,0,1,Wednesday,Wednesday,4.0,8.0,12.0,2.0,1.0,0.0,1.0,0.0,0.0,5.0,0.8333333333333334,0.0,0.0,1.0,0.0,7.0,,0.011103285355497287,0
83749,Buddy,AMC Kent Station 14,2026-08-26,2026-09-02,7,ordinary,-1.0,1,2026-09-01,22,6,1,0,0,-1,4,1,0,1,Wednesday,Wednesday,2.0,3.0,5.0,2.0,1.0,0.0,1.0,0.0,0.0,3.0,1.0,1.0,1.0,1.0,0.0,4.0,,0.018319388603986797,0
83749,Buddy,AMC Oak Tree 6,2026-09-02,2026-09-09,7,ordinary,-1.0,1,2026-09-09,7,7,0,1,0,0,1,1,0,1,Wednesday,Wednesday,3.0,6.0,9.0,2.0,1.0,0.0,1.0,0.0,0.0,5.0,0.8333333333333334,0.0,0.0,1.0,0.0,7.0,,0.011131521822171154,0
83749,Buddy,AMC Pacific Place 11,2026-09-01,2026-09-04,3,ordinary,-2.0,1,2026-09-02,20,1,1,0,0,-2,4,1,1,1,Friday,Tuesday,2.0,3.0,3.0,1.0,0.0,0.0,1.0,0.0,4.0,0.0,0.0,0.0,0.0,0.0,0.0,7.0,,0.016490849105450355,0
83749,Buddy,AMC Southcenter 16,2026-08-25,2026-08-29,4,ordinary,-2.0,1,2026-08-26,25,1,1,0,0,-3,4,1,0,1,Saturday,Tuesday,2.0,4.0,4.0,1.0,0.0,0.0,1.0,0.0,1.0,0.0,0.0,0.0,1.0,0.0,0.0,2.0,,0.773709679678699,0
83749,Buddy,AMC Woodinville 12,2026-08-26,2026-09-02,7,ordinary,-1.0,1,2026-09-01,21,6,1,0,0,-1,3,1,0,1,Wednesday,Wednesday,1.0,2.0,3.0,1.0,0.0,0.0,1.0,0.0,0.0,3.0,1.0,1.0,1.0,1.0,0.0,4.0,,0.015927940698251365,0
82711,By Any Means,AMC Alderwood Mall 16,2026-09-03,2026-09-10,7,ordinary,0.0,1,2026-09-09,7,6,1,0,0,-1,2,1,0,1,Thursday,Thursday,4.0,9.0,15.0,8.0,7.0,7.0,8.0,0.0,0.0,2.0,0.3333333333333333,0.0,0.0,1.0,0.0,7.0,,0.010789870882579659,0
82711,By Any Means,AMC Factoria 8,2026-09-03,2026-09-10,7,ordinary,0.0,1,2026-09-09,6,6,1,0,0,-1,1,1,0,1,Thursday,Thursday,4.0,8.0,12.0,8.0,7.0,7.0,8.0,0.0,0.0,2.0,0.3333333333333333,0.0,0.0,1.0,0.0,7.0,,0.01080536745262413,0
82711,By Any Means,AMC Kent Station 14,2026-09-02,2026-09-09,7,ordinary,-1.0,1,2026-09-09,15,7,0,1,0,0,3,1,0,1,Wednesday,Wednesday,4.0,8.0,12.0,8.0,7.0,6.0,7.0,0.0,3.0,3.0,0.5,0.0,1.0,0.0,0.0,7.0,,0.010848214723770042,0
82711,By Any Means,AMC Oak Tree 6,2026-09-02,2026-09-09,7,ordinary,-1.0,1,2026-09-09,7,7,0,1,0,0,1,1,0,1,Wednesday,Wednesday,5.0,10.0,17.0,4.0,3.0,0.0,1.0,0.0,3.0,3.0,0.5,0.0,1.0,0.0,0.0,7.0,,0.010821652555080977,0
82711,By Any Means,AMC Pacific Place 11,2026-09-03,2026-09-10,7,ordinary,0.0,1,2026-09-09,7,6,1,0,0,-1,2,1,0,1,Thursday,Thursday,3.0,7.0,11.0,8.0,7.0,7.0,8.0,0.0,0.0,2.0,0.3333333333333333,0.0,0.0,1.0,0.0,7.0,,0.010812180593187082,0
82711,By Any Means,AMC Southcenter 16,2026-09-02,2026-09-09,7,ordinary,-1.0,1,2026-09-09,7,7,0,1,0,0,1,1,0,1,Wednesday,Wednesday,5.0,10.0,14.0,8.0,7.0,6.0,7.0,0.0,3.0,3.0,0.5,0.0,1.0,0.0,0.0,7.0,,0.0108436498371494,0
82711,By Any Means,AMC Woodinville 12,2026-09-02,2026-09-09,7,ordinary,-1.0,1,2026-09-09,14,7,0,1,0,0,2,1,0,1,Wednesday,Wednesday,4.0,8.0,13.0,8.0,7.0,6.0,7.0,0.0,3.0,3.0,0.5,0.0,1.0,0.0,0.0,7.0,,0.010844247578865773,0
title:b-lgica-vs-senegal-telemundo-presenta-la-copa-mundial-de-la-fifa-2026,Bélgica vs Senegal - Telemundo presenta la Copa Mundial de la FIFA 2026,AMC Alderwood Mall 16,2026-06-29,2026-07-01,2,special_event_title_only,-2.0,0,,0,,0,0,0,,0,1,1,1,Wednesday,Monday,1.0,1.0,1.0,1.0,0.0,0.0,1.0,0.0,0.0,1.0,1.0,1.0,1.0,1.0,0.0,2.0,,0.9365765234885287,1
title:b-lgica-vs-senegal-telemundo-presenta-la-copa-mundial-de-la-fifa-2026,Bélgica vs Senegal - Telemundo presenta la Copa Mundial de la FIFA 2026,AMC Southcenter 16,2026-06-29,2026-07-01,2,special_event_title_only,-2.0,0,,0,,0,0,0,,0,1,1,1,Wednesday,Monday,1.0,1.0,1.0,1.0,0.0,0.0,1.0,0.0,0.0,1.0,1.0,1.0,1.0,1.0,0.0,2.0,,0.9365765234885287,1
84149,Cars: 20th Anniversary,AMC Alderwood Mall 16,2026-09-02,2026-09-09,7,rerelease,-1.0,1,2026-09-09,8,7,0,1,0,0,2,1,0,1,Wednesday,Wednesday,2.0,4.0,7.0,8.0,7.0,1.0,2.0,0.0,0.0,3.0,1.0,1.0,1.0,1.0,0.0,4.0,,0.6394589003104701,0
84149,Cars: 20th Anniversary,AMC Kent Station 14,2026-09-02,2026-09-09,7,rerelease,-1.0,1,2026-09-09,8,7,0,1,0,0,2,1,0,1,Wednesday,Wednesday,3.0,7.0,9.0,2.0,1.0,0.0,1.0,0.0,0.0,3.0,1.0,1.0,1.0,1.0,0.0,4.0,,0.6182981626551161,0
84149,Cars: 20th Anniversary,AMC Southcenter 16,2026-09-02,2026-09-09,7,rerelease,-1.0,1,2026-09-09,7,7,0,1,0,0,1,1,0,1,Wednesday,Wednesday,2.0,4.0,6.0,8.0,7.0,1.0,2.0,0.0,0.0,3.0,1.0,1.0,1.0,1.0,0.0,4.0,,0.6275145384255363,0
84149,Cars: 20th Anniversary,AMC Woodinville 12,2026-09-02,2026-09-09,7,rerelease,-1.0,1,2026-09-09,8,7,0,1,0,0,2,1,0,1,Wednesday,Wednesday,1.0,2.0,3.0,2.0,1.0,0.0,1.0,0.0,0.0,3.0,1.0,1.0,1.0,1.0,0.0,4.0,,0.610144245596139,0
83589,Castle in the Sky 40th Anniversary - Studio Ghibli Fest 2026,AMC Alderwood Mall 16,2026-08-19,2026-08-26,7,rerelease,-3.0,0,,0,,0,0,0,,0,1,0,1,Wednesday,Wednesday,1.0,2.0,3.0,8.0,7.0,4.0,5.0,0.0,0.0,3.0,1.0,1.0,1.0,1.0,0.0,4.0,,0.764935962330108,0
83589,Castle in the Sky 40th Anniversary - Studio Ghibli Fest 2026,AMC Kent Station 14,2026-08-19,2026-08-26,7,rerelease,-3.0,0,,0,,0,0,0,,0,1,0,1,Wednesday,Wednesday,1.0,2.0,3.0,8.0,7.0,4.0,5.0,0.0,0.0,3.0,1.0,1.0,1.0,1.0,0.0,4.0,,0.764935962330108,0
83589,Castle in the Sky 40th Anniversary - Studio Ghibli Fest 2026,AMC Southcenter 16,2026-08-19,2026-08-26,7,rerelease,-3.0,0,,0,,0,0,0,,0,1,0,1,Wednesday,Wednesday,1.0,2.0,3.0,8.0,7.0,4.0,5.0,0.0,0.0,3.0,1.0,1.0,1.0,1.0,0.0,4.0,,0.764935962330108,0
83589,Castle in the Sky 40th Anniversary - Studio Ghibli Fest 2026,AMC Woodinville 12,2026-08-19,2026-08-26,7,rerelease,-3.0,0,,0,,0,0,0,,0,1,0,1,Wednesday,Wednesday,1.0,2.0,3.0,8.0,7.0,4.0,5.0,0.0,0.0,3.0,1.0,1.0,1.0,1.0,0.0,4.0,,0.764935962330108,0
81850,Charlie Harper,AMC Pacific Place 11,2026-09-22,2026-09-25,3,ordinary,-2.0,1,2026-09-23,5,1,1,0,0,-2,1,1,1,1,Friday,Tuesday,1.0,2.0,2.0,1.0,0.0,0.0,1.0,0.0,2.0,0.0,0.0,0.0,1.0,0.0,0.0,3.0,,0.7191157331785917,0
82777,Citizen Kane,AMC Alderwood Mall 16,2026-07-01,2026-07-08,7,rerelease_title_only,-4.0,0,,0,,0,0,0,,0,1,0,1,Wednesday,Wednesday,1.0,1.0,1.0,3.0,2.0,0.0,1.0,0.0,0.0,2.0,1.0,1.0,1.0,1.0,0.0,3.0,,0.42755010342805755,0
82777,Citizen Kane,AMC Kent Station 14,2026-07-01,2026-07-08,7,rerelease_title_only,-7.0,0,,0,,0,0,0,,0,1,0,1,Wednesday,Wednesday,1.0,1.0,1.0,3.0,2.0,0.0,1.0,0.0,0.0,2.0,1.0,1.0,1.0,1.0,0.0,3.0,,0.43184301559593424,0
82777,Citizen Kane,AMC Southcenter 16,2026-07-01,2026-07-08,7,rerelease_title_only,-4.0,0,,0,,0,0,0,,0,1,0,1,Wednesday,Wednesday,1.0,1.0,1.0,3.0,2.0,0.0,1.0,0.0,0.0,2.0,1.0,1.0,1.0,1.0,0.0,3.0,,0.42755010342805755,0
83878,cocoon - One Summer of Girlhood,AMC Alderwood Mall 16,2026-09-01,2026-09-03,2,ordinary,-2.0,1,2026-09-02,6,1,1,0,0,-1,1,1,1,1,Thursday,Tuesday,1.0,1.0,1.0,1.0,0.0,0.0,1.0,0.0,1.0,0.0,0.0,0.0,1.0,0.0,0.0,2.0,,0.9064464010363593,0
83878,cocoon - One Summer of Girlhood,AMC Pacific Place 11,2026-09-01,2026-09-04,3,ordinary,-2.0,1,2026-09-02,5,1,1,0,0,-2,1,1,1,1,Friday,Tuesday,2.0,3.0,3.0,1.0,0.0,0.0,1.0,0.0,0.0,0.0,0.0,0.0,0.0,1.0,0.0,2.0,,0.8086638466751032,0
83663,Colombia vs Ghana - Telemundo presenta la Copa Mundial de la FIFA 2026,AMC Southcenter 16,2026-06-29,2026-07-03,4,special_event_title_only,-4.0,0,,0,,0,0,0,,0,1,0,1,Friday,Monday,1.0,1.0,1.0,1.0,0.0,0.0,1.0,0.0,0.0,0.0,,0.0,1.0,1.0,1.0,1.0,,0.9234547966709353,1
83566,Colony,AMC Alderwood Mall 16,2026-08-26,2026-09-02,7,ordinary,-1.0,1,2026-09-01,7,6,1,0,0,-1,2,1,0,1,Wednesday,Wednesday,3.0,6.0,9.0,8.0,7.0,6.0,7.0,0.0,0.0,3.0,1.0,1.0,1.0,1.0,0.0,4.0,,0.0181207890598179,0
83566,Colony,AMC Kent Station 14,2026-08-26,2026-09-02,7,ordinary,-1.0,0,,0,,0,0,0,,0,1,0,1,Wednesday,Wednesday,1.0,2.0,3.0,2.0,1.0,0.0,1.0,0.0,0.0,3.0,1.0,1.0,1.0,1.0,0.0,4.0,,0.0181207890598179,0
83566,Colony,AMC Pacific Place 11,2026-08-26,2026-09-02,7,ordinary,-1.0,0,,0,,0,0,0,,0,1,0,1,Wednesday,Wednesday,3.0,6.0,9.0,8.0,7.0,5.0,6.0,0.0,0.0,3.0,1.0,1.0,1.0,1.0,0.0,4.0,,0.01798652680085336,0
83566,Colony,AMC Southcenter 16,2026-08-25,2026-08-28,3,ordinary,-2.0,1,2026-08-26,5,1,1,0,0,-2,1,1,1,1,Friday,Tuesday,2.0,2.0,2.0,1.0,0.0,0.0,1.0,0.0,3.0,0.0,0.0,0.0,1.0,0.0,0.0,4.0,,0.40228080536340327,0
83746,Cookie Queens,AMC Alderwood Mall 16,2026-08-05,2026-08-12,7,ordinary,-1.0,1,2026-08-12,1,7,0,1,0,0,1,1,0,1,Wednesday,Wednesday,6.0,12.0,19.0,8.0,7.0,6.0,7.0,0.0,0.0,2.0,1.0,1.0,1.0,1.0,0.0,3.0,,0.016778282784811818,0
83746,Cookie Queens,AMC Pacific Place 11,2026-08-04,2026-08-07,3,ordinary,-2.0,1,2026-08-05,6,1,1,0,0,-2,2,1,1,1,Friday,Tuesday,2.0,3.0,3.0,1.0,0.0,0.0,1.0,0.0,2.0,0.0,0.0,0.0,1.0,0.0,0.0,3.0,,0.18082074098457906,0
83746,Cookie Queens,AMC Southcenter 16,2026-08-05,2026-08-12,7,ordinary,-1.0,1,2026-08-12,8,7,0,1,0,0,2,1,0,1,Wednesday,Wednesday,6.0,12.0,18.0,8.0,7.0,6.0,7.0,0.0,0.0,2.0,1.0,1.0,1.0,1.0,0.0,3.0,,0.016513558920832103,0
title:costa-de-marfil-vs-noruega-telemundo-presenta-la-copa-mundial-de-la-fifa-2026,Costa de Marfil vs Noruega - Telemundo presenta la Copa Mundial de la FIFA 2026,AMC Southcenter 16,2026-06-29,2026-06-30,1,special_event_title_only,-1.0,0,,0,,0,0,0,,0,1,1,1,Tuesday,Monday,1.0,1.0,1.0,1.0,0.0,0.0,1.0,0.0,0.0,0.0,,0.0,1.0,1.0,1.0,1.0,,0.9420325579735368,1
title:couture,Couture,AMC Pacific Place 11,2026-06-29,2026-06-30,1,ordinary_title_only,0.0,0,,0,,0,0,0,,0,1,1,1,Tuesday,Monday,4.0,6.0,6.0,1.0,0.0,0.0,1.0,0.0,0.0,0.0,,0.0,1.0,1.0,1.0,1.0,,0.9407981930027443,1
65798,Coyote vs. Acme,AMC Alderwood Mall 16,2026-08-26,2026-09-02,7,ambiguous_special,-1.0,1,2026-09-01,35,6,1,0,0,-1,6,1,0,1,Wednesday,Wednesday,8.0,16.0,24.0,8.0,7.0,6.0,7.0,0.0,2.0,4.0,0.6666666666666666,0.0,1.0,0.0,0.0,7.0,,0.0584915538366182,0
65798,Coyote vs. Acme,AMC Factoria 8,2026-08-26,2026-09-02,7,ambiguous_special,-1.0,1,2026-09-01,29,6,1,0,0,-1,5,1,0,1,Wednesday,Wednesday,4.0,8.0,12.0,2.0,1.0,0.0,1.0,0.0,2.0,4.0,0.6666666666666666,0.0,1.0,0.0,0.0,7.0,,0.06398030805318783,0
65798,Coyote vs. Acme,AMC Kent Station 14,2026-08-26,2026-09-02,7,ambiguous_special,-1.0,1,2026-09-01,35,6,1,0,0,-1,5,1,0,1,Wednesday,Wednesday,8.0,14.0,22.0,8.0,7.0,6.0,7.0,0.0,2.0,4.0,0.6666666666666666,0.0,1.0,0.0,0.0,7.0,,0.048872941557075555,0
65798,Coyote vs. Acme,AMC Oak Tree 6,2026-08-25,2026-08-27,2,ambiguous_special,-2.0,1,2026-08-26,27,1,1,0,0,-1,4,1,1,1,Thursday,Tuesday,3.0,3.0,3.0,1.0,0.0,0.0,1.0,0.0,6.0,0.0,0.0,0.0,1.0,0.0,0.0,7.0,,0.7764235632292558,0
65798,Coyote vs. Acme,AMC Pacific Place 11,2026-08-27,2026-09-03,7,ambiguous_special,0.0,1,2026-09-01,28,5,1,0,0,-2,7,1,0,1,Thursday,Thursday,3.0,7.0,11.0,8.0,7.0,7.0,8.0,0.0,0.0,1.0,0.16666666666666666,0.0,0.0,1.0,0.0,7.0,,0.05415109425214049,0
65798,Coyote vs. Acme,AMC Southcenter 16,2026-08-27,2026-09-03,7,ambiguous_special,0.0,1,2026-09-02,28,6,1,0,0,-1,5,1,0,1,Thursday,Thursday,1.0,6.0,11.0,2.0,1.0,7.0,8.0,1.0,0.0,1.0,0.16666666666666666,0.0,0.0,1.0,0.0,7.0,,0.04594066808852109,0
65798,Coyote vs. Acme,AMC Woodinville 12,2026-08-26,2026-09-02,7,ambiguous_special,-1.0,1,2026-09-01,21,6,1,0,0,-1,3,1,0,1,Wednesday,Wednesday,9.0,15.0,21.0,8.0,7.0,6.0,7.0,0.0,2.0,4.0,0.6666666666666666,0.0,1.0,0.0,0.0,7.0,,0.05990477724028535,0
84596,Coyote vs. Acme Early Access,AMC Alderwood Mall 16,2026-08-16,2026-08-23,7,special_event,-7.0,0,,0,,0,0,0,,0,1,0,1,Sunday,Sunday,1.0,1.0,1.0,8.0,7.0,0.0,1.0,0.0,0.0,4.0,1.0,1.0,1.0,1.0,0.0,5.0,,0.5395968270061517,0
84596,Coyote vs. Acme Early Access,AMC Kent Station 14,2026-08-16,2026-08-23,7,special_event,-7.0,0,,0,,0,0,0,,0,1,0,1,Sunday,Sunday,1.0,1.0,1.0,8.0,7.0,0.0,1.0,0.0,0.0,4.0,1.0,1.0,1.0,1.0,0.0,5.0,,0.5395968270061517,0
84596,Coyote vs. Acme Early Access,AMC Pacific Place 11,2026-08-16,2026-08-23,7,special_event,-7.0,0,,0,,0,0,0,,0,1,0,1,Sunday,Sunday,1.0,1.0,1.0,8.0,7.0,0.0,1.0,0.0,0.0,4.0,1.0,1.0,1.0,1.0,0.0,5.0,,0.5395968270061517,0
84596,Coyote vs. Acme Early Access,AMC Southcenter 16,2026-08-16,2026-08-23,7,special_event,-7.0,0,,0,,0,0,0,,0,1,0,1,Sunday,Sunday,1.0,1.0,1.0,8.0,7.0,0.0,1.0,0.0,0.0,4.0,1.0,1.0,1.0,1.0,0.0,5.0,,0.5395968270061517,0
84596,Coyote vs. Acme Early Access,AMC Woodinville 12,2026-08-16,2026-08-23,7,special_event,-7.0,0,,0,,0,0,0,,0,1,0,1,Sunday,Sunday,1.0,1.0,1.0,8.0,7.0,0.0,1.0,0.0,0.0,4.0,1.0,1.0,1.0,1.0,0.0,5.0,,0.5395968270061517,0
84162,Crossing,AMC Pacific Place 11,2026-07-07,2026-07-10,3,ordinary,-3.0,1,2026-07-08,5,1,1,0,0,-2,1,1,1,1,Friday,Tuesday,1.0,1.0,1.0,1.0,0.0,0.0,1.0,0.0,0.0,0.0,,0.0,1.0,1.0,1.0,1.0,,0.9169020127108466,0
84729,Crunchyroll Anime Nights Sneak Peek - September '26,AMC Alderwood Mall 16,2026-09-14,2026-09-21,7,special_event,-7.0,0,,0,,0,0,0,,0,1,0,1,Monday,Monday,1.0,1.0,1.0,12.0,11.0,0.0,1.0,0.0,0.0,1.0,1.0,1.0,1.0,1.0,0.0,2.0,,0.10901497105098898,0
84729,Crunchyroll Anime Nights Sneak Peek - September '26,AMC Southcenter 16,2026-09-14,2026-09-21,7,special_event,-7.0,0,,0,,0,0,0,,0,1,0,1,Monday,Monday,1.0,1.0,1.0,12.0,11.0,0.0,1.0,0.0,0.0,1.0,1.0,1.0,1.0,1.0,0.0,2.0,,0.10901497105098898,0
83673,Cuartos de Final - Telemundo presenta la Copa Mundial de la FIFA 2026,AMC Southcenter 16,2026-07-03,2026-07-10,7,special_event_title_only,-7.0,0,,0,,0,0,0,,0,1,0,1,Friday,Friday,1.0,1.0,1.0,5.0,4.0,0.0,1.0,0.0,0.0,1.0,1.0,1.0,1.0,1.0,0.0,2.0,,0.3896185631535261,0
84743,Daayra,AMC Alderwood Mall 16,2026-09-16,2026-09-23,7,ordinary,-2.0,0,,0,,0,0,0,,0,1,0,1,Wednesday,Wednesday,1.0,2.0,3.0,1.0,0.0,0.0,1.0,0.0,0.0,0.0,,0.0,1.0,1.0,1.0,1.0,,0.1917431437642329,0
84477,Daniel and the Fiery Furnace,AMC Alderwood Mall 16,2026-09-16,2026-09-23,7,ordinary,-1.0,1,2026-09-23,7,7,0,1,0,0,1,1,0,1,Wednesday,Wednesday,2.0,4.0,6.0,14.0,13.0,0.0,1.0,0.0,0.0,2.0,1.0,1.0,1.0,1.0,0.0,3.0,,0.027753619303340533,0
84477,Daniel and the Fiery Furnace,AMC Southcenter 16,2026-09-15,2026-09-22,7,ordinary,-2.0,1,2026-09-16,9,1,1,0,0,-6,3,1,0,1,Tuesday,Tuesday,1.0,2.0,4.0,1.0,0.0,0.0,2.0,1.0,2.0,0.0,0.0,0.0,1.0,0.0,0.0,3.0,,0.02972265593213044,0
84477,Daniel and the Fiery Furnace,AMC Woodinville 12,2026-09-16,2026-09-23,7,ordinary,-1.0,1,2026-09-22,8,6,1,0,0,-1,3,1,0,1,Wednesday,Wednesday,2.0,4.0,6.0,2.0,1.0,0.0,1.0,0.0,0.0,2.0,1.0,1.0,1.0,1.0,0.0,3.0,,0.026728233634622088,0
title:david,David,AMC Alderwood Mall 16,2026-06-29,2026-06-29,0,ordinary_title_only,0.0,0,,0,,0,0,0,,0,1,1,1,Monday,Monday,2.0,2.0,2.0,1.0,0.0,0.0,1.0,0.0,0.0,3.0,1.0,1.0,1.0,1.0,0.0,4.0,,0.9429611829862309,1
83806,David,AMC Alderwood Mall 16,2026-06-29,2026-07-01,2,ordinary_title_only,-2.0,0,,0,,0,0,0,,0,1,1,1,Wednesday,Monday,2.0,2.0,2.0,1.0,0.0,0.0,1.0,0.0,0.0,3.0,1.0,1.0,1.0,1.0,0.0,4.0,,0.9282902921168998,1
title:david,David,AMC Kent Station 14,2026-06-29,2026-06-29,0,ordinary_title_only,0.0,0,,0,,0,0,0,,0,1,1,1,Monday,Monday,2.0,2.0,2.0,1.0,0.0,0.0,1.0,0.0,0.0,3.0,1.0,1.0,1.0,1.0,0.0,4.0,,0.9429611829862309,1
83806,David,AMC Kent Station 14,2026-06-29,2026-07-01,2,ordinary_title_only,-2.0,0,,0,,0,0,0,,0,1,1,1,Wednesday,Monday,2.0,2.0,2.0,1.0,0.0,0.0,1.0,0.0,0.0,3.0,1.0,1.0,1.0,1.0,0.0,4.0,,0.9282902921168998,1
title:david,David,AMC Southcenter 16,2026-06-29,2026-06-29,0,ordinary_title_only,0.0,0,,0,,0,0,0,,0,1,1,1,Monday,Monday,2.0,2.0,2.0,1.0,0.0,0.0,1.0,0.0,0.0,3.0,1.0,1.0,1.0,1.0,0.0,4.0,,0.9429611829862309,1
83806,David,AMC Southcenter 16,2026-06-29,2026-07-01,2,ordinary_title_only,-2.0,0,,0,,0,0,0,,0,1,1,1,Wednesday,Monday,1.0,1.0,1.0,1.0,0.0,0.0,1.0,0.0,0.0,3.0,1.0,1.0,1.0,1.0,0.0,4.0,,0.9282902921168998,1
title:david,David,AMC Woodinville 12,2026-06-29,2026-06-29,0,ordinary_title_only,0.0,0,,0,,0,0,0,,0,1,1,1,Monday,Monday,2.0,2.0,2.0,1.0,0.0,0.0,1.0,0.0,0.0,3.0,1.0,1.0,1.0,1.0,0.0,4.0,,0.9429611829862309,1
83806,David,AMC Woodinville 12,2026-06-29,2026-07-01,2,ordinary_title_only,-2.0,0,,0,,0,0,0,,0,1,1,1,Wednesday,Monday,2.0,2.0,2.0,1.0,0.0,0.0,1.0,0.0,0.0,3.0,1.0,1.0,1.0,1.0,0.0,4.0,,0.9282902921168998,1
84568,DC,AMC Alderwood Mall 16,2026-08-05,2026-08-12,7,ordinary,-1.0,1,2026-08-12,7,7,0,1,0,0,1,1,0,1,Wednesday,Wednesday,1.0,2.0,3.0,1.0,0.0,0.0,1.0,0.0,0.0,0.0,,0.0,1.0,1.0,1.0,1.0,,0.21286095500206303,0
84122,"DCI 2026: Big, Loud and Live",AMC Alderwood Mall 16,2026-07-30,2026-08-06,7,special_event,-7.0,0,,0,,0,0,0,,0,1,0,1,Thursday,Thursday,1.0,1.0,1.0,8.0,7.0,0.0,1.0,0.0,0.0,3.0,1.0,1.0,1.0,1.0,0.0,4.0,,0.11412035445382987,0
84122,"DCI 2026: Big, Loud and Live",AMC Kent Station 14,2026-07-30,2026-08-06,7,special_event,-7.0,0,,0,,0,0,0,,0,1,0,1,Thursday,Thursday,1.0,1.0,1.0,8.0,7.0,0.0,1.0,0.0,0.0,3.0,1.0,1.0,1.0,1.0,0.0,4.0,,0.11412035445382987,0
84122,"DCI 2026: Big, Loud and Live",AMC Southcenter 16,2026-07-30,2026-08-06,7,special_event,-7.0,0,,0,,0,0,0,,0,1,0,1,Thursday,Thursday,1.0,1.0,1.0,8.0,7.0,0.0,1.0,0.0,0.0,3.0,1.0,1.0,1.0,1.0,0.0,4.0,,0.11412035445382987,0
84122,"DCI 2026: Big, Loud and Live",AMC Woodinville 12,2026-07-30,2026-08-06,7,special_event,-7.0,0,,0,,0,0,0,,0,1,0,1,Thursday,Thursday,1.0,1.0,1.0,8.0,7.0,0.0,1.0,0.0,0.0,3.0,1.0,1.0,1.0,1.0,0.0,4.0,,0.11412035445382987,0
84200,Dear You,AMC Pacific Place 11,2026-09-02,2026-09-09,7,ordinary,-1.0,1,2026-09-09,14,7,0,1,0,0,2,1,0,1,Wednesday,Wednesday,4.0,8.0,12.0,8.0,7.0,6.0,7.0,0.0,0.0,0.0,,0.0,1.0,1.0,1.0,1.0,,0.12693002424113256,0
83904,Dhamaal 4,AMC Southcenter 16,2026-07-15,2026-07-22,7,ordinary,5.0,0,,0,,0,0,0,,0,1,0,1,Wednesday,Wednesday,1.0,2.0,3.0,8.0,7.0,3.0,4.0,0.0,0.0,0.0,,0.0,1.0,1.0,1.0,1.0,0.3333333333333333,0.251471867826492,0
title:disclosure-day,Disclosure Day,AMC Alderwood Mall 16,2026-06-29,2026-06-30,1,ordinary_title_only,0.0,0,,0,,0,0,0,,0,1,1,1,Tuesday,Monday,5.0,9.0,9.0,1.0,0.0,0.0,1.0,0.0,0.0,6.0,1.0,1.0,1.0,1.0,0.0,7.0,,0.2639846364101101,1
77140,Disclosure Day,AMC Alderwood Mall 16,2026-06-29,2026-07-01,2,ordinary,-2.0,1,2026-07-01,28,2,0,1,0,0,4,1,1,1,Wednesday,Monday,4.0,4.0,4.0,1.0,0.0,0.0,1.0,0.0,0.0,6.0,1.0,1.0,1.0,1.0,0.0,7.0,,0.010831797476218692,0
title:disclosure-day,Disclosure Day,AMC Factoria 8,2026-06-29,2026-06-30,1,ordinary_title_only,0.0,0,,0,,0,0,0,,0,1,1,1,Tuesday,Monday,5.0,10.0,10.0,1.0,0.0,0.0,1.0,0.0,0.0,6.0,1.0,1.0,1.0,1.0,0.0,7.0,,0.2639846364101101,1
77140,Disclosure Day,AMC Factoria 8,2026-06-29,2026-07-01,2,ordinary,-2.0,1,2026-06-30,22,1,1,0,0,-1,3,1,1,1,Wednesday,Monday,5.0,5.0,5.0,1.0,0.0,0.0,1.0,0.0,0.0,6.0,1.0,1.0,1.0,1.0,0.0,7.0,,0.010831797476218692,0
title:disclosure-day,Disclosure Day,AMC Kent Station 14,2026-06-29,2026-06-30,1,ordinary_title_only,0.0,0,,0,,0,0,0,,0,1,1,1,Tuesday,Monday,5.0,10.0,10.0,1.0,0.0,0.0,1.0,0.0,0.0,6.0,1.0,1.0,1.0,1.0,0.0,7.0,,0.2639846364101101,1
77140,Disclosure Day,AMC Kent Station 14,2026-06-29,2026-07-01,2,ordinary,-2.0,1,2026-06-30,28,1,1,0,0,-1,4,1,1,1,Wednesday,Monday,5.0,5.0,5.0,1.0,0.0,0.0,1.0,0.0,0.0,6.0,1.0,1.0,1.0,1.0,0.0,7.0,,0.010831797476218692,0
title:disclosure-day,Disclosure Day,AMC Oak Tree 6,2026-06-29,2026-06-30,1,ordinary_title_only,0.0,0,,0,,0,0,0,,0,1,1,1,Tuesday,Monday,4.0,8.0,8.0,1.0,0.0,0.0,1.0,0.0,0.0,6.0,1.0,1.0,1.0,1.0,0.0,7.0,,0.2639846364101101,1
77140,Disclosure Day,AMC Oak Tree 6,2026-06-29,2026-07-01,2,ordinary,-2.0,1,2026-06-30,14,1,1,0,0,-1,4,1,1,1,Wednesday,Monday,4.0,4.0,4.0,1.0,0.0,0.0,1.0,0.0,0.0,6.0,1.0,1.0,1.0,1.0,0.0,7.0,,0.010831797476218692,0
title:disclosure-day,Disclosure Day,AMC Pacific Place 11,2026-06-29,2026-06-30,1,ordinary_title_only,0.0,0,,0,,0,0,0,,0,1,1,1,Tuesday,Monday,4.0,8.0,8.0,1.0,0.0,0.0,1.0,0.0,0.0,6.0,1.0,1.0,1.0,1.0,0.0,7.0,,0.2639846364101101,1
77140,Disclosure Day,AMC Pacific Place 11,2026-06-29,2026-07-01,2,ordinary,-2.0,1,2026-06-30,15,1,1,0,0,-1,4,1,1,1,Wednesday,Monday,4.0,4.0,4.0,1.0,0.0,0.0,1.0,0.0,0.0,6.0,1.0,1.0,1.0,1.0,0.0,7.0,,0.010831797476218692,0
title:disclosure-day,Disclosure Day,AMC Southcenter 16,2026-06-29,2026-06-30,1,ordinary_title_only,0.0,0,,0,,0,0,0,,0,1,1,1,Tuesday,Monday,5.0,10.0,10.0,1.0,0.0,0.0,1.0,0.0,0.0,6.0,1.0,1.0,1.0,1.0,0.0,7.0,,0.2639846364101101,1
77140,Disclosure Day,AMC Southcenter 16,2026-06-29,2026-07-01,2,ordinary,-2.0,1,2026-07-01,35,2,0,1,0,0,8,1,1,1,Wednesday,Monday,5.0,5.0,5.0,1.0,0.0,0.0,1.0,0.0,0.0,6.0,1.0,1.0,1.0,1.0,0.0,7.0,,0.010831797476218692,0
title:disclosure-day,Disclosure Day,AMC Woodinville 12,2026-06-29,2026-06-30,1,ordinary_title_only,0.0,0,,0,,0,0,0,,0,1,1,1,Tuesday,Monday,5.0,10.0,10.0,1.0,0.0,0.0,1.0,0.0,0.0,6.0,1.0,1.0,1.0,1.0,0.0,7.0,,0.2639846364101101,1
77140,Disclosure Day,AMC Woodinville 12,2026-06-29,2026-07-01,2,ordinary,-2.0,1,2026-06-30,28,1,1,0,0,-1,4,1,1,1,Wednesday,Monday,5.0,5.0,5.0,1.0,0.0,0.0,1.0,0.0,0.0,6.0,1.0,1.0,1.0,1.0,0.0,7.0,,0.010831797476218692,0
84246,Don't Move,AMC Alderwood Mall 16,2026-09-09,2026-09-16,7,ordinary,-1.0,1,2026-09-16,1,7,0,1,0,0,1,1,0,1,Wednesday,Wednesday,1.0,2.0,3.0,1.0,0.0,0.0,1.0,0.0,0.0,2.0,1.0,1.0,1.0,1.0,0.0,3.0,,0.028529072458963283,0
84246,Don't Move,AMC Pacific Place 11,2026-09-09,2026-09-16,7,ordinary,-1.0,0,,0,,0,0,0,,0,1,0,1,Wednesday,Wednesday,1.0,2.0,3.0,1.0,0.0,0.0,1.0,0.0,0.0,2.0,1.0,1.0,1.0,1.0,0.0,3.0,,0.028529072458963283,0
84246,Don't Move,AMC Southcenter 16,2026-09-09,2026-09-16,7,ordinary,-1.0,0,,0,,0,0,0,,0,1,0,1,Wednesday,Wednesday,2.0,4.0,6.0,8.0,7.0,2.0,3.0,0.0,0.0,2.0,1.0,1.0,1.0,1.0,0.0,3.0,,0.03350653433120495,0
84900,Dora and the Lost City of Gold,AMC Alderwood Mall 16,2026-09-17,2026-09-24,7,ordinary,-1.0,0,,0,,0,0,0,,0,1,0,1,Thursday,Thursday,1.0,2.0,3.0,9.0,8.0,0.0,1.0,0.0,0.0,1.0,1.0,1.0,1.0,1.0,0.0,2.0,,0.06804750757204156,0
84900,Dora and the Lost City of Gold,AMC Southcenter 16,2026-09-17,2026-09-24,7,ordinary,-1.0,0,,0,,0,0,0,,0,1,0,1,Thursday,Thursday,1.0,2.0,3.0,9.0,8.0,0.0,1.0,0.0,0.0,1.0,1.0,1.0,1.0,1.0,0.0,2.0,,0.06804750757204156,0
84335,Dreams in Nightmares,AMC Pacific Place 11,2026-09-01,2026-09-04,3,ordinary,-3.0,1,2026-09-02,6,1,1,0,0,-2,2,1,1,1,Friday,Tuesday,3.0,3.0,3.0,1.0,0.0,0.0,1.0,0.0,1.0,0.0,0.0,0.0,1.0,0.0,0.0,2.0,,0.8969930646673963,0
84335,Dreams in Nightmares,AMC Southcenter 16,2026-09-02,2026-09-09,7,ordinary,-2.0,0,,0,,0,0,0,,0,1,0,1,Wednesday,Wednesday,2.0,4.0,6.0,8.0,7.0,5.0,6.0,0.0,0.0,1.0,1.0,1.0,1.0,1.0,0.0,2.0,,0.05824828713114363,0
82326,Elijah Peel,AMC Alderwood Mall 16,2026-08-12,2026-08-19,7,ordinary,-1.0,0,,0,,0,0,0,,0,1,0,1,Wednesday,Wednesday,2.0,4.0,6.0,8.0,7.0,6.0,7.0,0.0,0.0,0.0,,0.0,1.0,1.0,1.0,1.0,,0.16992922385755885,0
83907,España vs Argentina - Gran Final - Telemundo presenta la Copa Mundial de la FIFA 2026,AMC Alderwood Mall 16,2026-07-12,2026-07-19,7,special_event,-7.0,0,,0,,0,0,0,,0,1,0,1,Sunday,Sunday,1.0,1.0,1.0,8.0,7.0,0.0,1.0,0.0,0.0,1.0,1.0,1.0,1.0,1.0,0.0,2.0,,0.41393527494851706,0
83907,España vs Argentina - Gran Final - Telemundo presenta la Copa Mundial de la FIFA 2026,AMC Southcenter 16,2026-07-12,2026-07-19,7,special_event,-7.0,0,,0,,0,0,0,,0,1,0,1,Sunday,Sunday,1.0,1.0,1.0,8.0,7.0,0.0,1.0,0.0,0.0,1.0,1.0,1.0,1.0,1.0,0.0,2.0,,0.41393527494851706,0
83673,España vs Bélgica - Cuartos de Final - Telemundo presenta la Copa Mundial de la FIFA 2026,AMC Alderwood Mall 16,2026-07-03,2026-07-10,7,special_event_title_only,-7.0,0,,0,,0,0,0,,0,1,0,1,Friday,Friday,1.0,1.0,1.0,5.0,4.0,0.0,1.0,0.0,0.0,1.0,1.0,1.0,1.0,1.0,0.0,2.0,,0.3896185631535261,0
83668,España vs Portugal - Octavos de Final - Telemundo presenta la Copa Mundial de la FIFA 2026,AMC Alderwood Mall 16,2026-06-29,2026-07-06,7,special_event_title_only,-7.0,0,,0,,0,0,0,,0,1,0,1,Monday,Monday,1.0,1.0,1.0,1.0,0.0,0.0,1.0,0.0,0.0,1.0,1.0,1.0,1.0,1.0,0.0,2.0,,0.10769082016194334,0
83668,España vs Portugal - Octavos de Final - Telemundo presenta la Copa Mundial de la FIFA 2026,AMC Southcenter 16,2026-06-29,2026-07-06,7,special_event_title_only,-7.0,0,,0,,0,0,0,,0,1,0,1,Monday,Monday,1.0,1.0,1.0,1.0,0.0,0.0,1.0,0.0,0.0,1.0,1.0,1.0,1.0,1.0,0.0,2.0,,0.10769082016194334,0
title:estados-unidos-v-bosnia-y-herzegovina-telemundo-presenta-la-copa-mundial-de-la-fifa-2026,Estados Unidos v Bosnia y Herzegovina - Telemundo presenta la Copa Mundial de la FIFA 2026,AMC Southcenter 16,2026-06-29,2026-07-01,2,special_event_title_only,-2.0,0,,0,,0,0,0,,0,1,1,1,Wednesday,Monday,1.0,1.0,1.0,1.0,0.0,0.0,1.0,0.0,0.0,0.0,,0.0,1.0,1.0,1.0,1.0,,0.9346033078665739,1
83669,Estados Unidos vs Bélgica - Octavos de Final - Telemundo presenta la Copa Mundial de la FIFA 2026,AMC Southcenter 16,2026-06-29,2026-07-06,7,special_event_title_only,-7.0,0,,0,,0,0,0,,0,1,0,1,Monday,Monday,1.0,1.0,1.0,1.0,0.0,0.0,1.0,0.0,0.0,0.0,,0.0,1.0,1.0,1.0,1.0,,0.09330364196802043,0
83874,Evangelion: Death (True)2 & Rebirth (EVANGELION 30th Movie Fest),AMC Alderwood Mall 16,2026-07-14,2026-07-21,7,special_event,-7.0,0,,0,,0,0,0,,0,1,0,1,Tuesday,Tuesday,1.0,1.0,1.0,8.0,7.0,0.0,1.0,0.0,0.0,2.0,1.0,1.0,1.0,1.0,0.0,3.0,,0.11632797776756461,0
83874,Evangelion: Death (True)2 & Rebirth (EVANGELION 30th Movie Fest),AMC Kent Station 14,2026-07-14,2026-07-21,7,special_event,-7.0,0,,0,,0,0,0,,0,1,0,1,Tuesday,Tuesday,1.0,1.0,1.0,8.0,7.0,0.0,1.0,0.0,0.0,2.0,1.0,1.0,1.0,1.0,0.0,3.0,,0.11632797776756461,0
83874,Evangelion: Death (True)2 & Rebirth (EVANGELION 30th Movie Fest),AMC Southcenter 16,2026-07-14,2026-07-21,7,special_event,-7.0,0,,0,,0,0,0,,0,1,0,1,Tuesday,Tuesday,1.0,1.0,1.0,8.0,7.0,0.0,1.0,0.0,0.0,2.0,1.0,1.0,1.0,1.0,0.0,3.0,,0.11632797776756461,0
80306,Evil Dead Burn,AMC Alderwood Mall 16,2026-07-16,2026-07-23,7,ordinary,7.0,1,2026-07-22,13,6,1,0,0,-1,3,1,0,1,Thursday,Thursday,5.0,10.0,15.0,8.0,7.0,10.0,11.0,0.0,0.0,3.0,0.5,0.0,0.0,1.0,0.0,7.0,0.7142857142857143,0.010683452307882707,0
80306,Evil Dead Burn,AMC Factoria 8,2026-07-16,2026-07-23,7,ordinary,7.0,0,,0,,0,0,0,,0,1,0,1,Thursday,Thursday,4.0,9.0,14.0,8.0,7.0,10.0,11.0,0.0,0.0,3.0,0.5,0.0,0.0,1.0,0.0,7.0,0.8,0.010688185919135531,0
80306,Evil Dead Burn,AMC Kent Station 14,2026-07-15,2026-07-22,7,ordinary,6.0,1,2026-07-21,15,6,1,0,0,-1,3,1,0,1,Wednesday,Wednesday,6.0,11.0,22.0,8.0,7.0,9.0,10.0,0.0,4.0,2.0,0.3333333333333333,0.0,1.0,0.0,0.0,7.0,0.8571428571428571,0.01074345182268964,0
80306,Evil Dead Burn,AMC Oak Tree 6,2026-07-15,2026-07-22,7,ordinary,6.0,0,,0,,0,0,0,,0,1,0,1,Wednesday,Wednesday,5.0,9.0,14.0,8.0,7.0,9.0,10.0,0.0,4.0,2.0,0.3333333333333333,0.0,1.0,0.0,0.0,7.0,0.7894736842105263,0.010772347379048405,0
80306,Evil Dead Burn,AMC Pacific Place 11,2026-07-16,2026-07-23,7,ordinary,7.0,1,2026-07-21,6,5,1,0,0,-2,2,1,0,1,Thursday,Thursday,5.0,10.0,15.0,8.0,7.0,10.0,11.0,0.0,0.0,3.0,0.5,0.0,0.0,1.0,0.0,7.0,1.25,0.01068899549853311,0
80306,Evil Dead Burn,AMC Southcenter 16,2026-07-16,2026-07-23,7,ordinary,7.0,1,2026-07-21,6,5,1,0,0,-2,2,1,0,1,Thursday,Thursday,5.0,10.0,16.0,8.0,7.0,10.0,11.0,0.0,0.0,3.0,0.5,0.0,0.0,1.0,0.0,7.0,0.5555555555555556,0.010675301522462837,0
80306,Evil Dead Burn,AMC Woodinville 12,2026-07-15,2026-07-22,7,ordinary,6.0,1,2026-07-22,1,7,0,1,0,0,1,1,0,1,Wednesday,Wednesday,5.0,10.0,18.0,8.0,7.0,9.0,10.0,0.0,4.0,2.0,0.3333333333333333,0.0,1.0,0.0,0.0,7.0,0.8333333333333334,0.010782634977765552,0
82974,Fall 2: Deadpoint,AMC Alderwood Mall 16,2026-09-02,2026-09-09,7,ordinary,0.0,1,2026-09-09,8,7,0,1,0,0,2,1,0,1,Wednesday,Wednesday,2.0,4.0,6.0,7.0,6.0,0.0,1.0,0.0,0.0,4.0,1.0,1.0,1.0,1.0,0.0,5.0,,0.014692599360377463,0
82974,Fall 2: Deadpoint,AMC Kent Station 14,2026-09-02,2026-09-09,7,ordinary,0.0,1,2026-09-09,8,7,0,1,0,0,2,1,0,1,Wednesday,Wednesday,2.0,4.0,6.0,7.0,6.0,0.0,1.0,0.0,0.0,4.0,1.0,1.0,1.0,1.0,0.0,5.0,,0.014692599360377463,0
82974,Fall 2: Deadpoint,AMC Pacific Place 11,2026-09-01,2026-09-04,3,ordinary,-3.0,1,2026-09-02,5,1,1,0,0,-2,1,1,1,1,Friday,Tuesday,2.0,2.0,2.0,1.0,0.0,0.0,1.0,0.0,4.0,0.0,0.0,0.0,1.0,0.0,0.0,5.0,,0.06883852722366862,0
82974,Fall 2: Deadpoint,AMC Southcenter 16,2026-09-02,2026-09-09,7,ordinary,0.0,1,2026-09-09,7,7,0,1,0,0,1,1,0,1,Wednesday,Wednesday,2.0,4.0,6.0,7.0,6.0,0.0,1.0,0.0,0.0,4.0,1.0,1.0,1.0,1.0,0.0,5.0,,0.014692599360377463,0
82974,Fall 2: Deadpoint,AMC Woodinville 12,2026-08-27,2026-09-02,6,ordinary,-6.0,1,2026-08-28,7,1,1,0,0,-5,1,1,0,1,Wednesday,Thursday,2.0,2.0,2.0,1.0,0.0,0.0,1.0,0.0,3.0,0.0,0.0,0.0,1.0,0.0,0.0,4.0,,0.02289100326301943,0
82868,Finding Emily,AMC Alderwood Mall 16,2026-08-26,2026-09-02,7,ordinary,-1.0,1,2026-09-01,6,6,1,0,0,-1,2,1,0,1,Wednesday,Wednesday,5.0,10.0,15.0,8.0,7.0,6.0,7.0,0.0,1.0,3.0,0.75,0.0,1.0,0.0,0.0,5.0,,0.012300571084809506,0
82868,Finding Emily,AMC Kent Station 14,2026-08-26,2026-09-02,7,ordinary,-1.0,1,2026-09-01,8,6,1,0,0,-1,2,1,0,1,Wednesday,Wednesday,5.0,9.0,13.0,8.0,7.0,6.0,7.0,0.0,1.0,3.0,0.75,0.0,1.0,0.0,0.0,5.0,,0.012260793073897176,0
82868,Finding Emily,AMC Pacific Place 11,2026-08-27,2026-09-03,7,ordinary,0.0,1,2026-09-01,7,5,1,0,0,-2,3,1,0,1,Thursday,Thursday,2.0,5.0,8.0,8.0,7.0,7.0,8.0,0.0,0.0,0.0,0.0,0.0,0.0,1.0,0.0,5.0,,0.012106717477860051,0
82868,Finding Emily,AMC Southcenter 16,2026-08-26,2026-09-02,7,ordinary,-1.0,1,2026-09-02,7,7,0,1,0,0,1,1,0,1,Wednesday,Wednesday,4.0,8.0,12.0,8.0,7.0,6.0,7.0,0.0,1.0,3.0,0.75,0.0,1.0,0.0,0.0,5.0,,0.012287202699129748,0
82868,Finding Emily,AMC Woodinville 12,2026-08-26,2026-09-02,7,ordinary,-1.0,1,2026-09-01,6,6,1,0,0,-1,1,1,0,1,Wednesday,Wednesday,5.0,10.0,15.0,8.0,7.0,6.0,7.0,0.0,1.0,3.0,0.75,0.0,1.0,0.0,0.0,5.0,,0.012221982011450258,0
71470,Forgotten Island,AMC Kent Station 14,2026-09-23,2026-09-30,7,ordinary,-1.0,1,2026-09-29,7,6,1,0,0,-1,1,1,0,1,Wednesday,Wednesday,4.0,9.0,14.0,15.0,14.0,0.0,1.0,0.0,4.0,2.0,0.3333333333333333,0.0,1.0,0.0,0.0,7.0,,0.012998258692416302,0
71470,Forgotten Island,AMC Oak Tree 6,2026-09-23,2026-09-30,7,ordinary,-1.0,1,2026-09-30,7,7,0,1,0,0,1,1,0,1,Wednesday,Wednesday,3.0,6.0,9.0,2.0,1.0,0.0,2.0,1.0,4.0,2.0,0.3333333333333333,0.0,1.0,0.0,0.0,7.0,,0.013501461658925172,0
71470,Forgotten Island,AMC Southcenter 16,2026-09-23,2026-09-30,7,ordinary,-1.0,1,2026-09-27,7,4,1,0,0,-3,2,1,0,1,Wednesday,Wednesday,5.0,13.0,19.0,15.0,14.0,0.0,1.0,0.0,4.0,2.0,0.3333333333333333,0.0,1.0,0.0,0.0,7.0,,0.013090828071163386,0
85104,Forgotten Island - Early Access Screening,AMC Factoria 8,2026-09-16,2026-09-20,4,special_event,-4.0,0,,0,,0,0,0,,0,1,0,1,Sunday,Wednesday,1.0,1.0,1.0,1.0,0.0,0.0,1.0,0.0,0.0,2.0,1.0,1.0,1.0,1.0,0.0,3.0,,0.929740660315724,1
85104,Forgotten Island - Early Access Screening,AMC Kent Station 14,2026-09-16,2026-09-20,4,special_event,-4.0,0,,0,,0,0,0,,0,1,0,1,Sunday,Wednesday,1.0,1.0,1.0,1.0,0.0,0.0,1.0,0.0,0.0,2.0,1.0,1.0,1.0,1.0,0.0,3.0,,0.929740660315724,1
85104,Forgotten Island - Early Access Screening,AMC Woodinville 12,2026-09-16,2026-09-20,4,special_event,-4.0,0,,0,,0,0,0,,0,1,0,1,Sunday,Wednesday,1.0,1.0,1.0,1.0,0.0,0.0,1.0,0.0,0.0,2.0,1.0,1.0,1.0,1.0,0.0,3.0,,0.929740660315724,1
85084,Forgotten Island - Early Access Screening with Cast Member Q&A,AMC Alderwood Mall 16,2026-09-16,2026-09-20,4,special_event,-4.0,0,,0,,0,0,0,,0,1,0,1,Sunday,Wednesday,1.0,1.0,1.0,1.0,0.0,0.0,1.0,0.0,0.0,1.0,1.0,1.0,1.0,1.0,0.0,2.0,,0.9292958699536992,1
85084,Forgotten Island - Early Access Screening with Cast Member Q&A,AMC Southcenter 16,2026-09-16,2026-09-20,4,special_event,-4.0,0,,0,,0,0,0,,0,1,0,1,Sunday,Wednesday,1.0,1.0,1.0,1.0,0.0,0.0,1.0,0.0,0.0,1.0,1.0,1.0,1.0,1.0,0.0,2.0,,0.9292958699536992,1
84857,Forgotten Island - Friendship Opening Night Event,AMC Alderwood Mall 16,2026-09-17,2026-09-24,7,special_event,-7.0,0,,0,,0,0,0,,0,1,0,1,Thursday,Thursday,1.0,1.0,1.0,9.0,8.0,0.0,1.0,0.0,0.0,3.0,1.0,1.0,1.0,1.0,0.0,4.0,,0.0852239115159296,0
84857,Forgotten Island - Friendship Opening Night Event,AMC Kent Station 14,2026-09-17,2026-09-24,7,special_event,-7.0,0,,0,,0,0,0,,0,1,0,1,Thursday,Thursday,1.0,1.0,1.0,9.0,8.0,0.0,1.0,0.0,0.0,3.0,1.0,1.0,1.0,1.0,0.0,4.0,,0.0852239115159296,0
84857,Forgotten Island - Friendship Opening Night Event,AMC Southcenter 16,2026-09-17,2026-09-24,7,special_event,-7.0,0,,0,,0,0,0,,0,1,0,1,Thursday,Thursday,1.0,1.0,1.0,9.0,8.0,0.0,1.0,0.0,0.0,3.0,1.0,1.0,1.0,1.0,0.0,4.0,,0.0852239115159296,0
84857,Forgotten Island - Friendship Opening Night Event,AMC Woodinville 12,2026-09-17,2026-09-24,7,special_event,-7.0,0,,0,,0,0,0,,0,1,0,1,Thursday,Thursday,1.0,1.0,1.0,9.0,8.0,0.0,1.0,0.0,0.0,3.0,1.0,1.0,1.0,1.0,0.0,4.0,,0.0852239115159296,0
83676,Francia vs España - Semifinales - Telemundo presenta la Copa Mundial de la FIFA 2026,AMC Alderwood Mall 16,2026-07-07,2026-07-14,7,special_event_title_only,-7.0,0,,0,,0,0,0,,0,1,0,1,Tuesday,Tuesday,1.0,1.0,1.0,8.0,7.0,0.0,1.0,0.0,0.0,1.0,1.0,1.0,1.0,1.0,0.0,2.0,,0.11295828118895614,0
83676,Francia vs España - Semifinales - Telemundo presenta la Copa Mundial de la FIFA 2026,AMC Southcenter 16,2026-07-07,2026-07-14,7,special_event_title_only,-7.0,0,,0,,0,0,0,,0,1,0,1,Tuesday,Tuesday,1.0,1.0,1.0,8.0,7.0,0.0,1.0,0.0,0.0,1.0,1.0,1.0,1.0,1.0,0.0,2.0,,0.11295828118895614,0
83906,Francia vs Inglaterra Partido por el tercer lugar Telemundo presenta la Copa Mundial de la FIFA 2026,AMC Alderwood Mall 16,2026-07-11,2026-07-18,7,special_event,-7.0,0,,0,,0,0,0,,0,1,0,1,Saturday,Saturday,1.0,1.0,1.0,8.0,7.0,0.0,1.0,0.0,0.0,1.0,1.0,1.0,1.0,1.0,0.0,2.0,,0.40170818196394353,0
83906,Francia vs Inglaterra Partido por el tercer lugar Telemundo presenta la Copa Mundial de la FIFA 2026,AMC Southcenter 16,2026-07-11,2026-07-18,7,special_event,-7.0,0,,0,,0,0,0,,0,1,0,1,Saturday,Saturday,1.0,1.0,1.0,8.0,7.0,0.0,1.0,0.0,0.0,1.0,1.0,1.0,1.0,1.0,0.0,2.0,,0.40170818196394353,0
title:francia-vs-suecia-telemundo-presenta-la-copa-mundial-de-la-fifa-2026,Francia vs Suecia - Telemundo presenta la Copa Mundial de la FIFA 2026,AMC Alderwood Mall 16,2026-06-29,2026-06-30,1,special_event_title_only,-1.0,0,,0,,0,0,0,,0,1,1,1,Tuesday,Monday,1.0,1.0,1.0,1.0,0.0,0.0,1.0,0.0,0.0,1.0,1.0,1.0,1.0,1.0,0.0,2.0,,0.9424551893573423,1
title:francia-vs-suecia-telemundo-presenta-la-copa-mundial-de-la-fifa-2026,Francia vs Suecia - Telemundo presenta la Copa Mundial de la FIFA 2026,AMC Southcenter 16,2026-06-29,2026-06-30,1,special_event_title_only,-1.0,0,,0,,0,0,0,,0,1,1,1,Tuesday,Monday,1.0,1.0,1.0,1.0,0.0,0.0,1.0,0.0,0.0,1.0,1.0,1.0,1.0,1.0,0.0,2.0,,0.9424551893573423,1
83185,Gail Daughtry and the Celebrity Sex Pass,AMC Alderwood Mall 16,2026-07-08,2026-07-15,7,ordinary,-1.0,1,2026-07-15,8,7,0,1,0,0,2,1,0,1,Wednesday,Wednesday,7.0,12.0,17.0,8.0,7.0,2.0,3.0,0.0,0.0,4.0,1.0,1.0,1.0,1.0,0.0,5.0,,0.011846444339759154,0
83185,Gail Daughtry and the Celebrity Sex Pass,AMC Kent Station 14,2026-07-08,2026-07-15,7,ordinary,-1.0,1,2026-07-14,1,6,1,0,0,-1,1,1,0,1,Wednesday,Wednesday,4.0,8.0,12.0,8.0,7.0,2.0,3.0,0.0,0.0,4.0,1.0,1.0,1.0,1.0,0.0,5.0,,0.01170877522810053,0
83185,Gail Daughtry and the Celebrity Sex Pass,AMC Pacific Place 11,2026-07-07,2026-07-10,3,ordinary,-2.0,1,2026-07-08,13,1,1,0,0,-2,4,1,1,1,Friday,Tuesday,1.0,1.0,1.0,1.0,0.0,0.0,1.0,0.0,4.0,0.0,0.0,0.0,1.0,0.0,0.0,5.0,,0.027690554805766834,0
83185,Gail Daughtry and the Celebrity Sex Pass,AMC Southcenter 16,2026-07-08,2026-07-15,7,ordinary,-1.0,1,2026-07-14,1,6,1,0,0,-1,1,1,0,1,Wednesday,Wednesday,4.0,7.0,10.0,8.0,7.0,2.0,3.0,0.0,0.0,4.0,1.0,1.0,1.0,1.0,0.0,5.0,,0.011770975805481296,0
83185,Gail Daughtry and the Celebrity Sex Pass,AMC Woodinville 12,2026-07-08,2026-07-15,7,ordinary,-1.0,1,2026-07-15,1,7,0,1,0,0,1,1,0,1,Wednesday,Wednesday,5.0,10.0,15.0,8.0,7.0,2.0,3.0,0.0,0.0,4.0,1.0,1.0,1.0,1.0,0.0,5.0,,0.01167475427258304,0
84795,Ghost in the Cell,AMC Southcenter 16,2026-09-29,2026-10-06,7,ordinary,-2.0,1,2026-09-30,1,1,1,0,0,-6,1,1,0,1,Tuesday,Tuesday,1.0,2.0,3.0,6.0,5.0,0.0,1.0,0.0,0.0,0.0,,0.0,1.0,1.0,1.0,1.0,,0.1693159988128665,
84779,Ghost in the Shell 30th Anniversary,AMC Alderwood Mall 16,2026-09-16,2026-09-23,7,rerelease,-1.0,1,2026-09-23,7,7,0,1,0,0,1,1,0,1,Wednesday,Wednesday,1.0,2.0,3.0,14.0,13.0,0.0,1.0,0.0,0.0,1.0,1.0,1.0,1.0,1.0,0.0,2.0,,0.7838412016434101,0
84779,Ghost in the Shell 30th Anniversary,AMC Southcenter 16,2026-09-16,2026-09-23,7,rerelease,-1.0,0,,0,,0,0,0,,0,1,0,1,Wednesday,Wednesday,1.0,2.0,3.0,14.0,13.0,0.0,1.0,0.0,0.0,1.0,1.0,1.0,1.0,1.0,0.0,2.0,,0.7838412016434101,0
84091,GHOST: 2 Big To Rig,AMC Alderwood Mall 16,2026-08-22,2026-08-29,7,special_event,-4.0,0,,0,,0,0,0,,0,1,0,1,Saturday,Saturday,1.0,1.0,2.0,8.0,7.0,2.0,3.0,0.0,0.0,2.0,1.0,1.0,1.0,1.0,0.0,3.0,,0.3242697570762781,0
84091,GHOST: 2 Big To Rig,AMC Kent Station 14,2026-08-22,2026-08-29,7,special_event,-4.0,0,,0,,0,0,0,,0,1,0,1,Saturday,Saturday,1.0,1.0,2.0,8.0,7.0,2.0,3.0,0.0,0.0,2.0,1.0,1.0,1.0,1.0,0.0,3.0,,0.38880837119697426,0
84091,GHOST: 2 Big To Rig,AMC Southcenter 16,2026-08-22,2026-08-29,7,special_event,-4.0,0,,0,,0,0,0,,0,1,0,1,Saturday,Saturday,1.0,1.0,2.0,8.0,7.0,2.0,3.0,0.0,0.0,2.0,1.0,1.0,1.0,1.0,0.0,3.0,,0.3242697570762781,0
title:girls-like-girls,Girls Like Girls,AMC Alderwood Mall 16,2026-06-29,2026-06-30,1,ordinary_title_only,0.0,0,,0,,0,0,0,,0,1,1,1,Tuesday,Monday,2.0,4.0,4.0,1.0,0.0,0.0,1.0,0.0,1.0,3.0,0.75,0.0,1.0,0.0,0.0,5.0,,0.9419993408637094,1
82442,Girls Like Girls,AMC Alderwood Mall 16,2026-06-29,2026-07-01,2,ordinary_title_only,-2.0,0,,0,,0,0,0,,0,1,1,1,Wednesday,Monday,2.0,2.0,2.0,1.0,0.0,0.0,1.0,0.0,0.0,1.0,1.0,1.0,1.0,1.0,0.0,2.0,,0.9164253381746154,1
title:girls-like-girls,Girls Like Girls,AMC Kent Station 14,2026-06-29,2026-06-30,1,ordinary_title_only,0.0,0,,0,,0,0,0,,0,1,1,1,Tuesday,Monday,2.0,4.0,4.0,1.0,0.0,0.0,1.0,0.0,1.0,3.0,0.75,0.0,1.0,0.0,0.0,5.0,,0.9419993408637094,1
title:girls-like-girls,Girls Like Girls,AMC Pacific Place 11,2026-06-29,2026-07-01,2,ordinary_title_only,0.0,0,,0,,0,0,0,,0,1,1,1,Wednesday,Monday,1.0,5.0,8.0,1.0,0.0,0.0,1.0,0.0,0.0,0.0,0.0,0.0,0.0,1.0,0.0,5.0,,0.9344519580800338,1
82442,Girls Like Girls,AMC Pacific Place 11,2026-06-29,2026-07-01,2,ordinary_title_only,-2.0,1,2026-06-30,8,1,1,0,0,-1,3,1,1,1,Wednesday,Monday,4.0,4.0,4.0,1.0,0.0,0.0,1.0,0.0,0.0,1.0,1.0,1.0,1.0,1.0,0.0,2.0,,0.9164253381746154,0
title:girls-like-girls,Girls Like Girls,AMC Southcenter 16,2026-06-29,2026-06-30,1,ordinary_title_only,0.0,0,,0,,0,0,0,,0,1,1,1,Tuesday,Monday,3.0,4.0,4.0,1.0,0.0,0.0,1.0,0.0,1.0,3.0,0.75,0.0,1.0,0.0,0.0,5.0,,0.9419993408637094,1
title:girls-like-girls,Girls Like Girls,AMC Woodinville 12,2026-06-29,2026-06-30,1,ordinary_title_only,0.0,0,,0,,0,0,0,,0,1,1,1,Tuesday,Monday,2.0,5.0,5.0,1.0,0.0,0.0,1.0,0.0,1.0,3.0,0.75,0.0,1.0,0.0,0.0,5.0,,0.9419993408637094,1
84096,Grateful Dead Meet-Up At The Movies 2026,AMC Alderwood Mall 16,2026-08-03,2026-08-10,7,special_event,-5.0,0,,0,,0,0,0,,0,1,0,1,Monday,Monday,1.0,1.0,2.0,8.0,7.0,1.0,2.0,0.0,0.0,3.0,1.0,1.0,1.0,1.0,0.0,4.0,,0.4508730218646405,0
84096,Grateful Dead Meet-Up At The Movies 2026,AMC Kent Station 14,2026-08-03,2026-08-10,7,special_event,-5.0,0,,0,,0,0,0,,0,1,0,1,Monday,Monday,1.0,1.0,2.0,8.0,7.0,1.0,2.0,0.0,0.0,3.0,1.0,1.0,1.0,1.0,0.0,4.0,,0.4508730218646405,0
84096,Grateful Dead Meet-Up At The Movies 2026,AMC Pacific Place 11,2026-08-03,2026-08-10,7,special_event,-5.0,0,,0,,0,0,0,,0,1,0,1,Monday,Monday,1.0,1.0,2.0,8.0,7.0,1.0,2.0,0.0,0.0,3.0,1.0,1.0,1.0,1.0,0.0,4.0,,0.4508730218646405,0
84096,Grateful Dead Meet-Up At The Movies 2026,AMC Southcenter 16,2026-08-03,2026-08-10,7,special_event,-5.0,0,,0,,0,0,0,,0,1,0,1,Monday,Monday,1.0,1.0,2.0,8.0,7.0,1.0,2.0,0.0,0.0,3.0,1.0,1.0,1.0,1.0,0.0,4.0,,0.4508730218646405,0
84368,"Ha-Chan, Shake Your Booty!",AMC Southcenter 16,2026-09-23,2026-09-30,7,ordinary,-1.0,1,2026-09-30,1,7,0,1,0,0,1,1,0,1,Wednesday,Wednesday,2.0,4.0,6.0,1.0,0.0,0.0,1.0,0.0,0.0,0.0,,0.0,1.0,1.0,1.0,1.0,,0.16906703194888467,0
83319,Hadestown: The Musical,AMC Alderwood Mall 16,2026-07-22,2026-07-29,7,ordinary,-1.0,1,2026-07-28,14,6,1,0,0,-1,3,1,0,1,Wednesday,Wednesday,10.0,21.0,31.0,8.0,7.0,5.0,6.0,0.0,0.0,6.0,1.0,1.0,1.0,1.0,0.0,7.0,,0.010637159696871309,0
83319,Hadestown: The Musical,AMC Factoria 8,2026-07-22,2026-07-29,7,ordinary,-1.0,1,2026-07-28,8,6,1,0,0,-1,2,1,0,1,Wednesday,Wednesday,3.0,6.0,9.0,8.0,7.0,6.0,7.0,0.0,0.0,6.0,1.0,1.0,1.0,1.0,0.0,7.0,,0.010637159696871309,0
83319,Hadestown: The Musical,AMC Kent Station 14,2026-07-22,2026-07-29,7,ordinary,-1.0,1,2026-07-28,8,6,1,0,0,-1,2,1,0,1,Wednesday,Wednesday,4.0,9.0,13.0,8.0,7.0,6.0,7.0,0.0,0.0,6.0,1.0,1.0,1.0,1.0,0.0,7.0,,0.0106318351685034,0
83319,Hadestown: The Musical,AMC Oak Tree 6,2026-07-22,2026-07-29,7,ordinary,-1.0,1,2026-07-28,8,6,1,0,0,-1,2,1,0,1,Wednesday,Wednesday,4.0,8.0,12.0,8.0,7.0,6.0,7.0,0.0,0.0,6.0,1.0,1.0,1.0,1.0,0.0,7.0,,0.010638903392581842,0
83319,Hadestown: The Musical,AMC Pacific Place 11,2026-07-22,2026-07-29,7,ordinary,-1.0,1,2026-07-29,15,7,0,1,0,0,4,1,0,1,Wednesday,Wednesday,7.0,15.0,22.0,8.0,7.0,6.0,7.0,0.0,0.0,6.0,1.0,1.0,1.0,1.0,0.0,7.0,,0.010633419466292173,0
83319,Hadestown: The Musical,AMC Southcenter 16,2026-07-22,2026-07-29,7,ordinary,-1.0,1,2026-07-29,8,7,0,1,0,0,2,1,0,1,Wednesday,Wednesday,8.0,16.0,25.0,8.0,7.0,5.0,6.0,0.0,0.0,6.0,1.0,1.0,1.0,1.0,0.0,7.0,,0.010627353169798733,0
83319,Hadestown: The Musical,AMC Woodinville 12,2026-07-22,2026-07-29,7,ordinary,-1.0,1,2026-07-28,15,6,1,0,0,-1,3,1,0,1,Wednesday,Wednesday,7.0,15.0,23.0,8.0,7.0,6.0,7.0,0.0,0.0,6.0,1.0,1.0,1.0,1.0,0.0,7.0,,0.01062457797306741,0
84807,Haiwaan,AMC Alderwood Mall 16,2026-09-09,2026-09-16,7,ordinary,-2.0,0,,0,,0,0,0,,0,1,0,1,Wednesday,Wednesday,1.0,2.0,3.0,1.0,0.0,0.0,1.0,0.0,0.0,0.0,,0.0,1.0,1.0,1.0,1.0,,0.1917431437642329,0
84956,Hanuman Ansh,AMC Alderwood Mall 16,2026-09-09,2026-09-16,7,ordinary,-2.0,1,2026-09-16,7,7,0,1,0,0,1,1,0,1,Wednesday,Wednesday,1.0,2.0,3.0,1.0,0.0,0.0,1.0,0.0,0.0,0.0,,0.0,1.0,1.0,1.0,1.0,,0.1917431437642329,0
84542,Harry Potter & Deathly Hallows: Part 1 (HPD26),AMC Alderwood Mall 16,2026-08-25,2026-09-01,7,special_event,-7.0,0,,0,,0,0,0,,0,1,0,1,Tuesday,Tuesday,1.0,1.0,1.0,8.0,7.0,0.0,1.0,0.0,0.0,1.0,1.0,1.0,1.0,1.0,0.0,2.0,,0.11295828118895614,0
84542,Harry Potter & Deathly Hallows: Part 1 (HPD26),AMC Southcenter 16,2026-08-25,2026-09-01,7,special_event,-7.0,0,,0,,0,0,0,,0,1,0,1,Tuesday,Tuesday,1.0,1.0,1.0,8.0,7.0,0.0,1.0,0.0,0.0,1.0,1.0,1.0,1.0,1.0,0.0,2.0,,0.11295828118895614,0
84543,Harry Potter & Deathly Hallows: Part 2 (HPD26),AMC Alderwood Mall 16,2026-08-26,2026-09-02,7,special_event,-7.0,0,,0,,0,0,0,,0,1,0,1,Wednesday,Wednesday,1.0,1.0,1.0,8.0,7.0,0.0,1.0,0.0,0.0,1.0,1.0,1.0,1.0,1.0,0.0,2.0,,0.08728989223475388,0
84543,Harry Potter & Deathly Hallows: Part 2 (HPD26),AMC Southcenter 16,2026-08-26,2026-09-02,7,special_event,-7.0,0,,0,,0,0,0,,0,1,0,1,Wednesday,Wednesday,1.0,1.0,1.0,8.0,7.0,0.0,1.0,0.0,0.0,1.0,1.0,1.0,1.0,1.0,0.0,2.0,,0.08728989223475388,0
84537,Harry Potter And The Chamber of Secrets,AMC Alderwood Mall 16,2026-08-20,2026-08-27,7,special_event,-7.0,0,,0,,0,0,0,,0,1,0,1,Thursday,Thursday,1.0,1.0,1.0,8.0,7.0,0.0,1.0,0.0,0.0,1.0,1.0,1.0,1.0,1.0,0.0,2.0,,0.09480274220478921,0
84537,Harry Potter And The Chamber of Secrets,AMC Southcenter 16,2026-08-20,2026-08-27,7,special_event,-7.0,0,,0,,0,0,0,,0,1,0,1,Thursday,Thursday,1.0,1.0,1.0,8.0,7.0,0.0,1.0,0.0,0.0,1.0,1.0,1.0,1.0,1.0,0.0,2.0,,0.09480274220478921,0
84539,Harry Potter And The Goblet Of Fire,AMC Alderwood Mall 16,2026-08-22,2026-08-29,7,special_event,-7.0,0,,0,,0,0,0,,0,1,0,1,Saturday,Saturday,1.0,1.0,1.0,8.0,7.0,0.0,1.0,0.0,0.0,1.0,1.0,1.0,1.0,1.0,0.0,2.0,,0.40170818196394353,0
84539,Harry Potter And The Goblet Of Fire,AMC Southcenter 16,2026-08-22,2026-08-29,7,special_event,-7.0,0,,0,,0,0,0,,0,1,0,1,Saturday,Saturday,1.0,1.0,1.0,8.0,7.0,0.0,1.0,0.0,0.0,1.0,1.0,1.0,1.0,1.0,0.0,2.0,,0.40170818196394353,0
84541,Harry Potter And The Half Blood Prince,AMC Alderwood Mall 16,2026-08-24,2026-08-31,7,special_event,-7.0,0,,0,,0,0,0,,0,1,0,1,Monday,Monday,1.0,1.0,1.0,8.0,7.0,0.0,1.0,0.0,0.0,1.0,1.0,1.0,1.0,1.0,0.0,2.0,,0.10901497105098898,0
84541,Harry Potter And The Half Blood Prince,AMC Southcenter 16,2026-08-24,2026-08-31,7,special_event,-7.0,0,,0,,0,0,0,,0,1,0,1,Monday,Monday,1.0,1.0,1.0,8.0,7.0,0.0,1.0,0.0,0.0,1.0,1.0,1.0,1.0,1.0,0.0,2.0,,0.10901497105098898,0
84540,Harry Potter And The Order Of The Phoenix (HPD26),AMC Alderwood Mall 16,2026-08-23,2026-08-30,7,special_event,-7.0,0,,0,,0,0,0,,0,1,0,1,Sunday,Sunday,1.0,1.0,1.0,8.0,7.0,0.0,1.0,0.0,0.0,1.0,1.0,1.0,1.0,1.0,0.0,2.0,,0.41393527494851706,0
84540,Harry Potter And The Order Of The Phoenix (HPD26),AMC Southcenter 16,2026-08-23,2026-08-30,7,special_event,-7.0,0,,0,,0,0,0,,0,1,0,1,Sunday,Sunday,1.0,1.0,1.0,8.0,7.0,0.0,1.0,0.0,0.0,1.0,1.0,1.0,1.0,1.0,0.0,2.0,,0.41393527494851706,0
84595,Harry Potter And The Philosopher's Stone: 25th Anniversary,AMC Alderwood Mall 16,2026-08-26,2026-09-02,7,rerelease,-1.0,0,,0,,0,0,0,,0,1,0,1,Wednesday,Wednesday,1.0,1.0,2.0,8.0,7.0,3.0,4.0,0.0,0.0,2.0,0.6666666666666666,0.0,0.0,1.0,0.0,4.0,,0.8321601859685628,0
84595,Harry Potter And The Philosopher's Stone: 25th Anniversary,AMC Kent Station 14,2026-08-25,2026-09-01,7,rerelease,-3.0,0,,0,,0,0,0,,0,1,0,1,Tuesday,Tuesday,1.0,1.0,2.0,8.0,7.0,2.0,3.0,0.0,3.0,0.0,0.0,0.0,1.0,0.0,0.0,4.0,,0.8286953009828232,0
84595,Harry Potter And The Philosopher's Stone: 25th Anniversary,AMC Southcenter 16,2026-08-26,2026-09-02,7,rerelease,-1.0,0,,0,,0,0,0,,0,1,0,1,Wednesday,Wednesday,1.0,1.0,2.0,8.0,7.0,3.0,4.0,0.0,0.0,2.0,0.6666666666666666,0.0,0.0,1.0,0.0,4.0,,0.8321601859685628,0
84595,Harry Potter And The Philosopher's Stone: 25th Anniversary,AMC Woodinville 12,2026-08-26,2026-09-02,7,rerelease,-1.0,0,,0,,0,0,0,,0,1,0,1,Wednesday,Wednesday,1.0,1.0,2.0,8.0,7.0,3.0,4.0,0.0,0.0,2.0,0.6666666666666666,0.0,0.0,1.0,0.0,4.0,,0.8321601859685628,0
84538,Harry Potter And The Prisoner Of Azkaban (HPD26),AMC Alderwood Mall 16,2026-08-21,2026-08-28,7,ordinary,-7.0,0,,0,,0,0,0,,0,1,0,1,Friday,Friday,1.0,1.0,1.0,8.0,7.0,0.0,1.0,0.0,0.0,1.0,1.0,1.0,1.0,1.0,0.0,2.0,,0.04378287652843015,0
84538,Harry Potter And The Prisoner Of Azkaban (HPD26),AMC Southcenter 16,2026-08-21,2026-08-28,7,ordinary,-7.0,0,,0,,0,0,0,,0,1,0,1,Friday,Friday,1.0,1.0,1.0,8.0,7.0,0.0,1.0,0.0,0.0,1.0,1.0,1.0,1.0,1.0,0.0,2.0,,0.04378287652843015,0
84536,Harry Potter and the Sorcerer’s Stone: 25th Anniversary,AMC Alderwood Mall 16,2026-08-25,2026-09-01,7,rerelease,-3.0,0,,0,,0,0,0,,0,1,0,1,Tuesday,Tuesday,1.0,1.0,2.0,8.0,7.0,2.0,3.0,0.0,1.0,2.0,0.6666666666666666,0.0,1.0,0.0,0.0,4.0,,0.882754731601026,0
84536,Harry Potter and the Sorcerer’s Stone: 25th Anniversary,AMC Kent Station 14,2026-08-26,2026-09-02,7,rerelease,-1.0,0,,0,,0,0,0,,0,1,0,1,Wednesday,Wednesday,1.0,1.0,2.0,8.0,7.0,3.0,4.0,0.0,0.0,0.0,0.0,0.0,0.0,1.0,0.0,4.0,,0.8846954936161423,0
84536,Harry Potter and the Sorcerer’s Stone: 25th Anniversary,AMC Southcenter 16,2026-08-25,2026-09-01,7,rerelease,-3.0,0,,0,,0,0,0,,0,1,0,1,Tuesday,Tuesday,1.0,1.0,2.0,8.0,7.0,2.0,3.0,0.0,1.0,2.0,0.6666666666666666,0.0,1.0,0.0,0.0,4.0,,0.882754731601026,0
84536,Harry Potter and the Sorcerer’s Stone: 25th Anniversary,AMC Woodinville 12,2026-08-25,2026-09-01,7,rerelease,-3.0,0,,0,,0,0,0,,0,1,0,1,Tuesday,Tuesday,1.0,1.0,2.0,8.0,7.0,2.0,3.0,0.0,1.0,2.0,0.6666666666666666,0.0,1.0,0.0,0.0,4.0,,0.8817069048262008,0
84186,Haunted Heist,AMC Kent Station 14,2026-07-22,2026-07-29,7,ordinary,-1.0,0,,0,,0,0,0,,0,1,0,1,Wednesday,Wednesday,1.0,2.0,3.0,2.0,1.0,0.0,1.0,0.0,0.0,1.0,1.0,1.0,1.0,1.0,0.0,2.0,,0.06016476768351852,0
84186,Haunted Heist,AMC Southcenter 16,2026-07-22,2026-07-29,7,ordinary,-1.0,0,,0,,0,0,0,,0,1,0,1,Wednesday,Wednesday,4.0,7.0,12.0,8.0,7.0,0.0,1.0,0.0,0.0,1.0,1.0,1.0,1.0,1.0,0.0,2.0,,0.05231481488513837,0
82707,Heart of the Beast,AMC Alderwood Mall 16,2026-09-23,2026-09-30,7,ordinary,-1.0,1,2026-09-30,7,7,0,1,0,0,1,1,0,1,Wednesday,Wednesday,6.0,12.0,18.0,21.0,20.0,0.0,1.0,0.0,1.0,5.0,0.8333333333333334,0.0,1.0,0.0,0.0,7.0,,0.010852813347233701,0
82707,Heart of the Beast,AMC Factoria 8,2026-09-23,2026-09-30,7,ordinary,-1.0,1,2026-09-29,7,6,1,0,0,-1,1,1,0,1,Wednesday,Wednesday,4.0,8.0,12.0,21.0,20.0,0.0,1.0,0.0,1.0,5.0,0.8333333333333334,0.0,1.0,0.0,0.0,7.0,,0.010860817102920315,0
82707,Heart of the Beast,AMC Kent Station 14,2026-09-23,2026-09-30,7,ordinary,-1.0,1,2026-09-29,7,6,1,0,0,-1,1,1,0,1,Wednesday,Wednesday,5.0,10.0,15.0,21.0,20.0,0.0,1.0,0.0,1.0,5.0,0.8333333333333334,0.0,1.0,0.0,0.0,7.0,,0.010839215449280066,0
82707,Heart of the Beast,AMC Pacific Place 11,2026-09-24,2026-10-01,7,ordinary,0.0,1,2026-09-29,6,5,1,0,0,-2,2,1,0,1,Thursday,Thursday,2.0,5.0,9.0,22.0,21.0,0.0,1.0,0.0,0.0,0.0,0.0,0.0,0.0,1.0,0.0,7.0,,0.01082853829613822,0
82707,Heart of the Beast,AMC Southcenter 16,2026-09-23,2026-09-30,7,ordinary,-1.0,1,2026-09-30,7,7,0,1,0,0,1,1,0,1,Wednesday,Wednesday,7.0,13.0,19.0,21.0,20.0,0.0,1.0,0.0,1.0,5.0,0.8333333333333334,0.0,1.0,0.0,0.0,7.0,,0.010850415465660101,0
82707,Heart of the Beast,AMC Woodinville 12,2026-09-23,2026-09-30,7,ordinary,-1.0,1,2026-09-29,7,6,1,0,0,-1,2,1,0,1,Wednesday,Wednesday,5.0,9.0,14.0,21.0,20.0,0.0,1.0,0.0,1.0,5.0,0.8333333333333334,0.0,1.0,0.0,0.0,7.0,,0.010854608409702395,0
84371,Heaven in Stone and Glass,AMC Alderwood Mall 16,2026-09-16,2026-09-23,7,special_event,-4.0,0,,0,,0,0,0,,0,1,0,1,Wednesday,Wednesday,2.0,2.0,2.0,14.0,13.0,0.0,1.0,0.0,0.0,3.0,1.0,1.0,1.0,1.0,0.0,4.0,,0.3462855966174592,0
84371,Heaven in Stone and Glass,AMC Kent Station 14,2026-09-16,2026-09-23,7,special_event,-4.0,0,,0,,0,0,0,,0,1,0,1,Wednesday,Wednesday,2.0,2.0,2.0,14.0,13.0,0.0,1.0,0.0,0.0,3.0,1.0,1.0,1.0,1.0,0.0,4.0,,0.3462855966174592,0
84371,Heaven in Stone and Glass,AMC Southcenter 16,2026-09-16,2026-09-23,7,special_event,-4.0,0,,0,,0,0,0,,0,1,0,1,Wednesday,Wednesday,2.0,2.0,2.0,14.0,13.0,0.0,1.0,0.0,0.0,3.0,1.0,1.0,1.0,1.0,0.0,4.0,,0.3462855966174592,0
84371,Heaven in Stone and Glass,AMC Woodinville 12,2026-09-16,2026-09-23,7,special_event,-4.0,0,,0,,0,0,0,,0,1,0,1,Wednesday,Wednesday,1.0,1.0,1.0,14.0,13.0,0.0,1.0,0.0,0.0,3.0,1.0,1.0,1.0,1.0,0.0,4.0,,0.35021520731996714,0
83785,Her Private Hell,AMC Alderwood Mall 16,2026-07-22,2026-07-29,7,ordinary,-1.0,0,,0,,0,0,0,,0,1,0,1,Wednesday,Wednesday,3.0,6.0,11.0,8.0,7.0,0.0,1.0,0.0,0.0,6.0,1.0,1.0,1.0,1.0,0.0,7.0,,0.011018443282340917,0
83785,Her Private Hell,AMC Factoria 8,2026-07-22,2026-07-29,7,ordinary,-1.0,0,,0,,0,0,0,,0,1,0,1,Wednesday,Wednesday,3.0,6.0,9.0,2.0,1.0,0.0,1.0,0.0,0.0,6.0,1.0,1.0,1.0,1.0,0.0,7.0,,0.011021737392827736,0
83785,Her Private Hell,AMC Kent Station 14,2026-07-22,2026-07-29,7,ordinary,-1.0,0,,0,,0,0,0,,0,1,0,1,Wednesday,Wednesday,4.0,8.0,11.0,8.0,7.0,0.0,1.0,0.0,0.0,6.0,1.0,1.0,1.0,1.0,0.0,7.0,,0.01100551378138198,0
83785,Her Private Hell,AMC Oak Tree 6,2026-07-22,2026-07-29,7,ordinary,-1.0,0,,0,,0,0,0,,0,1,0,1,Wednesday,Wednesday,2.0,4.0,6.0,1.0,0.0,0.0,1.0,0.0,0.0,6.0,1.0,1.0,1.0,1.0,0.0,7.0,,0.010741458817483965,0
83785,Her Private Hell,AMC Pacific Place 11,2026-07-22,2026-07-29,7,ordinary,-1.0,0,,0,,0,0,0,,0,1,0,1,Wednesday,Wednesday,4.0,9.0,13.0,8.0,7.0,0.0,1.0,0.0,0.0,6.0,1.0,1.0,1.0,1.0,0.0,7.0,,0.011008709499682254,0
83785,Her Private Hell,AMC Southcenter 16,2026-07-22,2026-07-29,7,ordinary,-1.0,0,,0,,0,0,0,,0,1,0,1,Wednesday,Wednesday,4.0,8.0,11.0,8.0,7.0,0.0,1.0,0.0,0.0,6.0,1.0,1.0,1.0,1.0,0.0,7.0,,0.011008709499682254,0
83785,Her Private Hell,AMC Woodinville 12,2026-07-22,2026-07-29,7,ordinary,-1.0,0,,0,,0,0,0,,0,1,0,1,Wednesday,Wednesday,3.0,5.0,7.0,2.0,1.0,0.0,1.0,0.0,0.0,6.0,1.0,1.0,1.0,1.0,0.0,7.0,,0.011031771007294671,0
84082,Hope,AMC Alderwood Mall 16,2026-09-09,2026-09-16,7,ordinary,0.0,1,2026-09-16,14,7,0,1,0,0,2,1,0,1,Wednesday,Wednesday,4.0,8.0,12.0,8.0,7.0,7.0,8.0,0.0,1.0,4.0,0.8,0.0,1.0,0.0,0.0,6.0,,0.011989216821591807,0
84082,Hope,AMC Kent Station 14,2026-09-09,2026-09-16,7,ordinary,0.0,1,2026-09-15,15,6,1,0,0,-1,3,1,0,1,Wednesday,Wednesday,4.0,8.0,12.0,8.0,7.0,7.0,8.0,0.0,1.0,4.0,0.8,0.0,1.0,0.0,0.0,6.0,,0.012067619467516647,0
84082,Hope,AMC Oak Tree 6,2026-09-09,2026-09-16,7,ordinary,-2.0,1,2026-09-16,7,7,0,1,0,0,1,1,0,1,Wednesday,Wednesday,3.0,6.0,8.0,1.0,0.0,0.0,1.0,0.0,1.0,4.0,0.8,0.0,1.0,0.0,0.0,6.0,,0.011028488794998487,0
84082,Hope,AMC Pacific Place 11,2026-09-10,2026-09-17,7,ordinary,1.0,1,2026-09-16,13,6,1,0,0,-1,3,1,0,1,Thursday,Thursday,1.0,3.0,6.0,8.0,7.0,8.0,9.0,0.0,0.0,0.0,0.0,0.0,0.0,1.0,0.0,6.0,0.25,0.011533722985136507,0
84082,Hope,AMC Southcenter 16,2026-09-09,2026-09-16,7,ordinary,0.0,1,2026-09-16,15,7,0,1,0,0,3,1,0,1,Wednesday,Wednesday,4.0,8.0,12.0,8.0,7.0,7.0,8.0,0.0,1.0,4.0,0.8,0.0,1.0,0.0,0.0,6.0,,0.011854850211948865,0
84082,Hope,AMC Woodinville 12,2026-09-03,2026-09-10,7,ordinary,-6.0,1,2026-09-09,13,6,1,0,0,-1,2,1,0,1,Thursday,Thursday,3.0,6.0,6.0,3.0,2.0,0.0,1.0,0.0,4.0,0.0,0.0,0.0,1.0,0.0,0.0,5.0,,0.01560044292078724,0
84769,HOPE Premium Early Access,AMC Alderwood Mall 16,2026-08-31,2026-09-07,7,special_event,-7.0,0,,0,,0,0,0,,0,1,0,1,Monday,Monday,1.0,1.0,1.0,8.0,7.0,0.0,1.0,0.0,0.0,3.0,1.0,1.0,1.0,1.0,0.0,4.0,,0.09766584408626092,0
84769,HOPE Premium Early Access,AMC Kent Station 14,2026-08-31,2026-09-07,7,special_event,-7.0,0,,0,,0,0,0,,0,1,0,1,Monday,Monday,1.0,1.0,1.0,8.0,7.0,0.0,1.0,0.0,0.0,3.0,1.0,1.0,1.0,1.0,0.0,4.0,,0.09766584408626092,0
84769,HOPE Premium Early Access,AMC Southcenter 16,2026-08-31,2026-09-07,7,special_event,-7.0,0,,0,,0,0,0,,0,1,0,1,Monday,Monday,1.0,1.0,1.0,8.0,7.0,0.0,1.0,0.0,0.0,3.0,1.0,1.0,1.0,1.0,0.0,4.0,,0.09766584408626092,0
84769,HOPE Premium Early Access,AMC Woodinville 12,2026-08-31,2026-09-07,7,special_event,-7.0,0,,0,,0,0,0,,0,1,0,1,Monday,Monday,1.0,1.0,1.0,8.0,7.0,0.0,1.0,0.0,0.0,3.0,1.0,1.0,1.0,1.0,0.0,4.0,,0.09766584408626092,0
83783,Hot Spot,AMC Alderwood Mall 16,2026-08-19,2026-08-26,7,ordinary,-1.0,0,,0,,0,0,0,,0,1,0,1,Wednesday,Wednesday,5.0,9.0,17.0,7.0,6.0,0.0,1.0,0.0,1.0,2.0,0.6666666666666666,0.0,1.0,0.0,0.0,4.0,,0.013492466333094037,0
83783,Hot Spot,AMC Kent Station 14,2026-08-20,2026-08-27,7,ordinary,0.0,0,,0,,0,0,0,,0,1,0,1,Thursday,Thursday,4.0,9.0,14.0,8.0,7.0,0.0,1.0,0.0,0.0,0.0,0.0,0.0,0.0,1.0,0.0,4.0,,0.012900363009101447,0
83783,Hot Spot,AMC Southcenter 16,2026-08-19,2026-08-26,7,ordinary,-1.0,0,,0,,0,0,0,,0,1,0,1,Wednesday,Wednesday,5.0,10.0,15.0,7.0,6.0,0.0,1.0,0.0,1.0,2.0,0.6666666666666666,0.0,1.0,0.0,0.0,4.0,,0.013354868235087854,0
83783,Hot Spot,AMC Woodinville 12,2026-08-19,2026-08-26,7,ordinary,-1.0,1,2026-08-26,1,7,0,1,0,0,1,1,0,1,Wednesday,Wednesday,5.0,10.0,15.0,7.0,6.0,0.0,1.0,0.0,1.0,2.0,0.6666666666666666,0.0,1.0,0.0,0.0,4.0,,0.013354868235087854,0
84533,House of Worship,AMC Alderwood Mall 16,2026-08-19,2026-08-26,7,special_event,-4.0,0,,0,,0,0,0,,0,1,0,1,Wednesday,Wednesday,1.0,3.0,3.0,8.0,7.0,2.0,3.0,0.0,0.0,1.0,1.0,1.0,1.0,1.0,0.0,2.0,,0.3879524134097786,0
84533,House of Worship,AMC Southcenter 16,2026-08-19,2026-08-26,7,special_event,-4.0,0,,0,,0,0,0,,0,1,0,1,Wednesday,Wednesday,1.0,2.0,2.0,8.0,7.0,2.0,3.0,0.0,0.0,1.0,1.0,1.0,1.0,1.0,0.0,2.0,,0.38381888072783155,0
83807,How to Train Your Dragon,AMC Alderwood Mall 16,2026-07-01,2026-07-08,7,ordinary_title_only,-5.0,0,,0,,0,0,0,,0,1,0,1,Wednesday,Wednesday,2.0,2.0,4.0,3.0,2.0,0.0,1.0,0.0,0.0,3.0,1.0,1.0,1.0,1.0,0.0,4.0,,0.07725573211596641,0
83807,How to Train Your Dragon,AMC Kent Station 14,2026-07-01,2026-07-08,7,ordinary_title_only,-5.0,0,,0,,0,0,0,,0,1,0,1,Wednesday,Wednesday,2.0,2.0,4.0,3.0,2.0,0.0,1.0,0.0,0.0,3.0,1.0,1.0,1.0,1.0,0.0,4.0,,0.07725573211596641,0
83807,How to Train Your Dragon,AMC Southcenter 16,2026-07-01,2026-07-08,7,ordinary_title_only,-5.0,0,,0,,0,0,0,,0,1,0,1,Wednesday,Wednesday,2.0,2.0,4.0,3.0,2.0,0.0,1.0,0.0,0.0,3.0,1.0,1.0,1.0,1.0,0.0,4.0,,0.07725573211596641,0
83807,How to Train Your Dragon,AMC Woodinville 12,2026-07-01,2026-07-08,7,ordinary_title_only,-5.0,0,,0,,0,0,0,,0,1,0,1,Wednesday,Wednesday,2.0,2.0,4.0,3.0,2.0,0.0,1.0,0.0,0.0,3.0,1.0,1.0,1.0,1.0,0.0,4.0,,0.07725573211596641,0
84677,Hushar Pittalu,AMC Alderwood Mall 16,2026-08-14,2026-08-18,4,ordinary,-4.0,0,,0,,0,0,0,,0,1,0,1,Tuesday,Friday,1.0,1.0,1.0,1.0,0.0,0.0,1.0,0.0,0.0,0.0,,0.0,1.0,1.0,1.0,1.0,,0.4316763822425328,1
84257,I Know Who You Are,AMC Alderwood Mall 16,2026-07-01,2026-07-08,7,ordinary_title_only,-1.0,0,,0,,0,0,0,,0,1,0,1,Wednesday,Wednesday,1.0,2.0,3.0,1.0,0.0,0.0,1.0,0.0,0.0,1.0,1.0,1.0,1.0,1.0,0.0,2.0,,0.5241010710690007,0
84257,I Know Who You Are,AMC Pacific Place 11,2026-07-01,2026-07-08,7,ordinary_title_only,-1.0,1,2026-07-08,1,7,0,1,0,0,1,1,0,1,Wednesday,Wednesday,2.0,4.0,6.0,1.0,0.0,0.0,1.0,0.0,0.0,1.0,1.0,1.0,1.0,1.0,0.0,2.0,,0.5241010710690007,0
83178,I Want Your Sex,AMC Alderwood Mall 16,2026-07-29,2026-08-05,7,ordinary,-1.0,1,2026-08-05,1,7,0,1,0,0,1,1,0,1,Wednesday,Wednesday,3.0,6.0,9.0,8.0,7.0,5.0,6.0,0.0,0.0,3.0,1.0,1.0,1.0,1.0,0.0,4.0,,0.013967710015170194,0
83178,I Want Your Sex,AMC Kent Station 14,2026-07-29,2026-08-05,7,ordinary,-1.0,1,2026-08-04,1,6,1,0,0,-1,1,1,0,1,Wednesday,Wednesday,6.0,12.0,18.0,8.0,7.0,5.0,6.0,0.0,0.0,3.0,1.0,1.0,1.0,1.0,0.0,4.0,,0.013506240397670677,0
83178,I Want Your Sex,AMC Pacific Place 11,2026-07-29,2026-08-05,7,ordinary,-1.0,1,2026-08-04,1,6,1,0,0,-1,1,1,0,1,Wednesday,Wednesday,3.0,6.0,9.0,8.0,7.0,5.0,6.0,0.0,0.0,3.0,1.0,1.0,1.0,1.0,0.0,4.0,,0.013995572283557883,0
83178,I Want Your Sex,AMC Southcenter 16,2026-07-29,2026-08-05,7,ordinary,-1.0,0,,0,,0,0,0,,0,1,0,1,Wednesday,Wednesday,6.0,9.0,13.0,8.0,7.0,5.0,6.0,0.0,0.0,3.0,1.0,1.0,1.0,1.0,0.0,4.0,,0.013995572283557883,0
83178,I Want Your Sex,AMC Woodinville 12,2026-09-01,2026-09-07,6,ordinary,-6.0,0,,0,,0,0,0,,0,1,0,1,Monday,Tuesday,1.0,1.0,1.0,1.0,0.0,0.0,1.0,0.0,0.0,0.0,,0.0,1.0,1.0,1.0,1.0,,0.07823392483016588,1
84528,I'm Game,AMC Southcenter 16,2026-09-03,2026-09-09,6,ordinary,0.0,0,,0,,0,0,0,,0,1,0,1,Wednesday,Thursday,1.0,2.0,3.0,1.0,0.0,0.0,1.0,0.0,0.0,0.0,,0.0,1.0,1.0,1.0,1.0,,0.4255685457804902,1
83358,Ice Cream Man,AMC Alderwood Mall 16,2026-08-05,2026-08-12,7,ordinary,-1.0,1,2026-08-12,7,7,0,1,0,0,1,1,0,1,Wednesday,Wednesday,3.0,8.0,13.0,8.0,7.0,6.0,7.0,0.0,0.0,4.0,1.0,1.0,1.0,1.0,0.0,5.0,,0.012166991351579122,0
83358,Ice Cream Man,AMC Kent Station 14,2026-08-05,2026-08-12,7,ordinary,-1.0,1,2026-08-11,8,6,1,0,0,-1,2,1,0,1,Wednesday,Wednesday,9.0,16.0,21.0,8.0,7.0,6.0,7.0,0.0,0.0,4.0,1.0,1.0,1.0,1.0,0.0,5.0,,0.01204858264499088,0
83358,Ice Cream Man,AMC Pacific Place 11,2026-08-04,2026-08-07,3,ordinary,-2.0,1,2026-08-05,6,1,1,0,0,-2,2,1,1,1,Friday,Tuesday,2.0,4.0,4.0,1.0,0.0,0.0,1.0,0.0,4.0,0.0,0.0,0.0,1.0,0.0,0.0,5.0,,0.03229761538529593,0
83358,Ice Cream Man,AMC Southcenter 16,2026-08-05,2026-08-12,7,ordinary,-1.0,1,2026-08-12,7,7,0,1,0,0,1,1,0,1,Wednesday,Wednesday,5.0,10.0,15.0,8.0,7.0,6.0,7.0,0.0,0.0,4.0,1.0,1.0,1.0,1.0,0.0,5.0,,0.012166991351579122,0
83358,Ice Cream Man,AMC Woodinville 12,2026-08-05,2026-08-12,7,ordinary,-1.0,0,,0,,0,0,0,,0,1,0,1,Wednesday,Wednesday,3.0,4.0,6.0,2.0,1.0,0.0,1.0,0.0,0.0,4.0,1.0,1.0,1.0,1.0,0.0,5.0,,0.012217123104317112,0
83461,Idiots,AMC Alderwood Mall 16,2026-08-26,2026-09-02,7,ordinary,-1.0,0,,0,,0,0,0,,0,1,0,1,Wednesday,Wednesday,1.0,2.0,3.0,8.0,7.0,6.0,7.0,0.0,0.0,3.0,1.0,1.0,1.0,1.0,0.0,4.0,,0.019773180963187417,0
83461,Idiots,AMC Kent Station 14,2026-08-26,2026-09-02,7,ordinary,-1.0,1,2026-09-01,1,6,1,0,0,-1,1,1,0,1,Wednesday,Wednesday,1.0,4.0,5.0,2.0,1.0,0.0,1.0,0.0,0.0,3.0,1.0,1.0,1.0,1.0,0.0,4.0,,0.019521670261501773,0
83461,Idiots,AMC Southcenter 16,2026-08-26,2026-09-02,7,ordinary,-1.0,0,,0,,0,0,0,,0,1,0,1,Wednesday,Wednesday,1.0,3.0,4.0,8.0,7.0,6.0,7.0,0.0,0.0,3.0,1.0,1.0,1.0,1.0,0.0,4.0,,0.019604613066204143,0
83461,Idiots,AMC Woodinville 12,2026-08-26,2026-09-02,7,ordinary,-1.0,0,,0,,0,0,0,,0,1,0,1,Wednesday,Wednesday,2.0,3.0,5.0,1.0,0.0,0.0,1.0,0.0,0.0,3.0,1.0,1.0,1.0,1.0,0.0,4.0,,0.01727779899547057,0
84783,Idiots Early Access,AMC Alderwood Mall 16,2026-08-18,2026-08-25,7,special_event,-7.0,0,,0,,0,0,0,,0,1,0,1,Tuesday,Tuesday,1.0,1.0,1.0,4.0,3.0,0.0,1.0,0.0,0.0,1.0,1.0,1.0,1.0,1.0,0.0,2.0,,0.11295828118895614,0
84783,Idiots Early Access,AMC Southcenter 16,2026-08-18,2026-08-25,7,special_event,-7.0,0,,0,,0,0,0,,0,1,0,1,Tuesday,Tuesday,1.0,1.0,1.0,4.0,3.0,0.0,1.0,0.0,0.0,1.0,1.0,1.0,1.0,1.0,0.0,2.0,,0.11295828118895614,0
84453,If I Go Will They Miss Me,AMC Alderwood Mall 16,2026-09-16,2026-09-23,7,ordinary,-1.0,0,,0,,0,0,0,,0,1,0,1,Wednesday,Wednesday,2.0,4.0,6.0,1.0,0.0,0.0,1.0,0.0,1.0,1.0,0.5,0.0,1.0,0.0,0.0,3.0,,0.029532757194566987,0
84453,If I Go Will They Miss Me,AMC Pacific Place 11,2026-09-16,2026-09-23,7,ordinary,-1.0,1,2026-09-22,14,6,1,0,0,-1,3,1,0,1,Wednesday,Wednesday,1.0,2.0,3.0,1.0,0.0,0.0,1.0,0.0,1.0,1.0,0.5,0.0,1.0,0.0,0.0,3.0,,0.029532757194566987,0
84453,If I Go Will They Miss Me,AMC Southcenter 16,2026-09-17,2026-09-24,7,ordinary,0.0,1,2026-09-30,13,13,0,0,1,6,1,1,0,1,Thursday,Thursday,1.0,3.0,5.0,9.0,8.0,0.0,1.0,0.0,0.0,0.0,0.0,0.0,0.0,1.0,0.0,3.0,,0.03006534848118407,0
84389,If I Tell You,AMC Alderwood Mall 16,2026-08-20,2026-08-27,7,ordinary,-7.0,0,,0,,0,0,0,,0,1,0,1,Thursday,Thursday,1.0,1.0,1.0,8.0,7.0,0.0,1.0,0.0,0.0,0.0,,0.0,1.0,1.0,1.0,1.0,,0.033338318761869476,0
83905,Inglaterra vs Argentina - Semifinales - Telemundo presenta la Copa Mundial de la FIFA 2026,AMC Alderwood Mall 16,2026-07-08,2026-07-15,7,special_event,-7.0,0,,0,,0,0,0,,0,1,0,1,Wednesday,Wednesday,1.0,1.0,1.0,8.0,7.0,0.0,1.0,0.0,0.0,1.0,1.0,1.0,1.0,1.0,0.0,2.0,,0.11706999326827423,0
83905,Inglaterra vs Argentina - Semifinales - Telemundo presenta la Copa Mundial de la FIFA 2026,AMC Southcenter 16,2026-07-08,2026-07-15,7,special_event,-7.0,0,,0,,0,0,0,,0,1,0,1,Wednesday,Wednesday,1.0,1.0,1.0,8.0,7.0,0.0,1.0,0.0,0.0,1.0,1.0,1.0,1.0,1.0,0.0,2.0,,0.11706999326827423,0
title:inglaterra-vs-rd-del-congo-telemundo-presenta-la-copa-mundial-de-la-fifa-2026,Inglaterra vs RD del Congo - Telemundo presenta la Copa Mundial de la FIFA 2026,AMC Southcenter 16,2026-06-29,2026-07-01,2,special_event_title_only,-2.0,0,,0,,0,0,0,,0,1,1,1,Wednesday,Monday,1.0,1.0,1.0,1.0,0.0,0.0,1.0,0.0,0.0,0.0,,0.0,1.0,1.0,1.0,1.0,,0.9346033078665739,1
77101,Insidious: Out of the Further,AMC Alderwood Mall 16,2026-08-27,2026-09-03,7,ordinary,7.0,1,2026-09-02,20,6,1,0,0,-1,3,1,0,1,Thursday,Thursday,1.0,7.0,13.0,8.0,7.0,14.0,15.0,0.0,0.0,2.0,0.3333333333333333,0.0,0.0,1.0,0.0,7.0,0.08823529411764705,0.010742351580233605,0
77101,Insidious: Out of the Further,AMC Factoria 8,2026-08-27,2026-09-03,7,ordinary,7.0,1,2026-09-01,7,5,1,0,0,-2,2,1,0,1,Thursday,Thursday,1.0,5.0,9.0,8.0,7.0,14.0,15.0,0.0,0.0,2.0,0.3333333333333333,0.0,0.0,1.0,0.0,7.0,0.2,0.010769155462201006,0
77101,Insidious: Out of the Further,AMC Kent Station 14,2026-08-26,2026-09-02,7,ordinary,6.0,1,2026-09-01,22,6,1,0,0,-1,4,1,0,1,Wednesday,Wednesday,5.0,10.0,15.0,8.0,7.0,13.0,14.0,0.0,3.0,3.0,0.5,0.0,1.0,0.0,0.0,7.0,0.75,0.010853493302565674,0
77101,Insidious: Out of the Further,AMC Oak Tree 6,2026-08-26,2026-09-02,7,ordinary,6.0,0,,0,,0,0,0,,0,1,0,1,Wednesday,Wednesday,4.0,8.0,12.0,8.0,7.0,2.0,3.0,0.0,3.0,3.0,0.5,0.0,1.0,0.0,0.0,7.0,0.6666666666666666,0.010923452271972797,0
77101,Insidious: Out of the Further,AMC Pacific Place 11,2026-08-27,2026-09-03,7,ordinary,7.0,0,,0,,0,0,0,,0,1,0,1,Thursday,Thursday,1.0,5.0,9.0,8.0,7.0,14.0,15.0,0.0,0.0,2.0,0.3333333333333333,0.0,0.0,1.0,0.0,7.0,0.25,0.01077632761116746,0
77101,Insidious: Out of the Further,AMC Southcenter 16,2026-08-19,2026-08-26,7,ordinary,-1.0,1,2026-08-25,28,6,1,0,0,-1,5,1,0,1,Wednesday,Wednesday,9.0,18.0,27.0,8.0,7.0,6.0,7.0,0.0,6.0,0.0,0.0,0.0,1.0,0.0,0.0,7.0,,0.011912522371489827,0
77101,Insidious: Out of the Further,AMC Woodinville 12,2026-08-26,2026-09-02,7,ordinary,6.0,1,2026-09-01,15,6,1,0,0,-1,3,1,0,1,Wednesday,Wednesday,5.0,10.0,14.0,8.0,7.0,13.0,14.0,0.0,3.0,3.0,0.5,0.0,1.0,0.0,0.0,7.0,1.0,0.010919310778326882,0
84139,Irumudi,AMC Alderwood Mall 16,2026-08-19,2026-08-26,7,ordinary,-1.0,0,,0,,0,0,0,,0,1,0,1,Wednesday,Wednesday,1.0,2.0,3.0,1.0,0.0,0.0,1.0,0.0,0.0,0.0,,0.0,1.0,1.0,1.0,1.0,,0.21286095500206303,0
84139,Irumudi,AMC Southcenter 16,2026-08-25,2026-08-28,3,ordinary,-2.0,1,2026-08-26,5,1,1,0,0,-2,1,1,1,1,Friday,Tuesday,2.0,2.0,2.0,1.0,0.0,0.0,1.0,0.0,0.0,0.0,0.0,0.0,0.0,1.0,0.0,2.0,,0.8509354313493036,0
84289,It Ends,AMC Alderwood Mall 16,2026-08-26,2026-09-02,7,ordinary,-1.0,0,,0,,0,0,0,,0,1,0,1,Wednesday,Wednesday,3.0,5.0,8.0,1.0,0.0,0.0,1.0,0.0,0.0,4.0,1.0,1.0,1.0,1.0,0.0,5.0,,0.013355949211991035,0
84289,It Ends,AMC Kent Station 14,2026-08-26,2026-09-02,7,ordinary,-1.0,1,2026-09-01,1,6,1,0,0,-1,1,1,0,1,Wednesday,Wednesday,1.0,2.0,4.0,2.0,1.0,0.0,1.0,0.0,0.0,4.0,1.0,1.0,1.0,1.0,0.0,5.0,,0.014692589556191883,0
84289,It Ends,AMC Pacific Place 11,2026-08-25,2026-08-28,3,ordinary,-2.0,1,2026-08-26,6,1,1,0,0,-2,2,1,1,1,Friday,Tuesday,2.0,3.0,3.0,1.0,0.0,0.0,1.0,0.0,1.0,1.0,0.5,0.0,1.0,0.0,0.0,3.0,,0.7730788129846194,0
84289,It Ends,AMC Southcenter 16,2026-08-25,2026-08-28,3,ordinary,-2.0,1,2026-08-26,5,1,1,0,0,-2,1,1,1,1,Friday,Tuesday,2.0,2.0,2.0,1.0,0.0,0.0,1.0,0.0,1.0,1.0,0.5,0.0,1.0,0.0,0.0,3.0,,0.7730788129846194,0
84289,It Ends,AMC Woodinville 12,2026-08-26,2026-09-02,7,ordinary,-1.0,1,2026-09-01,1,6,1,0,0,-1,1,1,0,1,Wednesday,Wednesday,1.0,2.0,2.0,1.0,0.0,0.0,1.0,0.0,0.0,4.0,1.0,1.0,1.0,1.0,0.0,5.0,,0.013355949211991035,0
title:jackass-best-and-last,Jackass: Best and Last,AMC Alderwood Mall 16,2026-06-29,2026-06-30,1,ordinary_title_only,0.0,0,,0,,0,0,0,,0,1,1,1,Tuesday,Monday,5.0,10.0,10.0,1.0,0.0,0.0,1.0,0.0,1.0,5.0,0.8333333333333334,0.0,1.0,0.0,0.0,7.0,,0.7976832827766025,1
82549,Jackass: Best and Last,AMC Alderwood Mall 16,2026-06-29,2026-07-02,3,ordinary,-2.0,1,2026-07-01,13,2,1,0,0,-1,2,1,1,1,Thursday,Monday,5.0,10.0,10.0,1.0,0.0,0.0,1.0,0.0,0.0,4.0,0.6666666666666666,0.0,0.0,1.0,0.0,7.0,,0.010812547739023338,0
title:jackass-best-and-last,Jackass: Best and Last,AMC Factoria 8,2026-06-29,2026-06-30,1,ordinary_title_only,0.0,0,,0,,0,0,0,,0,1,1,1,Tuesday,Monday,5.0,10.0,10.0,1.0,0.0,0.0,1.0,0.0,1.0,5.0,0.8333333333333334,0.0,1.0,0.0,0.0,7.0,,0.7976832827766025,1
82549,Jackass: Best and Last,AMC Factoria 8,2026-06-29,2026-07-02,3,ordinary,-2.0,1,2026-06-30,7,1,1,0,0,-2,2,1,1,1,Thursday,Monday,5.0,10.0,10.0,1.0,0.0,0.0,1.0,0.0,0.0,4.0,0.6666666666666666,0.0,0.0,1.0,0.0,7.0,,0.010812547739023338,0
title:jackass-best-and-last,Jackass: Best and Last,AMC Kent Station 14,2026-06-29,2026-06-30,1,ordinary_title_only,0.0,0,,0,,0,0,0,,0,1,1,1,Tuesday,Monday,6.0,12.0,12.0,1.0,0.0,0.0,1.0,0.0,1.0,5.0,0.8333333333333334,0.0,1.0,0.0,0.0,7.0,,0.7976832827766025,1
82549,Jackass: Best and Last,AMC Kent Station 14,2026-06-29,2026-07-02,3,ordinary,-2.0,1,2026-06-30,14,1,1,0,0,-2,3,1,1,1,Thursday,Monday,4.0,12.0,12.0,1.0,0.0,0.0,1.0,0.0,0.0,4.0,0.6666666666666666,0.0,0.0,1.0,0.0,7.0,,0.010812547739023338,0
title:jackass-best-and-last,Jackass: Best and Last,AMC Oak Tree 6,2026-06-29,2026-07-02,3,ordinary_title_only,0.0,0,,0,,0,0,0,,0,1,1,1,Thursday,Monday,3.0,3.0,8.0,1.0,0.0,0.0,1.0,0.0,0.0,0.0,0.0,0.0,0.0,1.0,0.0,7.0,,0.2345923222742209,1
82549,Jackass: Best and Last,AMC Oak Tree 6,2026-06-29,2026-07-02,3,ordinary,-2.0,1,2026-07-01,6,2,1,0,0,-1,1,1,1,1,Thursday,Monday,1.0,5.0,5.0,1.0,0.0,0.0,1.0,0.0,0.0,4.0,0.6666666666666666,0.0,0.0,1.0,0.0,7.0,,0.010812547739023338,0
title:jackass-best-and-last,Jackass: Best and Last,AMC Pacific Place 11,2026-06-29,2026-06-30,1,ordinary_title_only,0.0,0,,0,,0,0,0,,0,1,1,1,Tuesday,Monday,5.0,9.0,9.0,1.0,0.0,0.0,1.0,0.0,1.0,5.0,0.8333333333333334,0.0,1.0,0.0,0.0,7.0,,0.7976832827766025,1
82549,Jackass: Best and Last,AMC Pacific Place 11,2026-06-29,2026-07-02,3,ordinary,-2.0,1,2026-06-30,7,1,1,0,0,-2,3,1,1,1,Thursday,Monday,4.0,9.0,9.0,1.0,0.0,0.0,1.0,0.0,0.0,4.0,0.6666666666666666,0.0,0.0,1.0,0.0,7.0,,0.010812547739023338,0
title:jackass-best-and-last,Jackass: Best and Last,AMC Southcenter 16,2026-06-29,2026-06-30,1,ordinary_title_only,0.0,0,,0,,0,0,0,,0,1,1,1,Tuesday,Monday,6.0,11.0,11.0,1.0,0.0,0.0,1.0,0.0,1.0,5.0,0.8333333333333334,0.0,1.0,0.0,0.0,7.0,,0.7976832827766025,1
82549,Jackass: Best and Last,AMC Southcenter 16,2026-06-29,2026-07-01,2,ordinary,-2.0,1,2026-07-01,8,2,0,1,0,0,2,1,1,1,Wednesday,Monday,6.0,6.0,6.0,1.0,0.0,0.0,1.0,0.0,5.0,1.0,0.16666666666666666,0.0,1.0,0.0,0.0,7.0,,0.010991839450545604,0
title:jackass-best-and-last,Jackass: Best and Last,AMC Woodinville 12,2026-06-29,2026-06-30,1,ordinary_title_only,0.0,0,,0,,0,0,0,,0,1,1,1,Tuesday,Monday,5.0,10.0,10.0,1.0,0.0,0.0,1.0,0.0,1.0,5.0,0.8333333333333334,0.0,1.0,0.0,0.0,7.0,,0.7976832827766025,1
82549,Jackass: Best and Last,AMC Woodinville 12,2026-06-29,2026-07-01,2,ordinary,-2.0,1,2026-06-30,8,1,1,0,0,-1,2,1,1,1,Wednesday,Monday,5.0,5.0,5.0,1.0,0.0,0.0,1.0,0.0,5.0,1.0,0.16666666666666666,0.0,1.0,0.0,0.0,7.0,,0.010991839450545604,0
82113,Jana Nayagan,AMC Alderwood Mall 16,2026-07-22,2026-07-29,7,ordinary,0.0,0,,0,,0,0,0,,0,1,0,1,Wednesday,Wednesday,2.0,4.0,5.0,1.0,0.0,0.0,1.0,0.0,0.0,0.0,0.0,0.0,0.0,1.0,0.0,2.0,,0.08428863463217659,0
82113,Jana Nayagan,AMC Factoria 8,2026-07-18,2026-07-22,4,ordinary,-4.0,1,2026-07-23,1,5,0,0,1,1,1,1,0,1,Wednesday,Saturday,3.0,3.0,3.0,1.0,0.0,0.0,1.0,0.0,0.0,0.0,,0.0,1.0,1.0,1.0,1.0,,0.3043784937120725,1
84552,Juan Gabriel: Mi Primer Bellas Artes,AMC Alderwood Mall 16,2026-09-08,2026-09-15,7,special_event,-7.0,1,2026-09-09,1,1,1,0,0,-6,1,1,0,1,Tuesday,Tuesday,1.0,1.0,1.0,8.0,7.0,0.0,1.0,0.0,0.0,2.0,1.0,1.0,1.0,1.0,0.0,3.0,,0.11632797776756461,0
84552,Juan Gabriel: Mi Primer Bellas Artes,AMC Kent Station 14,2026-09-08,2026-09-15,7,special_event,-7.0,1,2026-09-12,1,4,1,0,0,-3,1,1,0,1,Tuesday,Tuesday,1.0,1.0,1.0,8.0,7.0,0.0,1.0,0.0,0.0,2.0,1.0,1.0,1.0,1.0,0.0,3.0,,0.11632797776756461,0
84552,Juan Gabriel: Mi Primer Bellas Artes,AMC Southcenter 16,2026-09-08,2026-09-15,7,special_event,-7.0,1,2026-09-09,1,1,1,0,0,-6,1,1,0,1,Tuesday,Tuesday,1.0,1.0,1.0,8.0,7.0,0.0,1.0,0.0,0.0,2.0,1.0,1.0,1.0,1.0,0.0,3.0,,0.11632797776756461,0
83778,KATSEYE: WILD HEARTS,AMC Alderwood Mall 16,2026-08-09,2026-08-16,7,special_event,-3.0,1,2026-08-19,7,10,0,0,1,3,1,1,0,1,Sunday,Sunday,1.0,2.0,3.0,8.0,7.0,4.0,5.0,0.0,0.0,2.0,1.0,1.0,1.0,1.0,0.0,3.0,,0.5344616861416649,0
83778,KATSEYE: WILD HEARTS,AMC Kent Station 14,2026-08-09,2026-08-16,7,special_event,-3.0,0,,0,,0,0,0,,0,1,0,1,Sunday,Sunday,1.0,2.0,3.0,8.0,7.0,4.0,5.0,0.0,0.0,2.0,1.0,1.0,1.0,1.0,0.0,3.0,,0.5387844573290881,0
83778,KATSEYE: WILD HEARTS,AMC Southcenter 16,2026-08-09,2026-08-16,7,special_event,-3.0,0,,0,,0,0,0,,0,1,0,1,Sunday,Sunday,1.0,2.0,3.0,8.0,7.0,4.0,5.0,0.0,0.0,2.0,1.0,1.0,1.0,1.0,0.0,3.0,,0.5387844573290881,0
84442,Katy Perry: The Lifetimes Tour - Live From Paris,AMC Alderwood Mall 16,2026-08-26,2026-09-02,7,special_event,-7.0,0,,0,,0,0,0,,0,1,0,1,Wednesday,Wednesday,1.0,1.0,1.0,8.0,7.0,0.0,1.0,0.0,0.0,2.0,1.0,1.0,1.0,1.0,0.0,3.0,,0.08975223821769879,0
84442,Katy Perry: The Lifetimes Tour - Live From Paris,AMC Kent Station 14,2026-08-26,2026-09-02,7,special_event,-7.0,0,,0,,0,0,0,,0,1,0,1,Wednesday,Wednesday,1.0,1.0,1.0,8.0,7.0,0.0,1.0,0.0,0.0,2.0,1.0,1.0,1.0,1.0,0.0,3.0,,0.08975223821769879,0
84442,Katy Perry: The Lifetimes Tour - Live From Paris,AMC Southcenter 16,2026-08-26,2026-09-02,7,special_event,-7.0,0,,0,,0,0,0,,0,1,0,1,Wednesday,Wednesday,1.0,1.0,1.0,8.0,7.0,0.0,1.0,0.0,0.0,2.0,1.0,1.0,1.0,1.0,0.0,3.0,,0.08975223821769879,0
84447,La La Land 10th Anniversary,AMC Alderwood Mall 16,2026-08-15,2026-08-22,7,rerelease,-1.0,1,2026-08-19,4,4,1,0,0,-3,1,1,0,1,Saturday,Saturday,1.0,1.0,1.0,8.0,7.0,3.0,4.0,0.0,0.0,0.0,0.0,0.0,0.0,1.0,0.0,4.0,,0.4473314942778405,0
84447,La La Land 10th Anniversary,AMC Kent Station 14,2026-08-10,2026-08-17,7,rerelease,-6.0,1,2026-08-18,9,8,0,0,1,1,1,1,0,1,Monday,Monday,1.0,4.0,4.0,8.0,7.0,1.0,2.0,0.0,1.0,2.0,0.6666666666666666,0.0,1.0,0.0,0.0,4.0,,0.62576688158877,0
84447,La La Land 10th Anniversary,AMC Southcenter 16,2026-08-10,2026-08-17,7,rerelease,-6.0,0,,0,,0,0,0,,0,1,0,1,Monday,Monday,1.0,4.0,4.0,8.0,7.0,1.0,2.0,0.0,1.0,2.0,0.6666666666666666,0.0,1.0,0.0,0.0,4.0,,0.62576688158877,0
84447,La La Land 10th Anniversary,AMC Woodinville 12,2026-08-10,2026-08-17,7,rerelease,-6.0,1,2026-08-18,10,8,0,0,1,1,2,1,0,1,Monday,Monday,2.0,6.0,6.0,8.0,7.0,1.0,2.0,0.0,1.0,2.0,0.6666666666666666,0.0,1.0,0.0,0.0,4.0,,0.6178076235419487,0
78244,Laufey's A Night At The Symphony: Hollywood Bowl,AMC Southcenter 16,2026-08-16,2026-08-23,7,special_event,-7.0,0,,0,,0,0,0,,0,1,0,1,Sunday,Sunday,1.0,1.0,1.0,2.0,1.0,0.0,1.0,0.0,0.0,0.0,,0.0,1.0,1.0,1.0,1.0,,0.3595456826028167,0
84497,Learning to Fly,AMC Pacific Place 11,2026-08-18,2026-08-21,3,ordinary,-3.0,1,2026-08-19,5,1,1,0,0,-2,1,1,1,1,Friday,Tuesday,1.0,1.0,1.0,1.0,0.0,0.0,1.0,0.0,0.0,0.0,,0.0,1.0,1.0,1.0,1.0,,0.9169020127108466,0
83347,Legend of the White Dragon,AMC Alderwood Mall 16,2026-08-25,2026-09-01,7,ordinary,-3.0,0,,0,,0,0,0,,0,1,0,1,Tuesday,Tuesday,1.0,1.0,2.0,8.0,7.0,3.0,4.0,0.0,0.0,2.0,1.0,1.0,1.0,1.0,0.0,3.0,,0.029381901259117587,0
83347,Legend of the White Dragon,AMC Kent Station 14,2026-08-25,2026-09-01,7,ordinary,-3.0,0,,0,,0,0,0,,0,1,0,1,Tuesday,Tuesday,1.0,1.0,2.0,8.0,7.0,3.0,4.0,0.0,0.0,2.0,1.0,1.0,1.0,1.0,0.0,3.0,,0.029381901259117587,0
83347,Legend of the White Dragon,AMC Southcenter 16,2026-08-25,2026-09-01,7,ordinary,-3.0,0,,0,,0,0,0,,0,1,0,1,Tuesday,Tuesday,1.0,1.0,2.0,8.0,7.0,3.0,4.0,0.0,0.0,2.0,1.0,1.0,1.0,1.0,0.0,3.0,,0.029381901259117587,0
title:leviticus,Leviticus,AMC Alderwood Mall 16,2026-06-29,2026-06-30,1,ordinary_title_only,0.0,0,,0,,0,0,0,,0,1,1,1,Tuesday,Monday,1.0,2.0,2.0,1.0,0.0,0.0,1.0,0.0,1.0,3.0,0.75,0.0,1.0,0.0,0.0,5.0,,0.939277040651668,1
82907,Leviticus,AMC Alderwood Mall 16,2026-06-29,2026-07-01,2,ordinary,-2.0,1,2026-07-01,7,2,0,1,0,0,1,1,1,1,Wednesday,Monday,2.0,2.0,2.0,1.0,0.0,0.0,1.0,0.0,0.0,1.0,1.0,1.0,1.0,1.0,0.0,2.0,,0.4749355014934791,0
title:leviticus,Leviticus,AMC Kent Station 14,2026-06-29,2026-06-30,1,ordinary_title_only,0.0,0,,0,,0,0,0,,0,1,1,1,Tuesday,Monday,2.0,4.0,4.0,1.0,0.0,0.0,1.0,0.0,1.0,3.0,0.75,0.0,1.0,0.0,0.0,5.0,,0.939277040651668,1
title:leviticus,Leviticus,AMC Pacific Place 11,2026-06-29,2026-07-01,2,ordinary_title_only,0.0,0,,0,,0,0,0,,0,1,1,1,Wednesday,Monday,1.0,6.0,10.0,1.0,0.0,0.0,1.0,0.0,0.0,0.0,0.0,0.0,0.0,1.0,0.0,5.0,,0.923028042908193,1
82907,Leviticus,AMC Pacific Place 11,2026-06-29,2026-07-01,2,ordinary,-2.0,1,2026-06-30,15,1,1,0,0,-1,4,1,1,1,Wednesday,Monday,4.0,4.0,4.0,1.0,0.0,0.0,1.0,0.0,0.0,1.0,1.0,1.0,1.0,1.0,0.0,2.0,,0.4749355014934791,0
title:leviticus,Leviticus,AMC Southcenter 16,2026-06-29,2026-06-30,1,ordinary_title_only,0.0,0,,0,,0,0,0,,0,1,1,1,Tuesday,Monday,6.0,12.0,12.0,1.0,0.0,0.0,1.0,0.0,1.0,3.0,0.75,0.0,1.0,0.0,0.0,5.0,,0.939277040651668,1
82907,Leviticus,AMC Southcenter 16,2026-07-01,2026-07-08,7,ordinary,0.0,1,2026-07-07,8,6,1,0,0,-1,3,1,0,1,Wednesday,Wednesday,3.0,7.0,11.0,1.0,0.0,0.0,1.0,0.0,0.0,2.0,1.0,1.0,1.0,1.0,0.0,3.0,,0.01968797557422545,0
title:leviticus,Leviticus,AMC Woodinville 12,2026-06-29,2026-06-30,1,ordinary_title_only,0.0,0,,0,,0,0,0,,0,1,1,1,Tuesday,Monday,2.0,4.0,4.0,1.0,0.0,0.0,1.0,0.0,1.0,3.0,0.75,0.0,1.0,0.0,0.0,5.0,,0.939277040651668,1
title:lucky-strike,Lucky Strike,AMC Alderwood Mall 16,2026-06-29,2026-06-30,1,ordinary_title_only,0.0,0,,0,,0,0,0,,0,1,1,1,Tuesday,Monday,2.0,4.0,4.0,1.0,0.0,0.0,1.0,0.0,0.0,1.0,1.0,1.0,1.0,1.0,0.0,2.0,,0.9365981017724623,1
title:lucky-strike,Lucky Strike,AMC Southcenter 16,2026-06-29,2026-06-30,1,ordinary_title_only,0.0,0,,0,,0,0,0,,0,1,1,1,Tuesday,Monday,5.0,10.0,10.0,1.0,0.0,0.0,1.0,0.0,0.0,1.0,1.0,1.0,1.0,1.0,0.0,2.0,,0.9365981017724623,1
83414,Lucky Strike,AMC Southcenter 16,2026-06-29,2026-07-01,2,ordinary_title_only,-2.0,1,2026-07-01,8,2,0,1,0,0,2,1,1,1,Wednesday,Monday,5.0,5.0,5.0,1.0,0.0,0.0,1.0,0.0,0.0,0.0,,0.0,1.0,1.0,1.0,1.0,,0.9098976659571117,0
84581,Madame in Saigon,AMC Pacific Place 11,2026-08-25,2026-08-28,3,ordinary,-3.0,1,2026-08-26,5,1,1,0,0,-2,1,1,1,1,Friday,Tuesday,1.0,1.0,1.0,1.0,0.0,0.0,1.0,0.0,0.0,1.0,1.0,1.0,1.0,1.0,0.0,2.0,,0.8333637273915012,0
84581,Madame in Saigon,AMC Southcenter 16,2026-08-25,2026-08-28,3,ordinary,-3.0,1,2026-08-26,6,1,1,0,0,-2,2,1,1,1,Friday,Tuesday,1.0,1.0,1.0,1.0,0.0,0.0,1.0,0.0,0.0,1.0,1.0,1.0,1.0,1.0,0.0,2.0,,0.8333637273915012,0
82530,Maddie's Secret,AMC Pacific Place 11,2026-07-07,2026-07-10,3,ordinary,-2.0,1,2026-07-08,13,1,1,0,0,-2,4,1,1,1,Friday,Tuesday,1.0,1.0,1.0,1.0,0.0,0.0,1.0,0.0,0.0,0.0,,0.0,1.0,1.0,1.0,1.0,,0.9169020127108466,0
83672,Marruecos vs Francia - Cuartos de Final - Telemundo presenta la Copa Mundial de la FIFA 2026,AMC Alderwood Mall 16,2026-07-02,2026-07-09,7,special_event_title_only,-7.0,0,,0,,0,0,0,,0,1,0,1,Thursday,Thursday,1.0,1.0,1.0,4.0,3.0,0.0,1.0,0.0,0.0,1.0,1.0,1.0,1.0,1.0,0.0,2.0,,0.09480274220478921,0
83672,Marruecos vs Francia - Cuartos de Final - Telemundo presenta la Copa Mundial de la FIFA 2026,AMC Southcenter 16,2026-07-02,2026-07-09,7,special_event_title_only,-7.0,0,,0,,0,0,0,,0,1,0,1,Thursday,Thursday,1.0,1.0,1.0,4.0,3.0,0.0,1.0,0.0,0.0,1.0,1.0,1.0,1.0,1.0,0.0,2.0,,0.09480274220478921,0
title:masters-of-the-universe,Masters of the Universe,AMC Alderwood Mall 16,2026-06-29,2026-06-30,1,ordinary_title_only,0.0,0,,0,,0,0,0,,0,1,1,1,Tuesday,Monday,1.0,3.0,3.0,1.0,0.0,0.0,1.0,0.0,0.0,3.0,1.0,1.0,1.0,1.0,0.0,4.0,,0.9358687850212905,1
76888,Masters of the Universe,AMC Alderwood Mall 16,2026-06-29,2026-07-01,2,ordinary_title_only,-2.0,1,2026-07-01,7,2,0,1,0,0,1,1,1,1,Wednesday,Monday,1.0,1.0,1.0,1.0,0.0,0.0,1.0,0.0,0.0,0.0,,0.0,1.0,1.0,1.0,1.0,,0.9346033078665739,0
title:masters-of-the-universe,Masters of the Universe,AMC Kent Station 14,2026-06-29,2026-06-30,1,ordinary_title_only,0.0,0,,0,,0,0,0,,0,1,1,1,Tuesday,Monday,3.0,5.0,5.0,1.0,0.0,0.0,1.0,0.0,0.0,3.0,1.0,1.0,1.0,1.0,0.0,4.0,,0.9358687850212905,1
76888,Masters of the Universe,AMC Kent Station 14,2026-07-01,2026-07-08,7,ordinary_title_only,-1.0,1,2026-07-07,1,6,1,0,0,-1,1,1,0,1,Wednesday,Wednesday,2.0,4.0,5.0,2.0,1.0,0.0,1.0,0.0,0.0,3.0,1.0,1.0,1.0,1.0,0.0,4.0,,0.7328625946562516,0
title:masters-of-the-universe,Masters of the Universe,AMC Southcenter 16,2026-06-29,2026-06-30,1,ordinary_title_only,0.0,0,,0,,0,0,0,,0,1,1,1,Tuesday,Monday,1.0,3.0,3.0,1.0,0.0,0.0,1.0,0.0,0.0,3.0,1.0,1.0,1.0,1.0,0.0,4.0,,0.9358687850212905,1
76888,Masters of the Universe,AMC Southcenter 16,2026-07-01,2026-07-08,7,ordinary_title_only,0.0,1,2026-07-07,1,6,1,0,0,-1,1,1,0,1,Wednesday,Wednesday,2.0,4.0,5.0,1.0,0.0,0.0,1.0,0.0,0.0,3.0,1.0,1.0,1.0,1.0,0.0,4.0,,0.6389569157065107,0
title:masters-of-the-universe,Masters of the Universe,AMC Woodinville 12,2026-06-29,2026-06-30,1,ordinary_title_only,0.0,0,,0,,0,0,0,,0,1,1,1,Tuesday,Monday,4.0,9.0,9.0,1.0,0.0,0.0,1.0,0.0,0.0,3.0,1.0,1.0,1.0,1.0,0.0,4.0,,0.9358687850212905,1
76888,Masters of the Universe,AMC Woodinville 12,2026-07-01,2026-07-08,7,ordinary_title_only,-1.0,1,2026-07-07,1,6,1,0,0,-1,1,1,0,1,Wednesday,Wednesday,1.0,2.0,3.0,2.0,1.0,0.0,1.0,0.0,0.0,3.0,1.0,1.0,1.0,1.0,0.0,4.0,,0.7506005266634244,0
83829,MET Summer Encore: Aida (2026),AMC Kent Station 14,2026-07-29,2026-08-05,7,special_event,-7.0,0,,0,,0,0,0,,0,1,0,1,Wednesday,Wednesday,2.0,2.0,2.0,8.0,7.0,0.0,1.0,0.0,0.0,2.0,1.0,1.0,1.0,1.0,0.0,3.0,,0.08061613774458402,0
83829,MET Summer Encore: Aida (2026),AMC Oak Tree 6,2026-07-29,2026-08-05,7,special_event,-7.0,0,,0,,0,0,0,,0,1,0,1,Wednesday,Wednesday,1.0,1.0,1.0,8.0,7.0,0.0,1.0,0.0,0.0,2.0,1.0,1.0,1.0,1.0,0.0,3.0,,0.08154079035095542,0
83829,MET Summer Encore: Aida (2026),AMC Pacific Place 11,2026-07-29,2026-08-05,7,special_event,-7.0,0,,0,,0,0,0,,0,1,0,1,Wednesday,Wednesday,2.0,2.0,2.0,8.0,7.0,0.0,1.0,0.0,0.0,2.0,1.0,1.0,1.0,1.0,0.0,3.0,,0.08061613774458402,0
83831,Met Summer Encore: The Merry Widow (2026),AMC Kent Station 14,2026-07-15,2026-07-22,7,special_event,-7.0,0,,0,,0,0,0,,0,1,0,1,Wednesday,Wednesday,2.0,2.0,2.0,8.0,7.0,0.0,1.0,0.0,0.0,2.0,1.0,1.0,1.0,1.0,0.0,3.0,,0.08061613774458402,0
83831,Met Summer Encore: The Merry Widow (2026),AMC Oak Tree 6,2026-07-15,2026-07-22,7,special_event,-7.0,0,,0,,0,0,0,,0,1,0,1,Wednesday,Wednesday,1.0,1.0,1.0,8.0,7.0,0.0,1.0,0.0,0.0,2.0,1.0,1.0,1.0,1.0,0.0,3.0,,0.08154079035095542,0
83831,Met Summer Encore: The Merry Widow (2026),AMC Pacific Place 11,2026-07-15,2026-07-22,7,special_event,-7.0,0,,0,,0,0,0,,0,1,0,1,Wednesday,Wednesday,2.0,2.0,2.0,8.0,7.0,0.0,1.0,0.0,0.0,2.0,1.0,1.0,1.0,1.0,0.0,3.0,,0.08061613774458402,0
83748,Mighty Mary,AMC Pacific Place 11,2026-09-09,2026-09-16,7,ordinary,-2.0,1,2026-09-16,7,7,0,1,0,0,1,1,0,1,Wednesday,Wednesday,1.0,4.0,5.0,8.0,7.0,1.0,2.0,0.0,0.0,0.0,,0.0,1.0,1.0,1.0,1.0,,0.17229283457092248,0
77563,Minions & Monsters,AMC Alderwood Mall 16,2026-07-08,2026-07-15,7,ordinary,7.0,1,2026-07-15,43,7,0,1,0,0,8,1,0,1,Wednesday,Wednesday,12.0,27.0,40.0,8.0,7.0,2.0,3.0,0.0,4.0,2.0,0.3333333333333333,0.0,1.0,0.0,0.0,7.0,0.48,0.010593385057367967,0
title:minions-monsters,Minions & Monsters,AMC Alderwood Mall 16,2026-07-02,2026-07-09,7,ordinary_title_only,1.0,0,,0,,0,0,0,,0,1,0,1,Thursday,Thursday,1.0,3.0,6.0,4.0,3.0,0.0,1.0,0.0,0.0,0.0,0.0,0.0,0.0,1.0,0.0,5.0,1.0,0.7129357310752578,0
77563,Minions & Monsters,AMC Factoria 8,2026-07-09,2026-07-16,7,ordinary,8.0,1,2026-07-14,28,5,1,0,0,-2,5,1,0,1,Thursday,Thursday,5.0,11.0,16.0,8.0,7.0,3.0,4.0,0.0,0.0,3.0,0.5,0.0,0.0,1.0,0.0,7.0,0.4411764705882353,0.010594831696270549,0
title:minions-monsters,Minions & Monsters,AMC Kent Station 14,2026-06-29,2026-07-01,2,ordinary_title_only,-2.0,0,,0,,0,0,0,,0,1,1,1,Wednesday,Monday,4.0,4.0,4.0,1.0,0.0,0.0,1.0,0.0,5.0,0.0,0.0,0.0,1.0,0.0,0.0,6.0,,0.9435586865473723,1
77563,Minions & Monsters,AMC Kent Station 14,2026-07-08,2026-07-15,7,ordinary,7.0,1,2026-07-14,29,6,1,0,0,-1,6,1,0,1,Wednesday,Wednesday,6.0,14.0,20.0,8.0,7.0,2.0,3.0,0.0,4.0,2.0,0.3333333333333333,0.0,1.0,0.0,0.0,7.0,0.2857142857142857,0.010592579473774351,0
83987,Minions & Monsters,AMC Kent Station 14,2026-07-07,2026-07-11,4,other,-4.0,0,,0,,0,0,0,,0,1,0,1,Saturday,Tuesday,1.0,1.0,1.0,1.0,0.0,0.0,1.0,0.0,0.0,1.0,1.0,1.0,1.0,1.0,0.0,2.0,,0.9284714372245989,1
77563,Minions & Monsters,AMC Oak Tree 6,2026-07-08,2026-07-15,7,ordinary,7.0,1,2026-07-14,22,6,1,0,0,-1,5,1,0,1,Wednesday,Wednesday,7.0,14.0,20.0,8.0,7.0,2.0,3.0,0.0,4.0,2.0,0.3333333333333333,0.0,1.0,0.0,0.0,7.0,0.9130434782608695,0.010599749457607109,0
title:minions-monsters,Minions & Monsters,AMC Oak Tree 6,2026-07-01,2026-07-08,7,ordinary_title_only,-1.0,0,,0,,0,0,0,,0,1,0,1,Wednesday,Wednesday,5.0,10.0,15.0,3.0,2.0,0.0,1.0,0.0,1.0,1.0,0.2,0.0,0.0,0.0,0.0,6.0,,0.7455590531787282,0
77563,Minions & Monsters,AMC Pacific Place 11,2026-07-09,2026-07-16,7,ordinary,8.0,1,2026-07-14,21,5,1,0,0,-2,6,1,0,1,Thursday,Thursday,5.0,10.0,15.0,8.0,7.0,3.0,4.0,0.0,0.0,3.0,0.5,0.0,0.0,1.0,0.0,7.0,0.625,0.010596606926828673,0
title:minions-monsters,Minions & Monsters,AMC Pacific Place 11,2026-07-01,2026-07-08,7,ordinary_title_only,-7.0,0,,0,,0,0,0,,0,1,0,1,Wednesday,Wednesday,1.0,1.0,1.0,3.0,2.0,0.0,1.0,0.0,1.0,1.0,0.2,0.0,0.0,0.0,0.0,6.0,,0.8633732941132969,0
77563,Minions & Monsters,AMC Southcenter 16,2026-07-09,2026-07-16,7,ordinary,8.0,1,2026-07-15,48,6,1,0,0,-1,10,1,0,1,Thursday,Thursday,12.0,25.0,37.0,8.0,7.0,3.0,4.0,0.0,0.0,3.0,0.5,0.0,0.0,1.0,0.0,7.0,0.4556962025316456,0.010587154493943348,0
title:minions-monsters,Minions & Monsters,AMC Southcenter 16,2026-06-30,2026-07-07,7,ordinary_title_only,-1.0,0,,0,,0,0,0,,0,1,0,1,Tuesday,Tuesday,1.0,1.0,2.0,2.0,1.0,0.0,1.0,0.0,3.0,0.0,0.0,0.0,0.0,0.0,0.0,6.0,,0.8301200345627634,0
77563,Minions & Monsters,AMC Woodinville 12,2026-07-09,2026-07-16,7,ordinary,8.0,1,2026-07-15,21,6,1,0,0,-1,4,1,0,1,Thursday,Thursday,6.0,14.0,23.0,8.0,7.0,3.0,4.0,0.0,0.0,3.0,0.5,0.0,0.0,1.0,0.0,7.0,0.43902439024390244,0.010593390276854145,0
title:minions-monsters,Minions & Monsters,AMC Woodinville 12,2026-06-29,2026-07-06,7,ordinary_title_only,-6.0,0,,0,,0,0,0,,0,1,0,1,Monday,Monday,1.0,2.0,2.0,1.0,0.0,0.0,1.0,0.0,4.0,0.0,0.0,0.0,0.0,0.0,0.0,6.0,,0.6903071126882971,0
83987,Minions & Monsters,AMC Woodinville 12,2026-07-04,2026-07-11,7,other,-7.0,0,,0,,0,0,0,,0,1,0,1,Saturday,Saturday,1.0,1.0,1.0,6.0,5.0,0.0,1.0,0.0,0.0,0.0,,0.0,1.0,1.0,1.0,1.0,,0.3480722857315125,0
84313,Mirzapur,AMC Southcenter 16,2026-09-02,2026-09-09,7,ordinary,-2.0,1,2026-09-09,7,7,0,1,0,0,1,1,0,1,Wednesday,Wednesday,1.0,2.0,3.0,1.0,0.0,0.0,1.0,0.0,0.0,0.0,,0.0,1.0,1.0,1.0,1.0,,0.1917431437642329,0
84004,MOANA,AMC Alderwood Mall 16,2026-07-02,2026-07-09,7,special_event_title_only,-7.0,0,,0,,0,0,0,,0,1,0,1,Thursday,Thursday,1.0,1.0,1.0,4.0,3.0,0.0,1.0,0.0,0.0,1.0,1.0,1.0,1.0,1.0,0.0,2.0,,0.07171521555652545,0
72474,Moana,AMC Alderwood Mall 16,2026-07-16,2026-07-23,7,ordinary,7.0,1,2026-07-22,21,6,1,0,0,-1,5,1,0,1,Thursday,Thursday,5.0,16.0,28.0,8.0,7.0,10.0,11.0,0.0,0.0,4.0,0.6666666666666666,0.0,0.0,1.0,0.0,7.0,0.26785714285714285,0.010595042088471557,0
72474,Moana,AMC Factoria 8,2026-07-16,2026-07-23,7,ordinary,7.0,1,2026-07-21,6,5,1,0,0,-2,1,1,0,1,Thursday,Thursday,4.0,9.0,13.0,8.0,7.0,10.0,11.0,0.0,0.0,4.0,0.6666666666666666,0.0,0.0,1.0,0.0,7.0,0.4444444444444444,0.010604701791707674,0
72474,Moana,AMC Kent Station 14,2026-07-16,2026-07-23,7,ordinary,7.0,1,2026-07-21,20,5,1,0,0,-2,4,1,0,1,Thursday,Thursday,5.0,14.0,24.0,8.0,7.0,10.0,11.0,0.0,0.0,4.0,0.6666666666666666,0.0,0.0,1.0,0.0,7.0,0.2631578947368421,0.01059806281868202,0
72474,Moana,AMC Oak Tree 6,2026-07-15,2026-07-22,7,ordinary,6.0,0,,0,,0,0,0,,0,1,0,1,Wednesday,Wednesday,7.0,13.0,20.0,8.0,7.0,9.0,10.0,0.0,5.0,1.0,0.16666666666666666,0.0,1.0,0.0,0.0,7.0,0.9130434782608695,0.010623675629547689,0
72474,Moana,AMC Pacific Place 11,2026-07-09,2026-07-16,7,ordinary,0.0,1,2026-07-14,7,5,1,0,0,-2,3,1,0,1,Thursday,Thursday,4.0,8.0,12.0,8.0,7.0,3.0,4.0,0.0,6.0,0.0,0.0,0.0,1.0,0.0,0.0,7.0,,0.011347688097810242,0
84004,MOANA,AMC Southcenter 16,2026-07-02,2026-07-09,7,special_event_title_only,-7.0,0,,0,,0,0,0,,0,1,0,1,Thursday,Thursday,1.0,1.0,1.0,4.0,3.0,0.0,1.0,0.0,0.0,1.0,1.0,1.0,1.0,1.0,0.0,2.0,,0.07171521555652545,0
72474,Moana,AMC Southcenter 16,2026-07-16,2026-07-23,7,ordinary,7.0,1,2026-07-21,21,5,1,0,0,-2,6,1,0,1,Thursday,Thursday,1.0,11.0,21.0,2.0,1.0,10.0,11.0,1.0,0.0,4.0,0.6666666666666666,0.0,0.0,1.0,0.0,7.0,0.05357142857142857,0.010597693623109016,0
72474,Moana,AMC Woodinville 12,2026-07-16,2026-07-23,7,ordinary,7.0,1,2026-07-21,14,5,1,0,0,-2,4,1,0,1,Thursday,Thursday,5.0,11.0,17.0,8.0,7.0,10.0,11.0,0.0,0.0,4.0,0.6666666666666666,0.0,0.0,1.0,0.0,7.0,0.5172413793103449,0.010603233037262993,0
83989,Moana: Sensory Friendly Screening,AMC Kent Station 14,2026-07-21,2026-07-25,4,accessibility_presentation,-4.0,0,,0,,0,0,0,,0,1,0,1,Saturday,Tuesday,1.0,1.0,1.0,1.0,0.0,0.0,1.0,0.0,0.0,1.0,1.0,1.0,1.0,1.0,0.0,2.0,,0.9284714372245989,1
83989,Moana: Sensory Friendly Screening,AMC Woodinville 12,2026-07-18,2026-07-25,7,accessibility_presentation,-7.0,0,,0,,0,0,0,,0,1,0,1,Saturday,Saturday,1.0,1.0,1.0,8.0,7.0,0.0,1.0,0.0,0.0,0.0,,0.0,1.0,1.0,1.0,1.0,,0.3480722857315125,0
84132,Mob Psycho 100 Celebrates Its 10th Anniversary,AMC Alderwood Mall 16,2026-07-13,2026-07-20,7,rerelease,-7.0,0,,0,,0,0,0,,0,1,0,1,Monday,Monday,1.0,1.0,1.0,8.0,7.0,0.0,1.0,0.0,0.0,1.0,1.0,1.0,1.0,1.0,0.0,2.0,,0.19195301391296407,0
84132,Mob Psycho 100 Celebrates Its 10th Anniversary,AMC Southcenter 16,2026-07-13,2026-07-20,7,rerelease,-7.0,0,,0,,0,0,0,,0,1,0,1,Monday,Monday,1.0,1.0,1.0,8.0,7.0,0.0,1.0,0.0,0.0,1.0,1.0,1.0,1.0,1.0,0.0,2.0,,0.19195301391296407,0
83470,Motor City,AMC Alderwood Mall 16,2026-07-22,2026-07-29,7,ordinary,-1.0,1,2026-07-28,8,6,1,0,0,-1,3,1,0,1,Wednesday,Wednesday,4.0,8.0,12.0,8.0,7.0,6.0,7.0,0.0,0.0,4.0,1.0,1.0,1.0,1.0,0.0,5.0,,0.013072766165767044,0
83470,Motor City,AMC Kent Station 14,2026-07-22,2026-07-29,7,ordinary,-1.0,0,,0,,0,0,0,,0,1,0,1,Wednesday,Wednesday,3.0,6.0,9.0,8.0,7.0,6.0,7.0,0.0,0.0,4.0,1.0,1.0,1.0,1.0,0.0,5.0,,0.012827814331419014,0
83470,Motor City,AMC Pacific Place 11,2026-07-21,2026-07-24,3,ordinary,-2.0,1,2026-07-22,5,1,1,0,0,-2,1,1,1,1,Friday,Tuesday,3.0,5.0,5.0,1.0,0.0,0.0,1.0,0.0,4.0,0.0,0.0,0.0,1.0,0.0,0.0,5.0,,0.06509962450201506,0
83470,Motor City,AMC Southcenter 16,2026-07-22,2026-07-29,7,ordinary,-1.0,1,2026-07-29,7,7,0,1,0,0,1,1,0,1,Wednesday,Wednesday,3.0,6.0,9.0,8.0,7.0,6.0,7.0,0.0,0.0,4.0,1.0,1.0,1.0,1.0,0.0,5.0,,0.012900320736359452,0
83470,Motor City,AMC Woodinville 12,2026-07-22,2026-07-29,7,ordinary,-1.0,0,,0,,0,0,0,,0,1,0,1,Wednesday,Wednesday,2.0,4.0,5.0,2.0,1.0,0.0,1.0,0.0,0.0,4.0,1.0,1.0,1.0,1.0,0.0,5.0,,0.013072766165767044,0
84504,Mr. Hero,AMC Southcenter 16,2026-08-05,2026-08-12,7,ordinary,-2.0,1,2026-08-12,1,7,0,1,0,0,1,1,0,1,Wednesday,Wednesday,2.0,3.0,4.0,1.0,0.0,0.0,1.0,0.0,0.0,0.0,,0.0,1.0,1.0,1.0,1.0,,0.17772616489821863,0
84372,MST3K: The RiffTrax Experiments - Sting of Death,AMC Alderwood Mall 16,2026-09-06,2026-09-13,7,special_event,-3.0,0,,0,,0,0,0,,0,1,0,1,Sunday,Sunday,1.0,1.0,1.0,8.0,7.0,1.0,2.0,0.0,0.0,3.0,1.0,1.0,1.0,1.0,0.0,4.0,,0.38977634911829717,0
84372,MST3K: The RiffTrax Experiments - Sting of Death,AMC Kent Station 14,2026-09-06,2026-09-13,7,special_event,-3.0,0,,0,,0,0,0,,0,1,0,1,Sunday,Sunday,1.0,1.0,1.0,8.0,7.0,1.0,2.0,0.0,0.0,3.0,1.0,1.0,1.0,1.0,0.0,4.0,,0.3939365737196937,0
84372,MST3K: The RiffTrax Experiments - Sting of Death,AMC Southcenter 16,2026-09-06,2026-09-13,7,special_event,-3.0,0,,0,,0,0,0,,0,1,0,1,Sunday,Sunday,1.0,1.0,1.0,8.0,7.0,1.0,2.0,0.0,0.0,3.0,1.0,1.0,1.0,1.0,0.0,4.0,,0.3939365737196937,0
84372,MST3K: The RiffTrax Experiments - Sting of Death,AMC Woodinville 12,2026-09-06,2026-09-13,7,special_event,-3.0,0,,0,,0,0,0,,0,1,0,1,Sunday,Sunday,1.0,1.0,1.0,8.0,7.0,1.0,2.0,0.0,0.0,3.0,1.0,1.0,1.0,1.0,0.0,4.0,,0.3939365737196937,0
83813,Muppet Treasure Island,AMC Alderwood Mall 16,2026-08-05,2026-08-12,7,ordinary,-5.0,0,,0,,0,0,0,,0,1,0,1,Wednesday,Wednesday,2.0,2.0,4.0,8.0,7.0,1.0,2.0,0.0,0.0,3.0,1.0,1.0,1.0,1.0,0.0,4.0,,0.012335213264693605,0
83813,Muppet Treasure Island,AMC Kent Station 14,2026-08-05,2026-08-12,7,ordinary,-5.0,0,,0,,0,0,0,,0,1,0,1,Wednesday,Wednesday,2.0,2.0,4.0,8.0,7.0,1.0,2.0,0.0,0.0,3.0,1.0,1.0,1.0,1.0,0.0,4.0,,0.012335213264693605,0
83813,Muppet Treasure Island,AMC Southcenter 16,2026-08-05,2026-08-12,7,ordinary,-5.0,0,,0,,0,0,0,,0,1,0,1,Wednesday,Wednesday,2.0,2.0,4.0,8.0,7.0,1.0,2.0,0.0,0.0,3.0,1.0,1.0,1.0,1.0,0.0,4.0,,0.012335213264693605,0
83813,Muppet Treasure Island,AMC Woodinville 12,2026-08-05,2026-08-12,7,ordinary,-5.0,0,,0,,0,0,0,,0,1,0,1,Wednesday,Wednesday,2.0,2.0,4.0,8.0,7.0,1.0,2.0,0.0,0.0,3.0,1.0,1.0,1.0,1.0,0.0,4.0,,0.012335213264693605,0
79550,Mutiny,AMC Alderwood Mall 16,2026-08-19,2026-08-26,7,ordinary,-1.0,1,2026-08-26,13,7,0,1,0,0,3,1,0,1,Wednesday,Wednesday,7.0,12.0,18.0,8.0,7.0,6.0,7.0,0.0,3.0,3.0,0.5,0.0,1.0,0.0,0.0,7.0,,0.012961001580476764,0
79550,Mutiny,AMC Factoria 8,2026-08-20,2026-08-27,7,ordinary,0.0,1,2026-08-25,7,5,1,0,0,-2,2,1,0,1,Thursday,Thursday,5.0,10.0,15.0,8.0,7.0,7.0,8.0,0.0,1.0,1.0,0.16666666666666666,0.0,0.0,0.0,0.0,7.0,,0.012574754356395488,0
79550,Mutiny,AMC Kent Station 14,2026-08-26,2026-09-02,7,ordinary,6.0,1,2026-09-01,6,6,1,0,0,-1,1,1,0,1,Wednesday,Wednesday,5.0,10.0,15.0,8.0,7.0,6.0,7.0,0.0,0.0,6.0,1.0,1.0,1.0,1.0,0.0,7.0,1.0,0.010962185890101662,0
79550,Mutiny,AMC Oak Tree 6,2026-08-18,2026-08-20,2,ordinary,-2.0,1,2026-08-19,13,1,1,0,0,-1,2,1,1,1,Thursday,Tuesday,2.0,2.0,2.0,1.0,0.0,0.0,1.0,0.0,6.0,0.0,0.0,0.0,1.0,0.0,0.0,7.0,,0.020372753408076674,0
79550,Mutiny,AMC Pacific Place 11,2026-08-20,2026-08-27,7,ordinary,0.0,1,2026-08-25,7,5,1,0,0,-2,3,1,0,1,Thursday,Thursday,2.0,6.0,10.0,8.0,7.0,7.0,8.0,0.0,1.0,1.0,0.16666666666666666,0.0,0.0,0.0,0.0,7.0,,0.012654891319532017,0
79550,Mutiny,AMC Southcenter 16,2026-08-19,2026-08-26,7,ordinary,-1.0,1,2026-08-25,13,6,1,0,0,-1,3,1,0,1,Wednesday,Wednesday,5.0,10.0,15.0,8.0,7.0,6.0,7.0,0.0,3.0,3.0,0.5,0.0,1.0,0.0,0.0,7.0,,0.012961001580476764,0
79550,Mutiny,AMC Woodinville 12,2026-08-19,2026-08-26,7,ordinary,-1.0,1,2026-08-26,7,7,0,1,0,0,1,1,0,1,Wednesday,Wednesday,6.0,11.0,16.0,8.0,7.0,6.0,7.0,0.0,3.0,3.0,0.5,0.0,1.0,0.0,0.0,7.0,,0.012942130240947852,0
83590,My Neighbor Totoro - Studio Ghibli Fest 2026,AMC Alderwood Mall 16,2026-07-08,2026-07-15,7,special_event,-3.0,0,,0,,0,0,0,,0,1,0,1,Wednesday,Wednesday,1.0,2.0,3.0,8.0,7.0,2.0,3.0,0.0,0.0,3.0,1.0,1.0,1.0,1.0,0.0,4.0,,0.6129813162254586,0
83590,My Neighbor Totoro - Studio Ghibli Fest 2026,AMC Kent Station 14,2026-07-08,2026-07-15,7,special_event,-3.0,0,,0,,0,0,0,,0,1,0,1,Wednesday,Wednesday,1.0,2.0,3.0,8.0,7.0,2.0,3.0,0.0,0.0,3.0,1.0,1.0,1.0,1.0,0.0,4.0,,0.6129813162254586,0
83590,My Neighbor Totoro - Studio Ghibli Fest 2026,AMC Southcenter 16,2026-07-08,2026-07-15,7,special_event,-3.0,0,,0,,0,0,0,,0,1,0,1,Wednesday,Wednesday,1.0,2.0,3.0,8.0,7.0,2.0,3.0,0.0,0.0,3.0,1.0,1.0,1.0,1.0,0.0,4.0,,0.6129813162254586,0
83590,My Neighbor Totoro - Studio Ghibli Fest 2026,AMC Woodinville 12,2026-07-08,2026-07-15,7,special_event,-3.0,0,,0,,0,0,0,,0,1,0,1,Wednesday,Wednesday,1.0,2.0,3.0,8.0,7.0,2.0,3.0,0.0,0.0,3.0,1.0,1.0,1.0,1.0,0.0,4.0,,0.6129813162254586,0
84070,Namaslay,AMC Southcenter 16,2026-08-12,2026-08-19,7,ordinary,-1.0,0,,0,,0,0,0,,0,1,0,1,Wednesday,Wednesday,2.0,4.0,6.0,8.0,7.0,6.0,7.0,0.0,0.0,0.0,,0.0,1.0,1.0,1.0,1.0,,0.1755911810092856,0
84730,NCT 127 5TH TOUR `NEO CITY : SEOUL - THE REDLINE' in CINEMAS,AMC Alderwood Mall 16,2026-09-13,2026-09-20,7,special_event,-7.0,0,,0,,0,0,0,,0,1,0,1,Sunday,Sunday,1.0,1.0,1.0,11.0,10.0,0.0,1.0,0.0,0.0,0.0,,0.0,1.0,1.0,1.0,1.0,,0.3595456826028167,0
84338,Never Stop Chasing,AMC Alderwood Mall 16,2026-08-19,2026-08-26,7,ordinary,-1.0,1,2026-08-26,1,7,0,1,0,0,1,1,0,1,Wednesday,Wednesday,5.0,10.0,15.0,8.0,7.0,6.0,7.0,0.0,0.0,1.0,1.0,1.0,1.0,1.0,0.0,2.0,,0.042400409579566894,0
84338,Never Stop Chasing,AMC Southcenter 16,2026-08-19,2026-08-26,7,ordinary,-1.0,0,,0,,0,0,0,,0,1,0,1,Wednesday,Wednesday,2.0,5.0,6.0,8.0,7.0,6.0,7.0,0.0,0.0,1.0,1.0,1.0,1.0,1.0,0.0,2.0,,0.050400730643693416,0
84085,Night Nurse,AMC Kent Station 14,2026-07-08,2026-07-15,7,ordinary,-1.0,1,2026-07-14,1,6,1,0,0,-1,1,1,0,1,Wednesday,Wednesday,1.0,2.0,3.0,2.0,1.0,0.0,1.0,0.0,0.0,1.0,1.0,1.0,1.0,1.0,0.0,2.0,,0.07294666897478914,0
84085,Night Nurse,AMC Southcenter 16,2026-07-08,2026-07-15,7,ordinary,-1.0,0,,0,,0,0,0,,0,1,0,1,Wednesday,Wednesday,2.0,4.0,6.0,8.0,7.0,0.0,1.0,0.0,0.0,1.0,1.0,1.0,1.0,1.0,0.0,2.0,,0.06981833307919302,0
83495,Nimrods,AMC Alderwood Mall 16,2026-08-12,2026-08-19,7,ordinary,-1.0,0,,0,,0,0,0,,0,1,0,1,Wednesday,Wednesday,2.0,4.0,6.0,8.0,7.0,6.0,7.0,0.0,0.0,4.0,1.0,1.0,1.0,1.0,0.0,5.0,,0.014067125114604976,0
83495,Nimrods,AMC Kent Station 14,2026-08-12,2026-08-19,7,ordinary,-1.0,1,2026-08-18,1,6,1,0,0,-1,1,1,0,1,Wednesday,Wednesday,2.0,4.0,6.0,2.0,1.0,0.0,1.0,0.0,0.0,4.0,1.0,1.0,1.0,1.0,0.0,5.0,,0.014067125114604976,0
83495,Nimrods,AMC Pacific Place 11,2026-08-11,2026-08-15,4,ordinary,-2.0,1,2026-08-12,5,1,1,0,0,-3,2,1,0,1,Saturday,Tuesday,1.0,2.0,3.0,1.0,0.0,0.0,1.0,0.0,4.0,0.0,0.0,0.0,1.0,0.0,0.0,5.0,,0.0324893104764991,0
83495,Nimrods,AMC Southcenter 16,2026-08-12,2026-08-19,7,ordinary,-1.0,0,,0,,0,0,0,,0,1,0,1,Wednesday,Wednesday,2.0,6.0,9.0,8.0,7.0,6.0,7.0,0.0,0.0,4.0,1.0,1.0,1.0,1.0,0.0,5.0,,0.014067125114604976,0
83495,Nimrods,AMC Woodinville 12,2026-08-12,2026-08-19,7,ordinary,-1.0,0,,0,,0,0,0,,0,1,0,1,Wednesday,Wednesday,2.0,4.0,6.0,2.0,1.0,0.0,1.0,0.0,0.0,4.0,1.0,1.0,1.0,1.0,0.0,5.0,,0.014095881776916615,0
84421,Nimrods Early Access – Green Day Intro + Bonus Performance,AMC Alderwood Mall 16,2026-08-04,2026-08-11,7,special_event,-7.0,0,,0,,0,0,0,,0,1,0,1,Tuesday,Tuesday,1.0,1.0,1.0,8.0,7.0,0.0,1.0,0.0,0.0,3.0,1.0,1.0,1.0,1.0,0.0,4.0,,0.1367563727205023,0
84421,Nimrods Early Access – Green Day Intro + Bonus Performance,AMC Kent Station 14,2026-08-04,2026-08-11,7,special_event,-7.0,0,,0,,0,0,0,,0,1,0,1,Tuesday,Tuesday,1.0,1.0,1.0,8.0,7.0,0.0,1.0,0.0,0.0,3.0,1.0,1.0,1.0,1.0,0.0,4.0,,0.1367563727205023,0
84421,Nimrods Early Access – Green Day Intro + Bonus Performance,AMC Southcenter 16,2026-08-04,2026-08-11,7,special_event,-7.0,0,,0,,0,0,0,,0,1,0,1,Tuesday,Tuesday,1.0,1.0,1.0,8.0,7.0,0.0,1.0,0.0,0.0,3.0,1.0,1.0,1.0,1.0,0.0,4.0,,0.1367563727205023,0
84421,Nimrods Early Access – Green Day Intro + Bonus Performance,AMC Woodinville 12,2026-08-04,2026-08-11,7,special_event,-7.0,0,,0,,0,0,0,,0,1,0,1,Tuesday,Tuesday,1.0,1.0,1.0,8.0,7.0,0.0,1.0,0.0,0.0,3.0,1.0,1.0,1.0,1.0,0.0,4.0,,0.1367563727205023,0
84659,"NO LIMBS, NO LIMITS: The NickV Story",AMC Alderwood Mall 16,2026-09-20,2026-09-27,7,special_event,-6.0,0,,0,,0,0,0,,0,1,0,1,Sunday,Sunday,1.0,2.0,2.0,5.0,4.0,0.0,2.0,0.0,0.0,0.0,,0.0,1.0,1.0,1.0,1.0,,0.4083660485587691,0
83674,Noruega vs Inglaterra - Cuartos de Final - Telemundo presenta la Copa Mundial de la FIFA 2026,AMC Alderwood Mall 16,2026-07-04,2026-07-11,7,special_event_title_only,-7.0,0,,0,,0,0,0,,0,1,0,1,Saturday,Saturday,1.0,1.0,1.0,6.0,5.0,0.0,1.0,0.0,0.0,1.0,1.0,1.0,1.0,1.0,0.0,2.0,,0.40170818196394353,0
83674,Noruega vs Inglaterra - Cuartos de Final - Telemundo presenta la Copa Mundial de la FIFA 2026,AMC Southcenter 16,2026-07-04,2026-07-11,7,special_event_title_only,-7.0,0,,0,,0,0,0,,0,1,0,1,Saturday,Saturday,1.0,1.0,1.0,6.0,5.0,0.0,1.0,0.0,0.0,1.0,1.0,1.0,1.0,1.0,0.0,2.0,,0.40170818196394353,0
83884,Oasis: Don't Look Back in Anger,AMC Alderwood Mall 16,2026-09-10,2026-09-17,7,ordinary,0.0,1,2026-09-16,6,6,1,0,0,-1,1,1,0,1,Thursday,Thursday,1.0,5.0,9.0,2.0,1.0,7.0,8.0,1.0,0.0,0.0,0.0,0.0,0.0,1.0,0.0,4.0,,0.014153826093171049,0
83884,Oasis: Don't Look Back in Anger,AMC Kent Station 14,2026-09-09,2026-09-16,7,ordinary,-1.0,1,2026-09-15,8,6,1,0,0,-1,2,1,0,1,Wednesday,Wednesday,4.0,8.0,12.0,8.0,7.0,6.0,7.0,0.0,1.0,2.0,0.6666666666666666,0.0,1.0,0.0,0.0,4.0,,0.014967983108204408,0
83884,Oasis: Don't Look Back in Anger,AMC Southcenter 16,2026-09-09,2026-09-16,7,ordinary,-1.0,1,2026-09-16,7,7,0,1,0,0,1,1,0,1,Wednesday,Wednesday,4.0,8.0,12.0,8.0,7.0,6.0,7.0,0.0,1.0,2.0,0.6666666666666666,0.0,1.0,0.0,0.0,4.0,,0.014718024776777553,0
83884,Oasis: Don't Look Back in Anger,AMC Woodinville 12,2026-09-09,2026-09-16,7,ordinary,-1.0,1,2026-09-15,7,6,1,0,0,-1,1,1,0,1,Wednesday,Wednesday,3.0,6.0,9.0,8.0,7.0,6.0,7.0,0.0,1.0,2.0,0.6666666666666666,0.0,1.0,0.0,0.0,4.0,,0.015135564382244763,0
84712,Oasis: Don’t Look Back In Anger IMAX Early Access,AMC Alderwood Mall 16,2026-09-02,2026-09-09,7,special_event,-7.0,0,,0,,0,0,0,,0,1,0,1,Wednesday,Wednesday,1.0,1.0,1.0,8.0,7.0,0.0,1.0,0.0,0.0,2.0,1.0,1.0,1.0,1.0,0.0,3.0,,0.08975223821769879,0
84712,Oasis: Don’t Look Back In Anger IMAX Early Access,AMC Kent Station 14,2026-09-02,2026-09-09,7,special_event,-7.0,0,,0,,0,0,0,,0,1,0,1,Wednesday,Wednesday,1.0,1.0,1.0,8.0,7.0,0.0,1.0,0.0,0.0,2.0,1.0,1.0,1.0,1.0,0.0,3.0,,0.08975223821769879,0
84712,Oasis: Don’t Look Back In Anger IMAX Early Access,AMC Southcenter 16,2026-09-02,2026-09-09,7,special_event,-7.0,0,,0,,0,0,0,,0,1,0,1,Wednesday,Wednesday,1.0,1.0,1.0,8.0,7.0,0.0,1.0,0.0,0.0,2.0,1.0,1.0,1.0,1.0,0.0,3.0,,0.08975223821769879,0
title:obsession,Obsession,AMC Alderwood Mall 16,2026-06-29,2026-06-30,1,ordinary_title_only,0.0,0,,0,,0,0,0,,0,1,1,1,Tuesday,Monday,5.0,10.0,10.0,1.0,0.0,0.0,1.0,0.0,1.0,5.0,0.8333333333333334,0.0,1.0,0.0,0.0,7.0,,0.8337095245342366,1
82063,Obsession,AMC Alderwood Mall 16,2026-06-29,2026-07-01,2,ordinary,-2.0,1,2026-07-01,35,2,0,1,0,0,6,1,1,1,Wednesday,Monday,5.0,5.0,5.0,1.0,0.0,0.0,1.0,0.0,0.0,4.0,1.0,1.0,1.0,1.0,0.0,5.0,,0.011873452494974882,0
title:obsession,Obsession,AMC Factoria 8,2026-06-29,2026-06-30,1,ordinary_title_only,0.0,0,,0,,0,0,0,,0,1,1,1,Tuesday,Monday,5.0,10.0,10.0,1.0,0.0,0.0,1.0,0.0,1.0,5.0,0.8333333333333334,0.0,1.0,0.0,0.0,7.0,,0.8337095245342366,1
82063,Obsession,AMC Factoria 8,2026-07-01,2026-07-08,7,ordinary,0.0,1,2026-07-07,8,6,1,0,0,-1,2,1,0,1,Wednesday,Wednesday,4.0,8.0,12.0,2.0,1.0,0.0,1.0,0.0,0.0,6.0,1.0,1.0,1.0,1.0,0.0,7.0,,0.010818975342978425,0
title:obsession,Obsession,AMC Kent Station 14,2026-06-29,2026-06-30,1,ordinary_title_only,0.0,0,,0,,0,0,0,,0,1,1,1,Tuesday,Monday,6.0,10.0,10.0,1.0,0.0,0.0,1.0,0.0,1.0,5.0,0.8333333333333334,0.0,1.0,0.0,0.0,7.0,,0.8337095245342366,1
82063,Obsession,AMC Kent Station 14,2026-06-29,2026-07-01,2,ordinary,-2.0,1,2026-06-30,28,1,1,0,0,-1,4,1,1,1,Wednesday,Monday,6.0,6.0,6.0,1.0,0.0,0.0,1.0,0.0,0.0,4.0,1.0,1.0,1.0,1.0,0.0,5.0,,0.011873452494974882,0
title:obsession,Obsession,AMC Oak Tree 6,2026-06-29,2026-06-30,1,ordinary_title_only,0.0,0,,0,,0,0,0,,0,1,1,1,Tuesday,Monday,4.0,8.0,8.0,1.0,0.0,0.0,1.0,0.0,1.0,5.0,0.8333333333333334,0.0,1.0,0.0,0.0,7.0,,0.8337095245342366,1
82063,Obsession,AMC Oak Tree 6,2026-06-30,2026-07-02,2,ordinary,-2.0,1,2026-07-01,7,1,1,0,0,-1,2,1,1,1,Thursday,Tuesday,2.0,2.0,2.0,1.0,0.0,0.0,1.0,0.0,4.0,0.0,0.0,0.0,0.0,0.0,0.0,7.0,,0.015892196913250778,0
title:obsession,Obsession,AMC Pacific Place 11,2026-06-29,2026-06-30,1,ordinary_title_only,0.0,0,,0,,0,0,0,,0,1,1,1,Tuesday,Monday,5.0,9.0,9.0,1.0,0.0,0.0,1.0,0.0,1.0,5.0,0.8333333333333334,0.0,1.0,0.0,0.0,7.0,,0.8337095245342366,1
82063,Obsession,AMC Pacific Place 11,2026-06-29,2026-07-01,2,ordinary,-2.0,1,2026-06-30,28,1,1,0,0,-1,8,1,1,1,Wednesday,Monday,5.0,5.0,5.0,1.0,0.0,0.0,1.0,0.0,0.0,4.0,1.0,1.0,1.0,1.0,0.0,5.0,,0.011873452494974882,0
title:obsession,Obsession,AMC Southcenter 16,2026-06-29,2026-07-01,2,ordinary_title_only,0.0,0,,0,,0,0,0,,0,1,1,1,Wednesday,Monday,1.0,6.0,11.0,1.0,0.0,0.0,1.0,0.0,0.0,0.0,0.0,0.0,0.0,1.0,0.0,7.0,,0.6093856168239143,1
82063,Obsession,AMC Southcenter 16,2026-06-29,2026-07-01,2,ordinary,-2.0,1,2026-07-01,28,2,0,1,0,0,7,1,1,1,Wednesday,Monday,6.0,6.0,6.0,1.0,0.0,0.0,1.0,0.0,0.0,4.0,1.0,1.0,1.0,1.0,0.0,5.0,,0.011873452494974882,0
title:obsession,Obsession,AMC Woodinville 12,2026-06-29,2026-06-30,1,ordinary_title_only,0.0,0,,0,,0,0,0,,0,1,1,1,Tuesday,Monday,6.0,13.0,13.0,1.0,0.0,0.0,1.0,0.0,1.0,5.0,0.8333333333333334,0.0,1.0,0.0,0.0,7.0,,0.8337095245342366,1
82063,Obsession,AMC Woodinville 12,2026-06-29,2026-07-01,2,ordinary,-2.0,1,2026-06-30,22,1,1,0,0,-1,4,1,1,1,Wednesday,Monday,5.0,5.0,5.0,1.0,0.0,0.0,1.0,0.0,0.0,4.0,1.0,1.0,1.0,1.0,0.0,5.0,,0.011873452494974882,0
title:octavos-de-final-telemundo-presenta-la-copa-mundial-de-la-fifa-2026,Octavos de Final - Telemundo presenta la Copa Mundial de la FIFA 2026,AMC Southcenter 16,2026-06-29,2026-07-04,5,special_event_title_only,-5.0,0,,0,,0,0,0,,0,1,0,1,Saturday,Monday,1.0,1.0,1.0,1.0,0.0,0.0,1.0,0.0,0.0,0.0,,0.0,1.0,1.0,1.0,1.0,,0.8655831970452509,1
84399,Oh Sukumari,AMC Alderwood Mall 16,2026-07-15,2026-07-22,7,ordinary,-1.0,0,,0,,0,0,0,,0,1,0,1,Wednesday,Wednesday,1.0,2.0,3.0,1.0,0.0,0.0,1.0,0.0,0.0,1.0,1.0,1.0,1.0,1.0,0.0,2.0,,0.058450557183998206,0
84399,Oh Sukumari,AMC Pacific Place 11,2026-07-14,2026-07-20,6,ordinary,-2.0,1,2026-07-15,3,1,1,0,0,-5,2,1,0,1,Monday,Tuesday,3.0,6.0,9.0,1.0,0.0,0.0,1.0,0.0,0.0,0.0,,0.0,1.0,1.0,1.0,1.0,,0.3061452287699498,0
80552,One Night Only,AMC Alderwood Mall 16,2026-08-05,2026-08-12,7,ambiguous_special,-1.0,1,2026-08-12,7,7,0,1,0,0,1,1,0,1,Wednesday,Wednesday,6.0,12.0,18.0,8.0,7.0,0.0,1.0,0.0,2.0,4.0,0.6666666666666666,0.0,1.0,0.0,0.0,7.0,,0.04546202528901978,0
80552,One Night Only,AMC Factoria 8,2026-08-06,2026-08-13,7,ambiguous_special,0.0,1,2026-08-11,7,5,1,0,0,-2,2,1,0,1,Thursday,Thursday,3.0,8.0,13.0,8.0,7.0,1.0,2.0,0.0,0.0,1.0,0.16666666666666666,0.0,0.0,1.0,0.0,7.0,,0.03783621873161617,0
80552,One Night Only,AMC Kent Station 14,2026-08-05,2026-08-12,7,ambiguous_special,-1.0,1,2026-08-11,15,6,1,0,0,-1,3,1,0,1,Wednesday,Wednesday,10.0,20.0,28.0,8.0,7.0,0.0,1.0,0.0,2.0,4.0,0.6666666666666666,0.0,1.0,0.0,0.0,7.0,,0.04425622098511208,0
80552,One Night Only,AMC Oak Tree 6,2026-08-05,2026-08-12,7,ambiguous_special,-1.0,1,2026-08-11,7,6,1,0,0,-1,2,1,0,1,Wednesday,Wednesday,9.0,16.0,24.0,8.0,7.0,0.0,1.0,0.0,2.0,4.0,0.6666666666666666,0.0,1.0,0.0,0.0,7.0,,0.04847893518620811,0
80552,One Night Only,AMC Pacific Place 11,2026-08-06,2026-08-13,7,ambiguous_special,0.0,1,2026-08-11,7,5,1,0,0,-2,3,1,0,1,Thursday,Thursday,4.0,12.0,17.0,8.0,7.0,1.0,2.0,0.0,0.0,1.0,0.16666666666666666,0.0,0.0,1.0,0.0,7.0,,0.036068496924095236,0
80552,One Night Only,AMC Southcenter 16,2026-08-05,2026-08-12,7,ambiguous_special,-1.0,1,2026-08-12,7,7,0,1,0,0,1,1,0,1,Wednesday,Wednesday,6.0,12.0,18.0,8.0,7.0,0.0,1.0,0.0,2.0,4.0,0.6666666666666666,0.0,1.0,0.0,0.0,7.0,,0.04425622098511208,0
80552,One Night Only,AMC Woodinville 12,2026-08-05,2026-08-12,7,ambiguous_special,-1.0,1,2026-08-11,14,6,1,0,0,-1,2,1,0,1,Wednesday,Wednesday,6.0,12.0,18.0,8.0,7.0,0.0,1.0,0.0,2.0,4.0,0.6666666666666666,0.0,1.0,0.0,0.0,7.0,,0.04309928818392023,0
83588,Only Yesterday 35th Anniversary - Studio Ghibli Fest 2026,AMC Alderwood Mall 16,2026-08-04,2026-08-11,7,rerelease,-5.0,0,,0,,0,0,0,,0,1,0,1,Tuesday,Tuesday,1.0,1.0,3.0,8.0,7.0,1.0,2.0,0.0,0.0,3.0,1.0,1.0,1.0,1.0,0.0,4.0,,0.5017936966699519,0
83588,Only Yesterday 35th Anniversary - Studio Ghibli Fest 2026,AMC Kent Station 14,2026-08-04,2026-08-11,7,rerelease,-5.0,0,,0,,0,0,0,,0,1,0,1,Tuesday,Tuesday,1.0,1.0,5.0,8.0,7.0,1.0,2.0,0.0,0.0,3.0,1.0,1.0,1.0,1.0,0.0,4.0,,0.5017936966699519,0
83588,Only Yesterday 35th Anniversary - Studio Ghibli Fest 2026,AMC Southcenter 16,2026-08-04,2026-08-11,7,rerelease,-5.0,0,,0,,0,0,0,,0,1,0,1,Tuesday,Tuesday,1.0,1.0,3.0,8.0,7.0,1.0,2.0,0.0,0.0,3.0,1.0,1.0,1.0,1.0,0.0,4.0,,0.5017936966699519,0
83588,Only Yesterday 35th Anniversary - Studio Ghibli Fest 2026,AMC Woodinville 12,2026-08-04,2026-08-11,7,rerelease,-5.0,0,,0,,0,0,0,,0,1,0,1,Tuesday,Tuesday,1.0,1.0,3.0,8.0,7.0,1.0,2.0,0.0,0.0,3.0,1.0,1.0,1.0,1.0,0.0,4.0,,0.5017936966699519,0
84108,Onslaught,AMC Alderwood Mall 16,2026-09-02,2026-09-09,7,ordinary,-1.0,1,2026-09-09,7,7,0,1,0,0,1,1,0,1,Wednesday,Wednesday,8.0,12.0,17.0,8.0,7.0,5.0,6.0,0.0,2.0,2.0,0.5,0.0,1.0,0.0,0.0,5.0,,0.01203303693645314,0
84108,Onslaught,AMC Kent Station 14,2026-09-03,2026-09-10,7,ordinary,0.0,1,2026-09-09,7,6,1,0,0,-1,2,1,0,1,Thursday,Thursday,4.0,9.0,14.0,8.0,7.0,6.0,7.0,0.0,0.0,1.0,0.25,0.0,0.0,1.0,0.0,5.0,,0.011743520547450904,0
84108,Onslaught,AMC Pacific Place 11,2026-09-03,2026-09-10,7,ordinary,0.0,1,2026-09-09,6,6,1,0,0,-1,1,1,0,1,Thursday,Thursday,5.0,9.0,13.0,8.0,7.0,6.0,7.0,0.0,0.0,1.0,0.25,0.0,0.0,1.0,0.0,5.0,,0.011807712668664974,0
84108,Onslaught,AMC Southcenter 16,2026-09-02,2026-09-09,7,ordinary,-1.0,1,2026-09-09,7,7,0,1,0,0,1,1,0,1,Wednesday,Wednesday,5.0,10.0,15.0,8.0,7.0,5.0,6.0,0.0,2.0,2.0,0.5,0.0,1.0,0.0,0.0,5.0,,0.011927725577675295,0
84108,Onslaught,AMC Woodinville 12,2026-09-02,2026-09-09,7,ordinary,-1.0,1,2026-09-09,8,7,0,1,0,0,2,1,0,1,Wednesday,Wednesday,4.0,8.0,12.0,8.0,7.0,5.0,6.0,0.0,2.0,2.0,0.5,0.0,1.0,0.0,0.0,5.0,,0.012010736602763757,0
84527,Panchali Pancha Bhartruka,AMC Alderwood Mall 16,2026-08-14,2026-08-19,5,ordinary,0.0,0,,0,,0,0,0,,0,1,0,1,Wednesday,Friday,1.0,1.0,1.0,1.0,0.0,0.0,1.0,0.0,0.0,0.0,,0.0,1.0,1.0,1.0,1.0,,0.5317419110079158,1
80137,Paper Flowers,AMC Alderwood Mall 16,2026-08-19,2026-08-26,7,ordinary,-1.0,0,,0,,0,0,0,,0,1,0,1,Wednesday,Wednesday,1.0,2.0,3.0,8.0,7.0,6.0,7.0,0.0,0.0,1.0,1.0,1.0,1.0,1.0,0.0,2.0,,0.08255673051865316,0
80137,Paper Flowers,AMC Pacific Place 11,2026-08-18,2026-08-21,3,ordinary,-2.0,1,2026-08-19,5,1,1,0,0,-2,1,1,1,1,Friday,Tuesday,1.0,2.0,2.0,1.0,0.0,0.0,1.0,0.0,1.0,0.0,0.0,0.0,1.0,0.0,0.0,2.0,,0.9004076963661133,0
83666,Paraguay vs Francia - Octavos de Final - Telemundo presenta la Copa Mundial de la FIFA 2026,AMC Alderwood Mall 16,2026-06-29,2026-07-04,5,special_event_title_only,-5.0,0,,0,,0,0,0,,0,1,0,1,Saturday,Monday,1.0,1.0,1.0,1.0,0.0,0.0,1.0,0.0,0.0,1.0,1.0,1.0,1.0,1.0,0.0,2.0,,0.8800760413946098,1
83666,Paraguay vs Francia - Octavos de Final - Telemundo presenta la Copa Mundial de la FIFA 2026,AMC Southcenter 16,2026-06-29,2026-07-04,5,special_event_title_only,-5.0,0,,0,,0,0,0,,0,1,0,1,Saturday,Monday,1.0,1.0,1.0,1.0,0.0,0.0,1.0,0.0,0.0,1.0,1.0,1.0,1.0,1.0,0.0,2.0,,0.8800760413946098,1
76344,PAW Patrol: The Dino Movie,AMC Alderwood Mall 16,2026-08-12,2026-08-19,7,ordinary,-1.0,1,2026-08-19,36,7,0,1,0,0,7,1,0,1,Wednesday,Wednesday,5.0,11.0,17.0,8.0,7.0,6.0,7.0,0.0,4.0,2.0,0.3333333333333333,0.0,1.0,0.0,0.0,7.0,,0.012724414509371014,0
76344,PAW Patrol: The Dino Movie,AMC Factoria 8,2026-08-13,2026-08-20,7,ordinary,0.0,1,2026-08-18,21,5,1,0,0,-2,5,1,0,1,Thursday,Thursday,4.0,9.0,14.0,8.0,7.0,7.0,8.0,0.0,3.0,0.0,0.0,0.0,0.0,0.0,0.0,7.0,,0.012296270819010227,0
76344,PAW Patrol: The Dino Movie,AMC Kent Station 14,2026-08-19,2026-08-26,7,ordinary,6.0,1,2026-08-25,13,6,1,0,0,-1,2,1,0,1,Wednesday,Wednesday,7.0,13.0,19.0,8.0,7.0,13.0,14.0,0.0,0.0,6.0,1.0,1.0,1.0,1.0,0.0,7.0,0.9130434782608695,0.01075122143672474,0
76344,PAW Patrol: The Dino Movie,AMC Oak Tree 6,2026-08-11,2026-08-13,2,ordinary,-2.0,1,2026-08-12,13,1,1,0,0,-1,3,1,1,1,Thursday,Tuesday,4.0,4.0,4.0,1.0,0.0,0.0,1.0,0.0,6.0,0.0,0.0,0.0,1.0,0.0,0.0,7.0,,0.01856238534000843,0
76344,PAW Patrol: The Dino Movie,AMC Pacific Place 11,2026-08-16,2026-08-23,7,ordinary,3.0,1,2026-08-19,4,3,1,0,0,-4,2,1,0,1,Sunday,Sunday,2.0,4.0,6.0,8.0,7.0,10.0,11.0,0.0,2.0,0.0,0.0,0.0,0.0,0.0,0.0,7.0,0.42857142857142855,0.011614959009151228,0
76344,PAW Patrol: The Dino Movie,AMC Southcenter 16,2026-08-19,2026-08-26,7,ordinary,6.0,1,2026-08-25,21,6,1,0,0,-1,4,1,0,1,Wednesday,Wednesday,5.0,9.0,14.0,8.0,7.0,13.0,14.0,0.0,0.0,6.0,1.0,1.0,1.0,1.0,0.0,7.0,0.8333333333333334,0.010774316272156366,0
76344,PAW Patrol: The Dino Movie,AMC Woodinville 12,2026-08-12,2026-08-19,7,ordinary,-1.0,1,2026-08-18,21,6,1,0,0,-1,3,1,0,1,Wednesday,Wednesday,5.0,10.0,15.0,8.0,7.0,6.0,7.0,0.0,4.0,2.0,0.3333333333333333,0.0,1.0,0.0,0.0,7.0,,0.012577491505882093,0
84464,PAW Patrol: The Dino Movie - Early Access,AMC Alderwood Mall 16,2026-08-01,2026-08-08,7,special_event,-7.0,0,,0,,0,0,0,,0,1,0,1,Saturday,Saturday,1.0,1.0,1.0,8.0,7.0,0.0,1.0,0.0,0.0,3.0,1.0,1.0,1.0,1.0,0.0,4.0,,0.4695932710930564,0
84464,PAW Patrol: The Dino Movie - Early Access,AMC Kent Station 14,2026-08-01,2026-08-08,7,special_event,-7.0,0,,0,,0,0,0,,0,1,0,1,Saturday,Saturday,1.0,1.0,1.0,8.0,7.0,0.0,1.0,0.0,0.0,3.0,1.0,1.0,1.0,1.0,0.0,4.0,,0.4695932710930564,0
84464,PAW Patrol: The Dino Movie - Early Access,AMC Southcenter 16,2026-08-01,2026-08-08,7,special_event,-7.0,0,,0,,0,0,0,,0,1,0,1,Saturday,Saturday,1.0,1.0,1.0,8.0,7.0,0.0,1.0,0.0,0.0,3.0,1.0,1.0,1.0,1.0,0.0,4.0,,0.4695932710930564,0
84464,PAW Patrol: The Dino Movie - Early Access,AMC Woodinville 12,2026-08-01,2026-08-08,7,special_event,-7.0,0,,0,,0,0,0,,0,1,0,1,Saturday,Saturday,1.0,1.0,1.0,8.0,7.0,0.0,1.0,0.0,0.0,3.0,1.0,1.0,1.0,1.0,0.0,4.0,,0.4695932710930564,0
84003,PAW Patrol: The Dino Movie: Sensory Friendly Screening,AMC Kent Station 14,2026-08-18,2026-08-22,4,accessibility_presentation,-4.0,0,,0,,0,0,0,,0,1,0,1,Saturday,Tuesday,1.0,1.0,1.0,1.0,0.0,0.0,1.0,0.0,0.0,1.0,1.0,1.0,1.0,1.0,0.0,2.0,,0.9284714372245989,1
84003,PAW Patrol: The Dino Movie: Sensory Friendly Screening,AMC Woodinville 12,2026-08-15,2026-08-22,7,accessibility_presentation,-7.0,0,,0,,0,0,0,,0,1,0,1,Saturday,Saturday,1.0,1.0,1.0,8.0,7.0,0.0,1.0,0.0,0.0,0.0,,0.0,1.0,1.0,1.0,1.0,,0.3480722857315125,0
84017,Pinocchio Unstrung,AMC Alderwood Mall 16,2026-07-22,2026-07-29,7,ordinary,-1.0,0,,0,,0,0,0,,0,1,0,1,Wednesday,Wednesday,1.0,2.0,3.0,1.0,0.0,0.0,1.0,0.0,0.0,2.0,1.0,1.0,1.0,1.0,0.0,3.0,,0.027793846962531,0
84017,Pinocchio Unstrung,AMC Kent Station 14,2026-07-22,2026-07-29,7,ordinary,-1.0,0,,0,,0,0,0,,0,1,0,1,Wednesday,Wednesday,1.0,2.0,3.0,2.0,1.0,0.0,1.0,0.0,0.0,2.0,1.0,1.0,1.0,1.0,0.0,3.0,,0.03228929219377021,0
84017,Pinocchio Unstrung,AMC Southcenter 16,2026-07-21,2026-07-26,5,ordinary,-2.0,1,2026-07-22,10,1,1,0,0,-4,2,1,0,1,Sunday,Tuesday,2.0,4.0,6.0,1.0,0.0,0.0,1.0,0.0,1.0,0.0,0.0,0.0,1.0,0.0,0.0,2.0,,0.507552266481731,0
84244,Point Break 35th Anniversary,AMC Alderwood Mall 16,2026-08-12,2026-08-19,7,special_event,-4.0,0,,0,,0,0,0,,0,1,0,1,Wednesday,Wednesday,1.0,1.0,1.0,8.0,7.0,1.0,2.0,0.0,0.0,2.0,1.0,1.0,1.0,1.0,0.0,3.0,,0.3515657233085597,0
84244,Point Break 35th Anniversary,AMC Kent Station 14,2026-08-12,2026-08-19,7,special_event,-4.0,0,,0,,0,0,0,,0,1,0,1,Wednesday,Wednesday,1.0,1.0,1.0,8.0,7.0,1.0,2.0,0.0,0.0,2.0,1.0,1.0,1.0,1.0,0.0,3.0,,0.3515657233085597,0
84244,Point Break 35th Anniversary,AMC Southcenter 16,2026-08-12,2026-08-19,7,special_event,-4.0,0,,0,,0,0,0,,0,1,0,1,Wednesday,Wednesday,1.0,1.0,1.0,8.0,7.0,1.0,2.0,0.0,0.0,2.0,1.0,1.0,1.0,1.0,0.0,3.0,,0.3515657233085597,0
83660,Portugal vs Croacia - Telemundo presenta la Copa Mundial de la FIFA 2026,AMC Alderwood Mall 16,2026-06-29,2026-07-02,3,special_event_title_only,-3.0,0,,0,,0,0,0,,0,1,1,1,Thursday,Monday,1.0,1.0,1.0,1.0,0.0,0.0,1.0,0.0,0.0,0.0,,0.0,1.0,1.0,1.0,1.0,,0.9052475001023411,1
title:portugal-vs-croacia-telemundo-presenta-la-copa-mundial-de-la-fifa-2026,Portugal vs Croacia - Telemundo presenta la Copa Mundial de la FIFA 2026,AMC Southcenter 16,2026-06-29,2026-07-02,3,special_event_title_only,-3.0,0,,0,,0,0,0,,0,1,1,1,Thursday,Monday,1.0,1.0,1.0,1.0,0.0,0.0,1.0,0.0,0.0,0.0,,0.0,1.0,1.0,1.0,1.0,,0.9052475001023411,1
84597,Practical Magic,AMC Alderwood Mall 16,2026-08-04,2026-08-11,7,special_event,-7.0,0,,0,,0,0,0,,0,1,0,1,Tuesday,Tuesday,1.0,1.0,1.0,6.0,5.0,0.0,1.0,0.0,0.0,3.0,1.0,1.0,1.0,1.0,0.0,4.0,,0.1367563727205023,0
84597,Practical Magic,AMC Kent Station 14,2026-08-04,2026-08-11,7,special_event,-7.0,0,,0,,0,0,0,,0,1,0,1,Tuesday,Tuesday,1.0,1.0,1.0,6.0,5.0,0.0,1.0,0.0,0.0,3.0,1.0,1.0,1.0,1.0,0.0,4.0,,0.1367563727205023,0
84597,Practical Magic,AMC Pacific Place 11,2026-08-04,2026-08-11,7,special_event,-7.0,0,,0,,0,0,0,,0,1,0,1,Tuesday,Tuesday,1.0,1.0,1.0,6.0,5.0,0.0,1.0,0.0,0.0,3.0,1.0,1.0,1.0,1.0,0.0,4.0,,0.1367563727205023,0
84597,Practical Magic,AMC Southcenter 16,2026-08-04,2026-08-11,7,special_event,-7.0,0,,0,,0,0,0,,0,1,0,1,Tuesday,Tuesday,1.0,1.0,1.0,6.0,5.0,0.0,1.0,0.0,0.0,3.0,1.0,1.0,1.0,1.0,0.0,4.0,,0.1367563727205023,0
77331,Practical Magic 2,AMC Alderwood Mall 16,2026-09-10,2026-09-17,7,ordinary,0.0,1,2026-09-16,20,6,1,0,0,-1,3,1,0,1,Thursday,Thursday,4.0,12.0,20.0,8.0,7.0,7.0,8.0,0.0,0.0,2.0,0.3333333333333333,0.0,0.0,1.0,0.0,7.0,,0.010668938385916175,0
77331,Practical Magic 2,AMC Factoria 8,2026-09-10,2026-09-17,7,ordinary,0.0,1,2026-09-15,14,5,1,0,0,-2,3,1,0,1,Thursday,Thursday,4.0,7.0,10.0,8.0,7.0,7.0,8.0,0.0,0.0,2.0,0.3333333333333333,0.0,0.0,1.0,0.0,7.0,,0.010702219268047632,0
77331,Practical Magic 2,AMC Kent Station 14,2026-09-09,2026-09-16,7,ordinary,-1.0,1,2026-09-15,21,6,1,0,0,-1,3,1,0,1,Wednesday,Wednesday,8.0,18.0,25.0,8.0,7.0,6.0,7.0,0.0,3.0,3.0,0.5,0.0,1.0,0.0,0.0,7.0,,0.010688422183010745,0
77331,Practical Magic 2,AMC Oak Tree 6,2026-09-09,2026-09-16,7,ordinary,-1.0,1,2026-09-16,15,7,0,1,0,0,4,1,0,1,Wednesday,Wednesday,3.0,6.0,9.0,8.0,7.0,6.0,7.0,0.0,3.0,3.0,0.5,0.0,1.0,0.0,0.0,7.0,,0.010732595432760991,0
77331,Practical Magic 2,AMC Pacific Place 11,2026-09-10,2026-09-17,7,ordinary,0.0,1,2026-09-16,14,6,1,0,0,-1,4,1,0,1,Thursday,Thursday,3.0,6.0,10.0,8.0,7.0,7.0,8.0,0.0,0.0,2.0,0.3333333333333333,0.0,0.0,1.0,0.0,7.0,,0.010703133190959497,0
77331,Practical Magic 2,AMC Southcenter 16,2026-09-09,2026-09-16,7,ordinary,-1.0,1,2026-09-16,21,7,0,1,0,0,3,1,0,1,Wednesday,Wednesday,7.0,15.0,22.0,4.0,3.0,5.0,6.0,0.0,3.0,3.0,0.5,0.0,1.0,0.0,0.0,7.0,,0.010711292694189288,0
77331,Practical Magic 2,AMC Woodinville 12,2026-09-09,2026-09-16,7,ordinary,-1.0,1,2026-09-15,21,6,1,0,0,-1,5,1,0,1,Wednesday,Wednesday,7.0,14.0,21.0,8.0,7.0,6.0,7.0,0.0,3.0,3.0,0.5,0.0,1.0,0.0,0.0,7.0,,0.010705554430260923,0
84605,Primetime,AMC Alderwood Mall 16,2026-09-23,2026-09-30,7,ordinary,-1.0,1,2026-09-30,7,7,0,1,0,0,1,1,0,1,Wednesday,Wednesday,4.0,8.0,12.0,21.0,20.0,0.0,1.0,0.0,3.0,3.0,0.5,0.0,1.0,0.0,0.0,7.0,,0.013140838702752603,0
84605,Primetime,AMC Factoria 8,2026-09-24,2026-10-01,7,ordinary,0.0,1,2026-09-29,6,5,1,0,0,-2,1,1,0,1,Thursday,Thursday,3.0,6.0,9.0,14.0,13.0,0.0,1.0,0.0,1.0,1.0,0.16666666666666666,0.0,0.0,0.0,0.0,7.0,,0.01276373563237154,0
84605,Primetime,AMC Kent Station 14,2026-09-24,2026-10-01,7,ordinary,0.0,1,2026-09-29,6,5,1,0,0,-2,1,1,0,1,Thursday,Thursday,3.0,10.0,16.0,22.0,21.0,0.0,1.0,0.0,1.0,1.0,0.16666666666666666,0.0,0.0,0.0,0.0,7.0,,0.012430989189057235,0
84605,Primetime,AMC Oak Tree 6,2026-09-23,2026-09-30,7,ordinary,-1.0,1,2026-09-30,7,7,0,1,0,0,1,1,0,1,Wednesday,Wednesday,3.0,6.0,9.0,11.0,10.0,0.0,1.0,0.0,3.0,3.0,0.5,0.0,1.0,0.0,0.0,7.0,,0.013354837746563725,0
84605,Primetime,AMC Southcenter 16,2026-09-23,2026-09-30,7,ordinary,-1.0,1,2026-09-30,7,7,0,1,0,0,1,1,0,1,Wednesday,Wednesday,5.0,10.0,15.0,21.0,20.0,0.0,1.0,0.0,3.0,3.0,0.5,0.0,1.0,0.0,0.0,7.0,,0.013140838702752603,0
84605,Primetime,AMC Woodinville 12,2026-09-23,2026-09-30,7,ordinary,-1.0,1,2026-09-29,7,6,1,0,0,-1,2,1,0,1,Wednesday,Wednesday,8.0,16.0,24.0,21.0,20.0,0.0,1.0,0.0,3.0,3.0,0.5,0.0,1.0,0.0,0.0,7.0,,0.012816624868138067,0
83593,Princess Mononoke - Studio Ghibli Fest 2026,AMC Southcenter 16,2026-09-29,2026-09-29,0,special_event,3.0,0,,0,,0,0,0,,0,1,1,1,Tuesday,Tuesday,1.0,2.0,4.0,1.0,0.0,0.0,2.0,1.0,3.0,0.0,0.0,0.0,1.0,0.0,0.0,4.0,0.75,0.9436725182328837,1
83489,Reading Lolita in Tehran,AMC Alderwood Mall 16,2026-07-22,2026-07-29,7,ordinary,-2.0,0,,0,,0,0,0,,0,1,0,1,Wednesday,Wednesday,1.0,2.0,3.0,1.0,0.0,0.0,1.0,0.0,0.0,0.0,,0.0,1.0,1.0,1.0,1.0,,0.1917431437642329,0
79697,Resident Evil,AMC Alderwood Mall 16,2026-09-24,2026-10-01,7,ordinary,7.0,1,2026-09-30,6,6,1,0,0,-1,1,1,0,1,Thursday,Thursday,1.0,9.0,17.0,22.0,21.0,0.0,1.0,0.0,0.0,1.0,0.16666666666666666,0.0,0.0,1.0,0.0,7.0,0.07692307692307693,0.010651702540066626,0
79697,Resident Evil,AMC Factoria 8,2026-09-23,2026-09-30,7,ordinary,6.0,1,2026-09-29,7,6,1,0,0,-1,1,1,0,1,Wednesday,Wednesday,4.0,8.0,12.0,21.0,20.0,0.0,1.0,0.0,2.0,4.0,0.6666666666666666,0.0,1.0,0.0,0.0,7.0,0.5,0.01072717055166377,0
79697,Resident Evil,AMC Kent Station 14,2026-09-23,2026-09-30,7,ordinary,6.0,1,2026-09-29,7,6,1,0,0,-1,1,1,0,1,Wednesday,Wednesday,8.0,16.0,24.0,21.0,20.0,0.0,1.0,0.0,2.0,4.0,0.6666666666666666,0.0,1.0,0.0,0.0,7.0,0.42105263157894735,0.010677828404960267,0
79697,Resident Evil,AMC Oak Tree 6,2026-09-23,2026-09-30,7,ordinary,6.0,1,2026-09-30,7,7,0,1,0,0,1,1,0,1,Wednesday,Wednesday,3.0,6.0,9.0,21.0,20.0,0.0,1.0,0.0,2.0,4.0,0.6666666666666666,0.0,1.0,0.0,0.0,7.0,0.75,0.010754651636322648,0
79697,Resident Evil,AMC Pacific Place 11,2026-09-24,2026-10-01,7,ordinary,7.0,1,2026-09-29,6,5,1,0,0,-2,2,1,0,1,Thursday,Thursday,3.0,6.0,10.0,22.0,21.0,0.0,1.0,0.0,0.0,1.0,0.16666666666666666,0.0,0.0,1.0,0.0,7.0,0.75,0.01068692865879214,0
79697,Resident Evil,AMC Southcenter 16,2026-09-23,2026-09-30,7,ordinary,6.0,1,2026-09-27,7,4,1,0,0,-3,2,1,0,1,Wednesday,Wednesday,8.0,17.0,23.0,12.0,11.0,1.0,2.0,0.0,2.0,4.0,0.6666666666666666,0.0,1.0,0.0,0.0,7.0,0.5454545454545455,0.010726725050743537,0
79697,Resident Evil,AMC Woodinville 12,2026-09-23,2026-09-30,7,ordinary,6.0,1,2026-09-29,7,6,1,0,0,-1,2,1,0,1,Wednesday,Wednesday,5.0,11.0,16.0,21.0,20.0,0.0,1.0,0.0,2.0,4.0,0.6666666666666666,0.0,1.0,0.0,0.0,7.0,0.5555555555555556,0.010712770694017222,0
83715,Runner,AMC Alderwood Mall 16,2026-09-09,2026-09-16,7,ordinary,-1.0,1,2026-09-16,14,7,0,1,0,0,2,1,0,1,Wednesday,Wednesday,4.0,8.0,12.0,8.0,7.0,6.0,7.0,0.0,1.0,3.0,0.75,0.0,1.0,0.0,0.0,5.0,,0.012992983445296737,0
83715,Runner,AMC Factoria 8,2026-09-17,2026-09-24,7,ordinary,7.0,0,,0,,0,0,0,,0,1,0,1,Thursday,Thursday,1.0,4.0,8.0,15.0,14.0,1.0,2.0,0.0,0.0,0.0,0.0,0.0,0.0,1.0,0.0,6.0,0.3333333333333333,0.01144248218859809,0
83715,Runner,AMC Kent Station 14,2026-09-09,2026-09-16,7,ordinary,-1.0,1,2026-09-15,15,6,1,0,0,-1,3,1,0,1,Wednesday,Wednesday,5.0,10.0,15.0,8.0,7.0,6.0,7.0,0.0,1.0,3.0,0.75,0.0,1.0,0.0,0.0,5.0,,0.0128988794052338,0
83715,Runner,AMC Pacific Place 11,2026-09-16,2026-09-23,7,ordinary,-2.0,0,,0,,0,0,0,,0,1,0,1,Wednesday,Wednesday,1.0,2.0,3.0,1.0,0.0,0.0,1.0,0.0,1.0,4.0,0.8,0.0,1.0,0.0,0.0,6.0,,0.011098226049949768,0
83715,Runner,AMC Southcenter 16,2026-09-09,2026-09-16,7,ordinary,-1.0,1,2026-09-16,14,7,0,1,0,0,2,1,0,1,Wednesday,Wednesday,5.0,10.0,15.0,8.0,7.0,6.0,7.0,0.0,1.0,3.0,0.75,0.0,1.0,0.0,0.0,5.0,,0.012954860573488804,0
83715,Runner,AMC Woodinville 12,2026-09-09,2026-09-16,7,ordinary,-1.0,1,2026-09-15,14,6,1,0,0,-1,3,1,0,1,Wednesday,Wednesday,4.0,8.0,12.0,8.0,7.0,6.0,7.0,0.0,1.0,3.0,0.75,0.0,1.0,0.0,0.0,5.0,,0.012936041281971962,0
84863,Sahaa,AMC Alderwood Mall 16,2026-09-02,2026-09-09,7,ordinary,-2.0,0,,0,,0,0,0,,0,1,0,1,Wednesday,Wednesday,1.0,2.0,3.0,1.0,0.0,0.0,1.0,0.0,0.0,0.0,,0.0,1.0,1.0,1.0,1.0,,0.1917431437642329,0
84675,Sara Bareilles: Good Grief,AMC Alderwood Mall 16,2026-08-26,2026-09-02,7,special_event,-7.0,0,,0,,0,0,0,,0,1,0,1,Wednesday,Wednesday,2.0,2.0,2.0,7.0,6.0,0.0,1.0,0.0,0.0,2.0,1.0,1.0,1.0,1.0,0.0,3.0,,0.09756782696967785,0
84675,Sara Bareilles: Good Grief,AMC Pacific Place 11,2026-08-26,2026-09-02,7,special_event,-7.0,0,,0,,0,0,0,,0,1,0,1,Wednesday,Wednesday,1.0,1.0,1.0,1.0,0.0,0.0,1.0,0.0,0.0,2.0,1.0,1.0,1.0,1.0,0.0,3.0,,0.09526791164045766,0
84675,Sara Bareilles: Good Grief,AMC Southcenter 16,2026-08-26,2026-09-02,7,special_event,-7.0,0,,0,,0,0,0,,0,1,0,1,Wednesday,Wednesday,1.0,1.0,1.0,1.0,0.0,0.0,1.0,0.0,0.0,2.0,1.0,1.0,1.0,1.0,0.0,3.0,,0.09526791164045766,0
84569,Sardar 2,AMC Alderwood Mall 16,2026-09-09,2026-09-16,7,ordinary,-1.0,0,,0,,0,0,0,,0,1,0,1,Wednesday,Wednesday,1.0,2.0,3.0,1.0,0.0,0.0,1.0,0.0,0.0,0.0,,0.0,1.0,1.0,1.0,1.0,,0.21286095500206303,0
title:scary-movie,Scary Movie,AMC Alderwood Mall 16,2026-06-29,2026-06-30,1,ordinary_title_only,0.0,0,,0,,0,0,0,,0,1,1,1,Tuesday,Monday,4.0,7.0,7.0,1.0,0.0,0.0,1.0,0.0,1.0,1.0,0.5,0.0,1.0,0.0,0.0,3.0,,0.9403634116034244,1
79322,Scary Movie,AMC Alderwood Mall 16,2026-07-01,2026-07-08,7,ordinary,-1.0,0,,0,,0,0,0,,0,1,0,1,Wednesday,Wednesday,4.0,8.0,11.0,1.0,0.0,0.0,1.0,0.0,0.0,2.0,1.0,1.0,1.0,1.0,0.0,3.0,,0.01747667680581496,0
title:scary-movie,Scary Movie,AMC Kent Station 14,2026-06-29,2026-07-01,2,ordinary_title_only,0.0,0,,0,,0,0,0,,0,1,1,1,Wednesday,Monday,1.0,2.0,4.0,1.0,0.0,0.0,1.0,0.0,0.0,0.0,0.0,0.0,0.0,1.0,0.0,3.0,,0.9274176286803884,1
79322,Scary Movie,AMC Kent Station 14,2026-07-01,2026-07-08,7,ordinary,-1.0,1,2026-07-07,1,6,1,0,0,-1,1,1,0,1,Wednesday,Wednesday,2.0,6.0,9.0,2.0,1.0,0.0,1.0,0.0,0.0,2.0,1.0,1.0,1.0,1.0,0.0,3.0,,0.02225514952804982,0
title:scary-movie,Scary Movie,AMC Southcenter 16,2026-06-29,2026-06-30,1,ordinary_title_only,0.0,0,,0,,0,0,0,,0,1,1,1,Tuesday,Monday,4.0,9.0,9.0,1.0,0.0,0.0,1.0,0.0,1.0,1.0,0.5,0.0,1.0,0.0,0.0,3.0,,0.9403634116034244,1
79322,Scary Movie,AMC Southcenter 16,2026-06-29,2026-07-01,2,ordinary,-2.0,1,2026-07-01,14,2,0,1,0,0,3,1,1,1,Wednesday,Monday,5.0,5.0,5.0,1.0,0.0,0.0,1.0,0.0,0.0,0.0,,0.0,1.0,1.0,1.0,1.0,,0.7792938289837738,0
82986,Shaun the Sheep: The Beast of Mossy Bottom,AMC Alderwood Mall 16,2026-09-16,2026-09-23,7,ordinary,-1.0,1,2026-09-23,11,7,0,1,0,0,2,1,0,1,Wednesday,Wednesday,2.0,4.0,6.0,14.0,13.0,0.0,1.0,0.0,0.0,4.0,1.0,1.0,1.0,1.0,0.0,5.0,,0.013829604045096772,0
82986,Shaun the Sheep: The Beast of Mossy Bottom,AMC Factoria 8,2026-09-16,2026-09-23,7,ordinary,-1.0,1,2026-09-22,1,6,1,0,0,-1,1,1,0,1,Wednesday,Wednesday,3.0,6.0,9.0,2.0,1.0,0.0,1.0,0.0,0.0,4.0,1.0,1.0,1.0,1.0,0.0,5.0,,0.013725428581024986,0
82986,Shaun the Sheep: The Beast of Mossy Bottom,AMC Kent Station 14,2026-09-16,2026-09-23,7,ordinary,-1.0,1,2026-09-22,1,6,1,0,0,-1,1,1,0,1,Wednesday,Wednesday,1.0,3.0,5.0,2.0,1.0,0.0,1.0,0.0,0.0,4.0,1.0,1.0,1.0,1.0,0.0,5.0,,0.013910198449249981,0
82986,Shaun the Sheep: The Beast of Mossy Bottom,AMC Southcenter 16,2026-09-16,2026-09-23,7,ordinary,-1.0,1,2026-09-23,7,7,0,1,0,0,1,1,0,1,Wednesday,Wednesday,2.0,5.0,7.0,14.0,13.0,0.0,1.0,0.0,0.0,4.0,1.0,1.0,1.0,1.0,0.0,5.0,,0.013829604045096772,0
82986,Shaun the Sheep: The Beast of Mossy Bottom,AMC Woodinville 12,2026-09-16,2026-09-23,7,ordinary,-1.0,0,,0,,0,0,0,,0,1,0,1,Wednesday,Wednesday,1.0,3.0,5.0,2.0,1.0,0.0,1.0,0.0,0.0,4.0,1.0,1.0,1.0,1.0,0.0,5.0,,0.013856230346746344,0
84197,Sheep in the Box,AMC Alderwood Mall 16,2026-08-05,2026-08-12,7,ordinary,-1.0,0,,0,,0,0,0,,0,1,0,1,Wednesday,Wednesday,3.0,6.0,9.0,8.0,7.0,5.0,6.0,0.0,0.0,2.0,1.0,1.0,1.0,1.0,0.0,3.0,,0.02041181051179743,0
84197,Sheep in the Box,AMC Pacific Place 11,2026-08-05,2026-08-12,7,ordinary,-1.0,1,2026-08-11,1,6,1,0,0,-1,1,1,0,1,Wednesday,Wednesday,5.0,9.0,13.0,8.0,7.0,6.0,7.0,0.0,0.0,2.0,1.0,1.0,1.0,1.0,0.0,3.0,,0.020140008407162964,0
84197,Sheep in the Box,AMC Southcenter 16,2026-08-05,2026-08-12,7,ordinary,-1.0,1,2026-08-12,1,7,0,1,0,0,1,1,0,1,Wednesday,Wednesday,3.0,8.0,12.0,8.0,7.0,3.0,4.0,0.0,0.0,2.0,1.0,1.0,1.0,1.0,0.0,3.0,,0.020229629323928525,0
83782,Sia: Nostalgic For The Present,AMC Alderwood Mall 16,2026-07-19,2026-07-26,7,special_event,-4.0,0,,0,,0,0,0,,0,1,0,1,Sunday,Sunday,1.0,1.0,1.0,8.0,7.0,1.0,2.0,0.0,0.0,1.0,1.0,1.0,1.0,1.0,0.0,2.0,,0.3657226303258678,0
83782,Sia: Nostalgic For The Present,AMC Southcenter 16,2026-07-19,2026-07-26,7,special_event,-4.0,0,,0,,0,0,0,,0,1,0,1,Sunday,Sunday,1.0,1.0,1.0,8.0,7.0,1.0,2.0,0.0,0.0,1.0,1.0,1.0,1.0,1.0,0.0,2.0,,0.3657226303258678,0
83394,Six: The Musical Live!,AMC Alderwood Mall 16,2026-08-13,2026-08-20,7,special_event,-1.0,1,2026-08-19,6,6,1,0,0,-1,1,1,0,1,Thursday,Thursday,1.0,2.0,3.0,8.0,7.0,6.0,7.0,0.0,0.0,2.0,0.3333333333333333,0.0,0.0,1.0,0.0,7.0,,0.8077931072657425,0
83394,Six: The Musical Live!,AMC Factoria 8,2026-08-12,2026-08-19,7,special_event,-3.0,0,,0,,0,0,0,,0,1,0,1,Wednesday,Wednesday,1.0,1.0,1.0,2.0,1.0,0.0,1.0,0.0,3.0,3.0,0.5,0.0,1.0,0.0,0.0,7.0,,0.8473852596459384,0
83394,Six: The Musical Live!,AMC Kent Station 14,2026-08-12,2026-08-19,7,special_event,-1.0,1,2026-08-18,8,6,1,0,0,-1,2,1,0,1,Wednesday,Wednesday,3.0,5.0,7.0,8.0,7.0,2.0,3.0,0.0,3.0,3.0,0.5,0.0,1.0,0.0,0.0,7.0,,0.8228206788565079,0
83394,Six: The Musical Live!,AMC Oak Tree 6,2026-08-12,2026-08-19,7,special_event,-3.0,0,,0,,0,0,0,,0,1,0,1,Wednesday,Wednesday,1.0,1.0,1.0,1.0,0.0,0.0,1.0,0.0,3.0,3.0,0.5,0.0,1.0,0.0,0.0,7.0,,0.636233837500819,0
83394,Six: The Musical Live!,AMC Pacific Place 11,2026-08-13,2026-08-20,7,special_event,0.0,1,2026-08-18,7,5,1,0,0,-2,3,1,0,1,Thursday,Thursday,1.0,3.0,5.0,8.0,7.0,6.0,7.0,0.0,0.0,2.0,0.3333333333333333,0.0,0.0,1.0,0.0,7.0,,0.7799116897958667,0
83394,Six: The Musical Live!,AMC Southcenter 16,2026-08-13,2026-08-20,7,special_event,0.0,1,2026-08-18,6,5,1,0,0,-2,2,1,0,1,Thursday,Thursday,1.0,3.0,5.0,8.0,7.0,6.0,7.0,0.0,0.0,2.0,0.3333333333333333,0.0,0.0,1.0,0.0,7.0,,0.7920608220620482,0
83394,Six: The Musical Live!,AMC Woodinville 12,2026-08-12,2026-08-19,7,special_event,-1.0,1,2026-08-18,7,6,1,0,0,-1,1,1,0,1,Wednesday,Wednesday,3.0,6.0,8.0,8.0,7.0,2.0,3.0,0.0,3.0,3.0,0.5,0.0,1.0,0.0,0.0,7.0,,0.820870482966636,0
83810,Sonic The Hedgehog 3,AMC Alderwood Mall 16,2026-07-15,2026-07-22,7,accessibility_presentation,-5.0,0,,0,,0,0,0,,0,1,0,1,Wednesday,Wednesday,2.0,2.0,4.0,8.0,7.0,1.0,2.0,0.0,0.0,3.0,1.0,1.0,1.0,1.0,0.0,4.0,,0.07725573211596641,0
83810,Sonic The Hedgehog 3,AMC Kent Station 14,2026-07-15,2026-07-22,7,accessibility_presentation,-5.0,0,,0,,0,0,0,,0,1,0,1,Wednesday,Wednesday,2.0,2.0,4.0,8.0,7.0,1.0,2.0,0.0,0.0,3.0,1.0,1.0,1.0,1.0,0.0,4.0,,0.07725573211596641,0
83810,Sonic The Hedgehog 3,AMC Southcenter 16,2026-07-15,2026-07-22,7,accessibility_presentation,-5.0,0,,0,,0,0,0,,0,1,0,1,Wednesday,Wednesday,2.0,2.0,4.0,8.0,7.0,1.0,2.0,0.0,0.0,3.0,1.0,1.0,1.0,1.0,0.0,4.0,,0.07725573211596641,0
83810,Sonic The Hedgehog 3,AMC Woodinville 12,2026-07-15,2026-07-22,7,accessibility_presentation,-5.0,0,,0,,0,0,0,,0,1,0,1,Wednesday,Wednesday,2.0,2.0,4.0,8.0,7.0,1.0,2.0,0.0,0.0,3.0,1.0,1.0,1.0,1.0,0.0,4.0,,0.07725573211596641,0
82597,Spa Weekend,AMC Alderwood Mall 16,2026-08-19,2026-08-26,7,ordinary,-1.0,1,2026-08-26,13,7,0,1,0,0,3,1,0,1,Wednesday,Wednesday,5.0,10.0,15.0,8.0,7.0,0.0,1.0,0.0,0.0,3.0,1.0,1.0,1.0,1.0,0.0,4.0,,0.013062500068532767,0
82597,Spa Weekend,AMC Factoria 8,2026-08-19,2026-08-26,7,ordinary,-1.0,1,2026-08-25,8,6,1,0,0,-1,2,1,0,1,Wednesday,Wednesday,5.0,10.0,14.0,2.0,1.0,0.0,1.0,0.0,0.0,3.0,1.0,1.0,1.0,1.0,0.0,4.0,,0.013042766152326753,0
82597,Spa Weekend,AMC Kent Station 14,2026-08-19,2026-08-26,7,ordinary,-1.0,1,2026-08-25,1,6,1,0,0,-1,1,1,0,1,Wednesday,Wednesday,4.0,8.0,12.0,2.0,1.0,0.0,1.0,0.0,0.0,3.0,1.0,1.0,1.0,1.0,0.0,4.0,,0.013082403646298878,0
82597,Spa Weekend,AMC Southcenter 16,2026-08-19,2026-08-26,7,ordinary,-1.0,1,2026-08-25,7,6,1,0,0,-1,2,1,0,1,Wednesday,Wednesday,5.0,10.0,15.0,8.0,7.0,0.0,1.0,0.0,0.0,3.0,1.0,1.0,1.0,1.0,0.0,4.0,,0.013042766152326753,0
84714,Space Seed + Star Trek II: The Wrath of Khan - Director's Cut 60th Anniversary Event,AMC Alderwood Mall 16,2026-09-01,2026-09-08,7,rerelease,-4.0,0,,0,,0,0,0,,0,1,0,1,Tuesday,Tuesday,1.0,1.0,1.0,8.0,7.0,1.0,2.0,0.0,0.0,1.0,1.0,1.0,1.0,1.0,0.0,2.0,,0.5818992313650564,0
84714,Space Seed + Star Trek II: The Wrath of Khan - Director's Cut 60th Anniversary Event,AMC Southcenter 16,2026-09-01,2026-09-08,7,rerelease,-4.0,0,,0,,0,0,0,,0,1,0,1,Tuesday,Tuesday,1.0,1.0,1.0,8.0,7.0,1.0,2.0,0.0,0.0,1.0,1.0,1.0,1.0,1.0,0.0,2.0,,0.5818992313650564,0
78598,Spider-Man: Brand New Day,AMC Alderwood Mall 16,2026-08-20,2026-08-27,7,ordinary,21.0,1,2026-08-26,41,6,1,0,0,-1,7,1,0,1,Thursday,Thursday,4.0,15.0,27.0,2.0,1.0,28.0,29.0,1.0,1.0,1.0,0.16666666666666666,0.0,0.0,0.0,0.0,7.0,0.25,0.011456377977689268,0
78598,Spider-Man: Brand New Day,AMC Factoria 8,2026-08-12,2026-08-19,7,ordinary,13.0,1,2026-08-15,43,3,1,0,0,-4,8,1,0,1,Wednesday,Wednesday,12.0,24.0,36.0,6.0,5.0,16.0,17.0,0.0,4.0,2.0,0.3333333333333333,0.0,1.0,0.0,0.0,7.0,0.6545454545454545,0.010819296541178578,0
78598,Spider-Man: Brand New Day,AMC Kent Station 14,2026-08-19,2026-08-26,7,ordinary,20.0,1,2026-08-25,42,6,1,0,0,-1,6,1,0,1,Wednesday,Wednesday,17.0,32.0,47.0,8.0,7.0,26.0,27.0,0.0,3.0,3.0,0.5,0.0,1.0,0.0,0.0,7.0,0.6891891891891891,0.011041243627191227,0
78598,Spider-Man: Brand New Day,AMC Oak Tree 6,2026-08-19,2026-08-26,7,ordinary,20.0,1,2026-08-25,28,6,1,0,0,-1,5,1,0,1,Wednesday,Wednesday,6.0,11.0,17.0,8.0,7.0,27.0,28.0,0.0,3.0,3.0,0.5,0.0,1.0,0.0,0.0,7.0,0.6666666666666666,0.011814633512318535,0
78598,Spider-Man: Brand New Day,AMC Pacific Place 11,2026-09-10,2026-09-17,7,ordinary,42.0,1,2026-09-16,20,6,1,0,0,-1,5,1,0,1,Thursday,Thursday,3.0,6.0,10.0,8.0,7.0,49.0,50.0,0.0,0.0,0.0,0.0,0.0,0.0,1.0,0.0,7.0,0.6923076923076924,0.010981660753164159,0
78598,Spider-Man: Brand New Day,AMC Southcenter 16,2026-08-12,2026-08-19,7,ordinary,13.0,1,2026-08-18,49,6,1,0,0,-1,11,1,0,1,Wednesday,Wednesday,18.0,36.0,55.0,8.0,7.0,19.0,20.0,0.0,4.0,2.0,0.3333333333333333,0.0,1.0,0.0,0.0,7.0,0.44628099173553715,0.010850355742772383,0
78598,Spider-Man: Brand New Day,AMC Woodinville 12,2026-08-12,2026-08-19,7,ordinary,13.0,1,2026-08-18,49,6,1,0,0,-1,10,1,0,1,Wednesday,Wednesday,14.0,28.0,41.0,8.0,7.0,20.0,21.0,0.0,4.0,2.0,0.3333333333333333,0.0,1.0,0.0,0.0,7.0,0.5526315789473685,0.010744211105619404,0
84005,Spider-Man: Brand New Day Dolby Opening Night Fan Event,AMC Alderwood Mall 16,2026-07-23,2026-07-30,7,special_event,-7.0,0,,0,,0,0,0,,0,1,0,1,Thursday,Thursday,1.0,1.0,1.0,8.0,7.0,0.0,1.0,0.0,0.0,3.0,1.0,1.0,1.0,1.0,0.0,4.0,,0.0852239115159296,0
84005,Spider-Man: Brand New Day Dolby Opening Night Fan Event,AMC Kent Station 14,2026-07-23,2026-07-30,7,special_event,-7.0,0,,0,,0,0,0,,0,1,0,1,Thursday,Thursday,1.0,1.0,1.0,8.0,7.0,0.0,1.0,0.0,0.0,3.0,1.0,1.0,1.0,1.0,0.0,4.0,,0.0852239115159296,0
84005,Spider-Man: Brand New Day Dolby Opening Night Fan Event,AMC Southcenter 16,2026-07-23,2026-07-30,7,special_event,-7.0,0,,0,,0,0,0,,0,1,0,1,Thursday,Thursday,1.0,1.0,1.0,8.0,7.0,0.0,1.0,0.0,0.0,3.0,1.0,1.0,1.0,1.0,0.0,4.0,,0.0852239115159296,0
84005,Spider-Man: Brand New Day Dolby Opening Night Fan Event,AMC Woodinville 12,2026-07-23,2026-07-30,7,special_event,-7.0,0,,0,,0,0,0,,0,1,0,1,Thursday,Thursday,1.0,1.0,1.0,8.0,7.0,0.0,1.0,0.0,0.0,3.0,1.0,1.0,1.0,1.0,0.0,4.0,,0.0852239115159296,0
84001,Spider-Man: Brand New Day: Sensory Friendly Screening,AMC Kent Station 14,2026-08-05,2026-08-12,7,accessibility_presentation,-3.0,0,,0,,0,0,0,,0,1,0,1,Wednesday,Wednesday,1.0,1.0,1.0,4.0,3.0,0.0,1.0,0.0,0.0,0.0,0.0,0.0,0.0,1.0,0.0,2.0,,0.4693651394880718,0
84001,Spider-Man: Brand New Day: Sensory Friendly Screening,AMC Woodinville 12,2026-08-01,2026-08-08,7,accessibility_presentation,-7.0,0,,0,,0,0,0,,0,1,0,1,Saturday,Saturday,1.0,1.0,1.0,8.0,7.0,0.0,1.0,0.0,0.0,0.0,,0.0,1.0,1.0,1.0,1.0,,0.3480722857315125,0
84367,Splash City,AMC Pacific Place 11,2026-08-05,2026-08-12,7,ordinary,-2.0,0,,0,,0,0,0,,0,1,0,1,Wednesday,Wednesday,2.0,3.0,4.0,7.0,6.0,0.0,1.0,0.0,0.0,1.0,1.0,1.0,1.0,1.0,0.0,2.0,,0.05645061746279994,0
84367,Splash City,AMC Southcenter 16,2026-08-05,2026-08-12,7,ordinary,-2.0,1,2026-08-12,1,7,0,1,0,0,1,1,0,1,Wednesday,Wednesday,2.0,5.0,8.0,7.0,6.0,0.0,1.0,0.0,0.0,1.0,1.0,1.0,1.0,1.0,0.0,2.0,,0.05645061746279994,0
84295,Splash City with Berner in-person,AMC Pacific Place 11,2026-07-20,2026-07-27,7,ordinary,-7.0,0,,0,,0,0,0,,0,1,0,1,Monday,Monday,1.0,1.0,1.0,8.0,7.0,0.0,1.0,0.0,0.0,0.0,,0.0,1.0,1.0,1.0,1.0,,0.036430987161793466,0
title:star-wars-the-mandalorian-and-grogu,Star Wars: The Mandalorian and Grogu,AMC Alderwood Mall 16,2026-06-29,2026-06-30,1,ordinary_title_only,0.0,0,,0,,0,0,0,,0,1,1,1,Tuesday,Monday,1.0,2.0,2.0,1.0,0.0,0.0,1.0,0.0,0.0,1.0,1.0,1.0,1.0,1.0,0.0,2.0,,0.942249732831901,1
60322,Star Wars: The Mandalorian and Grogu,AMC Alderwood Mall 16,2026-06-29,2026-07-01,2,ordinary_title_only,-2.0,1,2026-07-01,1,2,0,1,0,0,1,1,1,1,Wednesday,Monday,1.0,1.0,1.0,1.0,0.0,0.0,1.0,0.0,0.0,0.0,,0.0,1.0,1.0,1.0,1.0,,0.9346033078665739,1
title:star-wars-the-mandalorian-and-grogu,Star Wars: The Mandalorian and Grogu,AMC Kent Station 14,2026-06-29,2026-06-30,1,ordinary_title_only,0.0,0,,0,,0,0,0,,0,1,1,1,Tuesday,Monday,2.0,4.0,4.0,1.0,0.0,0.0,1.0,0.0,0.0,1.0,1.0,1.0,1.0,1.0,0.0,2.0,,0.942249732831901,1
84878,Steel Magnolias,AMC Alderwood Mall 16,2026-08-28,2026-09-02,5,ordinary,0.0,0,,0,,0,0,0,,0,1,0,1,Wednesday,Friday,1.0,2.0,3.0,1.0,0.0,0.0,1.0,0.0,0.0,1.0,1.0,1.0,1.0,1.0,0.0,2.0,,0.3765444622443443,1
84878,Steel Magnolias,AMC Southcenter 16,2026-08-28,2026-09-02,5,ordinary,0.0,0,,0,,0,0,0,,0,1,0,1,Wednesday,Friday,1.0,2.0,3.0,1.0,0.0,0.0,1.0,0.0,0.0,1.0,1.0,1.0,1.0,1.0,0.0,2.0,,0.3765444622443443,1
title:stop-that-train,Stop! That! Train!,AMC Pacific Place 11,2026-06-29,2026-06-30,1,ordinary_title_only,0.0,0,,0,,0,0,0,,0,1,1,1,Tuesday,Monday,2.0,4.0,4.0,1.0,0.0,0.0,1.0,0.0,0.0,0.0,,0.0,1.0,1.0,1.0,1.0,,0.9417757702052508,1
83659,Suiza vs Argelia - Telemundo presenta la Copa Mundial de la FIFA 2026,AMC Southcenter 16,2026-06-29,2026-07-02,3,special_event_title_only,-3.0,0,,0,,0,0,0,,0,1,1,1,Thursday,Monday,1.0,1.0,1.0,1.0,0.0,0.0,1.0,0.0,0.0,0.0,,0.0,1.0,1.0,1.0,1.0,,0.9052475001023411,1
83671,Suiza vs Colombia - Octavos de Final - Telemundo presenta la Copa Mundial de la FIFA 2026,AMC Alderwood Mall 16,2026-06-30,2026-07-07,7,special_event_title_only,-7.0,0,,0,,0,0,0,,0,1,0,1,Tuesday,Tuesday,1.0,1.0,1.0,2.0,1.0,0.0,1.0,0.0,0.0,1.0,1.0,1.0,1.0,1.0,0.0,2.0,,0.11295828118895614,0
83671,Suiza vs Colombia - Octavos de Final - Telemundo presenta la Copa Mundial de la FIFA 2026,AMC Southcenter 16,2026-06-30,2026-07-07,7,special_event_title_only,-7.0,0,,0,,0,0,0,,0,1,0,1,Tuesday,Tuesday,1.0,1.0,1.0,2.0,1.0,0.0,1.0,0.0,0.0,1.0,1.0,1.0,1.0,1.0,0.0,2.0,,0.11295828118895614,0
84360,Summer Tour,AMC Alderwood Mall 16,2026-07-16,2026-07-23,7,special_event,-7.0,0,,0,,0,0,0,,0,1,0,1,Thursday,Thursday,1.0,1.0,1.0,8.0,7.0,0.0,1.0,0.0,0.0,1.0,1.0,1.0,1.0,1.0,0.0,2.0,,0.09480274220478921,0
84360,Summer Tour,AMC Southcenter 16,2026-07-16,2026-07-23,7,special_event,-7.0,0,,0,,0,0,0,,0,1,0,1,Thursday,Thursday,1.0,1.0,1.0,8.0,7.0,0.0,1.0,0.0,0.0,1.0,1.0,1.0,1.0,1.0,0.0,2.0,,0.09480274220478921,0
84674,Sunny Dancer,AMC Southcenter 16,2026-09-16,2026-09-23,7,ordinary,-2.0,0,,0,,0,0,0,,0,1,0,1,Wednesday,Wednesday,1.0,2.0,3.0,13.0,12.0,0.0,1.0,0.0,0.0,0.0,,0.0,1.0,1.0,1.0,1.0,,0.20333762882575945,0
82341,Super Troopers 3,AMC Alderwood Mall 16,2026-08-11,2026-08-18,7,ordinary,5.0,1,2026-08-12,2,1,1,0,0,-6,2,1,0,1,Tuesday,Tuesday,5.0,9.0,14.0,8.0,7.0,12.0,13.0,0.0,3.0,2.0,0.4,0.0,1.0,0.0,0.0,6.0,0.7142857142857143,0.01102830535318261,0
82341,Super Troopers 3,AMC Factoria 8,2026-08-12,2026-08-19,7,ordinary,6.0,1,2026-08-18,1,6,1,0,0,-1,1,1,0,1,Wednesday,Wednesday,4.0,14.0,23.0,2.0,1.0,13.0,14.0,1.0,0.0,5.0,1.0,1.0,1.0,1.0,0.0,6.0,0.8,0.010786446901670918,0
82341,Super Troopers 3,AMC Kent Station 14,2026-08-12,2026-08-19,7,ordinary,6.0,1,2026-08-18,1,6,1,0,0,-1,1,1,0,1,Wednesday,Wednesday,2.0,7.0,11.0,2.0,1.0,13.0,14.0,1.0,0.0,5.0,1.0,1.0,1.0,1.0,0.0,6.0,0.25,0.010828684911215343,0
82341,Super Troopers 3,AMC Pacific Place 11,2026-08-11,2026-08-18,7,ordinary,5.0,1,2026-08-12,2,1,1,0,0,-6,2,1,0,1,Tuesday,Tuesday,4.0,8.0,13.0,8.0,7.0,12.0,13.0,0.0,3.0,2.0,0.4,0.0,1.0,0.0,0.0,6.0,0.7058823529411764,0.011055989358898516,0
82341,Super Troopers 3,AMC Southcenter 16,2026-08-11,2026-08-18,7,ordinary,5.0,1,2026-08-12,1,1,1,0,0,-6,1,1,0,1,Tuesday,Tuesday,4.0,8.0,12.0,8.0,7.0,12.0,13.0,0.0,3.0,2.0,0.4,0.0,1.0,0.0,0.0,6.0,0.5454545454545455,0.011041937077594571,0
82341,Super Troopers 3,AMC Woodinville 12,2026-08-10,2026-08-17,7,ordinary,4.0,1,2026-08-11,3,1,1,0,0,-6,2,1,0,1,Monday,Monday,5.0,10.0,15.0,8.0,7.0,11.0,12.0,0.0,5.0,0.0,0.0,0.0,1.0,0.0,0.0,6.0,0.8333333333333334,0.01109115538793056,0
84350,Super Troopers 3: Special Broken Lizard Fan Event,AMC Alderwood Mall 16,2026-07-30,2026-08-06,7,special_event,-7.0,0,,0,,0,0,0,,0,1,0,1,Thursday,Thursday,1.0,1.0,1.0,8.0,7.0,0.0,1.0,0.0,0.0,5.0,1.0,1.0,1.0,1.0,0.0,6.0,,0.15805079867883587,0
84350,Super Troopers 3: Special Broken Lizard Fan Event,AMC Factoria 8,2026-07-30,2026-08-06,7,special_event,-7.0,0,,0,,0,0,0,,0,1,0,1,Thursday,Thursday,1.0,1.0,1.0,8.0,7.0,0.0,1.0,0.0,0.0,5.0,1.0,1.0,1.0,1.0,0.0,6.0,,0.15805079867883587,0
84350,Super Troopers 3: Special Broken Lizard Fan Event,AMC Kent Station 14,2026-07-30,2026-08-06,7,special_event,-7.0,0,,0,,0,0,0,,0,1,0,1,Thursday,Thursday,1.0,1.0,1.0,8.0,7.0,0.0,1.0,0.0,0.0,5.0,1.0,1.0,1.0,1.0,0.0,6.0,,0.15805079867883587,0
84350,Super Troopers 3: Special Broken Lizard Fan Event,AMC Pacific Place 11,2026-07-30,2026-08-06,7,special_event,-7.0,0,,0,,0,0,0,,0,1,0,1,Thursday,Thursday,1.0,1.0,1.0,8.0,7.0,0.0,1.0,0.0,0.0,5.0,1.0,1.0,1.0,1.0,0.0,6.0,,0.15805079867883587,0
84350,Super Troopers 3: Special Broken Lizard Fan Event,AMC Southcenter 16,2026-07-30,2026-08-06,7,special_event,-7.0,0,,0,,0,0,0,,0,1,0,1,Thursday,Thursday,1.0,1.0,1.0,8.0,7.0,0.0,1.0,0.0,0.0,5.0,1.0,1.0,1.0,1.0,0.0,6.0,,0.15805079867883587,0
84350,Super Troopers 3: Special Broken Lizard Fan Event,AMC Woodinville 12,2026-07-30,2026-08-06,7,special_event,-7.0,0,,0,,0,0,0,,0,1,0,1,Thursday,Thursday,1.0,1.0,1.0,8.0,7.0,0.0,1.0,0.0,0.0,5.0,1.0,1.0,1.0,1.0,0.0,6.0,,0.15805079867883587,0
title:supergirl,Supergirl,AMC Alderwood Mall 16,2026-07-01,2026-07-08,7,ordinary_title_only,2.0,0,,0,,0,0,0,,0,1,0,1,Wednesday,Wednesday,3.0,4.0,5.0,3.0,2.0,0.0,1.0,0.0,0.0,2.0,0.6666666666666666,0.0,0.0,1.0,0.0,4.0,0.13953488372093023,0.7145652928192494,0
77031,Supergirl,AMC Alderwood Mall 16,2026-07-01,2026-07-08,7,ordinary,0.0,1,2026-07-08,14,7,0,1,0,0,2,1,0,1,Wednesday,Wednesday,6.0,12.0,18.0,3.0,2.0,0.0,1.0,0.0,3.0,3.0,0.5,0.0,1.0,0.0,0.0,7.0,,0.010700453097605868,0
title:supergirl,Supergirl,AMC Factoria 8,2026-06-29,2026-06-30,1,ordinary_title_only,0.0,0,,0,,0,0,0,,0,1,1,1,Tuesday,Monday,10.0,20.0,20.0,1.0,0.0,0.0,1.0,0.0,4.0,2.0,0.3333333333333333,0.0,1.0,0.0,0.0,7.0,,0.9266832279606936,1
77031,Supergirl,AMC Factoria 8,2026-07-02,2026-07-09,7,ordinary,1.0,1,2026-07-07,7,5,1,0,0,-2,2,1,0,1,Thursday,Thursday,4.0,9.0,14.0,4.0,3.0,0.0,1.0,0.0,0.0,2.0,0.3333333333333333,0.0,0.0,1.0,0.0,7.0,0.8,0.01066975304300303,0
title:supergirl,Supergirl,AMC Kent Station 14,2026-06-29,2026-06-30,1,ordinary_title_only,0.0,0,,0,,0,0,0,,0,1,1,1,Tuesday,Monday,16.0,33.0,33.0,1.0,0.0,0.0,1.0,0.0,4.0,2.0,0.3333333333333333,0.0,1.0,0.0,0.0,7.0,,0.9249899896125428,1
77031,Supergirl,AMC Kent Station 14,2026-07-01,2026-07-08,7,ordinary,0.0,1,2026-07-07,21,6,1,0,0,-1,3,1,0,1,Wednesday,Wednesday,10.0,19.0,30.0,3.0,2.0,0.0,1.0,0.0,3.0,3.0,0.5,0.0,1.0,0.0,0.0,7.0,,0.010671111316598396,0
83986,Supergirl,AMC Kent Station 14,2026-07-01,2026-07-08,7,other,-7.0,0,,0,,0,0,0,,0,1,0,1,Wednesday,Wednesday,1.0,1.0,1.0,2.0,1.0,0.0,1.0,0.0,0.0,0.0,,0.0,1.0,1.0,1.0,1.0,,0.09997698118670409,0
title:supergirl,Supergirl,AMC Oak Tree 6,2026-07-01,2026-07-08,7,ordinary_title_only,2.0,0,,0,,0,0,0,,0,1,0,1,Wednesday,Wednesday,3.0,5.0,8.0,3.0,2.0,0.0,1.0,0.0,0.0,2.0,0.6666666666666666,0.0,0.0,1.0,0.0,4.0,0.6,0.7273387755959192,0
77031,Supergirl,AMC Oak Tree 6,2026-06-30,2026-07-07,7,ordinary,-1.0,1,2026-07-01,8,1,1,0,0,-6,3,1,0,1,Tuesday,Tuesday,1.0,1.0,2.0,2.0,1.0,0.0,1.0,0.0,6.0,0.0,0.0,0.0,1.0,0.0,0.0,7.0,,0.010833599789526945,0
title:supergirl,Supergirl,AMC Pacific Place 11,2026-07-01,2026-07-08,7,ordinary_title_only,2.0,0,,0,,0,0,0,,0,1,0,1,Wednesday,Wednesday,1.0,2.0,2.0,3.0,2.0,0.0,1.0,0.0,0.0,2.0,0.6666666666666666,0.0,0.0,1.0,0.0,4.0,0.125,0.7634812751554191,0
77031,Supergirl,AMC Pacific Place 11,2026-07-02,2026-07-09,7,ordinary,1.0,1,2026-07-07,14,5,1,0,0,-2,5,1,0,1,Thursday,Thursday,4.0,8.0,12.0,4.0,3.0,0.0,1.0,0.0,0.0,2.0,0.3333333333333333,0.0,0.0,1.0,0.0,7.0,0.8,0.010678844736594556,0
title:supergirl,Supergirl,AMC Southcenter 16,2026-06-29,2026-07-05,6,ordinary_title_only,0.0,0,,0,,0,0,0,,0,1,0,1,Sunday,Monday,1.0,3.0,3.0,1.0,0.0,0.0,1.0,0.0,3.0,0.0,0.0,0.0,0.0,0.0,0.0,7.0,,0.06300727118514493,1
77031,Supergirl,AMC Southcenter 16,2026-07-02,2026-07-09,7,ordinary,1.0,0,,0,,0,0,0,,0,1,0,1,Thursday,Thursday,5.0,13.0,21.0,4.0,3.0,0.0,1.0,0.0,0.0,2.0,0.3333333333333333,0.0,0.0,1.0,0.0,7.0,0.38461538461538464,0.010653206968398471,0
title:supergirl,Supergirl,AMC Woodinville 12,2026-06-29,2026-06-30,1,ordinary_title_only,0.0,0,,0,,0,0,0,,0,1,1,1,Tuesday,Monday,11.0,22.0,22.0,1.0,0.0,0.0,1.0,0.0,4.0,2.0,0.3333333333333333,0.0,1.0,0.0,0.0,7.0,,0.9279946463241773,1
77031,Supergirl,AMC Woodinville 12,2026-07-01,2026-07-08,7,ordinary,0.0,1,2026-07-07,8,6,1,0,0,-1,2,1,0,1,Wednesday,Wednesday,6.0,12.0,18.0,3.0,2.0,0.0,1.0,0.0,3.0,3.0,0.5,0.0,1.0,0.0,0.0,7.0,,0.010696425843800815,0
83592,Tales from Earthsea 20th Anniversary - Studio Ghibli Fest 2026,AMC Alderwood Mall 16,2026-08-03,2026-08-10,7,rerelease,-5.0,0,,0,,0,0,0,,0,1,0,1,Monday,Monday,1.0,1.0,2.0,8.0,7.0,1.0,2.0,0.0,0.0,3.0,1.0,1.0,1.0,1.0,0.0,4.0,,0.6401072681180192,0
83592,Tales from Earthsea 20th Anniversary - Studio Ghibli Fest 2026,AMC Kent Station 14,2026-08-03,2026-08-10,7,rerelease,-5.0,0,,0,,0,0,0,,0,1,0,1,Monday,Monday,1.0,1.0,2.0,8.0,7.0,1.0,2.0,0.0,0.0,3.0,1.0,1.0,1.0,1.0,0.0,4.0,,0.6401072681180192,0
83592,Tales from Earthsea 20th Anniversary - Studio Ghibli Fest 2026,AMC Southcenter 16,2026-08-03,2026-08-10,7,rerelease,-5.0,0,,0,,0,0,0,,0,1,0,1,Monday,Monday,1.0,1.0,2.0,8.0,7.0,1.0,2.0,0.0,0.0,3.0,1.0,1.0,1.0,1.0,0.0,4.0,,0.6401072681180192,0
83592,Tales from Earthsea 20th Anniversary - Studio Ghibli Fest 2026,AMC Woodinville 12,2026-08-03,2026-08-10,7,rerelease,-5.0,0,,0,,0,0,0,,0,1,0,1,Monday,Monday,1.0,1.0,2.0,8.0,7.0,1.0,2.0,0.0,0.0,3.0,1.0,1.0,1.0,1.0,0.0,4.0,,0.6401072681180192,0
title:talladega-nights-ballad-of-ricky-bobby-20th-anniversary,Talladega Nights: Ballad of Ricky Bobby,AMC Alderwood Mall 16,2026-06-29,2026-06-30,1,rerelease_title_only,-1.0,0,,0,,0,0,0,,0,1,1,1,Tuesday,Monday,1.0,1.0,1.0,1.0,0.0,0.0,1.0,0.0,1.0,0.0,0.0,0.0,1.0,0.0,0.0,2.0,,0.9429534057196894,1
84009,Talladega Nights: Ballad of Ricky Bobby,AMC Alderwood Mall 16,2026-06-29,2026-07-01,2,rerelease_title_only,-2.0,0,,0,,0,0,0,,0,1,1,1,Wednesday,Monday,1.0,1.0,1.0,1.0,0.0,0.0,1.0,0.0,0.0,0.0,,0.0,1.0,1.0,1.0,1.0,,0.9346033078665739,1
title:talladega-nights-ballad-of-ricky-bobby-20th-anniversary,Talladega Nights: Ballad of Ricky Bobby,AMC Southcenter 16,2026-06-29,2026-07-01,2,rerelease_title_only,-1.0,0,,0,,0,0,0,,0,1,1,1,Wednesday,Monday,1.0,2.0,2.0,1.0,0.0,0.0,1.0,0.0,0.0,0.0,0.0,0.0,0.0,1.0,0.0,2.0,,0.9390613793683442,1
82941,Teenage Sex and Death at Camp Miasma,AMC Alderwood Mall 16,2026-08-19,2026-08-26,7,ordinary,-1.0,1,2026-08-26,7,7,0,1,0,0,1,1,0,1,Wednesday,Wednesday,3.0,6.0,9.0,1.0,0.0,0.0,1.0,0.0,0.0,2.0,1.0,1.0,1.0,1.0,0.0,3.0,,0.019183147661987462,0
82941,Teenage Sex and Death at Camp Miasma,AMC Pacific Place 11,2026-08-18,2026-08-21,3,ordinary,-2.0,1,2026-08-19,27,1,1,0,0,-2,7,1,1,1,Friday,Tuesday,3.0,5.0,5.0,1.0,0.0,0.0,1.0,0.0,1.0,0.0,0.0,0.0,1.0,0.0,0.0,2.0,,0.7947670501869548,0
82941,Teenage Sex and Death at Camp Miasma,AMC Southcenter 16,2026-08-18,2026-08-24,6,ordinary,-2.0,1,2026-08-19,10,1,1,0,0,-5,4,1,0,1,Monday,Tuesday,3.0,3.0,3.0,1.0,0.0,0.0,1.0,0.0,0.0,0.0,0.0,0.0,0.0,1.0,0.0,2.0,,0.08853940989181816,0
84287,Terminator 2: Judgment Day 35th Anniversary,AMC Alderwood Mall 16,2026-08-26,2026-09-02,7,rerelease,-2.0,0,,0,,0,0,0,,0,1,0,1,Wednesday,Wednesday,2.0,4.0,6.0,8.0,7.0,5.0,6.0,0.0,0.0,3.0,1.0,1.0,1.0,1.0,0.0,4.0,,0.6407637110244007,0
84287,Terminator 2: Judgment Day 35th Anniversary,AMC Kent Station 14,2026-08-26,2026-09-02,7,rerelease,-2.0,0,,0,,0,0,0,,0,1,0,1,Wednesday,Wednesday,2.0,4.0,6.0,8.0,7.0,5.0,6.0,0.0,0.0,3.0,1.0,1.0,1.0,1.0,0.0,4.0,,0.632866500281132,0
84287,Terminator 2: Judgment Day 35th Anniversary,AMC Southcenter 16,2026-08-26,2026-09-02,7,rerelease,-2.0,0,,0,,0,0,0,,0,1,0,1,Wednesday,Wednesday,2.0,4.0,6.0,8.0,7.0,5.0,6.0,0.0,0.0,3.0,1.0,1.0,1.0,1.0,0.0,4.0,,0.632866500281132,0
84287,Terminator 2: Judgment Day 35th Anniversary,AMC Woodinville 12,2026-08-26,2026-09-02,7,rerelease,-2.0,0,,0,,0,0,0,,0,1,0,1,Wednesday,Wednesday,2.0,4.0,6.0,8.0,7.0,5.0,6.0,0.0,0.0,3.0,1.0,1.0,1.0,1.0,0.0,4.0,,0.632866500281132,0
84239,Texas Chainsaw Day (2026),AMC Alderwood Mall 16,2026-08-11,2026-08-18,7,special_event,-7.0,0,,0,,0,0,0,,0,1,0,1,Tuesday,Tuesday,1.0,1.0,1.0,8.0,7.0,0.0,1.0,0.0,0.0,3.0,1.0,1.0,1.0,1.0,0.0,4.0,,0.1367563727205023,0
84239,Texas Chainsaw Day (2026),AMC Kent Station 14,2026-08-11,2026-08-18,7,special_event,-7.0,0,,0,,0,0,0,,0,1,0,1,Tuesday,Tuesday,1.0,1.0,1.0,8.0,7.0,0.0,1.0,0.0,0.0,3.0,1.0,1.0,1.0,1.0,0.0,4.0,,0.1367563727205023,0
84239,Texas Chainsaw Day (2026),AMC Pacific Place 11,2026-08-12,2026-08-18,6,special_event,-6.0,0,,0,,0,0,0,,0,1,0,1,Tuesday,Wednesday,1.0,1.0,1.0,1.0,0.0,0.0,1.0,0.0,0.0,4.0,1.0,1.0,1.0,1.0,0.0,5.0,,0.4024617623374686,1
84239,Texas Chainsaw Day (2026),AMC Southcenter 16,2026-08-11,2026-08-18,7,special_event,-7.0,0,,0,,0,0,0,,0,1,0,1,Tuesday,Tuesday,1.0,1.0,1.0,8.0,7.0,0.0,1.0,0.0,0.0,3.0,1.0,1.0,1.0,1.0,0.0,4.0,,0.1367563727205023,0
84239,Texas Chainsaw Day (2026),AMC Woodinville 12,2026-08-11,2026-08-18,7,special_event,-7.0,0,,0,,0,0,0,,0,1,0,1,Tuesday,Tuesday,1.0,1.0,1.0,8.0,7.0,0.0,1.0,0.0,0.0,3.0,1.0,1.0,1.0,1.0,0.0,4.0,,0.1367563727205023,0
83811,The Bad Guys 2,AMC Alderwood Mall 16,2026-07-22,2026-07-29,7,ordinary,-5.0,0,,0,,0,0,0,,0,1,0,1,Wednesday,Wednesday,2.0,2.0,4.0,8.0,7.0,1.0,2.0,0.0,0.0,3.0,1.0,1.0,1.0,1.0,0.0,4.0,,0.012335213264693605,0
83811,The Bad Guys 2,AMC Kent Station 14,2026-07-22,2026-07-29,7,ordinary,-5.0,0,,0,,0,0,0,,0,1,0,1,Wednesday,Wednesday,2.0,2.0,4.0,8.0,7.0,1.0,2.0,0.0,0.0,3.0,1.0,1.0,1.0,1.0,0.0,4.0,,0.012335213264693605,0
83811,The Bad Guys 2,AMC Southcenter 16,2026-07-22,2026-07-29,7,ordinary,-5.0,0,,0,,0,0,0,,0,1,0,1,Wednesday,Wednesday,2.0,2.0,4.0,8.0,7.0,1.0,2.0,0.0,0.0,3.0,1.0,1.0,1.0,1.0,0.0,4.0,,0.012335213264693605,0
83811,The Bad Guys 2,AMC Woodinville 12,2026-07-22,2026-07-29,7,ordinary,-5.0,0,,0,,0,0,0,,0,1,0,1,Wednesday,Wednesday,2.0,2.0,4.0,8.0,7.0,1.0,2.0,0.0,0.0,3.0,1.0,1.0,1.0,1.0,0.0,4.0,,0.012335213264693605,0
84879,The Best Little Whorehouse In Texas,AMC Alderwood Mall 16,2026-08-28,2026-09-02,5,ordinary,0.0,0,,0,,0,0,0,,0,1,0,1,Wednesday,Friday,1.0,2.0,3.0,1.0,0.0,0.0,1.0,0.0,0.0,1.0,1.0,1.0,1.0,1.0,0.0,2.0,,0.3765444622443443,1
84879,The Best Little Whorehouse In Texas,AMC Southcenter 16,2026-08-28,2026-09-02,5,ordinary,0.0,0,,0,,0,0,0,,0,1,0,1,Wednesday,Friday,1.0,2.0,3.0,1.0,0.0,0.0,1.0,0.0,0.0,1.0,1.0,1.0,1.0,1.0,0.0,2.0,,0.3765444622443443,1
83719,The Brink of War,AMC Alderwood Mall 16,2026-08-12,2026-08-19,7,ordinary,-1.0,1,2026-08-19,7,7,0,1,0,0,1,1,0,1,Wednesday,Wednesday,3.0,6.0,9.0,8.0,7.0,6.0,7.0,0.0,0.0,2.0,0.4,0.0,0.0,1.0,0.0,6.0,,0.012352134483823851,0
83719,The Brink of War,AMC Factoria 8,2026-08-11,2026-08-15,4,ordinary,-4.0,0,,0,,0,0,0,,0,1,0,1,Saturday,Tuesday,1.0,1.0,1.0,1.0,0.0,0.0,1.0,0.0,3.0,2.0,0.4,0.0,1.0,0.0,0.0,6.0,,0.020014294725965647,1
83719,The Brink of War,AMC Kent Station 14,2026-08-12,2026-08-19,7,ordinary,-1.0,1,2026-08-18,8,6,1,0,0,-1,2,1,0,1,Wednesday,Wednesday,4.0,8.0,13.0,8.0,7.0,0.0,1.0,0.0,0.0,2.0,0.4,0.0,0.0,1.0,0.0,6.0,,0.012120411904980286,0
83719,The Brink of War,AMC Pacific Place 11,2026-08-11,2026-08-15,4,ordinary,-4.0,0,,0,,0,0,0,,0,1,0,1,Saturday,Tuesday,1.0,1.0,1.0,1.0,0.0,0.0,1.0,0.0,3.0,2.0,0.4,0.0,1.0,0.0,0.0,6.0,,0.020014294725965647,1
83719,The Brink of War,AMC Southcenter 16,2026-08-12,2026-08-19,7,ordinary,-1.0,1,2026-08-18,7,6,1,0,0,-1,2,1,0,1,Wednesday,Wednesday,4.0,7.0,9.0,8.0,7.0,6.0,7.0,0.0,0.0,2.0,0.4,0.0,0.0,1.0,0.0,6.0,,0.012352134483823851,0
83719,The Brink of War,AMC Woodinville 12,2026-08-11,2026-08-15,4,ordinary,-4.0,0,,0,,0,0,0,,0,1,0,1,Saturday,Tuesday,1.0,1.0,1.0,1.0,0.0,0.0,1.0,0.0,3.0,2.0,0.4,0.0,1.0,0.0,0.0,6.0,,0.020014294725965647,1
84713,The Changeling + Star Trek: The Motion Picture - Director's Edition - 60th Anniversary Event,AMC Alderwood Mall 16,2026-08-28,2026-09-04,7,rerelease,-7.0,0,,0,,0,0,0,,0,1,0,1,Friday,Friday,1.0,1.0,1.0,8.0,7.0,0.0,1.0,0.0,0.0,1.0,1.0,1.0,1.0,1.0,0.0,2.0,,0.5821016923660319,0
84713,The Changeling + Star Trek: The Motion Picture - Director's Edition - 60th Anniversary Event,AMC Southcenter 16,2026-08-28,2026-09-04,7,rerelease,-7.0,0,,0,,0,0,0,,0,1,0,1,Friday,Friday,1.0,1.0,1.0,8.0,7.0,0.0,1.0,0.0,0.0,1.0,1.0,1.0,1.0,1.0,0.0,2.0,,0.5821016923660319,0
84716,The City on The Edge of Forever + Star Trek IV: The Voyage Home 60th Anniversary Event,AMC Alderwood Mall 16,2026-09-01,2026-09-08,7,rerelease,-6.0,0,,0,,0,0,0,,0,1,0,1,Tuesday,Tuesday,1.0,2.0,2.0,8.0,7.0,1.0,2.0,0.0,0.0,1.0,1.0,1.0,1.0,1.0,0.0,2.0,,0.23312837091243316,0
84716,The City on The Edge of Forever + Star Trek IV: The Voyage Home 60th Anniversary Event,AMC Southcenter 16,2026-09-01,2026-09-08,7,rerelease,-6.0,0,,0,,0,0,0,,0,1,0,1,Tuesday,Tuesday,1.0,2.0,2.0,8.0,7.0,1.0,2.0,0.0,0.0,1.0,1.0,1.0,1.0,1.0,0.0,2.0,,0.23312837091243316,0
title:death-of-robin-hood,The Death of Robin Hood,AMC Alderwood Mall 16,2026-06-29,2026-06-30,1,ordinary_title_only,0.0,0,,0,,0,0,0,,0,1,1,1,Tuesday,Monday,2.0,4.0,4.0,1.0,0.0,0.0,1.0,0.0,0.0,4.0,1.0,1.0,1.0,1.0,0.0,5.0,,0.9413915303208659,1
title:death-of-robin-hood,The Death of Robin Hood,AMC Kent Station 14,2026-06-29,2026-06-30,1,ordinary_title_only,0.0,0,,0,,0,0,0,,0,1,1,1,Tuesday,Monday,3.0,6.0,6.0,1.0,0.0,0.0,1.0,0.0,0.0,4.0,1.0,1.0,1.0,1.0,0.0,5.0,,0.9413915303208659,1
title:death-of-robin-hood,The Death of Robin Hood,AMC Pacific Place 11,2026-06-29,2026-06-30,1,ordinary_title_only,0.0,0,,0,,0,0,0,,0,1,1,1,Tuesday,Monday,1.0,2.0,2.0,1.0,0.0,0.0,1.0,0.0,0.0,4.0,1.0,1.0,1.0,1.0,0.0,5.0,,0.9413915303208659,1
82802,The Death of Robin Hood,AMC Pacific Place 11,2026-06-29,2026-07-01,2,ordinary_title_only,-2.0,1,2026-06-30,1,1,1,0,0,-1,1,1,1,1,Wednesday,Monday,1.0,1.0,1.0,1.0,0.0,0.0,1.0,0.0,0.0,0.0,,0.0,1.0,1.0,1.0,1.0,,0.9346033078665739,1
title:death-of-robin-hood,The Death of Robin Hood,AMC Southcenter 16,2026-06-29,2026-06-30,1,ordinary_title_only,0.0,0,,0,,0,0,0,,0,1,1,1,Tuesday,Monday,1.0,3.0,3.0,1.0,0.0,0.0,1.0,0.0,0.0,4.0,1.0,1.0,1.0,1.0,0.0,5.0,,0.9413915303208659,1
title:death-of-robin-hood,The Death of Robin Hood,AMC Woodinville 12,2026-06-29,2026-06-30,1,ordinary_title_only,0.0,0,,0,,0,0,0,,0,1,1,1,Tuesday,Monday,1.0,2.0,2.0,1.0,0.0,0.0,1.0,0.0,0.0,4.0,1.0,1.0,1.0,1.0,0.0,5.0,,0.9413915303208659,1
title:devil-wears-prada-20th-anniversary-double-feature,The Devil Wears Prada 20th Anniversary Double Feature,AMC Alderwood Mall 16,2026-06-29,2026-06-30,1,rerelease_title_only,0.0,0,,0,,0,0,0,,0,1,1,1,Tuesday,Monday,1.0,2.0,2.0,1.0,0.0,0.0,1.0,0.0,0.0,0.0,,0.0,1.0,1.0,1.0,1.0,,0.9424454219181775,1
72464,The Dog Stars,AMC Alderwood Mall 16,2026-09-02,2026-09-09,7,ordinary,6.0,0,,0,,0,0,0,,0,1,0,1,Wednesday,Wednesday,4.0,8.0,12.0,8.0,7.0,13.0,14.0,0.0,2.0,4.0,0.6666666666666666,0.0,1.0,0.0,0.0,7.0,0.6315789473684211,0.010976514284166974,0
72464,The Dog Stars,AMC Factoria 8,2026-08-27,2026-09-03,7,ordinary,0.0,1,2026-09-01,7,5,1,0,0,-2,2,1,0,1,Thursday,Thursday,4.0,8.0,12.0,8.0,7.0,7.0,8.0,0.0,5.0,0.0,0.0,0.0,0.0,0.0,0.0,7.0,,0.012607842251934767,0
72464,The Dog Stars,AMC Kent Station 14,2026-09-02,2026-09-09,7,ordinary,6.0,1,2026-09-09,1,7,0,1,0,0,1,1,0,1,Wednesday,Wednesday,4.0,8.0,12.0,8.0,7.0,13.0,14.0,0.0,2.0,4.0,0.6666666666666666,0.0,1.0,0.0,0.0,7.0,0.8571428571428571,0.01097445730197161,0
72464,The Dog Stars,AMC Oak Tree 6,2026-09-02,2026-09-09,7,ordinary,6.0,0,,0,,0,0,0,,0,1,0,1,Wednesday,Wednesday,4.0,8.0,11.0,8.0,7.0,13.0,14.0,0.0,2.0,4.0,0.6666666666666666,0.0,1.0,0.0,0.0,7.0,0.75,0.010993652994133301,0
72464,The Dog Stars,AMC Pacific Place 11,2026-09-03,2026-09-10,7,ordinary,7.0,0,,0,,0,0,0,,0,1,0,1,Thursday,Thursday,4.0,8.0,12.0,8.0,7.0,14.0,15.0,0.0,0.0,1.0,0.16666666666666666,0.0,0.0,1.0,0.0,7.0,1.0,0.010827175704707826,0
72464,The Dog Stars,AMC Southcenter 16,2026-09-03,2026-09-10,7,ordinary,7.0,1,2026-09-09,6,6,1,0,0,-1,1,1,0,1,Thursday,Thursday,4.0,9.0,13.0,8.0,7.0,14.0,15.0,0.0,0.0,1.0,0.16666666666666666,0.0,0.0,1.0,0.0,7.0,1.0,0.010825858665057109,0
72464,The Dog Stars,AMC Woodinville 12,2026-08-26,2026-09-02,7,ordinary,-1.0,1,2026-09-01,15,6,1,0,0,-1,3,1,0,1,Wednesday,Wednesday,8.0,13.0,19.0,8.0,7.0,6.0,7.0,0.0,6.0,0.0,0.0,0.0,1.0,0.0,0.0,7.0,,0.012228437882859471,0
83872,The End Of Evangelion (Evangelion 30th Movie Fest),AMC Alderwood Mall 16,2026-07-15,2026-07-22,7,special_event,-7.0,1,2026-07-22,1,7,0,1,0,0,1,1,0,1,Wednesday,Wednesday,2.0,2.0,2.0,8.0,7.0,0.0,1.0,0.0,0.0,2.0,1.0,1.0,1.0,1.0,0.0,3.0,,0.0567749585312746,0
83872,The End Of Evangelion (Evangelion 30th Movie Fest),AMC Kent Station 14,2026-07-15,2026-07-22,7,special_event,-7.0,1,2026-07-21,1,6,1,0,0,-1,1,1,0,1,Wednesday,Wednesday,2.0,2.0,2.0,8.0,7.0,0.0,1.0,0.0,0.0,2.0,1.0,1.0,1.0,1.0,0.0,3.0,,0.0567749585312746,0
83872,The End Of Evangelion (Evangelion 30th Movie Fest),AMC Southcenter 16,2026-07-15,2026-07-22,7,special_event,-7.0,1,2026-07-21,1,6,1,0,0,-1,1,1,0,1,Wednesday,Wednesday,3.0,3.0,3.0,8.0,7.0,0.0,1.0,0.0,0.0,2.0,1.0,1.0,1.0,1.0,0.0,3.0,,0.05620884704002679,0
71226,The End of Oak Street,AMC Alderwood Mall 16,2026-08-12,2026-08-19,7,ordinary,-1.0,1,2026-08-19,22,7,0,1,0,0,5,1,0,1,Wednesday,Wednesday,5.0,10.0,15.0,8.0,7.0,6.0,7.0,0.0,2.0,4.0,0.6666666666666666,0.0,1.0,0.0,0.0,7.0,,0.010735782860142137,0
71226,The End of Oak Street,AMC Factoria 8,2026-08-13,2026-08-20,7,ordinary,0.0,1,2026-08-18,21,5,1,0,0,-2,5,1,0,1,Thursday,Thursday,5.0,10.0,15.0,8.0,7.0,7.0,8.0,0.0,0.0,1.0,0.16666666666666666,0.0,0.0,1.0,0.0,7.0,,0.010710904280631229,0
71226,The End of Oak Street,AMC Kent Station 14,2026-08-12,2026-08-19,7,ordinary,-1.0,1,2026-08-18,22,6,1,0,0,-1,4,1,0,1,Wednesday,Wednesday,6.0,17.0,27.0,2.0,1.0,6.0,7.0,1.0,2.0,4.0,0.6666666666666666,0.0,1.0,0.0,0.0,7.0,,0.010691087113647654,0
71226,The End of Oak Street,AMC Oak Tree 6,2026-08-12,2026-08-19,7,ordinary,-1.0,1,2026-08-18,22,6,1,0,0,-1,6,1,0,1,Wednesday,Wednesday,5.0,10.0,16.0,8.0,7.0,6.0,7.0,0.0,2.0,4.0,0.6666666666666666,0.0,1.0,0.0,0.0,7.0,,0.010745341068172345,0
71226,The End of Oak Street,AMC Pacific Place 11,2026-08-13,2026-08-20,7,ordinary,0.0,1,2026-08-18,14,5,1,0,0,-2,5,1,0,1,Thursday,Thursday,4.0,8.0,12.0,8.0,7.0,7.0,8.0,0.0,0.0,1.0,0.16666666666666666,0.0,0.0,1.0,0.0,7.0,,0.010712868674979076,0
71226,The End of Oak Street,AMC Southcenter 16,2026-08-12,2026-08-19,7,ordinary,-1.0,1,2026-08-19,28,7,0,1,0,0,5,1,0,1,Wednesday,Wednesday,6.0,11.0,16.0,8.0,7.0,6.0,7.0,0.0,2.0,4.0,0.6666666666666666,0.0,1.0,0.0,0.0,7.0,,0.010731321366039904,0
71226,The End of Oak Street,AMC Woodinville 12,2026-08-12,2026-08-19,7,ordinary,-1.0,1,2026-08-18,21,6,1,0,0,-1,3,1,0,1,Wednesday,Wednesday,6.0,12.0,17.0,8.0,7.0,6.0,7.0,0.0,2.0,4.0,0.6666666666666666,0.0,1.0,0.0,0.0,7.0,,0.010724606970250931,0
84170,The End of Oak Street: Sensory Friendly Screening,AMC Kent Station 14,2026-08-19,2026-08-26,7,accessibility_presentation,-7.0,0,,0,,0,0,0,,0,1,0,1,Wednesday,Wednesday,1.0,1.0,1.0,2.0,1.0,0.0,1.0,0.0,0.0,0.0,,0.0,1.0,1.0,1.0,1.0,,0.09997698118670409,0
84356,The Eyes,AMC Alderwood Mall 16,2026-07-08,2026-07-15,7,ordinary,-2.0,0,,0,,0,0,0,,0,1,0,1,Wednesday,Wednesday,2.0,4.0,6.0,1.0,0.0,0.0,1.0,0.0,0.0,0.0,,0.0,1.0,1.0,1.0,1.0,,0.15271880475353566,0
84081,The Fast and the Furious 25th Anniversary,AMC Alderwood Mall 16,2026-08-19,2026-08-26,7,rerelease,-1.0,1,2026-08-26,7,7,0,1,0,0,1,1,0,1,Wednesday,Wednesday,2.0,5.0,8.0,8.0,7.0,6.0,7.0,0.0,1.0,2.0,0.6666666666666666,0.0,1.0,0.0,0.0,4.0,,0.7023901398024806,0
84081,The Fast and the Furious 25th Anniversary,AMC Kent Station 14,2026-08-19,2026-08-26,7,rerelease,-1.0,1,2026-08-25,8,6,1,0,0,-1,2,1,0,1,Wednesday,Wednesday,3.0,6.0,9.0,8.0,7.0,6.0,7.0,0.0,1.0,2.0,0.6666666666666666,0.0,1.0,0.0,0.0,4.0,,0.6745118420849223,0
84081,The Fast and the Furious 25th Anniversary,AMC Southcenter 16,2026-08-20,2026-08-27,7,rerelease,0.0,1,2026-08-25,6,5,1,0,0,-2,2,1,0,1,Thursday,Thursday,1.0,5.0,10.0,3.0,2.0,7.0,8.0,1.0,0.0,0.0,0.0,0.0,0.0,1.0,0.0,4.0,,0.5233154209957002,0
84081,The Fast and the Furious 25th Anniversary,AMC Woodinville 12,2026-08-19,2026-08-26,7,rerelease,-1.0,1,2026-08-27,1,8,0,0,1,1,1,1,0,1,Wednesday,Wednesday,1.0,2.0,3.0,2.0,1.0,0.0,1.0,0.0,1.0,2.0,0.6666666666666666,0.0,1.0,0.0,0.0,4.0,,0.7251299011941943,0
82772,The Fifth Element (2026 Event),AMC Alderwood Mall 16,2026-07-20,2026-07-27,7,special_event,-6.0,0,,0,,0,0,0,,0,1,0,1,Monday,Monday,1.0,2.0,2.0,8.0,7.0,1.0,2.0,0.0,0.0,3.0,1.0,1.0,1.0,1.0,0.0,4.0,,0.4508730218646405,0
82772,The Fifth Element (2026 Event),AMC Kent Station 14,2026-07-20,2026-07-27,7,special_event,-6.0,0,,0,,0,0,0,,0,1,0,1,Monday,Monday,1.0,2.0,2.0,8.0,7.0,1.0,2.0,0.0,0.0,3.0,1.0,1.0,1.0,1.0,0.0,4.0,,0.4508730218646405,0
82772,The Fifth Element (2026 Event),AMC Southcenter 16,2026-07-20,2026-07-27,7,special_event,-6.0,0,,0,,0,0,0,,0,1,0,1,Monday,Monday,1.0,2.0,2.0,8.0,7.0,1.0,2.0,0.0,0.0,3.0,1.0,1.0,1.0,1.0,0.0,4.0,,0.4508730218646405,0
82772,The Fifth Element (2026 Event),AMC Woodinville 12,2026-07-20,2026-07-27,7,special_event,-6.0,0,,0,,0,0,0,,0,1,0,1,Monday,Monday,1.0,2.0,2.0,8.0,7.0,1.0,2.0,0.0,0.0,3.0,1.0,1.0,1.0,1.0,0.0,4.0,,0.4508730218646405,0
84047,The Fix,AMC Alderwood Mall 16,2026-09-09,2026-09-16,7,ordinary,-1.0,0,,0,,0,0,0,,0,1,0,1,Wednesday,Wednesday,3.0,5.0,7.0,5.0,4.0,0.0,1.0,0.0,0.0,3.0,1.0,1.0,1.0,1.0,0.0,4.0,,0.019257006785060034,0
84047,The Fix,AMC Kent Station 14,2026-09-09,2026-09-16,7,ordinary,-1.0,1,2026-09-15,1,6,1,0,0,-1,1,1,0,1,Wednesday,Wednesday,2.0,4.0,5.0,7.0,6.0,0.0,1.0,0.0,0.0,3.0,1.0,1.0,1.0,1.0,0.0,4.0,,0.019257006785060034,0
84047,The Fix,AMC Pacific Place 11,2026-09-09,2026-09-16,7,ordinary,-1.0,0,,0,,0,0,0,,0,1,0,1,Wednesday,Wednesday,1.0,2.0,3.0,1.0,0.0,0.0,1.0,0.0,0.0,3.0,1.0,1.0,1.0,1.0,0.0,4.0,,0.016593913472286455,0
84047,The Fix,AMC Southcenter 16,2026-09-09,2026-09-16,7,ordinary,-1.0,1,2026-09-16,7,7,0,1,0,0,1,1,0,1,Wednesday,Wednesday,2.0,5.0,7.0,8.0,7.0,6.0,7.0,0.0,0.0,3.0,1.0,1.0,1.0,1.0,0.0,4.0,,0.019257006785060034,0
title:furious,The Furious,AMC Alderwood Mall 16,2026-06-29,2026-06-30,1,ordinary_title_only,0.0,0,,0,,0,0,0,,0,1,1,1,Tuesday,Monday,2.0,4.0,4.0,1.0,0.0,0.0,1.0,0.0,0.0,1.0,1.0,1.0,1.0,1.0,0.0,2.0,,0.9414881331073489,1
82946,The Furious,AMC Alderwood Mall 16,2026-07-01,2026-07-08,7,ordinary_title_only,-1.0,0,,0,,0,0,0,,0,1,0,1,Wednesday,Wednesday,1.0,2.0,3.0,1.0,0.0,0.0,1.0,0.0,0.0,1.0,1.0,1.0,1.0,1.0,0.0,2.0,,0.658944055604534,0
title:furious,The Furious,AMC Southcenter 16,2026-06-29,2026-06-30,1,ordinary_title_only,0.0,0,,0,,0,0,0,,0,1,1,1,Tuesday,Monday,2.0,4.0,4.0,1.0,0.0,0.0,1.0,0.0,0.0,1.0,1.0,1.0,1.0,1.0,0.0,2.0,,0.9414881331073489,1
82946,The Furious,AMC Southcenter 16,2026-07-01,2026-07-08,7,ordinary_title_only,0.0,0,,0,,0,0,0,,0,1,0,1,Wednesday,Wednesday,1.0,2.0,3.0,1.0,0.0,0.0,1.0,0.0,0.0,1.0,1.0,1.0,1.0,1.0,0.0,2.0,,0.658944055604534,0
84388,The Hunger Games (2026),AMC Alderwood Mall 16,2026-08-27,2026-09-03,7,special_event,-7.0,0,,0,,0,0,0,,0,1,0,1,Thursday,Thursday,1.0,1.0,1.0,8.0,7.0,0.0,1.0,0.0,0.0,3.0,1.0,1.0,1.0,1.0,0.0,4.0,,0.11412035445382987,0
84388,The Hunger Games (2026),AMC Kent Station 14,2026-08-27,2026-09-03,7,special_event,-7.0,0,,0,,0,0,0,,0,1,0,1,Thursday,Thursday,1.0,1.0,1.0,8.0,7.0,0.0,1.0,0.0,0.0,3.0,1.0,1.0,1.0,1.0,0.0,4.0,,0.11412035445382987,0
84388,The Hunger Games (2026),AMC Southcenter 16,2026-08-27,2026-09-03,7,special_event,-7.0,0,,0,,0,0,0,,0,1,0,1,Thursday,Thursday,1.0,1.0,1.0,8.0,7.0,0.0,1.0,0.0,0.0,3.0,1.0,1.0,1.0,1.0,0.0,4.0,,0.11412035445382987,0
84388,The Hunger Games (2026),AMC Woodinville 12,2026-08-27,2026-09-03,7,special_event,-7.0,0,,0,,0,0,0,,0,1,0,1,Thursday,Thursday,1.0,1.0,1.0,8.0,7.0,0.0,1.0,0.0,0.0,3.0,1.0,1.0,1.0,1.0,0.0,4.0,,0.11412035445382987,0
84390,The Hunger Games: Catching Fire (2026),AMC Alderwood Mall 16,2026-08-28,2026-09-04,7,special_event,-7.0,0,,0,,0,0,0,,0,1,0,1,Friday,Friday,1.0,1.0,1.0,8.0,7.0,0.0,1.0,0.0,0.0,3.0,1.0,1.0,1.0,1.0,0.0,4.0,,0.4569795167870534,0
84390,The Hunger Games: Catching Fire (2026),AMC Kent Station 14,2026-08-28,2026-09-04,7,special_event,-7.0,0,,0,,0,0,0,,0,1,0,1,Friday,Friday,1.0,1.0,1.0,8.0,7.0,0.0,1.0,0.0,0.0,3.0,1.0,1.0,1.0,1.0,0.0,4.0,,0.4569795167870534,0
84390,The Hunger Games: Catching Fire (2026),AMC Southcenter 16,2026-08-28,2026-09-04,7,special_event,-7.0,0,,0,,0,0,0,,0,1,0,1,Friday,Friday,1.0,1.0,1.0,8.0,7.0,0.0,1.0,0.0,0.0,3.0,1.0,1.0,1.0,1.0,0.0,4.0,,0.4569795167870534,0
84390,The Hunger Games: Catching Fire (2026),AMC Woodinville 12,2026-08-28,2026-09-04,7,special_event,-7.0,0,,0,,0,0,0,,0,1,0,1,Friday,Friday,1.0,1.0,1.0,8.0,7.0,0.0,1.0,0.0,0.0,3.0,1.0,1.0,1.0,1.0,0.0,4.0,,0.4569795167870534,0
84391,The Hunger Games: Mockingjay - Part 1 (2026),AMC Alderwood Mall 16,2026-08-29,2026-09-05,7,special_event,-7.0,0,,0,,0,0,0,,0,1,0,1,Saturday,Saturday,1.0,1.0,1.0,8.0,7.0,0.0,1.0,0.0,0.0,3.0,1.0,1.0,1.0,1.0,0.0,4.0,,0.4695932710930564,0
84391,The Hunger Games: Mockingjay - Part 1 (2026),AMC Kent Station 14,2026-08-29,2026-09-05,7,special_event,-7.0,0,,0,,0,0,0,,0,1,0,1,Saturday,Saturday,1.0,1.0,1.0,8.0,7.0,0.0,1.0,0.0,0.0,3.0,1.0,1.0,1.0,1.0,0.0,4.0,,0.4695932710930564,0
84391,The Hunger Games: Mockingjay - Part 1 (2026),AMC Southcenter 16,2026-08-29,2026-09-05,7,special_event,-7.0,0,,0,,0,0,0,,0,1,0,1,Saturday,Saturday,1.0,1.0,1.0,8.0,7.0,0.0,1.0,0.0,0.0,3.0,1.0,1.0,1.0,1.0,0.0,4.0,,0.4695932710930564,0
84391,The Hunger Games: Mockingjay - Part 1 (2026),AMC Woodinville 12,2026-08-29,2026-09-05,7,special_event,-7.0,0,,0,,0,0,0,,0,1,0,1,Saturday,Saturday,1.0,1.0,1.0,8.0,7.0,0.0,1.0,0.0,0.0,3.0,1.0,1.0,1.0,1.0,0.0,4.0,,0.4695932710930564,0
84392,The Hunger Games: Mockingjay - Part 2 (2026),AMC Alderwood Mall 16,2026-08-30,2026-09-06,7,special_event,-7.0,0,,0,,0,0,0,,0,1,0,1,Sunday,Sunday,1.0,1.0,1.0,8.0,7.0,0.0,1.0,0.0,0.0,3.0,1.0,1.0,1.0,1.0,0.0,4.0,,0.4822395447987696,0
84392,The Hunger Games: Mockingjay - Part 2 (2026),AMC Kent Station 14,2026-08-30,2026-09-06,7,special_event,-7.0,0,,0,,0,0,0,,0,1,0,1,Sunday,Sunday,1.0,1.0,1.0,8.0,7.0,0.0,1.0,0.0,0.0,3.0,1.0,1.0,1.0,1.0,0.0,4.0,,0.4822395447987696,0
84392,The Hunger Games: Mockingjay - Part 2 (2026),AMC Southcenter 16,2026-08-30,2026-09-06,7,special_event,-7.0,0,,0,,0,0,0,,0,1,0,1,Sunday,Sunday,1.0,1.0,1.0,8.0,7.0,0.0,1.0,0.0,0.0,3.0,1.0,1.0,1.0,1.0,0.0,4.0,,0.4822395447987696,0
84392,The Hunger Games: Mockingjay - Part 2 (2026),AMC Woodinville 12,2026-08-30,2026-09-06,7,special_event,-7.0,0,,0,,0,0,0,,0,1,0,1,Sunday,Sunday,1.0,1.0,1.0,8.0,7.0,0.0,1.0,0.0,0.0,3.0,1.0,1.0,1.0,1.0,0.0,4.0,,0.4822395447987696,0
84393,The Hunger Games: The Ballad of Songbirds & Snakes (2026),AMC Alderwood Mall 16,2026-08-31,2026-09-07,7,special_event,-7.0,0,,0,,0,0,0,,0,1,0,1,Monday,Monday,1.0,1.0,1.0,8.0,7.0,0.0,1.0,0.0,0.0,2.0,1.0,1.0,1.0,1.0,0.0,3.0,,0.1318502297341547,0
84393,The Hunger Games: The Ballad of Songbirds & Snakes (2026),AMC Kent Station 14,2026-08-31,2026-09-07,7,special_event,-7.0,0,,0,,0,0,0,,0,1,0,1,Monday,Monday,1.0,1.0,1.0,8.0,7.0,0.0,1.0,0.0,0.0,2.0,1.0,1.0,1.0,1.0,0.0,3.0,,0.1318502297341547,0
84393,The Hunger Games: The Ballad of Songbirds & Snakes (2026),AMC Southcenter 16,2026-08-31,2026-09-07,7,special_event,-7.0,0,,0,,0,0,0,,0,1,0,1,Monday,Monday,1.0,1.0,1.0,8.0,7.0,0.0,1.0,0.0,0.0,2.0,1.0,1.0,1.0,1.0,0.0,3.0,,0.1318502297341547,0
84764,The Influencer Project,AMC Pacific Place 11,2026-09-29,2026-10-02,3,ordinary,-2.0,1,2026-09-30,5,1,1,0,0,-2,1,1,1,1,Friday,Tuesday,1.0,2.0,2.0,1.0,0.0,0.0,1.0,0.0,4.0,0.0,0.0,0.0,1.0,0.0,0.0,5.0,,0.09542854776095452,
82975,The Invite,AMC Alderwood Mall 16,2026-07-08,2026-07-15,7,ordinary,-1.0,1,2026-07-15,22,7,0,1,0,0,5,1,0,1,Wednesday,Wednesday,6.0,11.0,17.0,8.0,7.0,2.0,3.0,0.0,3.0,3.0,0.5,0.0,1.0,0.0,0.0,7.0,,0.010797069632645916,0
82975,The Invite,AMC Factoria 8,2026-07-09,2026-07-16,7,ordinary,0.0,1,2026-07-14,7,5,1,0,0,-2,1,1,0,1,Thursday,Thursday,5.0,10.0,15.0,8.0,7.0,3.0,4.0,0.0,0.0,2.0,0.3333333333333333,0.0,0.0,1.0,0.0,7.0,,0.01076377454622687,0
82975,The Invite,AMC Kent Station 14,2026-07-09,2026-07-16,7,ordinary,0.0,1,2026-07-14,13,5,1,0,0,-2,2,1,0,1,Thursday,Thursday,4.0,8.0,12.0,8.0,7.0,3.0,4.0,0.0,0.0,2.0,0.3333333333333333,0.0,0.0,1.0,0.0,7.0,,0.010767924146861773,0
82975,The Invite,AMC Oak Tree 6,2026-07-08,2026-07-15,7,ordinary,-1.0,1,2026-07-14,14,6,1,0,0,-1,3,1,0,1,Wednesday,Wednesday,8.0,15.0,22.0,8.0,7.0,2.0,3.0,0.0,3.0,3.0,0.5,0.0,1.0,0.0,0.0,7.0,,0.01080530239495466,0
82975,The Invite,AMC Pacific Place 11,2026-07-09,2026-07-16,7,ordinary,0.0,1,2026-07-14,35,5,1,0,0,-2,10,1,0,1,Thursday,Thursday,4.0,9.0,15.0,8.0,7.0,3.0,4.0,0.0,0.0,2.0,0.3333333333333333,0.0,0.0,1.0,0.0,7.0,,0.010766530633512331,0
82975,The Invite,AMC Southcenter 16,2026-07-08,2026-07-15,7,ordinary,-1.0,1,2026-07-14,22,6,1,0,0,-1,6,1,0,1,Wednesday,Wednesday,6.0,12.0,18.0,8.0,7.0,2.0,3.0,0.0,3.0,3.0,0.5,0.0,1.0,0.0,0.0,7.0,,0.010787587408244334,0
82975,The Invite,AMC Woodinville 12,2026-07-08,2026-07-15,7,ordinary,-1.0,1,2026-07-15,14,7,0,1,0,0,2,1,0,1,Wednesday,Wednesday,5.0,10.0,15.0,8.0,7.0,2.0,3.0,0.0,3.0,3.0,0.5,0.0,1.0,0.0,0.0,7.0,,0.010793861607728043,0
title:invite,The Invite,AMC Woodinville 12,2026-07-04,2026-07-11,7,ordinary_title_only,-7.0,0,,0,,0,0,0,,0,1,0,1,Saturday,Saturday,1.0,1.0,1.0,6.0,5.0,0.0,1.0,0.0,0.0,0.0,,0.0,1.0,1.0,1.0,1.0,,0.3480722857315125,0
83704,The Isolate Thief,AMC Alderwood Mall 16,2026-07-08,2026-07-15,7,ordinary,-2.0,0,,0,,0,0,0,,0,1,0,1,Wednesday,Wednesday,2.0,5.0,7.0,1.0,0.0,0.0,1.0,0.0,0.0,0.0,,0.0,1.0,1.0,1.0,1.0,,0.14342742968281363,0
84547,The King of Cannabis,AMC Southcenter 16,2026-08-26,2026-09-02,7,ordinary,-1.0,0,,0,,0,0,0,,0,1,0,1,Wednesday,Wednesday,1.0,2.0,3.0,8.0,7.0,6.0,7.0,0.0,0.0,0.0,,0.0,1.0,1.0,1.0,1.0,,0.21286095500206303,0
84140,The Last Blossom,AMC Alderwood Mall 16,2026-08-24,2026-08-31,7,special_event,-6.0,0,,0,,0,0,0,,0,1,0,1,Monday,Monday,1.0,2.0,2.0,8.0,7.0,1.0,2.0,0.0,0.0,2.0,1.0,1.0,1.0,1.0,0.0,3.0,,0.3914872967474332,0
84140,The Last Blossom,AMC Kent Station 14,2026-08-24,2026-08-31,7,special_event,-6.0,0,,0,,0,0,0,,0,1,0,1,Monday,Monday,1.0,2.0,2.0,8.0,7.0,1.0,2.0,0.0,0.0,2.0,1.0,1.0,1.0,1.0,0.0,3.0,,0.3914872967474332,0
84140,The Last Blossom,AMC Southcenter 16,2026-08-24,2026-08-31,7,special_event,-6.0,0,,0,,0,0,0,,0,1,0,1,Monday,Monday,1.0,2.0,2.0,8.0,7.0,1.0,2.0,0.0,0.0,2.0,1.0,1.0,1.0,1.0,0.0,3.0,,0.3914872967474332,0
84558,The Lego Batman Movie,AMC Alderwood Mall 16,2026-09-13,2026-09-20,7,ordinary,-6.0,0,,0,,0,0,0,,0,1,0,1,Sunday,Sunday,1.0,2.0,2.0,11.0,10.0,0.0,1.0,0.0,0.0,3.0,1.0,1.0,1.0,1.0,0.0,4.0,,0.016310932594676274,0
84558,The Lego Batman Movie,AMC Kent Station 14,2026-09-13,2026-09-20,7,ordinary,-6.0,0,,0,,0,0,0,,0,1,0,1,Sunday,Sunday,1.0,2.0,2.0,11.0,10.0,0.0,1.0,0.0,0.0,3.0,1.0,1.0,1.0,1.0,0.0,4.0,,0.016310932594676274,0
84558,The Lego Batman Movie,AMC Southcenter 16,2026-09-13,2026-09-20,7,ordinary,-6.0,0,,0,,0,0,0,,0,1,0,1,Sunday,Sunday,1.0,2.0,2.0,11.0,10.0,0.0,1.0,0.0,0.0,3.0,1.0,1.0,1.0,1.0,0.0,4.0,,0.016310932594676274,0
84558,The Lego Batman Movie,AMC Woodinville 12,2026-09-13,2026-09-20,7,ordinary,-6.0,0,,0,,0,0,0,,0,1,0,1,Sunday,Sunday,1.0,2.0,2.0,11.0,10.0,0.0,1.0,0.0,0.0,3.0,1.0,1.0,1.0,1.0,0.0,4.0,,0.016310932594676274,0
83808,The Lego Movie,AMC Alderwood Mall 16,2026-07-08,2026-07-15,7,ordinary,-5.0,0,,0,,0,0,0,,0,1,0,1,Wednesday,Wednesday,2.0,2.0,4.0,8.0,7.0,1.0,2.0,0.0,0.0,3.0,1.0,1.0,1.0,1.0,0.0,4.0,,0.012335213264693605,0
83808,The Lego Movie,AMC Kent Station 14,2026-07-08,2026-07-15,7,ordinary,-5.0,0,,0,,0,0,0,,0,1,0,1,Wednesday,Wednesday,2.0,2.0,4.0,8.0,7.0,1.0,2.0,0.0,0.0,3.0,1.0,1.0,1.0,1.0,0.0,4.0,,0.012335213264693605,0
83808,The Lego Movie,AMC Southcenter 16,2026-07-08,2026-07-15,7,ordinary,-5.0,0,,0,,0,0,0,,0,1,0,1,Wednesday,Wednesday,2.0,2.0,4.0,8.0,7.0,1.0,2.0,0.0,0.0,3.0,1.0,1.0,1.0,1.0,0.0,4.0,,0.012335213264693605,0
83808,The Lego Movie,AMC Woodinville 12,2026-07-08,2026-07-15,7,ordinary,-5.0,0,,0,,0,0,0,,0,1,0,1,Wednesday,Wednesday,2.0,2.0,4.0,8.0,7.0,1.0,2.0,0.0,0.0,3.0,1.0,1.0,1.0,1.0,0.0,4.0,,0.012335213264693605,0
83464,The Magic Faraway Tree,AMC Alderwood Mall 16,2026-08-19,2026-08-26,7,ordinary,-1.0,1,2026-08-26,7,7,0,1,0,0,1,1,0,1,Wednesday,Wednesday,5.0,9.0,14.0,8.0,7.0,6.0,7.0,0.0,0.0,2.0,1.0,1.0,1.0,1.0,0.0,3.0,,0.01869824460454231,0
83464,The Magic Faraway Tree,AMC Kent Station 14,2026-08-19,2026-08-26,7,ordinary,-1.0,1,2026-08-25,1,6,1,0,0,-1,1,1,0,1,Wednesday,Wednesday,2.0,4.0,6.0,2.0,1.0,0.0,1.0,0.0,0.0,2.0,1.0,1.0,1.0,1.0,0.0,3.0,,0.019642360945743936,0
83464,The Magic Faraway Tree,AMC Southcenter 16,2026-08-19,2026-08-26,7,ordinary,-1.0,1,2026-08-25,14,6,1,0,0,-1,3,1,0,1,Wednesday,Wednesday,5.0,10.0,15.0,8.0,7.0,6.0,7.0,0.0,0.0,2.0,1.0,1.0,1.0,1.0,0.0,3.0,,0.01826891928984282,0
84708,The Musical,AMC Alderwood Mall 16,2026-09-16,2026-09-23,7,ordinary,-1.0,0,,0,,0,0,0,,0,1,0,1,Wednesday,Wednesday,2.0,4.0,6.0,7.0,6.0,0.0,1.0,0.0,0.0,1.0,1.0,1.0,1.0,1.0,0.0,2.0,,0.07601168409020366,0
84708,The Musical,AMC Pacific Place 11,2026-09-16,2026-09-23,7,ordinary,-1.0,1,2026-09-22,1,6,1,0,0,-1,1,1,0,1,Wednesday,Wednesday,1.0,2.0,3.0,1.0,0.0,0.0,1.0,0.0,0.0,1.0,1.0,1.0,1.0,1.0,0.0,2.0,,0.06525028318234644,0
84448,The Nutty Professor: 30th Anniversary,AMC Alderwood Mall 16,2026-09-02,2026-09-09,7,rerelease,-4.0,0,,0,,0,0,0,,0,1,0,1,Wednesday,Wednesday,1.0,1.0,1.0,8.0,7.0,1.0,2.0,0.0,0.0,1.0,1.0,1.0,1.0,1.0,0.0,2.0,,0.5939267601598602,0
84448,The Nutty Professor: 30th Anniversary,AMC Southcenter 16,2026-09-02,2026-09-09,7,rerelease,-4.0,0,,0,,0,0,0,,0,1,0,1,Wednesday,Wednesday,1.0,1.0,1.0,8.0,7.0,1.0,2.0,0.0,0.0,1.0,1.0,1.0,1.0,1.0,0.0,2.0,,0.5939267601598602,0
76238,The Odyssey,AMC Alderwood Mall 16,2026-07-28,2026-08-04,7,ordinary,12.0,1,2026-07-29,64,1,1,0,0,-6,12,1,0,1,Tuesday,Tuesday,4.0,8.0,12.0,8.0,7.0,19.0,20.0,0.0,5.0,1.0,0.16666666666666666,0.0,1.0,0.0,0.0,7.0,0.21428571428571427,0.011293368868059895,0
76238,The Odyssey,AMC Factoria 8,2026-07-22,2026-07-29,7,ordinary,6.0,1,2026-07-28,57,6,1,0,0,-1,11,1,0,1,Wednesday,Wednesday,12.0,24.0,35.0,8.0,7.0,13.0,14.0,0.0,5.0,1.0,0.16666666666666666,0.0,1.0,0.0,0.0,7.0,1.2,0.011039881838698013,0
76238,The Odyssey,AMC Kent Station 14,2026-07-29,2026-08-05,7,ordinary,13.0,1,2026-08-04,63,6,1,0,0,-1,9,1,0,1,Wednesday,Wednesday,13.0,25.0,35.0,2.0,1.0,19.0,20.0,1.0,2.0,4.0,0.6666666666666666,0.0,1.0,0.0,0.0,7.0,0.7222222222222222,0.011119649826064278,0
76238,The Odyssey,AMC Oak Tree 6,2026-07-22,2026-07-29,7,ordinary,6.0,1,2026-07-28,49,6,1,0,0,-1,11,1,0,1,Wednesday,Wednesday,7.0,15.0,23.0,8.0,7.0,13.0,14.0,0.0,5.0,1.0,0.16666666666666666,0.0,1.0,0.0,0.0,7.0,0.8076923076923077,0.011307514042212564,0
76238,The Odyssey,AMC Southcenter 16,2026-07-28,2026-08-04,7,ordinary,12.0,1,2026-07-29,64,1,1,0,0,-6,11,1,0,1,Tuesday,Tuesday,4.0,8.0,12.0,8.0,7.0,19.0,20.0,0.0,5.0,1.0,0.16666666666666666,0.0,1.0,0.0,0.0,7.0,0.25531914893617025,0.011324675179544644,0
76238,The Odyssey,AMC Woodinville 12,2026-07-30,2026-08-06,7,ordinary,14.0,1,2026-08-01,62,2,1,0,0,-5,11,1,0,1,Thursday,Thursday,5.0,17.0,30.0,3.0,2.0,20.0,21.0,1.0,1.0,0.0,0.0,0.0,0.0,0.0,0.0,7.0,0.36585365853658536,0.011411953693925166,0
83988,The Odyssey : Sensory Friendly Screening,AMC Kent Station 14,2026-07-15,2026-07-22,7,accessibility_presentation,-7.0,0,,0,,0,0,0,,0,1,0,1,Wednesday,Wednesday,1.0,1.0,1.0,2.0,1.0,0.0,1.0,0.0,0.0,0.0,,0.0,1.0,1.0,1.0,1.0,,0.09997698118670409,0
83709,The Paradise (Telugu),AMC Alderwood Mall 16,2026-09-17,2026-09-23,6,ambiguous_limited,-6.0,1,2026-09-23,7,6,0,1,0,0,1,1,0,1,Wednesday,Thursday,1.0,1.0,1.0,1.0,0.0,0.0,1.0,0.0,0.0,3.0,1.0,1.0,1.0,1.0,0.0,4.0,,0.2888350186644233,0
83709,The Paradise (Telugu),AMC Factoria 8,2026-09-17,2026-09-23,6,ambiguous_limited,-6.0,0,,0,,0,0,0,,0,1,0,1,Wednesday,Thursday,1.0,1.0,1.0,1.0,0.0,0.0,1.0,0.0,0.0,3.0,1.0,1.0,1.0,1.0,0.0,4.0,,0.2888350186644233,1
83709,The Paradise (Telugu),AMC Pacific Place 11,2026-09-17,2026-09-23,6,ambiguous_limited,-6.0,0,,0,,0,0,0,,0,1,0,1,Wednesday,Thursday,1.0,1.0,1.0,1.0,0.0,0.0,1.0,0.0,0.0,3.0,1.0,1.0,1.0,1.0,0.0,4.0,,0.2888350186644233,1
83709,The Paradise (Telugu),AMC Southcenter 16,2026-09-18,2026-09-24,6,ambiguous_limited,-5.0,0,,0,,0,0,0,,0,1,0,1,Thursday,Friday,1.0,2.0,2.0,1.0,0.0,0.0,1.0,0.0,0.0,0.0,0.0,0.0,0.0,1.0,0.0,5.0,,0.5382028212729071,1
83709,The Paradise (Telugu),AMC Woodinville 12,2026-09-17,2026-09-23,6,ambiguous_limited,-6.0,0,,0,,0,0,0,,0,1,0,1,Wednesday,Thursday,1.0,1.0,1.0,1.0,0.0,0.0,1.0,0.0,0.0,3.0,1.0,1.0,1.0,1.0,0.0,4.0,,0.2888350186644233,1
84018,The Passion of the Christ (2026 Event),AMC Alderwood Mall 16,2026-09-06,2026-09-13,7,special_event,-4.0,1,2026-09-09,3,3,1,0,0,-4,1,1,0,1,Sunday,Sunday,1.0,1.0,1.0,3.0,2.0,6.0,7.0,1.0,0.0,3.0,1.0,1.0,1.0,1.0,0.0,4.0,,0.48715491220760754,0
84018,The Passion of the Christ (2026 Event),AMC Kent Station 14,2026-09-06,2026-09-13,7,special_event,-4.0,0,,0,,0,0,0,,0,1,0,1,Sunday,Sunday,1.0,1.0,1.0,3.0,2.0,6.0,7.0,1.0,0.0,3.0,1.0,1.0,1.0,1.0,0.0,4.0,,0.48715491220760754,0
84018,The Passion of the Christ (2026 Event),AMC Southcenter 16,2026-09-06,2026-09-13,7,special_event,-4.0,1,2026-09-09,2,3,1,0,0,-4,1,1,0,1,Sunday,Sunday,1.0,1.0,1.0,3.0,2.0,6.0,7.0,1.0,0.0,3.0,1.0,1.0,1.0,1.0,0.0,4.0,,0.48715491220760754,0
84018,The Passion of the Christ (2026 Event),AMC Woodinville 12,2026-09-06,2026-09-13,7,special_event,-4.0,0,,0,,0,0,0,,0,1,0,1,Sunday,Sunday,1.0,1.0,1.0,3.0,2.0,6.0,7.0,1.0,0.0,3.0,1.0,1.0,1.0,1.0,0.0,4.0,,0.49152771030439923,0
82596,The Rivals of Amziah King,AMC Alderwood Mall 16,2026-08-12,2026-08-19,7,ordinary,-1.0,0,,0,,0,0,0,,0,1,0,1,Wednesday,Wednesday,5.0,11.0,16.0,8.0,7.0,6.0,7.0,0.0,0.0,3.0,1.0,1.0,1.0,1.0,0.0,4.0,,0.013431980685058284,0
82596,The Rivals of Amziah King,AMC Pacific Place 11,2026-08-11,2026-08-15,4,ordinary,-2.0,1,2026-08-12,5,1,1,0,0,-3,2,1,0,1,Saturday,Tuesday,4.0,8.0,9.0,1.0,0.0,0.0,1.0,0.0,3.0,0.0,0.0,0.0,1.0,0.0,0.0,4.0,,0.02923630296832207,0
82596,The Rivals of Amziah King,AMC Southcenter 16,2026-08-12,2026-08-19,7,ordinary,-1.0,0,,0,,0,0,0,,0,1,0,1,Wednesday,Wednesday,4.0,8.0,14.0,8.0,7.0,6.0,7.0,0.0,0.0,3.0,1.0,1.0,1.0,1.0,0.0,4.0,,0.013573724908800093,0
82596,The Rivals of Amziah King,AMC Woodinville 12,2026-08-12,2026-08-19,7,ordinary,-1.0,1,2026-08-18,1,6,1,0,0,-1,1,1,0,1,Wednesday,Wednesday,4.0,8.0,11.0,2.0,1.0,0.0,1.0,0.0,0.0,3.0,1.0,1.0,1.0,1.0,0.0,4.0,,0.013622653132236172,0
84006,The Salt Path,AMC Alderwood Mall 16,2026-09-01,2026-09-03,2,ordinary,-2.0,1,2026-09-02,6,1,1,0,0,-1,1,1,1,1,Thursday,Tuesday,1.0,1.0,1.0,1.0,0.0,0.0,1.0,0.0,0.0,0.0,,0.0,1.0,1.0,1.0,1.0,,0.8935192133373608,0
84012,The Samurai and the Prisoner,AMC Alderwood Mall 16,2026-08-06,2026-08-12,6,ordinary,-1.0,1,2026-08-12,7,6,0,1,0,0,1,1,0,1,Wednesday,Thursday,2.0,4.0,6.0,1.0,0.0,0.0,1.0,0.0,0.0,0.0,,0.0,1.0,1.0,1.0,1.0,,0.32061799267528995,0
83812,The Spongebob Movie: Search for Squarepants,AMC Alderwood Mall 16,2026-07-29,2026-08-05,7,ordinary,-5.0,0,,0,,0,0,0,,0,1,0,1,Wednesday,Wednesday,2.0,2.0,4.0,8.0,7.0,1.0,2.0,0.0,0.0,3.0,1.0,1.0,1.0,1.0,0.0,4.0,,0.0122318346591498,0
83812,The Spongebob Movie: Search for Squarepants,AMC Kent Station 14,2026-07-29,2026-08-05,7,ordinary,-5.0,0,,0,,0,0,0,,0,1,0,1,Wednesday,Wednesday,2.0,2.0,5.0,8.0,7.0,1.0,2.0,0.0,0.0,3.0,1.0,1.0,1.0,1.0,0.0,4.0,,0.012219027769304345,0
83812,The Spongebob Movie: Search for Squarepants,AMC Southcenter 16,2026-07-29,2026-08-05,7,ordinary,-5.0,0,,0,,0,0,0,,0,1,0,1,Wednesday,Wednesday,2.0,2.0,4.0,8.0,7.0,1.0,2.0,0.0,0.0,3.0,1.0,1.0,1.0,1.0,0.0,4.0,,0.0122318346591498,0
83812,The Spongebob Movie: Search for Squarepants,AMC Woodinville 12,2026-07-29,2026-08-05,7,ordinary,-5.0,0,,0,,0,0,0,,0,1,0,1,Wednesday,Wednesday,2.0,2.0,4.0,8.0,7.0,1.0,2.0,0.0,0.0,3.0,1.0,1.0,1.0,1.0,0.0,4.0,,0.0122318346591498,0
84617,The Stunt Driver,AMC Kent Station 14,2026-09-23,2026-09-30,7,ordinary,-1.0,1,2026-09-29,1,6,1,0,0,-1,1,1,0,1,Wednesday,Wednesday,1.0,2.0,3.0,2.0,1.0,0.0,1.0,0.0,0.0,2.0,1.0,1.0,1.0,1.0,0.0,3.0,,0.03233441629165382,0
84617,The Stunt Driver,AMC Pacific Place 11,2026-09-22,2026-09-25,3,ordinary,-2.0,1,2026-09-23,5,1,1,0,0,-2,1,1,1,1,Friday,Tuesday,2.0,3.0,3.0,1.0,0.0,0.0,1.0,0.0,1.0,0.0,0.0,0.0,1.0,0.0,0.0,2.0,,0.8992407097050272,0
84617,The Stunt Driver,AMC Southcenter 16,2026-09-23,2026-09-30,7,ordinary,-1.0,1,2026-09-30,1,7,0,1,0,0,1,1,0,1,Wednesday,Wednesday,1.0,3.0,5.0,1.0,0.0,0.0,1.0,0.0,0.0,2.0,1.0,1.0,1.0,1.0,0.0,3.0,,0.02818875353626721,0
84482,The Sun Never Sets,AMC Alderwood Mall 16,2026-09-01,2026-09-03,2,ordinary,-2.0,1,2026-09-02,6,1,1,0,0,-1,1,1,1,1,Thursday,Tuesday,1.0,1.0,1.0,1.0,0.0,0.0,1.0,0.0,2.0,0.0,0.0,0.0,1.0,0.0,0.0,3.0,,0.8737178419423299,0
84482,The Sun Never Sets,AMC Kent Station 14,2026-09-01,2026-09-08,7,ordinary,-2.0,0,,0,,0,0,0,,0,1,0,1,Tuesday,Tuesday,2.0,4.0,6.0,1.0,0.0,0.0,1.0,0.0,0.0,0.0,0.0,0.0,0.0,1.0,0.0,3.0,,0.032143458992284504,0
84482,The Sun Never Sets,AMC Pacific Place 11,2026-09-01,2026-09-04,3,ordinary,-2.0,1,2026-09-02,6,1,1,0,0,-2,2,1,1,1,Friday,Tuesday,2.0,3.0,3.0,1.0,0.0,0.0,1.0,0.0,1.0,0.0,0.0,0.0,0.0,0.0,0.0,3.0,,0.710212297954636,0
84517,The Transformers: The Movie 40th Anniversary,AMC Alderwood Mall 16,2026-09-14,2026-09-21,7,special_event,-3.0,1,2026-09-16,10,2,1,0,0,-5,3,1,0,1,Monday,Monday,4.0,8.0,12.0,12.0,11.0,0.0,1.0,0.0,2.0,1.0,0.3333333333333333,0.0,1.0,0.0,0.0,4.0,,0.3109470986718443,0
84517,The Transformers: The Movie 40th Anniversary,AMC Kent Station 14,2026-09-16,2026-09-23,7,special_event,-1.0,1,2026-09-22,8,6,1,0,0,-1,2,1,0,1,Wednesday,Wednesday,4.0,8.0,12.0,9.0,8.0,1.0,2.0,0.0,0.0,4.0,1.0,1.0,1.0,1.0,0.0,5.0,,0.17387435930302655,0
84517,The Transformers: The Movie 40th Anniversary,AMC Pacific Place 11,2026-09-14,2026-09-21,7,special_event,-3.0,1,2026-09-16,9,2,1,0,0,-5,3,1,0,1,Monday,Monday,1.0,3.0,5.0,4.0,3.0,0.0,1.0,0.0,2.0,1.0,0.3333333333333333,0.0,1.0,0.0,0.0,4.0,,0.3649188196033785,0
84517,The Transformers: The Movie 40th Anniversary,AMC Southcenter 16,2026-09-16,2026-09-23,7,special_event,-1.0,1,2026-09-23,8,7,0,1,0,0,2,1,0,1,Wednesday,Wednesday,5.0,10.0,15.0,9.0,8.0,1.0,2.0,0.0,0.0,4.0,1.0,1.0,1.0,1.0,0.0,5.0,,0.16518441876063042,0
84517,The Transformers: The Movie 40th Anniversary,AMC Woodinville 12,2026-09-16,2026-09-23,7,special_event,-1.0,1,2026-09-22,8,6,1,0,0,-1,3,1,0,1,Wednesday,Wednesday,2.0,4.0,6.0,2.0,1.0,0.0,1.0,0.0,0.0,4.0,1.0,1.0,1.0,1.0,0.0,5.0,,0.2106764419952027,0
83716,The Uprising,AMC Alderwood Mall 16,2026-09-09,2026-09-16,7,ordinary,-1.0,1,2026-09-16,7,7,0,1,0,0,1,1,0,1,Wednesday,Wednesday,4.0,8.0,12.0,8.0,7.0,6.0,7.0,0.0,2.0,3.0,0.6,0.0,1.0,0.0,0.0,6.0,,0.011459453410943524,0
83716,The Uprising,AMC Factoria 8,2026-09-10,2026-09-17,7,ordinary,0.0,1,2026-09-15,7,5,1,0,0,-2,2,1,0,1,Thursday,Thursday,3.0,6.0,9.0,8.0,7.0,0.0,1.0,0.0,0.0,1.0,0.2,0.0,0.0,1.0,0.0,6.0,,0.011367956366968385,0
83716,The Uprising,AMC Kent Station 14,2026-09-09,2026-09-16,7,ordinary,-1.0,1,2026-09-15,8,6,1,0,0,-1,2,1,0,1,Wednesday,Wednesday,4.0,8.0,12.0,8.0,7.0,6.0,7.0,0.0,2.0,3.0,0.6,0.0,1.0,0.0,0.0,6.0,,0.011513709760917533,0
83716,The Uprising,AMC Pacific Place 11,2026-09-10,2026-09-17,7,ordinary,0.0,1,2026-09-16,6,6,1,0,0,-1,1,1,0,1,Thursday,Thursday,2.0,4.0,7.0,8.0,7.0,7.0,8.0,0.0,0.0,1.0,0.2,0.0,0.0,1.0,0.0,6.0,,0.011398365513582705,0
83716,The Uprising,AMC Southcenter 16,2026-09-09,2026-09-16,7,ordinary,-1.0,1,2026-09-16,7,7,0,1,0,0,1,1,0,1,Wednesday,Wednesday,3.0,7.0,10.0,8.0,7.0,6.0,7.0,0.0,2.0,3.0,0.6,0.0,1.0,0.0,0.0,6.0,,0.011506635656304675,0
83716,The Uprising,AMC Woodinville 12,2026-09-09,2026-09-16,7,ordinary,-1.0,1,2026-09-15,7,6,1,0,0,-1,1,1,0,1,Wednesday,Wednesday,4.0,8.0,12.0,8.0,7.0,6.0,7.0,0.0,2.0,3.0,0.6,0.0,1.0,0.0,0.0,6.0,,0.011485742874983874,0
84821,The Uprising: Early Access Live Q&A with Paul Greengrass and Andrew Garfield,AMC Alderwood Mall 16,2026-08-27,2026-09-03,7,special_event,-7.0,0,,0,,0,0,0,,0,1,0,1,Thursday,Thursday,1.0,1.0,1.0,7.0,6.0,0.0,1.0,0.0,0.0,6.0,1.0,1.0,1.0,1.0,0.0,7.0,,0.18651899279008985,0
84821,The Uprising: Early Access Live Q&A with Paul Greengrass and Andrew Garfield,AMC Factoria 8,2026-08-27,2026-09-03,7,special_event,-7.0,0,,0,,0,0,0,,0,1,0,1,Thursday,Thursday,1.0,1.0,1.0,7.0,6.0,0.0,1.0,0.0,0.0,6.0,1.0,1.0,1.0,1.0,0.0,7.0,,0.18651899279008985,0
84821,The Uprising: Early Access Live Q&A with Paul Greengrass and Andrew Garfield,AMC Kent Station 14,2026-08-27,2026-09-03,7,special_event,-7.0,0,,0,,0,0,0,,0,1,0,1,Thursday,Thursday,1.0,1.0,1.0,7.0,6.0,0.0,1.0,0.0,0.0,6.0,1.0,1.0,1.0,1.0,0.0,7.0,,0.18651899279008985,0
84821,The Uprising: Early Access Live Q&A with Paul Greengrass and Andrew Garfield,AMC Oak Tree 6,2026-08-27,2026-09-03,7,special_event,-7.0,0,,0,,0,0,0,,0,1,0,1,Thursday,Thursday,1.0,1.0,1.0,7.0,6.0,0.0,1.0,0.0,0.0,6.0,1.0,1.0,1.0,1.0,0.0,7.0,,0.18651899279008985,0
84821,The Uprising: Early Access Live Q&A with Paul Greengrass and Andrew Garfield,AMC Pacific Place 11,2026-08-27,2026-09-03,7,special_event,-7.0,0,,0,,0,0,0,,0,1,0,1,Thursday,Thursday,1.0,1.0,1.0,7.0,6.0,0.0,1.0,0.0,0.0,6.0,1.0,1.0,1.0,1.0,0.0,7.0,,0.18651899279008985,0
84821,The Uprising: Early Access Live Q&A with Paul Greengrass and Andrew Garfield,AMC Southcenter 16,2026-08-27,2026-09-03,7,special_event,-7.0,0,,0,,0,0,0,,0,1,0,1,Thursday,Thursday,1.0,1.0,1.0,7.0,6.0,0.0,1.0,0.0,0.0,6.0,1.0,1.0,1.0,1.0,0.0,7.0,,0.18651899279008985,0
84821,The Uprising: Early Access Live Q&A with Paul Greengrass and Andrew Garfield,AMC Woodinville 12,2026-08-27,2026-09-03,7,special_event,-7.0,0,,0,,0,0,0,,0,1,0,1,Thursday,Thursday,1.0,1.0,1.0,7.0,6.0,0.0,1.0,0.0,0.0,6.0,1.0,1.0,1.0,1.0,0.0,7.0,,0.18651899279008985,0
83100,The Weight,AMC Alderwood Mall 16,2026-09-16,2026-09-23,7,ordinary,-1.0,1,2026-09-23,7,7,0,1,0,0,1,1,0,1,Wednesday,Wednesday,4.0,8.0,12.0,14.0,13.0,0.0,1.0,0.0,1.0,5.0,0.8333333333333334,0.0,1.0,0.0,0.0,7.0,,0.011131900311074281,0
83100,The Weight,AMC Factoria 8,2026-09-16,2026-09-23,7,ordinary,-1.0,1,2026-09-22,8,6,1,0,0,-1,2,1,0,1,Wednesday,Wednesday,3.0,6.0,9.0,2.0,1.0,0.0,1.0,0.0,1.0,5.0,0.8333333333333334,0.0,1.0,0.0,0.0,7.0,,0.011076857375746705,0
83100,The Weight,AMC Kent Station 14,2026-09-16,2026-09-23,7,ordinary,-1.0,1,2026-09-22,7,6,1,0,0,-1,1,1,0,1,Wednesday,Wednesday,4.0,8.0,12.0,14.0,13.0,0.0,1.0,0.0,1.0,5.0,0.8333333333333334,0.0,1.0,0.0,0.0,7.0,,0.011065807424729342,0
83100,The Weight,AMC Oak Tree 6,2026-09-16,2026-09-23,7,ordinary,-1.0,0,,0,,0,0,0,,0,1,0,1,Wednesday,Wednesday,3.0,6.0,9.0,1.0,0.0,0.0,1.0,0.0,1.0,5.0,0.8333333333333334,0.0,1.0,0.0,0.0,7.0,,0.01073520821071905,0
83100,The Weight,AMC Pacific Place 11,2026-09-17,2026-09-24,7,ordinary,0.0,0,,0,,0,0,0,,0,1,0,1,Thursday,Thursday,1.0,3.0,5.0,15.0,14.0,0.0,1.0,0.0,0.0,0.0,0.0,0.0,0.0,1.0,0.0,7.0,,0.011039709902456759,0
83100,The Weight,AMC Southcenter 16,2026-09-16,2026-09-23,7,ordinary,-1.0,1,2026-09-23,8,7,0,1,0,0,2,1,0,1,Wednesday,Wednesday,4.0,8.0,12.0,14.0,13.0,0.0,1.0,0.0,1.0,5.0,0.8333333333333334,0.0,1.0,0.0,0.0,7.0,,0.011127770633239753,0
83100,The Weight,AMC Woodinville 12,2026-09-16,2026-09-23,7,ordinary,-1.0,1,2026-09-22,8,6,1,0,0,-1,3,1,0,1,Wednesday,Wednesday,4.0,8.0,12.0,14.0,13.0,0.0,1.0,0.0,1.0,5.0,0.8333333333333334,0.0,1.0,0.0,0.0,7.0,,0.011076857375746705,0
84856,The Weight Early Access,AMC Alderwood Mall 16,2026-09-09,2026-09-16,7,special_event,-7.0,0,,0,,0,0,0,,0,1,0,1,Wednesday,Wednesday,1.0,1.0,1.0,8.0,7.0,0.0,1.0,0.0,0.0,3.0,1.0,1.0,1.0,1.0,0.0,4.0,,0.10472475032022596,0
84856,The Weight Early Access,AMC Kent Station 14,2026-09-09,2026-09-16,7,special_event,-7.0,0,,0,,0,0,0,,0,1,0,1,Wednesday,Wednesday,1.0,1.0,1.0,8.0,7.0,0.0,1.0,0.0,0.0,3.0,1.0,1.0,1.0,1.0,0.0,4.0,,0.10472475032022596,0
84856,The Weight Early Access,AMC Southcenter 16,2026-09-09,2026-09-16,7,special_event,-7.0,0,,0,,0,0,0,,0,1,0,1,Wednesday,Wednesday,1.0,1.0,1.0,8.0,7.0,0.0,1.0,0.0,0.0,3.0,1.0,1.0,1.0,1.0,0.0,4.0,,0.10472475032022596,0
84856,The Weight Early Access,AMC Woodinville 12,2026-09-09,2026-09-16,7,special_event,-7.0,0,,0,,0,0,0,,0,1,0,1,Wednesday,Wednesday,1.0,1.0,1.0,8.0,7.0,0.0,1.0,0.0,0.0,3.0,1.0,1.0,1.0,1.0,0.0,4.0,,0.10472475032022596,0
83781,The Wrong Girls,AMC Alderwood Mall 16,2026-08-12,2026-08-19,7,ordinary,-1.0,0,,0,,0,0,0,,0,1,0,1,Wednesday,Wednesday,2.0,4.0,6.0,1.0,0.0,0.0,1.0,0.0,1.0,2.0,0.6666666666666666,0.0,1.0,0.0,0.0,4.0,,0.014320465783591375,0
83781,The Wrong Girls,AMC Kent Station 14,2026-08-12,2026-08-19,7,ordinary,-1.0,1,2026-08-18,1,6,1,0,0,-1,1,1,0,1,Wednesday,Wednesday,2.0,4.0,6.0,2.0,1.0,0.0,1.0,0.0,1.0,2.0,0.6666666666666666,0.0,1.0,0.0,0.0,4.0,,0.017441213760458128,0
83781,The Wrong Girls,AMC Pacific Place 11,2026-08-13,2026-08-20,7,ordinary,0.0,1,2026-08-18,6,5,1,0,0,-2,2,1,0,1,Thursday,Thursday,1.0,4.0,7.0,8.0,7.0,1.0,2.0,0.0,0.0,0.0,0.0,0.0,0.0,1.0,0.0,4.0,,0.01589015293702182,0
83781,The Wrong Girls,AMC Southcenter 16,2026-08-12,2026-08-19,7,ordinary,-1.0,0,,0,,0,0,0,,0,1,0,1,Wednesday,Wednesday,5.0,10.0,15.0,8.0,7.0,0.0,1.0,0.0,1.0,2.0,0.6666666666666666,0.0,1.0,0.0,0.0,4.0,,0.016973139569354253,0
84336,Tiny Fugitives,AMC Alderwood Mall 16,2026-09-16,2026-09-23,7,ordinary,-1.0,0,,0,,0,0,0,,0,1,0,1,Wednesday,Wednesday,1.0,2.0,3.0,1.0,0.0,0.0,1.0,0.0,0.0,1.0,1.0,1.0,1.0,1.0,0.0,2.0,,0.06275226202335016,0
84336,Tiny Fugitives,AMC Southcenter 16,2026-09-16,2026-09-23,7,ordinary,-1.0,0,,0,,0,0,0,,0,1,0,1,Wednesday,Wednesday,2.0,4.0,6.0,1.0,0.0,0.0,1.0,0.0,0.0,1.0,1.0,1.0,1.0,1.0,0.0,2.0,,0.06275226202335016,0
title:to-wong-foo-thanks-for-everything-julie-newmar,"To Wong Foo, Thanks for Everything, Julie Newmar",AMC Alderwood Mall 16,2026-06-29,2026-06-30,1,ordinary_title_only,0.0,0,,0,,0,0,0,,0,1,1,1,Tuesday,Monday,1.0,2.0,2.0,1.0,0.0,0.0,1.0,0.0,0.0,1.0,1.0,1.0,1.0,1.0,0.0,2.0,,0.9427647821109613,1
83939,"To Wong Foo, Thanks for Everything, Julie Newmar",AMC Alderwood Mall 16,2026-06-29,2026-07-01,2,ordinary_title_only,-2.0,0,,0,,0,0,0,,0,1,1,1,Wednesday,Monday,1.0,1.0,1.0,1.0,0.0,0.0,1.0,0.0,0.0,1.0,1.0,1.0,1.0,1.0,0.0,2.0,,0.9365765234885287,1
title:to-wong-foo-thanks-for-everything-julie-newmar,"To Wong Foo, Thanks for Everything, Julie Newmar",AMC Southcenter 16,2026-06-29,2026-06-30,1,ordinary_title_only,0.0,0,,0,,0,0,0,,0,1,1,1,Tuesday,Monday,1.0,2.0,2.0,1.0,0.0,0.0,1.0,0.0,0.0,1.0,1.0,1.0,1.0,1.0,0.0,2.0,,0.9427647821109613,1
83939,"To Wong Foo, Thanks for Everything, Julie Newmar",AMC Southcenter 16,2026-06-29,2026-07-01,2,ordinary_title_only,-2.0,0,,0,,0,0,0,,0,1,1,1,Wednesday,Monday,1.0,1.0,1.0,1.0,0.0,0.0,1.0,0.0,0.0,1.0,1.0,1.0,1.0,1.0,0.0,2.0,,0.9365765234885287,1
83488,Tom and Jerry: The Forbidden Compass,AMC Southcenter 16,2026-09-02,2026-09-09,7,ordinary,-1.0,0,,0,,0,0,0,,0,1,0,1,Wednesday,Wednesday,1.0,2.0,3.0,1.0,0.0,0.0,1.0,0.0,0.0,0.0,,0.0,1.0,1.0,1.0,1.0,,0.21286095500206303,0
83859,Tony,AMC Alderwood Mall 16,2026-08-19,2026-08-26,7,ordinary,-1.0,1,2026-08-26,15,7,0,1,0,0,4,1,0,1,Wednesday,Wednesday,5.0,10.0,15.0,8.0,7.0,6.0,7.0,0.0,1.0,3.0,0.75,0.0,1.0,0.0,0.0,5.0,,0.0121539970011634,0
83859,Tony,AMC Kent Station 14,2026-08-19,2026-08-26,7,ordinary,-1.0,1,2026-08-25,8,6,1,0,0,-1,2,1,0,1,Wednesday,Wednesday,5.0,10.0,15.0,8.0,7.0,6.0,7.0,0.0,1.0,3.0,0.75,0.0,1.0,0.0,0.0,5.0,,0.012082419336469842,0
83859,Tony,AMC Pacific Place 11,2026-08-20,2026-08-27,7,ordinary,0.0,1,2026-08-25,14,5,1,0,0,-2,5,1,0,1,Thursday,Thursday,3.0,7.0,11.0,8.0,7.0,7.0,8.0,0.0,0.0,0.0,0.0,0.0,0.0,1.0,0.0,5.0,,0.011924504416773596,0
83859,Tony,AMC Southcenter 16,2026-08-19,2026-08-26,7,ordinary,-1.0,1,2026-08-25,13,6,1,0,0,-1,3,1,0,1,Wednesday,Wednesday,5.0,11.0,16.0,8.0,7.0,6.0,7.0,0.0,1.0,3.0,0.75,0.0,1.0,0.0,0.0,5.0,,0.01207082545427283,0
83859,Tony,AMC Woodinville 12,2026-08-19,2026-08-26,7,ordinary,-1.0,1,2026-08-26,14,7,0,1,0,0,2,1,0,1,Wednesday,Wednesday,5.0,10.0,15.0,8.0,7.0,6.0,7.0,0.0,1.0,3.0,0.75,0.0,1.0,0.0,0.0,5.0,,0.012082419336469842,0
title:toy-story-5,Toy Story 5,AMC Alderwood Mall 16,2026-06-29,2026-07-02,3,ordinary_title_only,0.0,0,,0,,0,0,0,,0,1,1,1,Thursday,Monday,4.0,4.0,20.0,1.0,0.0,0.0,1.0,0.0,2.0,0.0,0.0,0.0,0.0,0.0,0.0,7.0,,0.11750626568085411,1
72482,Toy Story 5,AMC Alderwood Mall 16,2026-06-29,2026-07-02,3,ordinary,-2.0,1,2026-07-01,56,2,1,0,0,-1,10,1,1,1,Thursday,Monday,1.0,18.0,18.0,1.0,0.0,0.0,1.0,0.0,5.0,0.0,0.0,0.0,0.0,0.0,0.0,7.0,,0.014955282466938745,0
title:toy-story-5,Toy Story 5,AMC Factoria 8,2026-06-29,2026-06-30,1,ordinary_title_only,0.0,0,,0,,0,0,0,,0,1,1,1,Tuesday,Monday,14.0,27.0,27.0,1.0,0.0,0.0,1.0,0.0,3.0,3.0,0.5,0.0,1.0,0.0,0.0,7.0,,0.6494089477887386,1
72482,Toy Story 5,AMC Factoria 8,2026-07-02,2026-07-09,7,ordinary,1.0,1,2026-07-07,28,5,1,0,0,-2,5,1,0,1,Thursday,Thursday,1.0,11.0,21.0,4.0,3.0,0.0,1.0,0.0,4.0,0.0,0.0,0.0,0.0,0.0,0.0,7.0,0.1,0.01146524833257901,0
title:toy-story-5,Toy Story 5,AMC Kent Station 14,2026-06-29,2026-06-30,1,ordinary_title_only,0.0,0,,0,,0,0,0,,0,1,1,1,Tuesday,Monday,20.0,39.0,39.0,1.0,0.0,0.0,1.0,0.0,3.0,3.0,0.5,0.0,1.0,0.0,0.0,7.0,,0.6414307974640396,1
72482,Toy Story 5,AMC Kent Station 14,2026-07-08,2026-07-15,7,ordinary,7.0,1,2026-07-14,57,6,1,0,0,-1,10,1,0,1,Wednesday,Wednesday,8.0,16.0,24.0,8.0,7.0,2.0,3.0,0.0,3.0,3.0,0.5,0.0,1.0,0.0,0.0,7.0,0.4444444444444444,0.011710200898427215,0
title:toy-story-5,Toy Story 5,AMC Oak Tree 6,2026-06-29,2026-06-30,1,ordinary_title_only,0.0,0,,0,,0,0,0,,0,1,1,1,Tuesday,Monday,8.0,14.0,14.0,1.0,0.0,0.0,1.0,0.0,3.0,3.0,0.5,0.0,1.0,0.0,0.0,7.0,,0.6434933518947211,1
72482,Toy Story 5,AMC Oak Tree 6,2026-06-29,2026-07-01,2,ordinary,-2.0,1,2026-06-30,28,1,1,0,0,-1,7,1,1,1,Wednesday,Monday,5.0,5.0,5.0,1.0,0.0,0.0,1.0,0.0,6.0,0.0,0.0,0.0,1.0,0.0,0.0,7.0,,0.01917500445301402,0
title:toy-story-5,Toy Story 5,AMC Pacific Place 11,2026-06-29,2026-07-06,7,ordinary_title_only,0.0,0,,0,,0,0,0,,0,1,0,1,Monday,Monday,1.0,1.0,1.0,1.0,0.0,0.0,1.0,0.0,1.0,0.0,0.0,0.0,0.0,0.0,0.0,7.0,,0.014945033326307346,0
72482,Toy Story 5,AMC Pacific Place 11,2026-07-09,2026-07-16,7,ordinary,8.0,1,2026-07-14,21,5,1,0,0,-2,6,1,0,1,Thursday,Thursday,2.0,6.0,11.0,8.0,7.0,3.0,4.0,0.0,1.0,1.0,0.16666666666666666,0.0,0.0,0.0,0.0,7.0,0.42857142857142855,0.011822959472617266,0
title:toy-story-5,Toy Story 5,AMC Southcenter 16,2026-06-29,2026-06-30,1,ordinary_title_only,0.0,0,,0,,0,0,0,,0,1,1,1,Tuesday,Monday,15.0,29.0,29.0,1.0,0.0,0.0,1.0,0.0,3.0,3.0,0.5,0.0,1.0,0.0,0.0,7.0,,0.6180414727871821,1
72482,Toy Story 5,AMC Southcenter 16,2026-07-09,2026-07-16,7,ordinary,8.0,1,2026-07-15,28,6,1,0,0,-1,7,1,0,1,Thursday,Thursday,2.0,11.0,20.0,2.0,1.0,3.0,4.0,1.0,1.0,1.0,0.16666666666666666,0.0,0.0,0.0,0.0,7.0,0.18181818181818182,0.011487234892148717,0
72482,Toy Story 5,AMC Southcenter 16,2026-09-02,2026-09-09,7,ordinary,-2.0,0,,0,,0,0,0,,0,1,0,1,Wednesday,Wednesday,1.0,2.0,3.0,1.0,0.0,11.0,1.0,1.0,0.0,1.0,1.0,1.0,1.0,1.0,0.0,2.0,0.5,0.08147527612081333,0
title:toy-story-5,Toy Story 5,AMC Woodinville 12,2026-07-01,2026-07-08,7,ordinary_title_only,2.0,0,,0,,0,0,0,,0,1,0,1,Wednesday,Wednesday,2.0,4.0,6.0,3.0,2.0,0.0,1.0,0.0,0.0,0.0,0.0,0.0,0.0,1.0,0.0,3.0,0.14285714285714285,0.2927007745608123,0
72482,Toy Story 5,AMC Woodinville 12,2026-07-15,2026-07-22,7,ordinary,14.0,1,2026-07-21,36,6,1,0,0,-1,7,1,0,1,Wednesday,Wednesday,6.0,13.0,21.0,8.0,7.0,5.0,6.0,0.0,1.0,5.0,0.8333333333333334,0.0,1.0,0.0,0.0,7.0,0.6428571428571428,0.010804846857977491,0
83345,Train to Busan - 10th Anniversary Remastered & Revived,AMC Alderwood Mall 16,2026-08-13,2026-08-20,7,rerelease,-1.0,0,,0,,0,0,0,,0,1,0,1,Thursday,Thursday,2.0,6.0,9.0,8.0,7.0,6.0,7.0,0.0,0.0,1.0,1.0,1.0,1.0,1.0,0.0,2.0,,0.6092083921765301,0
83345,Train to Busan - 10th Anniversary Remastered & Revived,AMC Southcenter 16,2026-08-13,2026-08-20,7,rerelease,0.0,0,,0,,0,0,0,,0,1,0,1,Thursday,Thursday,2.0,4.0,7.0,8.0,7.0,6.0,7.0,0.0,0.0,1.0,1.0,1.0,1.0,1.0,0.0,2.0,,0.6010641104778887,0
82606,Tuner,AMC Alderwood Mall 16,2026-07-01,2026-07-08,7,ordinary_title_only,-2.0,1,2026-07-08,1,7,0,1,0,0,1,1,0,1,Wednesday,Wednesday,1.0,2.0,3.0,1.0,0.0,0.0,1.0,0.0,0.0,0.0,,0.0,1.0,1.0,1.0,1.0,,0.5468122505382653,0
84280,Twenty Years of the Met in Cinemas: An Anniversary Celebration,AMC Alderwood Mall 16,2026-09-12,2026-09-19,7,rerelease,-7.0,0,,0,,0,0,0,,0,1,0,1,Saturday,Saturday,1.0,1.0,1.0,10.0,9.0,0.0,1.0,0.0,0.0,2.0,1.0,1.0,1.0,1.0,0.0,3.0,,0.6048874866509324,0
84280,Twenty Years of the Met in Cinemas: An Anniversary Celebration,AMC Kent Station 14,2026-09-12,2026-09-19,7,rerelease,-7.0,0,,0,,0,0,0,,0,1,0,1,Saturday,Saturday,1.0,1.0,1.0,10.0,9.0,0.0,1.0,0.0,0.0,2.0,1.0,1.0,1.0,1.0,0.0,3.0,,0.6048874866509324,0
84280,Twenty Years of the Met in Cinemas: An Anniversary Celebration,AMC Oak Tree 6,2026-09-16,2026-09-19,3,rerelease,-3.0,0,,0,,0,0,0,,0,1,1,1,Saturday,Wednesday,1.0,1.0,1.0,1.0,0.0,0.0,1.0,0.0,0.0,3.0,1.0,1.0,1.0,1.0,0.0,4.0,,0.9430122325128454,1
84280,Twenty Years of the Met in Cinemas: An Anniversary Celebration,AMC Southcenter 16,2026-09-12,2026-09-19,7,rerelease,-7.0,0,,0,,0,0,0,,0,1,0,1,Saturday,Saturday,1.0,1.0,1.0,10.0,9.0,0.0,1.0,0.0,0.0,2.0,1.0,1.0,1.0,1.0,0.0,3.0,,0.6048874866509324,0
83688,UFC 329: McGregor vs Holloway,AMC Alderwood Mall 16,2026-07-04,2026-07-11,7,special_event_title_only,-7.0,0,,0,,0,0,0,,0,1,0,1,Saturday,Saturday,1.0,1.0,1.0,4.0,3.0,0.0,1.0,0.0,0.0,0.0,,0.0,1.0,1.0,1.0,1.0,,0.3480722857315125,0
84544,Virginia Woolf's Night & Day,AMC Southcenter 16,2026-09-02,2026-09-09,7,ordinary,-1.0,0,,0,,0,0,0,,0,1,0,1,Wednesday,Wednesday,1.0,3.0,4.0,1.0,0.0,0.0,1.0,0.0,0.0,0.0,,0.0,1.0,1.0,1.0,1.0,,0.19907570237611447,0
title:welcome-to-the-jungle,Welcome To The Jungle,AMC Southcenter 16,2026-06-29,2026-06-30,1,ordinary_title_only,0.0,0,,0,,0,0,0,,0,1,1,1,Tuesday,Monday,2.0,3.0,3.0,1.0,0.0,0.0,1.0,0.0,0.0,0.0,,0.0,1.0,1.0,1.0,1.0,,0.9421429985907783,1
84039,Wet Hot American Summer: 25th Anniversary,AMC Alderwood Mall 16,2026-08-10,2026-08-17,7,rerelease,-4.0,1,2026-08-12,2,2,1,0,0,-5,1,1,0,1,Monday,Monday,1.0,3.0,4.0,8.0,7.0,3.0,4.0,0.0,0.0,1.0,1.0,1.0,1.0,1.0,0.0,2.0,,0.6958380075045155,0
84039,Wet Hot American Summer: 25th Anniversary,AMC Southcenter 16,2026-08-10,2026-08-17,7,rerelease,-4.0,1,2026-08-12,2,2,1,0,0,-5,1,1,0,1,Monday,Monday,1.0,3.0,4.0,8.0,7.0,3.0,4.0,0.0,0.0,1.0,1.0,1.0,1.0,1.0,0.0,2.0,,0.6958380075045155,0
84099,WHAM! 10 Days In China,AMC Alderwood Mall 16,2026-07-21,2026-07-28,7,special_event,-7.0,0,,0,,0,0,0,,0,1,0,1,Tuesday,Tuesday,1.0,1.0,1.0,8.0,7.0,0.0,1.0,0.0,0.0,1.0,1.0,1.0,1.0,1.0,0.0,2.0,,0.11295828118895614,0
84099,WHAM! 10 Days In China,AMC Southcenter 16,2026-07-21,2026-07-28,7,special_event,-7.0,0,,0,,0,0,0,,0,1,0,1,Tuesday,Tuesday,1.0,1.0,1.0,8.0,7.0,0.0,1.0,0.0,0.0,1.0,1.0,1.0,1.0,1.0,0.0,2.0,,0.11295828118895614,0
82774,Willy Wonka & the Chocolate Factory 55th Anniversary,AMC Alderwood Mall 16,2026-07-29,2026-08-05,7,special_event,-4.0,0,,0,,0,0,0,,0,1,0,1,Wednesday,Wednesday,1.0,1.0,1.0,8.0,7.0,1.0,2.0,0.0,0.0,3.0,1.0,1.0,1.0,1.0,0.0,4.0,,0.4760966496933964,0
82774,Willy Wonka & the Chocolate Factory 55th Anniversary,AMC Kent Station 14,2026-07-29,2026-08-05,7,special_event,-4.0,0,,0,,0,0,0,,0,1,0,1,Wednesday,Wednesday,1.0,1.0,1.0,8.0,7.0,1.0,2.0,0.0,0.0,3.0,1.0,1.0,1.0,1.0,0.0,4.0,,0.4760966496933964,0
82774,Willy Wonka & the Chocolate Factory 55th Anniversary,AMC Southcenter 16,2026-07-29,2026-08-05,7,special_event,-4.0,0,,0,,0,0,0,,0,1,0,1,Wednesday,Wednesday,1.0,1.0,1.0,8.0,7.0,1.0,2.0,0.0,0.0,3.0,1.0,1.0,1.0,1.0,0.0,4.0,,0.4760966496933964,0
82774,Willy Wonka & the Chocolate Factory 55th Anniversary,AMC Woodinville 12,2026-07-29,2026-08-05,7,special_event,-4.0,0,,0,,0,0,0,,0,1,0,1,Wednesday,Wednesday,1.0,1.0,1.0,8.0,7.0,1.0,2.0,0.0,0.0,3.0,1.0,1.0,1.0,1.0,0.0,4.0,,0.4760966496933964,0
84478,Without Blood,AMC Southcenter 16,2026-09-16,2026-09-23,7,ordinary,-1.0,0,,0,,0,0,0,,0,1,0,1,Wednesday,Wednesday,1.0,3.0,5.0,1.0,0.0,0.0,1.0,0.0,0.0,0.0,,0.0,1.0,1.0,1.0,1.0,,0.18921074636766524,0
84034,WWE SummerSlam 2026,AMC Alderwood Mall 16,2026-07-26,2026-08-02,7,ambiguous_special,-6.0,0,,0,,0,0,0,,0,1,0,1,Sunday,Sunday,1.0,2.0,2.0,8.0,7.0,1.0,2.0,0.0,0.0,0.0,,0.0,1.0,1.0,1.0,1.0,,0.4083660485587691,0
84243,"You Had to Be There: How the Toronto Godspell Ignited the Comedy Revolution, Spread Love & Overalls.",AMC Pacific Place 11,2026-09-22,2026-09-25,3,ordinary,-2.0,1,2026-09-23,5,1,1,0,0,-2,1,1,1,1,Friday,Tuesday,2.0,3.0,3.0,1.0,0.0,0.0,1.0,0.0,0.0,0.0,,0.0,1.0,1.0,1.0,1.0,,0.9098716170842692,0
80772,Young Washington,AMC Alderwood Mall 16,2026-07-02,2026-07-09,7,ordinary,0.0,1,2026-07-08,20,6,1,0,0,-1,3,1,0,1,Thursday,Thursday,3.0,7.0,11.0,4.0,3.0,0.0,1.0,0.0,0.0,0.0,0.0,0.0,0.0,1.0,0.0,6.0,,0.011283380342114189,0
title:young-washington,Young Washington,AMC Alderwood Mall 16,2026-07-02,2026-07-09,7,ordinary_title_only,-4.0,0,,0,,0,0,0,,0,1,0,1,Thursday,Thursday,1.0,2.0,3.0,4.0,3.0,0.0,1.0,0.0,0.0,0.0,,0.0,1.0,1.0,1.0,1.0,,0.1238626048195217,0
80772,Young Washington,AMC Factoria 8,2026-06-29,2026-07-04,5,ordinary,-3.0,1,2026-06-30,12,1,1,0,0,-4,3,1,0,1,Saturday,Monday,1.0,1.0,1.0,1.0,0.0,0.0,1.0,0.0,4.0,1.0,0.2,0.0,1.0,0.0,0.0,6.0,,0.013772566219802324,0
80772,Young Washington,AMC Kent Station 14,2026-07-01,2026-07-08,7,ordinary,-1.0,1,2026-07-07,15,6,1,0,0,-1,3,1,0,1,Wednesday,Wednesday,4.0,9.0,13.0,3.0,2.0,0.0,1.0,0.0,1.0,4.0,0.8,0.0,1.0,0.0,0.0,6.0,,0.011394331690164966,0
80772,Young Washington,AMC Oak Tree 6,2026-07-07,2026-07-09,2,ordinary,-2.0,1,2026-07-08,6,1,1,0,0,-1,1,1,1,1,Thursday,Tuesday,2.0,2.0,2.0,1.0,0.0,0.0,1.0,0.0,4.0,1.0,0.16666666666666666,0.0,0.0,0.0,0.0,7.0,,0.017809379304759648,0
80772,Young Washington,AMC Pacific Place 11,2026-06-29,2026-07-04,5,ordinary,-3.0,1,2026-07-01,12,2,1,0,0,-3,3,1,0,1,Saturday,Monday,1.0,1.0,1.0,1.0,0.0,0.0,1.0,0.0,4.0,1.0,0.2,0.0,1.0,0.0,0.0,6.0,,0.013772566219802324,0
80772,Young Washington,AMC Southcenter 16,2026-07-01,2026-07-08,7,ordinary,-1.0,1,2026-07-07,21,6,1,0,0,-1,6,1,0,1,Wednesday,Wednesday,5.0,11.0,16.0,3.0,2.0,0.0,1.0,0.0,1.0,4.0,0.8,0.0,1.0,0.0,0.0,6.0,,0.01147193737379021,0
80772,Young Washington,AMC Woodinville 12,2026-07-01,2026-07-08,7,ordinary,-1.0,1,2026-07-07,21,6,1,0,0,-1,3,1,0,1,Wednesday,Wednesday,8.0,16.0,24.0,3.0,2.0,0.0,1.0,0.0,1.0,4.0,0.8,0.0,1.0,0.0,0.0,6.0,,0.011264372350681541,0
84259,Your Letter,AMC Alderwood Mall 16,2026-08-10,2026-08-17,7,ordinary,-7.0,0,,0,,0,0,0,,0,1,0,1,Monday,Monday,1.0,1.0,1.0,8.0,7.0,0.0,1.0,0.0,0.0,1.0,1.0,1.0,1.0,1.0,0.0,2.0,,0.02173948270636519,0
84259,Your Letter,AMC Southcenter 16,2026-08-10,2026-08-17,7,ordinary,-7.0,0,,0,,0,0,0,,0,1,0,1,Monday,Monday,1.0,1.0,1.0,8.0,7.0,0.0,1.0,0.0,0.0,1.0,1.0,1.0,1.0,1.0,0.0,2.0,,0.02173948270636519,0
83876,Your Name. 10th Anniversary,AMC Alderwood Mall 16,2026-08-12,2026-08-19,7,rerelease,-1.0,1,2026-08-19,7,7,0,1,0,0,1,1,0,1,Wednesday,Wednesday,2.0,5.0,8.0,8.0,7.0,6.0,7.0,0.0,0.0,3.0,1.0,1.0,1.0,1.0,0.0,4.0,,0.6277314222909447,0
83876,Your Name. 10th Anniversary,AMC Kent Station 14,2026-08-12,2026-08-19,7,rerelease,-1.0,1,2026-08-18,1,6,1,0,0,-1,1,1,0,1,Wednesday,Wednesday,2.0,5.0,8.0,2.0,1.0,0.0,1.0,0.0,0.0,3.0,1.0,1.0,1.0,1.0,0.0,4.0,,0.6117669269418762,0
83876,Your Name. 10th Anniversary,AMC Pacific Place 11,2026-08-11,2026-08-15,4,rerelease,-2.0,1,2026-08-12,12,1,1,0,0,-3,4,1,0,1,Saturday,Tuesday,3.0,6.0,8.0,1.0,0.0,0.0,1.0,0.0,3.0,0.0,0.0,0.0,1.0,0.0,0.0,4.0,,0.9371787343993068,0
83876,Your Name. 10th Anniversary,AMC Southcenter 16,2026-08-12,2026-08-19,7,rerelease,-1.0,1,2026-08-18,7,6,1,0,0,-1,2,1,0,1,Wednesday,Wednesday,4.0,6.0,9.0,8.0,7.0,5.0,6.0,0.0,0.0,3.0,1.0,1.0,1.0,1.0,0.0,4.0,,0.6355695150141224,0
