title,theater_name,observation_date,segment,archetype,base_p0,base_p1,base_p2,base_p3,base_expected,p0,p1,p2,p3,expected_weeks,bucket,remaining_weeks,censored,current_week_screenings,opening_week_screenings,current_over_peak,prime_share,friday_saturday_evening_share,market_theater_count,theaters_with_10plus,screening_concentration,mean_adult_price
The Odyssey,AMC Alderwood Mall 16,2026-09-08,ordinary,wide,0.11069397631613319,0.29178226804533924,0.3370427125423891,0.26048104309613856,1.747310822418533,0.004422635491715584,0.01869056732035496,0.04944369336189635,0.9274431038260331,2.8999072655222466,3,4,0,28.0,16.0,0.1830065359477124,0.21428571428571427,0.07142857142857142,7.0,7.0,0.1686746987951807,20.54375
The Hunger Games: Catching Fire (2026),AMC Alderwood Mall 16,2026-09-08,special_event,wide,0.6805082535767726,0.2853438610772423,0.03267228193746743,0.001475603408517675,0.3551152351777302,0.8231679576874302,0.16843119806594317,0.008253112853114409,0.00014773139351218064,0.18538061795270852,0,0,0,1.0,1.0,1.0,1.0,1.0,4.0,0.0,0.25,
The Hunger Games: Mockingjay - Part 1 (2026),AMC Alderwood Mall 16,2026-09-08,special_event,wide,0.6342053544664904,0.3189086846750653,0.04442127058337086,0.002464690275073481,0.41514529666702743,0.780771819842619,0.20581078336139155,0.01311065073019035,0.00030674606579909436,0.23295232301916954,0,0,0,1.0,1.0,1.0,1.0,1.0,4.0,0.0,0.25,
The Hunger Games: Mockingjay - Part 2 (2026),AMC Alderwood Mall 16,2026-09-08,special_event,wide,0.585281488415612,0.35127281021057283,0.059396988361156526,0.004048713012658642,0.4822129259708618,0.7315262150422753,0.24739297721061806,0.02045526134741497,0.0006255463996916227,0.2901801391045229,0,0,0,1.0,1.0,1.0,1.0,0.0,4.0,0.0,0.25,
The Hunger Games: The Ballad of Songbirds & Snakes (2026),AMC Alderwood Mall 16,2026-09-08,special_event,unclassified,0.6775842127736196,0.28754026469573324,0.03334901158640547,0.0015265109442417098,0.3588178207012693,0.7405256364765307,0.23995307143313954,0.01896749974444442,0.0005537923458853581,0.27954944795968445,0,0,0,1.0,1.0,1.0,1.0,0.0,3.0,0.0,0.3333333333333333,
MST3K: The RiffTrax Experiments - Sting of Death,AMC Alderwood Mall 16,2026-09-08,special_event,wide,0.6679848806004156,0.2946805051151944,0.03563095544099966,0.0017036588433903186,0.37105339252736463,0.6672002143548038,0.2982578527041421,0.03316354850851228,0.0013783844325417976,0.36872010301879204,1,1,0,2.0,2.0,1.0,1.0,0.0,4.0,0.0,0.4,18.9
PAW Patrol: The Dino Movie,AMC Alderwood Mall 16,2026-09-08,ordinary,family,0.14903371985583347,0.34656246229683724,0.3255735943475754,0.17883022349975394,1.5342003214912499,0.2940719582814937,0.4532854797624833,0.21053067450554042,0.042111887450482687,1.000682491125012,2,2,0,18.0,4.0,0.43902439024390244,0.2777777777777778,0.1111111111111111,5.0,5.0,0.2465753424657534,14.960000000000003
The End of Oak Street,AMC Alderwood Mall 16,2026-09-08,ordinary,wide,0.15719165920128253,0.35611347312105757,0.3210857372952916,0.1656091303823683,1.4951123388587457,0.30492789858988073,0.45451839602357974,0.20215625522867023,0.038397450157869335,0.9740232569545282,0,0,0,11.0,4.0,0.2972972972972973,0.5454545454545454,0.18181818181818182,6.0,5.0,0.27835051546391754,16.26
The Passion of the Christ (2026 Event),AMC Alderwood Mall 16,2026-09-08,special_event,unclassified,0.5612709753716127,0.36583693972998477,0.06779430663848263,0.005097778259919885,0.5167188877867097,0.5165773072646189,0.39713354645475396,0.08004719556982667,0.006241950710800471,0.5759537897268088,1,1,0,1.0,1.0,1.0,1.0,0.0,3.0,0.0,0.3333333333333333,18.9
Insidious: Out of the Further,AMC Alderwood Mall 16,2026-09-08,ordinary,horror,0.10930066209100972,0.28945165822125174,0.33703717589429283,0.2642105037934457,1.7561575213901746,0.1251123982630306,0.33346800387163666,0.34208912819819015,0.19933046966714252,1.6156376692694445,2,2,0,25.0,9.0,0.3125,0.36,0.08,5.0,5.0,0.216,15.447500000000002
Coyote vs. Acme,AMC Alderwood Mall 16,2026-09-08,ambiguous_special,wide,0.5393409786075671,0.37829838654901676,0.07610737014632087,0.006253264697095246,0.5492729209329442,0.4605484796000899,0.4241104596632977,0.10508457575099274,0.010256484985619763,0.6650490661221424,3,4,0,32.0,6.0,0.5818181818181818,0.40625,0.125,7.0,7.0,0.19696969696969696,17.5475
The Dog Stars,AMC Alderwood Mall 16,2026-09-08,ordinary,wide,0.10474194062299333,0.281643173327018,0.3367390549224222,0.27687583112756653,1.7857487765545619,0.0776792344822814,0.24550715138336351,0.34021473174287037,0.33659888239148467,1.9357332620435583,0,0,0,26.0,5.0,0.6046511627906976,0.2692307692307692,0.07692307692307693,7.0,7.0,0.15760869565217392,15.447500000000002
Mutiny,AMC Alderwood Mall 16,2026-09-08,ordinary,wide,0.7541525898252879,0.22698598566216643,0.018287922791262543,0.0005735017212831484,0.26528233640854093,0.9060426361266745,0.09174830084325171,0.0021901380174777912,1.892501259604001e-05,0.0961853519159954,0,0,0,5.0,3.0,0.125,0.0,0.0,3.0,0.0,0.45,
Tony,AMC Alderwood Mall 16,2026-09-08,ordinary,wide,0.6474259306108405,0.30959793330748625,0.04083681450561535,0.002139321576057886,0.3976895270468906,0.7955459672744092,0.1929411731742269,0.011271483604166811,0.0002413759471970916,0.21620826822415182,0,0,0,6.0,3.0,0.17142857142857143,0.16666666666666666,0.16666666666666666,4.0,1.0,0.3793103448275862,
Spa Weekend,AMC Alderwood Mall 16,2026-09-08,ordinary,wide,0.6148972699474303,0.33208803204872095,0.050002197952685415,0.0030125000511633205,0.4411299281075817,0.8887769187646685,0.10808267290917652,0.003107999330243456,3.2408995911565224e-05,0.11439589855739812,0,0,0,5.0,3.0,0.15151515151515152,0.8,0.4,1.0,0.0,1.0,16.26
Finding Emily,AMC Alderwood Mall 16,2026-09-08,ordinary,wide,0.41140247939509766,0.4313058017244243,0.13826254226233545,0.019029176618142574,0.764918416103523,0.585547787569518,0.35595500767197813,0.05523926879371388,0.003257935964790013,0.47620735315377594,0,0,0,5.0,4.0,0.15625,0.4,0.2,5.0,0.0,0.2903225806451613,13.01
Oasis: Don’t Look Back In Anger IMAX Early Access,AMC Alderwood Mall 16,2026-09-08,special_event,unclassified,0.7962699887679647,0.19125673787229888,0.012173647482605467,0.0002996258771309096,0.21650291046890255,0.7695615304842223,0.2154587507764127,0.014615053353093469,0.0003646653862715868,0.2457828536414144,0,0,0,1.0,1.0,1.0,1.0,0.0,3.0,0.0,0.3333333333333333,22.56
By Any Means,AMC Alderwood Mall 16,2026-09-08,ordinary,wide,0.04559299565304972,0.15063571835305914,0.26670389534210015,0.537067390651791,2.2952456809926325,0.02919778377568717,0.11133246759448805,0.22794381542931938,0.6315259332005054,2.461797898054643,1,1,0,36.0,5.0,1.0,0.3888888888888889,0.1111111111111111,7.0,7.0,0.17289719626168223,16.46357142857143
Oasis: Don't Look Back in Anger,AMC Alderwood Mall 16,2026-09-08,ordinary,documentary,0.021941363133938692,0.07911555389849123,0.16999348523462482,0.7289495977329453,2.6059513175665767,0.01781347591901546,0.07116332734516226,0.16284586667553558,0.7481773300602867,2.6413870508770936,2,2,0,3.0,3.0,1.0,0.6666666666666666,0.0,4.0,0.0,0.25,17.276666666666667
The City on The Edge of Forever + Star Trek IV: The Voyage Home 60th Anniversary Event,AMC Alderwood Mall 16,2026-09-08,rerelease,unclassified,0.7727753254538994,0.21138163416715078,0.015407236659828606,0.0004358037191212407,0.2435035186441717,0.7969776385666675,0.1916849564991154,0.011101752577406455,0.00023565235681064897,0.21459541872436028,0,0,0,2.0,2.0,1.0,1.0,0.0,2.0,0.0,0.6,16.26
Onslaught,AMC Alderwood Mall 16,2026-09-08,ordinary,wide,0.25327868071324505,0.42633248354553793,0.2495995349573355,0.07078930078388156,1.1378994558118536,0.2614019910252005,0.44600381496493374,0.236833842018438,0.05576035199142771,1.086952554976093,1,1,0,32.0,4.0,1.0,0.4375,0.125,5.0,5.0,0.22580645161290322,15.373636363636365
Akira,AMC Alderwood Mall 16,2026-09-08,ordinary,family,0.32030820335969373,0.4411019424237594,0.198142854075759,0.04044700014078784,0.9587286509976408,0.1312156103387343,0.3424070947196162,0.3392245270443003,0.18715276789734914,1.5823144525002641,1,1,0,32.0,4.0,1.0,0.21875,0.0625,5.0,5.0,0.24806201550387597,17.637777777777778
The Uprising,AMC Alderwood Mall 16,2026-09-08,ordinary,wide,0.006685739957259647,0.02555415303867498,0.06328427946861749,0.9044758275354478,2.8655501945822532,0.006892048864672947,0.028822368945114408,0.07413650842307878,0.8901490737671338,2.8475426070926733,2,2,0,4.0,4.0,1.0,0.75,0.0,6.0,0.0,0.19047619047619047,15.447500000000002
Hope,AMC Alderwood Mall 16,2026-09-08,ordinary,wide,0.04416803355393801,0.14668476659422994,0.2625573337420538,0.5465898661097782,2.3115690324076725,0.04387098980096929,0.15777207902024826,0.28350502359309027,0.5148519075856923,2.269337848963506,3,3,0,6.0,6.0,1.0,0.3333333333333333,0.0,5.0,0.0,0.25,15.610000000000003
Cars: 20th Anniversary,AMC Alderwood Mall 16,2026-09-08,rerelease,family,0.9795993808884043,0.020292896241740938,0.000107507493749947,2.153761048551653e-07,0.020508557357555395,0.9471987181613155,0.05212661283330035,0.0006715496561487215,3.119349235417532e-06,0.05347907019330404,1,1,0,16.0,3.0,1.0,0.0,0.0,4.0,3.0,0.3389830508474576,17.26
AMC Screen Unseen: September 7,AMC Alderwood Mall 16,2026-09-08,special_event,wide,0.6942565009798349,0.27488611442228555,0.029603259819599312,0.001254124778280183,0.3378550083963247,0.7965690642511376,0.1920436207260934,0.011150039750054588,0.00023727527271440098,0.21505552604434577,0,0,0,1.0,1.0,1.0,1.0,0.0,7.0,0.0,0.2222222222222222,
Buddy,AMC Alderwood Mall 16,2026-09-08,ordinary,horror,0.16425865654193156,0.36385330009200756,0.31682051819878726,0.15506752516727368,1.462696911991403,0.04346405966037353,0.1565591616636632,0.28229760108176577,0.5176791775941976,2.2741918966097874,3,3,0,30.0,2.0,1.0,0.36666666666666664,0.13333333333333333,7.0,6.0,0.2097902097902098,15.447500000000002
Fall 2: Deadpoint,AMC Alderwood Mall 16,2026-09-08,ordinary,wide,0.36673794363849616,0.4397207661012773,0.1659719565476687,0.027569333712557927,0.8543726803342884,0.2983489682735926,0.4538375450118979,0.20720792721563305,0.04060555949887645,0.9900700779397934,1,1,0,12.0,4.0,1.0,1.0,0.3333333333333333,5.0,5.0,0.22413793103448276,16.26
The Fix,AMC Alderwood Mall 16,2026-09-08,ordinary,unclassified,0.5240822767602342,0.3864619823308868,0.08226899131671671,0.007186749592162288,0.5725602137408071,0.5868171037282311,0.35512644624606227,0.05483900144485547,0.0032174485808511262,0.4744567948783266,1,1,0,1.0,1.0,1.0,0.0,0.0,3.0,0.0,0.3333333333333333,16.26
The Odyssey,AMC Alderwood Mall 16,2026-09-15,ordinary,wide,0.2077126971119881,0.4017125869904492,0.2857312574009391,0.10484345849662369,1.2877054772821985,0.010479843931981161,0.04316734682360838,0.10671809217795342,0.8396347170664571,2.7755076823788865,3,3,0,24.0,16.0,0.1568627450980392,0.25,0.08333333333333333,7.0,7.0,0.16778523489932887,19.91
Spider-Man: Brand New Day,AMC Alderwood Mall 16,2026-09-15,ordinary,wide,0.05980397280103922,0.1877631465011275,0.2994936531799234,0.45293922751790994,2.145568135414704,2.4612389796408523e-06,1.0600376526367355e-05,2.9536147507594453e-05,0.9999574022369865,2.999941879382501,3,3,0,25.0,38.0,0.09652509652509653,0.28,0.08,7.0,7.0,0.17777777777777778,19.205000000000002
Runner,AMC Alderwood Mall 16,2026-09-15,ordinary,wide,0.22890387396316095,0.41486528829671937,0.26904525861069123,0.08718557912942845,1.214512542906387,0.24262036622998095,0.43911323721640777,0.2525689089485546,0.0656974876050567,1.141343517928687,,,1,24.0,4.0,1.0,0.375,0.16666666666666666,5.0,5.0,0.21897810218978103,15.447500000000002
PAW Patrol: The Dino Movie,AMC Alderwood Mall 16,2026-09-15,ordinary,family,0.43696838110266656,0.42383018944292666,0.12385019193327074,0.015351237521136037,0.7175842858728761,0.7620419590502618,0.22187190615295127,0.015678191345917324,0.0004079434508695675,0.25445211919739463,1,1,0,9.0,4.0,0.21951219512195122,0.1111111111111111,0.1111111111111111,2.0,0.0,0.6,14.635000000000002
Insidious: Out of the Further,AMC Alderwood Mall 16,2026-09-15,ordinary,horror,0.3206724303439795,0.4411243301326378,0.1978778373425078,0.040325402180874916,0.9578562113602782,0.32960002026997426,0.4553565291874335,0.18387888178920012,0.031164568753392113,0.9166079990260101,1,1,0,11.0,9.0,0.1375,0.2727272727272727,0.0,4.0,3.0,0.3,16.26
Coyote vs. Acme,AMC Alderwood Mall 16,2026-09-15,ambiguous_special,wide,0.5177575508791218,0.3897176579443941,0.08491637313051933,0.007608418045964749,0.582375658343327,0.46018072573738955,0.4242652001299161,0.10526478060388117,0.010289293528813184,0.665662641924118,3,3,0,28.0,6.0,0.509090909090909,0.32142857142857145,0.14285714285714285,7.0,7.0,0.1638418079096045,18.36
The Transformers: The Movie 40th Anniversary,AMC Alderwood Mall 16,2026-09-15,special_event,family,0.10727741756590402,0.2860209829208853,0.3369591145550899,0.26974248495812075,1.7691666669054276,0.05725148046915339,0.19545764162501497,0.31503099680396424,0.43225988110186747,2.122299278538546,,,1,5.0,5.0,1.0,0.6,0.0,4.0,0.0,0.3333333333333333,18.9
Juan Gabriel: Mi Primer Bellas Artes,AMC Alderwood Mall 16,2026-09-15,special_event,unclassified,0.7500129997219218,0.23041112815607234,0.01896769900536632,0.0006081731166395326,0.2701710455167236,0.733268668695902,0.24595828235372305,0.020161930327524672,0.0006111186228502623,0.2881154988773232,0,0,0,2.0,2.0,1.0,1.0,0.0,3.0,0.0,0.42857142857142855,18.9
By Any Means,AMC Alderwood Mall 16,2026-09-15,ordinary,wide,0.09739886075234837,0.26845796216703666,0.33526501911600365,0.2988781579646114,1.8356224742928782,0.08893013957142325,0.2696549759960256,0.3460260754340939,0.2953888089984573,1.8478735538595854,0,0,0,24.0,5.0,0.6666666666666666,0.2916666666666667,0.08333333333333333,7.0,7.0,0.16774193548387098,15.331428571428573
Oasis: Don't Look Back in Anger,AMC Alderwood Mall 16,2026-09-15,ordinary,documentary,0.5049779899468061,0.3960575259738593,0.09043626024900851,0.00852822383032612,0.6025147179628546,0.44190698944155166,0.43155077494829147,0.11449356087609554,0.012048674734061283,0.6966839209026664,1,1,0,25.0,4.0,1.0,0.44,0.12,4.0,4.0,0.2777777777777778,17.81833333333333
Onslaught,AMC Alderwood Mall 16,2026-09-15,ordinary,wide,0.5873906816962703,0.3499498352961536,0.05869337106020228,0.003966111947373838,0.4792349132586797,0.6985411926531079,0.2740038651605028,0.026501935277448374,0.0009530069089409524,0.3298667564422224,0,0,0,7.0,4.0,0.20588235294117646,0.14285714285714285,0.14285714285714285,5.0,0.0,0.24242424242424243,16.26
Akira,AMC Alderwood Mall 16,2026-09-15,ordinary,family,0.424252344788582,0.4277722420343703,0.13088816103811285,0.017087252138934833,0.7408103205274006,0.3645374687086963,0.45237035085471006,0.15987026802303628,0.023221912413557387,0.8417766241414548,0,0,0,10.0,4.0,0.29411764705882354,0.6,0.2,5.0,3.0,0.32727272727272727,14.635000000000002
The Uprising,AMC Alderwood Mall 16,2026-09-15,ordinary,wide,0.24128207991704947,0.42115002343914126,0.259170065585796,0.07839783105801336,1.1746836477847733,0.17606091587579703,0.3948761773807302,0.3086883119248575,0.1203745948186152,1.373376585686291,1,1,0,26.0,4.0,1.0,0.23076923076923078,0.07692307692307693,6.0,6.0,0.1836734693877551,17.81833333333333
Daniel and the Fiery Furnace,AMC Alderwood Mall 16,2026-09-15,ordinary,specialty/limited,0.13916813474999085,0.3340837855324258,0.3302423467045537,0.1965057330130296,1.584085677980622,0.16838172547051414,0.3873903973005459,0.31471160597959325,0.12951627124934678,1.4053624230077728,,,1,2.0,2.0,1.0,0.5,0.0,2.0,0.0,0.5,14.635000000000002
Hope,AMC Alderwood Mall 16,2026-09-15,ordinary,wide,0.15692032216257254,0.3558065776312343,0.3212429475481128,0.16603015265808044,1.4963829307017011,0.0950326204745312,0.28183378647576357,0.34744146261562253,0.27569213043408275,1.8037931030092569,,,1,24.0,8.0,1.0,0.25,0.08333333333333333,6.0,6.0,0.19696969696969696,15.176666666666668
Shaun the Sheep: The Beast of Mossy Bottom,AMC Alderwood Mall 16,2026-09-15,ordinary,family,0.1450822166218423,0.3416893795862853,0.3275526429803889,0.18567576081148351,1.5538219479815136,0.10257350701625406,0.29604534600039045,0.3478139117248779,0.2535672352584775,1.7523748752255788,3,3,0,2.0,2.0,1.0,0.5,0.0,2.0,0.0,0.5,16.26
Buddy,AMC Alderwood Mall 16,2026-09-15,ordinary,horror,0.09457712940108878,0.2631851764916146,0.33433587772581946,0.3079018163814771,1.855562381087685,0.05480783648276328,0.1888833994492511,0.3103428347049111,0.44596592936307455,2.147466856948297,,,1,25.0,2.0,0.7352941176470589,0.4,0.16,7.0,5.0,0.26595744680851063,15.447500000000002
Ghost in the Shell 30th Anniversary,AMC Alderwood Mall 16,2026-09-15,rerelease,family,0.6054997216233868,0.33831487600743754,0.05287164918020405,0.003313753188971584,0.45399943393476044,0.6008067870771858,0.3458409735505956,0.05055338034583648,0.0027988590263820653,0.4553443113214148,,,1,1.0,1.0,1.0,1.0,0.0,2.0,0.0,0.5,16.26
The Weight,AMC Alderwood Mall 16,2026-09-15,ordinary,wide,0.18226333126111058,0.3814739553910671,0.3047385598908646,0.13152415345695773,1.3855235355436695,0.16802385708345918,0.38702761902072513,0.31498694431168506,0.12996157958413068,1.4068862463964873,,,1,1.0,1.0,1.0,1.0,0.0,5.0,0.0,0.25,16.26
Fall 2: Deadpoint,AMC Alderwood Mall 16,2026-09-15,ordinary,wide,0.7331966839975714,0.24415645683321813,0.021880909835555667,0.0007659493336547781,0.29021612450529377,0.7980959621385572,0.19070258489211078,0.010970200196492617,0.00023125277283943512,0.21333674360361432,0,0,0,8.0,4.0,0.5714285714285714,0.25,0.25,3.0,0.0,0.34782608695652173,13.01
AMC Screen Unseen: September 14,AMC Alderwood Mall 16,2026-09-15,special_event,wide,0.7729772901702113,0.211210684976193,0.015377560696069215,0.00043446415752645555,0.2432691988409108,0.8347496714766965,0.1579886047068513,0.007143881086068229,0.0001178427303839385,0.17262989507013957,0,0,0,1.0,1.0,1.0,1.0,0.0,7.0,0.0,0.25,
The Fix,AMC Alderwood Mall 16,2026-09-15,ordinary,wide,0.6977293664566622,0.27221100137602205,0.028857023252865283,0.001202608914450501,0.33353287462510417,0.6771525680228203,0.2906708321373093,0.030947141405690486,0.0012294584341798545,0.3562534902512299,0,0,0,13.0,1.0,1.0,0.46153846153846156,0.15384615384615385,4.0,3.0,0.3409090909090909,16.26
Hanuman Ansh,AMC Alderwood Mall 16,2026-09-15,ordinary,specialty/limited,0.7305654274511088,0.24628216285565596,0.022359153453082987,0.000793256240152288,0.2933802384822788,0.782528165754646,0.20428993754137392,0.012883550102646095,0.0002983466013339767,0.23095207755066804,1,1,0,13.0,13.0,1.0,0.6923076923076923,0.38461538461538464,1.0,1.0,1.0,16.26
The Odyssey,AMC Alderwood Mall 16,2026-09-22,ordinary,wide,0.21107971635657316,0.4040153305039393,0.283113531012009,0.10179142212747852,1.2756166589103928,0.020174486020465413,0.07981312807543942,0.17832767094851848,0.7216847149555767,2.6015226148392063,,,1,24.0,16.0,0.1568627450980392,0.4166666666666667,0.16666666666666666,6.0,5.0,0.20689655172413793,16.055
Spider-Man: Brand New Day,AMC Alderwood Mall 16,2026-09-22,ordinary,wide,0.07723137876112326,0.22809380511990318,0.3231980337676408,0.37147678235133286,1.988920219709183,4.3844478753070275e-06,1.8883340362548474e-05,5.26140041044277e-05,0.9999241182076578,2.9998964659715446,,,1,24.0,38.0,0.09266409266409266,0.25,0.08333333333333333,7.0,7.0,0.16981132075471697,19.205000000000002
Runner,AMC Alderwood Mall 16,2026-09-22,ordinary,wide,0.1254583818185478,0.314940604955004,0.33497590339814964,0.2246251098282986,1.6587677412361992,0.10376517110502184,0.2982095019493595,0.34774939120217896,0.25027593574343976,1.7445360915840369,,,1,20.0,4.0,0.7407407407407407,0.45,0.15,6.0,5.0,0.225,15.176666666666668
Heaven in Stone and Glass,AMC Alderwood Mall 16,2026-09-22,special_event,documentary,0.5668987444360278,0.3625069977300456,0.06576124540154854,0.004833012432378072,0.5085285258302769,0.58325510529113,0.35744559344999066,0.055967130239977216,0.003332171018902099,0.47937636698665137,0,0,0,3.0,3.0,1.0,0.6666666666666666,0.0,4.0,0.0,0.2727272727272727,18.9
Insidious: Out of the Further,AMC Alderwood Mall 16,2026-09-22,ordinary,horror,0.4859677652889723,0.40487096893030744,0.09907962580768352,0.010081639973036778,0.6332751404647848,0.5224602727056283,0.3939385163135236,0.07768459167257452,0.005916619308273535,0.5670575575834933,0,0,0,6.0,9.0,0.075,0.3333333333333333,0.0,3.0,0.0,0.3684210526315789,16.26
Coyote vs. Acme,AMC Alderwood Mall 16,2026-09-22,ambiguous_special,wide,0.41519284098683173,0.43031188476406596,0.13605971501695274,0.01843555923214963,0.7577379924944204,0.3870209401876961,0.4481697879384454,0.14559436646432955,0.01921490540952897,0.7970032370956914,,,1,27.0,6.0,0.4909090909090909,0.2962962962962963,0.07407407407407407,7.0,7.0,0.18243243243243243,16.497500000000002
The Transformers: The Movie 40th Anniversary,AMC Alderwood Mall 16,2026-09-22,special_event,family,0.6385480423166593,0.31587537042194336,0.04322297152240327,0.0023536157389940737,0.4093821606837322,0.46741518433032564,0.4211642513646986,0.10175912494984775,0.00966143935512805,0.6536668193297782,,,1,25.0,7.0,1.0,0.48,0.2,5.0,5.0,0.2972972972972973,18.9
Practical Magic 2,AMC Alderwood Mall 16,2026-09-22,ordinary,wide,0.09802555218943942,0.26961325438781514,0.3354427111633526,0.2969184822593928,1.8312541234926987,0.03514768950668694,0.13085041089209382,0.25369469981056375,0.5803071997906555,2.379161409885188,,,1,24.0,9.0,0.43636363636363634,0.4166666666666667,0.20833333333333334,7.0,7.0,0.1696969696969697,15.447500000000002
Oasis: Don't Look Back in Anger,AMC Alderwood Mall 16,2026-09-22,ordinary,documentary,0.7169216165710742,0.257192533848324,0.02493858610076286,0.0009472634798388989,0.30991149648936644,0.7920808307106395,0.1959750611662062,0.011688447200129645,0.00025566092302465373,0.22011893833553944,0,0,0,6.0,4.0,0.23076923076923078,0.16666666666666666,0.0,4.0,0.0,0.25,16.26
Crunchyroll Anime Nights Sneak Peek - September '26,AMC Alderwood Mall 16,2026-09-22,special_event,family,0.6458021445859512,0.31075366237188345,0.0412669221887825,0.00217727085338284,0.39981931930959697,0.6902873245091299,0.28049278006639194,0.028166843545122514,0.0010530518793556692,0.339985622794704,0,0,0,1.0,1.0,1.0,1.0,0.0,2.0,0.0,0.5,
The Uprising,AMC Alderwood Mall 16,2026-09-22,ordinary,wide,0.36284845854078174,0.44014449353641466,0.16853764762473913,0.02846940029806444,0.8626279896800862,0.44284539746782875,0.43119636675991047,0.11400638238774605,0.011951853384514686,0.6950646916889466,0,0,0,9.0,4.0,0.32142857142857145,0.4444444444444444,0.1111111111111111,6.0,2.0,0.3050847457627119,16.26
Hope,AMC Alderwood Mall 16,2026-09-22,ordinary,wide,0.1408529369055747,0.3362892404587385,0.3295114444322723,0.1933463782034146,1.575351263933527,0.08233556764790034,0.25577629541715624,0.3431770555974095,0.318711081337534,1.8982636506245774,,,1,24.0,8.0,0.8571428571428571,0.25,0.08333333333333333,6.0,6.0,0.20689655172413793,16.4975
Avengers Endgame: Encore,AMC Alderwood Mall 16,2026-09-22,ambiguous_special,wide,0.05793466470772066,0.18310748482314018,0.2959764194089985,0.4629814310601407,2.1640046168215594,0.021537238661620443,0.08472791528771054,0.18675432290826566,0.7069805231424034,2.579178130531452,,,1,6.0,6.0,1.0,0.3333333333333333,0.0,7.0,0.0,0.23333333333333334,18.676666666666666
Shaun the Sheep: The Beast of Mossy Bottom,AMC Alderwood Mall 16,2026-09-22,ordinary,family,0.5306978207764753,0.38297545812690165,0.07955876927969822,0.006767951816924826,0.5623968521370726,0.5033652151492287,0.4040712771822388,0.08553175147393514,0.0070317561945973765,0.5962300487139013,,,1,15.0,2.0,1.0,0.06666666666666667,0.0,5.0,5.0,0.24285714285714285,14.635000000000002
Batman (1989),AMC Alderwood Mall 16,2026-09-22,ordinary,wide,0.3085507914272073,0.440071818901951,0.20679717494073882,0.044580214730102846,0.9874068129737371,0.5805509505751972,0.35919371607550576,0.05683374578205741,0.0034215875672396205,0.4831259703413395,0,0,0,2.0,2.0,1.0,1.0,1.0,4.0,0.0,0.25,
Batman: Mask of the Phantasm (2026BD),AMC Alderwood Mall 16,2026-09-22,ordinary,wide,0.5821249195711713,0.3532398868403322,0.0604601282033618,0.004175065385134738,0.48668533940246,0.8041000947977252,0.18541197515486185,0.010279256066026901,0.00020867398138608702,0.20659650923107392,0,0,0,1.0,1.0,1.0,0.0,0.0,4.0,0.0,0.4,
Buddy,AMC Alderwood Mall 16,2026-09-22,ordinary,horror,0.20910543023741185,0.4026751999482688,0.2846505119205307,0.10356885789378871,1.2826827974706962,0.24040646837071758,0.4381580590402266,0.2544451839348831,0.0669902886541728,1.1480192928725113,,,1,12.0,2.0,0.35294117647058826,0.5,0.16666666666666666,5.0,4.0,0.23076923076923078,16.26
The Weight,AMC Alderwood Mall 16,2026-09-22,ordinary,wide,0.5863606922351302,0.3505967439334849,0.05903629590680543,0.004006267924579441,0.48068813952083406,0.5185063228511099,0.39609295568023883,0.07926716507219739,0.006133556396453913,0.5730279550139954,,,1,24.0,1.0,1.0,0.4583333333333333,0.16666666666666666,7.0,7.0,0.16049382716049382,15.447500000000002
Forgotten Island - Friendship Opening Night Event,AMC Alderwood Mall 16,2026-09-22,special_event,wide,0.714247519014394,0.2593084878071601,0.02546398092725079,0.0009800122511951581,0.31317648641524715,0.6644020222376475,0.3003710803040539,0.03380410882938184,0.0014227886289167008,0.3722476638495677,0,0,0,1.0,1.0,1.0,1.0,0.0,4.0,0.0,0.25,22.56
AMC Screen Unseen: September 21,AMC Alderwood Mall 16,2026-09-22,special_event,wide,0.7034963561332631,0.2677396068666174,0.027643254626818298,0.0011207823733012019,0.32638846324015763,0.7917895545473098,0.19622966014063403,0.011723895321889279,0.0002568899901668846,0.22044812075491324,0,0,0,1.0,1.0,1.0,1.0,0.0,7.0,0.0,0.25,
Charlie Harper,AMC Alderwood Mall 16,2026-09-22,ordinary,specialty/limited,0.1103123467058587,0.29114648543753613,0.3370450218888811,0.2614961459677242,1.7497249671184707,0.1396131913347615,0.35394432436610507,0.3346143288734797,0.17182815542565383,1.538657448390026,,,1,2.0,2.0,1.0,0.5,0.0,2.0,0.0,0.5,16.26
Hanuman Ansh,AMC Alderwood Mall 16,2026-09-22,ordinary,specialty/limited,0.6986113873664779,0.2715294791547416,0.0286693367772939,0.001189796701486626,0.33243754281378934,0.7397961432392158,0.24055890386362158,0.01908559487338345,0.0005593580237791404,0.2804081676817259,0,0,0,12.0,15.0,0.8,0.75,0.25,1.0,1.0,1.0,16.26
Tiny Fugitives,AMC Alderwood Mall 16,2026-09-22,ordinary,specialty/limited,0.774910718852071,0.2095723389942297,0.015095144314476946,0.0004217978392224014,0.24102802114085078,0.7484965835847125,0.23330218537397407,0.017705501495804285,0.0004957295455091619,0.27020037700211014,0,0,0,6.0,2.0,1.0,0.16666666666666666,0.16666666666666666,2.0,1.0,0.6470588235294118,16.26
The Paradise (Telugu),AMC Alderwood Mall 16,2026-09-22,ambiguous_limited,wide,0.7862241025542954,0.19991991041899593,0.01350280363561048,0.0003531833910981724,0.2279850678635114,0.8703374889945278,0.12532739581648847,0.004281959252716242,5.3155936267498936e-05,0.13405078213072344,,,1,1.0,1.0,1.0,1.0,0.0,5.0,0.0,0.3333333333333333,21.0
The Odyssey,AMC Factoria 8,2026-09-08,ordinary,wide,0.2614597649389063,0.42938144383306026,0.24310148721506272,0.06605730401297068,1.1137563303020976,0.3412157156798241,0.4548759200575396,0.17565012081517492,0.02825824344746147,0.8909508920302738,2,2,0,21.0,9.0,0.2727272727272727,0.2857142857142857,0.09523809523809523,7.0,7.0,0.1686746987951807,14.355
Spider-Man: Brand New Day,AMC Factoria 8,2026-09-08,ordinary,wide,0.07655047119820879,0.2266176297543439,0.32253904856745896,0.3742928504799883,1.9945742783292266,0.0005844957698714618,0.0025110821636443992,0.0069481438200297944,0.9899562782464544,2.986276204543067,3,3,0,21.0,18.0,0.15328467153284672,0.2857142857142857,0.09523809523809523,7.0,7.0,0.23166023166023167,15.95
The End of Oak Street,AMC Factoria 8,2026-09-08,ordinary,wide,0.35596516153049274,0.4407633795074833,0.17313745565232236,0.030134003309701632,0.8774403007412329,0.6147392158862158,0.33632260238536005,0.04650940722811572,0.002428774500308414,0.4366277403425167,0,0,0,11.0,4.0,0.2558139534883721,1.0,0.36363636363636365,6.0,5.0,0.27835051546391754,14.41
Insidious: Out of the Further,AMC Factoria 8,2026-09-08,ordinary,horror,0.34279178957877815,0.44146475158595083,0.18214928434555494,0.03359417448971603,0.9065458437462087,0.4990154851831552,0.4062812504398419,0.08739243536746419,0.0073108290095387244,0.6029986082033865,0,0,0,27.0,4.0,0.6923076923076923,0.4444444444444444,0.14814814814814814,5.0,5.0,0.216,13.450000000000001
The Dog Stars,AMC Factoria 8,2026-09-08,ordinary,wide,0.2734386237068288,0.4331730170235629,0.23366217191625685,0.059726187353351404,1.079675922916131,0.3389664126625115,0.4550104097428714,0.17722446701601013,0.02879871057860701,0.8958554755107127,0,0,0,25.0,4.0,0.8064516129032258,0.48,0.16,7.0,7.0,0.15760869565217392,14.41
Practical Magic 2,AMC Factoria 8,2026-09-08,ordinary,wide,0.0300332793338783,0.10506189005412518,0.2106013741789859,0.6543034564330107,2.489175007711129,0.030346721521818207,0.11517738988718186,0.23330494227386173,0.6211709463171383,2.4453001133863204,3,3,0,4.0,4.0,1.0,0.25,0.0,7.0,0.0,0.23333333333333334,13.69
By Any Means,AMC Factoria 8,2026-09-08,ordinary,wide,0.2170249921318017,0.4078807595541181,0.27845441137012295,0.09663983694395724,1.2547090931262357,0.21154181843116074,0.42267809366096626,0.2790991732054465,0.0866809147024265,1.2409191841791387,1,1,0,32.0,4.0,1.0,0.21875,0.0625,7.0,7.0,0.17289719626168223,13.624545454545455
Coyote vs. Acme,AMC Factoria 8,2026-09-08,ambiguous_special,wide,0.8475325287229828,0.14578256322018118,0.006571190166876768,0.00011371788995925325,0.15926609722381246,0.8362360081406165,0.1566416205895374,0.007008013160846944,0.00011435810899915542,0.17100072123822874,3,3,0,27.0,5.0,0.84375,0.2222222222222222,0.07407407407407407,7.0,7.0,0.19696969696969696,13.450000000000001
Runner,AMC Factoria 8,2026-09-08,ordinary,wide,0.04783123439235571,0.156755097569445,0.2728702151550382,0.5225434528831611,2.2701258865290046,0.056599033112445796,0.19371533199246393,0.31382092483508556,0.43586471006000477,2.1289513118426493,2,2,0,5.0,5.0,1.0,0.2,0.0,5.0,0.0,0.2631578947368421,13.69
Buddy,AMC Factoria 8,2026-09-08,ordinary,horror,0.6064921468702283,0.3376632672025076,0.052563792760414015,0.0032807931668500383,0.45263323222388574,0.34942413839106906,0.45422147909921584,0.1699829926890136,0.026371389820701526,0.8733016339393477,1,1,0,27.0,2.0,1.0,0.2962962962962963,0.07407407407407407,7.0,6.0,0.2097902097902098,13.450000000000001
The Uprising,AMC Factoria 8,2026-09-08,ordinary,wide,0.045887270844294226,0.15144628119853304,0.2675384790417568,0.535127968915416,2.2919071460282945,0.0479503619481431,0.16970753054698515,0.2947299700761442,0.48761213742872755,2.2220038829854563,2,2,0,3.0,3.0,1.0,0.6666666666666666,0.0,6.0,0.0,0.19047619047619047,13.450000000000001
The Odyssey,AMC Factoria 8,2026-09-14,ordinary,wide,0.307101685669846,0.43990270961796035,0.20787682758826137,0.04511877712393221,0.9910126961662797,0.47052402437122987,0.41979533995679247,0.10027794029695282,0.009402695375024885,0.6485593066757728,1,1,0,21.0,9.0,0.2727272727272727,0.42857142857142855,0.19047619047619047,7.0,7.0,0.16778523489932887,13.956249999999999
Spider-Man: Brand New Day,AMC Factoria 8,2026-09-14,ordinary,wide,0.0647541055118956,0.199773847781215,0.30780816521593973,0.4276638814909497,2.0983818226859436,0.000546742542458702,0.002349270060850424,0.006503340341727397,0.9906006470549635,2.9871578919091957,,,1,21.0,18.0,0.15328467153284672,0.2857142857142857,0.09523809523809523,7.0,7.0,0.17777777777777778,15.949999999999998
Practical Magic 2,AMC Factoria 8,2026-09-14,ordinary,wide,0.13497072383117642,0.3284520478838384,0.3319312233236849,0.2046460049613003,1.6062525094151092,0.12326930136387072,0.33067329914058796,0.34286221532548,0.20319518417006135,1.6259832823017322,,,1,25.0,4.0,1.0,0.32,0.08,7.0,7.0,0.20512820512820512,13.450000000000001
By Any Means,AMC Factoria 8,2026-09-14,ordinary,wide,0.25463554155636864,0.42686477226442043,0.24851962930288138,0.0699800568763296,1.1338442014991719,0.2503250401606475,0.44219766786735343,0.24607113846679987,0.06140615350519921,1.1185584053165507,0,0,0,26.0,4.0,0.8125,0.38461538461538464,0.15384615384615385,7.0,7.0,0.16774193548387098,13.33
Runner,AMC Factoria 8,2026-09-14,ordinary,wide,0.453586062759026,0.418046314083562,0.1150366397105801,0.013330983446831876,0.6881125438452179,0.5035209893004219,0.40399144105032686,0.08546562664439404,0.007021943004857195,0.5959885233536865,1,1,0,27.0,5.0,1.0,0.37037037037037035,0.14814814814814814,5.0,5.0,0.21897810218978103,13.450000000000001
Buddy,AMC Factoria 8,2026-09-14,ordinary,horror,0.35769408436502825,0.4406238758269609,0.17197499770312988,0.029707042104881006,0.8736949975478636,0.23121593130054816,0.43385226921579634,0.2622684812389345,0.0726633182447211,1.1763791864278286,0,0,0,18.0,2.0,0.6,0.2777777777777778,0.1111111111111111,7.0,5.0,0.26595744680851063,14.41
The Uprising,AMC Factoria 8,2026-09-14,ordinary,wide,0.4896424175232671,0.40322686139368585,0.09736790109592103,0.009762819987126059,0.6272511235469062,0.48624870029395306,0.412547591608093,0.09301474724177602,0.008188960856177888,0.6231439686601787,1,1,0,27.0,3.0,1.0,0.25925925925925924,0.07407407407407407,6.0,6.0,0.1836734693877551,13.834
The Odyssey,AMC Factoria 8,2026-09-21,ordinary,wide,0.6710023609808504,0.2924477507827875,0.03490361080062028,0.0016462774357417927,0.3671938046912534,0.8529502399526177,0.14139013546623277,0.005579472233021316,8.015234812826101e-05,0.15278953697666017,0,0,0,6.0,9.0,0.07792207792207792,1.0,0.3333333333333333,6.0,5.0,0.20689655172413793,15.949999999999998
Spider-Man: Brand New Day,AMC Factoria 8,2026-09-21,ordinary,wide,0.2850917935505963,0.4361332335678402,0.22459592448762755,0.05417904839393595,1.0478622277249032,0.00395461434603255,0.016746057461163973,0.04453922664299555,0.9347601015498078,2.9101048153965783,,,1,22.0,18.0,0.16058394160583941,0.36363636363636365,0.09090909090909091,7.0,7.0,0.16981132075471697,15.038571428571428
Practical Magic 2,AMC Factoria 8,2026-09-21,ordinary,wide,0.26784506269048136,0.4314996553463681,0.23805679139788177,0.06259849056526887,1.0954087098379381,0.28322520844075316,0.45148442490478113,0.2190890813904011,0.046201285264064626,1.028266443477777,,,1,21.0,4.0,0.8076923076923077,0.42857142857142855,0.19047619047619047,7.0,7.0,0.1696969696969697,12.969999999999999
Coyote vs. Acme,AMC Factoria 8,2026-09-21,ambiguous_special,wide,0.7481817832167269,0.23192113534426964,0.019273066802331467,0.0006240146366719874,0.2723393128589485,0.8298324266303719,0.16243381263773746,0.007603833111153967,0.00012992762073665316,0.17803126172225534,,,1,20.0,5.0,0.625,0.3,0.1,7.0,7.0,0.18243243243243243,12.969999999999999
Resident Evil,AMC Factoria 8,2026-09-21,ordinary,wide,0.03602536777539353,0.12326005593615912,0.2352258099690359,0.6054887663194115,2.4101779748324654,0.020846900912894702,0.08224525170216813,0.1825307095120282,0.714377137872909,2.5904380843449517,,,1,55.0,8.0,1.0,0.43636363636363634,0.14545454545454545,7.0,7.0,0.2578616352201258,14.582857142857144
Runner,AMC Factoria 8,2026-09-21,ordinary,wide,0.4735876708112849,0.410192044981578,0.1049935785050427,0.01122670570209436,0.6538593190979465,0.3490611821534512,0.45425576124452866,0.17023098273202214,0.026452073869997934,0.8740739483185668,0,0,0,27.0,5.0,0.9642857142857143,0.2962962962962963,0.07407407407407407,6.0,5.0,0.225,13.33
Forgotten Island,AMC Factoria 8,2026-09-21,ordinary,family,0.060330813107160784,0.18906326178983116,0.3004462741624502,0.45015965094055793,2.1404347629364056,0.028368430971487908,0.10853397653299467,0.22395049067456196,0.6391471018209555,2.4738762633449847,,,1,3.0,3.0,1.0,0.3333333333333333,0.0,6.0,0.0,0.24,15.166666666666666
Avengers Endgame: Encore,AMC Factoria 8,2026-09-21,ambiguous_special,wide,0.38138188483678326,0.4376628301431205,0.1565307563507018,0.024424528669394402,0.8239979288527073,0.2542743536205892,0.4436379244362292,0.2427623622645372,0.05932535967864446,1.107138728001237,,,1,3.0,3.0,1.0,0.3333333333333333,0.0,7.0,0.0,0.23333333333333334,12.969999999999999
The Uprising,AMC Factoria 8,2026-09-21,ordinary,wide,0.6565279233836301,0.30305797038577476,0.03847763716380873,0.0019364690667864092,0.3858226519137514,0.7677530042571986,0.21700551241203786,0.014866745959899437,0.0003747373708640959,0.24786321644442902,0,0,0,8.0,3.0,0.2962962962962963,0.75,0.25,6.0,2.0,0.3050847457627119,14.410000000000002
Primetime,AMC Factoria 8,2026-09-21,ordinary,wide,0.051315075068571636,0.16607343045253303,0.28167226132336165,0.5009392331555337,2.2322356525658575,0.05470667492525401,0.18860836167837747,0.3101394250893604,0.4465455383070082,2.148523826778123,,,1,2.0,2.0,1.0,1.0,0.0,7.0,0.0,0.15,14.41
The Weight,AMC Factoria 8,2026-09-21,ordinary,wide,0.422291153369893,0.42834135814427793,0.13199654053561938,0.017370947950209794,0.744447283066146,0.4211738832150286,0.43880680749001943,0.1256323006927626,0.014387008602189395,0.7332324346821129,,,1,24.0,4.0,1.0,0.25,0.08333333333333333,7.0,7.0,0.16049382716049382,13.33
The Odyssey,AMC Kent Station 14,2026-09-08,ordinary,wide,0.05146041828978077,0.166456800688259,0.2820193945982618,0.5000633864236985,2.230685749155878,0.0035540642965714675,0.015075667402800091,0.04028274446294649,0.9410875238376819,2.9189037278417387,3,4,0,28.0,12.0,0.22764227642276422,0.35714285714285715,0.10714285714285714,7.0,7.0,0.1686746987951807,21.4075
The Hunger Games: Catching Fire (2026),AMC Kent Station 14,2026-09-08,special_event,wide,0.7803398564797214,0.20495418619095213,0.01431823492892387,0.00038772240040264,0.2347538232500078,0.8791028084710295,0.11715634202176933,0.003698467564129243,4.2381943071912913e-05,0.12468042297924355,0,0,0,1.0,1.0,1.0,1.0,1.0,4.0,0.0,0.25,
The Hunger Games: Mockingjay - Part 1 (2026),AMC Kent Station 14,2026-09-08,special_event,wide,0.7430420500139857,0.23614223332023754,0.020145536695251078,0.000670179970525677,0.2784438466223167,0.8476350141343608,0.14626074100865763,0.006014163683287093,9.008117369446035e-05,0.1585593118963152,0,0,0,1.0,1.0,1.0,1.0,1.0,4.0,0.0,0.25,
The Hunger Games: Mockingjay - Part 2 (2026),AMC Kent Station 14,2026-09-08,special_event,wide,0.7018310392470005,0.26903450686592223,0.02799051029062573,0.0011439435964515452,0.3284473582365284,0.809749176528523,0.1804092890801636,0.009652560815250759,0.00018897357606267827,0.20028133143885316,0,0,0,1.0,1.0,1.0,1.0,0.0,4.0,0.0,0.25,
The Hunger Games: The Ballad of Songbirds & Snakes (2026),AMC Kent Station 14,2026-09-08,special_event,unclassified,0.7780314678193695,0.20692091698764217,0.01464566947030008,0.0004019457226882611,0.2374180930963071,0.8167832348749522,0.17414687609489019,0.008903471048052936,0.0001664179821046949,0.19245307213731014,0,0,0,1.0,1.0,1.0,1.0,0.0,3.0,0.0,0.3333333333333333,
MST3K: The RiffTrax Experiments - Sting of Death,AMC Kent Station 14,2026-09-08,special_event,wide,0.7697429270988786,0.2139439776121971,0.015856799212177444,0.0004562960767468454,0.24702646426679253,0.7780941157195821,0.20812465055262488,0.013461338732913412,0.0003198949948796142,0.23600701300309054,1,1,0,1.0,1.0,1.0,1.0,0.0,4.0,0.0,0.4,18.9
PAW Patrol: The Dino Movie,AMC Kent Station 14,2026-09-08,ordinary,family,0.5254010368738214,0.3857735324258185,0.08172394649244812,0.007101484207911912,0.5705258780344504,0.7090088504036802,0.2656745184027267,0.02447946338147519,0.0008371678121178616,0.3171449486020307,0,0,0,10.0,4.0,0.20833333333333334,0.0,0.0,5.0,5.0,0.2465753424657534,13.01
The End of Oak Street,AMC Kent Station 14,2026-09-08,ordinary,wide,0.06976955259305512,0.21148571122319984,0.3148809409558773,0.4038637952278678,2.0528389788185577,0.031938493382297845,0.12044359515127621,0.24041549721492914,0.6072024142514968,2.4228818323356247,0,0,0,27.0,8.0,0.375,0.37037037037037035,0.1111111111111111,6.0,5.0,0.27835051546391754,15.331428571428573
The Passion of the Christ (2026 Event),AMC Kent Station 14,2026-09-08,special_event,unclassified,0.6913360774117103,0.27712535615711903,0.030239775785850506,0.0012987906453201237,0.3415012796647804,0.6327726409488791,0.3236208146909344,0.04159508237356399,0.0020114619866225063,0.4128453653979299,1,1,0,1.0,1.0,1.0,1.0,0.0,3.0,0.0,0.3333333333333333,18.9
Coyote vs. Acme,AMC Kent Station 14,2026-09-08,ambiguous_special,wide,0.499442478099893,0.39870174115570406,0.09289915901204279,0.008956621732360176,0.6113699243768702,0.47043644970900766,0.41983419672840305,0.1003194580020518,0.00940989556053746,0.6487027994141191,3,4,0,39.0,6.0,0.6964285714285714,0.48717948717948717,0.1794871794871795,7.0,7.0,0.19696969696969696,15.285000000000002
Insidious: Out of the Further,AMC Kent Station 14,2026-09-08,ordinary,horror,0.1230577857588252,0.31136092951122835,0.3355512086457086,0.23003007608423792,1.6725535750553593,0.17625339979065868,0.39505660474872367,0.3085347525076858,0.12015524295293183,1.3725918386228906,2,2,0,27.0,5.0,0.5510204081632653,0.37037037037037035,0.1111111111111111,5.0,5.0,0.216,15.447500000000002
Mutiny,AMC Kent Station 14,2026-09-08,ordinary,wide,0.6694216047106452,0.2936187675205385,0.035283488151601795,0.001676139617214566,0.36921416267538576,0.8771294365046827,0.11900013104204386,0.003825775798788466,4.465665448499482e-05,0.12678565260307578,0,0,0,9.0,3.0,0.2571428571428571,0.0,0.0,3.0,0.0,0.45,16.26
The Dog Stars,AMC Kent Station 14,2026-09-08,ordinary,wide,0.12194272270723337,0.3096742558346171,0.33578937590562524,0.2325936455525243,1.6790339443034406,0.09282791518334488,0.27750553618250173,0.3470542874642354,0.282612261169918,1.8194508946207266,0,0,0,26.0,4.0,0.7878787878787878,0.23076923076923078,0.07692307692307693,7.0,7.0,0.15760869565217392,15.447500000000002
By Any Means,AMC Kent Station 14,2026-09-08,ordinary,wide,0.1378595317047941,0.3323491490629414,0.3307895468000501,0.1990017724322144,1.5909335599596848,0.1384902897802787,0.35245118402119496,0.3352708033367472,0.1737877228617792,1.544355959280027,2,2,0,26.0,3.0,1.0,0.5,0.15384615384615385,7.0,7.0,0.17289719626168223,15.447500000000002
Oasis: Don't Look Back in Anger,AMC Kent Station 14,2026-09-08,ordinary,documentary,0.04007815671808861,0.135102040775205,0.24963895100828465,0.5751808514984217,2.359922497287039,0.03323339473697713,0.12467628469073687,0.24593886705441567,0.5961514535178704,2.4050083793531796,2,2,0,3.0,3.0,1.0,0.3333333333333333,0.0,4.0,0.0,0.25,17.103333333333335
Onslaught,AMC Kent Station 14,2026-09-08,ordinary,wide,0.21478750139229646,0.4064556937369147,0.2802128176573078,0.09854398721348107,1.2625132906919736,0.2419588024241483,0.4388310789681106,0.25312919245166626,0.06608092615607482,1.1433322423396675,1,1,0,35.0,3.0,1.0,0.5142857142857142,0.17142857142857143,5.0,5.0,0.22580645161290322,15.260000000000002
Hope,AMC Kent Station 14,2026-09-08,ordinary,wide,0.07843301125977302,0.23068000633949506,0.3243151095727047,0.36657187282802717,1.9790258439689858,0.0757038611046067,0.24102909748018825,0.33869328410316135,0.34457375731204376,1.9521369376226423,3,3,0,5.0,5.0,1.0,0.4,0.0,5.0,0.0,0.25,15.447500000000002
The Uprising,AMC Kent Station 14,2026-09-08,ordinary,wide,0.011215947506542675,0.04212677915922647,0.099851458108961,0.8468058152252699,2.782247141052958,0.012299181251350964,0.05027584933383339,0.12187603276720478,0.815548936647611,2.7406747248110763,2,2,0,4.0,4.0,1.0,0.5,0.0,6.0,0.0,0.19047619047619047,15.447500000000002
Buddy,AMC Kent Station 14,2026-09-08,ordinary,horror,0.19258180219067722,0.3903038370331924,0.29723445891852507,0.11987990185760537,1.3444124604430585,0.08407014643490983,0.2595011399614942,0.34407147126034315,0.31235724234325285,1.8847158095119392,2,2,0,27.0,1.0,1.0,0.4074074074074074,0.2222222222222222,7.0,6.0,0.2097902097902098,15.331428571428573
Akira,AMC Kent Station 14,2026-09-08,ordinary,family,0.47710584145126744,0.40871462400972486,0.10328972888616789,0.010889805652839802,0.6479634987405801,0.31691603322460127,0.45525375767552817,0.1931415103689739,0.03468869873089672,0.9456028746061661,1,1,0,28.0,4.0,1.0,0.35714285714285715,0.14285714285714285,5.0,5.0,0.24806201550387597,17.615000000000002
Fall 2: Deadpoint,AMC Kent Station 14,2026-09-08,ordinary,wide,0.5026579541944538,0.3971733992673533,0.09146316537930423,0.008705481158888691,0.6062161735026278,0.37307574566143814,0.45097179942298793,0.15434109315853395,0.021611361757039968,0.8244880710111757,1,1,0,12.0,4.0,1.0,0.5,0.16666666666666666,5.0,5.0,0.22413793103448276,16.26
The Sun Never Sets,AMC Kent Station 14,2026-09-08,ordinary,unclassified,0.7432082579244683,0.23600612879490812,0.0201169662063092,0.0006686470743143686,0.27824600243046965,0.7157324299831644,0.26026689575185374,0.023231822857371447,0.0007688514076103638,0.3090370956894277,0,0,0,10.0,1.0,1.0,0.2,0.2,3.0,3.0,0.40540540540540543,14.635000000000002
Cars: 20th Anniversary,AMC Kent Station 14,2026-09-08,rerelease,family,0.9052859171738235,0.09225381623705173,0.0024357519341632735,2.4514654961544634e-05,0.09719886407026292,0.8046812217354912,0.18489845246212003,0.010213746077840181,0.00020657972454862623,0.2059456837914463,1,1,0,20.0,3.0,1.0,0.15,0.0,4.0,3.0,0.3389830508474576,16.08142857142857
The Fix,AMC Kent Station 14,2026-09-08,ordinary,unclassified,0.6584635748700094,0.30165385096448266,0.037987152051481066,0.0018954221140268816,0.38331442140952543,0.6960629144990673,0.2759596049384165,0.026995268299545346,0.0009822122629708505,0.33289677832641973,1,1,0,1.0,1.0,1.0,0.0,0.0,3.0,0.0,0.3333333333333333,16.26
The Odyssey,AMC Kent Station 14,2026-09-14,ordinary,wide,0.0752532084001646,0.22378364296546474,0.32123026638523283,0.37973288224913787,2.005442822483344,0.00616986880904221,0.02588142733023438,0.06711590568394515,0.9008327981767783,2.8626116332284597,3,3,0,24.0,12.0,0.1951219512195122,0.5,0.16666666666666666,7.0,7.0,0.16778523489932887,19.855555555555554
Runner,AMC Kent Station 14,2026-09-14,ordinary,wide,0.28705393875296337,0.43656389597814677,0.22308268620709532,0.053299479061794566,1.042627705577721,0.2693823803573092,0.448308137046061,0.23026923264285787,0.05204024995377194,1.0649673521930925,,,1,30.0,5.0,1.0,0.4,0.13333333333333333,5.0,5.0,0.21897810218978103,15.260000000000002
The Passion of the Christ (2026 Event),AMC Kent Station 14,2026-09-14,special_event,wide,0.6112098761618888,0.33454631826627446,0.05111595989678788,0.003127845675048856,0.44616177508499677,0.47408991072698314,0.41819875332708256,0.0985975385949942,0.009113797350940155,0.6427352225698915,0,0,0,1.0,1.0,1.0,1.0,0.0,4.0,0.0,0.5,
Coyote vs. Acme,AMC Kent Station 14,2026-09-14,ambiguous_special,wide,0.5545429320139826,0.3697483402943419,0.07027804664004755,0.005430681051627908,0.5265964767293208,0.5402829229102746,0.38387836901271793,0.07081766978637838,0.005021038290629111,0.540576823457362,3,3,0,29.0,6.0,0.5178571428571429,0.3103448275862069,0.13793103448275862,7.0,7.0,0.1638418079096045,15.260000000000002
Insidious: Out of the Further,AMC Kent Station 14,2026-09-14,ordinary,horror,0.31275015230862935,0.44050903987357976,0.2036843155556043,0.04305649226218669,0.9770471477713485,0.457411272979473,0.42542042651906364,0.1066287801124298,0.010539520389033545,0.6702965479110238,1,1,0,12.0,5.0,0.24489795918367346,0.5,0.16666666666666666,4.0,3.0,0.3,16.26
The Transformers: The Movie 40th Anniversary,AMC Kent Station 14,2026-09-14,special_event,family,0.23085478305302745,0.4159214931041813,0.26749160482518,0.08573211901761127,1.2081010598073751,0.12435196248720333,0.3323203861066949,0.34241356082327423,0.20091409058282758,1.6198897795017262,,,1,4.0,4.0,1.0,0.5,0.0,4.0,0.0,0.3333333333333333,18.9
Practical Magic 2,AMC Kent Station 14,2026-09-14,ordinary,wide,0.046649806160359866,0.15353814578323,0.2696671458659707,0.5301449021904395,2.28330714408649,0.009918541080514792,0.04095193819531834,0.10186257019858609,0.8472669505255808,2.786477930169233,3,3,0,56.0,7.0,1.0,0.44642857142857145,0.17857142857142858,7.0,7.0,0.20512820512820512,18.237272727272728
By Any Means,AMC Kent Station 14,2026-09-14,ordinary,wide,0.10575099180256031,0.2833959769028305,0.33684334178733255,0.27400968950727655,1.7791117289993252,0.10510829632044022,0.3006226693492738,0.34763949214722395,0.24662954218306216,1.7357902801929082,1,1,0,24.0,3.0,0.8,0.375,0.08333333333333333,7.0,7.0,0.16774193548387098,14.635
Oasis: Don't Look Back in Anger,AMC Kent Station 14,2026-09-14,ordinary,documentary,0.45865173452588215,0.4161468241194922,0.11243528208217866,0.012766159272446988,0.6793158661011905,0.3639974197878556,0.45245043287467784,0.1602244502473002,0.023327697090166383,0.8428824246397774,1,1,0,24.0,4.0,1.0,0.4166666666666667,0.16666666666666666,4.0,4.0,0.2777777777777778,17.669
Hope,AMC Kent Station 14,2026-09-14,ordinary,wide,0.21272907296696675,0.40511313210683997,0.2818253566113495,0.1003324383148438,1.2697611602740704,0.12464652567757696,0.3327658320069994,0.34228878935333096,0.20029885296209274,1.6182399695999394,,,1,26.0,8.0,1.0,0.3076923076923077,0.07692307692307693,6.0,6.0,0.19696969696969696,14.960000000000003
The Uprising,AMC Kent Station 14,2026-09-14,ordinary,wide,0.23437583508905108,0.41776480907139546,0.26468403543084273,0.08317532040871078,1.1966588411592132,0.21872210298524994,0.4270782122940263,0.27295623023838816,0.08124345448233553,1.2167210362178091,1,1,0,24.0,4.0,1.0,0.25,0.08333333333333333,6.0,6.0,0.1836734693877551,15.4475
The Weight,AMC Kent Station 14,2026-09-14,ordinary,wide,0.24727900984939877,0.4238489638238604,0.25438213813810084,0.07448988818864001,1.1560829046659822,0.1977930432989754,0.41315098176851034,0.2907842133710594,0.09827176156145484,1.2895346931949938,,,1,2.0,2.0,1.0,0.5,0.0,5.0,0.0,0.25,16.26
Buddy,AMC Kent Station 14,2026-09-14,ordinary,horror,0.23505430539715025,0.4181107869873276,0.26414264838644086,0.08269225922908133,1.1944728614474533,0.2242647325453542,0.4302183249909293,0.26821117068166334,0.07730577178205317,1.1985579817004155,1,1,0,11.0,1.0,0.3793103448275862,0.45454545454545453,0.18181818181818182,7.0,5.0,0.26595744680851063,14.960000000000003
Akira,AMC Kent Station 14,2026-09-14,ordinary,family,0.4617681458038224,0.4149475768313445,0.11085451700324149,0.012429760361591607,0.6739458919226022,0.4306925371210084,0.43561421764543184,0.12042870912367562,0.013264536109884146,0.7162652442224355,0,0,0,13.0,4.0,0.4482758620689655,0.3076923076923077,0.15384615384615385,5.0,3.0,0.32727272727272727,15.610000000000003
The Fix,AMC Kent Station 14,2026-09-14,ordinary,wide,0.6324843264345328,0.320103909880522,0.04490187473339665,0.002509888951548566,0.417437326201961,0.633712578585857,0.3229473791122308,0.041348576972429794,0.001991465329482431,0.4116189290455377,0,0,0,10.0,2.0,1.0,0.6,0.2,4.0,3.0,0.3409090909090909,16.26
The Odyssey,AMC Kent Station 14,2026-09-21,ordinary,wide,0.08915221157407363,0.2527149099633121,0.331916233812014,0.32621664465060035,1.8951973115391412,0.013863119052971211,0.0562992953734161,0.1342275065899225,0.7956100789836902,2.7115845455043317,,,1,24.0,12.0,0.1951219512195122,0.4166666666666667,0.16666666666666666,6.0,5.0,0.20689655172413793,16.650000000000002
Runner,AMC Kent Station 14,2026-09-21,ordinary,wide,0.15461785153154395,0.35317286451354735,0.3225559416443519,0.1696533423105568,1.5072447747339215,0.10133429573789374,0.29377157237927076,0.3478470956144015,0.25704703626843395,1.7606068724133757,,,1,26.0,5.0,0.7647058823529411,0.2692307692307692,0.07692307692307693,6.0,5.0,0.225,15.4475
Heaven in Stone and Glass,AMC Kent Station 14,2026-09-21,special_event,documentary,0.7065349335464962,0.2653692063627664,0.027016381850022617,0.0010794782407147494,0.32264040478495587,0.6923319005369764,0.27889199124891484,0.027748585387821385,0.0010275228262874407,0.33747173050341994,0,0,0,3.0,3.0,1.0,0.6666666666666666,0.0,4.0,0.0,0.2727272727272727,18.9
Coyote vs. Acme,AMC Kent Station 14,2026-09-21,ambiguous_special,wide,0.4265866829308702,0.42708112109694557,0.12957690347054018,0.016755292501644113,0.7365008055429584,0.4711732264647714,0.4195067588197398,0.09997053682192993,0.009349477893558826,0.6474962661442761,,,1,25.0,6.0,0.44642857142857145,0.44,0.12,7.0,7.0,0.18243243243243243,14.635
The Transformers: The Movie 40th Anniversary,AMC Kent Station 14,2026-09-21,special_event,family,0.735304451837965,0.24244870725006373,0.02150223416989452,0.0007446067420767446,0.28768699581608304,0.5872579525152498,0.3548381263636475,0.054700433287832376,0.003203487833270357,0.47384945643912335,,,1,27.0,4.0,1.0,0.5185185185185185,0.14814814814814814,5.0,5.0,0.2972972972972973,18.9
Practical Magic 2,AMC Kent Station 14,2026-09-21,ordinary,wide,0.113599479330906,0.29655969779029073,0.33693337164219206,0.2529074512366113,1.7291487947845088,0.03754956169778764,0.138459031874654,0.26277100522943314,0.5612204011981253,2.3476622459278964,,,1,28.0,7.0,0.45901639344262296,0.5,0.17857142857142858,7.0,7.0,0.1696969696969697,15.510000000000002
Hope,AMC Kent Station 14,2026-09-21,ordinary,wide,0.16465121147642492,0.36426914504870433,0.31657453829196636,0.1545051051829044,1.4609335371813503,0.10729384692455432,0.30449106800641124,0.3473795836053731,0.2408355014636613,1.7217567396081415,,,1,24.0,8.0,0.8,0.2916666666666667,0.08333333333333333,6.0,6.0,0.20689655172413793,15.176666666666668
The Uprising,AMC Kent Station 14,2026-09-21,ordinary,wide,0.5014229169199246,0.397762935896358,0.09201296345873647,0.008801183724980946,0.6081924139887739,0.6287564605093925,0.32648575593755197,0.042658990938170424,0.0020987926148850955,0.4181001156585481,0,0,0,6.0,4.0,0.24,0.6666666666666666,0.16666666666666666,6.0,2.0,0.3050847457627119,16.26
Batman (1989),AMC Kent Station 14,2026-09-21,ordinary,wide,0.46239876138807356,0.4147020937019714,0.11053645269474353,0.012362692215211487,0.672863075737093,0.6964004301735804,0.2756936248332968,0.02692775161477479,0.0009781933783479893,0.3324837081978903,0,0,0,2.0,2.0,1.0,1.0,1.0,4.0,0.0,0.25,
Batman: Mask of the Phantasm (2026BD),AMC Kent Station 14,2026-09-21,ordinary,wide,0.3107250684661975,0.4403079503437699,0.2051824804137251,0.043784500776307536,0.9820264135001427,0.5426066585278213,0.38252583336382523,0.06995391437587054,0.004913593732482927,0.5371744433130151,0,0,0,2.0,2.0,1.0,0.5,0.5,4.0,0.0,0.4,
Avengers Endgame: Encore,AMC Kent Station 14,2026-09-21,ambiguous_special,wide,0.07897939547359863,0.2318480303419008,0.3248040268989357,0.3643685472855649,1.974561725996467,0.018643261851866086,0.074222986904809,0.16841842301731655,0.7387153282260084,2.6272058176174675,,,1,7.0,7.0,1.0,0.42857142857142855,0.0,7.0,0.0,0.23333333333333334,18.631428571428575
The Weight,AMC Kent Station 14,2026-09-21,ordinary,wide,0.1711275378627389,0.37092155870793,0.3123936294471651,0.14555727398216603,1.4323806395487582,0.166553151046088,0.3855234527524169,0.3161129462124635,0.13181044998903158,1.4131806951444386,,,1,26.0,4.0,1.0,0.38461538461538464,0.07692307692307693,7.0,7.0,0.16049382716049382,15.4475
Buddy,AMC Kent Station 14,2026-09-21,ordinary,horror,0.3379863309450753,0.4415568687854005,0.18550379285402746,0.03495300741549678,0.9174234767399457,0.4233759943755176,0.4380896785680344,0.12441477402449391,0.014119553031954194,0.7292778857128848,0,0,0,10.0,1.0,0.3448275862068966,0.5,0.2,5.0,4.0,0.23076923076923078,16.26
The Odyssey,AMC Oak Tree 6,2026-09-08,ordinary,wide,0.15226334778782796,0.35042449457433394,0.3238581464893395,0.1734540111484986,1.518502820998509,0.22426223248439411,0.43021695776198515,0.2682133103160252,0.07730749943759553,1.198566076706822,1,1,0,21.0,6.0,0.38181818181818183,0.47619047619047616,0.19047619047619047,7.0,7.0,0.1686746987951807,16.650000000000002
Spider-Man: Brand New Day,AMC Oak Tree 6,2026-09-08,ordinary,wide,0.10200998462238617,0.2768266837975595,0.33634152029719827,0.28482181128285616,1.8039751582405246,0.001196190622086088,0.005125522145836251,0.014079458613932812,0.9795988286181447,2.972080925228136,2,2,0,21.0,15.0,0.2,0.3333333333333333,0.09523809523809523,7.0,7.0,0.23166023166023167,16.650000000000002
The End of Oak Street,AMC Oak Tree 6,2026-09-08,ordinary,wide,0.5493927186511323,0.3726902537959846,0.07221892500579363,0.005698102547089557,0.5342224114488405,0.7669410024255041,0.21769909602083323,0.01498057358579566,0.00037932796786698295,0.2487982270960255,0,0,0,9.0,4.0,0.24324324324324326,0.2222222222222222,0.0,6.0,5.0,0.27835051546391754,16.26
The Dog Stars,AMC Oak Tree 6,2026-09-08,ordinary,wide,0.40651743851853944,0.43252563536942895,0.14113573669306084,0.019821189418970722,0.7742606770124628,0.44423427715108105,0.4306678257751996,0.11328800014329046,0.011809896930428967,0.6926735168530674,0,0,0,25.0,4.0,0.7575757575757576,0.48,0.16,7.0,7.0,0.15760869565217392,14.635000000000002
Practical Magic 2,AMC Oak Tree 6,2026-09-08,ordinary,wide,0.039724808711013894,0.13408417899076233,0.2484485467468519,0.5777424655513719,2.3642086691385815,0.03510566671100269,0.1307159313387732,0.25352953001346457,0.5806488719367595,2.379721607175981,3,3,0,3.0,3.0,1.0,0.6666666666666666,0.0,7.0,0.0,0.23333333333333334,15.176666666666668
Coyote vs. Acme,AMC Oak Tree 6,2026-09-08,ambiguous_special,wide,0.8814337675140949,0.11463562240316907,0.0038803976224756854,5.021246026037917e-05,0.12254705502890158,0.89637888952637,0.10091260371789003,0.002682665969285868,2.5840786454088417e-05,0.10635545801582402,2,2,0,20.0,3.0,0.8333333333333334,0.4,0.1,7.0,7.0,0.19696969696969696,15.176666666666668
By Any Means,AMC Oak Tree 6,2026-09-08,ordinary,wide,0.4334947094367134,0.42494977231193964,0.12574730486872915,0.015808213382617765,0.7238690221972512,0.43022316659382864,0.4357772524527056,0.12068170578892264,0.013317875164543087,0.7170942895241801,1,1,0,37.0,6.0,1.0,0.3783783783783784,0.10810810810810811,7.0,7.0,0.17289719626168223,15.176666666666668
Buddy,AMC Oak Tree 6,2026-09-08,ordinary,horror,0.5695920173892419,0.36089494634295766,0.06480248212953499,0.004710554138265456,0.504631573016824,0.3426208539581126,0.4547820119918554,0.17467129810652474,0.027925835943507334,0.8879021160354269,1,1,0,20.0,2.0,1.0,0.35,0.15,7.0,6.0,0.2097902097902098,15.176666666666668
The Odyssey,AMC Oak Tree 6,2026-09-15,ordinary,wide,0.3499561280504731,0.44116348636408353,0.17721446186502943,0.031665923720413984,0.8905901812553844,0.5270172975356248,0.3914200492136332,0.07588755415550379,0.005675099095238267,0.5602204548103555,0,0,0,17.0,6.0,0.3090909090909091,0.4117647058823529,0.17647058823529413,7.0,7.0,0.16778523489932887,15.697999999999999
Spider-Man: Brand New Day,AMC Oak Tree 6,2026-09-15,ordinary,wide,0.3754978153402332,0.4385760339768927,0.16028266604054356,0.02564348464233051,0.8360718199849713,0.006634068178805749,0.027773874241650745,0.07164714989550244,0.8939449076840411,2.852902897084779,1,1,0,20.0,15.0,0.19047619047619047,0.35,0.1,7.0,7.0,0.17777777777777778,16.055
Practical Magic 2,AMC Oak Tree 6,2026-09-15,ordinary,wide,0.47571897341911495,0.4093003584796225,0.10395917512314357,0.011021492978119062,0.6502831876602667,0.3626485091340691,0.4526460364096253,0.1611114327668425,0.023594021689463087,0.8456509670116996,,,1,20.0,4.0,1.0,0.35,0.1,7.0,7.0,0.20512820512820512,15.610000000000003
Coyote vs. Acme,AMC Oak Tree 6,2026-09-15,ambiguous_special,wide,0.9138208884720245,0.08415611269395634,0.0020048111111890293,1.8187722830155364e-05,0.08822029808482487,0.9313182741701258,0.06752551019394855,0.0011491540244066346,7.061611519013769e-06,0.06984500307731886,1,1,0,19.0,3.0,0.7916666666666666,0.47368421052631576,0.15789473684210525,7.0,7.0,0.1638418079096045,16.26
Resident Evil,AMC Oak Tree 6,2026-09-15,ordinary,wide,0.0486184653564361,0.15888255200827803,0.2749418667464476,0.5175571158888382,2.261437633167688,0.029160048504998457,0.11120555856051573,0.22776439415683053,0.6318699987776554,2.462344343207143,3,3,0,3.0,3.0,1.0,0.3333333333333333,0.0,7.0,3.0,0.24528301886792453,17.84
By Any Means,AMC Oak Tree 6,2026-09-15,ordinary,wide,0.5324125280213539,0.3820584598685126,0.07886603186449964,0.006662980245633919,0.5597794643344136,0.669250872776282,0.29670357176146384,0.03269899258259495,0.0013465628796591768,0.36614124556563127,0,0,0,12.0,6.0,0.3076923076923077,0.75,0.16666666666666666,7.0,7.0,0.16774193548387098,16.26
Hope,AMC Oak Tree 6,2026-09-15,ordinary,wide,0.7050826272280486,0.26650338988500316,0.02731491594303184,0.0010990669439164223,0.3244304226028161,0.7179766402362946,0.2584521035787583,0.022824200714573015,0.000747055470374074,0.3063416714190265,1,1,0,18.0,18.0,1.0,0.3888888888888889,0.1111111111111111,6.0,6.0,0.19696969696969696,14.093333333333334
Spider-Man: Brand New Day,AMC Oak Tree 6,2026-09-22,ordinary,wide,0.34914657815786043,0.44120720393113266,0.17776806914573104,0.03187814876527586,0.8923777885184223,0.009614855231684274,0.039748899721888734,0.09919930215347204,0.8514369428929549,2.7924583327076977,0,0,0,20.0,15.0,0.19047619047619047,0.55,0.15,7.0,7.0,0.16981132075471697,16.650000000000002
Practical Magic 2,AMC Oak Tree 6,2026-09-22,ordinary,wide,0.4059192810913091,0.4326702102728743,0.14149019961419404,0.01992030902162267,0.7754115365661304,0.31190383143279565,0.45502392689347243,0.19688020750847351,0.0361920341652584,0.9573604444061947,,,1,22.0,4.0,0.9565217391304348,0.45454545454545453,0.09090909090909091,7.0,7.0,0.1696969696969697,15.447500000000002
Resident Evil,AMC Oak Tree 6,2026-09-22,ordinary,wide,0.09235910531201169,0.2589578896778701,0.3334510025396722,0.315232002470446,1.8715559021685526,0.061893971029620964,0.2075869671145795,0.32281717671922117,0.40770188513657846,2.076326975962757,,,1,29.0,5.0,1.0,0.4827586206896552,0.10344827586206896,7.0,7.0,0.2578616352201258,17.01615384615385
Heart of the Beast,AMC Oak Tree 6,2026-09-22,ordinary,wide,0.033375454315304594,0.11531547522401832,0.22485199700935143,0.6264570734513256,2.444390689596698,0.030844390277445656,0.11683140714184116,0.235566980271814,0.6167572223088993,2.438237034612167,,,1,4.0,4.0,1.0,0.5,0.0,7.0,0.0,0.18518518518518517,15.447500000000002
Forgotten Island,AMC Oak Tree 6,2026-09-22,ordinary,family,0.051149620299232826,0.16563649179150597,0.2812751883924849,0.5019386995167764,2.2340029671268047,0.02327268613146312,0.09090578502940933,0.19697571948264064,0.6888458093564869,2.5513946520641513,,,1,4.0,4.0,1.0,0.5,0.0,6.0,0.0,0.24,16.76
Avengers Endgame: Encore,AMC Oak Tree 6,2026-09-22,ambiguous_special,wide,0.5075668080910994,0.3947994962096731,0.08929944080085486,0.008334254898372627,0.5984011425065007,0.3051080085494163,0.4545342182846014,0.2020189844429157,0.03833878872306666,0.9735885533396328,,,1,3.0,3.0,1.0,0.6666666666666666,0.0,7.0,0.0,0.23333333333333334,18.676666666666666
Hope,AMC Oak Tree 6,2026-09-22,ordinary,wide,0.5588290074716511,0.36726543469788053,0.06868905457977452,0.005216503250693855,0.5202930536095112,0.5848313705959716,0.3564216158439156,0.05546603426002565,0.003280979300087195,0.47719662226422843,0,0,0,16.0,21.0,0.7619047619047619,0.4375,0.1875,6.0,6.0,0.20689655172413793,14.960000000000003
Primetime,AMC Oak Tree 6,2026-09-22,ordinary,wide,0.05772923462524137,0.1825917591449234,0.29557656601874616,0.46410244021108904,2.166052211815683,0.0620759484555566,0.20805298445888454,0.32309431256816923,0.4067767545173896,2.0745718731473914,,,1,3.0,3.0,1.0,0.6666666666666666,0.0,7.0,0.0,0.15,16.26
The Weight,AMC Oak Tree 6,2026-09-22,ordinary,wide,0.5130033735620033,0.39211392663404465,0.08694299654437544,0.007939703259576589,0.5898190295015253,0.5400130448931508,0.3840348535975019,0.0709184515224369,0.005033649986910373,0.5409727066031068,0,0,0,20.0,4.0,1.0,0.45,0.1,7.0,7.0,0.16049382716049382,15.176666666666668
The Odyssey,AMC Pacific Place 11,2026-09-08,ordinary,wide,0.20860352395512374,0.4023299490383617,0.28504033052878797,0.10402619647772662,1.2844891995291174,0.2839062755200118,0.4516148536612054,0.21854629255343697,0.04593257826534582,1.0265051735641169,3,4,0,21.0,7.0,0.2692307692307692,0.3333333333333333,0.09523809523809523,7.0,7.0,0.1686746987951807,17.31
Spider-Man: Brand New Day,AMC Pacific Place 11,2026-09-08,ordinary,wide,0.06876367912235165,0.20917293399447162,0.3135641946456674,0.4084991922375093,2.061798899998334,0.000439598630112579,0.0018897597336875592,0.005238003943912217,0.9924326376922876,2.989663680698375,3,4,0,29.0,21.0,0.22137404580152673,0.4827586206896552,0.13793103448275862,7.0,7.0,0.23166023166023167,16.964
Coyote vs. Acme,AMC Pacific Place 11,2026-09-08,ambiguous_special,wide,0.7745738922480376,0.20985799688437448,0.01514412680624163,0.0004239840613462506,0.24141820268089648,0.8227951478698838,0.1687657528215566,0.008290321632027541,0.00014877767653203455,0.18579272911520778,3,3,0,22.0,4.0,0.7857142857142857,0.4090909090909091,0.18181818181818182,7.0,7.0,0.19696969696969696,14.69
The Dog Stars,AMC Pacific Place 11,2026-09-08,ordinary,wide,0.16782225053773484,0.36757510216756667,0.3145554919785805,0.15004715531611806,1.446827552073082,0.14175973267369443,0.3567570253661544,0.33332802763633335,0.1681552143238178,1.5278787236102744,0,0,0,29.0,5.0,1.0,0.41379310344827586,0.06896551724137931,7.0,7.0,0.15760869565217392,14.165
Tony,AMC Pacific Place 11,2026-09-08,ordinary,wide,0.6145370895902016,0.33232900072132915,0.05011030192574704,0.0030236077627222224,0.4416204278609899,0.8176539350994202,0.17336916051070578,0.008813132385980726,0.00016377200389331508,0.19148674129434717,0,0,0,11.0,3.0,0.39285714285714285,0.45454545454545453,0.18181818181818182,4.0,1.0,0.3793103448275862,13.64
Dear You,AMC Pacific Place 11,2026-09-08,ordinary,specialty/limited,0.9014281123418025,0.09589885399969124,0.0026452079817875173,2.7825676718714782e-05,0.10127274699342241,0.9190851643090222,0.07929399405691354,0.0016090378524335391,1.1803781630723769e-05,0.08254748110667279,2,2,0,26.0,3.0,1.0,0.46153846153846156,0.11538461538461539,1.0,1.0,1.0,14.165
By Any Means,AMC Pacific Place 11,2026-09-08,ordinary,wide,0.2014176953692924,0.3971806413884865,0.29057500290860167,0.11082666033361935,1.310810628206548,0.22013040777176826,0.42789689632035144,0.27175046291026533,0.08022223299761491,1.2120645211337269,1,1,0,27.0,4.0,1.0,0.37037037037037035,0.07407407407407407,7.0,7.0,0.17289719626168223,14.88090909090909
Hope,AMC Pacific Place 11,2026-09-08,ordinary,wide,0.04135065018349357,0.138744829260266,0.2538256754243038,0.5660788451319367,2.3446327155046838,0.032953638787181876,0.12376570773246971,0.24476490964858705,0.5985157438317614,2.408842758524928,3,3,0,8.0,8.0,1.0,0.75,0.0,5.0,0.0,0.25,14.9525
Teenage Sex and Death at Camp Miasma,AMC Pacific Place 11,2026-09-08,ordinary,horror,0.8456287056331553,0.1475074138922721,0.006745423674571333,0.0001184568000012819,0.1613536316414186,0.958365541810654,0.041218697067400174,0.00041426151025973797,1.4996116860550875e-06,0.042051718922977814,1,1,0,11.0,2.0,0.6111111111111112,0.5454545454545454,0.18181818181818182,1.0,1.0,1.0,14.9525
Onslaught,AMC Pacific Place 11,2026-09-08,ordinary,wide,0.33692602503618474,0.44156507678025536,0.18624870950845898,0.035260188675100904,0.9198430618224761,0.39802746086837804,0.44552636620916153,0.13893705607105888,0.01750911685140163,0.7759278289054842,1,1,0,29.0,3.0,1.0,0.5517241379310345,0.13793103448275862,5.0,5.0,0.22580645161290322,14.690000000000001
The Uprising,AMC Pacific Place 11,2026-09-08,ordinary,wide,0.028143956699639268,0.09914783604193148,0.20192906305113056,0.6707791442072988,2.515343394766089,0.033159029792524435,0.12443444185737138,0.24562783240985261,0.5967786959402516,2.406026194497831,2,2,0,3.0,3.0,1.0,0.6666666666666666,0.0,6.0,0.0,0.19047619047619047,14.69
Akira,AMC Pacific Place 11,2026-09-08,ordinary,family,0.65209847656552,0.3062535974908564,0.03961479881697627,0.002033127126647319,0.3915825765047509,0.6341722216730789,0.3226176569233402,0.041228374528198254,0.001981746875382664,0.4110196466058847,1,1,0,13.0,1.0,1.0,0.46153846153846156,0.15384615384615385,5.0,5.0,0.24806201550387597,15.74
Buddy,AMC Pacific Place 11,2026-09-08,ordinary,horror,0.548719710206064,0.3730712993998452,0.07247511007264504,0.005733880321445736,0.5352231605094724,0.31651204255855375,0.4552392885350118,0.1934412226151603,0.034807446291274226,0.9465440726391551,2,2,0,9.0,1.0,1.0,0.7777777777777778,0.2222222222222222,7.0,6.0,0.2097902097902098,15.74
Fall 2: Deadpoint,AMC Pacific Place 11,2026-09-08,ordinary,wide,0.7123700566900562,0.26078961816941737,0.025836793680591982,0.0010035314599344926,0.31547379991040486,0.7931365837312815,0.1950516914587876,0.011560481708423258,0.00025124310150767434,0.21892638418015714,0,0,0,10.0,10.0,1.0,0.5,0.2,5.0,5.0,0.22413793103448276,14.165
The Odyssey,AMC Pacific Place 11,2026-09-15,ordinary,wide,0.4371401517534315,0.4237740073637858,0.12375687554518469,0.01532896533759809,0.7172746544669495,0.6066659262203343,0.34187034121994503,0.04882591438047008,0.002637818179250551,0.44743562451863683,3,3,0,18.0,7.0,0.23076923076923078,0.3888888888888889,0.1111111111111111,7.0,7.0,0.16778523489932887,17.31
Spider-Man: Brand New Day,AMC Pacific Place 11,2026-09-15,ordinary,wide,0.12285805279459555,0.3110599306574971,0.33559525063443457,0.23048676591347275,1.6737107296667846,0.0010314913073593503,0.0044229351760522225,0.012173273455486152,0.9823723000611023,2.9758863822703314,3,3,0,25.0,21.0,0.19083969465648856,0.56,0.16,7.0,7.0,0.17777777777777778,16.618
Practical Magic 2,AMC Pacific Place 11,2026-09-15,ordinary,wide,0.17851043364712563,0.3780395294012032,0.30737663687302896,0.13607340007864216,1.4010130033831876,0.16224503588074682,0.38099273889939944,0.3193567149586577,0.13740551026119607,1.4319226996003032,,,1,25.0,4.0,1.0,0.56,0.16,7.0,7.0,0.20512820512820512,15.425
Dear You,AMC Pacific Place 11,2026-09-15,ordinary,specialty/limited,0.8920866024146191,0.10468546994400332,0.0031907970838004752,3.713055757707229e-05,0.1111784557843355,0.9228470874673894,0.07568380552708362,0.001458943499301165,1.0163506225794994e-05,0.07863218304436334,1,1,0,19.0,3.0,0.6785714285714286,0.42105263157894735,0.10526315789473684,1.0,1.0,1.0,14.48
By Any Means,AMC Pacific Place 11,2026-09-15,ordinary,wide,0.2902136825526365,0.4372174456843051,0.22065461027198457,0.05191426149107386,1.0342694507014958,0.3296065852039613,0.4553564096247326,0.18387416218697877,0.03116284298432728,0.916593262951672,0,0,0,20.0,4.0,0.7407407407407407,0.5,0.25,7.0,7.0,0.16774193548387098,15.11
Hope,AMC Pacific Place 11,2026-09-15,ordinary,wide,0.5888886208687714,0.3490061158307269,0.05819694051648839,0.003908322784013384,0.4771249652157438,0.35201086332725484,0.45396307232769584,0.1682225749211355,0.025803489423913847,0.8678186904417085,,,1,21.0,8.0,1.0,0.47619047619047616,0.14285714285714285,6.0,6.0,0.19696969696969696,14.69
The Uprising,AMC Pacific Place 11,2026-09-15,ordinary,wide,0.5541559462770301,0.36997098037628273,0.07042268443694058,0.0054503889097465555,0.5271675159794035,0.5727995228601188,0.3641439473546636,0.05936711462393664,0.0036894151612809328,0.4939464220863796,1,1,0,22.0,3.0,1.0,0.4090909090909091,0.09090909090909091,6.0,6.0,0.1836734693877551,14.39
The Weight,AMC Pacific Place 11,2026-09-15,ordinary,wide,0.4893258877829936,0.40336962648319724,0.09751456710050808,0.00978991863330109,0.6277685165841167,0.4629703230195825,0.4230836339762402,0.10390320237585604,0.010042840628321273,0.6610185606129162,1,1,0,1.0,1.0,1.0,1.0,0.0,5.0,0.0,0.25,15.74
Buddy,AMC Pacific Place 11,2026-09-15,ordinary,horror,0.6000519826302244,0.3418662370848016,0.0545820963780031,0.0034996839069708565,0.4615294815617204,0.4317306819239862,0.43525158437507216,0.11987045271670883,0.013147280984232802,0.7144343327611882,1,1,0,8.0,1.0,0.8,0.75,0.25,7.0,5.0,0.26595744680851063,15.74
Mighty Mary,AMC Pacific Place 11,2026-09-15,ordinary,documentary,0.9092130860556534,0.08853353406959404,0.002231940890757801,2.1438983994728442e-05,0.09306173280309382,0.9586953914095316,0.0408955161499301,0.00040762903233833054,1.4634081999291452e-06,0.04171516443920655,1,1,0,14.0,14.0,1.0,0.42857142857142855,0.14285714285714285,1.0,1.0,1.0,14.9525
The Transformers: The Movie 40th Anniversary,AMC Pacific Place 11,2026-09-15,special_event,family,0.6298219263803343,0.32194512590376095,0.045651789328882725,0.002581158387022038,0.4209921797225925,0.4967308345905131,0.4074269498372474,0.0883808252393003,0.007461390332939262,0.6065727713146658,,,1,1.0,1.0,1.0,1.0,0.0,4.0,0.0,0.3333333333333333,18.9
The Odyssey,AMC Pacific Place 11,2026-09-21,ordinary,wide,0.45608707661056086,0.41711627335104234,0.11374736031544333,0.013049289722953435,0.6837588631507893,0.694523442676617,0.27717129889499026,0.02730454789098467,0.0010007105374080563,0.33478252628918376,,,1,17.0,7.0,0.21794871794871795,0.4117647058823529,0.11764705882352941,6.0,5.0,0.20689655172413793,17.31
Spider-Man: Brand New Day,AMC Pacific Place 11,2026-09-21,ordinary,wide,0.235271186851548,0.41822076023330473,0.2639695658789246,0.0825384870362226,1.1937753530998219,0.0025770214321545262,0.010977010361923185,0.029666612064400858,0.9567793561415214,2.940648302915289,,,1,20.0,21.0,0.15267175572519084,0.6,0.2,7.0,7.0,0.16981132075471697,16.156666666666666
Coyote vs. Acme,AMC Pacific Place 11,2026-09-21,ambiguous_special,wide,0.7845171115861632,0.20138340860993137,0.013736526111445326,0.0003629536924600874,0.22994532191020228,0.8658590915968242,0.12948337558708495,0.004598174445626439,5.9358370464434205e-05,0.13885779958973113,,,1,17.0,4.0,0.6071428571428571,0.4117647058823529,0.11764705882352941,7.0,7.0,0.18243243243243243,15.215000000000002
Practical Magic 2,AMC Pacific Place 11,2026-09-21,ordinary,wide,0.284396373055939,0.4359759922796054,0.22513321941991057,0.054494415244545055,1.0497256768530616,0.26648317935914645,0.4475122019483145,0.2326446215559523,0.05335999713658675,1.0728814364699795,,,1,20.0,4.0,0.8,0.55,0.15,7.0,7.0,0.1696969696969697,15.74
Hope,AMC Pacific Place 11,2026-09-21,ordinary,wide,0.455120519278794,0.41747750767655745,0.11424447868099605,0.013157494363652577,0.6854389481295072,0.23908711149862769,0.43757390059508416,0.2555650474314183,0.06777394047486981,1.1520258168825301,,,1,16.0,8.0,0.7272727272727273,0.5,0.25,6.0,6.0,0.20689655172413793,15.74
Resident Evil,AMC Pacific Place 11,2026-09-21,ordinary,wide,0.03974801282971153,0.1341511059853587,0.24852709583588023,0.5775737853490496,2.363926653704268,0.023185794566220615,0.09059860648741386,0.19647711415539856,0.689738484790967,2.552768289171112,,,1,35.0,5.0,1.0,0.5714285714285714,0.17142857142857143,7.0,7.0,0.2578616352201258,17.09375
The Weight,AMC Pacific Place 11,2026-09-21,ordinary,wide,0.651398566531813,0.30675630524248215,0.03979637423913397,0.002048753986570854,0.3924953156804627,0.6224954551400208,0.3309110620976303,0.04435226376136123,0.0022412190009876453,0.42633924662331574,0,0,0,18.0,2.0,1.0,0.3888888888888889,0.1111111111111111,7.0,7.0,0.16049382716049382,15.74
Buddy,AMC Pacific Place 11,2026-09-21,ordinary,horror,0.6788974226364277,0.2865550668067992,0.03304403411078971,0.0015034764459833626,0.3571535643663287,0.6622435759393369,0.3019950956404689,0.03430349874516688,0.001457829675027314,0.3749755821558846,0,0,0,6.0,1.0,0.6,0.6666666666666666,0.0,5.0,4.0,0.23076923076923078,15.74
Avengers Endgame: Encore,AMC Pacific Place 11,2026-09-21,ambiguous_special,wide,0.2491444694103977,0.42464406294909995,0.2528939819646859,0.07331748567581647,1.1503844839059212,0.15744252006969786,0.37571808614084473,0.3228659812361225,0.143973412553335,1.4533702862730948,,,1,3.0,3.0,1.0,0.6666666666666666,0.0,7.0,0.0,0.23333333333333334,16.44
The Odyssey,AMC Southcenter 16,2026-09-08,ordinary,wide,0.1445934211806381,0.3410751014760219,0.32778773445274334,0.18654374289059664,1.5562817990532984,0.008755845400583535,0.03632907240474236,0.09152543038012399,0.8633896518145501,2.8095488886086404,3,4,0,20.0,15.0,0.14084507042253522,0.6,0.2,7.0,7.0,0.1686746987951807,19.306666666666665
Coyote vs. Acme,AMC Southcenter 16,2026-09-08,ambiguous_special,wide,0.5512953909391598,0.37160873778570475,0.07149786742852238,0.005598003846613086,0.5313984841825887,0.5227886161692872,0.3937583168450013,0.07755415081197796,0.005898916173733555,0.5665633669901579,3,3,0,28.0,6.0,0.6363636363636364,0.32142857142857145,0.10714285714285714,7.0,7.0,0.19696969696969696,17.0525
PAW Patrol: The Dino Movie,AMC Southcenter 16,2026-09-08,ordinary,family,0.19114454049263155,0.38912653216166093,0.29829919460920923,0.12142973273649826,1.350014119589574,0.3615983923544251,0.45279392103455285,0.1618042381532701,0.02380344845775201,0.8478127427143491,1,1,0,16.0,5.0,0.38095238095238093,0.0625,0.0625,5.0,5.0,0.2465753424657534,12.59
The Hunger Games: Catching Fire (2026),AMC Southcenter 16,2026-09-08,special_event,wide,0.654235981528702,0.30471454500088113,0.03906346946711748,0.001986004003299374,0.3887994959450142,0.8118536512091722,0.17853951480365082,0.009424832806212135,0.00018200118096486104,0.19793518395896967,0,0,0,1.0,1.0,1.0,1.0,1.0,4.0,0.0,0.25,
The Hunger Games: Mockingjay - Part 1 (2026),AMC Southcenter 16,2026-09-08,special_event,wide,0.6063281856641359,0.33777101940206766,0.05261457542137416,0.00328621951242225,0.4528588287820827,0.767511004804985,0.21721227768215273,0.014900616475993927,0.000376101036868327,0.2481418137447456,0,0,0,1.0,1.0,1.0,1.0,1.0,4.0,0.0,0.25,
The Hunger Games: Mockingjay - Part 2 (2026),AMC Southcenter 16,2026-09-08,special_event,wide,0.556284433438706,0.3687432584141861,0.06962955266981873,0.005342755477289124,0.524030630185691,0.7163687100018872,0.2597528604760872,0.023115807901402823,0.0007626216206227935,0.30827234114076124,0,0,0,1.0,1.0,1.0,1.0,0.0,4.0,0.0,0.25,
The Hunger Games: The Ballad of Songbirds & Snakes (2026),AMC Southcenter 16,2026-09-08,special_event,unclassified,0.6511947380814702,0.3069025885665706,0.039849350107565115,0.002053323244394084,0.3927612585148831,0.7256856930969787,0.2521812884421427,0.021457161678691185,0.0006758567821873862,0.29712318214608724,0,0,0,1.0,1.0,1.0,1.0,0.0,3.0,0.0,0.3333333333333333,
MST3K: The RiffTrax Experiments - Sting of Death,AMC Southcenter 16,2026-09-08,special_event,wide,0.6403592697584525,0.31460294837043784,0.042729257561163136,0.002308524309946553,0.40698703642260375,0.6754046794505666,0.29201122809950536,0.03132946808966145,0.0012546243602665783,0.358434037359628,1,1,0,1.0,1.0,1.0,1.0,0.0,4.0,0.0,0.4,18.9
The End of Oak Street,AMC Southcenter 16,2026-09-08,ordinary,wide,0.05487310957883528,0.17533668728810212,0.28973322630948645,0.4800569768235762,2.194974070377804,0.0741102662666365,0.23736259395530435,0.3373429173316929,0.3511842224463663,1.9656010959577892,1,1,0,24.0,6.0,0.5217391304347826,0.4583333333333333,0.20833333333333334,6.0,5.0,0.27835051546391754,14.84
The Passion of the Christ (2026 Event),AMC Southcenter 16,2026-09-08,special_event,unclassified,0.5560011314816531,0.36890711383367103,0.06973478040826879,0.005356974276407094,0.5244475974794299,0.5135126381046492,0.39877244499900877,0.0812972278895172,0.006417689006824856,0.5806199677985178,1,1,0,1.0,1.0,1.0,1.0,0.0,3.0,0.0,0.3333333333333333,18.9
Dreams in Nightmares,AMC Southcenter 16,2026-09-08,ordinary,specialty/limited,0.694199466706826,0.2749299362567068,0.029615611827894257,0.0012549852085729741,0.3379261155382143,0.7818490012868972,0.20487833057675514,0.01297109444889955,0.00030157368744815593,0.2317252405368987,0,0,0,11.0,11.0,1.0,0.5454545454545454,0.2727272727272727,2.0,2.0,0.56,15.74
Insidious: Out of the Further,AMC Southcenter 16,2026-09-08,ordinary,horror,0.11414091205528677,0.2974377431370165,0.33689555458114456,0.25152579022655225,1.7258062229789624,0.1479615076657227,0.3645830948317034,0.32939822053423606,0.1580571769683378,1.497551066805189,2,2,0,25.0,4.0,0.4032258064516129,0.32,0.08,5.0,5.0,0.216,14.9525
The Dog Stars,AMC Southcenter 16,2026-09-08,ordinary,wide,0.061187758977013146,0.19116679578016882,0.3019603743524779,0.4456850708903401,2.132142757156145,0.04032897215143031,0.14707577954957368,0.27242331769897243,0.5401719306000236,2.312438206747589,1,1,0,29.0,4.0,0.9666666666666667,0.2413793103448276,0.06896551724137931,7.0,7.0,0.15760869565217392,14.88090909090909
Mutiny,AMC Southcenter 16,2026-09-08,ordinary,wide,0.38867046156160084,0.436375710769364,0.1519611131948764,0.022992714474158845,0.8092760805815933,0.6961829538696325,0.2758650210465945,0.02697124366574716,0.0009807814180258993,0.3327498526321665,0,0,0,6.0,3.0,0.17142857142857143,0.3333333333333333,0.16666666666666666,3.0,0.0,0.45,15.74
Tony,AMC Southcenter 16,2026-09-08,ordinary,wide,0.7445253047187769,0.23492668336331843,0.01989141616998731,0.0006565957479173865,0.27667930294704524,0.8727718196346567,0.12306296126580783,0.0041152318303682,4.998726916730789e-05,0.13144338673404615,0,0,0,5.0,3.0,0.1388888888888889,0.0,0.0,4.0,1.0,0.3793103448275862,15.74
Oasis: Don’t Look Back In Anger IMAX Early Access,AMC Southcenter 16,2026-09-08,special_event,unclassified,0.7763890015016085,0.20831744320186402,0.014881251643717503,0.000412303652809973,0.23931685744772896,0.7558346762367132,0.22712966535395415,0.01658911578915618,0.00044654262017647747,0.26164752479279596,0,0,0,1.0,1.0,1.0,1.0,0.0,3.0,0.0,0.3333333333333333,22.04
Oasis: Don't Look Back in Anger,AMC Southcenter 16,2026-09-08,ordinary,documentary,0.025035921485240902,0.08922970000291269,0.1866203662597515,0.6991140122520949,2.5598124692787003,0.021916496871537412,0.08608571523469231,0.18903596500238215,0.7029618228913881,2.573043113913621,2,2,0,3.0,3.0,1.0,0.3333333333333333,0.0,4.0,0.0,0.25,14.165
By Any Means,AMC Southcenter 16,2026-09-08,ordinary,wide,0.1011746598663771,0.27533311703563645,0.33618525771815483,0.28730696537983164,1.809624528611441,0.06670467997386795,0.21967341447891323,0.32948708181945596,0.38413482372776286,2.0310520493011137,1,1,0,29.0,4.0,1.0,0.3448275862068966,0.1724137931034483,7.0,7.0,0.17289719626168223,16.44
The City on The Edge of Forever + Star Trek IV: The Voyage Home 60th Anniversary Event,AMC Southcenter 16,2026-09-08,rerelease,unclassified,0.7389293738542346,0.2395015090274405,0.020860133660938092,0.0007089834573867946,0.28334872672147704,0.7544791183352092,0.22827344743753933,0.01679210160249028,0.00045533262476118714,0.2632236485168034,0,0,0,3.0,3.0,1.0,1.0,0.0,2.0,0.0,0.6,15.74
Onslaught,AMC Southcenter 16,2026-09-08,ordinary,wide,0.2570797245444648,0.4277967189836275,0.2465763525309934,0.06854720394091433,1.126591035868357,0.18611029153429293,0.40384192904290045,0.30053353483352924,0.10951424458927739,1.333451732477791,1,1,0,32.0,4.0,1.0,0.40625,0.125,5.0,5.0,0.22580645161290322,16.5275
Cars: 20th Anniversary,AMC Southcenter 16,2026-09-08,rerelease,family,0.908559793499962,0.08915308572851069,0.0022651900827911505,2.1930688736193676e-05,0.09374925796030156,0.8030341315130122,0.18635326666736016,0.010400045167529336,0.00021255665209832196,0.2077910269587138,1,1,0,17.0,3.0,1.0,0.17647058823529413,0.0,4.0,3.0,0.3389830508474576,16.580000000000002
AMC Screen Unseen: September 7,AMC Southcenter 16,2026-09-08,special_event,wide,0.6685641480749489,0.29425272346316667,0.035490608565025075,0.0016925198968593543,0.37031150028379484,0.7839994490731665,0.20301402372719973,0.012695081862169106,0.0002914453374646101,0.2292785234639318,0,0,0,1.0,1.0,1.0,1.0,0.0,7.0,0.0,0.2222222222222222,
The Uprising,AMC Southcenter 16,2026-09-08,ordinary,wide,0.007622356670807493,0.029028654483252547,0.07123124529365152,0.8921177435522885,2.847844375727421,0.008569416742469029,0.03558356469137484,0.08983215029821881,0.8660148682679374,2.8132924700916244,2,2,0,4.0,4.0,1.0,0.5,0.0,6.0,0.0,0.19047619047619047,14.69
The Fix,AMC Southcenter 16,2026-09-08,ordinary,unclassified,0.5187487479183603,0.3892125165052126,0.08449781725728522,0.007540918319141846,0.5808309059772085,0.5838389928647723,0.3570667136659616,0.05578116429530911,0.0033131291739570486,0.47856842977845093,2,2,0,1.0,1.0,1.0,0.0,0.0,3.0,0.0,0.3333333333333333,15.74
Akira,AMC Southcenter 16,2026-09-08,ordinary,family,0.16272803757752446,0.3622178678389965,0.31777092447356703,0.15728317010991202,1.4696092271158667,0.17143871566292934,0.39043830146156233,0.3123391837733167,0.12578379910219167,1.3924680663147708,1,1,0,30.0,4.0,1.0,0.26666666666666666,0.06666666666666667,5.0,5.0,0.24806201550387597,15.425
Buddy,AMC Southcenter 16,2026-09-08,ordinary,horror,0.16622492770952885,0.36592161048932736,0.3155795411936831,0.15227392060746067,1.4539024546990755,0.050831700355348,0.17789768884309062,0.30175689026124647,0.4695137205403148,2.189952630986528,2,2,0,20.0,3.0,0.8333333333333334,0.45,0.15,7.0,6.0,0.2097902097902098,15.74
Fall 2: Deadpoint,AMC Southcenter 16,2026-09-08,ordinary,wide,0.4779927707151168,0.4083377735650673,0.10286311184847925,0.010806343871336672,0.6464830288760358,0.33676545878304026,0.45512296623214926,0.17877386971202927,0.029337705272781293,0.9006838214745517,1,1,0,11.0,4.0,1.0,0.5454545454545454,0.18181818181818182,5.0,5.0,0.22413793103448276,15.74
Don't Move,AMC Southcenter 16,2026-09-08,ordinary,horror,0.10987902980753868,0.290422243284923,0.3370441593918584,0.26265456751567995,1.7524742646156797,0.1484144916147704,0.3651375716568312,0.32909968423662656,0.15734825249177192,1.4953816976054,1,1,0,1.0,1.0,1.0,1.0,0.0,1.0,0.0,1.0,15.74
Mirzapur,AMC Southcenter 16,2026-09-08,ordinary,specialty/limited,0.8384783053574302,0.15396171199694672,0.007422436178646949,0.00013754646697616181,0.1692192237551691,0.908804632316581,0.08911901784980535,0.002059132376154017,1.721745745959312e-05,0.09328893497449216,1,1,0,6.0,6.0,1.0,0.8333333333333334,0.3333333333333333,1.0,0.0,1.0,14.165
The Odyssey,AMC Southcenter 16,2026-09-15,ordinary,wide,0.2351155514999484,0.41814187335025454,0.2640937718656166,0.08264880328418048,1.1942758269340292,0.018930679432812184,0.07527779195694731,0.17031497461091685,0.7354765539993237,2.6223374031767523,3,3,0,25.0,15.0,0.176056338028169,0.48,0.16,7.0,7.0,0.16778523489932887,18.375
Coyote vs. Acme,AMC Southcenter 16,2026-09-15,ambiguous_special,wide,0.5229651667500761,0.3870425825898403,0.0827325659541555,0.007259684705928067,0.5742867686159355,0.5000799494308416,0.40574388815822016,0.086934538420756,0.007241623990182303,0.6013378369702791,,,1,27.0,6.0,0.6136363636363636,0.25925925925925924,0.07407407407407407,7.0,7.0,0.1638418079096045,17.0525
PAW Patrol: The Dino Movie,AMC Southcenter 16,2026-09-15,ordinary,family,0.5295214084198705,0.38360143458767887,0.08003634686905027,0.006840810123400361,0.5641965586959805,0.8179826026817651,0.17307544833931274,0.008779167616582805,0.00016278136233930068,0.19112212765949624,0,0,0,6.0,5.0,0.14285714285714285,0.16666666666666666,0.0,2.0,0.0,0.6,14.165
Spider-Man: Brand New Day,AMC Southcenter 16,2026-09-15,ordinary,wide,0.04564092796242123,0.15076786969049774,0.2668403358185864,0.5367508665284947,2.2947011409131544,3.1062530798117564e-07,1.3378529066031705e-06,3.727795947368163e-06,0.999994623725838,2.999992664622315,3,3,0,32.0,37.0,0.0893854748603352,0.375,0.125,7.0,7.0,0.17777777777777778,19.19
Practical Magic 2,AMC Southcenter 16,2026-09-15,ordinary,wide,0.060838865476395665,0.1903120416325765,0.30134918029324653,0.4474999125977813,2.1355101400124132,0.01442216859520445,0.05843314559674795,0.13849694684794242,0.7886477389601052,2.7013702561729485,3,3,0,47.0,6.0,1.0,0.3829787234042553,0.1276595744680851,7.0,7.0,0.20512820512820512,17.99
Runner,AMC Southcenter 16,2026-09-15,ordinary,wide,0.2618741768906997,0.42952577526886465,0.24277327834452964,0.06582676949590603,1.112552640445642,0.26115175135943697,0.4459257434673141,0.2370409806727407,0.05588152450050815,1.0876522783143199,,,1,30.0,4.0,1.0,0.4,0.13333333333333333,5.0,5.0,0.21897810218978103,14.690000000000001
Shaun the Sheep: The Beast of Mossy Bottom,AMC Southcenter 16,2026-09-15,ordinary,family,0.14598850054055396,0.3428215911159388,0.32711096621828395,0.18407894212522335,1.5492803499281766,0.10402040738355976,0.2986701974406642,0.3477315037671222,0.24957789140865388,1.7428668792008701,,,1,2.0,2.0,1.0,0.5,0.0,2.0,0.0,0.5,15.74
The End of Oak Street,AMC Southcenter 16,2026-09-15,ordinary,wide,0.3249566295694724,0.4413457612460721,0.1947748896319219,0.03892271955253362,0.9476636991675167,0.6425416773771304,0.3165681271697088,0.03907866222949943,0.0018115332236613624,0.40016005129969173,0,0,0,13.0,6.0,0.2826086956521739,0.46153846153846156,0.15384615384615385,1.0,1.0,1.0,14.165
Insidious: Out of the Further,AMC Southcenter 16,2026-09-15,ordinary,horror,0.3084599475521317,0.44006149419273194,0.20686477622109561,0.04461378203404076,0.9876323927370455,0.38795126114844486,0.44796077779063415,0.1450232984925975,0.019064662568323516,0.7952013624807996,1,1,0,11.0,4.0,0.1774193548387097,0.2727272727272727,0.09090909090909091,4.0,3.0,0.3,15.74
The Transformers: The Movie 40th Anniversary,AMC Southcenter 16,2026-09-15,special_event,family,0.11278273035958711,0.2952279424683048,0.33698020777297333,0.25500911939913473,1.7342157162116556,0.05988660000450082,0.20239952058339783,0.3196228245981897,0.4180910548139116,2.095918334221512,,,1,5.0,5.0,1.0,0.6,0.0,4.0,0.0,0.3333333333333333,18.9
The Dog Stars,AMC Southcenter 16,2026-09-15,ordinary,wide,0.6238938545261427,0.3260104632340303,0.047349800608974764,0.002745881630852274,0.42894770934453663,0.8118200000492497,0.17856943892345511,0.009428449884588627,0.00018211114270655305,0.19797267212075204,0,0,0,6.0,4.0,0.2,0.16666666666666666,0.0,2.0,0.0,0.5384615384615384,14.165
Juan Gabriel: Mi Primer Bellas Artes,AMC Southcenter 16,2026-09-15,special_event,unclassified,0.7422044353420839,0.2368277344614481,0.020289883748231246,0.0006779464482367612,0.2794413413026209,0.7300933457348917,0.24857065682350352,0.020698388725330977,0.0006376087162738105,0.2918802604229869,0,0,0,2.0,2.0,1.0,1.0,0.0,3.0,0.0,0.42857142857142855,18.9
Oasis: Don't Look Back in Anger,AMC Southcenter 16,2026-09-15,ordinary,documentary,0.43378633330532695,0.42485700006217103,0.12558730351686653,0.01576936311563553,0.7233396964428106,0.2824099897939754,0.45132518922773623,0.2197397132603292,0.0465251077179592,1.0303799389022723,1,1,0,22.0,5.0,1.0,0.2727272727272727,0.09090909090909091,4.0,4.0,0.2777777777777778,17.84
By Any Means,AMC Southcenter 16,2026-09-15,ordinary,wide,0.10344222923996974,0.27936473121542965,0.3365712609368787,0.28062177860772186,1.7943725889123527,0.09039051762936963,0.27262639757803925,0.3464647065135271,0.290518378279064,1.8371109454422854,0,0,0,26.0,4.0,0.7878787878787878,0.2692307692307692,0.07692307692307693,7.0,7.0,0.16774193548387098,14.9525
Hope,AMC Southcenter 16,2026-09-15,ordinary,wide,0.18021909407610745,0.37961828740443254,0.30618229852855705,0.13398031999090304,1.3939238444342557,0.0861032484157399,0.2637990141313589,0.34498500894931405,0.30511272850358717,1.8691072175407486,,,1,24.0,7.0,1.0,0.4583333333333333,0.16666666666666666,6.0,6.0,0.19696969696969696,14.39
Daniel and the Fiery Furnace,AMC Southcenter 16,2026-09-15,ordinary,specialty/limited,0.1343025740384707,0.3275372658682748,0.3321818108317513,0.20597834926150319,1.609835935316287,0.16612901695641016,0.3850856807482308,0.31643597828446146,0.1323493240108977,1.4150056093498469,,,1,2.0,2.0,1.0,0.5,0.0,2.0,0.0,0.5,14.165
The Uprising,AMC Southcenter 16,2026-09-15,ordinary,wide,0.17966294603710786,0.3791072048027947,0.3065723100114801,0.1346575391486173,1.3962244422716068,0.1798415110976566,0.3983569645648463,0.30565197045415615,0.11614955388334099,1.3581095671231815,1,1,0,22.0,4.0,1.0,0.4090909090909091,0.18181818181818182,6.0,6.0,0.1836734693877551,14.69
The Fix,AMC Southcenter 16,2026-09-15,ordinary,wide,0.6775238163188111,0.28758552723916775,0.0333630793292967,0.001527577112724445,0.35889441723593446,0.669666212924965,0.29638819418726,0.03260540196528543,0.0013401909224896274,0.36561957088529967,1,1,0,15.0,1.0,1.0,0.4666666666666667,0.13333333333333333,4.0,3.0,0.3409090909090909,14.48
Akira,AMC Southcenter 16,2026-09-15,ordinary,family,0.22186867840444982,0.41084536324987525,0.2746307241766802,0.09265523416899474,1.2380725141102198,0.32980496639591195,0.4553527140549068,0.18373158039588763,0.031110739153293664,0.916148092306563,0,0,0,18.0,4.0,0.6,0.3888888888888889,0.16666666666666666,5.0,3.0,0.32727272727272727,14.48
Buddy,AMC Southcenter 16,2026-09-15,ordinary,horror,0.14198641333000833,0.3377554994110919,0.32900350862154776,0.19125457863735199,1.5695262525662435,0.0925675735069037,0.27698913048657464,0.34699956717248664,0.28344372883403496,1.8213194513336528,1,1,0,12.0,3.0,0.5,0.5,0.16666666666666666,7.0,5.0,0.26595744680851063,15.74
The Weight,AMC Southcenter 16,2026-09-15,ordinary,wide,0.16889339624257357,0.36867061646707405,0.31386108083936326,0.14857490645098906,1.4421174974987678,0.14692578416030494,0.3633066434877895,0.330075193668686,0.15969237868321967,1.5025341668748207,,,1,2.0,2.0,1.0,0.5,0.0,5.0,0.0,0.25,14.165
Ghost in the Shell 30th Anniversary,AMC Southcenter 16,2026-09-15,rerelease,family,0.5955763589896754,0.34475118807600313,0.05601350864418245,0.0036589442901389744,0.4677550382347849,0.5968907260666427,0.34846822468797634,0.05172997849218808,0.0029110707531928835,0.4606613939319311,1,1,0,1.0,1.0,1.0,1.0,0.0,2.0,0.0,0.5,15.74
AMC Screen Unseen: September 14,AMC Southcenter 16,2026-09-15,special_event,wide,0.7656361112329699,0.21740103461236598,0.016477646760472992,0.00048520739419110964,0.2518119503158853,0.8324887152413044,0.1600346259467856,0.007353366936925786,0.00012329187498418548,0.17511123544558974,0,0,0,1.0,1.0,1.0,1.0,0.0,7.0,0.0,0.25,
If I Go Will They Miss Me,AMC Southcenter 16,2026-09-15,ordinary,specialty/limited,0.12943978730952965,0.3207248493915808,0.3338433510816391,0.21599201221725042,1.6363875882066103,0.16154381390085693,0.3802374614130736,0.3198764719168072,0.13834225276926237,1.435017163554475,,,1,1.0,1.0,1.0,1.0,0.0,1.0,0.0,1.0,
The Odyssey,AMC Southcenter 16,2026-09-22,ordinary,wide,0.21943958111299502,0.409379032554379,0.27655098135425865,0.0946304049783673,1.2463722101979982,0.03192689693650511,0.12040548228599052,0.24036499104844455,0.6073026297290599,2.4230433535700593,,,1,24.0,15.0,0.16901408450704225,0.4583333333333333,0.125,6.0,5.0,0.20689655172413793,16.73333333333333
Coyote vs. Acme,AMC Southcenter 16,2026-09-22,ambiguous_special,wide,0.3848356242370533,0.43707415539794037,0.15435465521204775,0.023735565152958594,0.8169901612809117,0.4111205332923512,0.44191207132703003,0.1312965294597767,0.015670865920842044,0.7515177280091095,,,1,25.0,6.0,0.5681818181818182,0.32,0.08,7.0,7.0,0.18243243243243243,15.74
Spider-Man: Brand New Day,AMC Southcenter 16,2026-09-22,ordinary,wide,0.06496815992339999,0.20028298300709407,0.3081367129561808,0.42661214411332526,2.0963928412594317,5.264615487161585e-07,2.2674503342927104e-06,6.318011667127266e-06,0.9999908880764499,2.999987567703018,,,1,25.0,37.0,0.06983240223463687,0.24,0.08,7.0,7.0,0.16981132075471697,18.956666666666667
Practical Magic 2,AMC Southcenter 16,2026-09-22,ordinary,wide,0.10114726608304225,0.2752839698598007,0.33617985069876327,0.2873889133583937,1.8098104113325084,0.0355725378347618,0.13220734981529286,0.2553520187365144,0.576868093613431,2.373515668128615,,,1,26.0,6.0,0.52,0.2692307692307692,0.07692307692307693,7.0,7.0,0.1696969696969697,14.84
Runner,AMC Southcenter 16,2026-09-22,ordinary,wide,0.16128717703380094,0.3606578376629899,0.31865259312898386,0.15940239217422536,1.4761702004436337,0.16034337385672937,0.3789327435531869,0.3207605765556716,0.13996330603441212,1.4403438147677665,,,1,17.0,4.0,0.5151515151515151,0.47058823529411764,0.17647058823529413,6.0,5.0,0.225,14.48
Heaven in Stone and Glass,AMC Southcenter 16,2026-09-22,special_event,documentary,0.5320507642521805,0.3822523774231377,0.0790118516402142,0.00668500668446763,0.560331100756969,0.5284344660075909,0.390629202464072,0.07533453252010211,0.005601799008234964,0.5581036645289811,0,0,0,3.0,3.0,1.0,1.0,0.0,4.0,0.0,0.2727272727272727,18.9
Insidious: Out of the Further,AMC Southcenter 16,2026-09-22,ordinary,horror,0.40797159732464516,0.4321697862890668,0.1402764270829196,0.01958218930336842,0.7714692083650113,0.5455631730191123,0.3807917256281702,0.06886528381165342,0.004779817541064072,0.5328617458746693,0,0,0,7.0,4.0,0.11290322580645161,0.5714285714285714,0.14285714285714285,3.0,0.0,0.3684210526315789,15.74
The Transformers: The Movie 40th Anniversary,AMC Southcenter 16,2026-09-22,special_event,family,0.6480706401829475,0.30913813047047595,0.04066682419364638,0.0021244051529302034,0.39684499431655934,0.45589262385595086,0.4260463005423554,0.1073819467685997,0.01067912883309401,0.6728475805788369,,,1,33.0,5.0,1.0,0.42424242424242425,0.15151515151515152,5.0,5.0,0.2972972972972973,18.9
Crunchyroll Anime Nights Sneak Peek - September '26,AMC Southcenter 16,2026-09-22,special_event,family,0.6604707121325984,0.3001930079535147,0.037482670855629306,0.0018536090582575249,0.3807191768395459,0.6974604900667208,0.27485747976458424,0.026716374024411578,0.0009656561442833356,0.3311871962462574,0,0,0,1.0,1.0,1.0,1.0,0.0,2.0,0.0,0.5,
Hope,AMC Southcenter 16,2026-09-22,ordinary,wide,0.1339844002428351,0.32709985832214733,0.3322993108787533,0.2066164305562643,1.6115477717484468,0.057979501473257734,0.19739068530589615,0.31634639050857566,0.42828342271227043,2.114933734459859,,,1,24.0,7.0,0.8888888888888888,0.3333333333333333,0.125,6.0,6.0,0.20689655172413793,16.09
Daniel and the Fiery Furnace,AMC Southcenter 16,2026-09-22,ordinary,unclassified,0.6529781493394945,0.3056209046836706,0.03938732117151799,0.00201362480531695,0.39043642144265744,0.6418036511624355,0.31710503744891616,0.03926527222062869,0.0018260391680195902,0.4011136993942323,,,1,14.0,2.0,1.0,0.21428571428571427,0.14285714285714285,3.0,3.0,0.3684210526315789,13.64
Avengers Endgame: Encore,AMC Southcenter 16,2026-09-22,ambiguous_special,wide,0.07923111740949705,0.23238448556729568,0.3250253322044845,0.3633590648187228,1.972512344432433,0.05067979675961959,0.17747077262509556,0.3014039489026829,0.47044548171260203,2.1916151155682675,,,1,4.0,4.0,1.0,0.25,0.0,7.0,0.0,0.23333333333333334,17.14
Batman (1989),AMC Southcenter 16,2026-09-22,ordinary,wide,0.31200896861350397,0.4404375377710484,0.20423199975379636,0.04332149386165136,0.9788660188635951,0.5810139392832626,0.35889518374047585,0.05668474312448098,0.0034061338517805736,0.48248307154477954,0,0,0,2.0,2.0,1.0,1.0,1.0,4.0,0.0,0.25,
Batman: Mask of the Phantasm (2026BD),AMC Southcenter 16,2026-09-22,ordinary,wide,0.5977881741305541,0.3433291857108802,0.05530314885561658,0.0035794913029491187,0.46467395733096073,0.8093652483695344,0.18075004416713686,0.009694440763313415,0.00019026670001535354,0.20070972579380975,0,0,0,1.0,1.0,1.0,0.0,0.0,4.0,0.0,0.4,
The Uprising,AMC Southcenter 16,2026-09-22,ordinary,wide,0.2509729987224263,0.42540328203609484,0.2514361875677461,0.07218753167373275,1.1448382521927853,0.3304387966569862,0.45533983661504523,0.18327650487216143,0.030944861855807172,0.9147274319267896,0,0,0,12.0,4.0,0.5,0.5,0.16666666666666666,6.0,2.0,0.3050847457627119,15.74
The Fix,AMC Southcenter 16,2026-09-22,ordinary,wide,0.7815727353511593,0.203901877840858,0.014145103288490748,0.00038028351949190943,0.23333293497631524,0.9541796789681996,0.04531508001007322,0.0005032274144987423,2.013607228483166e-06,0.046327575660756154,0,0,0,7.0,1.0,0.4117647058823529,0.42857142857142855,0.14285714285714285,1.0,0.0,1.0,15.74
Buddy,AMC Southcenter 16,2026-09-22,ordinary,horror,0.19994082850974879,0.3960737396241498,0.2917004533729793,0.11228497849312208,1.3163295818494747,0.18350990641130738,0.40160942864040905,0.3026682749504913,0.11221238999779226,1.3435831485347685,0,0,0,12.0,3.0,0.5,0.5,0.16666666666666666,5.0,4.0,0.23076923076923078,14.48
The Weight,AMC Southcenter 16,2026-09-22,ordinary,wide,0.13614413614537926,0.3300463480652759,0.3314787362673494,0.20233077952199544,1.599996159165961,0.13282039270731827,0.3446788994510464,0.33839953401332973,0.18410117382830565,1.573781488962623,,,1,26.0,4.0,1.0,0.4230769230769231,0.15384615384615385,7.0,7.0,0.16049382716049382,14.9525
Forgotten Island - Friendship Opening Night Event,AMC Southcenter 16,2026-09-22,special_event,wide,0.7367938038765542,0.24123936760392733,0.02123702206929229,0.0007298064502261247,0.2859028310931903,0.6788604007163661,0.2893579327098596,0.030576402326216987,0.001205264247557319,0.3541265301049655,0,0,0,1.0,1.0,1.0,1.0,0.0,4.0,0.0,0.25,22.04
AMC Screen Unseen: September 21,AMC Southcenter 16,2026-09-22,special_event,wide,0.7265661772489576,0.2494997701187974,0.023097848106741575,0.000836204525503485,0.298204079908791,0.8023920701216566,0.1869198182786196,0.010473190405739644,0.00021492119398419473,0.20851096267205146,0,0,0,1.0,1.0,1.0,1.0,0.0,7.0,0.0,0.25,
Charlie Harper,AMC Southcenter 16,2026-09-22,ordinary,specialty/limited,0.11682115539079854,0.3017285473356667,0.33663114495464874,0.2448191523188861,1.7094482942016225,0.143710242863252,0.35926605496268366,0.3321250354154589,0.16489866675860548,1.518212126069418,,,1,2.0,2.0,1.0,0.5,0.0,2.0,0.0,0.5,
If I Go Will They Miss Me,AMC Southcenter 16,2026-09-22,ordinary,unclassified,0.7545210427233715,0.2266803440953436,0.018228122203665854,0.0005704909776190403,0.2648480614355324,0.7558779578281674,0.2270931193121877,0.016582658728814884,0.00044626413083006465,0.26159722916230765,,,1,11.0,2.0,1.0,0.7272727272727273,0.2727272727272727,3.0,2.0,0.41379310344827586,15.74
Tiny Fugitives,AMC Southcenter 16,2026-09-22,ordinary,specialty/limited,0.7462056149332854,0.23354709085781467,0.019605829663453492,0.0006414645454464282,0.2746831438210609,0.748340423214905,0.23343302772545713,0.017729729293388435,0.0004968197662494139,0.27038294561098225,0,0,0,11.0,1.0,1.0,0.7272727272727273,0.18181818181818182,2.0,1.0,0.6470588235294118,15.74
The Odyssey,AMC Woodinville 12,2026-09-08,ordinary,wide,0.05063178744727696,0.16426539254932487,0.28001924640853804,0.5050835735948602,2.239554606150982,0.010293904404306106,0.04243463300748373,0.10511919001657698,0.8421522725716332,2.779129830755537,3,4,0,27.0,12.0,0.21951219512195122,0.48148148148148145,0.18518518518518517,7.0,7.0,0.1686746987951807,18.606666666666666
Spider-Man: Brand New Day,AMC Woodinville 12,2026-09-08,ordinary,wide,0.04767142466181036,0.15632164885617286,0.2724435950119459,0.5235633314700708,2.2718988332902774,3.5576669146250094e-05,0.00015320426393422966,0.000426708059185864,0.9993845110077337,2.999160153405507,3,4,0,37.0,30.0,0.18316831683168316,0.32432432432432434,0.10810810810810811,7.0,7.0,0.23166023166023167,19.947
The Hunger Games: Mockingjay - Part 2 (2026),AMC Woodinville 12,2026-09-08,special_event,wide,0.7928558815057987,0.194210498624057,0.012616530109370706,0.0003170897607736264,0.2203948281251193,0.8749002190692678,0.121080036374068,0.0039724147086338995,4.732984803024903e-05,0.12916685533542654,0,0,0,1.0,1.0,1.0,1.0,0.0,4.0,0.0,0.25,
MST3K: The RiffTrax Experiments - Sting of Death,AMC Woodinville 12,2026-09-08,special_event,wide,0.844625435997163,0.14841529749201535,0.00683825546250817,0.00012101104831348311,0.16245484156197215,0.8521054923613156,0.1421654824260613,0.005647350812574733,8.167440004834646e-05,0.15370520725135584,1,1,0,1.0,1.0,1.0,1.0,0.0,4.0,0.0,0.4,18.9
PAW Patrol: The Dino Movie,AMC Woodinville 12,2026-09-08,ordinary,family,0.3459943866922499,0.441354051999842,0.17993344746779108,0.03271811384011705,0.8993752884557753,0.625910246156916,0.32850370851012994,0.043423472194534456,0.0021625731384195468,0.42183837231445753,0,0,0,14.0,4.0,0.3888888888888889,0.21428571428571427,0.14285714285714285,5.0,5.0,0.2465753424657534,14.165
The End of Oak Street,AMC Woodinville 12,2026-09-08,ordinary,wide,0.19877314082687467,0.3951866240253441,0.2925870232847592,0.11345321186302197,1.3207203061839285,0.31387534403832,0.455127444245094,0.19540437430962926,0.0355928374069568,0.9527147050852229,0,0,0,15.0,5.0,0.3409090909090909,0.13333333333333333,0.0,6.0,5.0,0.27835051546391754,15.74
Coyote vs. Acme,AMC Woodinville 12,2026-09-08,ambiguous_special,wide,0.7356705598138733,0.24215163333253842,0.021436859656529864,0.0007409471970584038,0.28724819423677334,0.7589312663126158,0.22451089129032537,0.01613089017267457,0.0004269522243842945,0.2580535283088274,2,2,0,30.0,5.0,0.6122448979591837,0.3,0.06666666666666667,7.0,7.0,0.19696969696969696,15.74
Insidious: Out of the Further,AMC Woodinville 12,2026-09-08,ordinary,horror,0.2381550971577777,0.41965459578489406,0.2616672874027251,0.08052301965460314,1.1845582295541537,0.36218612278526185,0.45271162780285495,0.1614162403830748,0.023686009028808463,0.84660213565543,1,1,0,21.0,4.0,0.6,0.3333333333333333,0.09523809523809523,5.0,5.0,0.216,14.9525
The Dog Stars,AMC Woodinville 12,2026-09-08,ordinary,wide,0.21017134889360836,0.4034022805461646,0.28382139213178087,0.10260497842844617,1.278860000095065,0.19951511944224937,0.41442661801943304,0.2893300157113867,0.09672824682693096,1.2832713899229993,1,1,0,24.0,4.0,0.5853658536585366,0.375,0.125,7.0,7.0,0.15760869565217392,14.69
Oasis: Don't Look Back in Anger,AMC Woodinville 12,2026-09-08,ordinary,documentary,0.04367764260494673,0.14531505518490198,0.26108922220881425,0.5499180800013371,2.317247739606542,0.05277401558016638,0.18330934938089688,0.3061051838559578,0.4578114511829789,2.168954070641749,2,2,0,3.0,3.0,1.0,0.6666666666666666,0.0,4.0,0.0,0.25,14.69
By Any Means,AMC Woodinville 12,2026-09-08,ordinary,wide,0.21497850962005197,0.4065787361975125,0.28006292673160504,0.09837982745083049,1.261844072013214,0.2212703469897542,0.42854912318554017,0.270774460366939,0.07940606945776665,1.208316252292718,2,2,0,27.0,4.0,1.0,0.3333333333333333,0.14814814814814814,7.0,7.0,0.17289719626168223,14.9525
The Uprising,AMC Woodinville 12,2026-09-08,ordinary,wide,0.022544977516229442,0.08110739665328524,0.1733506805893977,0.7229969452410876,2.596799593555344,0.024713474091845124,0.09596669829004137,0.20504747440619495,0.6742723532119186,2.528878706738187,2,2,0,3.0,3.0,1.0,0.6666666666666666,0.0,6.0,0.0,0.19047619047619047,14.69
Onslaught,AMC Woodinville 12,2026-09-08,ordinary,wide,0.4937049559917626,0.40137555952688025,0.09549849237049549,0.009420992110861684,0.6206355206004562,0.5150716646026081,0.39794092585461915,0.08065966657355927,0.006327742969213475,0.5782434879093781,1,1,0,27.0,3.0,1.0,0.3333333333333333,0.14814814814814814,5.0,5.0,0.22580645161290322,14.165
Buddy,AMC Woodinville 12,2026-09-08,ordinary,horror,0.31993507231070606,0.4410784241150895,0.19841454547430917,0.040571958099895236,0.9596233893633935,0.14418401964103544,0.3598688373808757,0.3318281120968655,0.16411903088122332,1.5158821542182768,2,2,0,10.0,1.0,0.7692307692307693,0.7,0.3,7.0,6.0,0.2097902097902098,15.74
Akira,AMC Woodinville 12,2026-09-08,ordinary,family,0.5015965366525463,0.3976802485828989,0.09193554159140556,0.00878767317314918,0.6079143512851576,0.4948729193370109,0.40835091956384345,0.0891902644749788,0.007585896624166817,0.6094891383863016,1,1,0,26.0,3.0,1.0,0.34615384615384615,0.07692307692307693,5.0,5.0,0.24806201550387597,14.9525
Fall 2: Deadpoint,AMC Woodinville 12,2026-09-08,ordinary,wide,0.568817054775436,0.36136001164121323,0.06507741993098991,0.004745513652360857,0.5057513924602757,0.46882350524403094,0.4205468042755704,0.1010862682233474,0.009543422257051246,0.651349607493419,0,0,0,13.0,4.0,1.0,0.7692307692307693,0.15384615384615385,5.0,5.0,0.22413793103448276,15.74
Hope,AMC Woodinville 12,2026-09-08,ordinary,wide,0.06347283282078728,0.1967087237426342,0.30578937149957514,0.43402907193700346,2.110374682552795,0.06711847095606363,0.22069070604238572,0.32999974311763264,0.38219107988391804,2.027263431929405,2,2,0,6.0,6.0,1.0,0.3333333333333333,0.0,5.0,0.0,0.25,14.69
Cars: 20th Anniversary,AMC Woodinville 12,2026-09-08,rerelease,family,0.9986371131338778,0.001362412918998303,4.7388490976483997e-07,6.221411376093225e-11,0.0013633608754601738,0.9959663911085781,0.0040298195599932,3.7880530849197984e-06,1.278343782706597e-09,0.004037399501194388,1,1,0,6.0,1.0,1.0,0.0,0.0,4.0,3.0,0.3389830508474576,19.415
The Odyssey,AMC Woodinville 12,2026-09-14,ordinary,wide,0.105360259874513,0.28271890645466535,0.3368056164216239,0.27511521724919774,1.7816757910455063,0.03516260670748776,0.13089813695030764,0.2537532776765277,0.5801859786656769,2.3789626283003935,3,3,0,20.0,12.0,0.16260162601626016,0.55,0.15,7.0,7.0,0.16778523489932887,16.156666666666666
Spider-Man: Brand New Day,AMC Woodinville 12,2026-09-14,ordinary,wide,0.040375633982599156,0.13595682261133638,0.25063167623477506,0.5730358671712894,2.3563277765947546,3.691100951281264e-05,0.00015894943746362275,0.00044270256270251604,0.9993614369903211,2.999128665533832,3,3,0,25.0,30.0,0.12376237623762376,0.44,0.12,7.0,7.0,0.17777777777777778,16.444999999999997
Runner,AMC Woodinville 12,2026-09-14,ordinary,wide,0.4820253191459104,0.4066022914598358,0.10093821183889105,0.01043417755536275,0.6397812478037062,0.44918925587358777,0.4287436440696718,0.1107508480966654,0.011316251960075092,0.6841940961432279,,,1,26.0,4.0,1.0,0.23076923076923078,0.07692307692307693,5.0,5.0,0.21897810218978103,14.9525
The Passion of the Christ (2026 Event),AMC Woodinville 12,2026-09-14,special_event,wide,0.6701161629489364,0.2931046077223676,0.03511626403541241,0.001662965293283571,0.3683260316730431,0.5225992026416761,0.3938622936658497,0.07762938077402719,0.005909122918446998,0.5668484239692451,0,0,0,1.0,1.0,1.0,1.0,0.0,4.0,0.0,0.5,
Coyote vs. Acme,AMC Woodinville 12,2026-09-14,ambiguous_special,wide,0.6840064430536609,0.28270324510875655,0.03187381372418183,0.0014164981134007668,0.3507003668973225,0.7298722429317371,0.24875221166383413,0.02073605932312824,0.0006394860813005021,0.2921427885539921,1,1,0,28.0,5.0,0.5714285714285714,0.39285714285714285,0.14285714285714285,7.0,7.0,0.1638418079096045,14.9525
Insidious: Out of the Further,AMC Woodinville 12,2026-09-14,ordinary,horror,0.6900715947381693,0.2780919515658643,0.030517934949591,0.0013185187463754316,0.3430833777041726,0.8261754139650785,0.16572869708744953,0.007956400551337478,0.0001394883961344618,0.18205996337852787,0,0,0,6.0,4.0,0.17142857142857143,0.3333333333333333,0.16666666666666666,4.0,3.0,0.3,15.74
Practical Magic 2,AMC Woodinville 12,2026-09-14,ordinary,wide,0.12492495998984107,0.31415122936635154,0.3351109626597225,0.22581284798408485,1.6618116986380511,0.03728637085924772,0.13763270674694464,0.26181065498483536,0.5632702674089723,2.351064818943532,3,3,0,45.0,7.0,1.0,0.4,0.13333333333333333,7.0,7.0,0.20512820512820512,18.00578947368421
Oasis: Don't Look Back in Anger,AMC Woodinville 12,2026-09-14,ordinary,documentary,0.6006675464763795,0.3414671309226506,0.054387078145941695,0.0034782444550282058,0.46067602057961854,0.5928426064637741,0.35116133064304056,0.0529650036236832,0.003031059269502142,0.4661845156989134,1,1,0,19.0,3.0,1.0,0.2631578947368421,0.10526315789473684,4.0,4.0,0.2777777777777778,14.9525
By Any Means,AMC Woodinville 12,2026-09-14,ordinary,wide,0.16802254627673002,0.367780763258472,0.31442610523041176,0.1497705852343863,1.4459447294224543,0.1978966930403446,0.4132284458955986,0.29069678734075344,0.09817807372330335,1.2891562417470155,1,1,0,23.0,4.0,0.7666666666666667,0.34782608695652173,0.08695652173913043,7.0,7.0,0.16774193548387098,14.308181818181817
The Uprising,AMC Woodinville 12,2026-09-14,ordinary,wide,0.33640333240296694,0.4415674958024331,0.18661655564668025,0.03541261614791971,0.9210384555395528,0.33161121872339294,0.4553117343071483,0.18243664135242701,0.030640405617031775,0.9121062338630976,1,1,0,26.0,4.0,1.0,0.46153846153846156,0.15384615384615385,6.0,6.0,0.1836734693877551,14.9525
Buddy,AMC Woodinville 12,2026-09-14,ordinary,horror,0.37403046389116873,0.43878588763597604,0.1612270352695112,0.02595661320334409,0.8391097977850307,0.20025386545867468,0.41496645824278505,0.2887051457274631,0.09607453057107712,1.2806003414109426,1,1,0,13.0,1.0,1.0,0.46153846153846156,0.15384615384615385,7.0,5.0,0.26595744680851063,15.74
Akira,AMC Woodinville 12,2026-09-14,ordinary,family,0.7394306162970162,0.2390929683039981,0.02077225195690533,0.0007041634420803335,0.28274996254404977,0.830073359193295,0.16221640504115473,0.007580920603150477,0.00012931516239985427,0.17776619173465524,0,0,0,6.0,3.0,0.23076923076923078,0.3333333333333333,0.0,5.0,3.0,0.32727272727272727,15.74
The Weight,AMC Woodinville 12,2026-09-14,ordinary,wide,0.34993634140431573,0.4411645839750693,0.17722798062712827,0.03167109399348669,0.890633827209786,0.29195034708933937,0.45297893150276747,0.21218999566218352,0.04288072574570959,1.0060011000642635,,,1,2.0,2.0,1.0,0.5,0.0,5.0,0.0,0.25,15.74
Hope,AMC Woodinville 12,2026-09-14,ordinary,wide,0.2946688488575008,0.43805641181780414,0.21725021303145534,0.05002452629323975,1.022630416760434,0.18170084612412185,0.4000206938709724,0.3041439766529304,0.11413448335197543,1.3507120972327595,1,1,0,19.0,7.0,1.0,0.5789473684210527,0.21052631578947367,6.0,6.0,0.19696969696969696,14.690000000000001
The Odyssey,AMC Woodinville 12,2026-09-21,ordinary,wide,0.14972914566635434,0.34740315576165776,0.32521139131403204,0.17765630725795586,1.5307948601635895,0.07208826803395148,0.23264008823201887,0.3354639540431924,0.35980768969083726,1.9829910653909155,,,1,21.0,12.0,0.17073170731707318,0.47619047619047616,0.19047619047619047,6.0,5.0,0.20689655172413793,15.387777777777776
Spider-Man: Brand New Day,AMC Woodinville 12,2026-09-21,ordinary,wide,0.054006917297874046,0.17310480190648778,0.28785302587453365,0.4850352549211046,2.203916618418869,6.773689872708512e-05,0.00029165587442885255,0.0008120133876029159,0.998828593839241,2.9984014641673578,,,1,21.0,30.0,0.10396039603960396,0.47619047619047616,0.14285714285714285,7.0,7.0,0.16981132075471697,16.54111111111111
Runner,AMC Woodinville 12,2026-09-21,ordinary,wide,0.26971687986919163,0.43207831358052956,0.23658343012677482,0.06162137642350406,1.0901093031045914,0.18250383310027973,0.4007295180436011,0.30348995580812815,0.1132766930479911,1.3475395088038307,,,1,24.0,4.0,0.7741935483870968,0.375,0.125,6.0,5.0,0.225,14.69
Coyote vs. Acme,AMC Woodinville 12,2026-09-21,ambiguous_special,wide,0.7656336667697063,0.21740308778861162,0.01647802043403379,0.00048522500764825214,0.25181480367962394,0.8416718250006904,0.15170241354684352,0.00652350773568621,0.0001022537167798779,0.16505619016855558,0,0,0,14.0,5.0,0.2857142857142857,0.21428571428571427,0.07142857142857142,7.0,7.0,0.18243243243243243,13.94
Practical Magic 2,AMC Woodinville 12,2026-09-21,ordinary,wide,0.22339483370480304,0.4117458609814673,0.273421822928086,0.09143748238564361,1.23290195399457,0.11358739238587498,0.31523643056745554,0.34611244535945035,0.22506373168721922,1.682652516348014,,,1,24.0,7.0,0.4897959183673469,0.4583333333333333,0.08333333333333333,7.0,7.0,0.1696969696969697,14.9525
The Uprising,AMC Woodinville 12,2026-09-21,ordinary,wide,0.2928767003816305,0.43773042946861884,0.21861692263954252,0.05077594751020814,1.0272921172783283,0.3798035139057696,0.4496983868816287,0.1500775027912724,0.02042059642132924,0.8111151817281612,0,0,0,18.0,4.0,0.6206896551724138,0.5555555555555556,0.1111111111111111,6.0,2.0,0.3050847457627119,15.74
Batman (1989),AMC Woodinville 12,2026-09-21,ordinary,wide,0.5689911463478341,0.3612556221806152,0.06501559066817557,0.004737640803375138,0.5054997259270917,0.7907540315864628,0.1971342528104388,0.011850420099996643,0.0002612955031017057,0.2216189795197372,0,0,0,2.0,2.0,1.0,1.0,1.0,4.0,0.0,0.25,
Buddy,AMC Woodinville 12,2026-09-21,ordinary,horror,0.4285566125458574,0.4264863806570811,0.12847710268352167,0.01647990411353982,0.7328802983647439,0.41111503227470175,0.44191369342421255,0.13129967665951464,0.01567159764157115,0.7515278396679553,0,0,0,12.0,1.0,0.8,0.5,0.16666666666666666,5.0,4.0,0.23076923076923078,15.74
Resident Evil,AMC Woodinville 12,2026-09-21,ordinary,wide,0.03146311346160528,0.10948081192765874,0.21686365408965932,0.6421924205210767,2.4697853816702073,0.004978059134888944,0.020988120150606596,0.055169167993195274,0.9188646527213092,2.887920414300925,,,1,58.0,7.0,1.0,0.46551724137931033,0.15517241379310345,7.0,7.0,0.2578616352201258,20.053461538461537
The Weight,AMC Woodinville 12,2026-09-21,ordinary,wide,0.3818651773928532,0.4375827783889904,0.15622508346858602,0.024326960749570463,0.8230138275748738,0.341398847219355,0.45486411052111503,0.1755223473037169,0.028214694955813083,0.890552889995988,,,1,24.0,3.0,1.0,0.375,0.08333333333333333,7.0,7.0,0.16049382716049382,14.9525
Avengers Endgame: Encore,AMC Woodinville 12,2026-09-21,ambiguous_special,wide,0.21297743593218363,0.4052767362108026,0.2816310718981002,0.1001147559589135,1.2688831478837437,0.10432199309492327,0.29921326955628985,0.34770854414028723,0.24875619320849968,1.7408989374623633,,,1,4.0,4.0,1.0,0.5,0.0,7.0,0.0,0.23333333333333334,17.315
Hope,AMC Woodinville 12,2026-09-21,ordinary,wide,0.38504050885501107,0.43703802587628376,0.1542261714122139,0.023695293856491346,0.8165762502701855,0.35344715364788226,0.453808996351786,0.16725036957655695,0.025493480423774834,0.8647901767762244,0,0,0,12.0,7.0,0.5714285714285714,1.0,0.3333333333333333,6.0,6.0,0.20689655172413793,15.74
