Film,Theater,first_announced_date,last_seen_date
Casino,The Beacon,2025-07-11,2025-07-29
Rotating Signals: The Contemporary Korean Avant-Garde,The Beacon,2025-07-11,2025-07-27
Cosmopolis,The Beacon,2025-07-11,2025-08-21
Network,The Beacon,2025-07-11,2025-07-24
Wreckers Of Civilization: The Beacon Guide To Throbbing Gristle,The Beacon,2025-07-11,2025-07-18
Chinatown,The Beacon,2025-07-11,2025-07-17
The Fugitive Kind,The Beacon,2025-07-11,2025-08-25
Shock Corridor,The Beacon,2025-07-11,2025-07-23
Christopher Strong,The Beacon,2025-07-11,2025-07-20
Boom!,The Beacon,2025-07-11,2025-09-05
A Tale Of Sorrow And Sadness,The Beacon,2025-07-11,2025-07-31
Rent The Beacon,The Beacon,2025-07-11,2025-09-05
The A-Frame,The Beacon,2025-07-11,2025-08-09
"Rosa La Rose, Public Girl",The Beacon,2025-07-11,2025-07-11
Secs Fest Presents Blonde Ambition,The Beacon,2025-07-11,2025-08-01
Sweet Smell Of Success,The Beacon,2025-07-11,2025-07-22
Ed Wood: Made In Hollywood Usa W/ Will Sloan,The Beacon,2025-07-11,2025-07-17
Blackhat,The Beacon,2025-07-11,2025-08-07
Ed Wood,The Beacon,2025-07-11,2025-07-24
A Streetcar Named Desire,The Beacon,2025-07-11,2025-08-06
Taxi Zum Klo,The Beacon,2025-07-11,2025-08-12
Vegas In Space,The Beacon,2025-07-11,2025-07-20
Spring Breakers,The Beacon,2025-07-11,2025-08-04
Demonlover,The Beacon,2025-07-11,2025-08-14
The Day I Became A Woman,The Beacon,2025-07-11,2025-08-05
Sixteen Tongues,The Beacon,2025-07-11,2025-08-13
"Sudan, Remember Us",The Beacon,2025-07-11,2025-08-18
Dream Life,The Beacon,2025-07-11,2025-07-17
Cat On A Hot Tin Roof,The Beacon,2025-07-11,2025-08-18
"They Shoot Horses, Don'T They?",The Beacon,2025-07-11,2025-07-15
There Will Be Blood,The Beacon,2025-07-11,2025-07-12
New Rose Hotel,The Beacon,2025-07-11,2025-08-19
Merrily We Go To Hell,The Beacon,2025-07-11,2025-07-13
The Searchers,The Beacon,2025-07-11,2025-07-14
Fresh Kill,The Beacon,2025-07-11,2025-08-22
Something Weird Presents Teenage Gang Debs & Blonde On A Bum Trip,The Beacon,2025-07-11,2025-08-14
"Dance, Girl, Dance",The Beacon,2025-07-11,2025-07-28
Underwater Love W/ Uh Oh,The Beacon,2025-07-11,2025-07-26
The Passion Of Joan Of Arc W/ Lori Goldston,The Beacon,2025-07-11,2025-07-28
Five Minutes To Live!,The Beacon,2025-07-11,2025-09-05
Baby Doll,The Beacon,2025-07-11,2025-08-10
Caught by the Tides,SIFF Cinema Uptown,2025-07-11,2025-08-07
L.A. Noir: L.A. Confidential (35mm),SIFF Cinema Uptown,2025-07-11,2025-09-05
28 Years Later,SIFF Cinema Uptown,2025-07-11,2025-07-17
Art House Theater Day: Tomboy,SIFF Cinema Uptown,2025-07-11,2025-07-24
SIFF Movie Club: They Live,SIFF Cinema Uptown,2025-07-11,2025-08-13
Little Buddha (New 4K Restoration),SIFF Cinema Uptown,2025-07-11,2025-07-20
L.A. Noir: Kiss Me Deadly,SIFF Cinema Uptown,2025-07-11,2025-09-05
Marlee Matlin: Not Alone Anymore,SIFF Cinema Uptown,2025-07-11,2025-07-17
SIFF Movie Club: Green Room,SIFF Cinema Uptown,2025-07-11,2025-09-05
SIFF 'n' Stitch: 10 Things I Hate About You,SIFF Cinema Uptown,2025-07-11,2025-08-10
L.A. Noir: Drive,SIFF Cinema Uptown,2025-07-11,2025-09-05
CatVideoFest 2025,SIFF Cinema Uptown,2025-07-11,2025-08-17
Together,SIFF Cinema Uptown,2025-07-11,2025-08-14
National Theatre Live: Inter Alia,SIFF Film Center,2025-07-11,2025-09-05
Jurassic World Rebirth,SIFF Cinema Downtown,2025-07-11,2025-07-24
SIFF Movie Club: The Night of the Hunter (70th Anniversary),SIFF Cinema Uptown,2025-07-11,2025-09-05
L.A. Noir: Inherent Vice,SIFF Cinema Uptown,2025-07-11,2025-09-05
The Phoenician Scheme,SIFF Cinema Uptown,2025-07-11,2025-07-17
SIFF Movie Club: The Ascent,SIFF Cinema Uptown,2025-07-11,2025-09-05
L.A. Noir: Cutter’s Way (35mm),SIFF Cinema Uptown,2025-07-11,2025-09-05
Emerald City Short Film Festival,SIFF Film Center,2025-07-11,2025-08-01
Secret Screening #2,SIFF Cinema Uptown,2025-07-11,2025-07-31
Eddington,SIFF Cinema Uptown,2025-07-11,2025-08-07
L.A. Noir: The Long Goodbye,SIFF Cinema Uptown,2025-07-11,2025-09-05
SIFF 'n' Stitch: Little Miss Sunshine,SIFF Cinema Uptown,2025-07-11,2025-07-20
CLASSIFIED CINEMA,SIFF Cinema Uptown,2025-07-11,2025-09-05
Year of the Fox,SIFF Film Center,2025-07-11,2025-07-14
SIFF Movie Club: The Florida Project,SIFF Cinema Uptown,2025-07-11,2025-09-03
L.A. Noir: The Two Jakes,SIFF Cinema Uptown,2025-07-11,2025-09-05
"Sorry, Baby",SIFF Cinema Uptown,2025-07-11,2025-08-14
To a Land Unknown,SIFF Film Center,2025-07-11,2025-07-21
L.A. Noir: Heat (30th Anniversary),SIFF Cinema Uptown,2025-07-11,2025-09-05
L.A. Noir: The Limey,SIFF Cinema Uptown,2025-07-11,2025-09-05
L.A. Noir: Point Blank,SIFF Cinema Uptown,2025-07-11,2025-09-05
Art House Theater Day: Tangerine,SIFF Cinema Uptown,2025-07-11,2025-07-24
Thunderbolts*,AMC River Park Square 20,2025-07-11,2025-09-05
A Minecraft Movie,AMC River Park Square 20,2025-07-11,2025-09-05
Sinners,AMC River Park Square 20,2025-07-11,2025-09-05
The Surfer,AMC River Park Square 20,2025-07-11,2025-09-05
Disney's Snow White,AMC River Park Square 20,2025-07-11,2025-09-05
Shadow Force,AMC River Park Square 20,2025-07-11,2025-09-05
Clown in a Cornfield,AMC River Park Square 20,2025-07-11,2025-09-05
Until Dawn,AMC River Park Square 20,2025-07-11,2025-09-05
The Accountant 2,AMC River Park Square 20,2025-07-11,2025-09-05
Fight or Flight,AMC River Park Square 20,2025-07-11,2025-09-05
Watch the Skies,AMC River Park Square 20,2025-07-11,2025-09-05
The Amateur,AMC River Park Square 20,2025-07-11,2025-09-05
Juliet & Romeo,AMC River Park Square 20,2025-07-11,2025-09-05
The King of Kings,AMC River Park Square 20,2025-07-11,2025-09-05
Warfare,AMC River Park Square 20,2025-07-11,2025-09-05
Words of War,AMC River Park Square 20,2025-07-11,2025-09-05
Wolf Children 4K,AMC River Park Square 20,2025-07-11,2025-09-05
Becoming Led Zeppelin,AMC River Park Square 20,2025-07-11,2025-09-05
Fight or Flight,AMC Kent Station 14,2025-07-11,2025-09-05
Clown in a Cornfield,AMC Kent Station 14,2025-07-11,2025-09-05
Thunderbolts*,AMC Kent Station 14,2025-07-11,2025-09-05
Shadow Force,AMC Kent Station 14,2025-07-11,2025-09-05
Until Dawn,AMC Kent Station 14,2025-07-11,2025-09-05
A Minecraft Movie,AMC Kent Station 14,2025-07-11,2025-09-05
Juliet & Romeo,AMC Kent Station 14,2025-07-11,2025-09-05
The Accountant 2,AMC Kent Station 14,2025-07-11,2025-09-05
Sinners,AMC Kent Station 14,2025-07-11,2025-09-05
The King of Kings,AMC Kent Station 14,2025-07-11,2025-09-05
Disney's Snow White,AMC Kent Station 14,2025-07-11,2025-09-05
Hung Up on a Dream: The Zombies Documentary,AMC Kent Station 14,2025-07-11,2025-09-05
Show Me Your Glory,AMC Kent Station 14,2025-07-11,2025-09-05
The Surfer,AMC Kent Station 14,2025-07-11,2025-09-05
Thunderbolts*,AMC Southcenter 16,2025-07-11,2025-09-05
Sinners,AMC Southcenter 16,2025-07-11,2025-09-05
A Minecraft Movie,AMC Southcenter 16,2025-07-11,2025-09-05
Juliet & Romeo,AMC Southcenter 16,2025-07-11,2025-09-05
Watch the Skies,AMC Southcenter 16,2025-07-11,2025-09-05
The Accountant 2,AMC Southcenter 16,2025-07-11,2025-09-05
Money Kisses / Nu Hon Bac Ty,AMC Southcenter 16,2025-07-11,2025-09-05
Shadow Force,AMC Southcenter 16,2025-07-11,2025-09-05
Disney's Snow White,AMC Southcenter 16,2025-07-11,2025-09-05
The Ancestral Home / Nha Gia Tien,AMC Southcenter 16,2025-07-11,2025-09-05
Until Dawn,AMC Southcenter 16,2025-07-11,2025-09-05
Fight or Flight,AMC Southcenter 16,2025-07-11,2025-09-05
Tear of Autumn,AMC Southcenter 16,2025-07-11,2025-09-05
Guru Nanak Jahaz,AMC Southcenter 16,2025-07-11,2025-09-05
Words of War,AMC Southcenter 16,2025-07-11,2025-09-05
The Surfer,AMC Southcenter 16,2025-07-11,2025-09-05
Clown in a Cornfield,AMC Southcenter 16,2025-07-11,2025-09-05
Wolf Children 4K,AMC Southcenter 16,2025-07-11,2025-09-05
Fight or Flight,AMC Progress Ridge 13,2025-07-11,2025-09-05
Sinners,AMC Progress Ridge 13,2025-07-11,2025-09-05
Juliet & Romeo,AMC Progress Ridge 13,2025-07-11,2025-09-05
The Accountant 2,AMC Progress Ridge 13,2025-07-11,2025-09-05
Clown in a Cornfield,AMC Progress Ridge 13,2025-07-11,2025-09-05
Shadow Force,AMC Progress Ridge 13,2025-07-11,2025-09-05
A Minecraft Movie,AMC Progress Ridge 13,2025-07-11,2025-09-05
Thunderbolts*,AMC Progress Ridge 13,2025-07-11,2025-09-05
Until Dawn,AMC Progress Ridge 13,2025-07-11,2025-09-05
Disney's Snow White,AMC Progress Ridge 13,2025-07-11,2025-09-05
Thunderbolts*,AMC Vancouver Mall 23,2025-07-11,2025-09-05
A Minecraft Movie,AMC Vancouver Mall 23,2025-07-11,2025-09-05
Sinners,AMC Vancouver Mall 23,2025-07-11,2025-09-05
Juliet & Romeo,AMC Vancouver Mall 23,2025-07-11,2025-09-05
The Accountant 2,AMC Vancouver Mall 23,2025-07-11,2025-09-05
Watch the Skies,AMC Vancouver Mall 23,2025-07-11,2025-09-05
The Surfer,AMC Vancouver Mall 23,2025-07-11,2025-09-05
Shadow Force,AMC Vancouver Mall 23,2025-07-11,2025-09-05
Disney's Snow White,AMC Vancouver Mall 23,2025-07-11,2025-09-05
Fight or Flight,AMC Vancouver Mall 23,2025-07-11,2025-09-05
Wolf Children 4K,AMC Vancouver Mall 23,2025-07-11,2025-09-05
Until Dawn,AMC Vancouver Mall 23,2025-07-11,2025-09-05
Clown in a Cornfield,AMC Vancouver Mall 23,2025-07-11,2025-09-05
Thunderbolts*,AMC Pacific Place 11,2025-07-11,2025-09-05
Watch the Skies,AMC Pacific Place 11,2025-07-11,2025-09-05
A Minecraft Movie,AMC Pacific Place 11,2025-07-11,2025-09-05
A Gilded Game,AMC Pacific Place 11,2025-07-11,2025-09-05
Fight or Flight,AMC Pacific Place 11,2025-07-11,2025-09-05
Shadow Force,AMC Pacific Place 11,2025-07-11,2025-09-05
The Accountant 2,AMC Pacific Place 11,2025-07-11,2025-09-05
Sinners,AMC Pacific Place 11,2025-07-11,2025-09-05
Trapped (dir. Zhang),AMC Pacific Place 11,2025-07-11,2025-09-05
Clown in a Cornfield,AMC Pacific Place 11,2025-07-11,2025-09-05
Magic Farm,AMC Pacific Place 11,2025-07-11,2025-09-05
Thunderbolts*,AMC Kitsap 8,2025-07-11,2025-09-05
Shadow Force,AMC Kitsap 8,2025-07-11,2025-09-05
Fight or Flight,AMC Kitsap 8,2025-07-11,2025-09-05
The Accountant 2,AMC Kitsap 8,2025-07-11,2025-09-05
A Minecraft Movie,AMC Kitsap 8,2025-07-11,2025-09-05
Sinners,AMC Kitsap 8,2025-07-11,2025-09-05
Until Dawn,AMC Kitsap 8,2025-07-11,2025-09-05
Thunderbolts*,AMC Factoria 8,2025-07-11,2025-09-05
Sinners,AMC Factoria 8,2025-07-11,2025-09-05
A Minecraft Movie,AMC Factoria 8,2025-07-11,2025-09-05
Fight or Flight,AMC Factoria 8,2025-07-11,2025-09-05
The Accountant 2,AMC Factoria 8,2025-07-11,2025-09-05
Shadow Force,AMC Factoria 8,2025-07-11,2025-09-05
Thunderbolts*,AMC Oak Tree 6,2025-07-11,2025-09-05
Shadow Force,AMC Oak Tree 6,2025-07-11,2025-09-05
The Accountant 2,AMC Oak Tree 6,2025-07-11,2025-09-05
Sinners,AMC Oak Tree 6,2025-07-11,2025-09-05
A Minecraft Movie,AMC Oak Tree 6,2025-07-11,2025-09-05
Fight or Flight,AMC CLASSIC Cascade Mall 14,2025-07-11,2025-09-05
Sinners,AMC CLASSIC Cascade Mall 14,2025-07-11,2025-09-05
Thunderbolts*,AMC CLASSIC Cascade Mall 14,2025-07-11,2025-09-05
The Surfer,AMC CLASSIC Cascade Mall 14,2025-07-11,2025-09-05
A Minecraft Movie,AMC CLASSIC Cascade Mall 14,2025-07-11,2025-09-05
The Accountant 2,AMC CLASSIC Cascade Mall 14,2025-07-11,2025-09-05
Clown in a Cornfield,AMC CLASSIC Cascade Mall 14,2025-07-11,2025-09-05
Shadow Force,AMC CLASSIC Cascade Mall 14,2025-07-11,2025-09-05
Disney's Snow White,AMC CLASSIC Cascade Mall 14,2025-07-11,2025-09-05
Juliet & Romeo,AMC CLASSIC Cascade Mall 14,2025-07-11,2025-09-05
Until Dawn,AMC CLASSIC Cascade Mall 14,2025-07-11,2025-09-05
Thunderbolts*,AMC Woodinville 12,2025-07-11,2025-09-05
Sinners,AMC Woodinville 12,2025-07-11,2025-09-05
The Accountant 2,AMC Woodinville 12,2025-07-11,2025-09-05
The Surfer,AMC Woodinville 12,2025-07-11,2025-09-05
Shadow Force,AMC Woodinville 12,2025-07-11,2025-09-05
Disney's Snow White,AMC Woodinville 12,2025-07-11,2025-09-05
A Minecraft Movie,AMC Woodinville 12,2025-07-11,2025-09-05
Fight or Flight,AMC Woodinville 12,2025-07-11,2025-09-05
The King of Kings,AMC Woodinville 12,2025-07-11,2025-09-05
Warfare,AMC Woodinville 12,2025-07-11,2025-09-05
Until Dawn,AMC Woodinville 12,2025-07-11,2025-09-05
Clown in a Cornfield,AMC Woodinville 12,2025-07-11,2025-09-05
Becoming Led Zeppelin,AMC Woodinville 12,2025-07-11,2025-09-05
Show Me Your Glory,AMC Woodinville 12,2025-07-11,2025-09-05
Thunderbolts*,AMC Alderwood Mall 16,2025-07-11,2025-09-05
The Ancestral Home / Nha Gia Tien,AMC Alderwood Mall 16,2025-07-11,2025-09-05
The Amateur,AMC Alderwood Mall 16,2025-07-11,2025-09-05
Warfare,AMC Alderwood Mall 16,2025-07-11,2025-09-05
Sinners,AMC Alderwood Mall 16,2025-07-11,2025-09-05
Juliet & Romeo,AMC Alderwood Mall 16,2025-07-11,2025-09-05
Fight or Flight,AMC Alderwood Mall 16,2025-07-11,2025-09-05
The Accountant 2,AMC Alderwood Mall 16,2025-07-11,2025-09-05
Watch the Skies,AMC Alderwood Mall 16,2025-07-11,2025-09-05
A Minecraft Movie,AMC Alderwood Mall 16,2025-07-11,2025-09-05
Shadow Force,AMC Alderwood Mall 16,2025-07-11,2025-09-05
Clown in a Cornfield,AMC Alderwood Mall 16,2025-07-11,2025-09-05
Until Dawn,AMC Alderwood Mall 16,2025-07-11,2025-09-05
Disney's Snow White,AMC Alderwood Mall 16,2025-07-11,2025-09-05
The Surfer,AMC Alderwood Mall 16,2025-07-11,2025-09-05
Hung Up on a Dream: The Zombies Documentary,AMC Alderwood Mall 16,2025-07-11,2025-09-05
Show Me Your Glory,AMC Alderwood Mall 16,2025-07-11,2025-09-05
Wolf Children 4K,AMC Alderwood Mall 16,2025-07-11,2025-09-05
Fight or Flight,AMC CLASSIC Corvallis 12,2025-07-11,2025-09-05
Thunderbolts*,AMC CLASSIC Corvallis 12,2025-07-11,2025-09-05
Sinners,AMC CLASSIC Corvallis 12,2025-07-11,2025-09-05
Watch the Skies,AMC CLASSIC Corvallis 12,2025-07-11,2025-09-05
Juliet & Romeo,AMC CLASSIC Corvallis 12,2025-07-11,2025-09-05
Until Dawn,AMC CLASSIC Corvallis 12,2025-07-11,2025-09-05
The Accountant 2,AMC CLASSIC Corvallis 12,2025-07-11,2025-09-05
Shadow Force,AMC CLASSIC Corvallis 12,2025-07-11,2025-09-05
A Minecraft Movie,AMC CLASSIC Corvallis 12,2025-07-11,2025-09-05
Disney's Snow White,AMC CLASSIC Corvallis 12,2025-07-11,2025-09-05
Subham,AMC CLASSIC Corvallis 12,2025-07-11,2025-09-05
Wolf Children 4K,AMC CLASSIC Corvallis 12,2025-07-11,2025-09-05
Clown in a Cornfield,AMC CLASSIC Corvallis 12,2025-07-11,2025-09-05
Juliet & Romeo,AMC CLASSIC Kennewick 12,2025-07-11,2025-09-05
Subham,AMC CLASSIC Kennewick 12,2025-07-11,2025-09-05
Thunderbolts*,AMC CLASSIC Kennewick 12,2025-07-11,2025-09-05
A Minecraft Movie,AMC CLASSIC Kennewick 12,2025-07-11,2025-09-05
The Accountant 2,AMC CLASSIC Kennewick 12,2025-07-11,2025-09-05
Shadow Force,AMC CLASSIC Kennewick 12,2025-07-11,2025-09-05
Fight or Flight,AMC CLASSIC Kennewick 12,2025-07-11,2025-09-05
Clown in a Cornfield,AMC CLASSIC Kennewick 12,2025-07-11,2025-09-05
Sinners,AMC CLASSIC Kennewick 12,2025-07-11,2025-09-05
Disney's Snow White,AMC CLASSIC Kennewick 12,2025-07-11,2025-09-05
Until Dawn,AMC CLASSIC Kennewick 12,2025-07-11,2025-09-05
Show Me Your Glory,AMC CLASSIC Kennewick 12,2025-07-11,2025-09-05
Hurry Up Tomorrow - Fan Event,AMC River Park Square 20,2025-07-11,2025-09-05
Kingdom of Heaven Director's Cut,AMC River Park Square 20,2025-07-11,2025-09-05
DEMON SLAYER -KIMETSU NO YAIBA- THE MOVIE: MUGEN TRAIN,AMC River Park Square 20,2025-07-11,2025-09-05
ATEEZ WORLD TOUR [TOWARDS THE LIGHT : WILL TO POWER] IN CINEMAS,AMC River Park Square 20,2025-07-11,2025-09-05
The Accountant 2: Sensory Friendly Screening,AMC River Park Square 20,2025-07-11,2025-09-05
Hurry Up Tomorrow - Fan Event,AMC Kent Station 14,2025-07-11,2025-09-05
Kingdom of Heaven Director's Cut,AMC Kent Station 14,2025-07-11,2025-09-05
DEMON SLAYER -KIMETSU NO YAIBA- THE MOVIE: MUGEN TRAIN,AMC Kent Station 14,2025-07-11,2025-09-05
The Accountant 2: Sensory Friendly Screening,AMC Kent Station 14,2025-07-11,2025-09-05
Hurry Up Tomorrow - Fan Event,AMC Southcenter 16,2025-07-11,2025-09-05
Kingdom of Heaven Director's Cut,AMC Southcenter 16,2025-07-11,2025-09-05
DEMON SLAYER -KIMETSU NO YAIBA- THE MOVIE: MUGEN TRAIN,AMC Southcenter 16,2025-07-11,2025-09-05
Ma: Halfway to Halloween,AMC Southcenter 16,2025-07-11,2025-09-05
ATEEZ WORLD TOUR [TOWARDS THE LIGHT : WILL TO POWER] IN CINEMAS,AMC Southcenter 16,2025-07-11,2025-09-05
The Surfer,AMC Progress Ridge 13,2025-07-11,2025-09-05
Hurry Up Tomorrow - Fan Event,AMC Progress Ridge 13,2025-07-11,2025-09-05
Kingdom of Heaven Director's Cut,AMC Progress Ridge 13,2025-07-11,2025-09-05
Hurry Up Tomorrow - Fan Event,AMC Vancouver Mall 23,2025-07-11,2025-09-05
Kingdom of Heaven Director's Cut,AMC Vancouver Mall 23,2025-07-11,2025-09-05
DEMON SLAYER -KIMETSU NO YAIBA- THE MOVIE: MUGEN TRAIN,AMC Vancouver Mall 23,2025-07-11,2025-09-05
Ma: Halfway to Halloween,AMC Vancouver Mall 23,2025-07-11,2025-09-05
Shadow Force,AMC CLASSIC Mill Plain 8,2025-07-11,2025-09-05
Thunderbolts*,AMC CLASSIC Mill Plain 8,2025-07-11,2025-09-05
Until Dawn,AMC CLASSIC Mill Plain 8,2025-07-11,2025-09-05
A Minecraft Movie,AMC CLASSIC Mill Plain 8,2025-07-11,2025-09-05
Clown in a Cornfield,AMC CLASSIC Mill Plain 8,2025-07-11,2025-09-05
The Accountant 2,AMC CLASSIC Mill Plain 8,2025-07-11,2025-09-05
Sinners,AMC CLASSIC Mill Plain 8,2025-07-11,2025-09-05
The Amateur,AMC CLASSIC Mill Plain 8,2025-07-11,2025-09-05
Hurry Up Tomorrow - Fan Event,AMC Pacific Place 11,2025-07-11,2025-09-05
Hurry Up Tomorrow - Fan Event,AMC Factoria 8,2025-07-11,2025-09-05
Hurry Up Tomorrow - Fan Event,AMC Oak Tree 6,2025-07-11,2025-09-05
Thunderbolts*,AMC Lakewood Mall 12,2025-07-11,2025-09-05
The King of Kings,AMC Lakewood Mall 12,2025-07-11,2025-09-05
Until Dawn,AMC Lakewood Mall 12,2025-07-11,2025-09-05
Warfare,AMC Lakewood Mall 12,2025-07-11,2025-09-05
Sinners,AMC Lakewood Mall 12,2025-07-11,2025-09-05
Shadow Force,AMC Lakewood Mall 12,2025-07-11,2025-09-05
The Accountant 2,AMC Lakewood Mall 12,2025-07-11,2025-09-05
Fight or Flight,AMC Lakewood Mall 12,2025-07-11,2025-09-05
A Minecraft Movie,AMC Lakewood Mall 12,2025-07-11,2025-09-05
Clown in a Cornfield,AMC Lakewood Mall 12,2025-07-11,2025-09-05
Hurry Up Tomorrow - Fan Event,AMC Lakewood Mall 12,2025-07-11,2025-09-05
Ma: Halfway to Halloween,AMC Lakewood Mall 12,2025-07-11,2025-09-05
Hurry Up Tomorrow - Fan Event,AMC CLASSIC Cascade Mall 14,2025-07-11,2025-09-05
The Accountant 2: Sensory Friendly Screening,AMC CLASSIC Cascade Mall 14,2025-07-11,2025-09-05
Hurry Up Tomorrow - Fan Event,AMC Woodinville 12,2025-07-11,2025-09-05
Kingdom of Heaven Director's Cut,AMC Woodinville 12,2025-07-11,2025-09-05
Hurry Up Tomorrow - Fan Event,AMC Alderwood Mall 16,2025-07-11,2025-09-05
Kingdom of Heaven Director's Cut,AMC Alderwood Mall 16,2025-07-11,2025-09-05
ATEEZ WORLD TOUR [TOWARDS THE LIGHT : WILL TO POWER] IN CINEMAS,AMC Alderwood Mall 16,2025-07-11,2025-09-05
DEMON SLAYER -KIMETSU NO YAIBA- THE MOVIE: MUGEN TRAIN,AMC Alderwood Mall 16,2025-07-11,2025-09-05
Ma: Halfway to Halloween,AMC Alderwood Mall 16,2025-07-11,2025-09-05
Hurry Up Tomorrow - Fan Event,AMC CLASSIC Corvallis 12,2025-07-11,2025-09-05
Hurry Up Tomorrow - Fan Event,AMC CLASSIC Kennewick 12,2025-07-11,2025-09-05
Final Destination Bloodlines,AMC River Park Square 20,2025-07-11,2025-09-05
Things Like This,AMC River Park Square 20,2025-07-11,2025-09-05
Hurry Up Tomorrow,AMC River Park Square 20,2025-07-11,2025-09-05
A Desert,AMC River Park Square 20,2025-07-11,2025-09-05
The Ruse,AMC River Park Square 20,2025-07-11,2025-09-05
Final Destination Bloodlines,AMC Kent Station 14,2025-07-11,2025-09-05
Hurry Up Tomorrow,AMC Kent Station 14,2025-07-11,2025-09-05
Final Destination Bloodlines,AMC Southcenter 16,2025-07-11,2025-09-05
Hurry Up Tomorrow,AMC Southcenter 16,2025-07-11,2025-09-05
Things Like This,AMC Southcenter 16,2025-07-11,2025-09-05
The Ruse,AMC Southcenter 16,2025-07-11,2025-09-05
Final Destination Bloodlines,AMC Progress Ridge 13,2025-07-11,2025-09-05
Warfare,AMC Progress Ridge 13,2025-07-11,2025-09-05
Hurry Up Tomorrow,AMC Progress Ridge 13,2025-07-11,2025-09-05
A Desert,AMC Progress Ridge 13,2025-07-11,2025-09-05
Final Destination Bloodlines,AMC Vancouver Mall 23,2025-07-11,2025-09-05
Things Like This,AMC Vancouver Mall 23,2025-07-11,2025-09-05
Hurry Up Tomorrow,AMC Vancouver Mall 23,2025-07-11,2025-09-05
Final Destination Bloodlines,AMC CLASSIC Mill Plain 8,2025-07-11,2025-09-05
Final Destination Bloodlines,AMC Pacific Place 11,2025-07-11,2025-09-05
Friendship,AMC Pacific Place 11,2025-07-11,2025-09-05
Things Like This,AMC Pacific Place 11,2025-07-11,2025-09-05
Hurry Up Tomorrow,AMC Pacific Place 11,2025-07-11,2025-09-05
Final Destination Bloodlines,AMC Kitsap 8,2025-07-11,2025-09-05
Hurry Up Tomorrow,AMC Kitsap 8,2025-07-11,2025-09-05
Final Destination Bloodlines,AMC Factoria 8,2025-07-11,2025-09-05
Hurry Up Tomorrow,AMC Factoria 8,2025-07-11,2025-09-05
Final Destination Bloodlines,AMC Oak Tree 6,2025-07-11,2025-09-05
Hurry Up Tomorrow,AMC Oak Tree 6,2025-07-11,2025-09-05
Final Destination Bloodlines,AMC Lakewood Mall 12,2025-07-11,2025-09-05
Hurry Up Tomorrow,AMC Lakewood Mall 12,2025-07-11,2025-09-05
Final Destination Bloodlines,AMC CLASSIC Cascade Mall 14,2025-07-11,2025-09-05
Hurry Up Tomorrow,AMC CLASSIC Cascade Mall 14,2025-07-11,2025-09-05
Final Destination Bloodlines,AMC Woodinville 12,2025-07-11,2025-09-05
Hurry Up Tomorrow,AMC Woodinville 12,2025-07-11,2025-09-05
Final Destination Bloodlines,AMC Alderwood Mall 16,2025-07-11,2025-09-05
Things Like This,AMC Alderwood Mall 16,2025-07-11,2025-09-05
Hurry Up Tomorrow,AMC Alderwood Mall 16,2025-07-11,2025-09-05
The Old Woman with the Knife,AMC Alderwood Mall 16,2025-07-11,2025-09-05
The Ruse,AMC Alderwood Mall 16,2025-07-11,2025-09-05
Final Destination Bloodlines,AMC CLASSIC Corvallis 12,2025-07-11,2025-09-05
Hurry Up Tomorrow,AMC CLASSIC Corvallis 12,2025-07-11,2025-09-05
Final Destination Bloodlines,AMC CLASSIC Kennewick 12,2025-07-11,2025-09-05
Hurry Up Tomorrow,AMC CLASSIC Kennewick 12,2025-07-11,2025-09-05
The Penguin Lessons,AMC River Park Square 20,2025-07-11,2025-09-05
Shaunki Sardar,AMC Southcenter 16,2025-07-11,2025-09-05
Kiki's Delivery Service - Studio Ghibli Fest 2025,AMC River Park Square 20,2025-07-11,2025-09-05
MET Opera: Salome (2025),AMC Kent Station 14,2025-07-11,2025-09-05
Kiki's Delivery Service - Studio Ghibli Fest 2025,AMC Kent Station 14,2025-07-11,2025-09-05
MET Opera: Salome (2025),AMC Southcenter 16,2025-07-11,2025-09-05
Kiki's Delivery Service - Studio Ghibli Fest 2025,AMC Southcenter 16,2025-07-11,2025-09-05
Kiki's Delivery Service - Studio Ghibli Fest 2025,AMC Vancouver Mall 23,2025-07-11,2025-09-05
MET Opera: Salome (2025),AMC Pacific Place 11,2025-07-11,2025-09-05
MET Opera: Salome (2025),AMC Oak Tree 6,2025-07-11,2025-09-05
Kiki's Delivery Service - Studio Ghibli Fest 2025,AMC CLASSIC Cascade Mall 14,2025-07-11,2025-09-05
Kiki's Delivery Service - Studio Ghibli Fest 2025,AMC Alderwood Mall 16,2025-07-11,2025-09-05
Kiki's Delivery Service - Studio Ghibli Fest 2025,AMC CLASSIC Corvallis 12,2025-07-11,2025-09-05
Kiki's Delivery Service - Studio Ghibli Fest 2025,AMC CLASSIC Kennewick 12,2025-07-11,2025-09-05
The Wiz,AMC River Park Square 20,2025-07-11,2025-09-05
The Wiz,AMC Kent Station 14,2025-07-11,2025-09-05
The Wiz,AMC Southcenter 16,2025-07-11,2025-09-05
The Wiz,AMC Lakewood Mall 12,2025-07-11,2025-09-05
The Wiz,AMC Alderwood Mall 16,2025-07-11,2025-09-05
AMC Scream Unseen: May 19,AMC River Park Square 20,2025-07-11,2025-09-05
AMC Scream Unseen: May 19,AMC Kent Station 14,2025-07-11,2025-09-05
AMC Scream Unseen: May 19,AMC Southcenter 16,2025-07-11,2025-09-05
AMC Scream Unseen: May 19,AMC Progress Ridge 13,2025-07-11,2025-09-05
AMC Scream Unseen: May 19,AMC Vancouver Mall 23,2025-07-11,2025-09-05
AMC Scream Unseen: May 19,AMC Pacific Place 11,2025-07-11,2025-09-05
AMC Scream Unseen: May 19,AMC Kitsap 8,2025-07-11,2025-09-05
AMC Scream Unseen: May 19,AMC Factoria 8,2025-07-11,2025-09-05
AMC Scream Unseen: May 19,AMC Oak Tree 6,2025-07-11,2025-09-05
AMC Scream Unseen: May 19,AMC Lakewood Mall 12,2025-07-11,2025-09-05
AMC Scream Unseen: May 19,AMC CLASSIC Cascade Mall 14,2025-07-11,2025-09-05
AMC Scream Unseen: May 19,AMC Alderwood Mall 16,2025-07-11,2025-09-05
AMC Scream Unseen: May 19,AMC CLASSIC Kennewick 12,2025-07-11,2025-09-05
28 Days Later,AMC River Park Square 20,2025-07-11,2025-09-05
28 Days Later,AMC Kent Station 14,2025-07-11,2025-09-05
28 Days Later,AMC Southcenter 16,2025-07-11,2025-09-05
28 Days Later,AMC Lakewood Mall 12,2025-07-11,2025-09-05
28 Days Later,AMC Alderwood Mall 16,2025-07-11,2025-09-05
The Last Rodeo,AMC River Park Square 20,2025-07-11,2025-09-05
Mission: Impossible IMAX Opening Day Fan Event,AMC River Park Square 20,2025-07-11,2025-09-05
Lilo & Stitch,AMC River Park Square 20,2025-07-11,2025-09-05
Mission: Impossible – The Final Reckoning,AMC River Park Square 20,2025-07-11,2025-09-05
Friendship,AMC River Park Square 20,2025-07-11,2025-09-05
Lilo & Stitch Opening Night Fan Event,AMC River Park Square 20,2025-07-11,2025-09-05
Mission: Impossible IMAX Opening Day Fan Event,AMC Kent Station 14,2025-07-11,2025-09-05
Lilo & Stitch,AMC Kent Station 14,2025-07-11,2025-09-05
The Last Rodeo,AMC Kent Station 14,2025-07-11,2025-09-05
Mission: Impossible – The Final Reckoning,AMC Kent Station 14,2025-07-11,2025-09-05
Friendship,AMC Kent Station 14,2025-07-11,2025-09-05
Lilo & Stitch Opening Night Fan Event,AMC Kent Station 14,2025-07-11,2025-09-05
Mission: Impossible IMAX Opening Day Fan Event,AMC Southcenter 16,2025-07-11,2025-09-05
Lilo & Stitch,AMC Southcenter 16,2025-07-11,2025-09-05
The Last Rodeo,AMC Southcenter 16,2025-07-11,2025-09-05
Mission: Impossible – The Final Reckoning,AMC Southcenter 16,2025-07-11,2025-09-05
Friendship,AMC Southcenter 16,2025-07-11,2025-09-05
Lilo & Stitch Opening Night Fan Event,AMC Southcenter 16,2025-07-11,2025-09-05
Lilo & Stitch,AMC Progress Ridge 13,2025-07-11,2025-09-05
Mission: Impossible – The Final Reckoning,AMC Progress Ridge 13,2025-07-11,2025-09-05
The Last Rodeo,AMC Progress Ridge 13,2025-07-11,2025-09-05
Lilo & Stitch,AMC Vancouver Mall 23,2025-07-11,2025-09-05
Mission: Impossible – The Final Reckoning,AMC Vancouver Mall 23,2025-07-11,2025-09-05
Friendship,AMC Vancouver Mall 23,2025-07-11,2025-09-05
The Last Rodeo,AMC Vancouver Mall 23,2025-07-11,2025-09-05
Lilo & Stitch Opening Night Fan Event,AMC Vancouver Mall 23,2025-07-11,2025-09-05
Lilo & Stitch,AMC CLASSIC Mill Plain 8,2025-07-11,2025-09-05
The Last Rodeo,AMC CLASSIC Mill Plain 8,2025-07-11,2025-09-05
Mission: Impossible – The Final Reckoning,AMC CLASSIC Mill Plain 8,2025-07-11,2025-09-05
Lilo & Stitch,AMC Pacific Place 11,2025-07-11,2025-09-05
Mission: Impossible – The Final Reckoning,AMC Pacific Place 11,2025-07-11,2025-09-05
Lilo & Stitch,AMC Kitsap 8,2025-07-11,2025-09-05
Mission: Impossible – The Final Reckoning,AMC Kitsap 8,2025-07-11,2025-09-05
Lilo & Stitch,AMC Factoria 8,2025-07-11,2025-09-05
Mission: Impossible – The Final Reckoning,AMC Factoria 8,2025-07-11,2025-09-05
Lilo & Stitch,AMC Oak Tree 6,2025-07-11,2025-09-05
Mission: Impossible – The Final Reckoning,AMC Oak Tree 6,2025-07-11,2025-09-05
Lilo & Stitch,AMC Lakewood Mall 12,2025-07-11,2025-09-05
Mission: Impossible – The Final Reckoning,AMC Lakewood Mall 12,2025-07-11,2025-09-05
The Last Rodeo,AMC Lakewood Mall 12,2025-07-11,2025-09-05
Friendship,AMC Lakewood Mall 12,2025-07-11,2025-09-05
Lilo & Stitch,AMC CLASSIC Cascade Mall 14,2025-07-11,2025-09-05
The Last Rodeo,AMC CLASSIC Cascade Mall 14,2025-07-11,2025-09-05
Mission: Impossible – The Final Reckoning,AMC CLASSIC Cascade Mall 14,2025-07-11,2025-09-05
The Last Rodeo,AMC Woodinville 12,2025-07-11,2025-09-05
Lilo & Stitch,AMC Woodinville 12,2025-07-11,2025-09-05
Mission: Impossible – The Final Reckoning,AMC Woodinville 12,2025-07-11,2025-09-05
Friendship,AMC Woodinville 12,2025-07-11,2025-09-05
Lilo & Stitch Opening Night Fan Event,AMC Woodinville 12,2025-07-11,2025-09-05
The Last Rodeo,AMC Alderwood Mall 16,2025-07-11,2025-09-05
Mission: Impossible IMAX Opening Day Fan Event,AMC Alderwood Mall 16,2025-07-11,2025-09-05
Lilo & Stitch,AMC Alderwood Mall 16,2025-07-11,2025-09-05
Mission: Impossible – The Final Reckoning,AMC Alderwood Mall 16,2025-07-11,2025-09-05
Friendship,AMC Alderwood Mall 16,2025-07-11,2025-09-05
Lilo & Stitch Opening Night Fan Event,AMC Alderwood Mall 16,2025-07-11,2025-09-05
Lilo & Stitch,AMC CLASSIC Corvallis 12,2025-07-11,2025-09-05
Mission: Impossible – The Final Reckoning,AMC CLASSIC Corvallis 12,2025-07-11,2025-09-05
The Last Rodeo,AMC CLASSIC Corvallis 12,2025-07-11,2025-09-05
The Last Rodeo,AMC CLASSIC Kennewick 12,2025-07-11,2025-09-05
Lilo & Stitch,AMC CLASSIC Kennewick 12,2025-07-11,2025-09-05
Mission: Impossible – The Final Reckoning,AMC CLASSIC Kennewick 12,2025-07-11,2025-09-05
Thunderbolts*: Sensory Friendly Screening,AMC River Park Square 20,2025-07-11,2025-09-05
Thunderbolts*: Sensory Friendly Screening,AMC Kent Station 14,2025-07-11,2025-09-05
Thunderbolts*: Sensory Friendly Screening,AMC CLASSIC Cascade Mall 14,2025-07-11,2025-09-05
Thunderbolts*: Sensory Friendly Screening,AMC Woodinville 12,2025-07-11,2025-09-05
The Last Rodeo,AMC Pacific Place 11,2025-07-11,2025-09-05
Mission: Impossible - The Final Reckoning: Sensory Friendly Screening,AMC River Park Square 20,2025-07-11,2025-09-05
Ado SPECIAL LIVE 'Shinzou' in Cinema,AMC River Park Square 20,2025-07-11,2025-09-05
Ado SPECIAL LIVE 'Shinzou' in Cinema,AMC Kent Station 14,2025-07-11,2025-09-05
Mission: Impossible - The Final Reckoning: Sensory Friendly Screening,AMC Kent Station 14,2025-07-11,2025-09-05
Ado SPECIAL LIVE 'Shinzou' in Cinema,AMC Southcenter 16,2025-07-11,2025-09-05
Mission: Impossible - The Final Reckoning: Sensory Friendly Screening,AMC CLASSIC Cascade Mall 14,2025-07-11,2025-09-05
Ado SPECIAL LIVE 'Shinzou' in Cinema,AMC Alderwood Mall 16,2025-07-11,2025-09-05
Jane Austen Wrecked My Life,AMC River Park Square 20,2025-07-11,2025-09-05
Karate Kid: Legends,AMC River Park Square 20,2025-07-11,2025-09-05
Bring Her Back,AMC River Park Square 20,2025-07-11,2025-09-05
Tornado,AMC River Park Square 20,2025-07-11,2025-09-05
Jane Austen Wrecked My Life,AMC Kent Station 14,2025-07-11,2025-09-05
Karate Kid: Legends,AMC Kent Station 14,2025-07-11,2025-09-05
Bring Her Back,AMC Kent Station 14,2025-07-11,2025-09-05
Karate Kid: Legends,AMC Southcenter 16,2025-07-11,2025-09-05
Bring Her Back,AMC Southcenter 16,2025-07-11,2025-09-05
Tornado,AMC Southcenter 16,2025-07-11,2025-09-05
Detective Kien: The Headless Horror,AMC Southcenter 16,2025-07-11,2025-09-05
Karate Kid: Legends,AMC Progress Ridge 13,2025-07-11,2025-09-05
Tornado,AMC Progress Ridge 13,2025-07-11,2025-09-05
Bring Her Back,AMC Progress Ridge 13,2025-07-11,2025-09-05
Karate Kid: Legends,AMC Vancouver Mall 23,2025-07-11,2025-09-05
Bring Her Back,AMC Vancouver Mall 23,2025-07-11,2025-09-05
Tornado,AMC Vancouver Mall 23,2025-07-11,2025-09-05
Detective Kien: The Headless Horror,AMC Vancouver Mall 23,2025-07-11,2025-09-05
Karate Kid: Legends,AMC CLASSIC Mill Plain 8,2025-07-11,2025-09-05
Bring Her Back,AMC CLASSIC Mill Plain 8,2025-07-11,2025-09-05
Jane Austen Wrecked My Life,AMC Pacific Place 11,2025-07-11,2025-09-05
Karate Kid: Legends,AMC Pacific Place 11,2025-07-11,2025-09-05
Bring Her Back,AMC Pacific Place 11,2025-07-11,2025-09-05
Detective Kien: The Headless Horror,AMC Pacific Place 11,2025-07-11,2025-09-05
Bring Her Back,AMC Kitsap 8,2025-07-11,2025-09-05
Karate Kid: Legends,AMC Kitsap 8,2025-07-11,2025-09-05
Karate Kid: Legends,AMC Factoria 8,2025-07-11,2025-09-05
Bring Her Back,AMC Factoria 8,2025-07-11,2025-09-05
Karate Kid: Legends,AMC Oak Tree 6,2025-07-11,2025-09-05
Bring Her Back,AMC Oak Tree 6,2025-07-11,2025-09-05
Karate Kid: Legends,AMC Lakewood Mall 12,2025-07-11,2025-09-05
Bring Her Back,AMC Lakewood Mall 12,2025-07-11,2025-09-05
Detective Kien: The Headless Horror,AMC Lakewood Mall 12,2025-07-11,2025-09-05
Karate Kid: Legends,AMC CLASSIC Cascade Mall 14,2025-07-11,2025-09-05
Bring Her Back,AMC CLASSIC Cascade Mall 14,2025-07-11,2025-09-05
Friendship,AMC CLASSIC Cascade Mall 14,2025-07-11,2025-09-05
Tornado,AMC CLASSIC Cascade Mall 14,2025-07-11,2025-09-05
Karate Kid: Legends,AMC Woodinville 12,2025-07-11,2025-09-05
Bring Her Back,AMC Woodinville 12,2025-07-11,2025-09-05
Jane Austen Wrecked My Life,AMC Alderwood Mall 16,2025-07-11,2025-09-05
Karate Kid: Legends,AMC Alderwood Mall 16,2025-07-11,2025-09-05
Tornado,AMC Alderwood Mall 16,2025-07-11,2025-09-05
Bring Her Back,AMC Alderwood Mall 16,2025-07-11,2025-09-05
Karate Kid: Legends,AMC CLASSIC Corvallis 12,2025-07-11,2025-09-05
Bring Her Back,AMC CLASSIC Corvallis 12,2025-07-11,2025-09-05
Tornado,AMC CLASSIC Corvallis 12,2025-07-11,2025-09-05
Karate Kid: Legends,AMC CLASSIC Kennewick 12,2025-07-11,2025-09-05
Bring Her Back,AMC CLASSIC Kennewick 12,2025-07-11,2025-09-05
Peppa Meets the Baby Cinema Experience,AMC Southcenter 16,2025-07-11,2025-09-05
Peppa Meets the Baby Cinema Experience,AMC Alderwood Mall 16,2025-07-11,2025-09-05
MET Opera: Il Barbiere di Siviglia (2025),AMC Kent Station 14,2025-07-11,2025-09-05
MET Opera: Il Barbiere di Siviglia (2025),AMC Southcenter 16,2025-07-11,2025-09-05
j-hope Tour 'HOPE ON THE STAGE' in JAPAN: LIVE VIEWING,AMC Southcenter 16,2025-07-11,2025-09-05
MET Opera: Il Barbiere di Siviglia (2025),AMC Pacific Place 11,2025-07-11,2025-09-05
MET Opera: Il Barbiere di Siviglia (2025),AMC Oak Tree 6,2025-07-11,2025-09-05
j-hope Tour 'HOPE ON THE STAGE' in JAPAN: LIVE VIEWING,AMC Alderwood Mall 16,2025-07-11,2025-09-05
AMC Screen Unseen: June 2,AMC River Park Square 20,2025-07-11,2025-09-05
AMC Screen Unseen: June 2,AMC Kent Station 14,2025-07-11,2025-09-05
AMC Screen Unseen: June 2,AMC Southcenter 16,2025-07-11,2025-09-05
AMC Screen Unseen: June 2,AMC Progress Ridge 13,2025-07-11,2025-09-05
AMC Screen Unseen: June 2,AMC Vancouver Mall 23,2025-07-11,2025-09-05
AMC Screen Unseen: June 2,AMC Pacific Place 11,2025-07-11,2025-09-05
AMC Screen Unseen: June 2,AMC Kitsap 8,2025-07-11,2025-09-05
AMC Screen Unseen: June 2,AMC Oak Tree 6,2025-07-11,2025-09-05
AMC Screen Unseen: June 2,AMC Lakewood Mall 12,2025-07-11,2025-09-05
AMC Screen Unseen: June 2,AMC CLASSIC Cascade Mall 14,2025-07-11,2025-09-05
AMC Screen Unseen: June 2,AMC Woodinville 12,2025-07-11,2025-09-05
AMC Screen Unseen: June 2,AMC Alderwood Mall 16,2025-07-11,2025-09-05
AMC Screen Unseen: June 2,AMC CLASSIC Kennewick 12,2025-07-11,2025-09-05
Dangerous Animals: Early Access Screenings,AMC River Park Square 20,2025-07-11,2025-09-05
Dangerous Animals: Early Access Screenings,AMC Southcenter 16,2025-07-11,2025-09-05
Dangerous Animals: Early Access Screenings,AMC Vancouver Mall 23,2025-07-11,2025-09-05
Dangerous Animals: Early Access Screenings,AMC Pacific Place 11,2025-07-11,2025-09-05
Dangerous Animals: Early Access Screenings,AMC Alderwood Mall 16,2025-07-11,2025-09-05
Ballerina - Early Access,AMC River Park Square 20,2025-07-11,2025-09-05
Ballerina - Early Access,AMC Kent Station 14,2025-07-11,2025-09-05
Ballerina - Early Access,AMC Southcenter 16,2025-07-11,2025-09-05
Ballerina - Early Access,AMC Progress Ridge 13,2025-07-11,2025-09-05
Ballerina - Early Access,AMC Vancouver Mall 23,2025-07-11,2025-09-05
Ballerina - Early Access,AMC Woodinville 12,2025-07-11,2025-09-05
Wicked Movie + Wicked: For Good Trailer Debut,AMC Alderwood Mall 16,2025-07-11,2025-09-05
Ballerina - Early Access,AMC Alderwood Mall 16,2025-07-11,2025-09-05
Thug Life,AMC CLASSIC Corvallis 12,2025-07-11,2025-09-05
The Phoenician Scheme,AMC River Park Square 20,2025-07-11,2025-09-05
Dan Da Dan: Evil Eye,AMC River Park Square 20,2025-07-11,2025-09-05
Dangerous Animals,AMC River Park Square 20,2025-07-11,2025-09-05
Ballerina,AMC River Park Square 20,2025-07-11,2025-09-05
I Don't Understand You,AMC River Park Square 20,2025-07-11,2025-09-05
Turnstile: Never Enough,AMC River Park Square 20,2025-07-11,2025-09-05
The Ritual,AMC River Park Square 20,2025-07-11,2025-09-05
Dogma: Resurrected! A 25th Anniversary Celebration,AMC River Park Square 20,2025-07-11,2025-09-05
The Phoenician Scheme,AMC Kent Station 14,2025-07-11,2025-09-05
Dan Da Dan: Evil Eye,AMC Kent Station 14,2025-07-11,2025-09-05
Dangerous Animals,AMC Kent Station 14,2025-07-11,2025-09-05
Ballerina,AMC Kent Station 14,2025-07-11,2025-09-05
The Ritual,AMC Kent Station 14,2025-07-11,2025-09-05
Dogma: Resurrected! A 25th Anniversary Celebration,AMC Kent Station 14,2025-07-11,2025-09-05
The Phoenician Scheme,AMC Southcenter 16,2025-07-11,2025-09-05
Dan Da Dan: Evil Eye,AMC Southcenter 16,2025-07-11,2025-09-05
Dangerous Animals,AMC Southcenter 16,2025-07-11,2025-09-05
Ballerina,AMC Southcenter 16,2025-07-11,2025-09-05
Turnstile: Never Enough,AMC Southcenter 16,2025-07-11,2025-09-05
The Ritual,AMC Southcenter 16,2025-07-11,2025-09-05
I Don't Understand You,AMC Southcenter 16,2025-07-11,2025-09-05
Dogma: Resurrected! A 25th Anniversary Celebration,AMC Southcenter 16,2025-07-11,2025-09-05
The Phoenician Scheme,AMC Progress Ridge 13,2025-07-11,2025-09-05
Dan Da Dan: Evil Eye,AMC Progress Ridge 13,2025-07-11,2025-09-05
Ballerina,AMC Progress Ridge 13,2025-07-11,2025-09-05
Dogma: Resurrected! A 25th Anniversary Celebration,AMC Progress Ridge 13,2025-07-11,2025-09-05
Dangerous Animals,AMC Progress Ridge 13,2025-07-11,2025-09-05
The Phoenician Scheme,AMC Vancouver Mall 23,2025-07-11,2025-09-05
Dan Da Dan: Evil Eye,AMC Vancouver Mall 23,2025-07-11,2025-09-05
Ballerina,AMC Vancouver Mall 23,2025-07-11,2025-09-05
Turnstile: Never Enough,AMC Vancouver Mall 23,2025-07-11,2025-09-05
Dogma: Resurrected! A 25th Anniversary Celebration,AMC Vancouver Mall 23,2025-07-11,2025-09-05
Dangerous Animals,AMC Vancouver Mall 23,2025-07-11,2025-09-05
Dangerous Animals,AMC CLASSIC Mill Plain 8,2025-07-11,2025-09-05
Ballerina,AMC CLASSIC Mill Plain 8,2025-07-11,2025-09-05
The Phoenician Scheme,AMC Pacific Place 11,2025-07-11,2025-09-05
Dangerous Animals,AMC Pacific Place 11,2025-07-11,2025-09-05
Ballerina,AMC Pacific Place 11,2025-07-11,2025-09-05
The Phoenician Scheme,AMC Kitsap 8,2025-07-11,2025-09-05
Ballerina,AMC Kitsap 8,2025-07-11,2025-09-05
The Phoenician Scheme,AMC Factoria 8,2025-07-11,2025-09-05
Ballerina,AMC Factoria 8,2025-07-11,2025-09-05
Ballerina,AMC Oak Tree 6,2025-07-11,2025-09-05
The Phoenician Scheme,AMC Lakewood Mall 12,2025-07-11,2025-09-05
Dan Da Dan: Evil Eye,AMC Lakewood Mall 12,2025-07-11,2025-09-05
Dangerous Animals,AMC Lakewood Mall 12,2025-07-11,2025-09-05
Ballerina,AMC Lakewood Mall 12,2025-07-11,2025-09-05
The Phoenician Scheme,AMC CLASSIC Cascade Mall 14,2025-07-11,2025-09-05
Dan Da Dan: Evil Eye,AMC CLASSIC Cascade Mall 14,2025-07-11,2025-09-05
Dangerous Animals,AMC CLASSIC Cascade Mall 14,2025-07-11,2025-09-05
Ballerina,AMC CLASSIC Cascade Mall 14,2025-07-11,2025-09-05
The Ritual,AMC CLASSIC Cascade Mall 14,2025-07-11,2025-09-05
Dogma: Resurrected! A 25th Anniversary Celebration,AMC CLASSIC Cascade Mall 14,2025-07-11,2025-09-05
The Phoenician Scheme,AMC Woodinville 12,2025-07-11,2025-09-05
Dan Da Dan: Evil Eye,AMC Woodinville 12,2025-07-11,2025-09-05
Dangerous Animals,AMC Woodinville 12,2025-07-11,2025-09-05
Ballerina,AMC Woodinville 12,2025-07-11,2025-09-05
Turnstile: Never Enough,AMC Woodinville 12,2025-07-11,2025-09-05
The Phoenician Scheme,AMC Alderwood Mall 16,2025-07-11,2025-09-05
Dan Da Dan: Evil Eye,AMC Alderwood Mall 16,2025-07-11,2025-09-05
Dangerous Animals,AMC Alderwood Mall 16,2025-07-11,2025-09-05
Ballerina,AMC Alderwood Mall 16,2025-07-11,2025-09-05
The Ritual,AMC Alderwood Mall 16,2025-07-11,2025-09-05
Turnstile: Never Enough,AMC Alderwood Mall 16,2025-07-11,2025-09-05
I Don't Understand You,AMC Alderwood Mall 16,2025-07-11,2025-09-05
Dogma: Resurrected! A 25th Anniversary Celebration,AMC Alderwood Mall 16,2025-07-11,2025-09-05
The Phoenician Scheme,AMC CLASSIC Corvallis 12,2025-07-11,2025-09-05
Dangerous Animals,AMC CLASSIC Corvallis 12,2025-07-11,2025-09-05
Dan Da Dan: Evil Eye,AMC CLASSIC Corvallis 12,2025-07-11,2025-09-05
Ballerina,AMC CLASSIC Corvallis 12,2025-07-11,2025-09-05
The Ritual,AMC CLASSIC Corvallis 12,2025-07-11,2025-09-05
Dogma: Resurrected! A 25th Anniversary Celebration,AMC CLASSIC Corvallis 12,2025-07-11,2025-09-05
The Phoenician Scheme,AMC CLASSIC Kennewick 12,2025-07-11,2025-09-05
Dan Da Dan: Evil Eye,AMC CLASSIC Kennewick 12,2025-07-11,2025-09-05
Dangerous Animals,AMC CLASSIC Kennewick 12,2025-07-11,2025-09-05
Ballerina,AMC CLASSIC Kennewick 12,2025-07-11,2025-09-05
The Ritual,AMC CLASSIC Kennewick 12,2025-07-11,2025-09-05
Dogma: Resurrected! A 25th Anniversary Celebration,AMC CLASSIC Kennewick 12,2025-07-11,2025-09-05
Housefull 5,AMC River Park Square 20,2025-07-11,2025-09-05
Housefull 5,AMC Southcenter 16,2025-07-11,2025-09-05
Housefull 5 - Alternate Ending,AMC Southcenter 16,2025-07-11,2025-09-05
Big Deal,AMC Alderwood Mall 16,2025-07-11,2025-09-05
BAEKHYUN: Lonsdaleite [dot] IN CINEMAS,AMC Alderwood Mall 16,2025-07-11,2025-09-05
Housefull 5 - Alternate Ending,AMC River Park Square 20,2025-07-11,2025-09-05
UFC 316: Dvalishvili vs. O'Malley 2,AMC Kent Station 14,2025-07-11,2025-09-05
Prime Minister Early Access with Livestream Q&A,AMC Southcenter 16,2025-07-11,2025-09-05
Prime Minister Early Access with Livestream Q&A,AMC Alderwood Mall 16,2025-07-11,2025-09-05
The American Miracle - Our Nation is No Accident,AMC Southcenter 16,2025-07-11,2025-09-05
Escape from the 21st Century,AMC Southcenter 16,2025-07-11,2025-09-05
Escape from the 21st Century,AMC Pacific Place 11,2025-07-11,2025-09-05
The American Miracle - Our Nation is No Accident,AMC CLASSIC Cascade Mall 14,2025-07-11,2025-09-05
Escape from the 21st Century,AMC Alderwood Mall 16,2025-07-11,2025-09-05
The American Miracle - Our Nation is No Accident,AMC River Park Square 20,2025-07-11,2025-09-05
The American Miracle - Our Nation is No Accident,AMC Alderwood Mall 16,2025-07-11,2025-09-05
How to Train Your Dragon: Early Access Screenings,AMC River Park Square 20,2025-07-11,2025-09-05
Karate Kid: Legends: Sensory Friendly Screening,AMC River Park Square 20,2025-07-11,2025-09-05
How to Train Your Dragon: Early Access Screenings,AMC Kent Station 14,2025-07-11,2025-09-05
Karate Kid: Legends: Sensory Friendly Screening,AMC Kent Station 14,2025-07-11,2025-09-05
How to Train Your Dragon: Early Access Screenings,AMC Southcenter 16,2025-07-11,2025-09-05
Past Lives,AMC Southcenter 16,2025-07-11,2025-09-05
How to Train Your Dragon: Early Access Screenings,AMC Progress Ridge 13,2025-07-11,2025-09-05
How to Train Your Dragon: Early Access Screenings,AMC Vancouver Mall 23,2025-07-11,2025-09-05
How to Train Your Dragon: Early Access Screenings,AMC Pacific Place 11,2025-07-11,2025-09-05
How to Train Your Dragon: Early Access Screenings,AMC Kitsap 8,2025-07-11,2025-09-05
How to Train Your Dragon: Early Access Screenings,AMC Factoria 8,2025-07-11,2025-09-05
How to Train Your Dragon: Early Access Screenings,AMC Oak Tree 6,2025-07-11,2025-09-05
How to Train Your Dragon: Early Access Screenings,AMC Lakewood Mall 12,2025-07-11,2025-09-05
How to Train Your Dragon: Early Access Screenings,AMC CLASSIC Cascade Mall 14,2025-07-11,2025-09-05
Karate Kid: Legends: Sensory Friendly Screening,AMC CLASSIC Cascade Mall 14,2025-07-11,2025-09-05
How to Train Your Dragon: Early Access Screenings,AMC Woodinville 12,2025-07-11,2025-09-05
Karate Kid: Legends: Sensory Friendly Screening,AMC Woodinville 12,2025-07-11,2025-09-05
How to Train Your Dragon: Early Access Screenings,AMC Alderwood Mall 16,2025-07-11,2025-09-05
Past Lives,AMC Alderwood Mall 16,2025-07-11,2025-09-05
How to Train Your Dragon: Early Access Screenings,AMC CLASSIC Corvallis 12,2025-07-11,2025-09-05
How to Train Your Dragon: Early Access Screenings,AMC CLASSIC Kennewick 12,2025-07-11,2025-09-05
Materialists,AMC River Park Square 20,2025-07-11,2025-09-05
How to Train Your Dragon,AMC River Park Square 20,2025-07-11,2025-09-05
The Life of Chuck,AMC River Park Square 20,2025-07-11,2025-09-05
Miley Cyrus: Something Beautiful,AMC River Park Square 20,2025-07-11,2025-09-05
Pavements,AMC River Park Square 20,2025-07-11,2025-09-05
The Unholy Trinity,AMC River Park Square 20,2025-07-11,2025-09-05
Materialists,AMC Kent Station 14,2025-07-11,2025-09-05
How to Train Your Dragon,AMC Kent Station 14,2025-07-11,2025-09-05
The Unholy Trinity,AMC Kent Station 14,2025-07-11,2025-09-05
The Life of Chuck,AMC Kent Station 14,2025-07-11,2025-09-05
Materialists,AMC Southcenter 16,2025-07-11,2025-09-05
How to Train Your Dragon,AMC Southcenter 16,2025-07-11,2025-09-05
Prime Minister,AMC Southcenter 16,2025-07-11,2025-09-05
The Life of Chuck,AMC Southcenter 16,2025-07-11,2025-09-05
Miley Cyrus: Something Beautiful,AMC Southcenter 16,2025-07-11,2025-09-05
Pavements,AMC Southcenter 16,2025-07-11,2025-09-05
The Unholy Trinity,AMC Southcenter 16,2025-07-11,2025-09-05
How to Train Your Dragon,AMC Progress Ridge 13,2025-07-11,2025-09-05
Materialists,AMC Progress Ridge 13,2025-07-11,2025-09-05
The Unholy Trinity,AMC Progress Ridge 13,2025-07-11,2025-09-05
Materialists,AMC Vancouver Mall 23,2025-07-11,2025-09-05
How to Train Your Dragon,AMC Vancouver Mall 23,2025-07-11,2025-09-05
The Unholy Trinity,AMC Vancouver Mall 23,2025-07-11,2025-09-05
The Life of Chuck,AMC Vancouver Mall 23,2025-07-11,2025-09-05
Materialists,AMC CLASSIC Mill Plain 8,2025-07-11,2025-09-05
How to Train Your Dragon,AMC CLASSIC Mill Plain 8,2025-07-11,2025-09-05
Materialists,AMC Pacific Place 11,2025-07-11,2025-09-05
How to Train Your Dragon,AMC Pacific Place 11,2025-07-11,2025-09-05
Prime Minister,AMC Pacific Place 11,2025-07-11,2025-09-05
The Life of Chuck,AMC Pacific Place 11,2025-07-11,2025-09-05
Materialists,AMC Kitsap 8,2025-07-11,2025-09-05
How to Train Your Dragon,AMC Kitsap 8,2025-07-11,2025-09-05
Materialists,AMC Factoria 8,2025-07-11,2025-09-05
How to Train Your Dragon,AMC Factoria 8,2025-07-11,2025-09-05
Materialists,AMC Oak Tree 6,2025-07-11,2025-09-05
How to Train Your Dragon,AMC Oak Tree 6,2025-07-11,2025-09-05
Materialists,AMC Lakewood Mall 12,2025-07-11,2025-09-05
How to Train Your Dragon,AMC Lakewood Mall 12,2025-07-11,2025-09-05
The Life of Chuck,AMC Lakewood Mall 12,2025-07-11,2025-09-05
Materialists,AMC CLASSIC Cascade Mall 14,2025-07-11,2025-09-05
How to Train Your Dragon,AMC CLASSIC Cascade Mall 14,2025-07-11,2025-09-05
The Unholy Trinity,AMC CLASSIC Cascade Mall 14,2025-07-11,2025-09-05
Materialists,AMC Woodinville 12,2025-07-11,2025-09-05
How to Train Your Dragon,AMC Woodinville 12,2025-07-11,2025-09-05
The Unholy Trinity,AMC Woodinville 12,2025-07-11,2025-09-05
The Life of Chuck,AMC Woodinville 12,2025-07-11,2025-09-05
Materialists,AMC Alderwood Mall 16,2025-07-11,2025-09-05
How to Train Your Dragon,AMC Alderwood Mall 16,2025-07-11,2025-09-05
The Unholy Trinity,AMC Alderwood Mall 16,2025-07-11,2025-09-05
Prime Minister,AMC Alderwood Mall 16,2025-07-11,2025-09-05
The Life of Chuck,AMC Alderwood Mall 16,2025-07-11,2025-09-05
Miley Cyrus: Something Beautiful,AMC Alderwood Mall 16,2025-07-11,2025-09-05
Pavements,AMC Alderwood Mall 16,2025-07-11,2025-09-05
Materialists,AMC CLASSIC Corvallis 12,2025-07-11,2025-09-05
How to Train Your Dragon,AMC CLASSIC Corvallis 12,2025-07-11,2025-09-05
The Life of Chuck,AMC CLASSIC Corvallis 12,2025-07-11,2025-09-05
The Unholy Trinity,AMC CLASSIC Corvallis 12,2025-07-11,2025-09-05
Materialists,AMC CLASSIC Kennewick 12,2025-07-11,2025-09-05
How to Train Your Dragon,AMC CLASSIC Kennewick 12,2025-07-11,2025-09-05
The Unholy Trinity,AMC CLASSIC Kennewick 12,2025-07-11,2025-09-05
Friday The 13th - 45th Anniversary,AMC River Park Square 20,2025-07-11,2025-09-05
Friday The 13th - 45th Anniversary,AMC Southcenter 16,2025-07-11,2025-09-05
Friday The 13th - 45th Anniversary,AMC Alderwood Mall 16,2025-07-11,2025-09-05
Lilo & Stitch: Sensory Friendly Screening,AMC River Park Square 20,2025-07-11,2025-09-05
Indiana Jones and the Last Crusade (2025),AMC River Park Square 20,2025-07-11,2025-09-05
Lilo & Stitch: Sensory Friendly Screening,AMC Kent Station 14,2025-07-11,2025-09-05
Indiana Jones and the Last Crusade (2025),AMC Kent Station 14,2025-07-11,2025-09-05
Indiana Jones and the Last Crusade (2025),AMC Southcenter 16,2025-07-11,2025-09-05
Indiana Jones and the Last Crusade (2025),AMC Vancouver Mall 23,2025-07-11,2025-09-05
Indiana Jones and the Last Crusade (2025),AMC Lakewood Mall 12,2025-07-11,2025-09-05
Lilo & Stitch: Sensory Friendly Screening,AMC CLASSIC Cascade Mall 14,2025-07-11,2025-09-05
Lilo & Stitch: Sensory Friendly Screening,AMC Woodinville 12,2025-07-11,2025-09-05
Indiana Jones and the Last Crusade (2025),AMC Woodinville 12,2025-07-11,2025-09-05
Indiana Jones and the Last Crusade (2025),AMC Alderwood Mall 16,2025-07-11,2025-09-05
AMC Screen Unseen: June 16,AMC River Park Square 20,2025-07-11,2025-09-05
given The Double Album: Hiiragi mix & To The Sea,AMC River Park Square 20,2025-07-11,2025-09-05
AMC Screen Unseen: June 16,AMC Kent Station 14,2025-07-11,2025-09-05
Finding Faith (Healed by Jesus),AMC Southcenter 16,2025-07-11,2025-09-05
AMC Screen Unseen: June 16,AMC Southcenter 16,2025-07-11,2025-09-05
given The Double Album: Hiiragi mix & To The Sea,AMC Southcenter 16,2025-07-11,2025-09-05
AMC Screen Unseen: June 16,AMC Progress Ridge 13,2025-07-11,2025-09-05
AMC Screen Unseen: June 16,AMC Vancouver Mall 23,2025-07-11,2025-09-05
given The Double Album: Hiiragi mix & To The Sea,AMC Vancouver Mall 23,2025-07-11,2025-09-05
AMC Screen Unseen: June 16,AMC Pacific Place 11,2025-07-11,2025-09-05
AMC Screen Unseen: June 16,AMC Kitsap 8,2025-07-11,2025-09-05
AMC Screen Unseen: June 16,AMC Factoria 8,2025-07-11,2025-09-05
AMC Screen Unseen: June 16,AMC Oak Tree 6,2025-07-11,2025-09-05
AMC Screen Unseen: June 16,AMC Lakewood Mall 12,2025-07-11,2025-09-05
AMC Screen Unseen: June 16,AMC CLASSIC Cascade Mall 14,2025-07-11,2025-09-05
AMC Screen Unseen: June 16,AMC Woodinville 12,2025-07-11,2025-09-05
AMC Screen Unseen: June 16,AMC Alderwood Mall 16,2025-07-11,2025-09-05
given The Double Album: Hiiragi mix & To The Sea,AMC Alderwood Mall 16,2025-07-11,2025-09-05
AMC Screen Unseen: June 16,AMC CLASSIC Kennewick 12,2025-07-11,2025-09-05
Elio Early Access,AMC River Park Square 20,2025-07-11,2025-09-05
Elio Early Access,AMC Kent Station 14,2025-07-11,2025-09-05
Elio Early Access,AMC Southcenter 16,2025-07-11,2025-09-05
Elio Early Access,AMC Factoria 8,2025-07-11,2025-09-05
Elio Early Access,AMC Lakewood Mall 12,2025-07-11,2025-09-05
Elio Early Access,AMC Woodinville 12,2025-07-11,2025-09-05
Elio Early Access,AMC Alderwood Mall 16,2025-07-11,2025-09-05
28 Years Later,AMC River Park Square 20,2025-07-11,2025-09-05
Elio,AMC River Park Square 20,2025-07-11,2025-09-05
28 Years Later Opening Night Fan Event,AMC River Park Square 20,2025-07-11,2025-09-05
Bride Hard,AMC River Park Square 20,2025-07-11,2025-09-05
Kuberaa,AMC River Park Square 20,2025-07-11,2025-09-05
28 Years Later,AMC Kent Station 14,2025-07-11,2025-09-05
Elio,AMC Kent Station 14,2025-07-11,2025-09-05
Critical Role Live: Sydney Australia,AMC Kent Station 14,2025-07-11,2025-09-05
28 Years Later Opening Night Fan Event,AMC Kent Station 14,2025-07-11,2025-09-05
Bride Hard,AMC Kent Station 14,2025-07-11,2025-09-05
28 Years Later,AMC Southcenter 16,2025-07-11,2025-09-05
Elio,AMC Southcenter 16,2025-07-11,2025-09-05
40 Acres Early Screening,AMC Southcenter 16,2025-07-11,2025-09-05
Critical Role Live: Sydney Australia,AMC Southcenter 16,2025-07-11,2025-09-05
28 Years Later Opening Night Fan Event,AMC Southcenter 16,2025-07-11,2025-09-05
Bride Hard,AMC Southcenter 16,2025-07-11,2025-09-05
28 Years Later,AMC Progress Ridge 13,2025-07-11,2025-09-05
Elio,AMC Progress Ridge 13,2025-07-11,2025-09-05
28 Years Later Opening Night Fan Event,AMC Progress Ridge 13,2025-07-11,2025-09-05
Bride Hard,AMC Progress Ridge 13,2025-07-11,2025-09-05
28 Years Later,AMC Vancouver Mall 23,2025-07-11,2025-09-05
Elio,AMC Vancouver Mall 23,2025-07-11,2025-09-05
Kuberaa,AMC Vancouver Mall 23,2025-07-11,2025-09-05
28 Years Later Opening Night Fan Event,AMC Vancouver Mall 23,2025-07-11,2025-09-05
Bride Hard,AMC Vancouver Mall 23,2025-07-11,2025-09-05
28 Years Later,AMC CLASSIC Mill Plain 8,2025-07-11,2025-09-05
Elio,AMC CLASSIC Mill Plain 8,2025-07-11,2025-09-05
28 Years Later Opening Night Fan Event,AMC CLASSIC Mill Plain 8,2025-07-11,2025-09-05
28 Years Later,AMC Pacific Place 11,2025-07-11,2025-09-05
Elio,AMC Pacific Place 11,2025-07-11,2025-09-05
28 Years Later Opening Night Fan Event,AMC Pacific Place 11,2025-07-11,2025-09-05
Bride Hard,AMC Pacific Place 11,2025-07-11,2025-09-05
28 Years Later,AMC Kitsap 8,2025-07-11,2025-09-05
Elio,AMC Kitsap 8,2025-07-11,2025-09-05
28 Years Later Opening Night Fan Event,AMC Kitsap 8,2025-07-11,2025-09-05
28 Years Later,AMC Factoria 8,2025-07-11,2025-09-05
Elio,AMC Factoria 8,2025-07-11,2025-09-05
28 Years Later Opening Night Fan Event,AMC Factoria 8,2025-07-11,2025-09-05
28 Years Later,AMC Oak Tree 6,2025-07-11,2025-09-05
Elio,AMC Oak Tree 6,2025-07-11,2025-09-05
28 Years Later Opening Night Fan Event,AMC Oak Tree 6,2025-07-11,2025-09-05
28 Years Later,AMC Lakewood Mall 12,2025-07-11,2025-09-05
Elio,AMC Lakewood Mall 12,2025-07-11,2025-09-05
28 Years Later Opening Night Fan Event,AMC Lakewood Mall 12,2025-07-11,2025-09-05
Bride Hard,AMC Lakewood Mall 12,2025-07-11,2025-09-05
28 Years Later,AMC CLASSIC Cascade Mall 14,2025-07-11,2025-09-05
Elio,AMC CLASSIC Cascade Mall 14,2025-07-11,2025-09-05
28 Years Later Opening Night Fan Event,AMC CLASSIC Cascade Mall 14,2025-07-11,2025-09-05
Bride Hard,AMC CLASSIC Cascade Mall 14,2025-07-11,2025-09-05
28 Years Later,AMC Woodinville 12,2025-07-11,2025-09-05
Elio,AMC Woodinville 12,2025-07-11,2025-09-05
28 Years Later Opening Night Fan Event,AMC Woodinville 12,2025-07-11,2025-09-05
Bride Hard,AMC Woodinville 12,2025-07-11,2025-09-05
28 Years Later,AMC Alderwood Mall 16,2025-07-11,2025-09-05
Elio,AMC Alderwood Mall 16,2025-07-11,2025-09-05
Kuberaa,AMC Alderwood Mall 16,2025-07-11,2025-09-05
40 Acres Early Screening,AMC Alderwood Mall 16,2025-07-11,2025-09-05
28 Years Later Opening Night Fan Event,AMC Alderwood Mall 16,2025-07-11,2025-09-05
"Red Velvet Happiness Diary : My Dear, ReVe1uv in Cinemas",AMC Alderwood Mall 16,2025-07-11,2025-09-05
Bride Hard,AMC Alderwood Mall 16,2025-07-11,2025-09-05
Critical Role Live: Sydney Australia,AMC Alderwood Mall 16,2025-07-11,2025-09-05
28 Years Later,AMC CLASSIC Corvallis 12,2025-07-11,2025-09-05
Elio,AMC CLASSIC Corvallis 12,2025-07-11,2025-09-05
28 Years Later Opening Night Fan Event,AMC CLASSIC Corvallis 12,2025-07-11,2025-09-05
Bride Hard,AMC CLASSIC Corvallis 12,2025-07-11,2025-09-05
28 Years Later,AMC CLASSIC Kennewick 12,2025-07-11,2025-09-05
Elio,AMC CLASSIC Kennewick 12,2025-07-11,2025-09-05
28 Years Later Opening Night Fan Event,AMC CLASSIC Kennewick 12,2025-07-11,2025-09-05
Bride Hard,AMC CLASSIC Kennewick 12,2025-07-11,2025-09-05
Brokeback Mountain: 20th Anniversary,AMC River Park Square 20,2025-07-11,2025-09-05
Brokeback Mountain: 20th Anniversary,AMC Kent Station 14,2025-07-11,2025-09-05
Brokeback Mountain: 20th Anniversary,AMC Southcenter 16,2025-07-11,2025-09-05
Hi-Five,AMC Southcenter 16,2025-07-11,2025-09-05
Sitaare Zameen Par,AMC Progress Ridge 13,2025-07-11,2025-09-05
Brokeback Mountain: 20th Anniversary,AMC Progress Ridge 13,2025-07-11,2025-09-05
Brokeback Mountain: 20th Anniversary,AMC Pacific Place 11,2025-07-11,2025-09-05
Brokeback Mountain: 20th Anniversary,AMC CLASSIC Cascade Mall 14,2025-07-11,2025-09-05
The Life of Chuck,AMC CLASSIC Cascade Mall 14,2025-07-11,2025-09-05
Sitaare Zameen Par,AMC Alderwood Mall 16,2025-07-11,2025-09-05
Brokeback Mountain: 20th Anniversary,AMC Alderwood Mall 16,2025-07-11,2025-09-05
Hi-Five,AMC Alderwood Mall 16,2025-07-11,2025-09-05
Elio Pixar Buddies Fan Event,AMC River Park Square 20,2025-07-11,2025-09-05
Elio Pixar Buddies Fan Event,AMC Kent Station 14,2025-07-11,2025-09-05
Elio Pixar Buddies Fan Event,AMC Southcenter 16,2025-07-11,2025-09-05
Elio Pixar Buddies Fan Event,AMC Vancouver Mall 23,2025-07-11,2025-09-05
Elio Pixar Buddies Fan Event,AMC Woodinville 12,2025-07-11,2025-09-05
Elio Pixar Buddies Fan Event,AMC Alderwood Mall 16,2025-07-11,2025-09-05
The Secret World of Arrietty - Studio Ghibli Fest 2025,AMC River Park Square 20,2025-07-11,2025-09-05
The Secret World of Arrietty - Studio Ghibli Fest 2025,AMC Kent Station 14,2025-07-11,2025-09-05
The Secret World of Arrietty - Studio Ghibli Fest 2025,AMC Southcenter 16,2025-07-11,2025-09-05
The Secret World of Arrietty - Studio Ghibli Fest 2025,AMC Vancouver Mall 23,2025-07-11,2025-09-05
The Secret World of Arrietty - Studio Ghibli Fest 2025,AMC Alderwood Mall 16,2025-07-11,2025-09-05
The Secret World of Arrietty - Studio Ghibli Fest 2025,AMC CLASSIC Corvallis 12,2025-07-11,2025-09-05
Bad Guys,AMC River Park Square 20,2025-07-11,2025-09-05
F1 The Movie Fan First Premiere Exclusively in IMAX,AMC River Park Square 20,2025-07-11,2025-09-05
AMC Screen Unseen: June 23,AMC River Park Square 20,2025-07-11,2025-09-05
Bad Guys,AMC Kent Station 14,2025-07-11,2025-09-05
AMC Screen Unseen: June 23,AMC Kent Station 14,2025-07-11,2025-09-05
Bad Guys,AMC Southcenter 16,2025-07-11,2025-09-05
F1 The Movie Fan First Premiere Exclusively in IMAX,AMC Southcenter 16,2025-07-11,2025-09-05
AMC Screen Unseen: June 23,AMC Southcenter 16,2025-07-11,2025-09-05
AMC Screen Unseen: June 23,AMC Progress Ridge 13,2025-07-11,2025-09-05
Bad Guys,AMC Vancouver Mall 23,2025-07-11,2025-09-05
AMC Screen Unseen: June 23,AMC Vancouver Mall 23,2025-07-11,2025-09-05
AMC Screen Unseen: June 23,AMC Pacific Place 11,2025-07-11,2025-09-05
AMC Screen Unseen: June 23,AMC Kitsap 8,2025-07-11,2025-09-05
AMC Screen Unseen: June 23,AMC Factoria 8,2025-07-11,2025-09-05
AMC Screen Unseen: June 23,AMC Oak Tree 6,2025-07-11,2025-09-05
AMC Screen Unseen: June 23,AMC Lakewood Mall 12,2025-07-11,2025-09-05
The Secret World of Arrietty - Studio Ghibli Fest 2025,AMC CLASSIC Cascade Mall 14,2025-07-11,2025-09-05
AMC Screen Unseen: June 23,AMC CLASSIC Cascade Mall 14,2025-07-11,2025-09-05
Bad Guys,AMC Woodinville 12,2025-07-11,2025-09-05
AMC Screen Unseen: June 23,AMC Woodinville 12,2025-07-11,2025-09-05
Bad Guys,AMC Alderwood Mall 16,2025-07-11,2025-09-05
F1 The Movie Fan First Premiere Exclusively in IMAX,AMC Alderwood Mall 16,2025-07-11,2025-09-05
AMC Screen Unseen: June 23,AMC Alderwood Mall 16,2025-07-11,2025-09-05
Bad Guys,AMC CLASSIC Kennewick 12,2025-07-11,2025-09-05
The Secret World of Arrietty - Studio Ghibli Fest 2025,AMC CLASSIC Kennewick 12,2025-07-11,2025-09-05
AMC Screen Unseen: June 23,AMC CLASSIC Kennewick 12,2025-07-11,2025-09-05
F1 The Movie: Early Access Screenings,AMC River Park Square 20,2025-07-11,2025-09-05
Critical Role Live: Melbourne Australia,AMC Kent Station 14,2025-07-11,2025-09-05
F1 The Movie: Early Access Screenings,AMC Kent Station 14,2025-07-11,2025-09-05
Critical Role Live: Melbourne Australia,AMC Southcenter 16,2025-07-11,2025-09-05
F1 The Movie: Early Access Screenings,AMC Southcenter 16,2025-07-11,2025-09-05
F1 The Movie: Early Access Screenings,AMC Progress Ridge 13,2025-07-11,2025-09-05
F1 The Movie: Early Access Screenings,AMC Vancouver Mall 23,2025-07-11,2025-09-05
F1 The Movie: Early Access Screenings,AMC Woodinville 12,2025-07-11,2025-09-05
Critical Role Live: Melbourne Australia,AMC Alderwood Mall 16,2025-07-11,2025-09-05
F1 The Movie: Early Access Screenings,AMC Alderwood Mall 16,2025-07-11,2025-09-05
M3GAN 2.0,AMC River Park Square 20,2025-07-11,2025-09-05
F1 The Movie,AMC River Park Square 20,2025-07-11,2025-09-05
Hot Milk,AMC River Park Square 20,2025-07-11,2025-09-05
M3GAN 2.0,AMC Kent Station 14,2025-07-11,2025-09-05
F1 The Movie,AMC Kent Station 14,2025-07-11,2025-09-05
Hot Milk,AMC Kent Station 14,2025-07-11,2025-09-05
M3GAN 2.0,AMC Southcenter 16,2025-07-11,2025-09-05
F1 The Movie,AMC Southcenter 16,2025-07-11,2025-09-05
Kannappa (Telegu),AMC Southcenter 16,2025-07-11,2025-09-05
Hot Milk,AMC Southcenter 16,2025-07-11,2025-09-05
M3GAN 2.0,AMC Progress Ridge 13,2025-07-11,2025-09-05
F1 The Movie,AMC Progress Ridge 13,2025-07-11,2025-09-05
Hot Milk,AMC Progress Ridge 13,2025-07-11,2025-09-05
M3GAN 2.0,AMC Vancouver Mall 23,2025-07-11,2025-09-05
F1 The Movie,AMC Vancouver Mall 23,2025-07-11,2025-09-05
Hot Milk,AMC Vancouver Mall 23,2025-07-11,2025-09-05
M3GAN 2.0,AMC CLASSIC Mill Plain 8,2025-07-11,2025-09-05
F1 The Movie,AMC CLASSIC Mill Plain 8,2025-07-11,2025-09-05
M3GAN 2.0,AMC Pacific Place 11,2025-07-11,2025-09-05
F1 The Movie,AMC Pacific Place 11,2025-07-11,2025-09-05
Hot Milk,AMC Pacific Place 11,2025-07-11,2025-09-05
F1 The Movie,AMC Kitsap 8,2025-07-11,2025-09-05
M3GAN 2.0,AMC Kitsap 8,2025-07-11,2025-09-05
M3GAN 2.0,AMC Factoria 8,2025-07-11,2025-09-05
F1 The Movie,AMC Factoria 8,2025-07-11,2025-09-05
M3GAN 2.0,AMC Oak Tree 6,2025-07-11,2025-09-05
F1 The Movie,AMC Oak Tree 6,2025-07-11,2025-09-05
M3GAN 2.0,AMC Lakewood Mall 12,2025-07-11,2025-09-05
F1 The Movie,AMC Lakewood Mall 12,2025-07-11,2025-09-05
M3GAN 2.0,AMC CLASSIC Cascade Mall 14,2025-07-11,2025-09-05
F1 The Movie,AMC CLASSIC Cascade Mall 14,2025-07-11,2025-09-05
Hot Milk,AMC CLASSIC Cascade Mall 14,2025-07-11,2025-09-05
M3GAN 2.0,AMC Woodinville 12,2025-07-11,2025-09-05
F1 The Movie,AMC Woodinville 12,2025-07-11,2025-09-05
M3GAN 2.0,AMC Alderwood Mall 16,2025-07-11,2025-09-05
F1 The Movie,AMC Alderwood Mall 16,2025-07-11,2025-09-05
Kannappa (Telegu),AMC Alderwood Mall 16,2025-07-11,2025-09-05
Hot Milk,AMC Alderwood Mall 16,2025-07-11,2025-09-05
M3GAN 2.0,AMC CLASSIC Corvallis 12,2025-07-11,2025-09-05
F1 The Movie,AMC CLASSIC Corvallis 12,2025-07-11,2025-09-05
Hot Milk,AMC CLASSIC Corvallis 12,2025-07-11,2025-09-05
Kuberaa,AMC CLASSIC Corvallis 12,2025-07-11,2025-09-05
M3GAN 2.0,AMC CLASSIC Kennewick 12,2025-07-11,2025-09-05
F1 The Movie,AMC CLASSIC Kennewick 12,2025-07-11,2025-09-05
Hot Milk,AMC CLASSIC Kennewick 12,2025-07-11,2025-09-05
Maa,AMC River Park Square 20,2025-07-11,2025-09-05
Maa,AMC Southcenter 16,2025-07-11,2025-09-05
Tatami,AMC Pacific Place 11,2025-07-11,2025-09-05
Everything's Going To Be Great,AMC Pacific Place 11,2025-07-11,2025-09-05
Everything's Going To Be Great,AMC Alderwood Mall 16,2025-07-11,2025-09-05
Maa,AMC Alderwood Mall 16,2025-07-11,2025-09-05
How to Train Your Dragon: Sensory Friendly Screening,AMC River Park Square 20,2025-07-11,2025-09-05
How to Train Your Dragon: Sensory Friendly Screening,AMC Kent Station 14,2025-07-11,2025-09-05
UFC 317: Topuria vs. Oliveira,AMC Kent Station 14,2025-07-11,2025-09-05
How to Train Your Dragon: Sensory Friendly Screening,AMC CLASSIC Cascade Mall 14,2025-07-11,2025-09-05
How to Train Your Dragon: Sensory Friendly Screening,AMC Woodinville 12,2025-07-11,2025-09-05
Clueless 30th Anniversary,AMC Kent Station 14,2025-07-11,2025-09-05
Clueless 30th Anniversary,AMC Southcenter 16,2025-07-11,2025-09-05
Minions: The Rise Of Gru,AMC River Park Square 20,2025-07-11,2025-09-05
Minions: The Rise Of Gru,AMC Kent Station 14,2025-07-11,2025-09-05
Minions: The Rise Of Gru,AMC Southcenter 16,2025-07-11,2025-09-05
Minions: The Rise Of Gru,AMC Vancouver Mall 23,2025-07-11,2025-09-05
Minions: The Rise Of Gru,AMC Woodinville 12,2025-07-11,2025-09-05
Minions: The Rise Of Gru,AMC Alderwood Mall 16,2025-07-11,2025-09-05
Minions: The Rise Of Gru,AMC CLASSIC Kennewick 12,2025-07-11,2025-09-05
40 Acres,AMC River Park Square 20,2025-07-11,2025-09-05
40 Acres,AMC Kent Station 14,2025-07-11,2025-09-05
40 Acres,AMC Southcenter 16,2025-07-11,2025-09-05
40 Acres,AMC Pacific Place 11,2025-07-11,2025-09-05
40 Acres,AMC Lakewood Mall 12,2025-07-11,2025-09-05
40 Acres,AMC Alderwood Mall 16,2025-07-11,2025-09-05
Jurassic World Rebirth,AMC River Park Square 20,2025-07-11,2025-09-05
Jurassic World Rebirth,AMC Kent Station 14,2025-07-11,2025-09-05
Jurassic World Rebirth,AMC Southcenter 16,2025-07-11,2025-09-05
Jurassic World Rebirth,AMC Progress Ridge 13,2025-07-11,2025-09-05
Jurassic World Rebirth,AMC Vancouver Mall 23,2025-07-11,2025-09-05
40 Acres,AMC Vancouver Mall 23,2025-07-11,2025-09-05
Jurassic World Rebirth,AMC CLASSIC Mill Plain 8,2025-07-11,2025-09-05
Jurassic World Rebirth,AMC Pacific Place 11,2025-07-11,2025-09-05
Jurassic World Rebirth,AMC Kitsap 8,2025-07-11,2025-09-05
Jurassic World Rebirth,AMC Factoria 8,2025-07-11,2025-09-05
Jurassic World Rebirth,AMC Oak Tree 6,2025-07-11,2025-09-05
Jurassic World Rebirth,AMC Lakewood Mall 12,2025-07-11,2025-09-05
Jurassic World Rebirth,AMC CLASSIC Cascade Mall 14,2025-07-11,2025-09-05
Jurassic World Rebirth,AMC Woodinville 12,2025-07-11,2025-09-05
Jurassic World Rebirth,AMC Alderwood Mall 16,2025-07-11,2025-09-05
Jurassic World Rebirth,AMC CLASSIC Corvallis 12,2025-07-11,2025-09-05
Jurassic World Rebirth,AMC CLASSIC Kennewick 12,2025-07-11,2025-09-05
Metro In Dino,AMC Southcenter 16,2025-07-11,2025-09-05
Malice,AMC Progress Ridge 13,2025-07-11,2025-09-05
Malice,AMC Pacific Place 11,2025-07-11,2025-09-05
Malice,AMC Alderwood Mall 16,2025-07-11,2025-09-05
This Is Spinal Tap 41st Anniversary,AMC River Park Square 20,2025-07-11,2025-09-05
This Is Spinal Tap 41st Anniversary,AMC Kent Station 14,2025-07-11,2025-09-05
This Is Spinal Tap 41st Anniversary,AMC Southcenter 16,2025-07-11,2025-09-05
This Is Spinal Tap 41st Anniversary,AMC Vancouver Mall 23,2025-07-11,2025-09-05
This Is Spinal Tap 41st Anniversary,AMC Lakewood Mall 12,2025-07-11,2025-09-05
This Is Spinal Tap 41st Anniversary,AMC Woodinville 12,2025-07-11,2025-09-05
This Is Spinal Tap 41st Anniversary,AMC Alderwood Mall 16,2025-07-11,2025-09-05
Despicable Me 4,AMC River Park Square 20,2025-07-11,2025-09-05
AMC Screen Unseen: July 7,AMC River Park Square 20,2025-07-11,2025-09-05
Despicable Me 4,AMC Kent Station 14,2025-07-11,2025-09-05
AMC Screen Unseen: July 7,AMC Kent Station 14,2025-07-11,2025-09-05
Despicable Me 4,AMC Southcenter 16,2025-07-11,2025-09-05
AMC Screen Unseen: July 7,AMC Southcenter 16,2025-07-11,2025-09-05
AMC Screen Unseen: July 7,AMC Progress Ridge 13,2025-07-11,2025-09-05
Despicable Me 4,AMC Vancouver Mall 23,2025-07-11,2025-09-05
AMC Screen Unseen: July 7,AMC Vancouver Mall 23,2025-07-11,2025-09-05
AMC Screen Unseen: July 7,AMC Pacific Place 11,2025-07-11,2025-09-05
AMC Screen Unseen: July 7,AMC Kitsap 8,2025-07-11,2025-09-05
AMC Screen Unseen: July 7,AMC Factoria 8,2025-07-11,2025-09-05
AMC Screen Unseen: July 7,AMC Oak Tree 6,2025-07-11,2025-09-05
AMC Screen Unseen: July 7,AMC Lakewood Mall 12,2025-07-11,2025-09-05
AMC Screen Unseen: July 7,AMC CLASSIC Cascade Mall 14,2025-07-11,2025-09-05
Despicable Me 4,AMC Woodinville 12,2025-07-11,2025-09-05
AMC Screen Unseen: July 7,AMC Woodinville 12,2025-07-11,2025-09-05
Despicable Me 4,AMC Alderwood Mall 16,2025-07-11,2025-09-05
AMC Screen Unseen: July 7,AMC Alderwood Mall 16,2025-07-11,2025-09-05
Despicable Me 4,AMC CLASSIC Kennewick 12,2025-07-11,2025-09-05
AMC Screen Unseen: July 7,AMC CLASSIC Kennewick 12,2025-07-11,2025-09-05
Jurassic World Rebirth: Sensory Friendly Screening,AMC River Park Square 20,2025-07-11,2025-09-05
Jurassic World Rebirth: Sensory Friendly Screening,AMC Woodinville 12,2025-07-11,2025-09-05
Superman,AMC River Park Square 20,2025-07-11,2025-09-05
Abraham's Boys: A Dracula Story,AMC River Park Square 20,2025-07-11,2025-09-05
Superman Opening Night IMAX Fan Event,AMC River Park Square 20,2025-07-11,2025-09-05
Skillhouse,AMC River Park Square 20,2025-07-11,2025-09-05
Superman,AMC Kent Station 14,2025-07-11,2025-09-05
Superman Opening Night IMAX Fan Event,AMC Kent Station 14,2025-07-11,2025-09-05
Skillhouse,AMC Kent Station 14,2025-07-11,2025-09-05
Superman,AMC Southcenter 16,2025-07-11,2025-09-05
Abraham's Boys: A Dracula Story,AMC Southcenter 16,2025-07-11,2025-09-05
Superman Opening Night IMAX Fan Event,AMC Southcenter 16,2025-07-11,2025-09-05
Skillhouse,AMC Southcenter 16,2025-07-11,2025-09-05
Superman,AMC Progress Ridge 13,2025-07-11,2025-09-05
Skillhouse,AMC Progress Ridge 13,2025-07-11,2025-09-05
Superman,AMC Vancouver Mall 23,2025-07-11,2025-09-05
Abraham's Boys: A Dracula Story,AMC Vancouver Mall 23,2025-07-11,2025-09-05
Skillhouse,AMC Vancouver Mall 23,2025-07-11,2025-09-05
Superman,AMC CLASSIC Mill Plain 8,2025-07-11,2025-09-05
Superman,AMC Pacific Place 11,2025-07-11,2025-09-05
"Sorry, Baby",AMC Pacific Place 11,2025-07-11,2025-09-05
Superman,AMC Kitsap 8,2025-07-11,2025-09-05
Superman,AMC Factoria 8,2025-07-11,2025-09-05
Superman,AMC Oak Tree 6,2025-07-11,2025-09-05
Superman,AMC Lakewood Mall 12,2025-07-11,2025-09-05
Skillhouse,AMC Lakewood Mall 12,2025-07-11,2025-09-05
Skillhouse,AMC CLASSIC Cascade Mall 14,2025-07-11,2025-09-05
Superman,AMC CLASSIC Cascade Mall 14,2025-07-11,2025-09-05
Abraham's Boys: A Dracula Story,AMC CLASSIC Cascade Mall 14,2025-07-11,2025-09-05
Superman,AMC Woodinville 12,2025-07-11,2025-09-05
Abraham's Boys: A Dracula Story,AMC Woodinville 12,2025-07-11,2025-09-05
Superman,AMC Alderwood Mall 16,2025-07-11,2025-09-05
Abraham's Boys: A Dracula Story,AMC Alderwood Mall 16,2025-07-11,2025-09-05
Superman Opening Night IMAX Fan Event,AMC Alderwood Mall 16,2025-07-11,2025-09-05
Skillhouse,AMC Alderwood Mall 16,2025-07-11,2025-09-05
Superman,AMC CLASSIC Corvallis 12,2025-07-11,2025-09-05
Abraham's Boys: A Dracula Story,AMC CLASSIC Corvallis 12,2025-07-11,2025-09-05
Superman,AMC CLASSIC Kennewick 12,2025-07-11,2025-09-05
Abraham's Boys: A Dracula Story,AMC CLASSIC Kennewick 12,2025-07-11,2025-09-05
Maalik,AMC River Park Square 20,2025-07-11,2025-09-05
Maalik,AMC Southcenter 16,2025-07-11,2025-09-05
Jurassic World Rebirth: Sensory Friendly Screening,AMC Kent Station 14,2025-07-11,2025-09-05
Jurassic World Rebirth: Sensory Friendly Screening,AMC CLASSIC Cascade Mall 14,2025-07-11,2025-09-05
One Flew Over The Cuckoo's Nest 50th Anniversary,AMC River Park Square 20,2025-07-11,2025-09-05
One Flew Over The Cuckoo's Nest 50th Anniversary,AMC Kent Station 14,2025-07-11,2025-09-05
One Flew Over The Cuckoo's Nest 50th Anniversary,AMC Southcenter 16,2025-07-11,2025-09-05
One Flew Over The Cuckoo's Nest 50th Anniversary,AMC Vancouver Mall 23,2025-07-11,2025-09-05
One Flew Over The Cuckoo's Nest 50th Anniversary,AMC Lakewood Mall 12,2025-07-11,2025-09-05
One Flew Over The Cuckoo's Nest 50th Anniversary,AMC Woodinville 12,2025-07-11,2025-09-05
One Flew Over The Cuckoo's Nest 50th Anniversary,AMC Alderwood Mall 16,2025-07-11,2025-09-05
Kung Fu Panda 4,AMC River Park Square 20,2025-07-11,2025-09-05
Kung Fu Panda 4,AMC Kent Station 14,2025-07-11,2025-09-05
Kung Fu Panda 4,AMC Southcenter 16,2025-07-11,2025-09-05
Kung Fu Panda 4,AMC Vancouver Mall 23,2025-07-11,2025-09-05
Kung Fu Panda 4,AMC Woodinville 12,2025-07-11,2025-09-05
Kung Fu Panda 4,AMC Alderwood Mall 16,2025-07-11,2025-09-05
Kung Fu Panda 4,AMC CLASSIC Kennewick 12,2025-07-11,2025-09-05
JUJUTSU KAISEN: Hidden Inventory / Premature Death - The Movie,AMC River Park Square 20,2025-07-11,2025-09-05
JUJUTSU KAISEN: Hidden Inventory / Premature Death - The Movie,AMC Kent Station 14,2025-07-11,2025-09-05
JUJUTSU KAISEN: Hidden Inventory / Premature Death - The Movie,AMC Southcenter 16,2025-07-11,2025-09-05
JUJUTSU KAISEN: Hidden Inventory / Premature Death - The Movie,AMC Lakewood Mall 12,2025-07-11,2025-09-05
JUJUTSU KAISEN: Hidden Inventory / Premature Death - The Movie,AMC CLASSIC Cascade Mall 14,2025-07-11,2025-09-05
JUJUTSU KAISEN: Hidden Inventory / Premature Death - The Movie,AMC Woodinville 12,2025-07-11,2025-09-05
JUJUTSU KAISEN: Hidden Inventory / Premature Death - The Movie,AMC Alderwood Mall 16,2025-07-11,2025-09-05
I Know What You Did Last Summer,AMC River Park Square 20,2025-07-11,2025-09-05
Don't Let's Go to the Dogs Tonight,AMC River Park Square 20,2025-07-11,2025-09-05
Eddington,AMC River Park Square 20,2025-07-11,2025-09-05
I Know What You Did Last Summer,AMC Kent Station 14,2025-07-11,2025-09-05
Eddington,AMC Kent Station 14,2025-07-11,2025-09-05
I Know What You Did Last Summer,AMC Southcenter 16,2025-07-11,2025-09-05
Don't Let's Go to the Dogs Tonight,AMC Southcenter 16,2025-07-11,2025-09-05
Eddington,AMC Southcenter 16,2025-07-11,2025-09-05
Guns & Moses,AMC Southcenter 16,2025-07-11,2025-09-05
I Know What You Did Last Summer,AMC Progress Ridge 13,2025-07-11,2025-09-05
Eddington,AMC Progress Ridge 13,2025-07-11,2025-09-05
I Know What You Did Last Summer,AMC Vancouver Mall 23,2025-07-11,2025-09-05
Eddington,AMC Vancouver Mall 23,2025-07-11,2025-09-05
I Know What You Did Last Summer,AMC CLASSIC Mill Plain 8,2025-07-11,2025-09-05
I Know What You Did Last Summer,AMC Pacific Place 11,2025-07-11,2025-09-05
Eddington,AMC Pacific Place 11,2025-07-11,2025-09-05
I Know What You Did Last Summer,AMC Kitsap 8,2025-07-11,2025-09-05
I Know What You Did Last Summer,AMC Factoria 8,2025-07-11,2025-09-05
I Know What You Did Last Summer,AMC Oak Tree 6,2025-07-11,2025-09-05
I Know What You Did Last Summer,AMC Lakewood Mall 12,2025-07-11,2025-09-05
Eddington,AMC Lakewood Mall 12,2025-07-11,2025-09-05
I Know What You Did Last Summer,AMC CLASSIC Cascade Mall 14,2025-07-11,2025-09-05
Eddington,AMC CLASSIC Cascade Mall 14,2025-07-11,2025-09-05
I Know What You Did Last Summer,AMC Woodinville 12,2025-07-11,2025-09-05
Eddington,AMC Woodinville 12,2025-07-11,2025-09-05
I Know What You Did Last Summer,AMC Alderwood Mall 16,2025-07-11,2025-09-05
Eddington,AMC Alderwood Mall 16,2025-07-11,2025-09-05
I Know What You Did Last Summer,AMC CLASSIC Corvallis 12,2025-07-11,2025-09-05
Eddington,AMC CLASSIC Corvallis 12,2025-07-11,2025-09-05
I Know What You Did Last Summer,AMC CLASSIC Kennewick 12,2025-07-11,2025-09-05
Eddington,AMC CLASSIC Kennewick 12,2025-07-11,2025-09-05
Smurfs,AMC River Park Square 20,2025-07-11,2025-09-05
Smurfs,AMC Kent Station 14,2025-07-11,2025-09-05
Smurfs,AMC Southcenter 16,2025-07-11,2025-09-05
Smurfs,AMC Progress Ridge 13,2025-07-11,2025-09-05
Smurfs,AMC Vancouver Mall 23,2025-07-11,2025-09-05
Smurfs,AMC CLASSIC Mill Plain 8,2025-07-11,2025-09-05
Smurfs,AMC Pacific Place 11,2025-07-11,2025-09-05
Smurfs,AMC Kitsap 8,2025-07-11,2025-09-05
Smurfs,AMC Factoria 8,2025-07-11,2025-09-05
Smurfs,AMC Lakewood Mall 12,2025-07-11,2025-09-05
Smurfs,AMC CLASSIC Cascade Mall 14,2025-07-11,2025-09-05
Smurfs,AMC Woodinville 12,2025-07-11,2025-09-05
Smurfs,AMC Alderwood Mall 16,2025-07-11,2025-09-05
Smurfs,AMC CLASSIC Corvallis 12,2025-07-11,2025-09-05
Smurfs,AMC CLASSIC Kennewick 12,2025-07-11,2025-09-05
My Neighbor Totoro - Studio Ghibli Fest 2025,AMC River Park Square 20,2025-07-11,2025-09-05
My Neighbor Totoro - Studio Ghibli Fest 2025,AMC Kent Station 14,2025-07-11,2025-09-05
UFC 318: Holloway vs. Poirier 3,AMC Kent Station 14,2025-07-11,2025-09-05
My Neighbor Totoro - Studio Ghibli Fest 2025,AMC Southcenter 16,2025-07-11,2025-09-05
My Neighbor Totoro - Studio Ghibli Fest 2025,AMC Vancouver Mall 23,2025-07-11,2025-09-05
My Neighbor Totoro - Studio Ghibli Fest 2025,AMC CLASSIC Cascade Mall 14,2025-07-11,2025-09-05
My Neighbor Totoro - Studio Ghibli Fest 2025,AMC Alderwood Mall 16,2025-07-11,2025-09-05
My Neighbor Totoro - Studio Ghibli Fest 2025,AMC CLASSIC Corvallis 12,2025-07-11,2025-09-05
My Neighbor Totoro - Studio Ghibli Fest 2025,AMC CLASSIC Kennewick 12,2025-07-11,2025-09-05
The Wild Robot,AMC River Park Square 20,2025-07-11,2025-09-05
AMC Scream Unseen: July 21,AMC River Park Square 20,2025-07-11,2025-09-05
Sink Your Teeth: A Tokyo Ghoul Celebration,AMC River Park Square 20,2025-07-11,2025-09-05
The Wild Robot,AMC Kent Station 14,2025-07-11,2025-09-05
AMC Scream Unseen: July 21,AMC Kent Station 14,2025-07-11,2025-09-05
The Wild Robot,AMC Southcenter 16,2025-07-11,2025-09-05
AMC Scream Unseen: July 21,AMC Southcenter 16,2025-07-11,2025-09-05
Sink Your Teeth: A Tokyo Ghoul Celebration,AMC Southcenter 16,2025-07-11,2025-09-05
AMC Scream Unseen: July 21,AMC Progress Ridge 13,2025-07-11,2025-09-05
The Wild Robot,AMC Vancouver Mall 23,2025-07-11,2025-09-05
AMC Scream Unseen: July 21,AMC Vancouver Mall 23,2025-07-11,2025-09-05
Sink Your Teeth: A Tokyo Ghoul Celebration,AMC Vancouver Mall 23,2025-07-11,2025-09-05
AMC Scream Unseen: July 21,AMC Pacific Place 11,2025-07-11,2025-09-05
AMC Scream Unseen: July 21,AMC Kitsap 8,2025-07-11,2025-09-05
AMC Scream Unseen: July 21,AMC Factoria 8,2025-07-11,2025-09-05
AMC Scream Unseen: July 21,AMC Oak Tree 6,2025-07-11,2025-09-05
AMC Scream Unseen: July 21,AMC Lakewood Mall 12,2025-07-11,2025-09-05
AMC Scream Unseen: July 21,AMC CLASSIC Cascade Mall 14,2025-07-11,2025-09-05
The Wild Robot,AMC Woodinville 12,2025-07-11,2025-09-05
AMC Scream Unseen: July 21,AMC Woodinville 12,2025-07-11,2025-09-05
The Wild Robot,AMC Alderwood Mall 16,2025-07-11,2025-09-05
AMC Scream Unseen: July 21,AMC Alderwood Mall 16,2025-07-11,2025-09-05
Sink Your Teeth: A Tokyo Ghoul Celebration,AMC Alderwood Mall 16,2025-07-11,2025-09-05
The Wild Robot,AMC CLASSIC Kennewick 12,2025-07-11,2025-09-05
AMC Scream Unseen: July 21,AMC CLASSIC Kennewick 12,2025-07-11,2025-09-05
Together Early Access,AMC River Park Square 20,2025-07-11,2025-09-05
Superman: Sensory Friendly Screening,AMC River Park Square 20,2025-07-11,2025-09-05
La Traviata: Met Summer Encore 2025,AMC Kent Station 14,2025-07-11,2025-09-05
Superman: Sensory Friendly Screening,AMC Kent Station 14,2025-07-11,2025-09-05
Together Early Access,AMC Kent Station 14,2025-07-11,2025-09-05
La Traviata: Met Summer Encore 2025,AMC Southcenter 16,2025-07-11,2025-09-05
Roger Waters This Is Not A Drill: Live From Prague - The Movie,AMC Southcenter 16,2025-07-11,2025-09-05
Together Early Access,AMC Southcenter 16,2025-07-11,2025-09-05
Together Early Access,AMC Vancouver Mall 23,2025-07-11,2025-09-05
La Traviata: Met Summer Encore 2025,AMC Pacific Place 11,2025-07-11,2025-09-05
Together Early Access,AMC Pacific Place 11,2025-07-11,2025-09-05
Superman: Sensory Friendly Screening,AMC Woodinville 12,2025-07-11,2025-09-05
Together Early Access,AMC Woodinville 12,2025-07-11,2025-09-05
Hari Hara Veera Mallu: Part 1 Sword vs Spirit,AMC Alderwood Mall 16,2025-07-11,2025-09-05
Together Early Access,AMC Alderwood Mall 16,2025-07-11,2025-09-05
The Fantastic Four: First Steps,AMC River Park Square 20,2025-07-11,2025-09-05
"Oh, Hi!",AMC River Park Square 20,2025-07-11,2025-09-05
"Sorry, Baby",AMC River Park Square 20,2025-07-11,2025-09-05
The Fantastic Four: First Steps,AMC Kent Station 14,2025-07-11,2025-09-05
"Oh, Hi!",AMC Kent Station 14,2025-07-11,2025-09-05
"Sorry, Baby",AMC Kent Station 14,2025-07-11,2025-09-05
The Fantastic Four: First Steps IMAX Opening Night Fan Event,AMC Kent Station 14,2025-07-11,2025-09-05
The Fantastic Four: First Steps,AMC Southcenter 16,2025-07-11,2025-09-05
"Oh, Hi!",AMC Southcenter 16,2025-07-11,2025-09-05
"Sorry, Baby",AMC Southcenter 16,2025-07-11,2025-09-05
The Fantastic Four: First Steps IMAX Opening Night Fan Event,AMC Southcenter 16,2025-07-11,2025-09-05
House on Eden,AMC Southcenter 16,2025-07-11,2025-09-05
The Fantastic Four: First Steps,AMC Progress Ridge 13,2025-07-11,2025-09-05
"Oh, Hi!",AMC Progress Ridge 13,2025-07-11,2025-09-05
The Fantastic Four: First Steps,AMC Vancouver Mall 23,2025-07-11,2025-09-05
"Oh, Hi!",AMC Vancouver Mall 23,2025-07-11,2025-09-05
"Sorry, Baby",AMC Vancouver Mall 23,2025-07-11,2025-09-05
House on Eden,AMC Vancouver Mall 23,2025-07-11,2025-09-05
The Fantastic Four: First Steps,AMC CLASSIC Mill Plain 8,2025-07-11,2025-09-05
The Fantastic Four: First Steps,AMC Pacific Place 11,2025-07-11,2025-09-05
"Oh, Hi!",AMC Pacific Place 11,2025-07-11,2025-09-05
The Fantastic Four: First Steps,AMC Kitsap 8,2025-07-11,2025-09-05
The Fantastic Four: First Steps,AMC Factoria 8,2025-07-11,2025-09-05
The Fantastic Four: First Steps,AMC Oak Tree 6,2025-07-11,2025-09-05
The Fantastic Four: First Steps,AMC Lakewood Mall 12,2025-07-11,2025-09-05
The Fantastic Four: First Steps,AMC CLASSIC Cascade Mall 14,2025-07-11,2025-09-05
"Oh, Hi!",AMC CLASSIC Cascade Mall 14,2025-07-11,2025-09-05
House on Eden,AMC CLASSIC Cascade Mall 14,2025-07-11,2025-09-05
The Fantastic Four: First Steps,AMC Woodinville 12,2025-07-11,2025-09-05
"Oh, Hi!",AMC Woodinville 12,2025-07-11,2025-09-05
The Fantastic Four: First Steps,AMC Alderwood Mall 16,2025-07-11,2025-09-05
"Oh, Hi!",AMC Alderwood Mall 16,2025-07-11,2025-09-05
"Sorry, Baby",AMC Alderwood Mall 16,2025-07-11,2025-07-21
The Fantastic Four: First Steps IMAX Opening Night Fan Event,AMC Alderwood Mall 16,2025-07-11,2025-09-05
House on Eden,AMC Alderwood Mall 16,2025-07-11,2025-09-05
The Fantastic Four: First Steps,AMC CLASSIC Corvallis 12,2025-07-11,2025-09-05
The Fantastic Four: First Steps,AMC CLASSIC Kennewick 12,2025-07-11,2025-09-05
"Oh, Hi!",AMC CLASSIC Kennewick 12,2025-07-11,2025-09-05
Smurfs: Sensory Friendly Screening,AMC River Park Square 20,2025-07-12,2025-09-05
Smurfs: Sensory Friendly Screening,AMC Kent Station 14,2025-07-12,2025-09-05
Smurfs: Sensory Friendly Screening,AMC Woodinville 12,2025-07-12,2025-09-05
Summer Wars 4K,AMC River Park Square 20,2025-07-13,2025-09-05
Ick,AMC River Park Square 20,2025-07-13,2025-09-05
Ick,AMC Kent Station 14,2025-07-13,2025-07-20
Summer Wars 4K,AMC Southcenter 16,2025-07-13,2025-09-05
Ick,AMC Southcenter 16,2025-07-13,2025-09-05
Summer Wars 4K,AMC Vancouver Mall 23,2025-07-13,2025-09-05
Ick,AMC Vancouver Mall 23,2025-07-13,2025-09-05
Ick,AMC Lakewood Mall 12,2025-07-13,2025-07-20
Ick,AMC Woodinville 12,2025-07-13,2025-07-20
Summer Wars 4K,AMC Alderwood Mall 16,2025-07-13,2025-09-05
Ick,AMC Alderwood Mall 16,2025-07-13,2025-09-05
Summer Wars 4K,AMC CLASSIC Corvallis 12,2025-07-13,2025-09-05
Shrek ,AMC River Park Square 20,2025-07-14,2025-09-05
AMC Screen Unseen: July 28,AMC River Park Square 20,2025-07-14,2025-09-05
Shrek ,AMC Kent Station 14,2025-07-14,2025-09-05
AMC Screen Unseen: July 28,AMC Kent Station 14,2025-07-14,2025-09-05
Shrek ,AMC Southcenter 16,2025-07-14,2025-09-05
AMC Screen Unseen: July 28,AMC Southcenter 16,2025-07-14,2025-09-05
AMC Screen Unseen: July 28,AMC Progress Ridge 13,2025-07-14,2025-09-05
Shrek ,AMC Vancouver Mall 23,2025-07-14,2025-09-05
AMC Screen Unseen: July 28,AMC Vancouver Mall 23,2025-07-14,2025-09-05
AMC Screen Unseen: July 28,AMC Pacific Place 11,2025-07-14,2025-09-05
AMC Screen Unseen: July 28,AMC Kitsap 8,2025-07-14,2025-09-05
AMC Screen Unseen: July 28,AMC Factoria 8,2025-07-14,2025-09-05
AMC Screen Unseen: July 28,AMC Oak Tree 6,2025-07-14,2025-09-05
AMC Screen Unseen: July 28,AMC Lakewood Mall 12,2025-07-14,2025-09-05
AMC Screen Unseen: July 28,AMC CLASSIC Cascade Mall 14,2025-07-14,2025-09-05
Shrek ,AMC Woodinville 12,2025-07-14,2025-09-05
AMC Screen Unseen: July 28,AMC Woodinville 12,2025-07-14,2025-09-05
Shrek ,AMC Alderwood Mall 16,2025-07-14,2025-09-05
AMC Screen Unseen: July 28,AMC Alderwood Mall 16,2025-07-14,2025-09-05
Shrek ,AMC CLASSIC Kennewick 12,2025-07-14,2025-09-05
AMC Screen Unseen: July 28,AMC CLASSIC Kennewick 12,2025-07-14,2025-09-05
Seattle 48 Hour Film Project Premiere Screenings 2025,SIFF Cinema Uptown,2025-07-15,2025-07-23
Jaws: 50th Anniversary (New 4K Restoration),SIFF Cinema Downtown,2025-07-15,2025-09-04
Eddington,AMC Kitsap 8,2025-07-15,2025-09-05
Eddington,AMC Factoria 8,2025-07-15,2025-09-05
Don't Let's Go to the Dogs Tonight,AMC CLASSIC Cascade Mall 14,2025-07-15,2025-09-05
Together,AMC River Park Square 20,2025-07-15,2025-09-05
Together,AMC Kent Station 14,2025-07-15,2025-09-05
Together,AMC Southcenter 16,2025-07-15,2025-09-05
Together,AMC Progress Ridge 13,2025-07-15,2025-09-05
Together,AMC Vancouver Mall 23,2025-07-15,2025-09-05
Together,AMC CLASSIC Mill Plain 8,2025-07-15,2025-09-05
Together,AMC Pacific Place 11,2025-07-15,2025-09-05
Together,AMC Kitsap 8,2025-07-15,2025-09-05
Together,AMC Factoria 8,2025-07-15,2025-09-05
Together,AMC CLASSIC Cascade Mall 14,2025-07-15,2025-09-05
Together,AMC Woodinville 12,2025-07-15,2025-09-05
Together,AMC Alderwood Mall 16,2025-07-15,2025-09-05
Together,AMC CLASSIC Corvallis 12,2025-07-15,2025-09-05
Together,AMC CLASSIC Kennewick 12,2025-07-15,2025-09-05
"Akira Kurosawa: High and Low (New 4K Restoration)
",SIFF Cinema Downtown,2025-07-16,2025-08-14
Akira Kurosawa: Rashomon (New 2K Restoration),SIFF Cinema Downtown,2025-07-16,2025-08-10
Akira Kurosawa: Red Beard (New 2K Restoration),SIFF Cinema Downtown,2025-07-16,2025-08-03
Akira Kurosawa: Ran (New 4K Restoration),SIFF Cinema Downtown,2025-07-16,2025-08-09
Akira Kurosawa: The Hidden Fortress (New 4K Restoration),SIFF Cinema Downtown,2025-07-16,2025-08-08
Akira Kurosawa: Seven Samurai (4K Restoration),SIFF Cinema Downtown,2025-07-16,2025-08-12
Akira Kurosawa: Sanjuro (New 4K Restoration),SIFF Cinema Downtown,2025-07-16,2025-08-13
Akira Kurosawa: Stray Dog (New 4K Restoration),SIFF Cinema Downtown,2025-07-16,2025-08-09
Akira Kurosawa: Throne of Blood (New 4K Restoration),SIFF Cinema Downtown,2025-07-16,2025-08-08
Akira Kurosawa: Ikiru (New 4K Restoration),SIFF Cinema Downtown,2025-07-16,2025-08-10
Akira Kurosawa: Yojimbo (New 4K Restoration),SIFF Cinema Downtown,2025-07-16,2025-08-10
Eddington,AMC CLASSIC Mill Plain 8,2025-07-16,2025-09-05
Guns & Moses,AMC Alderwood Mall 16,2025-07-16,2025-09-05
Don't Let's Go to the Dogs Tonight,AMC Vancouver Mall 23,2025-07-16,2025-09-05
A Cool Fish 2,AMC Pacific Place 11,2025-07-16,2025-09-05
Smurfs,AMC Oak Tree 6,2025-07-16,2025-09-05
Saiyaara,AMC Alderwood Mall 16,2025-07-16,2025-09-05
Tanvi: The Great,AMC Alderwood Mall 16,2025-07-16,2025-09-05
Superman: Sensory Friendly Screening,AMC CLASSIC Cascade Mall 14,2025-07-16,2025-09-05
The Home,AMC River Park Square 20,2025-07-16,2025-09-05
The Home,AMC Southcenter 16,2025-07-16,2025-09-05
The Home,AMC Alderwood Mall 16,2025-07-16,2025-09-05
Romeo et Juliette: Met Summer Encore 2025,AMC Kent Station 14,2025-07-16,2025-09-05
Romeo et Juliette: Met Summer Encore 2025,AMC Southcenter 16,2025-07-16,2025-09-05
Romeo et Juliette: Met Summer Encore 2025,AMC Pacific Place 11,2025-07-16,2025-09-05
Seattle 48 Hour Film Project Screening and Awards 2025,SIFF Cinema Uptown,2025-07-17,2025-08-10
The Bad Guys 2,AMC River Park Square 20,2025-07-17,2025-09-05
The Naked Gun,AMC River Park Square 20,2025-07-17,2025-09-05
The Bad Guys 2,AMC Kent Station 14,2025-07-17,2025-09-05
Nothing But A Winner,AMC Kent Station 14,2025-07-17,2025-09-05
The Naked Gun,AMC Kent Station 14,2025-07-17,2025-09-05
The Bad Guys 2,AMC Southcenter 16,2025-07-17,2025-09-05
Nothing But A Winner,AMC Southcenter 16,2025-07-17,2025-09-05
The Naked Gun,AMC Southcenter 16,2025-07-17,2025-09-05
The Bad Guys 2,AMC Progress Ridge 13,2025-07-17,2025-09-05
The Naked Gun,AMC Progress Ridge 13,2025-07-17,2025-09-05
The Bad Guys 2,AMC Vancouver Mall 23,2025-07-17,2025-09-05
The Naked Gun,AMC Vancouver Mall 23,2025-07-17,2025-09-05
The Bad Guys 2,AMC CLASSIC Mill Plain 8,2025-07-17,2025-09-05
The Naked Gun,AMC CLASSIC Mill Plain 8,2025-07-17,2025-09-05
The Bad Guys 2,AMC Pacific Place 11,2025-07-17,2025-09-05
Architecton,AMC Pacific Place 11,2025-07-17,2025-09-05
The Naked Gun,AMC Pacific Place 11,2025-07-17,2025-09-05
The Bad Guys 2,AMC Kitsap 8,2025-07-17,2025-09-05
The Naked Gun,AMC Kitsap 8,2025-07-17,2025-09-05
The Bad Guys 2,AMC Factoria 8,2025-07-17,2025-09-05
The Naked Gun,AMC Factoria 8,2025-07-17,2025-09-05
The Bad Guys 2,AMC Oak Tree 6,2025-07-17,2025-09-05
The Naked Gun,AMC Oak Tree 6,2025-07-17,2025-09-05
The Bad Guys 2,AMC Lakewood Mall 12,2025-07-17,2025-09-05
The Naked Gun,AMC Lakewood Mall 12,2025-07-17,2025-09-05
The Bad Guys 2,AMC CLASSIC Cascade Mall 14,2025-07-17,2025-09-05
The Naked Gun,AMC CLASSIC Cascade Mall 14,2025-07-17,2025-09-05
The Bad Guys 2,AMC Woodinville 12,2025-07-17,2025-09-05
The Naked Gun,AMC Woodinville 12,2025-07-17,2025-09-05
The Bad Guys 2,AMC Alderwood Mall 16,2025-07-17,2025-09-05
The Naked Gun,AMC Alderwood Mall 16,2025-07-17,2025-09-05
The Bad Guys 2,AMC CLASSIC Corvallis 12,2025-07-17,2025-09-05
The Naked Gun,AMC CLASSIC Corvallis 12,2025-07-17,2025-09-05
The Bad Guys 2,AMC CLASSIC Kennewick 12,2025-07-17,2025-09-05
Together,AMC Lakewood Mall 12,2025-07-18,2025-09-05
"El Salvador, Another Vietnam",The Beacon,2025-07-19,2025-07-26
The Naked Gun,AMC CLASSIC Kennewick 12,2025-07-20,2025-09-05
Sunset Boulevard 75th Anniversary,AMC River Park Square 20,2025-07-20,2025-09-05
Sunset Boulevard 75th Anniversary,AMC Kent Station 14,2025-07-20,2025-09-05
Sunset Boulevard 75th Anniversary,AMC Southcenter 16,2025-07-20,2025-09-05
Sunset Boulevard 75th Anniversary,AMC Vancouver Mall 23,2025-07-20,2025-09-05
Sunset Boulevard 75th Anniversary,AMC Lakewood Mall 12,2025-07-20,2025-09-05
Sunset Boulevard 75th Anniversary,AMC Woodinville 12,2025-07-20,2025-09-05
Sunset Boulevard 75th Anniversary,AMC Alderwood Mall 16,2025-07-20,2025-09-05
Migration,AMC River Park Square 20,2025-07-21,2025-09-05
Sketch,AMC River Park Square 20,2025-07-21,2025-09-05
Migration,AMC Kent Station 14,2025-07-21,2025-09-05
Sketch,AMC Kent Station 14,2025-07-21,2025-09-05
Migration,AMC Southcenter 16,2025-07-21,2025-09-05
Sketch,AMC Southcenter 16,2025-07-21,2025-09-05
Sketch,AMC Progress Ridge 13,2025-07-21,2025-09-05
Migration,AMC Vancouver Mall 23,2025-07-21,2025-09-05
Sketch,AMC Vancouver Mall 23,2025-07-21,2025-09-05
Sketch,AMC Lakewood Mall 12,2025-07-21,2025-09-05
Sketch,AMC CLASSIC Cascade Mall 14,2025-07-21,2025-09-05
Migration,AMC Woodinville 12,2025-07-21,2025-09-05
Sketch,AMC Woodinville 12,2025-07-21,2025-09-05
Migration,AMC Alderwood Mall 16,2025-07-21,2025-09-05
Sketch,AMC Alderwood Mall 16,2025-07-21,2025-09-05
Sketch,AMC CLASSIC Corvallis 12,2025-07-21,2025-09-05
Migration,AMC CLASSIC Kennewick 12,2025-07-21,2025-09-05
Sketch,AMC CLASSIC Kennewick 12,2025-07-21,2025-09-05
Talking Pictures: Lex Vaughn presents Anchorman,SIFF Cinema Downtown,2025-07-22,2025-08-07
The Lychee Road / The Litchi Road,AMC River Park Square 20,2025-07-22,2025-09-05
Bambi: The Reckoning,AMC River Park Square 20,2025-07-22,2025-09-05
House on Eden,AMC River Park Square 20,2025-07-22,2025-09-05
The Home,AMC CLASSIC Cascade Mall 14,2025-07-22,2025-09-05
"Oh, Hi!",AMC CLASSIC Corvallis 12,2025-07-22,2025-09-05
The Home,AMC CLASSIC Corvallis 12,2025-07-22,2025-09-05
The Home,AMC Kent Station 14,2025-07-22,2025-09-05
The Home,AMC Progress Ridge 13,2025-07-22,2025-09-05
The Home,AMC Vancouver Mall 23,2025-07-22,2025-09-05
The Lychee Road / The Litchi Road,AMC Pacific Place 11,2025-07-22,2025-09-05
The Home,AMC CLASSIC Kennewick 12,2025-07-22,2025-09-05
Smurfs: Sensory Friendly Screening,AMC CLASSIC Cascade Mall 14,2025-07-22,2025-09-05
What If... 15th Anniversary,AMC River Park Square 20,2025-07-22,2025-09-05
Critical Role Live: Indianapolis,AMC Kent Station 14,2025-07-22,2025-07-22
What If... 15th Anniversary,AMC Kent Station 14,2025-07-22,2025-07-28
Critical Role Live: Indianapolis,AMC Southcenter 16,2025-07-22,2025-07-22
What If... 15th Anniversary,AMC Southcenter 16,2025-07-22,2025-07-28
What If... 15th Anniversary,AMC Vancouver Mall 23,2025-07-22,2025-07-28
Critical Role Live: Indianapolis,AMC Pacific Place 11,2025-07-22,2025-07-22
What If... 15th Anniversary,AMC CLASSIC Cascade Mall 14,2025-07-22,2025-07-28
What If... 15th Anniversary,AMC CLASSIC Kennewick 12,2025-07-22,2025-07-28
Weapons,SIFF Cinema Uptown,2025-07-23,2025-08-27
BFDI & Inanimate Insanity 2025 Tour,SIFF Cinema Downtown,2025-07-23,2025-07-27
Folktales,SIFF Cinema Uptown,2025-07-23,2025-08-07
Together,AMC Oak Tree 6,2025-07-23,2025-09-05
She Rides Shotgun,AMC River Park Square 20,2025-07-23,2025-09-05
AMC Screen Unseen: August 4,AMC River Park Square 20,2025-07-23,2025-09-05
AMC Screen Unseen: August 4,AMC Kent Station 14,2025-07-23,2025-09-05
AMC Screen Unseen: August 4,AMC Southcenter 16,2025-07-23,2025-09-05
AMC Screen Unseen: August 4,AMC Progress Ridge 13,2025-07-23,2025-09-05
AMC Screen Unseen: August 4,AMC Vancouver Mall 23,2025-07-23,2025-09-05
AMC Screen Unseen: August 4,AMC Pacific Place 11,2025-07-23,2025-09-05
AMC Screen Unseen: August 4,AMC Kitsap 8,2025-07-23,2025-09-05
AMC Screen Unseen: August 4,AMC Factoria 8,2025-07-23,2025-09-05
AMC Screen Unseen: August 4,AMC Oak Tree 6,2025-07-23,2025-09-05
AMC Screen Unseen: August 4,AMC Lakewood Mall 12,2025-07-23,2025-09-05
AMC Screen Unseen: August 4,AMC CLASSIC Cascade Mall 14,2025-07-23,2025-09-05
AMC Screen Unseen: August 4,AMC Woodinville 12,2025-07-23,2025-09-05
AMC Screen Unseen: August 4,AMC Alderwood Mall 16,2025-07-23,2025-09-05
AMC Screen Unseen: August 4,AMC CLASSIC Kennewick 12,2025-07-23,2025-09-05
Freakier Friday Fan First Screening,AMC River Park Square 20,2025-07-23,2025-09-05
Lucia di Lammermoor: Met Summer Encore 2025,AMC Kent Station 14,2025-07-23,2025-09-05
Lucia di Lammermoor: Met Summer Encore 2025,AMC Southcenter 16,2025-07-23,2025-09-05
Lucia di Lammermoor: Met Summer Encore 2025,AMC Pacific Place 11,2025-07-23,2025-09-05
Freakier Friday Fan First Screening,AMC Woodinville 12,2025-07-23,2025-09-05
Freakier Friday Fan First Screening,AMC Alderwood Mall 16,2025-07-23,2025-09-05
Sliding Scale Community Screening: Pee-wee’s Big Adventure (40th Anniversary),SIFF Cinema Downtown,2025-07-24,2025-08-09
"It’s Never Over, Jeff Buckley",SIFF Cinema Uptown,2025-07-24,2025-08-27
The Way We Talk,AMC Pacific Place 11,2025-07-24,2025-09-05
Freakier Friday,AMC River Park Square 20,2025-07-24,2025-09-05
Weapons,AMC River Park Square 20,2025-07-24,2025-09-05
STANS,AMC River Park Square 20,2025-07-24,2025-09-05
Freakier Friday,AMC Kent Station 14,2025-07-24,2025-09-05
Weapons,AMC Kent Station 14,2025-07-24,2025-09-05
STANS,AMC Kent Station 14,2025-07-24,2025-09-05
Freakier Friday,AMC Southcenter 16,2025-07-24,2025-09-05
Weapons,AMC Southcenter 16,2025-07-24,2025-09-05
STANS,AMC Southcenter 16,2025-07-24,2025-09-05
Freakier Friday,AMC Progress Ridge 13,2025-07-24,2025-09-05
Weapons,AMC Progress Ridge 13,2025-07-24,2025-09-05
Weapons,AMC Vancouver Mall 23,2025-07-24,2025-09-05
Freakier Friday,AMC Vancouver Mall 23,2025-07-24,2025-09-05
STANS,AMC Vancouver Mall 23,2025-07-24,2025-09-05
Freakier Friday,AMC CLASSIC Mill Plain 8,2025-07-24,2025-09-05
Weapons,AMC CLASSIC Mill Plain 8,2025-07-24,2025-09-05
Freakier Friday,AMC Pacific Place 11,2025-07-24,2025-09-05
Weapons,AMC Pacific Place 11,2025-07-24,2025-09-05
Weapons,AMC Kitsap 8,2025-07-24,2025-09-05
Freakier Friday,AMC Kitsap 8,2025-07-24,2025-09-05
Freakier Friday,AMC Factoria 8,2025-07-24,2025-09-05
Weapons,AMC Factoria 8,2025-07-24,2025-09-05
Freakier Friday,AMC Oak Tree 6,2025-07-24,2025-09-05
Weapons,AMC Oak Tree 6,2025-07-24,2025-09-05
Freakier Friday,AMC Lakewood Mall 12,2025-07-24,2025-09-05
Weapons,AMC Lakewood Mall 12,2025-07-24,2025-09-05
STANS,AMC Lakewood Mall 12,2025-07-24,2025-09-05
Freakier Friday,AMC CLASSIC Cascade Mall 14,2025-07-24,2025-09-05
Weapons,AMC CLASSIC Cascade Mall 14,2025-07-24,2025-09-05
Freakier Friday,AMC Woodinville 12,2025-07-24,2025-09-05
Weapons,AMC Woodinville 12,2025-07-24,2025-09-05
Freakier Friday,AMC Alderwood Mall 16,2025-07-24,2025-09-05
Weapons,AMC Alderwood Mall 16,2025-07-24,2025-09-05
STANS,AMC Alderwood Mall 16,2025-07-24,2025-09-05
Freakier Friday,AMC CLASSIC Corvallis 12,2025-07-24,2025-09-05
Weapons,AMC CLASSIC Corvallis 12,2025-07-24,2025-09-05
Freakier Friday,AMC CLASSIC Kennewick 12,2025-07-24,2025-09-05
Stack Them Eights: The Trucker All-Nighter Marathon,The Beacon,2025-07-25,2025-08-23
Tim Travers and the Time Traveler’s Paradox,SIFF Film Center,2025-07-25,2025-08-10
She Rides Shotgun,AMC Kent Station 14,2025-07-25,2025-09-05
"It's Never Over, Jeff Buckley",AMC Pacific Place 11,2025-07-26,2025-09-05
The Fantastic Four: First Steps: Sensory Friendly Screening,AMC River Park Square 20,2025-07-26,2025-09-05
The Fantastic Four: First Steps: Sensory Friendly Screening,AMC Kent Station 14,2025-07-26,2025-09-05
#RUNSEOKJIN_EP.TOUR in AMSTERDAM: LIVE VIEWING,AMC Southcenter 16,2025-07-26,2025-09-05
The Fantastic Four: First Steps: Sensory Friendly Screening,AMC Woodinville 12,2025-07-26,2025-09-05
#RUNSEOKJIN_EP.TOUR in AMSTERDAM: LIVE VIEWING,AMC Alderwood Mall 16,2025-07-26,2025-09-05
She Rides Shotgun,AMC Alderwood Mall 16,2025-07-27,2025-09-05
What If... 15th Anniversary,AMC Alderwood Mall 16,2025-07-27,2025-07-28
My Mother's Wedding,AMC Southcenter 16,2025-07-27,2025-09-05
My Mother's Wedding,AMC Alderwood Mall 16,2025-07-27,2025-09-05
Grave Of The Fireflies - Studio Ghibli Fest 2025,AMC River Park Square 20,2025-07-27,2025-09-05
Grave Of The Fireflies - Studio Ghibli Fest 2025,AMC Kent Station 14,2025-07-27,2025-09-05
Grave Of The Fireflies - Studio Ghibli Fest 2025,AMC Southcenter 16,2025-07-27,2025-09-05
Grave Of The Fireflies - Studio Ghibli Fest 2025,AMC Vancouver Mall 23,2025-07-27,2025-09-05
Grave Of The Fireflies - Studio Ghibli Fest 2025,AMC CLASSIC Cascade Mall 14,2025-07-27,2025-09-05
Grave Of The Fireflies - Studio Ghibli Fest 2025,AMC Alderwood Mall 16,2025-07-27,2025-09-05
Grave Of The Fireflies - Studio Ghibli Fest 2025,AMC CLASSIC Corvallis 12,2025-07-27,2025-09-05
Grave Of The Fireflies - Studio Ghibli Fest 2025,AMC CLASSIC Kennewick 12,2025-07-27,2025-09-05
"DCI 2025: Big, Loud & Live",AMC Alderwood Mall 16,2025-07-28,2025-09-05
The Secret Life Of Pets,AMC River Park Square 20,2025-07-28,2025-09-05
The Secret Life Of Pets,AMC Kent Station 14,2025-07-28,2025-09-05
The Secret Life Of Pets,AMC Southcenter 16,2025-07-28,2025-09-05
The Secret Life Of Pets,AMC Vancouver Mall 23,2025-07-28,2025-09-05
The Secret Life Of Pets,AMC Woodinville 12,2025-07-28,2025-09-05
The Secret Life Of Pets,AMC Alderwood Mall 16,2025-07-28,2025-09-05
The Secret Life Of Pets,AMC CLASSIC Kennewick 12,2025-07-28,2025-09-05
The Lychee Road / The Litchi Road,AMC Vancouver Mall 23,2025-07-29,2025-09-05
She Rides Shotgun,AMC Vancouver Mall 23,2025-07-29,2025-09-05
Blue Velvet,The Beacon,2025-07-30,2025-08-07
ROGUE ONE: A STAR WARS STORY,SIFF Cinema Downtown,2025-07-30,2025-09-05
STAR WARS: A NEW HOPE,SIFF Cinema Downtown,2025-07-30,2025-09-05
STAR WARS: THE EMPIRE STRIKES BACK,SIFF Cinema Downtown,2025-07-30,2025-09-05
STAR WARS: RETURN OF THE JEDI,SIFF Cinema Downtown,2025-07-30,2025-09-05
STAR WARS: THE LAST JEDI,SIFF Cinema Downtown,2025-07-30,2025-09-05
STAR WARS: REVENGE OF THE SITH,SIFF Cinema Downtown,2025-07-30,2025-09-05
STAR WARS: ATTACK OF THE CLONES,SIFF Cinema Downtown,2025-07-30,2025-09-05
STAR WARS: THE PHANTOM MENACE,SIFF Cinema Downtown,2025-07-30,2025-09-05
STAR WARS: THE RISE OF SKYWALKER,SIFF Cinema Downtown,2025-07-30,2025-09-05
STAR WARS: THE FORCE AWAKENS,SIFF Cinema Downtown,2025-07-30,2025-09-05
SOLO: A STAR WARS STORY,SIFF Cinema Downtown,2025-07-30,2025-09-05
Omniscient Reader: The Prophecy,AMC Pacific Place 11,2025-07-30,2025-09-05
Kingdom,AMC Alderwood Mall 16,2025-07-30,2025-09-05
Son Of Sardaar 2,AMC Southcenter 16,2025-07-30,2025-09-05
Son Of Sardaar 2,AMC Alderwood Mall 16,2025-07-30,2025-09-05
Sketch,AMC CLASSIC Mill Plain 8,2025-07-30,2025-09-05
Kerouac's Road: The Beat of a Nation,AMC Alderwood Mall 16,2025-07-30,2025-09-05
My Daughter Is A Zombie,AMC Alderwood Mall 16,2025-07-30,2025-09-05
AMC Screen Unseen: August 11,AMC River Park Square 20,2025-07-30,2025-09-05
AMC Screen Unseen: August 11,AMC Kent Station 14,2025-07-30,2025-09-05
AMC Screen Unseen: August 11,AMC Southcenter 16,2025-07-30,2025-09-05
AMC Screen Unseen: August 11,AMC Progress Ridge 13,2025-07-30,2025-09-05
AMC Screen Unseen: August 11,AMC Vancouver Mall 23,2025-07-30,2025-09-05
AMC Screen Unseen: August 11,AMC Pacific Place 11,2025-07-30,2025-09-05
AMC Screen Unseen: August 11,AMC Kitsap 8,2025-07-30,2025-09-05
AMC Screen Unseen: August 11,AMC Factoria 8,2025-07-30,2025-09-05
AMC Screen Unseen: August 11,AMC Lakewood Mall 12,2025-07-30,2025-09-05
AMC Screen Unseen: August 11,AMC CLASSIC Cascade Mall 14,2025-07-30,2025-09-05
AMC Screen Unseen: August 11,AMC Woodinville 12,2025-07-30,2025-09-05
AMC Screen Unseen: August 11,AMC Alderwood Mall 16,2025-07-30,2025-09-05
AMC Screen Unseen: August 11,AMC CLASSIC Kennewick 12,2025-07-30,2025-09-05
Shin Godzilla 4K,AMC River Park Square 20,2025-07-30,2025-09-05
Rigoletto: Met Summer Encore 2025,AMC Kent Station 14,2025-07-30,2025-09-05
Shin Godzilla 4K,AMC Kent Station 14,2025-07-30,2025-09-05
Rigoletto: Met Summer Encore 2025,AMC Southcenter 16,2025-07-30,2025-09-05
Shin Godzilla 4K,AMC Southcenter 16,2025-07-30,2025-09-05
Shin Godzilla 4K,AMC Progress Ridge 13,2025-07-30,2025-09-05
Shin Godzilla 4K,AMC Vancouver Mall 23,2025-07-30,2025-09-05
Rigoletto: Met Summer Encore 2025,AMC Pacific Place 11,2025-07-30,2025-09-05
Shin Godzilla 4K,AMC Pacific Place 11,2025-07-30,2025-09-05
Shin Godzilla 4K,AMC CLASSIC Cascade Mall 14,2025-07-30,2025-09-05
Shin Godzilla 4K,AMC Alderwood Mall 16,2025-07-30,2025-09-05
The Grateful Dead Movie 2025 Meet-Up,AMC Alderwood Mall 16,2025-07-30,2025-09-05
Scarecrow Video Presents Videoheaven,The Beacon,2025-07-31,2025-08-29
Nobody 2,AMC River Park Square 20,2025-07-31,2025-09-05
East of Wall,AMC River Park Square 20,2025-07-31,2025-09-05
Went Up the Hill,AMC River Park Square 20,2025-07-31,2025-09-05
The Grateful Dead Movie 2025 Meet-Up,AMC River Park Square 20,2025-07-31,2025-09-05
Eli Roth Presents: Jimmy and Stiggs,AMC River Park Square 20,2025-07-31,2025-09-05
Nobody 2,AMC Kent Station 14,2025-07-31,2025-09-05
Went Up the Hill,AMC Kent Station 14,2025-07-31,2025-09-05
RiffTrax LIVE: Timecop,AMC Kent Station 14,2025-07-31,2025-09-05
Eli Roth Presents: Jimmy and Stiggs,AMC Kent Station 14,2025-07-31,2025-09-05
Nobody 2,AMC Southcenter 16,2025-07-31,2025-09-05
East of Wall,AMC Southcenter 16,2025-07-31,2025-09-05
Went Up the Hill,AMC Southcenter 16,2025-07-31,2025-09-05
The Grateful Dead Movie 2025 Meet-Up,AMC Southcenter 16,2025-07-31,2025-09-05
RiffTrax LIVE: Timecop,AMC Southcenter 16,2025-07-31,2025-09-05
Eli Roth Presents: Jimmy and Stiggs,AMC Southcenter 16,2025-07-31,2025-09-05
Nobody 2,AMC Progress Ridge 13,2025-07-31,2025-09-05
Eli Roth Presents: Jimmy and Stiggs,AMC Progress Ridge 13,2025-07-31,2025-09-05
Nobody 2,AMC Vancouver Mall 23,2025-07-31,2025-09-05
East of Wall,AMC Vancouver Mall 23,2025-07-31,2025-09-05
Eli Roth Presents: Jimmy and Stiggs,AMC Vancouver Mall 23,2025-07-31,2025-09-05
Nobody 2,AMC CLASSIC Mill Plain 8,2025-07-31,2025-09-05
Nobody 2,AMC Pacific Place 11,2025-07-31,2025-09-05
East of Wall,AMC Pacific Place 11,2025-07-31,2025-09-05
The Grateful Dead Movie 2025 Meet-Up,AMC Pacific Place 11,2025-07-31,2025-08-12
Eli Roth Presents: Jimmy and Stiggs,AMC Pacific Place 11,2025-07-31,2025-09-05
Nobody 2,AMC Kitsap 8,2025-07-31,2025-09-05
Nobody 2,AMC Factoria 8,2025-07-31,2025-09-05
Nobody 2,AMC Oak Tree 6,2025-07-31,2025-09-05
Nobody 2,AMC Lakewood Mall 12,2025-07-31,2025-09-05
Eli Roth Presents: Jimmy and Stiggs,AMC Lakewood Mall 12,2025-07-31,2025-09-05
Nobody 2,AMC CLASSIC Cascade Mall 14,2025-07-31,2025-09-05
Nobody 2,AMC Woodinville 12,2025-07-31,2025-09-05
Nobody 2,AMC Alderwood Mall 16,2025-07-31,2025-09-05
East of Wall,AMC Alderwood Mall 16,2025-07-31,2025-09-05
Went Up the Hill,AMC Alderwood Mall 16,2025-07-31,2025-09-05
Eli Roth Presents: Jimmy and Stiggs,AMC Alderwood Mall 16,2025-07-31,2025-09-05
Nobody 2,AMC CLASSIC Corvallis 12,2025-07-31,2025-09-05
East of Wall,AMC CLASSIC Corvallis 12,2025-07-31,2025-09-05
Eli Roth Presents: Jimmy and Stiggs,AMC CLASSIC Corvallis 12,2025-07-31,2025-09-05
Nobody 2,AMC CLASSIC Kennewick 12,2025-07-31,2025-09-05
Weapons,AMC CLASSIC Kennewick 12,2025-07-31,2025-09-05
Night Of The Juggler,The Beacon,2025-08-01,2025-08-21
Boys Go to Jupiter,SIFF Film Center,2025-08-01,2025-08-24
Highest 2 Lowest,SIFF Cinema Downtown,2025-08-01,2025-08-28
"The Uncertain Detective, Season 4",SIFF Cinema Uptown,2025-08-01,2025-09-05
Strange Harvest,AMC Southcenter 16,2025-08-01,2025-09-05
Strange Harvest,AMC Vancouver Mall 23,2025-08-01,2025-09-05
Strange Harvest,AMC CLASSIC Cascade Mall 14,2025-08-01,2025-09-05
Strange Harvest,AMC Alderwood Mall 16,2025-08-01,2025-09-05
War 2 (Hindi),AMC Southcenter 16,2025-08-01,2025-09-05
War 2 (Hindi),AMC Woodinville 12,2025-08-01,2025-09-05
War 2,AMC Alderwood Mall 16,2025-08-01,2025-08-07
War 2 (Hindi),AMC Alderwood Mall 16,2025-08-01,2025-09-05
Witchboard,AMC River Park Square 20,2025-08-01,2025-09-05
Cloud,SIFF Cinema Uptown,2025-08-03,2025-08-27
UFC 319: du Plessis vs. Chimaev,AMC Kent Station 14,2025-08-03,2025-09-05
UFC 319: du Plessis vs. Chimaev,AMC Southcenter 16,2025-08-03,2025-09-05
UFC 319: du Plessis vs. Chimaev,AMC Alderwood Mall 16,2025-08-03,2025-09-05
Teenage Mutant Ninja Turtles 35th Anniversary,AMC Kent Station 14,2025-08-03,2025-09-05
Teenage Mutant Ninja Turtles 35th Anniversary,AMC Southcenter 16,2025-08-03,2025-09-05
Runway’s 2025 AI Film Festival presented by IMAX,AMC Southcenter 16,2025-08-03,2025-09-05
Teenage Mutant Ninja Turtles 35th Anniversary,AMC Pacific Place 11,2025-08-03,2025-09-05
Texas Chain Saw Day,AMC River Park Square 20,2025-08-04,2025-09-05
Mamoru Hosoda’s The Boy and The Beast,AMC River Park Square 20,2025-08-04,2025-09-05
Texas Chain Saw Day,AMC Kent Station 14,2025-08-04,2025-09-05
Ne Zha II - Early Access,AMC Kent Station 14,2025-08-04,2025-09-05
Mamoru Hosoda’s The Boy and The Beast,AMC Southcenter 16,2025-08-04,2025-09-05
Texas Chain Saw Day,AMC Vancouver Mall 23,2025-08-04,2025-09-05
Mamoru Hosoda’s The Boy and The Beast,AMC Vancouver Mall 23,2025-08-04,2025-09-05
Texas Chain Saw Day,AMC Lakewood Mall 12,2025-08-04,2025-09-05
Texas Chain Saw Day,AMC Woodinville 12,2025-08-04,2025-09-05
Texas Chain Saw Day,AMC Alderwood Mall 16,2025-08-04,2025-09-05
Mamoru Hosoda’s The Boy and The Beast,AMC Alderwood Mall 16,2025-08-04,2025-09-05
Ne Zha II - Early Access,AMC Alderwood Mall 16,2025-08-04,2025-09-05
Cries And Whispers,The Beacon,2025-08-05,2025-08-27
Sketch,AMC Pacific Place 11,2025-08-05,2025-09-05
My Mother's Wedding,AMC Kent Station 14,2025-08-05,2025-09-05
Strange Harvest,AMC Kent Station 14,2025-08-05,2025-09-05
Strange Harvest,AMC Progress Ridge 13,2025-08-05,2025-09-05
My Mother's Wedding,AMC Woodinville 12,2025-08-05,2025-09-05
Strange Harvest,AMC CLASSIC Corvallis 12,2025-08-05,2025-09-05
Strange Harvest,AMC River Park Square 20,2025-08-05,2025-09-05
Red Sonja,AMC River Park Square 20,2025-08-05,2025-09-05
Shin Godzilla 4K,AMC CLASSIC Corvallis 12,2025-08-05,2025-09-05
Shin Godzilla 4K,AMC CLASSIC Kennewick 12,2025-08-05,2025-09-05
Mountains on Stage - Winter Edition 2025,SIFF Cinema Uptown,2025-08-06,2025-09-05
Strange Harvest,AMC Lakewood Mall 12,2025-08-06,2025-09-05
Bad Shabbos,AMC Pacific Place 11,2025-08-06,2025-09-05
Strange Harvest,AMC CLASSIC Kennewick 12,2025-08-06,2025-09-05
Red Sonja,AMC Southcenter 16,2025-08-06,2025-09-05
Shin Godzilla 4K,AMC Kitsap 8,2025-08-06,2025-09-05
Shin Godzilla 4K,AMC Oak Tree 6,2025-08-06,2025-09-05
Shin Godzilla 4K,AMC Lakewood Mall 12,2025-08-06,2025-09-05
The Fantastic Four: First Steps: Sensory Friendly Screening,AMC CLASSIC Cascade Mall 14,2025-08-06,2025-09-05
Shin Godzilla 4K,AMC Woodinville 12,2025-08-06,2025-09-05
Red Sonja,AMC Alderwood Mall 16,2025-08-06,2025-09-05
Americana,AMC River Park Square 20,2025-08-06,2025-09-05
Americana,AMC Southcenter 16,2025-08-06,2025-09-05
Teenage Mutant Ninja Turtles 35th Anniversary,AMC Lakewood Mall 12,2025-08-06,2025-09-05
Teenage Mutant Ninja Turtles 35th Anniversary,AMC CLASSIC Cascade Mall 14,2025-08-06,2025-09-05
Teenage Mutant Ninja Turtles 35th Anniversary,AMC Alderwood Mall 16,2025-08-06,2025-09-05
AMC Screen Unseen: August 18,AMC River Park Square 20,2025-08-06,2025-09-05
AMC Screen Unseen: August 18,AMC Kent Station 14,2025-08-06,2025-09-05
AMC Screen Unseen: August 18,AMC Southcenter 16,2025-08-06,2025-09-05
AMC Screen Unseen: August 18,AMC Progress Ridge 13,2025-08-06,2025-09-05
AMC Screen Unseen: August 18,AMC Vancouver Mall 23,2025-08-06,2025-09-05
AMC Screen Unseen: August 18,AMC Pacific Place 11,2025-08-06,2025-09-05
AMC Screen Unseen: August 18,AMC Kitsap 8,2025-08-06,2025-09-05
AMC Screen Unseen: August 18,AMC Factoria 8,2025-08-06,2025-09-05
AMC Screen Unseen: August 18,AMC Oak Tree 6,2025-08-06,2025-09-05
AMC Screen Unseen: August 18,AMC Lakewood Mall 12,2025-08-06,2025-09-05
AMC Screen Unseen: August 18,AMC CLASSIC Cascade Mall 14,2025-08-06,2025-09-05
AMC Screen Unseen: August 18,AMC Woodinville 12,2025-08-06,2025-09-05
AMC Screen Unseen: August 18,AMC Alderwood Mall 16,2025-08-06,2025-09-05
AMC Screen Unseen: August 18,AMC CLASSIC Kennewick 12,2025-08-06,2025-09-05
"Yungblud. Are You Ready, Boy?",AMC River Park Square 20,2025-08-06,2025-09-05
Hell House LLC: Lineage,AMC Kent Station 14,2025-08-06,2025-09-05
Hell House LLC: Lineage,AMC Progress Ridge 13,2025-08-06,2025-09-05
Hell House LLC: Lineage,AMC Vancouver Mall 23,2025-08-06,2025-08-21
Hell House LLC: Lineage,AMC Lakewood Mall 12,2025-08-06,2025-09-05
Hell House LLC: Lineage,AMC CLASSIC Cascade Mall 14,2025-08-06,2025-08-21
"Yungblud. Are You Ready, Boy?",AMC Alderwood Mall 16,2025-08-06,2025-09-05
Four Nights Of A Dreamer,The Beacon,2025-08-07,2025-09-05
Ride The Pink Horse,The Beacon,2025-08-07,2025-09-05
Touch Of Evil,The Beacon,2025-08-07,2025-09-05
The Gleaners And I,The Beacon,2025-08-07,2025-09-05
Border Incident,The Beacon,2025-08-07,2025-09-05
The Breaking Point,The Beacon,2025-08-07,2025-09-05
The Telephone Book,The Beacon,2025-08-07,2025-09-05
Blind Woman’S Curse,The Beacon,2025-08-07,2025-09-05
Really Me: The Diary of a Soul In Transition,SIFF Film Center,2025-08-07,2025-08-23
Teenage Mutant Ninja Turtles 35th Anniversary,AMC River Park Square 20,2025-08-07,2025-09-05
Teenage Mutant Ninja Turtles 35th Anniversary,AMC Vancouver Mall 23,2025-08-07,2025-09-05
Dead To Rights,AMC Pacific Place 11,2025-08-07,2025-09-05
Dead To Rights,AMC Alderwood Mall 16,2025-08-07,2025-09-05
Teenage Mutant Ninja Turtles 35th Anniversary,AMC CLASSIC Corvallis 12,2025-08-07,2025-09-05
Ne Zha II ,AMC River Park Square 20,2025-08-07,2025-09-05
The Warning Live from Auditorio Nacional CDMX,AMC River Park Square 20,2025-08-07,2025-09-05
Primitive War,AMC River Park Square 20,2025-08-07,2025-09-05
Eden,AMC River Park Square 20,2025-08-07,2025-09-05
Ne Zha II ,AMC Kent Station 14,2025-08-07,2025-09-05
Primitive War,AMC Kent Station 14,2025-08-07,2025-09-05
Eden,AMC Kent Station 14,2025-08-07,2025-09-05
Ne Zha II ,AMC Southcenter 16,2025-08-07,2025-09-05
Eden,AMC Southcenter 16,2025-08-07,2025-09-05
Ne Zha II ,AMC Progress Ridge 13,2025-08-07,2025-09-05
The Warning Live from Auditorio Nacional CDMX,AMC Progress Ridge 13,2025-08-07,2025-09-05
Ne Zha II ,AMC Vancouver Mall 23,2025-08-07,2025-09-05
Primitive War,AMC Vancouver Mall 23,2025-08-07,2025-08-18
Ne Zha II ,AMC CLASSIC Mill Plain 8,2025-08-07,2025-09-05
Ne Zha II ,AMC Pacific Place 11,2025-08-07,2025-09-05
Primitive War,AMC Pacific Place 11,2025-08-07,2025-09-05
Eden,AMC Pacific Place 11,2025-08-07,2025-09-05
Ne Zha II ,AMC Kitsap 8,2025-08-07,2025-09-05
Ne Zha II ,AMC Factoria 8,2025-08-07,2025-09-05
Ne Zha II ,AMC Lakewood Mall 12,2025-08-07,2025-09-05
Ne Zha II ,AMC CLASSIC Cascade Mall 14,2025-08-07,2025-09-05
Ne Zha II ,AMC Woodinville 12,2025-08-07,2025-09-05
Primitive War,AMC Woodinville 12,2025-08-07,2025-09-05
Eden,AMC Woodinville 12,2025-08-07,2025-09-05
Ne Zha II ,AMC Alderwood Mall 16,2025-08-07,2025-09-05
Black Swan: 15th Anniversary Exclusive: Remastered for IMAX,AMC Alderwood Mall 16,2025-08-07,2025-09-05
The Warning Live from Auditorio Nacional CDMX,AMC Alderwood Mall 16,2025-08-07,2025-09-05
Primitive War,AMC Alderwood Mall 16,2025-08-07,2025-09-05
Eden,AMC Alderwood Mall 16,2025-08-07,2025-09-05
Ne Zha II ,AMC CLASSIC Corvallis 12,2025-08-07,2025-09-05
Ne Zha II ,AMC CLASSIC Kennewick 12,2025-08-07,2025-09-05
The Lovers On The Bridge,The Beacon,2025-08-08,2025-09-05
War 2 (Telugu),AMC Alderwood Mall 16,2025-08-08,2025-09-05
Teenage Mutant Ninja Turtles 35th Anniversary,AMC Woodinville 12,2025-08-08,2025-09-05
Trainwreck: 10th Anniversary,AMC River Park Square 20,2025-08-08,2025-09-05
The 40 Year-Old Virgin: 20th Anniversary,AMC River Park Square 20,2025-08-08,2025-09-05
Eden,AMC Vancouver Mall 23,2025-08-08,2025-09-05
The 40 Year-Old Virgin: 20th Anniversary,AMC Alderwood Mall 16,2025-08-08,2025-09-05
Trainwreck: 10th Anniversary,AMC Alderwood Mall 16,2025-08-08,2025-09-05
Dongji Rescue,AMC Pacific Place 11,2025-08-09,2025-09-05
The Bad Guys 2: Sensory Friendly Screening,AMC River Park Square 20,2025-08-09,2025-09-05
Ponyo - Studio Ghibli Fest 2025,AMC River Park Square 20,2025-08-09,2025-09-05
The Bad Guys 2: Sensory Friendly Screening,AMC Kent Station 14,2025-08-09,2025-09-05
Ponyo - Studio Ghibli Fest 2025,AMC Kent Station 14,2025-08-09,2025-09-05
Ponyo - Studio Ghibli Fest 2025,AMC Southcenter 16,2025-08-09,2025-09-05
Primitive War,AMC Southcenter 16,2025-08-09,2025-09-05
The Warning Live from Auditorio Nacional CDMX,AMC Southcenter 16,2025-08-09,2025-09-05
Caught Stealing: Special Sneak Preview,AMC Southcenter 16,2025-08-09,2025-09-05
Ponyo - Studio Ghibli Fest 2025,AMC Vancouver Mall 23,2025-08-09,2025-09-05
Ponyo - Studio Ghibli Fest 2025,AMC CLASSIC Cascade Mall 14,2025-08-09,2025-08-18
The Bad Guys 2: Sensory Friendly Screening,AMC Woodinville 12,2025-08-09,2025-09-05
Caught Stealing: Special Sneak Preview,AMC Woodinville 12,2025-08-09,2025-09-05
Ponyo - Studio Ghibli Fest 2025,AMC Alderwood Mall 16,2025-08-09,2025-09-05
Caught Stealing: Special Sneak Preview,AMC Alderwood Mall 16,2025-08-09,2025-09-05
Ponyo - Studio Ghibli Fest 2025,AMC CLASSIC Corvallis 12,2025-08-09,2025-09-05
Ponyo - Studio Ghibli Fest 2025,AMC CLASSIC Kennewick 12,2025-08-09,2025-09-05
In My Skin,The Beacon,2025-08-10,2025-09-05
Kotoko,The Beacon,2025-08-10,2025-09-05
Crash,The Beacon,2025-08-10,2025-09-05
Girl Climber,AMC River Park Square 20,2025-08-10,2025-09-05
"Yungblud. Are You Ready, Boy?",AMC Southcenter 16,2025-08-10,2025-09-05
Trouble Every Day,The Beacon,2025-08-12,2025-09-05
Alucarda,The Beacon,2025-08-12,2025-09-05
Titane,The Beacon,2025-08-12,2025-09-05
In The Realm Of The Senses,The Beacon,2025-08-12,2025-09-05
Identikit,The Beacon,2025-08-12,2025-09-05
The Piano Teacher,The Beacon,2025-08-12,2025-09-05
The Knife,AMC River Park Square 20,2025-08-12,2025-09-05
Dead To Rights,AMC River Park Square 20,2025-08-12,2025-09-05
Americana,AMC Kent Station 14,2025-08-12,2025-09-05
Dead To Rights,AMC Southcenter 16,2025-08-12,2025-09-05
The Knife,AMC Southcenter 16,2025-08-12,2025-09-05
Americana,AMC Progress Ridge 13,2025-08-12,2025-09-05
Dead To Rights,AMC Factoria 8,2025-08-12,2025-09-05
TRIUMPH OF THE HEART - EARLY ACCESS WITH SPECIAL CONTENT,AMC Oak Tree 6,2025-08-12,2025-08-12
Went Up the Hill,AMC Lakewood Mall 12,2025-08-12,2025-09-05
Americana,AMC Lakewood Mall 12,2025-08-12,2025-09-05
The Knife,AMC Lakewood Mall 12,2025-08-12,2025-09-05
Americana,AMC CLASSIC Cascade Mall 14,2025-08-12,2025-09-05
Coolie,AMC Woodinville 12,2025-08-12,2025-09-05
Coolie,AMC Alderwood Mall 16,2025-08-12,2025-09-05
Americana,AMC CLASSIC Corvallis 12,2025-08-12,2025-09-05
The Knife,AMC CLASSIC Corvallis 12,2025-08-12,2025-09-05
Witchboard,AMC Kent Station 14,2025-08-12,2025-09-05
Witchboard,AMC Southcenter 16,2025-08-12,2025-09-05
Witchboard,AMC Progress Ridge 13,2025-08-12,2025-09-05
Teenage Mutant Ninja Turtles 35th Anniversary,AMC Progress Ridge 13,2025-08-12,2025-09-05
Witchboard,AMC CLASSIC Cascade Mall 14,2025-08-12,2025-09-05
Americana,AMC Woodinville 12,2025-08-12,2025-09-05
Witchboard,AMC Woodinville 12,2025-08-12,2025-09-05
Teenage Mutant Ninja Turtles 35th Anniversary,AMC CLASSIC Kennewick 12,2025-08-12,2025-09-05
Americana,AMC CLASSIC Kennewick 12,2025-08-12,2025-09-05
War 2 (Hindi),AMC CLASSIC Kennewick 12,2025-08-12,2025-09-05
Witchboard,AMC CLASSIC Kennewick 12,2025-08-12,2025-09-05
Black Swan: 15th Anniversary Exclusive: Remastered for IMAX,AMC River Park Square 20,2025-08-12,2025-09-05
Batman,AMC River Park Square 20,2025-08-12,2025-09-05
Batman Returns,AMC River Park Square 20,2025-08-12,2025-09-05
Batman,AMC Kent Station 14,2025-08-12,2025-09-05
Batman Returns,AMC Kent Station 14,2025-08-12,2025-09-05
Batman,AMC Southcenter 16,2025-08-12,2025-09-05
Batman Returns,AMC Southcenter 16,2025-08-12,2025-09-05
Batman,AMC Vancouver Mall 23,2025-08-12,2025-09-05
Batman Returns,AMC Vancouver Mall 23,2025-08-12,2025-09-05
Batman,AMC Woodinville 12,2025-08-12,2025-09-05
Batman Returns,AMC Woodinville 12,2025-08-12,2025-09-05
Batman,AMC Alderwood Mall 16,2025-08-12,2025-09-05
Batman Returns,AMC Alderwood Mall 16,2025-08-12,2025-09-05
Eno,The Beacon,2025-08-13,2025-09-05
Secs Fest Presents The Last Bath,The Beacon,2025-08-13,2025-09-05
The Friends,The Beacon,2025-08-13,2025-09-02
The Smugglers,The Beacon,2025-08-13,2025-09-05
Brigitte Et Brigitte,The Beacon,2025-08-13,2025-09-03
The Roses,SIFF Cinema Uptown,2025-08-13,2025-09-05
Honey Don’t!,SIFF Cinema Uptown,2025-08-13,2025-09-05
Americana,AMC Vancouver Mall 23,2025-08-13,2025-09-05
The Knife,AMC Vancouver Mall 23,2025-08-13,2025-09-05
Americana,AMC Alderwood Mall 16,2025-08-13,2025-09-05
Texas Chain Saw Day,AMC Southcenter 16,2025-08-13,2025-09-05
Honey Don't!,AMC River Park Square 20,2025-08-13,2025-09-05
Honey Don't!,AMC Kent Station 14,2025-08-13,2025-09-05
Honey Don't!,AMC Southcenter 16,2025-08-13,2025-09-05
Honey Don't!,AMC Progress Ridge 13,2025-08-13,2025-09-05
Honey Don't!,AMC Vancouver Mall 23,2025-08-13,2025-09-05
Honey Don't!,AMC Pacific Place 11,2025-08-13,2025-09-05
Honey Don't!,AMC Kitsap 8,2025-08-13,2025-09-05
Honey Don't!,AMC Factoria 8,2025-08-13,2025-09-05
Honey Don't!,AMC Lakewood Mall 12,2025-08-13,2025-09-05
Honey Don't!,AMC CLASSIC Cascade Mall 14,2025-08-13,2025-09-05
Honey Don't!,AMC Woodinville 12,2025-08-13,2025-09-05
Honey Don't!,AMC Alderwood Mall 16,2025-08-13,2025-09-05
Honey Don't!,AMC CLASSIC Corvallis 12,2025-08-13,2025-09-05
Freakier Friday: Sensory Friendly Screening,AMC River Park Square 20,2025-08-13,2025-09-05
The Roses: Early Access Screening,AMC River Park Square 20,2025-08-13,2025-09-05
Freakier Friday: Sensory Friendly Screening,AMC Kent Station 14,2025-08-13,2025-09-05
The Roses: Early Access Screening,AMC Kent Station 14,2025-08-13,2025-09-05
The Roses: Early Access Screening,AMC Southcenter 16,2025-08-13,2025-09-05
The Roses: Early Access Screening,AMC Vancouver Mall 23,2025-08-13,2025-09-05
Freakier Friday: Sensory Friendly Screening,AMC CLASSIC Cascade Mall 14,2025-08-13,2025-09-05
Freakier Friday: Sensory Friendly Screening,AMC Woodinville 12,2025-08-13,2025-09-05
The Roses: Early Access Screening,AMC Woodinville 12,2025-08-13,2025-09-05
The Roses: Early Access Screening,AMC Alderwood Mall 16,2025-08-13,2025-09-05
Honey Don't!,AMC Oak Tree 6,2025-08-14,2025-09-05
Day6 - 6Days,AMC Alderwood Mall 16,2025-08-14,2025-09-05
The Roses,AMC River Park Square 20,2025-08-14,2025-09-05
Jaws: 50th Anniversary,AMC River Park Square 20,2025-08-14,2025-09-05
Caught Stealing,AMC River Park Square 20,2025-08-14,2025-09-05
The Toxic Avenger Unrated,AMC River Park Square 20,2025-08-14,2025-09-05
Prince - Sign O' The Times,AMC River Park Square 20,2025-08-14,2025-09-05
Jaws: 50th Anniversary,AMC Kent Station 14,2025-08-14,2025-09-05
Caught Stealing,AMC Kent Station 14,2025-08-14,2025-09-05
The Roses,AMC Kent Station 14,2025-08-14,2025-09-05
Prince - Sign O' The Times,AMC Kent Station 14,2025-08-14,2025-09-05
The Roses,AMC Southcenter 16,2025-08-14,2025-09-05
Jaws: 50th Anniversary,AMC Southcenter 16,2025-08-14,2025-09-05
Caught Stealing,AMC Southcenter 16,2025-08-14,2025-09-05
Prince - Sign O' The Times,AMC Southcenter 16,2025-08-14,2025-09-05
Jaws: 50th Anniversary,AMC Progress Ridge 13,2025-08-14,2025-09-05
The Roses,AMC Progress Ridge 13,2025-08-14,2025-09-05
Caught Stealing,AMC Progress Ridge 13,2025-08-14,2025-09-05
Jaws: 50th Anniversary,AMC Vancouver Mall 23,2025-08-14,2025-09-05
The Roses,AMC Vancouver Mall 23,2025-08-14,2025-09-05
Caught Stealing,AMC Vancouver Mall 23,2025-08-14,2025-09-05
Jaws: 50th Anniversary,AMC CLASSIC Mill Plain 8,2025-08-14,2025-09-05
Caught Stealing,AMC CLASSIC Mill Plain 8,2025-08-14,2025-09-05
The Roses,AMC Pacific Place 11,2025-08-14,2025-09-05
Jaws: 50th Anniversary,AMC Pacific Place 11,2025-08-14,2025-09-05
Caught Stealing,AMC Pacific Place 11,2025-08-14,2025-09-05
The Roses,AMC Kitsap 8,2025-08-14,2025-09-05
Caught Stealing,AMC Kitsap 8,2025-08-14,2025-09-05
The Roses,AMC Factoria 8,2025-08-14,2025-09-05
Caught Stealing,AMC Factoria 8,2025-08-14,2025-09-05
Jaws: 50th Anniversary,AMC Factoria 8,2025-08-14,2025-09-05
The Roses,AMC Lakewood Mall 12,2025-08-14,2025-09-05
Caught Stealing,AMC Lakewood Mall 12,2025-08-14,2025-09-05
Jaws: 50th Anniversary,AMC Lakewood Mall 12,2025-08-14,2025-09-05
The Roses,AMC CLASSIC Cascade Mall 14,2025-08-14,2025-09-05
Jaws: 50th Anniversary,AMC CLASSIC Cascade Mall 14,2025-08-14,2025-09-05
Caught Stealing,AMC CLASSIC Cascade Mall 14,2025-08-14,2025-09-05
The Roses,AMC Woodinville 12,2025-08-14,2025-09-05
Jaws: 50th Anniversary,AMC Woodinville 12,2025-08-14,2025-09-05
Caught Stealing,AMC Woodinville 12,2025-08-14,2025-09-05
The Roses,AMC Alderwood Mall 16,2025-08-14,2025-09-05
Jaws: 50th Anniversary,AMC Alderwood Mall 16,2025-08-14,2025-09-05
Caught Stealing,AMC Alderwood Mall 16,2025-08-14,2025-09-05
Prince - Sign O' The Times,AMC Alderwood Mall 16,2025-08-14,2025-09-05
Jaws: 50th Anniversary,AMC CLASSIC Corvallis 12,2025-08-14,2025-09-05
Caught Stealing,AMC CLASSIC Corvallis 12,2025-08-14,2025-09-05
The Roses,AMC CLASSIC Corvallis 12,2025-08-14,2025-09-05
Jaws: 50th Anniversary,AMC CLASSIC Kennewick 12,2025-08-14,2025-09-05
Caught Stealing,AMC CLASSIC Kennewick 12,2025-08-14,2025-09-05
Leaving Mom / Mang Me Di Bo,AMC Southcenter 16,2025-08-15,2025-09-05
Relay,AMC River Park Square 20,2025-08-16,2025-09-05
Relay,AMC Kent Station 14,2025-08-16,2025-09-05
Relay,AMC Southcenter 16,2025-08-16,2025-09-05
Relay,AMC Vancouver Mall 23,2025-08-16,2025-09-05
Relay,AMC Pacific Place 11,2025-08-16,2025-09-05
Relay,AMC Lakewood Mall 12,2025-08-16,2025-09-05
Relay,AMC CLASSIC Cascade Mall 14,2025-08-16,2025-09-05
Relay,AMC Woodinville 12,2025-08-16,2025-09-05
Relay,AMC Alderwood Mall 16,2025-08-16,2025-09-05
Jaws: 50th Anniversary,AMC Kitsap 8,2025-08-16,2025-09-05
Clue 40th Anniversary - Ending One,AMC River Park Square 20,2025-08-17,2025-09-05
Clue 40th Anniversary - Ending Two,AMC River Park Square 20,2025-08-17,2025-09-05
Clue 40th Anniversary - Ending Three,AMC River Park Square 20,2025-08-17,2025-09-05
The Blind: A Special Tribute to Phil Robertson,AMC River Park Square 20,2025-08-17,2025-09-05
The Blind: A Special Tribute to Phil Robertson,AMC Southcenter 16,2025-08-17,2025-08-25
The Blind: A Special Tribute to Phil Robertson,AMC Vancouver Mall 23,2025-08-17,2025-08-25
The Blind: A Special Tribute to Phil Robertson,AMC Alderwood Mall 16,2025-08-17,2025-08-25
The Blind: A Special Tribute to Phil Robertson,AMC CLASSIC Corvallis 12,2025-08-17,2025-09-05
Hollywood Grit,AMC Southcenter 16,2025-08-18,2025-09-05
Relay,AMC Progress Ridge 13,2025-08-18,2025-09-05
Democracy Noir,SIFF Film Center,2025-08-19,2025-09-05
Trust,AMC River Park Square 20,2025-08-19,2025-09-05
Trust,AMC Kent Station 14,2025-08-19,2025-09-05
Trust,AMC Southcenter 16,2025-08-19,2025-09-05
Relay,AMC CLASSIC Mill Plain 8,2025-08-19,2025-09-05
Trust,AMC CLASSIC Cascade Mall 14,2025-08-19,2025-09-05
Relay,AMC CLASSIC Corvallis 12,2025-08-19,2025-09-05
Coolie,AMC CLASSIC Corvallis 12,2025-08-19,2025-09-05
The Shadow's Edge,AMC Southcenter 16,2025-08-19,2025-09-05
Trainwreck: 10th Anniversary,AMC Southcenter 16,2025-08-19,2025-09-05
The 40 Year-Old Virgin: 20th Anniversary,AMC Vancouver Mall 23,2025-08-19,2025-09-05
Eden,AMC Lakewood Mall 12,2025-08-19,2025-09-05
Trust,AMC Lakewood Mall 12,2025-08-19,2025-09-05
The 40 Year-Old Virgin: 20th Anniversary,AMC CLASSIC Cascade Mall 14,2025-08-19,2025-09-05
Trainwreck: 10th Anniversary,AMC CLASSIC Cascade Mall 14,2025-08-19,2025-09-05
The 40 Year-Old Virgin: 20th Anniversary,AMC CLASSIC Corvallis 12,2025-08-19,2025-09-05
Trainwreck: 10th Anniversary,AMC CLASSIC Corvallis 12,2025-08-19,2025-09-05
Trainwreck: 10th Anniversary,AMC Vancouver Mall 23,2025-08-19,2025-09-05
The Bad Guys 2: Sensory Friendly Screening,AMC CLASSIC Cascade Mall 14,2025-08-19,2025-09-05
Splitsville,SIFF Cinema Uptown,2025-08-20,2025-09-05
Downton Abbey: The Grand Finale,SIFF Cinema Uptown,2025-08-20,2025-09-05
The Popcorn List: If That Mockingbird Don’t Sing,SIFF Film Center,2025-08-20,2025-09-05
The Popcorn List: New Wave,SIFF Film Center,2025-08-20,2025-09-05
Trust,AMC Alderwood Mall 16,2025-08-20,2025-09-05
Relay,AMC CLASSIC Kennewick 12,2025-08-20,2025-09-05
The Shadow's Edge,AMC Pacific Place 11,2025-08-20,2025-09-05
The Shadow's Edge,AMC Alderwood Mall 16,2025-08-20,2025-09-05
Coolie,AMC CLASSIC Kennewick 12,2025-08-20,2025-09-05
The 40 Year-Old Virgin: 20th Anniversary,AMC Southcenter 16,2025-08-20,2025-09-05
Almost Popular,AMC Southcenter 16,2025-08-20,2025-09-05
Leaving Mom / Mang Me Di Bo,AMC Pacific Place 11,2025-08-20,2025-09-05
WWE Clash in Paris,AMC Alderwood Mall 16,2025-08-20,2025-09-05
AMC Screen Unseen: September 1,AMC River Park Square 20,2025-08-20,2025-09-05
AMC Screen Unseen: September 1,AMC Kent Station 14,2025-08-20,2025-09-05
AMC Screen Unseen: September 1,AMC Southcenter 16,2025-08-20,2025-09-05
AMC Screen Unseen: September 1,AMC Progress Ridge 13,2025-08-20,2025-09-05
AMC Screen Unseen: September 1,AMC Vancouver Mall 23,2025-08-20,2025-09-05
AMC Screen Unseen: September 1,AMC Pacific Place 11,2025-08-20,2025-09-05
AMC Screen Unseen: September 1,AMC Kitsap 8,2025-08-20,2025-09-05
AMC Screen Unseen: September 1,AMC Factoria 8,2025-08-20,2025-09-05
AMC Screen Unseen: September 1,AMC Oak Tree 6,2025-08-20,2025-09-05
AMC Screen Unseen: September 1,AMC Lakewood Mall 12,2025-08-20,2025-09-05
AMC Screen Unseen: September 1,AMC CLASSIC Cascade Mall 14,2025-08-20,2025-09-05
AMC Screen Unseen: September 1,AMC Woodinville 12,2025-08-20,2025-09-05
AMC Screen Unseen: September 1,AMC Alderwood Mall 16,2025-08-20,2025-09-05
AMC Screen Unseen: September 1,AMC CLASSIC Kennewick 12,2025-08-20,2025-09-05
Hamilton,AMC River Park Square 20,2025-08-21,2025-09-05
Light of the World,AMC River Park Square 20,2025-08-21,2025-09-05
The Conjuring: Last Rites,AMC River Park Square 20,2025-08-21,2025-09-05
Splitsville,AMC River Park Square 20,2025-08-21,2025-09-05
Hamilton,AMC Kent Station 14,2025-08-21,2025-09-05
The Conjuring: Last Rites,AMC Kent Station 14,2025-08-21,2025-09-05
Light of the World,AMC Kent Station 14,2025-08-21,2025-09-05
Splitsville,AMC Kent Station 14,2025-08-21,2025-09-05
Hamilton,AMC Southcenter 16,2025-08-21,2025-09-05
Light of the World,AMC Southcenter 16,2025-08-21,2025-09-05
The Conjuring: Last Rites,AMC Southcenter 16,2025-08-21,2025-09-05
Splitsville,AMC Southcenter 16,2025-08-21,2025-09-05
Hamilton,AMC Progress Ridge 13,2025-08-21,2025-09-05
The Conjuring: Last Rites,AMC Progress Ridge 13,2025-08-21,2025-09-05
Light of the World,AMC Progress Ridge 13,2025-08-21,2025-09-05
Hamilton,AMC Vancouver Mall 23,2025-08-21,2025-09-05
Light of the World,AMC Vancouver Mall 23,2025-08-21,2025-09-05
The Conjuring: Last Rites,AMC Vancouver Mall 23,2025-08-21,2025-09-05
The Conjuring: Last Rites,AMC CLASSIC Mill Plain 8,2025-08-21,2025-09-05
Hamilton,AMC Pacific Place 11,2025-08-21,2025-09-05
The Conjuring: Last Rites,AMC Pacific Place 11,2025-08-21,2025-09-05
Splitsville,AMC Pacific Place 11,2025-08-21,2025-09-05
The Conjuring: Last Rites,AMC Kitsap 8,2025-08-21,2025-09-05
The Conjuring: Last Rites,AMC Factoria 8,2025-08-21,2025-09-05
The Conjuring: Last Rites,AMC Oak Tree 6,2025-08-21,2025-09-05
Light of the World,AMC Lakewood Mall 12,2025-08-21,2025-09-05
Hamilton,AMC Lakewood Mall 12,2025-08-21,2025-09-05
The Conjuring: Last Rites,AMC Lakewood Mall 12,2025-08-21,2025-09-05
Hamilton,AMC CLASSIC Cascade Mall 14,2025-08-21,2025-09-05
Light of the World,AMC CLASSIC Cascade Mall 14,2025-08-21,2025-09-05
The Conjuring: Last Rites,AMC CLASSIC Cascade Mall 14,2025-08-21,2025-09-05
Light of the World,AMC Woodinville 12,2025-08-21,2025-09-05
Hamilton,AMC Woodinville 12,2025-08-21,2025-09-05
The Conjuring: Last Rites,AMC Woodinville 12,2025-08-21,2025-09-05
Splitsville,AMC Woodinville 12,2025-08-21,2025-09-05
Light of the World,AMC Alderwood Mall 16,2025-08-21,2025-09-05
Hamilton,AMC Alderwood Mall 16,2025-08-21,2025-09-05
The Conjuring: Last Rites,AMC Alderwood Mall 16,2025-08-21,2025-09-05
Splitsville,AMC Alderwood Mall 16,2025-08-21,2025-09-05
Hamilton,AMC CLASSIC Corvallis 12,2025-08-21,2025-09-05
Light of the World,AMC CLASSIC Corvallis 12,2025-08-21,2025-09-05
The Conjuring: Last Rites,AMC CLASSIC Corvallis 12,2025-08-21,2025-09-05
Light of the World,AMC CLASSIC Kennewick 12,2025-08-21,2025-09-05
The Conjuring: Last Rites,AMC CLASSIC Kennewick 12,2025-08-21,2025-09-05
A Big Bold Beautiful Journey,SIFF Cinema Uptown,2025-08-22,2025-09-05
The Toxic Avenger Unrated,AMC Progress Ridge 13,2025-08-22,2025-09-05
The Legend of Hei 2,AMC Pacific Place 11,2025-08-22,2025-09-05
Run,AMC River Park Square 20,2025-08-23,2025-09-05
Run,AMC Kent Station 14,2025-08-23,2025-09-05
Run,AMC Southcenter 16,2025-08-23,2025-09-05
Run,AMC Vancouver Mall 23,2025-08-23,2025-09-05
Run,AMC Alderwood Mall 16,2025-08-23,2025-09-05
Run,AMC CLASSIC Corvallis 12,2025-08-23,2025-09-05
The Toxic Avenger Unrated,AMC CLASSIC Corvallis 12,2025-08-23,2025-09-05
The Toxic Avenger Unrated,AMC Woodinville 12,2025-08-24,2025-09-05
The Toxic Avenger Unrated,AMC Alderwood Mall 16,2025-08-24,2025-09-05
Guns & Moses (Fathom Event),AMC River Park Square 20,2025-08-24,2025-09-02
Run,AMC CLASSIC Cascade Mall 14,2025-08-25,2025-09-05
Lurker,AMC River Park Square 20,2025-08-25,2025-09-05
The Legend of Hei 2,AMC CLASSIC Cascade Mall 14,2025-08-25,2025-09-05
The Baltimorons,SIFF Cinema Uptown,2025-08-26,2025-09-05
“I Will Revenge This World With Love” S. Paradjanov,SIFF Film Center,2025-08-26,2025-08-26
Calendar,SIFF Film Center,2025-08-26,2025-08-28
The Color of the Pomegranates,SIFF Film Center,2025-08-26,2025-08-26
The Toxic Avenger Unrated,AMC Kent Station 14,2025-08-26,2025-09-05
The Toxic Avenger Unrated,AMC Southcenter 16,2025-08-26,2025-09-05
Run,AMC Progress Ridge 13,2025-08-26,2025-09-05
The Toxic Avenger Unrated,AMC Vancouver Mall 23,2025-08-26,2025-09-05
The Toxic Avenger Unrated,AMC CLASSIC Mill Plain 8,2025-08-26,2025-09-05
The Toxic Avenger Unrated,AMC Pacific Place 11,2025-08-26,2025-09-05
Run,AMC Pacific Place 11,2025-08-26,2025-09-05
Run,AMC Lakewood Mall 12,2025-08-26,2025-09-05
The Toxic Avenger Unrated,AMC Lakewood Mall 12,2025-08-26,2025-09-05
The Toxic Avenger Unrated,AMC CLASSIC Cascade Mall 14,2025-08-26,2025-09-05
A Little Prayer,AMC River Park Square 20,2025-08-26,2025-09-05
The Toxic Avenger Unrated  (On-screen Subtitles),AMC River Park Square 20,2025-08-26,2025-09-05
Shin Godzilla 4K ORTHOchromatic,AMC River Park Square 20,2025-08-26,2025-09-05
Shin Godzilla 4K ORTHOchromatic,AMC Kent Station 14,2025-08-26,2025-09-05
Shin Godzilla 4K ORTHOchromatic,AMC Progress Ridge 13,2025-08-26,2025-09-05
Shin Godzilla 4K ORTHOchromatic,AMC Vancouver Mall 23,2025-08-26,2025-09-05
Shin Godzilla 4K ORTHOchromatic,AMC CLASSIC Cascade Mall 14,2025-08-26,2025-09-05
Shin Godzilla 4K ORTHOchromatic,AMC Alderwood Mall 16,2025-08-26,2025-09-05
Lurker,AMC Kent Station 14,2025-08-26,2025-09-05
The Friends (New 4K Restoration),SIFF Film Center,2025-08-27,2025-08-28
Love Hotel (New 2K Restoration),SIFF Film Center,2025-08-27,2025-08-29
I will revenge this world with Love - S. Paradjanov,SIFF Film Center,2025-08-27,2025-08-28
The Color of Pomegranates,SIFF Film Center,2025-08-27,2025-08-28
Linda Linda Linda: 20th Anniversary (4K Restoration),SIFF Film Center,2025-08-27,2025-09-05
The Toxic Avenger Unrated,AMC Kitsap 8,2025-08-27,2025-09-05
The Roses,AMC Oak Tree 6,2025-08-27,2025-09-05
The Roses,AMC CLASSIC Kennewick 12,2025-08-27,2025-09-05
The Toxic Avenger Unrated,AMC CLASSIC Kennewick 12,2025-08-27,2025-09-05
Run,AMC CLASSIC Kennewick 12,2025-08-27,2025-09-05
Shin Godzilla 4K ORTHOchromatic,AMC Southcenter 16,2025-08-27,2025-09-05
The Threesome,AMC River Park Square 20,2025-08-27,2025-09-05
The Threesome,AMC Kent Station 14,2025-08-27,2025-09-05
The Threesome,AMC Southcenter 16,2025-08-27,2025-09-05
Lurker,AMC Southcenter 16,2025-08-27,2025-09-05
Lurker,AMC Vancouver Mall 23,2025-08-27,2025-09-05
Lurker,AMC Pacific Place 11,2025-08-27,2025-09-05
Lurker,AMC CLASSIC Cascade Mall 14,2025-08-27,2025-09-05
Lurker,AMC Alderwood Mall 16,2025-08-27,2025-09-05
The Threesome,AMC Alderwood Mall 16,2025-08-27,2025-09-05
The Legend of Hei 2,AMC Southcenter 16,2025-08-27,2025-09-05
The Legend of Hei 2,AMC Alderwood Mall 16,2025-08-27,2025-09-05
"Spinal Tap II: The End Continues - On, Off and Around the Record - IMAX Live Q&A Event",AMC River Park Square 20,2025-08-27,2025-09-05
Downton Abbey: The Grand Finale - Early Access Screening,AMC River Park Square 20,2025-08-27,2025-09-05
Nobody 2: Sensory Friendly Screening,AMC River Park Square 20,2025-08-27,2025-09-05
"Spinal Tap II: The End Continues - On, Off and Around the Record - IMAX Live Q&A Event",AMC Kent Station 14,2025-08-27,2025-09-05
Downton Abbey: The Grand Finale - Early Access Screening,AMC Kent Station 14,2025-08-27,2025-09-05
Nobody 2: Sensory Friendly Screening,AMC Kent Station 14,2025-08-27,2025-09-02
Downton Abbey: The Grand Finale - Early Access Screening,AMC Southcenter 16,2025-08-27,2025-09-05
Spinal Tap II: The End Continues – Early Access Fan Screening,AMC Southcenter 16,2025-08-27,2025-09-05
Downton Abbey: The Grand Finale - Early Access Screening,AMC Progress Ridge 13,2025-08-27,2025-09-05
Downton Abbey: The Grand Finale - Early Access Screening,AMC Vancouver Mall 23,2025-08-27,2025-09-05
Downton Abbey: The Grand Finale - Early Access Screening,AMC Woodinville 12,2025-08-27,2025-09-05
"Spinal Tap II: The End Continues - On, Off and Around the Record - IMAX Live Q&A Event",AMC Alderwood Mall 16,2025-08-27,2025-09-05
Downton Abbey: The Grand Finale - Early Access Screening,AMC Alderwood Mall 16,2025-08-27,2025-09-05
Linda Linda Linda,The Beacon,2025-08-28,2025-09-05
Downton Abbey: The Grand Finale,AMC River Park Square 20,2025-08-28,2025-09-05
The Baltimorons,AMC River Park Square 20,2025-08-28,2025-09-05
Spinal Tap II: The End Continues,AMC River Park Square 20,2025-08-28,2025-09-05
Demon Slayer: Kimetsu No Yaiba Infinity Castle,AMC River Park Square 20,2025-08-28,2025-09-05
The Long Walk,AMC River Park Square 20,2025-08-28,2025-09-05
Downton Abbey: The Grand Finale,AMC Kent Station 14,2025-08-28,2025-09-05
Spinal Tap II: The End Continues,AMC Kent Station 14,2025-08-28,2025-09-05
Demon Slayer: Kimetsu No Yaiba Infinity Castle,AMC Kent Station 14,2025-08-28,2025-09-05
The Long Walk,AMC Kent Station 14,2025-08-28,2025-09-05
Downton Abbey: The Grand Finale,AMC Southcenter 16,2025-08-28,2025-09-05
Demon Slayer: Kimetsu No Yaiba Infinity Castle,AMC Southcenter 16,2025-08-28,2025-09-05
Spinal Tap II: The End Continues,AMC Southcenter 16,2025-08-28,2025-09-05
The Long Walk,AMC Southcenter 16,2025-08-28,2025-09-05
Downton Abbey: The Grand Finale,AMC Progress Ridge 13,2025-08-28,2025-09-05
Demon Slayer: Kimetsu No Yaiba Infinity Castle,AMC Progress Ridge 13,2025-08-28,2025-09-05
Spinal Tap II: The End Continues,AMC Progress Ridge 13,2025-08-28,2025-09-05
The Long Walk,AMC Progress Ridge 13,2025-08-28,2025-09-05
Downton Abbey: The Grand Finale,AMC Vancouver Mall 23,2025-08-28,2025-09-05
Demon Slayer: Kimetsu No Yaiba Infinity Castle,AMC Vancouver Mall 23,2025-08-28,2025-09-05
Spinal Tap II: The End Continues,AMC Vancouver Mall 23,2025-08-28,2025-09-05
The Long Walk,AMC Vancouver Mall 23,2025-08-28,2025-09-05
Downton Abbey: The Grand Finale,AMC CLASSIC Mill Plain 8,2025-08-28,2025-09-05
Demon Slayer: Kimetsu No Yaiba Infinity Castle,AMC CLASSIC Mill Plain 8,2025-08-28,2025-09-05
Spinal Tap II: The End Continues,AMC CLASSIC Mill Plain 8,2025-08-28,2025-09-05
The Long Walk,AMC CLASSIC Mill Plain 8,2025-08-28,2025-09-05
Downton Abbey: The Grand Finale,AMC Pacific Place 11,2025-08-28,2025-09-05
Demon Slayer: Kimetsu No Yaiba Infinity Castle,AMC Pacific Place 11,2025-08-28,2025-09-05
Spinal Tap II: The End Continues,AMC Pacific Place 11,2025-08-28,2025-09-05
The Long Walk,AMC Pacific Place 11,2025-08-28,2025-09-05
Downton Abbey: The Grand Finale,AMC Kitsap 8,2025-08-28,2025-09-05
Demon Slayer: Kimetsu No Yaiba Infinity Castle,AMC Kitsap 8,2025-08-28,2025-09-05
Spinal Tap II: The End Continues,AMC Kitsap 8,2025-08-28,2025-09-05
The Long Walk,AMC Kitsap 8,2025-08-28,2025-09-05
Downton Abbey: The Grand Finale,AMC Factoria 8,2025-08-28,2025-09-05
Demon Slayer: Kimetsu No Yaiba Infinity Castle,AMC Factoria 8,2025-08-28,2025-09-05
Spinal Tap II: The End Continues,AMC Factoria 8,2025-08-28,2025-09-05
The Long Walk,AMC Factoria 8,2025-08-28,2025-09-05
Demon Slayer: Kimetsu No Yaiba Infinity Castle,AMC Oak Tree 6,2025-08-28,2025-09-05
Downton Abbey: The Grand Finale,AMC Oak Tree 6,2025-08-28,2025-09-05
The Long Walk,AMC Oak Tree 6,2025-08-28,2025-09-05
Downton Abbey: The Grand Finale,AMC Lakewood Mall 12,2025-08-28,2025-09-05
Demon Slayer: Kimetsu No Yaiba Infinity Castle,AMC Lakewood Mall 12,2025-08-28,2025-09-05
Spinal Tap II: The End Continues,AMC Lakewood Mall 12,2025-08-28,2025-09-05
The Long Walk,AMC Lakewood Mall 12,2025-08-28,2025-09-05
Downton Abbey: The Grand Finale,AMC CLASSIC Cascade Mall 14,2025-08-28,2025-09-05
Demon Slayer: Kimetsu No Yaiba Infinity Castle,AMC CLASSIC Cascade Mall 14,2025-08-28,2025-09-05
Spinal Tap II: The End Continues,AMC CLASSIC Cascade Mall 14,2025-08-28,2025-09-05
The Long Walk,AMC CLASSIC Cascade Mall 14,2025-08-28,2025-09-05
Downton Abbey: The Grand Finale,AMC Woodinville 12,2025-08-28,2025-09-05
Spinal Tap II: The End Continues,AMC Woodinville 12,2025-08-28,2025-09-05
Demon Slayer: Kimetsu No Yaiba Infinity Castle,AMC Woodinville 12,2025-08-28,2025-09-05
The Long Walk,AMC Woodinville 12,2025-08-28,2025-09-05
Downton Abbey: The Grand Finale,AMC Alderwood Mall 16,2025-08-28,2025-09-05
Demon Slayer: Kimetsu No Yaiba Infinity Castle,AMC Alderwood Mall 16,2025-08-28,2025-09-05
Spinal Tap II: The End Continues,AMC Alderwood Mall 16,2025-08-28,2025-09-05
The Long Walk,AMC Alderwood Mall 16,2025-08-28,2025-09-05
Downton Abbey: The Grand Finale,AMC CLASSIC Corvallis 12,2025-08-28,2025-09-05
Spinal Tap II: The End Continues,AMC CLASSIC Corvallis 12,2025-08-28,2025-09-05
Demon Slayer: Kimetsu No Yaiba Infinity Castle,AMC CLASSIC Corvallis 12,2025-08-28,2025-09-05
The Long Walk,AMC CLASSIC Corvallis 12,2025-08-28,2025-09-05
Downton Abbey: The Grand Finale,AMC CLASSIC Kennewick 12,2025-08-28,2025-09-05
Demon Slayer: Kimetsu No Yaiba Infinity Castle,AMC CLASSIC Kennewick 12,2025-08-28,2025-09-05
Spinal Tap II: The End Continues,AMC CLASSIC Kennewick 12,2025-08-28,2025-09-05
The Long Walk,AMC CLASSIC Kennewick 12,2025-08-28,2025-09-05
Kino Armenia: I will revenge this world with Love - S. Paradjanov,SIFF Film Center,2025-08-29,2025-09-05
Shinji Sōmai Double Dose: The Friends (New 4K Restoration),SIFF Film Center,2025-08-29,2025-09-05
Kino Armenia: The Color of Pomegranates,SIFF Film Center,2025-08-29,2025-09-05
Kino Armenia: Calendar,SIFF Film Center,2025-08-29,2025-09-05
Twinless,AMC Southcenter 16,2025-08-29,2025-09-05
Twinless,AMC Vancouver Mall 23,2025-08-29,2025-09-05
Splitsville,AMC Lakewood Mall 12,2025-08-29,2025-09-05
Twinless,AMC Alderwood Mall 16,2025-08-29,2025-09-05
The Breakfast Club - 40th Anniversary,AMC Progress Ridge 13,2025-08-29,2025-09-05
The Breakfast Club - 40th Anniversary,AMC CLASSIC Mill Plain 8,2025-08-29,2025-09-05
The Breakfast Club - 40th Anniversary,AMC Alderwood Mall 16,2025-08-29,2025-09-05
The Sound of Music 60th Anniversary,AMC River Park Square 20,2025-08-29,2025-09-05
Looking Through Water,AMC River Park Square 20,2025-08-29,2025-09-05
The Sound of Music 60th Anniversary,AMC Southcenter 16,2025-08-29,2025-09-05
The Sound of Music 60th Anniversary,AMC Alderwood Mall 16,2025-08-29,2025-09-05
Shinji Sōmai Double Dose: Love Hotel (New 2K Restoration),SIFF Film Center,2025-08-30,2025-09-05
Twinless,AMC River Park Square 20,2025-08-30,2025-09-05
Twinless,AMC CLASSIC Cascade Mall 14,2025-08-30,2025-09-05
Twinless,AMC CLASSIC Corvallis 12,2025-08-30,2025-09-01
The Sound of Music 60th Anniversary,AMC Kent Station 14,2025-08-30,2025-09-05
The Sound of Music 60th Anniversary,AMC Vancouver Mall 23,2025-08-30,2025-09-05
The Sound of Music 60th Anniversary,AMC Lakewood Mall 12,2025-08-30,2025-09-05
The Sound of Music 60th Anniversary,AMC Woodinville 12,2025-08-30,2025-09-05
Toy Story (30th Anniversary): Sensory Friendly Screening,AMC Kent Station 14,2025-09-01,2025-09-05
The Jester 2,AMC River Park Square 20,2025-09-01,2025-09-05
The Jester 2,AMC Southcenter 16,2025-09-01,2025-09-05
The Jester 2,AMC Alderwood Mall 16,2025-09-01,2025-09-05
The Balconettes,SIFF Film Center,2025-09-03,2025-09-05
Eleanor the Great,SIFF Cinema Uptown,2025-09-03,2025-09-05
Bring Them Home,SIFF Film Center,2025-09-03,2025-09-05
Quality Ski Time Film Tour presented by Salomon,SIFF Cinema Uptown,2025-09-03,2025-09-05
The Legend of Hei 2,AMC River Park Square 20,2025-09-03,2025-09-05
Everything to Me,AMC River Park Square 20,2025-09-03,2025-09-05
Twinless,AMC Kent Station 14,2025-09-03,2025-09-05
Lurker,AMC Progress Ridge 13,2025-09-03,2025-09-05
Twinless,AMC Progress Ridge 13,2025-09-03,2025-09-05
The Legend of Hei 2,AMC Progress Ridge 13,2025-09-03,2025-09-05
The Legend of Hei 2,AMC Vancouver Mall 23,2025-09-03,2025-09-05
Light of the World,AMC CLASSIC Mill Plain 8,2025-09-03,2025-09-05
"Love, Brooklyn",AMC Pacific Place 11,2025-09-03,2025-09-05
The Threesome,AMC Pacific Place 11,2025-09-03,2025-09-05
Splitsville,AMC Kitsap 8,2025-09-03,2025-09-05
The Threesome,AMC Woodinville 12,2025-09-03,2025-09-05
Lurker,AMC CLASSIC Corvallis 12,2025-09-03,2025-09-05
Lurker,AMC CLASSIC Kennewick 12,2025-09-03,2025-09-05
Ut Lan the Guardian Demon,AMC Southcenter 16,2025-09-03,2025-09-05
Twinless,AMC CLASSIC Kennewick 12,2025-09-03,2025-09-05
The Breakfast Club - 40th Anniversary,AMC River Park Square 20,2025-09-03,2025-09-05
The Breakfast Club - 40th Anniversary,AMC Southcenter 16,2025-09-03,2025-09-05
Toy Story: 30th Anniversary,AMC River Park Square 20,2025-09-03,2025-09-05
Toy Story: 30th Anniversary,AMC Kent Station 14,2025-09-03,2025-09-05
Toy Story: 30th Anniversary,AMC Southcenter 16,2025-09-03,2025-09-05
Toy Story: 30th Anniversary,AMC Progress Ridge 13,2025-09-03,2025-09-05
Toy Story: 30th Anniversary,AMC Vancouver Mall 23,2025-09-03,2025-09-05
Toy Story: 30th Anniversary,AMC Lakewood Mall 12,2025-09-03,2025-09-05
Toy Story: 30th Anniversary,AMC CLASSIC Cascade Mall 14,2025-09-03,2025-09-05
Toy Story: 30th Anniversary,AMC Woodinville 12,2025-09-03,2025-09-05
Toy Story: 30th Anniversary,AMC Alderwood Mall 16,2025-09-03,2025-09-05
Toy Story: 30th Anniversary,AMC CLASSIC Corvallis 12,2025-09-03,2025-09-05
Toy Story: 30th Anniversary,AMC CLASSIC Kennewick 12,2025-09-03,2025-09-05
AMC Screen Unseen: September 15,AMC River Park Square 20,2025-09-03,2025-09-05
AMC Screen Unseen: September 15,AMC Kent Station 14,2025-09-03,2025-09-05
AMC Screen Unseen: September 15,AMC Southcenter 16,2025-09-03,2025-09-05
AMC Screen Unseen: September 15,AMC Progress Ridge 13,2025-09-03,2025-09-05
AMC Screen Unseen: September 15,AMC Vancouver Mall 23,2025-09-03,2025-09-05
AMC Screen Unseen: September 15,AMC Pacific Place 11,2025-09-03,2025-09-05
AMC Screen Unseen: September 15,AMC Kitsap 8,2025-09-03,2025-09-05
AMC Screen Unseen: September 15,AMC Factoria 8,2025-09-03,2025-09-05
AMC Screen Unseen: September 15,AMC Oak Tree 6,2025-09-03,2025-09-05
AMC Screen Unseen: September 15,AMC Lakewood Mall 12,2025-09-03,2025-09-05
AMC Screen Unseen: September 15,AMC CLASSIC Cascade Mall 14,2025-09-03,2025-09-05
AMC Screen Unseen: September 15,AMC Woodinville 12,2025-09-03,2025-09-05
AMC Screen Unseen: September 15,AMC Alderwood Mall 16,2025-09-03,2025-09-05
AMC Screen Unseen: September 15,AMC CLASSIC Kennewick 12,2025-09-03,2025-09-05
"David Gilmour Live at the Circus Maximus, Rome",AMC River Park Square 20,2025-09-03,2025-09-05
"David Gilmour Live at the Circus Maximus, Rome",AMC Kent Station 14,2025-09-03,2025-09-05
"David Gilmour Live at the Circus Maximus, Rome",AMC Southcenter 16,2025-09-03,2025-09-05
"David Gilmour Live at the Circus Maximus, Rome",AMC Alderwood Mall 16,2025-09-03,2025-09-05
PTA: Punch-Drunk Love,SIFF Cinema Downtown,2025-09-04,2025-09-05
PTA: Magnolia,SIFF Cinema Downtown,2025-09-04,2025-09-05
PTA: Licorice Pizza,SIFF Cinema Downtown,2025-09-04,2025-09-05
PTA: Boogie Nights,SIFF Cinema Downtown,2025-09-04,2025-09-05
One Battle After Another,SIFF Cinema Downtown,2025-09-04,2025-09-05
PTA: There Will Be Blood,SIFF Cinema Downtown,2025-09-04,2025-09-05
PTA: Phantom Thread,SIFF Cinema Downtown,2025-09-04,2025-09-05
PTA: Hard Eight,SIFF Cinema Downtown,2025-09-04,2025-09-05
PTA: The Master,SIFF Cinema Downtown,2025-09-04,2025-09-05
Him,AMC River Park Square 20,2025-09-04,2025-09-05
A Big Bold Beautiful Journey,AMC River Park Square 20,2025-09-04,2025-09-05
Apollo 13: 30th Anniversary,AMC River Park Square 20,2025-09-04,2025-09-05
The Senior,AMC River Park Square 20,2025-09-04,2025-09-05
In Whose Name?,AMC River Park Square 20,2025-09-04,2025-09-05
Sight & Sound Presents: NOAH - Live!,AMC River Park Square 20,2025-09-04,2025-09-05
The History of Sound,AMC River Park Square 20,2025-09-04,2025-09-05
The Senior,AMC Kent Station 14,2025-09-04,2025-09-05
Him,AMC Kent Station 14,2025-09-04,2025-09-05
Apollo 13: 30th Anniversary,AMC Kent Station 14,2025-09-04,2025-09-05
A Big Bold Beautiful Journey,AMC Kent Station 14,2025-09-04,2025-09-05
In Whose Name?,AMC Kent Station 14,2025-09-04,2025-09-05
Him,AMC Southcenter 16,2025-09-04,2025-09-05
A Big Bold Beautiful Journey,AMC Southcenter 16,2025-09-04,2025-09-05
The Senior,AMC Southcenter 16,2025-09-04,2025-09-05
In Whose Name?,AMC Southcenter 16,2025-09-04,2025-09-05
Him,AMC Progress Ridge 13,2025-09-04,2025-09-05
The Senior,AMC Progress Ridge 13,2025-09-04,2025-09-05
A Big Bold Beautiful Journey,AMC Progress Ridge 13,2025-09-04,2025-09-05
In Whose Name?,AMC Progress Ridge 13,2025-09-04,2025-09-05
Him,AMC Vancouver Mall 23,2025-09-04,2025-09-05
A Big Bold Beautiful Journey,AMC Vancouver Mall 23,2025-09-04,2025-09-05
The Senior,AMC Vancouver Mall 23,2025-09-04,2025-09-05
Sight & Sound Presents: NOAH - Live!,AMC Vancouver Mall 23,2025-09-04,2025-09-05
Him,AMC CLASSIC Mill Plain 8,2025-09-04,2025-09-05
The Senior,AMC CLASSIC Mill Plain 8,2025-09-04,2025-09-05
A Big Bold Beautiful Journey,AMC CLASSIC Mill Plain 8,2025-09-04,2025-09-05
Him,AMC Pacific Place 11,2025-09-04,2025-09-05
The Senior,AMC Pacific Place 11,2025-09-04,2025-09-05
A Big Bold Beautiful Journey,AMC Pacific Place 11,2025-09-04,2025-09-05
In Whose Name?,AMC Pacific Place 11,2025-09-04,2025-09-05
The History of Sound,AMC Pacific Place 11,2025-09-04,2025-09-05
A Big Bold Beautiful Journey,AMC Kitsap 8,2025-09-04,2025-09-05
The Senior,AMC Kitsap 8,2025-09-04,2025-09-05
Him,AMC Kitsap 8,2025-09-04,2025-09-05
The Senior,AMC Factoria 8,2025-09-04,2025-09-05
Him,AMC Factoria 8,2025-09-04,2025-09-05
A Big Bold Beautiful Journey,AMC Factoria 8,2025-09-04,2025-09-05
Him,AMC Oak Tree 6,2025-09-04,2025-09-05
A Big Bold Beautiful Journey,AMC Oak Tree 6,2025-09-04,2025-09-05
Him,AMC Lakewood Mall 12,2025-09-04,2025-09-05
A Big Bold Beautiful Journey,AMC Lakewood Mall 12,2025-09-04,2025-09-05
The Senior,AMC Lakewood Mall 12,2025-09-04,2025-09-05
In Whose Name?,AMC Lakewood Mall 12,2025-09-04,2025-09-05
The Senior,AMC CLASSIC Cascade Mall 14,2025-09-04,2025-09-05
Him,AMC CLASSIC Cascade Mall 14,2025-09-04,2025-09-05
A Big Bold Beautiful Journey,AMC CLASSIC Cascade Mall 14,2025-09-04,2025-09-05
Him,AMC Woodinville 12,2025-09-04,2025-09-05
The Senior,AMC Woodinville 12,2025-09-04,2025-09-05
A Big Bold Beautiful Journey,AMC Woodinville 12,2025-09-04,2025-09-05
Him,AMC Alderwood Mall 16,2025-09-04,2025-09-05
The Baltimorons,AMC Alderwood Mall 16,2025-09-04,2025-09-05
A Big Bold Beautiful Journey,AMC Alderwood Mall 16,2025-09-04,2025-09-05
In Whose Name?,AMC Alderwood Mall 16,2025-09-04,2025-09-05
The Senior,AMC Alderwood Mall 16,2025-09-04,2025-09-05
Sight & Sound Presents: NOAH - Live!,AMC Alderwood Mall 16,2025-09-04,2025-09-05
London Calling,AMC Alderwood Mall 16,2025-09-04,2025-09-05
The History of Sound,AMC Alderwood Mall 16,2025-09-04,2025-09-05
Him,AMC CLASSIC Corvallis 12,2025-09-04,2025-09-05
A Big Bold Beautiful Journey,AMC CLASSIC Corvallis 12,2025-09-04,2025-09-05
The Senior,AMC CLASSIC Corvallis 12,2025-09-04,2025-09-05
The Senior,AMC CLASSIC Kennewick 12,2025-09-04,2025-09-05
Him,AMC CLASSIC Kennewick 12,2025-09-04,2025-09-05
A Big Bold Beautiful Journey,AMC CLASSIC Kennewick 12,2025-09-04,2025-09-05
Sight & Sound Presents: NOAH - Live!,AMC CLASSIC Kennewick 12,2025-09-04,2025-09-05
Code 3,AMC River Park Square 20,2025-09-05,2025-09-05
Apollo 13: 30th Anniversary,AMC Alderwood Mall 16,2025-09-05,2025-09-05
Doin' It,AMC Alderwood Mall 16,2025-09-05,2025-09-05
