Date,Time,Theater,Film,Runtime,isAlmostSoldOut,posterDynamic,first_seen_date,last_updated,source,source_film_id,source_title,source_showtime_id,ticket_url,source_film_url,identity_title,release_year,program_series
10/23/2026,6:30 PM,SIFF Film Center,Bernstein's Wall,100,None,https://www.siff.net/images/CINEMA/2026/Films%20Jun-Dec/CIN_BernsteinsWall_1600x900.png,,,,cinema/in-theaters/bernsteins-wall,Bernstein's Wall,gHSmgOueGk,,https://www.siff.net/cinema/in-theaters/bernsteins-wall,,2021,
10/24/2026,12:45 PM,SIFF Film Center,Bernstein's Wall,100,None,https://www.siff.net/images/CINEMA/2026/Films%20Jun-Dec/CIN_BernsteinsWall_1600x900.png,,,,cinema/in-theaters/bernsteins-wall,Bernstein's Wall,RB1dmgQRnb,,https://www.siff.net/cinema/in-theaters/bernsteins-wall,,2021,
10/24/2026,3:15 PM,SIFF Film Center,Bernstein's Wall,100,None,https://www.siff.net/images/CINEMA/2026/Films%20Jun-Dec/CIN_BernsteinsWall_1600x900.png,,,,cinema/in-theaters/bernsteins-wall,Bernstein's Wall,l4u11PV7Ru,,https://www.siff.net/cinema/in-theaters/bernsteins-wall,,2021,
10/25/2026,12:00 PM,SIFF Film Center,Bernstein's Wall,100,None,https://www.siff.net/images/CINEMA/2026/Films%20Jun-Dec/CIN_BernsteinsWall_1600x900.png,,,,cinema/in-theaters/bernsteins-wall,Bernstein's Wall,vOUhh2xbpL,,https://www.siff.net/cinema/in-theaters/bernsteins-wall,,2021,
10/25/2026,2:30 PM,SIFF Film Center,Bernstein's Wall,100,None,https://www.siff.net/images/CINEMA/2026/Films%20Jun-Dec/CIN_BernsteinsWall_1600x900.png,,,,cinema/in-theaters/bernsteins-wall,Bernstein's Wall,sm7DFWqgdd,,https://www.siff.net/cinema/in-theaters/bernsteins-wall,,2021,
11/24/2026,7:30 PM,SIFF Film Center,Beware! The Devil’s Wrath - Special Screening + Q&A,92,None,https://www.siff.net/images/CINEMA/2026/Rentals/Rentals%20Jun%20-%20Dec%202026/REN_BewaretheDevilsWrath_1600x900.png,,,,cinema/in-theaters/beware-the-devils-wrath-special-screening-qanda,Beware! The Devil’s Wrath - Special Screening + Q&A,Cs3d3My3LQ,,https://www.siff.net/cinema/in-theaters/beware-the-devils-wrath-special-screening-qanda,,2026,
12/15/2026,6:00 PM,SIFF Cinema Uptown,Cameron Winter at Carnegie Hall (35mm),72,None,https://www.siff.net/images/CINEMA/2026/Films%20Jun-Dec/CIN_CameronWinter_1600x900.png,,,,cinema/in-theaters/cameron-winter-at-carnegie-hall,Cameron Winter at Carnegie Hall (35mm),1fgb232mrp,,https://www.siff.net/cinema/in-theaters/cameron-winter-at-carnegie-hall,,2026,
12/15/2026,8:30 PM,SIFF Cinema Uptown,Cameron Winter at Carnegie Hall (35mm),72,None,https://www.siff.net/images/CINEMA/2026/Films%20Jun-Dec/CIN_CameronWinter_1600x900.png,,,,cinema/in-theaters/cameron-winter-at-carnegie-hall,Cameron Winter at Carnegie Hall (35mm),Z8o6IyveFh,,https://www.siff.net/cinema/in-theaters/cameron-winter-at-carnegie-hall,,2026,
12/16/2026,6:00 PM,SIFF Cinema Uptown,Cameron Winter at Carnegie Hall (35mm),72,None,https://www.siff.net/images/CINEMA/2026/Films%20Jun-Dec/CIN_CameronWinter_1600x900.png,,,,cinema/in-theaters/cameron-winter-at-carnegie-hall,Cameron Winter at Carnegie Hall (35mm),vxeZFSWqMK,,https://www.siff.net/cinema/in-theaters/cameron-winter-at-carnegie-hall,,2026,
12/16/2026,8:30 PM,SIFF Cinema Uptown,Cameron Winter at Carnegie Hall (35mm),72,None,https://www.siff.net/images/CINEMA/2026/Films%20Jun-Dec/CIN_CameronWinter_1600x900.png,,,,cinema/in-theaters/cameron-winter-at-carnegie-hall,Cameron Winter at Carnegie Hall (35mm),lQZpdhrFid,,https://www.siff.net/cinema/in-theaters/cameron-winter-at-carnegie-hall,,2026,
10/18/2026,6:30 PM,SIFF Cinema Uptown,Capturing Bigfoot,103,None,https://www.siff.net/images/CINEMA/2026/Films%20Jun-Dec/CIN_CapturingBigfoot_1600x900.png,,,,cinema/in-theaters/capturing-bigfoot,Capturing Bigfoot,4sLWhmtNKA,,https://www.siff.net/cinema/in-theaters/capturing-bigfoot,,2026,
10/29/2026,7:00 PM,SIFF Cinema Uptown,CatVideoFest 2026,70,None,https://www.siff.net/images/CINEMA/2026/Films%20Jan-May/CIN_CatVidFest26_1600x900.png,,,,cinema/in-theaters/cat-vid-fest-26,CatVideoFest 2026,SFlwuShUal,,https://www.siff.net/cinema/in-theaters/cat-vid-fest-26,,2025,
10/08/2026,4:15 PM,SIFF Cinema Downtown,Digger,128,None,https://www.siff.net/images/CINEMA/2026/Films%20Jun-Dec/CIN_Digger_1600x900.png,,,,cinema/in-theaters/digger,Digger,uyW0gp4jBZ,,https://www.siff.net/cinema/in-theaters/digger,,2026,
10/08/2026,7:30 PM,SIFF Cinema Downtown,Digger,128,None,https://www.siff.net/images/CINEMA/2026/Films%20Jun-Dec/CIN_Digger_1600x900.png,,,,cinema/in-theaters/digger,Digger,3MoLGITY1f,,https://www.siff.net/cinema/in-theaters/digger,,2026,
10/09/2026,4:00 PM,SIFF Cinema Downtown,Digger,128,None,https://www.siff.net/images/CINEMA/2026/Films%20Jun-Dec/CIN_Digger_1600x900.png,,,,cinema/in-theaters/digger,Digger,QtYgZFfh15,,https://www.siff.net/cinema/in-theaters/digger,,2026,
10/10/2026,1:00 PM,SIFF Cinema Downtown,Digger,128,None,https://www.siff.net/images/CINEMA/2026/Films%20Jun-Dec/CIN_Digger_1600x900.png,,,,cinema/in-theaters/digger,Digger,KZtVc3ti1n,,https://www.siff.net/cinema/in-theaters/digger,,2026,
10/10/2026,7:30 PM,SIFF Cinema Downtown,Digger,128,None,https://www.siff.net/images/CINEMA/2026/Films%20Jun-Dec/CIN_Digger_1600x900.png,,,,cinema/in-theaters/digger,Digger,ssxBn96qMj,,https://www.siff.net/cinema/in-theaters/digger,,2026,
10/11/2026,6:30 PM,SIFF Cinema Downtown,Digger,128,None,https://www.siff.net/images/CINEMA/2026/Films%20Jun-Dec/CIN_Digger_1600x900.png,,,,cinema/in-theaters/digger,Digger,QAokvbVwY4,,https://www.siff.net/cinema/in-theaters/digger,,2026,
10/13/2026,7:30 PM,SIFF Cinema Downtown,Digger,128,None,https://www.siff.net/images/CINEMA/2026/Films%20Jun-Dec/CIN_Digger_1600x900.png,,,,cinema/in-theaters/digger,Digger,g5VpK2iW9a,,https://www.siff.net/cinema/in-theaters/digger,,2026,
10/14/2026,4:15 PM,SIFF Cinema Downtown,Digger,128,None,https://www.siff.net/images/CINEMA/2026/Films%20Jun-Dec/CIN_Digger_1600x900.png,,,,cinema/in-theaters/digger,Digger,eI7M7SZBBT,,https://www.siff.net/cinema/in-theaters/digger,,2026,
10/15/2026,4:15 PM,SIFF Cinema Downtown,Digger,128,None,https://www.siff.net/images/CINEMA/2026/Films%20Jun-Dec/CIN_Digger_1600x900.png,,,,cinema/in-theaters/digger,Digger,UJRmbMBVc0,,https://www.siff.net/cinema/in-theaters/digger,,2026,
10/08/2026,4:15 PM,SIFF Cinema Uptown,Filipiñana,100,None,https://www.siff.net/images/CINEMA/2026/Films%20Jun-Dec/CIN_Filipinana_1600x900.png,,,,cinema/in-theaters/filipinana,Filipiñana,CLw6WCGkiZ,,https://www.siff.net/cinema/in-theaters/filipinana,,2025,
10/22/2026,7:00 PM,SIFF Cinema Uptown,Glen Canyon Institute's What the River Knows,34,None,https://www.siff.net/images/CINEMA/2026/Rentals/Rentals%20Jun%20-%20Dec%202026/REN_GlenCanyon_1600x900.png,,,,cinema/in-theaters/glen-canyon-institutes-what-the-river-knows,Glen Canyon Institute's What the River Knows,Ax9t1stHXm,,https://www.siff.net/cinema/in-theaters/glen-canyon-institutes-what-the-river-knows,,2025,
11/04/2026,4:00 PM,SIFF Cinema Downtown,Godzilla Minus Zero,135,None,https://www.siff.net/images/CINEMA/2026/Films%20Jun-Dec/CIN_GodzillaMinusZero_1600x900.png,,,,cinema/in-theaters/godzilla-minus-zero,Godzilla Minus Zero,TnEy6voDr2,,https://www.siff.net/cinema/in-theaters/godzilla-minus-zero,,2026,
11/04/2026,7:30 PM,SIFF Cinema Downtown,Godzilla Minus Zero,135,None,https://www.siff.net/images/CINEMA/2026/Films%20Jun-Dec/CIN_GodzillaMinusZero_1600x900.png,,,,cinema/in-theaters/godzilla-minus-zero,Godzilla Minus Zero,tUIOQaDSZD,,https://www.siff.net/cinema/in-theaters/godzilla-minus-zero,,2026,
11/05/2026,4:00 PM,SIFF Cinema Downtown,Godzilla Minus Zero,135,None,https://www.siff.net/images/CINEMA/2026/Films%20Jun-Dec/CIN_GodzillaMinusZero_1600x900.png,,,,cinema/in-theaters/godzilla-minus-zero,Godzilla Minus Zero,Z90R95VVcM,,https://www.siff.net/cinema/in-theaters/godzilla-minus-zero,,2026,
11/05/2026,7:30 PM,SIFF Cinema Downtown,Godzilla Minus Zero,135,None,https://www.siff.net/images/CINEMA/2026/Films%20Jun-Dec/CIN_GodzillaMinusZero_1600x900.png,,,,cinema/in-theaters/godzilla-minus-zero,Godzilla Minus Zero,yVBQ5UAlEE,,https://www.siff.net/cinema/in-theaters/godzilla-minus-zero,,2026,
11/06/2026,4:00 PM,SIFF Cinema Downtown,Godzilla Minus Zero,135,None,https://www.siff.net/images/CINEMA/2026/Films%20Jun-Dec/CIN_GodzillaMinusZero_1600x900.png,,,,cinema/in-theaters/godzilla-minus-zero,Godzilla Minus Zero,2OlA8yPUrS,,https://www.siff.net/cinema/in-theaters/godzilla-minus-zero,,2026,
11/06/2026,7:30 PM,SIFF Cinema Downtown,Godzilla Minus Zero,135,None,https://www.siff.net/images/CINEMA/2026/Films%20Jun-Dec/CIN_GodzillaMinusZero_1600x900.png,,,,cinema/in-theaters/godzilla-minus-zero,Godzilla Minus Zero,qlSEYb7EAU,,https://www.siff.net/cinema/in-theaters/godzilla-minus-zero,,2026,
11/07/2026,12:30 PM,SIFF Cinema Downtown,Godzilla Minus Zero,135,None,https://www.siff.net/images/CINEMA/2026/Films%20Jun-Dec/CIN_GodzillaMinusZero_1600x900.png,,,,cinema/in-theaters/godzilla-minus-zero,Godzilla Minus Zero,HHrlhNC0HR,,https://www.siff.net/cinema/in-theaters/godzilla-minus-zero,,2026,
11/07/2026,4:00 PM,SIFF Cinema Downtown,Godzilla Minus Zero,135,None,https://www.siff.net/images/CINEMA/2026/Films%20Jun-Dec/CIN_GodzillaMinusZero_1600x900.png,,,,cinema/in-theaters/godzilla-minus-zero,Godzilla Minus Zero,8qurTrnJ2H,,https://www.siff.net/cinema/in-theaters/godzilla-minus-zero,,2026,
11/07/2026,7:30 PM,SIFF Cinema Downtown,Godzilla Minus Zero,135,None,https://www.siff.net/images/CINEMA/2026/Films%20Jun-Dec/CIN_GodzillaMinusZero_1600x900.png,,,,cinema/in-theaters/godzilla-minus-zero,Godzilla Minus Zero,hm3IDIMrpG,,https://www.siff.net/cinema/in-theaters/godzilla-minus-zero,,2026,
11/08/2026,11:30 AM,SIFF Cinema Downtown,Godzilla Minus Zero,135,None,https://www.siff.net/images/CINEMA/2026/Films%20Jun-Dec/CIN_GodzillaMinusZero_1600x900.png,,,,cinema/in-theaters/godzilla-minus-zero,Godzilla Minus Zero,Ww7cJ7t3EZ,,https://www.siff.net/cinema/in-theaters/godzilla-minus-zero,,2026,
11/08/2026,3:00 PM,SIFF Cinema Downtown,Godzilla Minus Zero,135,None,https://www.siff.net/images/CINEMA/2026/Films%20Jun-Dec/CIN_GodzillaMinusZero_1600x900.png,,,,cinema/in-theaters/godzilla-minus-zero,Godzilla Minus Zero,oD8TYUkcQK,,https://www.siff.net/cinema/in-theaters/godzilla-minus-zero,,2026,
11/08/2026,6:30 PM,SIFF Cinema Downtown,Godzilla Minus Zero,135,None,https://www.siff.net/images/CINEMA/2026/Films%20Jun-Dec/CIN_GodzillaMinusZero_1600x900.png,,,,cinema/in-theaters/godzilla-minus-zero,Godzilla Minus Zero,MqjUGxJqCC,,https://www.siff.net/cinema/in-theaters/godzilla-minus-zero,,2026,
11/09/2026,4:00 PM,SIFF Cinema Downtown,Godzilla Minus Zero,135,None,https://www.siff.net/images/CINEMA/2026/Films%20Jun-Dec/CIN_GodzillaMinusZero_1600x900.png,,,,cinema/in-theaters/godzilla-minus-zero,Godzilla Minus Zero,CWDtygoJpS,,https://www.siff.net/cinema/in-theaters/godzilla-minus-zero,,2026,
11/09/2026,7:30 PM,SIFF Cinema Downtown,Godzilla Minus Zero,135,None,https://www.siff.net/images/CINEMA/2026/Films%20Jun-Dec/CIN_GodzillaMinusZero_1600x900.png,,,,cinema/in-theaters/godzilla-minus-zero,Godzilla Minus Zero,H0ZjEk1mmm,,https://www.siff.net/cinema/in-theaters/godzilla-minus-zero,,2026,
11/10/2026,4:00 PM,SIFF Cinema Downtown,Godzilla Minus Zero,135,None,https://www.siff.net/images/CINEMA/2026/Films%20Jun-Dec/CIN_GodzillaMinusZero_1600x900.png,,,,cinema/in-theaters/godzilla-minus-zero,Godzilla Minus Zero,k3QLIJUDXp,,https://www.siff.net/cinema/in-theaters/godzilla-minus-zero,,2026,
11/10/2026,7:30 PM,SIFF Cinema Downtown,Godzilla Minus Zero,135,None,https://www.siff.net/images/CINEMA/2026/Films%20Jun-Dec/CIN_GodzillaMinusZero_1600x900.png,,,,cinema/in-theaters/godzilla-minus-zero,Godzilla Minus Zero,fgbSvuTgdr,,https://www.siff.net/cinema/in-theaters/godzilla-minus-zero,,2026,
11/11/2026,4:00 PM,SIFF Cinema Downtown,Godzilla Minus Zero,135,None,https://www.siff.net/images/CINEMA/2026/Films%20Jun-Dec/CIN_GodzillaMinusZero_1600x900.png,,,,cinema/in-theaters/godzilla-minus-zero,Godzilla Minus Zero,GPDNyAkQas,,https://www.siff.net/cinema/in-theaters/godzilla-minus-zero,,2026,
11/11/2026,7:30 PM,SIFF Cinema Downtown,Godzilla Minus Zero,135,None,https://www.siff.net/images/CINEMA/2026/Films%20Jun-Dec/CIN_GodzillaMinusZero_1600x900.png,,,,cinema/in-theaters/godzilla-minus-zero,Godzilla Minus Zero,bqL9IPieS1,,https://www.siff.net/cinema/in-theaters/godzilla-minus-zero,,2026,
11/12/2026,4:00 PM,SIFF Cinema Downtown,Godzilla Minus Zero,135,None,https://www.siff.net/images/CINEMA/2026/Films%20Jun-Dec/CIN_GodzillaMinusZero_1600x900.png,,,,cinema/in-theaters/godzilla-minus-zero,Godzilla Minus Zero,x1b25pJySe,,https://www.siff.net/cinema/in-theaters/godzilla-minus-zero,,2026,
11/12/2026,7:30 PM,SIFF Cinema Downtown,Godzilla Minus Zero,135,None,https://www.siff.net/images/CINEMA/2026/Films%20Jun-Dec/CIN_GodzillaMinusZero_1600x900.png,,,,cinema/in-theaters/godzilla-minus-zero,Godzilla Minus Zero,dNVNyIrVkI,,https://www.siff.net/cinema/in-theaters/godzilla-minus-zero,,2026,
10/12/2026,6:30 PM,SIFF Film Center,Joybubbles,Unknown,None,https://www.siff.net/images/CINEMA/2026/Films%20Jun-Dec/CIN_Joybubbles_1600x900.png,,,,cinema/in-theaters/joybubbles,Joybubbles,3nx1CuRJGw,,https://www.siff.net/cinema/in-theaters/joybubbles,,2026,
10/16/2026,4:15 PM,SIFF Cinema Uptown,KEN RUSSELL'S THE DEVILS,114,None,https://www.siff.net/images/CINEMA/2026/Films%20Jun-Dec/CIN_TheDevils_1600x900.png,,,,cinema/in-theaters/ken-russells-the-devils,KEN RUSSELL'S THE DEVILS,vcSJmlnX6P,,https://www.siff.net/cinema/in-theaters/ken-russells-the-devils,,1971,
10/16/2026,7:15 PM,SIFF Cinema Uptown,KEN RUSSELL'S THE DEVILS,114,None,https://www.siff.net/images/CINEMA/2026/Films%20Jun-Dec/CIN_TheDevils_1600x900.png,,,,cinema/in-theaters/ken-russells-the-devils,KEN RUSSELL'S THE DEVILS,ABjs9RVuW7,,https://www.siff.net/cinema/in-theaters/ken-russells-the-devils,,1971,
10/17/2026,1:15 PM,SIFF Cinema Uptown,KEN RUSSELL'S THE DEVILS,114,None,https://www.siff.net/images/CINEMA/2026/Films%20Jun-Dec/CIN_TheDevils_1600x900.png,,,,cinema/in-theaters/ken-russells-the-devils,KEN RUSSELL'S THE DEVILS,vWsVgKNHNh,,https://www.siff.net/cinema/in-theaters/ken-russells-the-devils,,1971,
10/17/2026,4:15 PM,SIFF Cinema Uptown,KEN RUSSELL'S THE DEVILS,114,None,https://www.siff.net/images/CINEMA/2026/Films%20Jun-Dec/CIN_TheDevils_1600x900.png,,,,cinema/in-theaters/ken-russells-the-devils,KEN RUSSELL'S THE DEVILS,RlxbljyiHp,,https://www.siff.net/cinema/in-theaters/ken-russells-the-devils,,1971,
10/17/2026,7:15 PM,SIFF Cinema Uptown,KEN RUSSELL'S THE DEVILS,114,None,https://www.siff.net/images/CINEMA/2026/Films%20Jun-Dec/CIN_TheDevils_1600x900.png,,,,cinema/in-theaters/ken-russells-the-devils,KEN RUSSELL'S THE DEVILS,xpRNLYPP90,,https://www.siff.net/cinema/in-theaters/ken-russells-the-devils,,1971,
10/18/2026,1:15 PM,SIFF Cinema Uptown,KEN RUSSELL'S THE DEVILS,114,None,https://www.siff.net/images/CINEMA/2026/Films%20Jun-Dec/CIN_TheDevils_1600x900.png,,,,cinema/in-theaters/ken-russells-the-devils,KEN RUSSELL'S THE DEVILS,Wvck5T0chN,,https://www.siff.net/cinema/in-theaters/ken-russells-the-devils,,1971,
10/18/2026,4:15 PM,SIFF Cinema Uptown,KEN RUSSELL'S THE DEVILS,114,None,https://www.siff.net/images/CINEMA/2026/Films%20Jun-Dec/CIN_TheDevils_1600x900.png,,,,cinema/in-theaters/ken-russells-the-devils,KEN RUSSELL'S THE DEVILS,HLiQRQDFl8,,https://www.siff.net/cinema/in-theaters/ken-russells-the-devils,,1971,
10/18/2026,7:15 PM,SIFF Cinema Uptown,KEN RUSSELL'S THE DEVILS,114,None,https://www.siff.net/images/CINEMA/2026/Films%20Jun-Dec/CIN_TheDevils_1600x900.png,,,,cinema/in-theaters/ken-russells-the-devils,KEN RUSSELL'S THE DEVILS,lFOjfVXEmd,,https://www.siff.net/cinema/in-theaters/ken-russells-the-devils,,1971,
10/19/2026,4:30 PM,SIFF Cinema Uptown,KEN RUSSELL'S THE DEVILS,114,None,https://www.siff.net/images/CINEMA/2026/Films%20Jun-Dec/CIN_TheDevils_1600x900.png,,,,cinema/in-theaters/ken-russells-the-devils,KEN RUSSELL'S THE DEVILS,WmE8cIArPP,,https://www.siff.net/cinema/in-theaters/ken-russells-the-devils,,1971,
10/19/2026,7:30 PM,SIFF Cinema Uptown,KEN RUSSELL'S THE DEVILS,114,None,https://www.siff.net/images/CINEMA/2026/Films%20Jun-Dec/CIN_TheDevils_1600x900.png,,,,cinema/in-theaters/ken-russells-the-devils,KEN RUSSELL'S THE DEVILS,6fMA1ZyP4i,,https://www.siff.net/cinema/in-theaters/ken-russells-the-devils,,1971,
10/20/2026,4:00 PM,SIFF Cinema Uptown,KEN RUSSELL'S THE DEVILS,114,None,https://www.siff.net/images/CINEMA/2026/Films%20Jun-Dec/CIN_TheDevils_1600x900.png,,,,cinema/in-theaters/ken-russells-the-devils,KEN RUSSELL'S THE DEVILS,8DN08VIMWX,,https://www.siff.net/cinema/in-theaters/ken-russells-the-devils,,1971,
10/20/2026,7:00 PM,SIFF Cinema Uptown,KEN RUSSELL'S THE DEVILS,114,None,https://www.siff.net/images/CINEMA/2026/Films%20Jun-Dec/CIN_TheDevils_1600x900.png,,,,cinema/in-theaters/ken-russells-the-devils,KEN RUSSELL'S THE DEVILS,xHZZmWZPYv,,https://www.siff.net/cinema/in-theaters/ken-russells-the-devils,,1971,
10/21/2026,4:00 PM,SIFF Cinema Uptown,KEN RUSSELL'S THE DEVILS,114,None,https://www.siff.net/images/CINEMA/2026/Films%20Jun-Dec/CIN_TheDevils_1600x900.png,,,,cinema/in-theaters/ken-russells-the-devils,KEN RUSSELL'S THE DEVILS,SSkVwe0YFn,,https://www.siff.net/cinema/in-theaters/ken-russells-the-devils,,1971,
10/21/2026,7:00 PM,SIFF Cinema Uptown,KEN RUSSELL'S THE DEVILS,114,None,https://www.siff.net/images/CINEMA/2026/Films%20Jun-Dec/CIN_TheDevils_1600x900.png,,,,cinema/in-theaters/ken-russells-the-devils,KEN RUSSELL'S THE DEVILS,sM1te1EqLd,,https://www.siff.net/cinema/in-theaters/ken-russells-the-devils,,1971,
10/22/2026,4:30 PM,SIFF Cinema Uptown,KEN RUSSELL'S THE DEVILS,114,None,https://www.siff.net/images/CINEMA/2026/Films%20Jun-Dec/CIN_TheDevils_1600x900.png,,,,cinema/in-theaters/ken-russells-the-devils,KEN RUSSELL'S THE DEVILS,Kgcjx2YI5y,,https://www.siff.net/cinema/in-theaters/ken-russells-the-devils,,1971,
10/22/2026,7:30 PM,SIFF Cinema Uptown,KEN RUSSELL'S THE DEVILS,114,None,https://www.siff.net/images/CINEMA/2026/Films%20Jun-Dec/CIN_TheDevils_1600x900.png,,,,cinema/in-theaters/ken-russells-the-devils,KEN RUSSELL'S THE DEVILS,FbYL00q0ZO,,https://www.siff.net/cinema/in-theaters/ken-russells-the-devils,,1971,
11/06/2026,3:15 PM,SIFF Cinema Uptown,La bola negra,159,None,https://www.siff.net/images/CINEMA/2026/Films%20Jun-Dec/CIN_Labolanegra_1600x900.png,,,,cinema/in-theaters/la-bola-negra,La bola negra,tAq3Qkhj3Z,,https://www.siff.net/cinema/in-theaters/la-bola-negra,,2026,
11/06/2026,7:15 PM,SIFF Cinema Uptown,La bola negra,159,None,https://www.siff.net/images/CINEMA/2026/Films%20Jun-Dec/CIN_Labolanegra_1600x900.png,,,,cinema/in-theaters/la-bola-negra,La bola negra,jyy6W7DBcu,,https://www.siff.net/cinema/in-theaters/la-bola-negra,,2026,
11/07/2026,12:45 PM,SIFF Cinema Uptown,La bola negra,159,None,https://www.siff.net/images/CINEMA/2026/Films%20Jun-Dec/CIN_Labolanegra_1600x900.png,,,,cinema/in-theaters/la-bola-negra,La bola negra,t58xtqtHbe,,https://www.siff.net/cinema/in-theaters/la-bola-negra,,2026,
11/07/2026,3:15 PM,SIFF Cinema Uptown,La bola negra,159,None,https://www.siff.net/images/CINEMA/2026/Films%20Jun-Dec/CIN_Labolanegra_1600x900.png,,,,cinema/in-theaters/la-bola-negra,La bola negra,mCdibm8yym,,https://www.siff.net/cinema/in-theaters/la-bola-negra,,2026,
11/07/2026,7:00 PM,SIFF Cinema Uptown,La bola negra,159,None,https://www.siff.net/images/CINEMA/2026/Films%20Jun-Dec/CIN_Labolanegra_1600x900.png,,,,cinema/in-theaters/la-bola-negra,La bola negra,v76SjtDQsv,,https://www.siff.net/cinema/in-theaters/la-bola-negra,,2026,
11/08/2026,12:45 PM,SIFF Cinema Uptown,La bola negra,159,None,https://www.siff.net/images/CINEMA/2026/Films%20Jun-Dec/CIN_Labolanegra_1600x900.png,,,,cinema/in-theaters/la-bola-negra,La bola negra,cdBSKXwOqq,,https://www.siff.net/cinema/in-theaters/la-bola-negra,,2026,
11/08/2026,3:15 PM,SIFF Cinema Uptown,La bola negra,159,None,https://www.siff.net/images/CINEMA/2026/Films%20Jun-Dec/CIN_Labolanegra_1600x900.png,,,,cinema/in-theaters/la-bola-negra,La bola negra,f0X1aWCsyV,,https://www.siff.net/cinema/in-theaters/la-bola-negra,,2026,
11/08/2026,7:00 PM,SIFF Cinema Uptown,La bola negra,159,None,https://www.siff.net/images/CINEMA/2026/Films%20Jun-Dec/CIN_Labolanegra_1600x900.png,,,,cinema/in-theaters/la-bola-negra,La bola negra,g8oYnknw4x,,https://www.siff.net/cinema/in-theaters/la-bola-negra,,2026,
11/09/2026,4:00 PM,SIFF Cinema Uptown,La bola negra,159,None,https://www.siff.net/images/CINEMA/2026/Films%20Jun-Dec/CIN_Labolanegra_1600x900.png,,,,cinema/in-theaters/la-bola-negra,La bola negra,k5flA4nN6X,,https://www.siff.net/cinema/in-theaters/la-bola-negra,,2026,
11/09/2026,7:00 PM,SIFF Cinema Uptown,La bola negra,159,None,https://www.siff.net/images/CINEMA/2026/Films%20Jun-Dec/CIN_Labolanegra_1600x900.png,,,,cinema/in-theaters/la-bola-negra,La bola negra,uahqoNm8Dl,,https://www.siff.net/cinema/in-theaters/la-bola-negra,,2026,
11/10/2026,4:00 PM,SIFF Cinema Uptown,La bola negra,159,None,https://www.siff.net/images/CINEMA/2026/Films%20Jun-Dec/CIN_Labolanegra_1600x900.png,,,,cinema/in-theaters/la-bola-negra,La bola negra,CsNd2cInOa,,https://www.siff.net/cinema/in-theaters/la-bola-negra,,2026,
11/10/2026,7:00 PM,SIFF Cinema Uptown,La bola negra,159,None,https://www.siff.net/images/CINEMA/2026/Films%20Jun-Dec/CIN_Labolanegra_1600x900.png,,,,cinema/in-theaters/la-bola-negra,La bola negra,RQqruD1jJS,,https://www.siff.net/cinema/in-theaters/la-bola-negra,,2026,
11/11/2026,4:00 PM,SIFF Cinema Uptown,La bola negra,159,None,https://www.siff.net/images/CINEMA/2026/Films%20Jun-Dec/CIN_Labolanegra_1600x900.png,,,,cinema/in-theaters/la-bola-negra,La bola negra,pAX3CCCg0X,,https://www.siff.net/cinema/in-theaters/la-bola-negra,,2026,
11/11/2026,7:00 PM,SIFF Cinema Uptown,La bola negra,159,None,https://www.siff.net/images/CINEMA/2026/Films%20Jun-Dec/CIN_Labolanegra_1600x900.png,,,,cinema/in-theaters/la-bola-negra,La bola negra,BcIIBU6fwp,,https://www.siff.net/cinema/in-theaters/la-bola-negra,,2026,
11/12/2026,4:00 PM,SIFF Cinema Uptown,La bola negra,159,None,https://www.siff.net/images/CINEMA/2026/Films%20Jun-Dec/CIN_Labolanegra_1600x900.png,,,,cinema/in-theaters/la-bola-negra,La bola negra,rd4By7CglH,,https://www.siff.net/cinema/in-theaters/la-bola-negra,,2026,
11/12/2026,7:00 PM,SIFF Cinema Uptown,La bola negra,159,None,https://www.siff.net/images/CINEMA/2026/Films%20Jun-Dec/CIN_Labolanegra_1600x900.png,,,,cinema/in-theaters/la-bola-negra,La bola negra,mmQCedCeus,,https://www.siff.net/cinema/in-theaters/la-bola-negra,,2026,
10/09/2026,5:00 PM,SIFF Cinema Uptown,Lady,95,None,https://www.siff.net/images/FESTIVAL/2026/Films/Film%20Detail%20Hero%20Images%20-%20Features/Lady.jpg,,,,cinema/in-theaters/lady,Lady,rBW4542rhM,,https://www.siff.net/cinema/in-theaters/lady,,2025,
10/09/2026,7:45 PM,SIFF Cinema Uptown,Lady,95,None,https://www.siff.net/images/FESTIVAL/2026/Films/Film%20Detail%20Hero%20Images%20-%20Features/Lady.jpg,,,,cinema/in-theaters/lady,Lady,PoujPnjj57,,https://www.siff.net/cinema/in-theaters/lady,,2025,
10/10/2026,1:30 PM,SIFF Cinema Uptown,Lady,95,None,https://www.siff.net/images/FESTIVAL/2026/Films/Film%20Detail%20Hero%20Images%20-%20Features/Lady.jpg,,,,cinema/in-theaters/lady,Lady,6VUV5ZYKse,,https://www.siff.net/cinema/in-theaters/lady,,2025,
10/10/2026,4:15 PM,SIFF Cinema Uptown,Lady,95,None,https://www.siff.net/images/FESTIVAL/2026/Films/Film%20Detail%20Hero%20Images%20-%20Features/Lady.jpg,,,,cinema/in-theaters/lady,Lady,7Ve0tBQXsh,,https://www.siff.net/cinema/in-theaters/lady,,2025,
10/11/2026,11:45 AM,SIFF Cinema Uptown,Lady,95,None,https://www.siff.net/images/FESTIVAL/2026/Films/Film%20Detail%20Hero%20Images%20-%20Features/Lady.jpg,,,,cinema/in-theaters/lady,Lady,GR4aRQXwwU,,https://www.siff.net/cinema/in-theaters/lady,,2025,
10/11/2026,2:30 PM,SIFF Cinema Uptown,Lady,95,None,https://www.siff.net/images/FESTIVAL/2026/Films/Film%20Detail%20Hero%20Images%20-%20Features/Lady.jpg,,,,cinema/in-theaters/lady,Lady,26wT4pchfq,,https://www.siff.net/cinema/in-theaters/lady,,2025,
10/11/2026,5:10 PM,SIFF Cinema Uptown,Lady,95,None,https://www.siff.net/images/FESTIVAL/2026/Films/Film%20Detail%20Hero%20Images%20-%20Features/Lady.jpg,,,,cinema/in-theaters/lady,Lady,DIPrGBJRJQ,,https://www.siff.net/cinema/in-theaters/lady,,2025,
10/11/2026,7:45 PM,SIFF Cinema Uptown,Lady,95,None,https://www.siff.net/images/FESTIVAL/2026/Films/Film%20Detail%20Hero%20Images%20-%20Features/Lady.jpg,,,,cinema/in-theaters/lady,Lady,MXrdQvkpxV,,https://www.siff.net/cinema/in-theaters/lady,,2025,
10/12/2026,4:30 PM,SIFF Cinema Uptown,Lady,95,None,https://www.siff.net/images/FESTIVAL/2026/Films/Film%20Detail%20Hero%20Images%20-%20Features/Lady.jpg,,,,cinema/in-theaters/lady,Lady,plE2j9b9HF,,https://www.siff.net/cinema/in-theaters/lady,,2025,
10/12/2026,7:30 PM,SIFF Cinema Uptown,Lady,95,None,https://www.siff.net/images/FESTIVAL/2026/Films/Film%20Detail%20Hero%20Images%20-%20Features/Lady.jpg,,,,cinema/in-theaters/lady,Lady,ipeT68MJFq,,https://www.siff.net/cinema/in-theaters/lady,,2025,
10/13/2026,4:15 PM,SIFF Cinema Uptown,Lady,95,None,https://www.siff.net/images/FESTIVAL/2026/Films/Film%20Detail%20Hero%20Images%20-%20Features/Lady.jpg,,,,cinema/in-theaters/lady,Lady,pdqXFSpfxw,,https://www.siff.net/cinema/in-theaters/lady,,2025,
10/13/2026,7:00 PM,SIFF Cinema Uptown,Lady,95,None,https://www.siff.net/images/FESTIVAL/2026/Films/Film%20Detail%20Hero%20Images%20-%20Features/Lady.jpg,,,,cinema/in-theaters/lady,Lady,i16rjGUSdm,,https://www.siff.net/cinema/in-theaters/lady,,2025,
10/14/2026,4:15 PM,SIFF Cinema Uptown,Lady,95,None,https://www.siff.net/images/FESTIVAL/2026/Films/Film%20Detail%20Hero%20Images%20-%20Features/Lady.jpg,,,,cinema/in-theaters/lady,Lady,BAJ6AilK3y,,https://www.siff.net/cinema/in-theaters/lady,,2025,
10/15/2026,4:15 PM,SIFF Cinema Uptown,Lady,95,None,https://www.siff.net/images/FESTIVAL/2026/Films/Film%20Detail%20Hero%20Images%20-%20Features/Lady.jpg,,,,cinema/in-theaters/lady,Lady,pdPLZEDC6d,,https://www.siff.net/cinema/in-theaters/lady,,2025,
10/15/2026,7:30 PM,SIFF Cinema Uptown,Lady,95,None,https://www.siff.net/images/FESTIVAL/2026/Films/Film%20Detail%20Hero%20Images%20-%20Features/Lady.jpg,,,,cinema/in-theaters/lady,Lady,6QInJ3Wj9p,,https://www.siff.net/cinema/in-theaters/lady,,2025,
10/30/2026,6:45 PM,SIFF Film Center,Land of the Dead: it's for the gays,16,None,https://www.siff.net/images/CINEMA/2026/Rentals/Rentals%20Jun%20-%20Dec%202026/REN_LandoftheDeadfortheGays_1600x900.png,,,,cinema/in-theaters/land-of-the-dead-its-for-the-gays,Land of the Dead: it's for the gays,9Sifmjwjyg,,https://www.siff.net/cinema/in-theaters/land-of-the-dead-its-for-the-gays,,2026,
10/20/2026,7:30 PM,SIFF Cinema Uptown,"Matchstick Productions Presents, ""The Way Out"" 2026 Ski Film",60,None,https://www.siff.net/images/CINEMA/2026/Rentals/Rentals%20Jun%20-%20Dec%202026/REN_TheWayOut_1600x900.png,,,,cinema/in-theaters/matchstick-productions-presents-the-way-out-2026-ski-film,"Matchstick Productions Presents, ""The Way Out"" 2026 Ski Film",VT4Y8B8EuK,,https://www.siff.net/cinema/in-theaters/matchstick-productions-presents-the-way-out-2026-ski-film,,2026,
12/09/2026,7:00 PM,SIFF Cinema Uptown,Mountains on Stage - Winter Edition 2026,195,None,https://www.siff.net/images/CINEMA/2026/Rentals/Rentals%20Jun%20-%20Dec%202026/REN_MountainsonStage26WinterNEW_1600x900.png,,,,cinema/in-theaters/mountains-on-stage-winter-edition-2026,Mountains on Stage - Winter Edition 2026,MHcAUn82b8,,https://www.siff.net/cinema/in-theaters/mountains-on-stage-winter-edition-2026,,2026,
10/09/2026,4:40 PM,SIFF Cinema Uptown,NAZA,80,None,https://www.siff.net/images/CINEMA/2026/Films%20Jun-Dec/CIN_NAZA_1600x900.png,,,,cinema/in-theaters/naza,NAZA,yElSr8xmQe,,https://www.siff.net/cinema/in-theaters/naza,,2026,
10/09/2026,7:00 PM,SIFF Cinema Uptown,NAZA,80,None,https://www.siff.net/images/CINEMA/2026/Films%20Jun-Dec/CIN_NAZA_1600x900.png,,,,cinema/in-theaters/naza,NAZA,TwuQ5TdnmY,,https://www.siff.net/cinema/in-theaters/naza,,2026,
10/10/2026,12:30 PM,SIFF Cinema Uptown,NAZA,80,None,https://www.siff.net/images/CINEMA/2026/Films%20Jun-Dec/CIN_NAZA_1600x900.png,,,,cinema/in-theaters/naza,NAZA,ftCc2M5q3u,,https://www.siff.net/cinema/in-theaters/naza,,2026,
10/10/2026,2:50 PM,SIFF Cinema Uptown,NAZA,80,None,https://www.siff.net/images/CINEMA/2026/Films%20Jun-Dec/CIN_NAZA_1600x900.png,,,,cinema/in-theaters/naza,NAZA,EZSeULcSMM,,https://www.siff.net/cinema/in-theaters/naza,,2026,
10/10/2026,5:15 PM,SIFF Cinema Uptown,NAZA,80,None,https://www.siff.net/images/CINEMA/2026/Films%20Jun-Dec/CIN_NAZA_1600x900.png,,,,cinema/in-theaters/naza,NAZA,UhUUkuEpnD,,https://www.siff.net/cinema/in-theaters/naza,,2026,
10/10/2026,7:45 PM,SIFF Cinema Uptown,NAZA,80,None,https://www.siff.net/images/CINEMA/2026/Films%20Jun-Dec/CIN_NAZA_1600x900.png,,,,cinema/in-theaters/naza,NAZA,VBLQmYqTsi,,https://www.siff.net/cinema/in-theaters/naza,,2026,
10/11/2026,12:00 PM,SIFF Cinema Uptown,NAZA,80,None,https://www.siff.net/images/CINEMA/2026/Films%20Jun-Dec/CIN_NAZA_1600x900.png,,,,cinema/in-theaters/naza,NAZA,MqW6SKf5lf,,https://www.siff.net/cinema/in-theaters/naza,,2026,
10/11/2026,2:20 PM,SIFF Cinema Uptown,NAZA,80,None,https://www.siff.net/images/CINEMA/2026/Films%20Jun-Dec/CIN_NAZA_1600x900.png,,,,cinema/in-theaters/naza,NAZA,pM3kXEA0Yr,,https://www.siff.net/cinema/in-theaters/naza,,2026,
10/11/2026,4:45 PM,SIFF Cinema Uptown,NAZA,80,None,https://www.siff.net/images/CINEMA/2026/Films%20Jun-Dec/CIN_NAZA_1600x900.png,,,,cinema/in-theaters/naza,NAZA,obDmgjfqZU,,https://www.siff.net/cinema/in-theaters/naza,,2026,
10/11/2026,7:15 PM,SIFF Cinema Uptown,NAZA,80,None,https://www.siff.net/images/CINEMA/2026/Films%20Jun-Dec/CIN_NAZA_1600x900.png,,,,cinema/in-theaters/naza,NAZA,K0xWIaXt8J,,https://www.siff.net/cinema/in-theaters/naza,,2026,
10/12/2026,4:00 PM,SIFF Cinema Uptown,NAZA,80,None,https://www.siff.net/images/CINEMA/2026/Films%20Jun-Dec/CIN_NAZA_1600x900.png,,,,cinema/in-theaters/naza,NAZA,8c7mTp3oSn,,https://www.siff.net/cinema/in-theaters/naza,,2026,
10/12/2026,7:15 PM,SIFF Cinema Uptown,NAZA,80,None,https://www.siff.net/images/CINEMA/2026/Films%20Jun-Dec/CIN_NAZA_1600x900.png,,,,cinema/in-theaters/naza,NAZA,ARQmG1yqiN,,https://www.siff.net/cinema/in-theaters/naza,,2026,
10/13/2026,4:45 PM,SIFF Cinema Uptown,NAZA,80,None,https://www.siff.net/images/CINEMA/2026/Films%20Jun-Dec/CIN_NAZA_1600x900.png,,,,cinema/in-theaters/naza,NAZA,GS7J98dDoG,,https://www.siff.net/cinema/in-theaters/naza,,2026,
10/13/2026,7:15 PM,SIFF Cinema Uptown,NAZA,80,None,https://www.siff.net/images/CINEMA/2026/Films%20Jun-Dec/CIN_NAZA_1600x900.png,,,,cinema/in-theaters/naza,NAZA,ZgHydqTjFq,,https://www.siff.net/cinema/in-theaters/naza,,2026,
10/14/2026,4:45 PM,SIFF Cinema Uptown,NAZA,80,None,https://www.siff.net/images/CINEMA/2026/Films%20Jun-Dec/CIN_NAZA_1600x900.png,,,,cinema/in-theaters/naza,NAZA,IZjAHFgZD7,,https://www.siff.net/cinema/in-theaters/naza,,2026,
10/14/2026,7:15 PM,SIFF Cinema Uptown,NAZA,80,None,https://www.siff.net/images/CINEMA/2026/Films%20Jun-Dec/CIN_NAZA_1600x900.png,,,,cinema/in-theaters/naza,NAZA,ilcJ5Sxb5H,,https://www.siff.net/cinema/in-theaters/naza,,2026,
10/15/2026,4:45 PM,SIFF Cinema Uptown,NAZA,80,None,https://www.siff.net/images/CINEMA/2026/Films%20Jun-Dec/CIN_NAZA_1600x900.png,,,,cinema/in-theaters/naza,NAZA,tHQJ7G6h53,,https://www.siff.net/cinema/in-theaters/naza,,2026,
10/15/2026,7:15 PM,SIFF Cinema Uptown,NAZA,80,None,https://www.siff.net/images/CINEMA/2026/Films%20Jun-Dec/CIN_NAZA_1600x900.png,,,,cinema/in-theaters/naza,NAZA,p0jUQwQeCY,,https://www.siff.net/cinema/in-theaters/naza,,2026,
10/08/2026,4:30 PM,SIFF Cinema Uptown,Primetime,110,None,https://www.siff.net/images/CINEMA/2026/Films%20Jun-Dec/CIN_Primetime_1600x900.png,,,,cinema/in-theaters/primetime,Primetime,PoO6dYfOHF,,https://www.siff.net/cinema/in-theaters/primetime,,2026,
10/08/2026,7:30 PM,SIFF Cinema Uptown,Primetime,110,None,https://www.siff.net/images/CINEMA/2026/Films%20Jun-Dec/CIN_Primetime_1600x900.png,,,,cinema/in-theaters/primetime,Primetime,8Znp3aVENF,,https://www.siff.net/cinema/in-theaters/primetime,,2026,
10/09/2026,4:20 PM,SIFF Cinema Uptown,Primetime,110,None,https://www.siff.net/images/CINEMA/2026/Films%20Jun-Dec/CIN_Primetime_1600x900.png,,,,cinema/in-theaters/primetime,Primetime,Li27u80l6W,,https://www.siff.net/cinema/in-theaters/primetime,,2026,
10/09/2026,7:20 PM,SIFF Cinema Uptown,Primetime,110,None,https://www.siff.net/images/CINEMA/2026/Films%20Jun-Dec/CIN_Primetime_1600x900.png,,,,cinema/in-theaters/primetime,Primetime,wZj7EVZsTm,,https://www.siff.net/cinema/in-theaters/primetime,,2026,
10/10/2026,4:35 PM,SIFF Cinema Uptown,Primetime,110,None,https://www.siff.net/images/CINEMA/2026/Films%20Jun-Dec/CIN_Primetime_1600x900.png,,,,cinema/in-theaters/primetime,Primetime,ejC61dN9gb,,https://www.siff.net/cinema/in-theaters/primetime,,2026,
10/10/2026,7:30 PM,SIFF Cinema Uptown,Primetime,110,None,https://www.siff.net/images/CINEMA/2026/Films%20Jun-Dec/CIN_Primetime_1600x900.png,,,,cinema/in-theaters/primetime,Primetime,2Q817B2iwr,,https://www.siff.net/cinema/in-theaters/primetime,,2026,
10/11/2026,12:30 PM,SIFF Cinema Uptown,Primetime,110,None,https://www.siff.net/images/CINEMA/2026/Films%20Jun-Dec/CIN_Primetime_1600x900.png,,,,cinema/in-theaters/primetime,Primetime,Ck9orF23gT,,https://www.siff.net/cinema/in-theaters/primetime,,2026,
10/11/2026,6:30 PM,SIFF Cinema Uptown,Primetime,110,None,https://www.siff.net/images/CINEMA/2026/Films%20Jun-Dec/CIN_Primetime_1600x900.png,,,,cinema/in-theaters/primetime,Primetime,votF2yvCwl,,https://www.siff.net/cinema/in-theaters/primetime,,2026,
10/12/2026,4:15 PM,SIFF Cinema Uptown,Primetime,110,None,https://www.siff.net/images/CINEMA/2026/Films%20Jun-Dec/CIN_Primetime_1600x900.png,,,,cinema/in-theaters/primetime,Primetime,yTGWAq6xMl,,https://www.siff.net/cinema/in-theaters/primetime,,2026,
10/13/2026,4:30 PM,SIFF Cinema Uptown,Primetime,110,None,https://www.siff.net/images/CINEMA/2026/Films%20Jun-Dec/CIN_Primetime_1600x900.png,,,,cinema/in-theaters/primetime,Primetime,MStKBDhCaf,,https://www.siff.net/cinema/in-theaters/primetime,,2026,
10/13/2026,7:30 PM,SIFF Cinema Uptown,Primetime,110,None,https://www.siff.net/images/CINEMA/2026/Films%20Jun-Dec/CIN_Primetime_1600x900.png,,,,cinema/in-theaters/primetime,Primetime,E95aV2slcO,,https://www.siff.net/cinema/in-theaters/primetime,,2026,
10/14/2026,4:00 PM,SIFF Cinema Uptown,Primetime,110,None,https://www.siff.net/images/CINEMA/2026/Films%20Jun-Dec/CIN_Primetime_1600x900.png,,,,cinema/in-theaters/primetime,Primetime,1iyd8HUudu,,https://www.siff.net/cinema/in-theaters/primetime,,2026,
10/14/2026,7:00 PM,SIFF Cinema Uptown,Primetime,110,None,https://www.siff.net/images/CINEMA/2026/Films%20Jun-Dec/CIN_Primetime_1600x900.png,,,,cinema/in-theaters/primetime,Primetime,w97krocFMd,,https://www.siff.net/cinema/in-theaters/primetime,,2026,
10/15/2026,4:30 PM,SIFF Cinema Uptown,Primetime,110,None,https://www.siff.net/images/CINEMA/2026/Films%20Jun-Dec/CIN_Primetime_1600x900.png,,,,cinema/in-theaters/primetime,Primetime,ipFNHLCtYy,,https://www.siff.net/cinema/in-theaters/primetime,,2026,
10/10/2026,2:00 PM,SIFF Cinema Uptown,Salome's Last Dance,89,None,https://www.siff.net/images/CINEMA/2026/Films%20Jun-Dec/CIN_SalomesLastDance_1600x900.png,,,,cinema/in-theaters/salomes-last-dance,Salome's Last Dance,ReGLUcv705,,https://www.siff.net/cinema/in-theaters/salomes-last-dance,,1988,
10/10/2026,7:00 PM,SIFF Cinema Uptown,The Blue Rose: Part II,60,None,https://www.siff.net/images/CINEMA/2026/Rentals/Rentals%20Jun%20-%20Dec%202026/REN_TheBlueRoseP2_1600x900.png,,,,cinema/in-theaters/the-blue-rose-part-ii,The Blue Rose: Part II,oZRTFEHEfH,,https://www.siff.net/cinema/in-theaters/the-blue-rose-part-ii,,2026,
10/08/2026,7:15 PM,SIFF Cinema Uptown,The History of Concrete,101,None,https://www.siff.net/images/CINEMA/2026/Films%20Jun-Dec/CIN_HistoryofConcrete_1600x900.png,,,,cinema/in-theaters/the-history-of-concrete,The History of Concrete,8N0qYYNrJC,,https://www.siff.net/cinema/in-theaters/the-history-of-concrete,,2026,
10/09/2026,7:15 PM,SIFF Cinema Downtown,The History of Concrete,101,None,https://www.siff.net/images/CINEMA/2026/Films%20Jun-Dec/CIN_HistoryofConcrete_1600x900.png,,,,cinema/in-theaters/the-history-of-concrete,The History of Concrete,ExvQoGQNrL,,https://www.siff.net/cinema/in-theaters/the-history-of-concrete,,2026,
10/10/2026,4:40 PM,SIFF Cinema Downtown,The History of Concrete,101,None,https://www.siff.net/images/CINEMA/2026/Films%20Jun-Dec/CIN_HistoryofConcrete_1600x900.png,,,,cinema/in-theaters/the-history-of-concrete,The History of Concrete,HA3AKHstH7,,https://www.siff.net/cinema/in-theaters/the-history-of-concrete,,2026,
10/11/2026,12:45 PM,SIFF Cinema Downtown,The History of Concrete,101,None,https://www.siff.net/images/CINEMA/2026/Films%20Jun-Dec/CIN_HistoryofConcrete_1600x900.png,,,,cinema/in-theaters/the-history-of-concrete,The History of Concrete,HFk9H3QKKn,,https://www.siff.net/cinema/in-theaters/the-history-of-concrete,,2026,
10/11/2026,3:40 PM,SIFF Cinema Downtown,The History of Concrete,101,None,https://www.siff.net/images/CINEMA/2026/Films%20Jun-Dec/CIN_HistoryofConcrete_1600x900.png,,,,cinema/in-theaters/the-history-of-concrete,The History of Concrete,gna22pYktK,,https://www.siff.net/cinema/in-theaters/the-history-of-concrete,,2026,
10/13/2026,4:30 PM,SIFF Cinema Downtown,The History of Concrete,101,None,https://www.siff.net/images/CINEMA/2026/Films%20Jun-Dec/CIN_HistoryofConcrete_1600x900.png,,,,cinema/in-theaters/the-history-of-concrete,The History of Concrete,eRa8V6gY48,,https://www.siff.net/cinema/in-theaters/the-history-of-concrete,,2026,
10/14/2026,7:30 PM,SIFF Cinema Downtown,The History of Concrete,101,None,https://www.siff.net/images/CINEMA/2026/Films%20Jun-Dec/CIN_HistoryofConcrete_1600x900.png,,,,cinema/in-theaters/the-history-of-concrete,The History of Concrete,7MyqXuNjPq,,https://www.siff.net/cinema/in-theaters/the-history-of-concrete,,2026,
10/09/2026,7:00 PM,SIFF Film Center,The Scout,89,None,https://www.siff.net/images/CINEMA/2026/Films%20Jun-Dec/CIN_TheScout_1600x900.png,,,,cinema/in-theaters/the-scout,The Scout,DdOltqSaL4,,https://www.siff.net/cinema/in-theaters/the-scout,,2025,
10/10/2026,4:30 PM,SIFF Film Center,The Scout,89,None,https://www.siff.net/images/CINEMA/2026/Films%20Jun-Dec/CIN_TheScout_1600x900.png,,,,cinema/in-theaters/the-scout,The Scout,YfOi5QaIgv,,https://www.siff.net/cinema/in-theaters/the-scout,,2025,
10/10/2026,6:45 PM,SIFF Film Center,The Scout,89,None,https://www.siff.net/images/CINEMA/2026/Films%20Jun-Dec/CIN_TheScout_1600x900.png,,,,cinema/in-theaters/the-scout,The Scout,duKpQgU6iu,,https://www.siff.net/cinema/in-theaters/the-scout,,2025,
10/11/2026,4:30 PM,SIFF Film Center,The Scout,89,None,https://www.siff.net/images/CINEMA/2026/Films%20Jun-Dec/CIN_TheScout_1600x900.png,,,,cinema/in-theaters/the-scout,The Scout,4suF2SJP2h,,https://www.siff.net/cinema/in-theaters/the-scout,,2025,
10/11/2026,6:45 PM,SIFF Film Center,The Scout,89,None,https://www.siff.net/images/CINEMA/2026/Films%20Jun-Dec/CIN_TheScout_1600x900.png,,,,cinema/in-theaters/the-scout,The Scout,pdVjZ45QCn,,https://www.siff.net/cinema/in-theaters/the-scout,,2025,
10/08/2026,4:45 PM,SIFF Cinema Uptown,Unzipped,73,None,https://www.siff.net/images/CINEMA/2026/Films%20Jun-Dec/CIN_Unzipped_1600x900.png,,,,cinema/in-theaters/unzipped,Unzipped,U8ZNgUoNpe,,https://www.siff.net/cinema/in-theaters/unzipped,,1995,
10/08/2026,7:00 PM,SIFF Cinema Uptown,Unzipped,73,None,https://www.siff.net/images/CINEMA/2026/Films%20Jun-Dec/CIN_Unzipped_1600x900.png,,,,cinema/in-theaters/unzipped,Unzipped,Ys2I0HCdFl,,https://www.siff.net/cinema/in-theaters/unzipped,,1995,
10/15/2026,7:30 PM,SIFF Cinema Downtown,Whalefall,106,None,https://www.siff.net/images/CINEMA/2026/Films%20Jun-Dec/CIN_Whalefall_1600x900.png,,,,cinema/in-theaters/whalefall,Whalefall,vDDJCK8UMn,,https://www.siff.net/cinema/in-theaters/whalefall,,2026,
10/16/2026,4:40 PM,SIFF Cinema Downtown,Whalefall,106,None,https://www.siff.net/images/CINEMA/2026/Films%20Jun-Dec/CIN_Whalefall_1600x900.png,,,,cinema/in-theaters/whalefall,Whalefall,Vrh8EPkt6l,,https://www.siff.net/cinema/in-theaters/whalefall,,2026,
10/16/2026,7:30 PM,SIFF Cinema Downtown,Whalefall,106,None,https://www.siff.net/images/CINEMA/2026/Films%20Jun-Dec/CIN_Whalefall_1600x900.png,,,,cinema/in-theaters/whalefall,Whalefall,wGF29cZmJ1,,https://www.siff.net/cinema/in-theaters/whalefall,,2026,
10/17/2026,11:00 AM,SIFF Cinema Downtown,Whalefall,106,None,https://www.siff.net/images/CINEMA/2026/Films%20Jun-Dec/CIN_Whalefall_1600x900.png,,,,cinema/in-theaters/whalefall,Whalefall,KxUNNIK3XG,,https://www.siff.net/cinema/in-theaters/whalefall,,2026,
10/17/2026,1:50 PM,SIFF Cinema Downtown,Whalefall,106,None,https://www.siff.net/images/CINEMA/2026/Films%20Jun-Dec/CIN_Whalefall_1600x900.png,,,,cinema/in-theaters/whalefall,Whalefall,BHegAjh6lc,,https://www.siff.net/cinema/in-theaters/whalefall,,2026,
10/17/2026,4:40 PM,SIFF Cinema Downtown,Whalefall,106,None,https://www.siff.net/images/CINEMA/2026/Films%20Jun-Dec/CIN_Whalefall_1600x900.png,,,,cinema/in-theaters/whalefall,Whalefall,mKxJei5l0r,,https://www.siff.net/cinema/in-theaters/whalefall,,2026,
10/17/2026,7:30 PM,SIFF Cinema Downtown,Whalefall,106,None,https://www.siff.net/images/CINEMA/2026/Films%20Jun-Dec/CIN_Whalefall_1600x900.png,,,,cinema/in-theaters/whalefall,Whalefall,1G8KBdFfCf,,https://www.siff.net/cinema/in-theaters/whalefall,,2026,
10/18/2026,1:50 PM,SIFF Cinema Downtown,Whalefall,106,None,https://www.siff.net/images/CINEMA/2026/Films%20Jun-Dec/CIN_Whalefall_1600x900.png,,,,cinema/in-theaters/whalefall,Whalefall,Jk5n9ov1yY,,https://www.siff.net/cinema/in-theaters/whalefall,,2026,
10/18/2026,4:40 PM,SIFF Cinema Downtown,Whalefall,106,None,https://www.siff.net/images/CINEMA/2026/Films%20Jun-Dec/CIN_Whalefall_1600x900.png,,,,cinema/in-theaters/whalefall,Whalefall,OxhU5asXo1,,https://www.siff.net/cinema/in-theaters/whalefall,,2026,
10/18/2026,7:30 PM,SIFF Cinema Downtown,Whalefall,106,None,https://www.siff.net/images/CINEMA/2026/Films%20Jun-Dec/CIN_Whalefall_1600x900.png,,,,cinema/in-theaters/whalefall,Whalefall,FKAYE6iwER,,https://www.siff.net/cinema/in-theaters/whalefall,,2026,
10/19/2026,4:40 PM,SIFF Cinema Downtown,Whalefall,106,None,https://www.siff.net/images/CINEMA/2026/Films%20Jun-Dec/CIN_Whalefall_1600x900.png,,,,cinema/in-theaters/whalefall,Whalefall,QZoGOqJPm1,,https://www.siff.net/cinema/in-theaters/whalefall,,2026,
10/19/2026,7:30 PM,SIFF Cinema Downtown,Whalefall,106,None,https://www.siff.net/images/CINEMA/2026/Films%20Jun-Dec/CIN_Whalefall_1600x900.png,,,,cinema/in-theaters/whalefall,Whalefall,iuGJDGxySl,,https://www.siff.net/cinema/in-theaters/whalefall,,2026,
10/20/2026,4:40 PM,SIFF Cinema Downtown,Whalefall,106,None,https://www.siff.net/images/CINEMA/2026/Films%20Jun-Dec/CIN_Whalefall_1600x900.png,,,,cinema/in-theaters/whalefall,Whalefall,ab6SkDrqIp,,https://www.siff.net/cinema/in-theaters/whalefall,,2026,
10/20/2026,7:30 PM,SIFF Cinema Downtown,Whalefall,106,None,https://www.siff.net/images/CINEMA/2026/Films%20Jun-Dec/CIN_Whalefall_1600x900.png,,,,cinema/in-theaters/whalefall,Whalefall,YW97DRaR2e,,https://www.siff.net/cinema/in-theaters/whalefall,,2026,
10/21/2026,4:40 PM,SIFF Cinema Downtown,Whalefall,106,None,https://www.siff.net/images/CINEMA/2026/Films%20Jun-Dec/CIN_Whalefall_1600x900.png,,,,cinema/in-theaters/whalefall,Whalefall,eBo7M3fgXZ,,https://www.siff.net/cinema/in-theaters/whalefall,,2026,
10/21/2026,7:30 PM,SIFF Cinema Downtown,Whalefall,106,None,https://www.siff.net/images/CINEMA/2026/Films%20Jun-Dec/CIN_Whalefall_1600x900.png,,,,cinema/in-theaters/whalefall,Whalefall,upG47sSHwC,,https://www.siff.net/cinema/in-theaters/whalefall,,2026,
10/22/2026,4:40 PM,SIFF Cinema Downtown,Whalefall,106,None,https://www.siff.net/images/CINEMA/2026/Films%20Jun-Dec/CIN_Whalefall_1600x900.png,,,,cinema/in-theaters/whalefall,Whalefall,nfIGLiC025,,https://www.siff.net/cinema/in-theaters/whalefall,,2026,
10/22/2026,7:30 PM,SIFF Cinema Downtown,Whalefall,106,None,https://www.siff.net/images/CINEMA/2026/Films%20Jun-Dec/CIN_Whalefall_1600x900.png,,,,cinema/in-theaters/whalefall,Whalefall,h8awAPD6B9,,https://www.siff.net/cinema/in-theaters/whalefall,,2026,
10/23/2026,4:40 PM,SIFF Cinema Downtown,Whalefall,106,None,https://www.siff.net/images/CINEMA/2026/Films%20Jun-Dec/CIN_Whalefall_1600x900.png,,,,cinema/in-theaters/whalefall,Whalefall,2h0QRnWDrJ,,https://www.siff.net/cinema/in-theaters/whalefall,,2026,
10/23/2026,7:30 PM,SIFF Cinema Downtown,Whalefall,106,None,https://www.siff.net/images/CINEMA/2026/Films%20Jun-Dec/CIN_Whalefall_1600x900.png,,,,cinema/in-theaters/whalefall,Whalefall,1BGT9XNcH5,,https://www.siff.net/cinema/in-theaters/whalefall,,2026,
10/24/2026,11:00 AM,SIFF Cinema Downtown,Whalefall,106,None,https://www.siff.net/images/CINEMA/2026/Films%20Jun-Dec/CIN_Whalefall_1600x900.png,,,,cinema/in-theaters/whalefall,Whalefall,AYaaPnTe8G,,https://www.siff.net/cinema/in-theaters/whalefall,,2026,
10/24/2026,2:00 PM,SIFF Cinema Downtown,Whalefall,106,None,https://www.siff.net/images/CINEMA/2026/Films%20Jun-Dec/CIN_Whalefall_1600x900.png,,,,cinema/in-theaters/whalefall,Whalefall,VuosqmQKZ8,,https://www.siff.net/cinema/in-theaters/whalefall,,2026,
10/24/2026,5:00 PM,SIFF Cinema Downtown,Whalefall,106,None,https://www.siff.net/images/CINEMA/2026/Films%20Jun-Dec/CIN_Whalefall_1600x900.png,,,,cinema/in-theaters/whalefall,Whalefall,eGqAkErlgd,,https://www.siff.net/cinema/in-theaters/whalefall,,2026,
10/24/2026,8:00 PM,SIFF Cinema Downtown,Whalefall,106,None,https://www.siff.net/images/CINEMA/2026/Films%20Jun-Dec/CIN_Whalefall_1600x900.png,,,,cinema/in-theaters/whalefall,Whalefall,7vWqn3T8NY,,https://www.siff.net/cinema/in-theaters/whalefall,,2026,
10/25/2026,12:00 PM,SIFF Cinema Downtown,Whalefall,106,None,https://www.siff.net/images/CINEMA/2026/Films%20Jun-Dec/CIN_Whalefall_1600x900.png,,,,cinema/in-theaters/whalefall,Whalefall,sNrbDratrG,,https://www.siff.net/cinema/in-theaters/whalefall,,2026,
10/25/2026,3:00 PM,SIFF Cinema Downtown,Whalefall,106,None,https://www.siff.net/images/CINEMA/2026/Films%20Jun-Dec/CIN_Whalefall_1600x900.png,,,,cinema/in-theaters/whalefall,Whalefall,SqXkCIx8ak,,https://www.siff.net/cinema/in-theaters/whalefall,,2026,
10/25/2026,6:00 PM,SIFF Cinema Downtown,Whalefall,106,None,https://www.siff.net/images/CINEMA/2026/Films%20Jun-Dec/CIN_Whalefall_1600x900.png,,,,cinema/in-theaters/whalefall,Whalefall,IQrR2cjPAc,,https://www.siff.net/cinema/in-theaters/whalefall,,2026,
10/23/2026,4:00 PM,SIFF Cinema Uptown,Wicker,105,None,https://www.siff.net/images/CINEMA/2026/Rentals/Rentals%20Jun%20-%20Dec%202026/CIN_Wicker_1600x900.png,,,,cinema/in-theaters/wicker,Wicker,EeEU13bZwt,,https://www.siff.net/cinema/in-theaters/wicker,,2026,
10/23/2026,7:30 PM,SIFF Cinema Uptown,Wicker,105,None,https://www.siff.net/images/CINEMA/2026/Rentals/Rentals%20Jun%20-%20Dec%202026/CIN_Wicker_1600x900.png,,,,cinema/in-theaters/wicker,Wicker,IsIFfJt3hp,,https://www.siff.net/cinema/in-theaters/wicker,,2026,
10/24/2026,1:00 PM,SIFF Cinema Uptown,Wicker,105,None,https://www.siff.net/images/CINEMA/2026/Rentals/Rentals%20Jun%20-%20Dec%202026/CIN_Wicker_1600x900.png,,,,cinema/in-theaters/wicker,Wicker,fEsCKxaCuI,,https://www.siff.net/cinema/in-theaters/wicker,,2026,
10/24/2026,4:10 PM,SIFF Cinema Uptown,Wicker,105,None,https://www.siff.net/images/CINEMA/2026/Rentals/Rentals%20Jun%20-%20Dec%202026/CIN_Wicker_1600x900.png,,,,cinema/in-theaters/wicker,Wicker,j2nMR4mbmu,,https://www.siff.net/cinema/in-theaters/wicker,,2026,
10/24/2026,7:45 PM,SIFF Cinema Uptown,Wicker,105,None,https://www.siff.net/images/CINEMA/2026/Rentals/Rentals%20Jun%20-%20Dec%202026/CIN_Wicker_1600x900.png,,,,cinema/in-theaters/wicker,Wicker,kjPQlTJiyd,,https://www.siff.net/cinema/in-theaters/wicker,,2026,
10/25/2026,1:00 PM,SIFF Cinema Uptown,Wicker,105,None,https://www.siff.net/images/CINEMA/2026/Rentals/Rentals%20Jun%20-%20Dec%202026/CIN_Wicker_1600x900.png,,,,cinema/in-theaters/wicker,Wicker,VUZG1IZfcT,,https://www.siff.net/cinema/in-theaters/wicker,,2026,
10/25/2026,4:10 PM,SIFF Cinema Uptown,Wicker,105,None,https://www.siff.net/images/CINEMA/2026/Rentals/Rentals%20Jun%20-%20Dec%202026/CIN_Wicker_1600x900.png,,,,cinema/in-theaters/wicker,Wicker,aSJfRq5Twy,,https://www.siff.net/cinema/in-theaters/wicker,,2026,
10/25/2026,7:45 PM,SIFF Cinema Uptown,Wicker,105,None,https://www.siff.net/images/CINEMA/2026/Rentals/Rentals%20Jun%20-%20Dec%202026/CIN_Wicker_1600x900.png,,,,cinema/in-theaters/wicker,Wicker,o0ABloDqTs,,https://www.siff.net/cinema/in-theaters/wicker,,2026,
10/26/2026,4:00 PM,SIFF Cinema Uptown,Wicker,105,None,https://www.siff.net/images/CINEMA/2026/Rentals/Rentals%20Jun%20-%20Dec%202026/CIN_Wicker_1600x900.png,,,,cinema/in-theaters/wicker,Wicker,rFytIAls6e,,https://www.siff.net/cinema/in-theaters/wicker,,2026,
10/26/2026,7:45 PM,SIFF Cinema Uptown,Wicker,105,None,https://www.siff.net/images/CINEMA/2026/Rentals/Rentals%20Jun%20-%20Dec%202026/CIN_Wicker_1600x900.png,,,,cinema/in-theaters/wicker,Wicker,RbPPNNq6Ht,,https://www.siff.net/cinema/in-theaters/wicker,,2026,
10/27/2026,4:00 PM,SIFF Cinema Uptown,Wicker,105,None,https://www.siff.net/images/CINEMA/2026/Rentals/Rentals%20Jun%20-%20Dec%202026/CIN_Wicker_1600x900.png,,,,cinema/in-theaters/wicker,Wicker,v6QIpKX2Mo,,https://www.siff.net/cinema/in-theaters/wicker,,2026,
10/27/2026,7:45 PM,SIFF Cinema Uptown,Wicker,105,None,https://www.siff.net/images/CINEMA/2026/Rentals/Rentals%20Jun%20-%20Dec%202026/CIN_Wicker_1600x900.png,,,,cinema/in-theaters/wicker,Wicker,H1U2LGSmjb,,https://www.siff.net/cinema/in-theaters/wicker,,2026,
10/28/2026,4:15 PM,SIFF Cinema Uptown,Wicker,105,None,https://www.siff.net/images/CINEMA/2026/Rentals/Rentals%20Jun%20-%20Dec%202026/CIN_Wicker_1600x900.png,,,,cinema/in-theaters/wicker,Wicker,rUoQQqyfAm,,https://www.siff.net/cinema/in-theaters/wicker,,2026,
10/28/2026,7:45 PM,SIFF Cinema Uptown,Wicker,105,None,https://www.siff.net/images/CINEMA/2026/Rentals/Rentals%20Jun%20-%20Dec%202026/CIN_Wicker_1600x900.png,,,,cinema/in-theaters/wicker,Wicker,M66HloD0UC,,https://www.siff.net/cinema/in-theaters/wicker,,2026,
10/29/2026,4:00 PM,SIFF Cinema Uptown,Wicker,105,None,https://www.siff.net/images/CINEMA/2026/Rentals/Rentals%20Jun%20-%20Dec%202026/CIN_Wicker_1600x900.png,,,,cinema/in-theaters/wicker,Wicker,bqkKndj1mx,,https://www.siff.net/cinema/in-theaters/wicker,,2026,
10/29/2026,7:45 PM,SIFF Cinema Uptown,Wicker,105,None,https://www.siff.net/images/CINEMA/2026/Rentals/Rentals%20Jun%20-%20Dec%202026/CIN_Wicker_1600x900.png,,,,cinema/in-theaters/wicker,Wicker,8d0LL4Jw2l,,https://www.siff.net/cinema/in-theaters/wicker,,2026,
10/16/2026,3:00 PM,SIFF Cinema Uptown,You Can See Everything,175,None,https://www.siff.net/images/CINEMA/2026/Films%20Jun-Dec/CIN_YouCanSeeEverything_1600x900.png,,,,cinema/in-theaters/you-can-see-everything,You Can See Everything,gxWycM0kD8,,https://www.siff.net/cinema/in-theaters/you-can-see-everything,,2026,
10/16/2026,6:45 PM,SIFF Cinema Uptown,You Can See Everything,175,None,https://www.siff.net/images/CINEMA/2026/Films%20Jun-Dec/CIN_YouCanSeeEverything_1600x900.png,,,,cinema/in-theaters/you-can-see-everything,You Can See Everything,IOtai67XCB,,https://www.siff.net/cinema/in-theaters/you-can-see-everything,,2026,
10/17/2026,11:00 AM,SIFF Cinema Uptown,You Can See Everything,175,None,https://www.siff.net/images/CINEMA/2026/Films%20Jun-Dec/CIN_YouCanSeeEverything_1600x900.png,,,,cinema/in-theaters/you-can-see-everything,You Can See Everything,MHR1TJIUIh,,https://www.siff.net/cinema/in-theaters/you-can-see-everything,,2026,
10/17/2026,3:00 PM,SIFF Cinema Uptown,You Can See Everything,175,None,https://www.siff.net/images/CINEMA/2026/Films%20Jun-Dec/CIN_YouCanSeeEverything_1600x900.png,,,,cinema/in-theaters/you-can-see-everything,You Can See Everything,AZShk6hYgM,,https://www.siff.net/cinema/in-theaters/you-can-see-everything,,2026,
10/17/2026,7:00 PM,SIFF Cinema Uptown,You Can See Everything,175,None,https://www.siff.net/images/CINEMA/2026/Films%20Jun-Dec/CIN_YouCanSeeEverything_1600x900.png,,,,cinema/in-theaters/you-can-see-everything,You Can See Everything,yDPKKOcKGb,,https://www.siff.net/cinema/in-theaters/you-can-see-everything,,2026,
10/18/2026,12:00 PM,SIFF Cinema Uptown,You Can See Everything,175,None,https://www.siff.net/images/CINEMA/2026/Films%20Jun-Dec/CIN_YouCanSeeEverything_1600x900.png,,,,cinema/in-theaters/you-can-see-everything,You Can See Everything,78b1DmKXsX,,https://www.siff.net/cinema/in-theaters/you-can-see-everything,,2026,
10/18/2026,2:00 PM,SIFF Cinema Uptown,You Can See Everything,175,None,https://www.siff.net/images/CINEMA/2026/Films%20Jun-Dec/CIN_YouCanSeeEverything_1600x900.png,,,,cinema/in-theaters/you-can-see-everything,You Can See Everything,OZsw3dAqc0,,https://www.siff.net/cinema/in-theaters/you-can-see-everything,,2026,
10/18/2026,6:00 PM,SIFF Cinema Uptown,You Can See Everything,175,None,https://www.siff.net/images/CINEMA/2026/Films%20Jun-Dec/CIN_YouCanSeeEverything_1600x900.png,,,,cinema/in-theaters/you-can-see-everything,You Can See Everything,kD3GFVZppP,,https://www.siff.net/cinema/in-theaters/you-can-see-everything,,2026,
10/19/2026,3:30 PM,SIFF Cinema Uptown,You Can See Everything,175,None,https://www.siff.net/images/CINEMA/2026/Films%20Jun-Dec/CIN_YouCanSeeEverything_1600x900.png,,,,cinema/in-theaters/you-can-see-everything,You Can See Everything,gZaVdygI9Y,,https://www.siff.net/cinema/in-theaters/you-can-see-everything,,2026,
10/19/2026,7:15 PM,SIFF Cinema Uptown,You Can See Everything,175,None,https://www.siff.net/images/CINEMA/2026/Films%20Jun-Dec/CIN_YouCanSeeEverything_1600x900.png,,,,cinema/in-theaters/you-can-see-everything,You Can See Everything,G1TePUjGsc,,https://www.siff.net/cinema/in-theaters/you-can-see-everything,,2026,
10/20/2026,6:45 PM,SIFF Cinema Uptown,You Can See Everything,175,None,https://www.siff.net/images/CINEMA/2026/Films%20Jun-Dec/CIN_YouCanSeeEverything_1600x900.png,,,,cinema/in-theaters/you-can-see-everything,You Can See Everything,1ZV6hdCZpl,,https://www.siff.net/cinema/in-theaters/you-can-see-everything,,2026,
10/21/2026,3:30 PM,SIFF Cinema Uptown,You Can See Everything,175,None,https://www.siff.net/images/CINEMA/2026/Films%20Jun-Dec/CIN_YouCanSeeEverything_1600x900.png,,,,cinema/in-theaters/you-can-see-everything,You Can See Everything,Uw9lbOc6RO,,https://www.siff.net/cinema/in-theaters/you-can-see-everything,,2026,
10/21/2026,6:45 PM,SIFF Cinema Uptown,You Can See Everything,175,None,https://www.siff.net/images/CINEMA/2026/Films%20Jun-Dec/CIN_YouCanSeeEverything_1600x900.png,,,,cinema/in-theaters/you-can-see-everything,You Can See Everything,Op5mu3Pcsw,,https://www.siff.net/cinema/in-theaters/you-can-see-everything,,2026,
10/22/2026,3:30 PM,SIFF Cinema Uptown,You Can See Everything,175,None,https://www.siff.net/images/CINEMA/2026/Films%20Jun-Dec/CIN_YouCanSeeEverything_1600x900.png,,,,cinema/in-theaters/you-can-see-everything,You Can See Everything,WYv85e0RT9,,https://www.siff.net/cinema/in-theaters/you-can-see-everything,,2026,
10/22/2026,7:15 PM,SIFF Cinema Uptown,You Can See Everything,175,None,https://www.siff.net/images/CINEMA/2026/Films%20Jun-Dec/CIN_YouCanSeeEverything_1600x900.png,,,,cinema/in-theaters/you-can-see-everything,You Can See Everything,xnlFM4csRC,,https://www.siff.net/cinema/in-theaters/you-can-see-everything,,2026,
10/23/2026,3:15 PM,SIFF Cinema Uptown,You Can See Everything,175,None,https://www.siff.net/images/CINEMA/2026/Films%20Jun-Dec/CIN_YouCanSeeEverything_1600x900.png,,,,cinema/in-theaters/you-can-see-everything,You Can See Everything,6mRrm1XDVo,,https://www.siff.net/cinema/in-theaters/you-can-see-everything,,2026,
10/23/2026,7:00 PM,SIFF Cinema Uptown,You Can See Everything,175,None,https://www.siff.net/images/CINEMA/2026/Films%20Jun-Dec/CIN_YouCanSeeEverything_1600x900.png,,,,cinema/in-theaters/you-can-see-everything,You Can See Everything,PHxv7VMA38,,https://www.siff.net/cinema/in-theaters/you-can-see-everything,,2026,
10/24/2026,12:15 PM,SIFF Cinema Uptown,You Can See Everything,175,None,https://www.siff.net/images/CINEMA/2026/Films%20Jun-Dec/CIN_YouCanSeeEverything_1600x900.png,,,,cinema/in-theaters/you-can-see-everything,You Can See Everything,wQ2pRjGjGR,,https://www.siff.net/cinema/in-theaters/you-can-see-everything,,2026,
10/24/2026,3:45 PM,SIFF Cinema Uptown,You Can See Everything,175,None,https://www.siff.net/images/CINEMA/2026/Films%20Jun-Dec/CIN_YouCanSeeEverything_1600x900.png,,,,cinema/in-theaters/you-can-see-everything,You Can See Everything,xPYyicOnQF,,https://www.siff.net/cinema/in-theaters/you-can-see-everything,,2026,
10/24/2026,7:00 PM,SIFF Cinema Uptown,You Can See Everything,175,None,https://www.siff.net/images/CINEMA/2026/Films%20Jun-Dec/CIN_YouCanSeeEverything_1600x900.png,,,,cinema/in-theaters/you-can-see-everything,You Can See Everything,4XbCQMfm9U,,https://www.siff.net/cinema/in-theaters/you-can-see-everything,,2026,
10/25/2026,12:15 PM,SIFF Cinema Uptown,You Can See Everything,175,None,https://www.siff.net/images/CINEMA/2026/Films%20Jun-Dec/CIN_YouCanSeeEverything_1600x900.png,,,,cinema/in-theaters/you-can-see-everything,You Can See Everything,6Nhrcg9e1E,,https://www.siff.net/cinema/in-theaters/you-can-see-everything,,2026,
10/25/2026,3:45 PM,SIFF Cinema Uptown,You Can See Everything,175,None,https://www.siff.net/images/CINEMA/2026/Films%20Jun-Dec/CIN_YouCanSeeEverything_1600x900.png,,,,cinema/in-theaters/you-can-see-everything,You Can See Everything,asKpAD2XUp,,https://www.siff.net/cinema/in-theaters/you-can-see-everything,,2026,
10/25/2026,7:00 PM,SIFF Cinema Uptown,You Can See Everything,175,None,https://www.siff.net/images/CINEMA/2026/Films%20Jun-Dec/CIN_YouCanSeeEverything_1600x900.png,,,,cinema/in-theaters/you-can-see-everything,You Can See Everything,8QpPgF7Amd,,https://www.siff.net/cinema/in-theaters/you-can-see-everything,,2026,
10/26/2026,3:45 PM,SIFF Cinema Uptown,You Can See Everything,175,None,https://www.siff.net/images/CINEMA/2026/Films%20Jun-Dec/CIN_YouCanSeeEverything_1600x900.png,,,,cinema/in-theaters/you-can-see-everything,You Can See Everything,SQN64HdAEC,,https://www.siff.net/cinema/in-theaters/you-can-see-everything,,2026,
10/26/2026,7:00 PM,SIFF Cinema Uptown,You Can See Everything,175,None,https://www.siff.net/images/CINEMA/2026/Films%20Jun-Dec/CIN_YouCanSeeEverything_1600x900.png,,,,cinema/in-theaters/you-can-see-everything,You Can See Everything,l13MOFLeUZ,,https://www.siff.net/cinema/in-theaters/you-can-see-everything,,2026,
10/27/2026,3:45 PM,SIFF Cinema Uptown,You Can See Everything,175,None,https://www.siff.net/images/CINEMA/2026/Films%20Jun-Dec/CIN_YouCanSeeEverything_1600x900.png,,,,cinema/in-theaters/you-can-see-everything,You Can See Everything,K0s0qPC5cU,,https://www.siff.net/cinema/in-theaters/you-can-see-everything,,2026,
10/27/2026,7:00 PM,SIFF Cinema Uptown,You Can See Everything,175,None,https://www.siff.net/images/CINEMA/2026/Films%20Jun-Dec/CIN_YouCanSeeEverything_1600x900.png,,,,cinema/in-theaters/you-can-see-everything,You Can See Everything,u7G2ic3Wir,,https://www.siff.net/cinema/in-theaters/you-can-see-everything,,2026,
10/28/2026,3:45 PM,SIFF Cinema Uptown,You Can See Everything,175,None,https://www.siff.net/images/CINEMA/2026/Films%20Jun-Dec/CIN_YouCanSeeEverything_1600x900.png,,,,cinema/in-theaters/you-can-see-everything,You Can See Everything,IVMgQn2By1,,https://www.siff.net/cinema/in-theaters/you-can-see-everything,,2026,
10/29/2026,3:45 PM,SIFF Cinema Uptown,You Can See Everything,175,None,https://www.siff.net/images/CINEMA/2026/Films%20Jun-Dec/CIN_YouCanSeeEverything_1600x900.png,,,,cinema/in-theaters/you-can-see-everything,You Can See Everything,rLVk78r0e8,,https://www.siff.net/cinema/in-theaters/you-can-see-everything,,2026,
10/29/2026,6:45 PM,SIFF Cinema Uptown,You Can See Everything,175,None,https://www.siff.net/images/CINEMA/2026/Films%20Jun-Dec/CIN_YouCanSeeEverything_1600x900.png,,,,cinema/in-theaters/you-can-see-everything,You Can See Everything,4kWOoYmfS7,,https://www.siff.net/cinema/in-theaters/you-can-see-everything,,2026,
10/10/2026,2:00 PM,SIFF Film Center,A Generation,87,None,https://www.siff.net/images/CINEMA/2026/Films%20Jun-Dec/Films%20of%20Andrej%20Wajda/Wajda%20Films%20Images/generation.png,,,,programs-and-events/andrzej-wajda/a-generation,The Films of Andrzej Wajda: A Generation,WwRpwG6kBZ,,https://www.siff.net/programs-and-events/andrzej-wajda/a-generation,A Generation,1954,The Films of Andrzej Wajda
10/17/2026,2:00 PM,SIFF Film Center,Ashes and Diamonds,100,None,https://www.siff.net/images/CINEMA/2026/Films%20Jun-Dec/Films%20of%20Andrej%20Wajda/Wajda%20Films%20Images/ashesdiamonds.png,,,,programs-and-events/andrzej-wajda/ashes-and-diamonds,The Films of Andrzej Wajda: Ashes and Diamonds,nPa8nceJq4,,https://www.siff.net/programs-and-events/andrzej-wajda/ashes-and-diamonds,Ashes and Diamonds,1958,The Films of Andrzej Wajda
10/18/2026,2:00 PM,SIFF Film Center,Everything for Sale,99,None,https://www.siff.net/images/CINEMA/2026/Films%20Jun-Dec/Films%20of%20Andrej%20Wajda/Wajda%20Films%20Images/everythingforsale.png,,,,programs-and-events/andrzej-wajda/everything-for-sale,The Films of Andrzej Wajda: Everything for Sale,0KSpN0cWOf,,https://www.siff.net/programs-and-events/andrzej-wajda/everything-for-sale,Everything for Sale,1969,The Films of Andrzej Wajda
10/11/2026,2:00 PM,SIFF Film Center,Kanał,96,None,https://www.siff.net/images/CINEMA/2026/Films%20Jun-Dec/Films%20of%20Andrej%20Wajda/Wajda%20Films%20Images/kanal.png,,,,programs-and-events/andrzej-wajda/kanał,The Films of Andrzej Wajda: Kanał,3M9ikyH8RW,,https://www.siff.net/programs-and-events/andrzej-wajda/kanał,Kanał,1957,The Films of Andrzej Wajda
11/08/2026,2:00 PM,SIFF Film Center,Man of Marble,161,None,https://www.siff.net/images/CINEMA/2026/Films%20Jun-Dec/Films%20of%20Andrej%20Wajda/Wajda%20Films%20Images/manofmarble.png,,,,programs-and-events/andrzej-wajda/man-of-marble,The Films of Andrzej Wajda: Man of Marble,h7ORyjpS6G,,https://www.siff.net/programs-and-events/andrzej-wajda/man-of-marble,Man of Marble,1976,The Films of Andrzej Wajda
11/01/2026,2:00 PM,SIFF Film Center,The Birch Wood,99,None,https://www.siff.net/images/CINEMA/2026/Films%20Jun-Dec/Films%20of%20Andrej%20Wajda/Wajda%20Films%20Images/birchwood.png,,,,programs-and-events/andrzej-wajda/the-birch-wood,The Films of Andrzej Wajda: The Birch Wood,bHuLD81pUY,,https://www.siff.net/programs-and-events/andrzej-wajda/the-birch-wood,The Birch Wood,1970,The Films of Andrzej Wajda
11/07/2026,2:00 PM,SIFF Film Center,The Promised Land,169,None,https://www.siff.net/images/CINEMA/2026/Films%20Jun-Dec/Films%20of%20Andrej%20Wajda/Wajda%20Films%20Images/promisedland.png,,,,programs-and-events/andrzej-wajda/the-promised-land,The Films of Andrzej Wajda: The Promised Land,knchSlP75J,,https://www.siff.net/programs-and-events/andrzej-wajda/the-promised-land,The Promised Land,1974,The Films of Andrzej Wajda
10/31/2026,2:00 PM,SIFF Film Center,The Wedding,103,None,https://www.siff.net/images/CINEMA/2026/Films%20Jun-Dec/Films%20of%20Andrej%20Wajda/Wajda%20Films%20Images/wedding.png,,,,programs-and-events/andrzej-wajda/the-wedding,The Films of Andrzej Wajda: The Wedding,3IkXE1R5hL,,https://www.siff.net/programs-and-events/andrzej-wajda/the-wedding,The Wedding,1972,The Films of Andrzej Wajda
11/15/2026,11:00 AM,SIFF Cinema Downtown,Community Screening: Auntie Mame,145,None,https://www.siff.net/images/CINEMA/2026/Films%20Jun-Dec/Community%20Screenings/Auntiemame.png,,,,programs-and-events/community-screenings/auntie-mame,Community Screening: Auntie Mame,HDtjeZXJwb,,https://www.siff.net/programs-and-events/community-screenings/auntie-mame,,1958,Community Screenings
10/18/2026,11:00 AM,SIFF Cinema Downtown,Community Screening: Casablanca,102,None,https://www.siff.net/images/CINEMA/2026/Films%20Jun-Dec/Community%20Screenings/Casablanca.png,,,,programs-and-events/community-screenings/casablanca,Community Screening: Casablanca,knIVmA6eCc,,https://www.siff.net/programs-and-events/community-screenings/casablanca,,1942,Community Screenings
12/13/2026,11:00 AM,SIFF Cinema Downtown,Community Screening: Singin’ In the Rain,103,None,https://www.siff.net/images/CINEMA/2025/Film%20Jun-Dec/CIN_SinginintheRain_1600x900.jpg,,,,programs-and-events/community-screenings/singin-in-the-rain-cs,Community Screening: Singin’ In the Rain,Kg6YB4Gxet,,https://www.siff.net/programs-and-events/community-screenings/singin-in-the-rain-cs,,1952,Community Screenings
11/04/2026,7:30 PM,SIFF Cinema Uptown,A Man and a Woman (60th Anniversary),102,None,https://www.siff.net/images/CINEMA/2026/Nouvelles%20Femmes/manandawoman.png,,,,programs-and-events/nouvelles-femmes/a-man-and-a-woman,Nouvelles Femmes: A Man and a Woman (60th Anniversary),ymZEn68mqm,,https://www.siff.net/programs-and-events/nouvelles-femmes/a-man-and-a-woman,A Man and a Woman (60th Anniversary),1966,Nouvelles Femmes
10/21/2026,7:30 PM,SIFF Cinema Uptown,Band of Outsiders,95,None,https://www.siff.net/images/CINEMA/2026/Nouvelles%20Femmes/bandofoutsiders.png,,,,programs-and-events/nouvelles-femmes/band-of-outsiders,Nouvelles Femmes: Band of Outsiders,PSELB15nrV,,https://www.siff.net/programs-and-events/nouvelles-femmes/band-of-outsiders,Band of Outsiders,1964,Nouvelles Femmes
10/14/2026,7:30 PM,SIFF Cinema Uptown,Le Bonheur (Happiness),80,None,https://www.siff.net/images/CINEMA/2026/Nouvelles%20Femmes/lebonheur.png,,,,programs-and-events/nouvelles-femmes/le-bonheur-(happiness),Nouvelles Femmes: Le Bonheur (Happiness),Enp64v38T5,,https://www.siff.net/programs-and-events/nouvelles-femmes/le-bonheur-(happiness),Le Bonheur (Happiness),1965,Nouvelles Femmes
11/17/2026,7:30 PM,SIFF Cinema Uptown,My Night at Maud’s,105,None,https://www.siff.net/images/CINEMA/2026/Nouvelles%20Femmes/mynightatmauds.png,,,,programs-and-events/nouvelles-femmes/my-night-at-mauds,Nouvelles Femmes: My Night at Maud’s,iFjuR2vZHl,,https://www.siff.net/programs-and-events/nouvelles-femmes/my-night-at-mauds,My Night at Maud’s,1969,Nouvelles Femmes
11/10/2026,7:30 PM,SIFF Cinema Uptown,Pierrot le Fou (35mm),110,None,https://www.siff.net/images/CINEMA/2026/Nouvelles%20Femmes/CIN_PierrotLeFou_1600x900.png,,,,programs-and-events/nouvelles-femmes/pierrot-le-fou,Nouvelles Femmes: Pierrot le Fou (35mm),2Iwpxo12vu,,https://www.siff.net/programs-and-events/nouvelles-femmes/pierrot-le-fou,Pierrot le Fou (35mm),1965,Nouvelles Femmes
10/28/2026,7:30 PM,SIFF Cinema Uptown,Stolen Kisses (35mm),91,None,https://www.siff.net/images/CINEMA/2026/Nouvelles%20Femmes/stolenkisses.png,,,,programs-and-events/nouvelles-femmes/stolen-kisses,Nouvelles Femmes: Stolen Kisses (35mm),HK7dlip3HJ,,https://www.siff.net/programs-and-events/nouvelles-femmes/stolen-kisses,Stolen Kisses (35mm),1968,Nouvelles Femmes
10/14/2026,7:00 PM,SIFF Film Center,Deep Red,127,None,https://www.siff.net/images/CINEMA/2026/Films%20Jun-Dec/Scarecrowber%202026/CIN_DeepRed_1600x900.png,,,,programs-and-events/scarecrowber-2026/deep-red,Scarecrowber: Deep Red,vvOceCdcwv,,https://www.siff.net/programs-and-events/scarecrowber-2026/deep-red,Deep Red,1975,Scarecrowber
10/28/2026,7:00 PM,SIFF Film Center,Invasion of the Body Snatchers,115,None,https://www.siff.net/images/CINEMA/2026/Films%20Jun-Dec/Scarecrowber%202026/CIN_InvasionoftheBodySnatchersS_1600x900.png,,,,programs-and-events/scarecrowber-2026/invasion-of-the-body-snatchers,Scarecrowber: Invasion of the Body Snatchers,9DhXobTwDt,,https://www.siff.net/programs-and-events/scarecrowber-2026/invasion-of-the-body-snatchers,Invasion of the Body Snatchers,1978,Scarecrowber
10/21/2026,7:00 PM,SIFF Film Center,Ringu,96,None,https://www.siff.net/images/CINEMA/2026/Films%20Jun-Dec/Scarecrowber%202026/CIN_Ringu_1600x900.png,,,,programs-and-events/scarecrowber-2026/ringu,Scarecrowber: Ringu,YjQQbUh29l,,https://www.siff.net/programs-and-events/scarecrowber-2026/ringu,Ringu,1998,Scarecrowber
10/11/2026,3:30 PM,SIFF Cinema Uptown,Carrie (50th Anniversary),98,None,https://www.siff.net/images/CINEMA/2026/Films%20Jun-Dec/SIFF%20Book%20Club/CIN_SBC_Carrie_1600x900.png,,,,programs-and-events/siff-book-club/carrie,SIFF Book Club: Carrie (50th Anniversary),XLAEPL8Pc2,,https://www.siff.net/programs-and-events/siff-book-club/carrie,Carrie (50th Anniversary),1976,SIFF Book Club
01/11/2027,6:30 PM,SIFF Cinema Uptown,"20,000 Species of Bees",125,None,https://www.siff.net/images/FESTIVAL/2023/Films/Features/20000SpeciesofBees.jpg,,,,programs-and-events/siff-movie-club/20000-species-of-bees,"SIFF Movie Club: 20,000 Species of Bees",agopS0h9fs,,https://www.siff.net/programs-and-events/siff-movie-club/20000-species-of-bees,"20,000 Species of Bees",2023,SIFF Movie Club
12/07/2026,6:30 PM,SIFF Cinema Uptown,Damnation,116,None,https://www.siff.net/images/CINEMA/2026/Films%20Jun-Dec/SMC/CIN_SMC_Damnation_1600x900.png,,,,programs-and-events/siff-movie-club/damnation,SIFF Movie Club: Damnation,BD8AgxDk8B,,https://www.siff.net/programs-and-events/siff-movie-club/damnation,Damnation,1988,SIFF Movie Club
03/08/2027,6:30 PM,SIFF Cinema Uptown,Days of Heaven,94,None,https://www.siff.net/images/CINEMA/2026/Films%20Jun-Dec/SMC/CIN_SMC_DaysofHeaven_1600x900.png,,,,programs-and-events/siff-movie-club/days-of-heaven,SIFF Movie Club: Days of Heaven,VDVctq9lJF,,https://www.siff.net/programs-and-events/siff-movie-club/days-of-heaven,Days of Heaven,1978,SIFF Movie Club
10/12/2026,6:30 PM,SIFF Cinema Uptown,Ginger Snaps,108,None,https://www.siff.net/images/CINEMA/2026/Films%20Jun-Dec/SMC/CIN_SMC_GingerSnaps_1600x900.png,,,,programs-and-events/siff-movie-club/ginger-snaps,SIFF Movie Club: Ginger Snaps,9WE2YUelBy,,https://www.siff.net/programs-and-events/siff-movie-club/ginger-snaps,Ginger Snaps,2000,SIFF Movie Club
04/05/2027,6:30 PM,SIFF Cinema Uptown,Mary and Max (35mm),92,None,https://www.siff.net/images/CINEMA/2026/Films%20Jun-Dec/SMC/CIN__SMC_MaryandMax_1600x900.png,,,,programs-and-events/siff-movie-club/mary-and-max,SIFF Movie Club: Mary and Max (35mm),sl1aGQXjh8,,https://www.siff.net/programs-and-events/siff-movie-club/mary-and-max,Mary and Max (35mm),2009,SIFF Movie Club
05/03/2027,6:30 PM,SIFF Cinema Uptown,Midnight (35mm),94,None,https://www.siff.net/images/CINEMA/2026/Films%20Jun-Dec/SMC/CIN_SMC_Midnight2_1600x900.png,,,,programs-and-events/siff-movie-club/midnight,SIFF Movie Club: Midnight (35mm),R5cKrfeROV,,https://www.siff.net/programs-and-events/siff-movie-club/midnight,Midnight (35mm),1939,SIFF Movie Club
11/09/2026,6:30 PM,SIFF Cinema Uptown,The Discreet Charm of the Bourgeoisie,102,None,https://www.siff.net/images/CINEMA/2026/Films%20Jun-Dec/SMC/CIN_SMC_DiscreetCharm_1600x900.png,,,,programs-and-events/siff-movie-club/the-discreet-charm-of-the-bourgeoisie,SIFF Movie Club: The Discreet Charm of the Bourgeoisie,raujo4vZk7,,https://www.siff.net/programs-and-events/siff-movie-club/the-discreet-charm-of-the-bourgeoisie,The Discreet Charm of the Bourgeoisie,1972,SIFF Movie Club
02/08/2027,6:30 PM,SIFF Cinema Uptown,The Love Witch (35mm),120,None,https://www.siff.net/images/CINEMA/2026/Films%20Jun-Dec/SMC/CIN_SMC_TheLoveWitch3_1600x900.png,,,,programs-and-events/siff-movie-club/the-love-witch,SIFF Movie Club: The Love Witch (35mm),sKVPNPW03K,,https://www.siff.net/programs-and-events/siff-movie-club/the-love-witch,The Love Witch (35mm),2016,SIFF Movie Club
12/03/2026,7:00 PM,SIFF Cinema Uptown,Beavis and Butt-Head Do America (35mm),81,None,https://www.siff.net/images/CINEMA/2026/Films%20Jun-Dec/The%20Open%20Road/CIN_BeavisButthead2_1600x900.png,,,,programs-and-events/the-open-road/beavis-and-butt-head-do-america,The Open Road: Beavis and Butt-Head Do America (35mm),VtN4Vm440u,,https://www.siff.net/programs-and-events/the-open-road/beavis-and-butt-head-do-america,Beavis and Butt-Head Do America (35mm),1996,The Open Road
11/12/2026,7:00 PM,SIFF Film Center,Candy Mountain (35mm),103,None,https://www.siff.net/images/CINEMA/2026/Films%20Jun-Dec/The%20Open%20Road/candymountain.png,,,,programs-and-events/the-open-road/candy-mountain,The Open Road: Candy Mountain (35mm),WDJuvbJC5Y,,https://www.siff.net/programs-and-events/the-open-road/candy-mountain,Candy Mountain (35mm),1987,The Open Road
10/08/2026,7:00 PM,SIFF Film Center,Kikujiro (35mm),121,None,https://www.siff.net/images/CINEMA/2026/Films%20Jun-Dec/The%20Open%20Road/CIN_Kikujiro2_1600x900.png,,,,programs-and-events/the-open-road/kikujiro,The Open Road: Kikujiro (35mm),sIu42gQjlr,,https://www.siff.net/programs-and-events/the-open-road/kikujiro,Kikujiro (35mm),1999,The Open Road
11/22/2026,12:30 PM,SIFF Film Center,Route One/USA,254,None,https://www.siff.net/images/CINEMA/2026/Films%20Jun-Dec/The%20Open%20Road/routeoneusa.png,,,,programs-and-events/the-open-road/route-one/usa,The Open Road: Route One/USA,1nBEutAZS5,,https://www.siff.net/programs-and-events/the-open-road/route-one/usa,Route One/USA,1989,The Open Road
11/23/2026,7:00 PM,SIFF Film Center,Taste of Cherry,99,None,https://www.siff.net/images/CINEMA/2026/Films%20Jun-Dec/The%20Open%20Road/tasteofcherry.png,,,,programs-and-events/the-open-road/taste-of-cherry,The Open Road: Taste of Cherry,TWL0fNdADq,,https://www.siff.net/programs-and-events/the-open-road/taste-of-cherry,Taste of Cherry,1997,The Open Road
11/25/2026,7:00 PM,SIFF Film Center,Taste of Cherry,99,None,https://www.siff.net/images/CINEMA/2026/Films%20Jun-Dec/The%20Open%20Road/tasteofcherry.png,,,,programs-and-events/the-open-road/taste-of-cherry,The Open Road: Taste of Cherry,LkEWyxvEgN,,https://www.siff.net/programs-and-events/the-open-road/taste-of-cherry,Taste of Cherry,1997,The Open Road
10/15/2026,7:00 PM,SIFF Cinema Uptown,The Hitcher (35mm),97,None,https://www.siff.net/images/CINEMA/2026/Films%20Jun-Dec/The%20Open%20Road/hitcher.png,,,,programs-and-events/the-open-road/the-hitcher,The Open Road: The Hitcher (35mm),PxCaq8rbON,,https://www.siff.net/programs-and-events/the-open-road/the-hitcher,The Hitcher (35mm),1986,The Open Road
10/26/2026,7:00 PM,SIFF Film Center,The Passenger (35mm),126,None,https://www.siff.net/images/CINEMA/2026/Films%20Jun-Dec/The%20Open%20Road/passenger.png,,,,programs-and-events/the-open-road/the-passenger,The Open Road: The Passenger (35mm),ekbxeaHxPg,,https://www.siff.net/programs-and-events/the-open-road/the-passenger,The Passenger (35mm),1975,The Open Road
10/29/2026,7:00 PM,SIFF Film Center,The Passenger (35mm),126,None,https://www.siff.net/images/CINEMA/2026/Films%20Jun-Dec/The%20Open%20Road/passenger.png,,,,programs-and-events/the-open-road/the-passenger,The Open Road: The Passenger (35mm),tuSLgkjmTR,,https://www.siff.net/programs-and-events/the-open-road/the-passenger,The Passenger (35mm),1975,The Open Road
11/02/2026,7:00 PM,SIFF Film Center,Two-Lane Blacktop (35mm),102,None,https://www.siff.net/images/CINEMA/2026/Films%20Jun-Dec/The%20Open%20Road/twolaneblacktop.png,,,,programs-and-events/the-open-road/two-lane-blacktop,The Open Road: Two-Lane Blacktop (35mm),3xV7vplVrd,,https://www.siff.net/programs-and-events/the-open-road/two-lane-blacktop,Two-Lane Blacktop (35mm),1971,The Open Road
11/05/2026,7:00 PM,SIFF Film Center,Two-Lane Blacktop (35mm),102,None,https://www.siff.net/images/CINEMA/2026/Films%20Jun-Dec/The%20Open%20Road/twolaneblacktop.png,,,,programs-and-events/the-open-road/two-lane-blacktop,The Open Road: Two-Lane Blacktop (35mm),loiN2EmLUP,,https://www.siff.net/programs-and-events/the-open-road/two-lane-blacktop,Two-Lane Blacktop (35mm),1971,The Open Road
10/19/2026,7:00 PM,SIFF Film Center,Wagon Master (35mm),86,None,https://www.siff.net/images/CINEMA/2026/Films%20Jun-Dec/The%20Open%20Road/wagonmaster.png,,,,programs-and-events/the-open-road/wagon-master,The Open Road: Wagon Master (35mm),FOZVTRtQeC,,https://www.siff.net/programs-and-events/the-open-road/wagon-master,Wagon Master (35mm),1950,The Open Road
10/22/2026,7:00 PM,SIFF Film Center,Wagon Master (35mm),86,None,https://www.siff.net/images/CINEMA/2026/Films%20Jun-Dec/The%20Open%20Road/wagonmaster.png,,,,programs-and-events/the-open-road/wagon-master,The Open Road: Wagon Master (35mm),eiuUYacfjY,,https://www.siff.net/programs-and-events/the-open-road/wagon-master,Wagon Master (35mm),1950,The Open Road
11/16/2026,7:00 PM,SIFF Film Center,Wild Boys of the Road (35mm),67,None,https://www.siff.net/images/CINEMA/2026/Films%20Jun-Dec/The%20Open%20Road/wildboysoftheroad.png,,,,programs-and-events/the-open-road/wild-boys-of-the-road,The Open Road: Wild Boys of the Road (35mm),56gTumlIIe,,https://www.siff.net/programs-and-events/the-open-road/wild-boys-of-the-road,Wild Boys of the Road (35mm),1933,The Open Road
11/19/2026,7:00 PM,SIFF Film Center,Wild Boys of the Road (35mm),67,None,https://www.siff.net/images/CINEMA/2026/Films%20Jun-Dec/The%20Open%20Road/wildboysoftheroad.png,,,,programs-and-events/the-open-road/wild-boys-of-the-road,The Open Road: Wild Boys of the Road (35mm),kHvZDYo213,,https://www.siff.net/programs-and-events/the-open-road/wild-boys-of-the-road,Wild Boys of the Road (35mm),1933,The Open Road
10/17/2026,7:00PM,The Beacon,BEGOTTEN,72,None,None,,,,begotten,BEGOTTEN,HDRZZQ2EUL73VFTLV3577C7J,,https://thebeacon.film/calendar/movie/begotten,,1989,
10/19/2026,7:30PM,The Beacon,BEGOTTEN,72,None,None,,,,begotten,BEGOTTEN,UDODQDHCC5HJMV5F26L4IJZB,,https://thebeacon.film/calendar/movie/begotten,,1989,
10/20/2026,4:30PM,The Beacon,BEGOTTEN,72,None,None,,,,begotten,BEGOTTEN,3UUWOXHOA7U7OIIPDG4RTUXN,,https://thebeacon.film/calendar/movie/begotten,,1989,
10/28/2026,7:30PM,The Beacon,DRACULA OF EXARCHEIA,87,None,None,,,,dracula-of-exarcheia,DRACULA OF EXARCHEIA,RTLGZZXSCPSMIPVTZYCH665F,,https://thebeacon.film/calendar/movie/dracula-of-exarcheia,,1983,
10/29/2026,4:30PM,The Beacon,DRACULA OF EXARCHEIA,87,None,None,,,,dracula-of-exarcheia,DRACULA OF EXARCHEIA,J7UR547QEOE4HKQCZ73RF2AN,,https://thebeacon.film/calendar/movie/dracula-of-exarcheia,,1983,
10/17/2026,10:00PM,The Beacon,"DRACULA, PRISONER OF FRANKENSTEIN",85,None,None,,,,dracula-prisoner-of-frankenstein,"DRACULA, PRISONER OF FRANKENSTEIN",5KNVGNRWGH3MZ5SSYYMJ7RHK,,https://thebeacon.film/calendar/movie/dracula-prisoner-of-frankenstein,,1972,
10/31/2026,7:00PM,The Beacon,FIVE MINUTES TO DIE!,Unknown,None,None,,,,five-minutes-to-die,FIVE MINUTES TO DIE!,SKLNKIDWXYAJIWODKS2XYEQX,,https://thebeacon.film/calendar/movie/five-minutes-to-die,,,
10/20/2026,7:30PM,The Beacon,FLYING EMBERS AND A FORTRESS,96,None,None,,,,flying-embers-and-a-fortress,FLYING EMBERS AND A FORTRESS,XM5BZFTABAUEVPVGANX3WLP3,,https://thebeacon.film/calendar/movie/flying-embers-and-a-fortress,,2024,
10/22/2026,4:30PM,The Beacon,FLYING EMBERS AND A FORTRESS,96,None,None,,,,flying-embers-and-a-fortress,FLYING EMBERS AND A FORTRESS,FHAHPVWFSBDYVK7DYKIOINMY,,https://thebeacon.film/calendar/movie/flying-embers-and-a-fortress,,2024,
10/25/2026,2:00PM,The Beacon,I WALKED WITH A ZOMBIE,69,None,None,,,,i-walked-with-a-zombie,I WALKED WITH A ZOMBIE,JXFI7YYCCFFFXGSVVVUMMDH2,,https://thebeacon.film/calendar/movie/i-walked-with-a-zombie,,1943,
10/26/2026,4:30PM,The Beacon,I WALKED WITH A ZOMBIE,69,None,None,,,,i-walked-with-a-zombie,I WALKED WITH A ZOMBIE,2EYQJRVNMV6DD4WYYQ7R4ZIK,,https://thebeacon.film/calendar/movie/i-walked-with-a-zombie,,1943,
10/28/2026,4:30PM,The Beacon,I WALKED WITH A ZOMBIE,69,None,None,,,,i-walked-with-a-zombie,I WALKED WITH A ZOMBIE,ZAH6KVYYM3K4AUNBEQGFYSNL,,https://thebeacon.film/calendar/movie/i-walked-with-a-zombie,,1943,
10/29/2026,7:30PM,The Beacon,IDLE HANDS,92,None,None,,,,idle-hands,IDLE HANDS,YLXBFPLLRAJRPCO4GC7JB4QA,,https://thebeacon.film/calendar/movie/idle-hands,,1999,
10/18/2026,2:00PM,The Beacon,ISLE OF THE DEAD,72,None,None,,,,isle-of-the-dead,ISLE OF THE DEAD,3LPGDZXSDXVQ4YWASUDN443O,,https://thebeacon.film/calendar/movie/isle-of-the-dead,,1945,
10/19/2026,4:30PM,The Beacon,ISLE OF THE DEAD,72,None,None,,,,isle-of-the-dead,ISLE OF THE DEAD,WPNE7XFWYJ5QNOFB54HV53WN,,https://thebeacon.film/calendar/movie/isle-of-the-dead,,1945,
10/21/2026,4:30PM,The Beacon,ISLE OF THE DEAD,72,None,None,,,,isle-of-the-dead,ISLE OF THE DEAD,OWJRU4VHFH62VZ2OHJU3JLG7,,https://thebeacon.film/calendar/movie/isle-of-the-dead,,1945,
10/09/2026,7:00PM,The Beacon,L’AMOUR FOU W/ A.S. HAMRAH,245,None,None,,,,l-amour-fou-w-a-s-hamrah,L’AMOUR FOU W/ A.S. HAMRAH,MLMHNFKEJ3XDE65Q22EMEZL7,,https://thebeacon.film/calendar/movie/l-amour-fou-w-a-s-hamrah,,1969,
10/25/2026,5:00PM,The Beacon,LANDSCAPE IN THE MIST,126,None,None,,,,landscape-in-the-mist,LANDSCAPE IN THE MIST,O2JKMGRAZCKWNB2XI3ET54D3,,https://thebeacon.film/calendar/movie/landscape-in-the-mist,,1988,
10/31/2026,4:00PM,The Beacon,MAD MONSTER PARTY?,95,None,None,,,,mad-monster-party,MAD MONSTER PARTY?,34JFNPFX5L57DNBN6FSIQJUN,,https://thebeacon.film/calendar/movie/mad-monster-party,,1967,
10/26/2026,7:30PM,The Beacon,NECROPOLIS,124,None,None,,,,necropolis,NECROPOLIS,RIIKUW35YMRXKVZJYDN7Q4J4,,https://thebeacon.film/calendar/movie/necropolis,,1970,
10/27/2026,4:30PM,The Beacon,NECROPOLIS,124,None,None,,,,necropolis,NECROPOLIS,6RYC342RMXVZSHINMMCCEKPG,,https://thebeacon.film/calendar/movie/necropolis,,1970,
10/30/2026,7:00PM,The Beacon,NEXT OF KIN,89,None,None,,,,next-of-kin,NEXT OF KIN,PV4SV77N5UHHYNC5MDTZOW55,,https://thebeacon.film/calendar/movie/next-of-kin,,1982,
10/22/2026,7:30PM,The Beacon,RIDER OF THE SKULLS,79,None,None,,,,rider-of-the-skulls,RIDER OF THE SKULLS,X65LA63HTP6WDSZHGV7VBJSE,,https://thebeacon.film/calendar/movie/rider-of-the-skulls,,1965,
10/23/2026,10:00PM,The Beacon,DRILLER,60,None,None,,,,secs-fest-presents-driller,SECS FEST PRESENTS DRILLER,4NUY2KCQPXSEDOLVX7563VIN,,https://thebeacon.film/calendar/movie/secs-fest-presents-driller,DRILLER,1984,Secs Fest Presents
10/30/2026,10:00PM,The Beacon,SPOOKIES,85,None,None,,,,spookies,SPOOKIES,TBJJ3BEICY6MARFAAOGNPGCF,,https://thebeacon.film/calendar/movie/spookies,,1986,
10/08/2026,4:30PM,The Beacon,THE ABOMINABLE DR. PHIBES,94,None,None,,,,the-abominable-dr-phibes,THE ABOMINABLE DR. PHIBES,W54GDJB3SVNEGPVKHRCRUHOE,,https://thebeacon.film/calendar/movie/the-abominable-dr-phibes,,1971,
11/01/2026,2:00PM,The Beacon,THE LEOPARD MAN,66,None,None,,,,the-leopard-man,THE LEOPARD MAN,5MORWVGYHCM5MVQO7XUI6USF,,https://thebeacon.film/calendar/movie/the-leopard-man,,1943,
11/02/2026,4:30PM,The Beacon,THE LEOPARD MAN,66,None,None,,,,the-leopard-man,THE LEOPARD MAN,SB5NFQFPBBH3NYKYNYDJTN3X,,https://thebeacon.film/calendar/movie/the-leopard-man,,1943,
10/23/2026,7:00PM,The Beacon,THE VANISHING,106,None,None,,,,the-vanishing,THE VANISHING,UUBVIU6SZFDM5QTVK3UQDHRT,,https://thebeacon.film/calendar/movie/the-vanishing,,1988,
10/24/2026,7:00PM,The Beacon,THE VANISHING,106,None,None,,,,the-vanishing,THE VANISHING,64O6UF3ZSRDOTWHCFUKYKYUJ,,https://thebeacon.film/calendar/movie/the-vanishing,,1988,
10/27/2026,7:30PM,The Beacon,DOOMED OCCULT DETECTIVES,139,None,None,,,,tv-party-doomed-occult-detectives,TV PARTY: DOOMED OCCULT DETECTIVES,ALU53IYXHLYUK6PMWMGR2MDQ,,https://thebeacon.film/calendar/movie/tv-party-doomed-occult-detectives,DOOMED OCCULT DETECTIVES,,TV PARTY
10/18/2026,5:00PM,The Beacon,UNIVERSAL MONSTER MASH DOUBLE FEATURE,154,None,None,,,,universal-monster-mash-double-feature,UNIVERSAL MONSTER MASH DOUBLE FEATURE,4ED5NJRDXKOHNLZBM4V7WG3H,,https://thebeacon.film/calendar/movie/universal-monster-mash-double-feature,,,
10/21/2026,7:30PM,The Beacon,UNIVERSAL MONSTER MASH DOUBLE FEATURE,154,None,None,,,,universal-monster-mash-double-feature,UNIVERSAL MONSTER MASH DOUBLE FEATURE,VMRAT33ETP27GFFNGWU3EJSX,,https://thebeacon.film/calendar/movie/universal-monster-mash-double-feature,,,
10/24/2026,10:00PM,The Beacon,VHS ÜBER ALLES PRESENTS...,75,None,None,,,,vhs-uber-alles-presents,VHS ÜBER ALLES PRESENTS...,DWTMSQMHFRLAMPP7GHK5IZXG,,https://thebeacon.film/calendar/movie/vhs-uber-alles-presents,,1990,
10/08/2026,7:00 PM,Northwest Film Forum,True Stories,89,None,https://nwfilmforum.org/wp-content/uploads/2026/09/truestories1600-1.png,,,,true-stories,True Stories,,https://nwfilmforum.eventive.org/films/6aa34baff8e43a76d5e0ea56,https://nwfilmforum.org/films/true-stories/,,1986,
10/09/2026,8:00 PM,Northwest Film Forum,Come and See,142,None,https://nwfilmforum.org/wp-content/uploads/2026/08/comeandsee1600-4.png,,,,trauma-bond-come-and-see,TRAUMA BOND: Come and See,,https://nwfilmforum.eventive.org/films/6a91c7c2c975af73c382b02c,https://nwfilmforum.org/films/trauma-bond-come-and-see/,Come and See,1985,TRAUMA BOND
10/09/2026,8:30 PM,Northwest Film Forum,An Autumn Afternoon,113,None,https://nwfilmforum.org/wp-content/uploads/2026/03/anautumnafternoon1600-5.jpg,,,,an-autumn-afternoon,An Autumn Afternoon,,https://nwfilmforum.eventive.org/films/69b051afd73958a9134d66aa,https://nwfilmforum.org/films/an-autumn-afternoon/,,1962,
10/10/2026,4:00 PM,Northwest Film Forum,An Autumn Afternoon,113,None,https://nwfilmforum.org/wp-content/uploads/2026/03/anautumnafternoon1600-5.jpg,,,,an-autumn-afternoon,An Autumn Afternoon,,https://nwfilmforum.eventive.org/films/69b051afd73958a9134d66aa,https://nwfilmforum.org/films/an-autumn-afternoon/,,1962,
10/10/2026,4:30 PM,Northwest Film Forum,Screamplay (4K Restoration),93,None,https://nwfilmforum.org/wp-content/uploads/2026/09/screamplay1600-1.png,,,,screamplay-4k-restoration,Screamplay (4K Restoration),,https://nwfilmforum.eventive.org/films/6aa2ffb27bfe5bb2f41c8ce2,https://nwfilmforum.org/films/screamplay-4k-restoration/,,1984,
10/10/2026,7:00 PM,Northwest Film Forum,An Autumn Afternoon,113,None,https://nwfilmforum.org/wp-content/uploads/2026/03/anautumnafternoon1600-5.jpg,,,,an-autumn-afternoon,An Autumn Afternoon,,https://nwfilmforum.eventive.org/films/69b051afd73958a9134d66aa,https://nwfilmforum.org/films/an-autumn-afternoon/,,1962,
10/10/2026,7:30 PM,Northwest Film Forum,Screamplay (4K Restoration),93,None,https://nwfilmforum.org/wp-content/uploads/2026/09/screamplay1600-1.png,,,,screamplay-4k-restoration,Screamplay (4K Restoration),,https://nwfilmforum.eventive.org/films/6aa2ffb27bfe5bb2f41c8ce2,https://nwfilmforum.org/films/screamplay-4k-restoration/,,1984,
10/11/2026,4:00 PM,Northwest Film Forum,An Autumn Afternoon,113,None,https://nwfilmforum.org/wp-content/uploads/2026/03/anautumnafternoon1600-5.jpg,,,,an-autumn-afternoon,An Autumn Afternoon,,https://nwfilmforum.eventive.org/films/69b051afd73958a9134d66aa,https://nwfilmforum.org/films/an-autumn-afternoon/,,1962,
10/11/2026,4:30 PM,Northwest Film Forum,Screamplay (4K Restoration),93,None,https://nwfilmforum.org/wp-content/uploads/2026/09/screamplay1600-1.png,,,,screamplay-4k-restoration,Screamplay (4K Restoration),,https://nwfilmforum.eventive.org/films/6aa2ffb27bfe5bb2f41c8ce2,https://nwfilmforum.org/films/screamplay-4k-restoration/,,1984,
10/11/2026,7:00 PM,Northwest Film Forum,An Autumn Afternoon,113,None,https://nwfilmforum.org/wp-content/uploads/2026/03/anautumnafternoon1600-5.jpg,,,,an-autumn-afternoon,An Autumn Afternoon,,https://nwfilmforum.eventive.org/films/69b051afd73958a9134d66aa,https://nwfilmforum.org/films/an-autumn-afternoon/,,1962,
10/11/2026,7:30 PM,Northwest Film Forum,Screamplay (4K Restoration),93,None,https://nwfilmforum.org/wp-content/uploads/2026/09/screamplay1600-1.png,,,,screamplay-4k-restoration,Screamplay (4K Restoration),,https://nwfilmforum.eventive.org/films/6aa2ffb27bfe5bb2f41c8ce2,https://nwfilmforum.org/films/screamplay-4k-restoration/,,1984,
10/12/2026,6:30 PM,Northwest Film Forum,The History of Concrete,101,None,https://nwfilmforum.org/wp-content/uploads/2026/08/historyofconcrete1600-1.png,,,,the-history-of-concrete,The History of Concrete,,https://nwfilmforum.eventive.org/films/6a73fa719c8e4115fb1d8838,https://nwfilmforum.org/films/the-history-of-concrete/,,2026,
10/12/2026,7:00 PM,Northwest Film Forum,An Autumn Afternoon,113,None,https://nwfilmforum.org/wp-content/uploads/2026/03/anautumnafternoon1600-5.jpg,,,,an-autumn-afternoon,An Autumn Afternoon,,https://nwfilmforum.eventive.org/films/69b051afd73958a9134d66aa,https://nwfilmforum.org/films/an-autumn-afternoon/,,1962,
10/13/2026,6:30 PM,Northwest Film Forum,The History of Concrete,101,None,https://nwfilmforum.org/wp-content/uploads/2026/08/historyofconcrete1600-1.png,,,,the-history-of-concrete,The History of Concrete,,https://nwfilmforum.eventive.org/films/6a73fa719c8e4115fb1d8838,https://nwfilmforum.org/films/the-history-of-concrete/,,2026,
10/13/2026,7:00 PM,Northwest Film Forum,An Autumn Afternoon,113,None,https://nwfilmforum.org/wp-content/uploads/2026/03/anautumnafternoon1600-5.jpg,,,,an-autumn-afternoon,An Autumn Afternoon,,https://nwfilmforum.eventive.org/films/69b051afd73958a9134d66aa,https://nwfilmforum.org/films/an-autumn-afternoon/,,1962,
10/14/2026,7:00 PM,Northwest Film Forum,Green Room,95,None,https://nwfilmforum.org/wp-content/uploads/2026/03/greenroom1600-4.png,,,,sfcs-10-green-room,SFCS at 10: Green Room,,https://nwfilmforum.eventive.org/films/6a2b23a34afbd78269f4e4f4,https://nwfilmforum.org/films/sfcs-10-green-room/,Green Room,2016,SFCS at 10
10/14/2026,7:30 PM,Northwest Film Forum,Chronovisor,100,None,https://nwfilmforum.org/wp-content/uploads/2026/08/chronovisor1600-1.png,,,,chronovisor,Chronovisor,,https://nwfilmforum.eventive.org/films/6a761a40f552bc66a5a92cda,https://nwfilmforum.org/films/chronovisor/,,2026,
10/15/2026,6:30 PM,Northwest Film Forum,Understanding Myself as an Amphibian + Objectionable Fruit,77,None,https://nwfilmforum.org/wp-content/uploads/2026/09/understandingamphibian1600-1.png,,,,stuff-2026-understanding-myself-as-an-amphibian-objectionable-fruit,STUFF 2026: Understanding Myself as an Amphibian + Objectionable Fruit,,https://nwfilmforum.eventive.org/Now_playing/-6ab47a79e83f8185143f9444,https://nwfilmforum.org/films/stuff-2026-understanding-myself-as-an-amphibian-objectionable-fruit/,Understanding Myself as an Amphibian + Objectionable Fruit,,STUFF 2026
10/15/2026,7:00 PM,Northwest Film Forum,Seattle Film Society In Focus: Tyler Michael James,120,None,https://nwfilmforum.org/wp-content/uploads/2026/09/1600x900-Web-Header.png,,,,seattle-film-society-in-focus-tyler-michael-james,Seattle Film Society In Focus: Tyler Michael James,,https://nwfilmforum.eventive.org/Now_playing/-6abd2b39f7426b0a8d871092,https://nwfilmforum.org/films/seattle-film-society-in-focus-tyler-michael-james/,,2022,
10/16/2026,5:30 PM,Northwest Film Forum,Scare Package (Shorts),82,None,https://nwfilmforum.org/wp-content/uploads/2026/09/scarepackage1600.png,,,,stuff-2026-scare-package-shorts,STUFF 2026: Scare Package (Shorts),,https://nwfilmforum.eventive.org/Now_playing/-6ab47d7643e5ae151ea85af6,https://nwfilmforum.org/films/stuff-2026-scare-package-shorts/,Scare Package (Shorts),,STUFF 2026
10/16/2026,6:00 PM,Northwest Film Forum,Trans Panic!,93,None,https://nwfilmforum.org/wp-content/uploads/2026/09/3.png,,,,stuff-2026-trans-panic,STUFF 2026: Trans Panic!,,https://nwfilmforum.eventive.org/Now_playing/-6ab4800df371b56f28c8b1aa,https://nwfilmforum.org/films/stuff-2026-trans-panic/,Trans Panic!,2026,STUFF 2026
10/16/2026,8:00 PM,Northwest Film Forum,Irreversible,93,None,https://nwfilmforum.org/wp-content/uploads/2026/08/irreversible1600-1.png,,,,trauma-bond-irreversible,TRAUMA BOND: Irreversible,,https://nwfilmforum.eventive.org/films/6a91c9b94e2d926f3f2953c6,https://nwfilmforum.org/films/trauma-bond-irreversible/,Irreversible,2002,TRAUMA BOND
10/17/2026,4:00 PM,Northwest Film Forum,Entanglements (Shorts),85,None,https://nwfilmforum.org/wp-content/uploads/2026/09/engtanglements1600.png,,,,stuff-2026-entanglements-shorts,STUFF 2026: Entanglements (Shorts),,https://nwfilmforum.eventive.org/Now_playing/-6ab482f3fb631a9487614a41,https://nwfilmforum.org/films/stuff-2026-entanglements-shorts/,Entanglements (Shorts),,STUFF 2026
10/17/2026,4:30 PM,Northwest Film Forum,Jucks + If I'm Here It Is By Mystery,89,None,https://nwfilmforum.org/wp-content/uploads/2026/09/jucks1600.png,,,,stuff-2026-jucks-mystery,STUFF 2026: Jucks + If I'm Here It Is By Mystery,,https://nwfilmforum.eventive.org/Now_playing/-6ab484c23ee72f245c8fdf03,https://nwfilmforum.org/films/stuff-2026-jucks-mystery/,Jucks + If I'm Here It Is By Mystery,,STUFF 2026
10/17/2026,7:00 PM,Northwest Film Forum,Drawn to Life (Shorts),85,None,https://nwfilmforum.org/wp-content/uploads/2026/09/drawntolife1600.png,,,,stuff-2026-drawn-to-life-shorts,STUFF 2026: Drawn to Life (Shorts),,https://nwfilmforum.eventive.org/Now_playing/-6ab486d8f634586ab8b124fc,https://nwfilmforum.org/films/stuff-2026-drawn-to-life-shorts/,Drawn to Life (Shorts),,STUFF 2026
10/17/2026,7:30 PM,Northwest Film Forum,Flesh & Fluids (Shorts),84,None,https://nwfilmforum.org/wp-content/uploads/2026/09/fleshandfluids1600.png,,,,stuff-2026-flesh-fluids-shorts,STUFF 2026: Flesh & Fluids (Shorts),,https://nwfilmforum.eventive.org/schedule/6ab48deb18d03394d0eefbab,https://nwfilmforum.org/films/stuff-2026-flesh-fluids-shorts/,Flesh & Fluids (Shorts),,STUFF 2026
10/18/2026,4:00 PM,Northwest Film Forum,Mutable Archive (Shorts),66,None,https://nwfilmforum.org/wp-content/uploads/2026/09/mutablearchive1600.png,,,,stuff-2026-mutable-archive-shorts,STUFF 2026: Mutable Archive (Shorts),,https://nwfilmforum.eventive.org/Now_playing/-6ab493c324996f62a76dd1e2,https://nwfilmforum.org/films/stuff-2026-mutable-archive-shorts/,Mutable Archive (Shorts),,STUFF 2026
10/18/2026,4:30 PM,Northwest Film Forum,Trans-It (Shorts),86,None,https://nwfilmforum.org/wp-content/uploads/2026/09/transit2026-1600.png,,,,stuff-2026-trans-it-shorts,STUFF 2026: Trans-It (Shorts),,https://nwfilmforum.eventive.org/Now_playing/-6ab4962754cbefe4bddb0f34,https://nwfilmforum.org/films/stuff-2026-trans-it-shorts/,Trans-It (Shorts),,STUFF 2026
10/18/2026,6:15 PM,Northwest Film Forum,Castration Movie Chapter iii. Junior Ghosts—Premorphic Drift; a fragmentary passage,150,None,https://nwfilmforum.org/wp-content/uploads/2026/09/castrationmovie3.2-1600-2.png,,,,stuff-2026-castration-movie-chapter-iii-junior-ghosts-premorphic-drift-a-fragmentary-passage,STUFF 2026: Castration Movie Chapter iii. Junior Ghosts—Premorphic Drift; a fragmentary passage,,https://nwfilmforum.eventive.org/Now_playing/-6ab497ffe99ba2c084f570c4,https://nwfilmforum.org/films/stuff-2026-castration-movie-chapter-iii-junior-ghosts-premorphic-drift-a-fragmentary-passage/,Castration Movie Chapter iii. Junior Ghosts—Premorphic Drift; a fragmentary passage,,STUFF 2026
10/18/2026,7:30 PM,Northwest Film Forum,We Live!!! (Shorts),85,None,https://nwfilmforum.org/wp-content/uploads/2026/09/welive1600.png,,,,stuff-2026-live-shorts,STUFF 2026: We Live!!! (Shorts),,https://nwfilmforum.eventive.org/Now_playing/-6ab49bdd15e867aaf7f4dd10,https://nwfilmforum.org/films/stuff-2026-live-shorts/,We Live!!! (Shorts),,STUFF 2026
10/19/2026,7:00 PM,Northwest Film Forum,Who Moves America,87,None,https://nwfilmforum.org/wp-content/uploads/2026/08/whomovesamerica1600-7.png,,,,who-moves-america,Who Moves America,,https://nwfilmforum.eventive.org/films/6a7ce4cb39f772f27787f949,https://nwfilmforum.org/films/who-moves-america/,,2026,
10/20/2026,6:00 PM,Northwest Film Forum,A. Rimbaud,175,None,https://nwfilmforum.org/wp-content/uploads/2026/09/arimbaud1600.png,,,,a-rimbaud,A. Rimbaud,,https://nwfilmforum.eventive.org/films/6a971808e37c0e8573f22cf9,https://nwfilmforum.org/films/a-rimbaud/,,2026,
10/20/2026,7:00 PM,Northwest Film Forum,Who Moves America,87,None,https://nwfilmforum.org/wp-content/uploads/2026/08/whomovesamerica1600-7.png,,,,who-moves-america,Who Moves America,,https://nwfilmforum.eventive.org/films/6a7ce4cb39f772f27787f949,https://nwfilmforum.org/films/who-moves-america/,,2026,
10/21/2026,7:00 PM,Northwest Film Forum,Holy Trinity,91,None,https://nwfilmforum.org/wp-content/uploads/2026/07/holytrinity1600-5.png,,,,wtf-with-stuff-holy-trinity,WTF with STUFF - Holy Trinity,,https://nwfilmforum.eventive.org/films/6a46984170f8b8a2a257dbbe,https://nwfilmforum.org/films/wtf-with-stuff-holy-trinity/,Holy Trinity,2019,WTF with STUFF
10/21/2026,7:30 PM,Northwest Film Forum,Earshot Jazz Presents: The Case of The Three Sided Dream,88,None,https://nwfilmforum.org/wp-content/uploads/2026/09/threesideddream1600.png,,,,the-case-of-the-three-sided-dream,Earshot Jazz Presents: The Case of The Three Sided Dream,,https://nwfilmforum.eventive.org/films/6abd1a9c5bdb0edd8dde7a07,https://nwfilmforum.org/films/the-case-of-the-three-sided-dream/,,2014,
10/22/2026,7:30 PM,Northwest Film Forum,Earshot Jazz Presents: The Case of The Three Sided Dream,88,None,https://nwfilmforum.org/wp-content/uploads/2026/09/threesideddream1600.png,,,,the-case-of-the-three-sided-dream,Earshot Jazz Presents: The Case of The Three Sided Dream,,https://nwfilmforum.eventive.org/films/6abd1a9c5bdb0edd8dde7a07,https://nwfilmforum.org/films/the-case-of-the-three-sided-dream/,,2014,
10/23/2026,5:00 PM,Northwest Film Forum,Begotten (4K Restoration),72,None,https://nwfilmforum.org/wp-content/uploads/2026/09/begotten1600-3.png,,,,begotten-4k-restoration,Begotten (4K Restoration),,https://nwfilmforum.eventive.org/films/6a99f632df5d0cbddf4025c2,https://nwfilmforum.org/films/begotten-4k-restoration/,,1989,
10/23/2026,5:30 PM,Northwest Film Forum,The Daytrippers,87,None,https://nwfilmforum.org/wp-content/uploads/2026/08/daytrippers1600-3.jpg,,,,staff-selects-the-daytrippers,Staff Selects - The Daytrippers,,https://nwfilmforum.eventive.org/films/6a91d3204a744ba0a46ce3f4,https://nwfilmforum.org/films/staff-selects-the-daytrippers/,The Daytrippers,1996,Staff Selects
10/23/2026,8:00 PM,Northwest Film Forum,A Serbian Film (2026 Extended Cut),104,None,https://nwfilmforum.org/wp-content/uploads/2026/08/serbianfilm1600-2.png,,,,trauma-bond-a-serbian-film-2026-extended-cut,TRAUMA BOND: A Serbian Film (2026 Extended Cut),,https://nwfilmforum.eventive.org/films/6a91ccbbdeb46d1f93a2653d,https://nwfilmforum.org/films/trauma-bond-a-serbian-film-2026-extended-cut/,A Serbian Film (2026 Extended Cut),2010,TRAUMA BOND
10/24/2026,3:00 PM,Northwest Film Forum,Begotten (4K Restoration),72,None,https://nwfilmforum.org/wp-content/uploads/2026/09/begotten1600-3.png,,,,begotten-4k-restoration,Begotten (4K Restoration),,https://nwfilmforum.eventive.org/films/6a99f632df5d0cbddf4025c2,https://nwfilmforum.org/films/begotten-4k-restoration/,,1989,
10/24/2026,3:30 PM,Northwest Film Forum,The Daytrippers,87,None,https://nwfilmforum.org/wp-content/uploads/2026/08/daytrippers1600-3.jpg,,,,staff-selects-the-daytrippers,Staff Selects - The Daytrippers,,https://nwfilmforum.eventive.org/films/6a91d3204a744ba0a46ce3f4,https://nwfilmforum.org/films/staff-selects-the-daytrippers/,The Daytrippers,1996,Staff Selects
10/24/2026,5:00 PM,Northwest Film Forum,Begotten (4K Restoration),72,None,https://nwfilmforum.org/wp-content/uploads/2026/09/begotten1600-3.png,,,,begotten-4k-restoration,Begotten (4K Restoration),,https://nwfilmforum.eventive.org/films/6a99f632df5d0cbddf4025c2,https://nwfilmforum.org/films/begotten-4k-restoration/,,1989,
10/24/2026,5:30 PM,Northwest Film Forum,The Daytrippers,87,None,https://nwfilmforum.org/wp-content/uploads/2026/08/daytrippers1600-3.jpg,,,,staff-selects-the-daytrippers,Staff Selects - The Daytrippers,,https://nwfilmforum.eventive.org/films/6a91d3204a744ba0a46ce3f4,https://nwfilmforum.org/films/staff-selects-the-daytrippers/,The Daytrippers,1996,Staff Selects
10/24/2026,8:00 PM,Northwest Film Forum,Elvira: Mistress of the Dark,96,None,https://nwfilmforum.org/wp-content/uploads/2026/02/elvira1600.png,,,,mourning-sickness-vol-5-elvira-mistress-of-the-dark,MOURNING SICKNESS VOL. 5: Elvira: Mistress of the Dark,,https://nwfilmforum.eventive.org/schedule/69aa5ef70f3538f0aa58bb68,https://nwfilmforum.org/films/mourning-sickness-vol-5-elvira-mistress-of-the-dark/,Elvira: Mistress of the Dark,1988,MOURNING SICKNESS VOL. 5
10/25/2026,3:30 PM,Northwest Film Forum,Begotten (4K Restoration),72,None,https://nwfilmforum.org/wp-content/uploads/2026/09/begotten1600-3.png,,,,begotten-4k-restoration,Begotten (4K Restoration),,https://nwfilmforum.eventive.org/films/6a99f632df5d0cbddf4025c2,https://nwfilmforum.org/films/begotten-4k-restoration/,,1989,
10/25/2026,4:30 PM,Northwest Film Forum,The Daytrippers,87,None,https://nwfilmforum.org/wp-content/uploads/2026/08/daytrippers1600-3.jpg,,,,staff-selects-the-daytrippers,Staff Selects - The Daytrippers,,https://nwfilmforum.eventive.org/films/6a91d3204a744ba0a46ce3f4,https://nwfilmforum.org/films/staff-selects-the-daytrippers/,The Daytrippers,1996,Staff Selects
10/25/2026,5:30 PM,Northwest Film Forum,Begotten (4K Restoration),72,None,https://nwfilmforum.org/wp-content/uploads/2026/09/begotten1600-3.png,,,,begotten-4k-restoration,Begotten (4K Restoration),,https://nwfilmforum.eventive.org/films/6a99f632df5d0cbddf4025c2,https://nwfilmforum.org/films/begotten-4k-restoration/,,1989,
10/25/2026,7:00 PM,Northwest Film Forum,The Daytrippers,87,None,https://nwfilmforum.org/wp-content/uploads/2026/08/daytrippers1600-3.jpg,,,,staff-selects-the-daytrippers,Staff Selects - The Daytrippers,,https://nwfilmforum.eventive.org/films/6a91d3204a744ba0a46ce3f4,https://nwfilmforum.org/films/staff-selects-the-daytrippers/,The Daytrippers,1996,Staff Selects
10/25/2026,7:30 PM,Northwest Film Forum,Begotten (4K Restoration),72,None,https://nwfilmforum.org/wp-content/uploads/2026/09/begotten1600-3.png,,,,begotten-4k-restoration,Begotten (4K Restoration),,https://nwfilmforum.eventive.org/films/6a99f632df5d0cbddf4025c2,https://nwfilmforum.org/films/begotten-4k-restoration/,,1989,
10/26/2026,7:00 PM,Northwest Film Forum,Begotten (4K Restoration),72,None,https://nwfilmforum.org/wp-content/uploads/2026/09/begotten1600-3.png,,,,begotten-4k-restoration,Begotten (4K Restoration),,https://nwfilmforum.eventive.org/films/6a99f632df5d0cbddf4025c2,https://nwfilmforum.org/films/begotten-4k-restoration/,,1989,
10/26/2026,7:30 PM,Northwest Film Forum,The Daytrippers,87,None,https://nwfilmforum.org/wp-content/uploads/2026/08/daytrippers1600-3.jpg,,,,staff-selects-the-daytrippers,Staff Selects - The Daytrippers,,https://nwfilmforum.eventive.org/films/6a91d3204a744ba0a46ce3f4,https://nwfilmforum.org/films/staff-selects-the-daytrippers/,The Daytrippers,1996,Staff Selects
10/27/2026,7:00 PM,Northwest Film Forum,Jennifer's Body,107,None,https://nwfilmforum.org/wp-content/uploads/2026/10/jennifersbody1600-1.png,,,,jennifers-body,Jennifer's Body,,https://nwfilmforum.eventive.org/films/6ac52191869844d4b0cbb9de,https://nwfilmforum.org/films/jennifers-body/,,2009,
10/29/2026,7:00 PM,Northwest Film Forum,Seattle Film Society Presents Locals Only: October 2026,50,None,https://nwfilmforum.org/wp-content/uploads/2026/10/Locals-Only-NWFF-1600x900.png,,,,seattle-film-society-presents-locals-only-october-2026,Seattle Film Society Presents Locals Only: October 2026,,https://nwfilmforum.eventive.org/films/6ac568509b10354ba681f7d4,https://nwfilmforum.org/films/seattle-film-society-presents-locals-only-october-2026/,,,
11/01/2026,4:00 PM,Northwest Film Forum,Once Upon a Time In Seattle,101,None,https://nwfilmforum.org/wp-content/uploads/2026/07/onceuponatimeinseattle1600.png,,,,once-upon-time-seattle,Once Upon a Time In Seattle,,https://nwfilmforum.eventive.org/films/6a59920b223815032fb6340a,https://nwfilmforum.org/films/once-upon-time-seattle/,,2026,
11/01/2026,7:00 PM,Northwest Film Forum,Once Upon a Time In Seattle,101,None,https://nwfilmforum.org/wp-content/uploads/2026/07/onceuponatimeinseattle1600.png,,,,once-upon-time-seattle,Once Upon a Time In Seattle,,https://nwfilmforum.eventive.org/films/6a59920b223815032fb6340a,https://nwfilmforum.org/films/once-upon-time-seattle/,,2026,
11/05/2026,7:30 PM,Northwest Film Forum,Cameraperson,102,None,https://nwfilmforum.org/wp-content/uploads/2026/08/cameraperson1600-2.png,,,,truth-to-fiction-cameraperson,Truth To Fiction: Cameraperson,,https://nwfilmforum.eventive.org/films/6a722f68ce9a568355f82dfb,https://nwfilmforum.org/films/truth-to-fiction-cameraperson/,Cameraperson,2016,Truth To Fiction
11/12/2026,7:30 PM,Northwest Film Forum,Zi,99,None,https://nwfilmforum.org/wp-content/uploads/2026/09/zi1600-3.png,,,,zi,Zi,,https://nwfilmforum.eventive.org/films/6ab17144057dcc896cf6c420,https://nwfilmforum.org/films/zi/,,2026,
11/13/2026,5:00 PM,Northwest Film Forum,Zi,99,None,https://nwfilmforum.org/wp-content/uploads/2026/09/zi1600-3.png,,,,zi,Zi,,https://nwfilmforum.eventive.org/films/6ab17144057dcc896cf6c420,https://nwfilmforum.org/films/zi/,,2026,
11/15/2026,4:00 PM,Northwest Film Forum,Zi,99,None,https://nwfilmforum.org/wp-content/uploads/2026/09/zi1600-3.png,,,,zi,Zi,,https://nwfilmforum.eventive.org/films/6ab17144057dcc896cf6c420,https://nwfilmforum.org/films/zi/,,2026,
11/15/2026,4:30 PM,Northwest Film Forum,You Sorta Know It's Gonna End,62,None,https://nwfilmforum.org/wp-content/uploads/2026/10/yousortaknow900.png,,,,you-sorta-know-its-gonna-end,You Sorta Know It's Gonna End,,https://nwfilmforum.eventive.org/films/6ac6af9b99b9de9d62f8bf77,https://nwfilmforum.org/films/you-sorta-know-its-gonna-end/,,2025,
11/15/2026,6:00 PM,Northwest Film Forum,You Sorta Know It's Gonna End,62,None,https://nwfilmforum.org/wp-content/uploads/2026/10/yousortaknow900.png,,,,you-sorta-know-its-gonna-end,You Sorta Know It's Gonna End,,https://nwfilmforum.eventive.org/films/6ac6af9b99b9de9d62f8bf77,https://nwfilmforum.org/films/you-sorta-know-its-gonna-end/,,2025,
11/15/2026,7:00 PM,Northwest Film Forum,Zi,99,None,https://nwfilmforum.org/wp-content/uploads/2026/09/zi1600-3.png,,,,zi,Zi,,https://nwfilmforum.eventive.org/films/6ab17144057dcc896cf6c420,https://nwfilmforum.org/films/zi/,,2026,
11/15/2026,7:30 PM,Northwest Film Forum,You Sorta Know It's Gonna End,62,None,https://nwfilmforum.org/wp-content/uploads/2026/10/yousortaknow900.png,,,,you-sorta-know-its-gonna-end,You Sorta Know It's Gonna End,,https://nwfilmforum.eventive.org/films/6ac6af9b99b9de9d62f8bf77,https://nwfilmforum.org/films/you-sorta-know-its-gonna-end/,,2025,
11/16/2026,7:00 PM,Northwest Film Forum,Zi,99,None,https://nwfilmforum.org/wp-content/uploads/2026/09/zi1600-3.png,,,,zi,Zi,,https://nwfilmforum.eventive.org/films/6ab17144057dcc896cf6c420,https://nwfilmforum.org/films/zi/,,2026,
11/16/2026,7:30 PM,Northwest Film Forum,You Sorta Know It's Gonna End,62,None,https://nwfilmforum.org/wp-content/uploads/2026/10/yousortaknow900.png,,,,you-sorta-know-its-gonna-end,You Sorta Know It's Gonna End,,https://nwfilmforum.eventive.org/films/6ac6af9b99b9de9d62f8bf77,https://nwfilmforum.org/films/you-sorta-know-its-gonna-end/,,2025,
11/18/2026,7:00 PM,Northwest Film Forum,Kokomo City,73,None,https://nwfilmforum.org/wp-content/uploads/2026/06/kokomocity1600-1.png,,,,wtf-with-stuff-kokomo-city,WTF with STUFF - Kokomo City,,https://nwfilmforum.eventive.org/films/6a32c56e98bf14c05494adb5,https://nwfilmforum.org/films/wtf-with-stuff-kokomo-city/,Kokomo City,2023,WTF with STUFF
11/18/2026,7:30 PM,Northwest Film Forum,Zi,99,None,https://nwfilmforum.org/wp-content/uploads/2026/09/zi1600-3.png,,,,zi,Zi,,https://nwfilmforum.eventive.org/films/6ab17144057dcc896cf6c420,https://nwfilmforum.org/films/zi/,,2026,
11/19/2026,6:30 PM,Northwest Film Forum,The Witch,92,None,https://nwfilmforum.org/wp-content/uploads/2026/06/thewitch1600-3.png,,,,sfcs-10-witch,SFCS at 10: The Witch,,https://nwfilmforum.eventive.org/films/6a2b255ee1a0f81f6564f4e4,https://nwfilmforum.org/films/sfcs-10-witch/,The Witch,2016,SFCS at 10
11/20/2026,7:00 PM,Northwest Film Forum,Love Streams,140,None,https://nwfilmforum.org/wp-content/uploads/2026/04/lovestreams1600-2.png,,,,unstreamable-love-streams,Unstreamable - Love Streams,,https://nwfilmforum.eventive.org/films/6a206600823a0bf897418220,https://nwfilmforum.org/films/unstreamable-love-streams/,Love Streams,1984,Unstreamable
11/20/2026,7:30 PM,Northwest Film Forum,My Brother's Wedding (4K Restoration),81,None,https://nwfilmforum.org/wp-content/uploads/2026/10/mybrotherswedding1600-1.png,,,,my-brothers-wedding-4k-restoration,My Brother's Wedding (4K Restoration),,https://nwfilmforum.eventive.org/films/6ac59417a8f4c4355ebf3d0c,https://nwfilmforum.org/films/my-brothers-wedding-4k-restoration/,,1983,
11/21/2026,4:00 PM,Northwest Film Forum,Love Streams,140,None,https://nwfilmforum.org/wp-content/uploads/2026/04/lovestreams1600-2.png,,,,unstreamable-love-streams,Unstreamable - Love Streams,,https://nwfilmforum.eventive.org/films/6a206600823a0bf897418220,https://nwfilmforum.org/films/unstreamable-love-streams/,Love Streams,1984,Unstreamable
11/21/2026,4:30 PM,Northwest Film Forum,My Brother's Wedding (4K Restoration),81,None,https://nwfilmforum.org/wp-content/uploads/2026/10/mybrotherswedding1600-1.png,,,,my-brothers-wedding-4k-restoration,My Brother's Wedding (4K Restoration),,https://nwfilmforum.eventive.org/films/6ac59417a8f4c4355ebf3d0c,https://nwfilmforum.org/films/my-brothers-wedding-4k-restoration/,,1983,
11/21/2026,7:00 PM,Northwest Film Forum,Love Streams,140,None,https://nwfilmforum.org/wp-content/uploads/2026/04/lovestreams1600-2.png,,,,unstreamable-love-streams,Unstreamable - Love Streams,,https://nwfilmforum.eventive.org/films/6a206600823a0bf897418220,https://nwfilmforum.org/films/unstreamable-love-streams/,Love Streams,1984,Unstreamable
11/21/2026,7:30 PM,Northwest Film Forum,My Brother's Wedding (4K Restoration),81,None,https://nwfilmforum.org/wp-content/uploads/2026/10/mybrotherswedding1600-1.png,,,,my-brothers-wedding-4k-restoration,My Brother's Wedding (4K Restoration),,https://nwfilmforum.eventive.org/films/6ac59417a8f4c4355ebf3d0c,https://nwfilmforum.org/films/my-brothers-wedding-4k-restoration/,,1983,
11/22/2026,4:00 PM,Northwest Film Forum,Love Streams,140,None,https://nwfilmforum.org/wp-content/uploads/2026/04/lovestreams1600-2.png,,,,unstreamable-love-streams,Unstreamable - Love Streams,,https://nwfilmforum.eventive.org/films/6a206600823a0bf897418220,https://nwfilmforum.org/films/unstreamable-love-streams/,Love Streams,1984,Unstreamable
11/22/2026,4:30 PM,Northwest Film Forum,My Brother's Wedding (4K Restoration),81,None,https://nwfilmforum.org/wp-content/uploads/2026/10/mybrotherswedding1600-1.png,,,,my-brothers-wedding-4k-restoration,My Brother's Wedding (4K Restoration),,https://nwfilmforum.eventive.org/films/6ac59417a8f4c4355ebf3d0c,https://nwfilmforum.org/films/my-brothers-wedding-4k-restoration/,,1983,
11/22/2026,7:00 PM,Northwest Film Forum,Love Streams,140,None,https://nwfilmforum.org/wp-content/uploads/2026/04/lovestreams1600-2.png,,,,unstreamable-love-streams,Unstreamable - Love Streams,,https://nwfilmforum.eventive.org/films/6a206600823a0bf897418220,https://nwfilmforum.org/films/unstreamable-love-streams/,Love Streams,1984,Unstreamable
11/22/2026,7:30 PM,Northwest Film Forum,My Brother's Wedding (4K Restoration),81,None,https://nwfilmforum.org/wp-content/uploads/2026/10/mybrotherswedding1600-1.png,,,,my-brothers-wedding-4k-restoration,My Brother's Wedding (4K Restoration),,https://nwfilmforum.eventive.org/films/6ac59417a8f4c4355ebf3d0c,https://nwfilmforum.org/films/my-brothers-wedding-4k-restoration/,,1983,
11/23/2026,7:30 PM,Northwest Film Forum,My Brother's Wedding (4K Restoration),81,None,https://nwfilmforum.org/wp-content/uploads/2026/10/mybrotherswedding1600-1.png,,,,my-brothers-wedding-4k-restoration,My Brother's Wedding (4K Restoration),,https://nwfilmforum.eventive.org/films/6ac59417a8f4c4355ebf3d0c,https://nwfilmforum.org/films/my-brothers-wedding-4k-restoration/,,1983,
11/24/2026,7:30 PM,Northwest Film Forum,My Brother's Wedding (4K Restoration),81,None,https://nwfilmforum.org/wp-content/uploads/2026/10/mybrotherswedding1600-1.png,,,,my-brothers-wedding-4k-restoration,My Brother's Wedding (4K Restoration),,https://nwfilmforum.eventive.org/films/6ac59417a8f4c4355ebf3d0c,https://nwfilmforum.org/films/my-brothers-wedding-4k-restoration/,,1983,
11/28/2026,4:00 PM,Northwest Film Forum,Late Autumn,128,None,https://nwfilmforum.org/wp-content/uploads/2026/03/lateautumn1600-2.jpg,,,,late-autumn,Late Autumn,,https://nwfilmforum.eventive.org/films/69b0524bcfbf8f6f26533619,https://nwfilmforum.org/films/late-autumn/,,1960,
11/28/2026,7:00 PM,Northwest Film Forum,Late Autumn,128,None,https://nwfilmforum.org/wp-content/uploads/2026/03/lateautumn1600-2.jpg,,,,late-autumn,Late Autumn,,https://nwfilmforum.eventive.org/films/69b0524bcfbf8f6f26533619,https://nwfilmforum.org/films/late-autumn/,,1960,
11/29/2026,4:00 PM,Northwest Film Forum,Late Autumn,128,None,https://nwfilmforum.org/wp-content/uploads/2026/03/lateautumn1600-2.jpg,,,,late-autumn,Late Autumn,,https://nwfilmforum.eventive.org/films/69b0524bcfbf8f6f26533619,https://nwfilmforum.org/films/late-autumn/,,1960,
11/29/2026,7:00 PM,Northwest Film Forum,Late Autumn,128,None,https://nwfilmforum.org/wp-content/uploads/2026/03/lateautumn1600-2.jpg,,,,late-autumn,Late Autumn,,https://nwfilmforum.eventive.org/films/69b0524bcfbf8f6f26533619,https://nwfilmforum.org/films/late-autumn/,,1960,
11/30/2026,7:00 PM,Northwest Film Forum,WTO/99,100,None,https://nwfilmforum.org/wp-content/uploads/2025/07/wto99-1600-1.png,,,,wto-99,WTO/99,,https://nwfilmforum.eventive.org/films/6a7e4f8d73d0e8c76baa40bb,https://nwfilmforum.org/films/wto-99/,,2025,
12/01/2026,7:00 PM,Northwest Film Forum,WTO/99,100,None,https://nwfilmforum.org/wp-content/uploads/2025/07/wto99-1600-1.png,,,,wto-99,WTO/99,,https://nwfilmforum.eventive.org/films/6a7e4f8d73d0e8c76baa40bb,https://nwfilmforum.org/films/wto-99/,,2025,
12/03/2026,7:00 PM,Northwest Film Forum,The Store,118,None,https://nwfilmforum.org/wp-content/uploads/2026/06/thestore1600-4.png,,,,truth-to-fiction-the-store,Truth To Fiction: The Store,,https://nwfilmforum.eventive.org/films/6a285c37b83e44cb52a9ef2d,https://nwfilmforum.org/films/truth-to-fiction-the-store/,The Store,1983,Truth To Fiction
12/09/2026,7:00 PM,Northwest Film Forum,Moonlight,111,None,https://nwfilmforum.org/wp-content/uploads/2026/06/moonlight1600-1.png,,,,sfcs-10-moonlight,SFCS at 10: Moonlight,,https://nwfilmforum.eventive.org/films/6a2b25b5de85551f2f5e4393,https://nwfilmforum.org/films/sfcs-10-moonlight/,Moonlight,2016,SFCS at 10
01/07/2027,7:00 PM,Northwest Film Forum,Seeds,123,None,https://nwfilmforum.org/wp-content/uploads/2026/06/seeds1600-1.jpg,,,,truth-to-fiction-seeds,Truth To Fiction: Seeds,,https://nwfilmforum.eventive.org/films/6a3ad1f6e494e0c86076fb62,https://nwfilmforum.org/films/truth-to-fiction-seeds/,Seeds,2025,Truth To Fiction
01/20/2027,7:00 PM,Northwest Film Forum,Fresh Kill,79,None,https://nwfilmforum.org/wp-content/uploads/2026/06/freshkill1600-2.png,,,,wtf-with-stuff-fresh-kill,WTF with STUFF - Fresh Kill,,https://nwfilmforum.eventive.org/films/6a3c5a1e2c3f43ae141f2e42,https://nwfilmforum.org/films/wtf-with-stuff-fresh-kill/,Fresh Kill,1994,WTF with STUFF
01/23/2027,8:00 PM,Northwest Film Forum,Showgirls Annual Screenings,131,None,https://nwfilmforum.org/wp-content/uploads/2026/02/showgirls2027-1600.png,,,,mourning-sickness-vol-5-showgirls-annual-screenings,MOURNING SICKNESS VOL. 5: Showgirls Annual Screenings,,https://nwfilmforum.eventive.org/films/69aa5d8d9e438f068f1a89a0,https://nwfilmforum.org/films/mourning-sickness-vol-5-showgirls-annual-screenings/,Showgirls Annual Screenings,1995,MOURNING SICKNESS VOL. 5
01/24/2027,8:00 PM,Northwest Film Forum,Showgirls Annual Screenings,131,None,https://nwfilmforum.org/wp-content/uploads/2026/02/showgirls2027-1600.png,,,,mourning-sickness-vol-5-showgirls-annual-screenings,MOURNING SICKNESS VOL. 5: Showgirls Annual Screenings,,https://nwfilmforum.eventive.org/films/69aa5d8d9e438f068f1a89a0,https://nwfilmforum.org/films/mourning-sickness-vol-5-showgirls-annual-screenings/,Showgirls Annual Screenings,1995,MOURNING SICKNESS VOL. 5
02/19/2027,7:00 PM,Northwest Film Forum,The Taste of Tea,143,None,https://nwfilmforum.org/wp-content/uploads/2026/04/tasteoftea1600-8.png,,,,unstreamable-the-taste-of-tea,Unstreamable - The Taste of Tea,,https://nwfilmforum.eventive.org/films/6a206863b49b523ee43c83f9,https://nwfilmforum.org/films/unstreamable-the-taste-of-tea/,The Taste of Tea,2004,Unstreamable
05/21/2027,7:00 PM,Northwest Film Forum,Mod Fuck Explosion,67,None,https://nwfilmforum.org/wp-content/uploads/2026/04/modfuckexplosion1600-3.png,,,,unstreamable-mod-fuck-explosion,Unstreamable - Mod Fuck Explosion,,https://nwfilmforum.eventive.org/films/6a2061ce83e7c5431860e1b7,https://nwfilmforum.org/films/unstreamable-mod-fuck-explosion/,Mod Fuck Explosion,1994,Unstreamable
10/07/2027,7:00 PM,Central Cinema,Beetlejuice,92,None,https://indy-systems.imgix.net/s0b9dy99rqvpqhy713q55pzil2u7?fit=crop&w=1000&h=500&fm=jpeg&auto=format,,,,beetlejuice,Beetlejuice,3866088,https://www.central-cinema.com/checkout/showing/beetlejuice/3866088,https://central-cinema.com/movie/beetlejuice/,,,
10/08/2026,8:00 PM,Central Cinema,RRR,187,None,https://indy-systems.imgix.net/n99uugrg4gaqy8dtcwd73wchxalc?fit=crop&w=1000&h=500&fm=jpeg&auto=format,,,,rrr-2,RRR,3866089,https://www.central-cinema.com/checkout/showing/rrr-2/3866089,https://central-cinema.com/movie/rrr-2/,,,
10/08/2026,5:00 PM,Central Cinema,Cartoon Happy Hour,120,None,https://indy-systems.imgix.net/3w3krngdrvk3xyizvv571joe7g9e?fit=crop&w=1000&h=500&fm=jpeg&auto=format,,,,cartoon-happy-hour,Cartoon Happy Hour,3866090,https://www.central-cinema.com/checkout/showing/cartoon-happy-hour/3866090,https://central-cinema.com/movie/cartoon-happy-hour/,,,
10/12/2026,6:30 PM,Central Cinema,Garfield Jazz Jam Session,120,None,https://indy-systems.imgix.net/jm9e4xedso6805l8otzmfymarnel?fit=crop&w=1000&h=500&fm=jpeg&auto=format,,,,garfield-jazz-jam-session,Garfield Jazz Jam Session,3901617,https://www.central-cinema.com/checkout/showing/garfield-jazz-jam-session/3901617,https://central-cinema.com/movie/garfield-jazz-jam-session/,,,
11/09/2026,6:30 PM,Central Cinema,Garfield Jazz Jam Session,120,None,https://indy-systems.imgix.net/jm9e4xedso6805l8otzmfymarnel?fit=crop&w=1000&h=500&fm=jpeg&auto=format,,,,garfield-jazz-jam-session,Garfield Jazz Jam Session,3901683,https://www.central-cinema.com/checkout/showing/garfield-jazz-jam-session/3901683,https://central-cinema.com/movie/garfield-jazz-jam-session/,,,
12/14/2026,6:30 PM,Central Cinema,Garfield Jazz Jam Session,120,None,https://indy-systems.imgix.net/jm9e4xedso6805l8otzmfymarnel?fit=crop&w=1000&h=500&fm=jpeg&auto=format,,,,garfield-jazz-jam-session,Garfield Jazz Jam Session,3901684,https://www.central-cinema.com/checkout/showing/garfield-jazz-jam-session/3901684,https://central-cinema.com/movie/garfield-jazz-jam-session/,,,
01/11/2027,6:30 PM,Central Cinema,Garfield Jazz Jam Session,120,None,https://indy-systems.imgix.net/jm9e4xedso6805l8otzmfymarnel?fit=crop&w=1000&h=500&fm=jpeg&auto=format,,,,garfield-jazz-jam-session,Garfield Jazz Jam Session,3901685,https://www.central-cinema.com/checkout/showing/garfield-jazz-jam-session/3901685,https://central-cinema.com/movie/garfield-jazz-jam-session/,,,
02/08/2027,6:30 PM,Central Cinema,Garfield Jazz Jam Session,120,None,https://indy-systems.imgix.net/jm9e4xedso6805l8otzmfymarnel?fit=crop&w=1000&h=500&fm=jpeg&auto=format,,,,garfield-jazz-jam-session,Garfield Jazz Jam Session,3901689,https://www.central-cinema.com/checkout/showing/garfield-jazz-jam-session/3901689,https://central-cinema.com/movie/garfield-jazz-jam-session/,,,
10/07/2027,9:30 PM,Central Cinema,Ju-on: The Grudge,92,None,https://indy-systems.imgix.net/636tkszkjpg9yrq5yl7l3fz7jqw5?fit=crop&w=1000&h=500&fm=jpeg&auto=format,,,,ju-on-the-grudge,Ju-on: The Grudge,3906017,https://www.central-cinema.com/checkout/showing/ju-on-the-grudge/3906017,https://central-cinema.com/movie/ju-on-the-grudge/,,,
10/09/2026,4:00 PM,Central Cinema,Vertigo,128,None,https://indy-systems.imgix.net/vfv5dx3osdaopr7od6sl5h98u02p?fit=crop&w=1000&h=500&fm=jpeg&auto=format,,,,vertigo,Vertigo,3906296,https://www.central-cinema.com/checkout/showing/vertigo/3906296,https://central-cinema.com/movie/vertigo/,,,
10/09/2026,7:00 PM,Central Cinema,Vertigo,128,None,https://indy-systems.imgix.net/vfv5dx3osdaopr7od6sl5h98u02p?fit=crop&w=1000&h=500&fm=jpeg&auto=format,,,,vertigo,Vertigo,3906297,https://www.central-cinema.com/checkout/showing/vertigo/3906297,https://central-cinema.com/movie/vertigo/,,,
10/09/2026,9:50 PM,Central Cinema,Blade,121,None,https://indy-systems.imgix.net/2tdqsdb3xexsr6du3slpsqjwh925?fit=crop&w=1000&h=500&fm=jpeg&auto=format,,,,blade,Blade,3906298,https://www.central-cinema.com/checkout/showing/blade/3906298,https://central-cinema.com/movie/blade/,,,
10/10/2026,4:00 PM,Central Cinema,Vertigo,128,None,https://indy-systems.imgix.net/vfv5dx3osdaopr7od6sl5h98u02p?fit=crop&w=1000&h=500&fm=jpeg&auto=format,,,,vertigo,Vertigo,3906299,https://www.central-cinema.com/checkout/showing/vertigo/3906299,https://central-cinema.com/movie/vertigo/,,,
10/10/2026,7:00 PM,Central Cinema,Vertigo,128,None,https://indy-systems.imgix.net/vfv5dx3osdaopr7od6sl5h98u02p?fit=crop&w=1000&h=500&fm=jpeg&auto=format,,,,vertigo,Vertigo,3906300,https://www.central-cinema.com/checkout/showing/vertigo/3906300,https://central-cinema.com/movie/vertigo/,,,
10/10/2026,9:50 PM,Central Cinema,Blade,121,None,https://indy-systems.imgix.net/2tdqsdb3xexsr6du3slpsqjwh925?fit=crop&w=1000&h=500&fm=jpeg&auto=format,,,,blade,Blade,3906301,https://www.central-cinema.com/checkout/showing/blade/3906301,https://central-cinema.com/movie/blade/,,,
10/11/2026,4:00 PM,Central Cinema,Vertigo,128,None,https://indy-systems.imgix.net/vfv5dx3osdaopr7od6sl5h98u02p?fit=crop&w=1000&h=500&fm=jpeg&auto=format,,,,vertigo,Vertigo,3906302,https://www.central-cinema.com/checkout/showing/vertigo/3906302,https://central-cinema.com/movie/vertigo/,,,
10/11/2026,7:00 PM,Central Cinema,Vertigo,128,None,https://indy-systems.imgix.net/vfv5dx3osdaopr7od6sl5h98u02p?fit=crop&w=1000&h=500&fm=jpeg&auto=format,,,,vertigo,Vertigo,3906303,https://www.central-cinema.com/checkout/showing/vertigo/3906303,https://central-cinema.com/movie/vertigo/,,,
10/11/2026,9:50 PM,Central Cinema,Blade,121,None,https://indy-systems.imgix.net/2tdqsdb3xexsr6du3slpsqjwh925?fit=crop&w=1000&h=500&fm=jpeg&auto=format,,,,blade,Blade,3906304,https://www.central-cinema.com/checkout/showing/blade/3906304,https://central-cinema.com/movie/blade/,,,
10/12/2026,4:00 PM,Central Cinema,Vertigo,128,None,https://indy-systems.imgix.net/vfv5dx3osdaopr7od6sl5h98u02p?fit=crop&w=1000&h=500&fm=jpeg&auto=format,,,,vertigo,Vertigo,3906305,https://www.central-cinema.com/checkout/showing/vertigo/3906305,https://central-cinema.com/movie/vertigo/,,,
10/12/2026,9:50 PM,Central Cinema,Blade,121,None,https://indy-systems.imgix.net/2tdqsdb3xexsr6du3slpsqjwh925?fit=crop&w=1000&h=500&fm=jpeg&auto=format,,,,blade,Blade,3906306,https://www.central-cinema.com/checkout/showing/blade/3906306,https://central-cinema.com/movie/blade/,,,
10/13/2026,4:00 PM,Central Cinema,Vertigo,128,None,https://indy-systems.imgix.net/vfv5dx3osdaopr7od6sl5h98u02p?fit=crop&w=1000&h=500&fm=jpeg&auto=format,,,,vertigo,Vertigo,3906307,https://www.central-cinema.com/checkout/showing/vertigo/3906307,https://central-cinema.com/movie/vertigo/,,,
10/13/2026,7:00 PM,Central Cinema,Vertigo,128,None,https://indy-systems.imgix.net/vfv5dx3osdaopr7od6sl5h98u02p?fit=crop&w=1000&h=500&fm=jpeg&auto=format,,,,vertigo,Vertigo,3906308,https://www.central-cinema.com/checkout/showing/vertigo/3906308,https://central-cinema.com/movie/vertigo/,,,
10/13/2026,9:50 PM,Central Cinema,Blade,121,None,https://indy-systems.imgix.net/2tdqsdb3xexsr6du3slpsqjwh925?fit=crop&w=1000&h=500&fm=jpeg&auto=format,,,,blade,Blade,3906309,https://www.central-cinema.com/checkout/showing/blade/3906309,https://central-cinema.com/movie/blade/,,,
10/14/2026,7:00 PM,Central Cinema,Vertigo,128,None,https://indy-systems.imgix.net/vfv5dx3osdaopr7od6sl5h98u02p?fit=crop&w=1000&h=500&fm=jpeg&auto=format,,,,vertigo,Vertigo,3906310,https://www.central-cinema.com/checkout/showing/vertigo/3906310,https://central-cinema.com/movie/vertigo/,,,
10/14/2026,4:00 PM,Central Cinema,Vertigo,128,None,https://indy-systems.imgix.net/vfv5dx3osdaopr7od6sl5h98u02p?fit=crop&w=1000&h=500&fm=jpeg&auto=format,,,,vertigo,Vertigo,3906311,https://www.central-cinema.com/checkout/showing/vertigo/3906311,https://central-cinema.com/movie/vertigo/,,,
10/14/2026,9:50 PM,Central Cinema,Blade,121,None,https://indy-systems.imgix.net/2tdqsdb3xexsr6du3slpsqjwh925?fit=crop&w=1000&h=500&fm=jpeg&auto=format,,,,blade,Blade,3906312,https://www.central-cinema.com/checkout/showing/blade/3906312,https://central-cinema.com/movie/blade/,,,
10/14/2026,5:00 PM,Central Cinema,Cartoon Happy Hour,120,None,https://indy-systems.imgix.net/3w3krngdrvk3xyizvv571joe7g9e?fit=crop&w=1000&h=500&fm=jpeg&auto=format,,,,cartoon-happy-hour,Cartoon Happy Hour,3906313,https://www.central-cinema.com/checkout/showing/cartoon-happy-hour/3906313,https://central-cinema.com/movie/cartoon-happy-hour/,,,
10/15/2026,5:00 PM,Central Cinema,Cartoon Happy Hour,120,None,https://indy-systems.imgix.net/3w3krngdrvk3xyizvv571joe7g9e?fit=crop&w=1000&h=500&fm=jpeg&auto=format,,,,cartoon-happy-hour,Cartoon Happy Hour,3906314,https://www.central-cinema.com/checkout/showing/cartoon-happy-hour/3906314,https://central-cinema.com/movie/cartoon-happy-hour/,,,
10/15/2026,8:00 PM,Central Cinema,Halloween III with Baron Von Terror,120,None,https://indy-systems.imgix.net/csia79rpbjolbwdq5nibom6abbe9?fit=crop&w=1000&h=500&fm=jpeg&auto=format,,,,halloween-iii-with-baron-von-terror,Halloween III with Baron Von Terror,3906315,https://www.central-cinema.com/checkout/showing/halloween-iii-with-baron-von-terror/3906315,https://central-cinema.com/movie/halloween-iii-with-baron-von-terror/,,,
10/24/2026,7:00 PM,Central Cinema,Private Rental Event,150,None,https://indy-systems.imgix.net/kbyebyjn0iwuo12zyjm4ryf4pyv2?fit=crop&w=1000&h=500&fm=jpeg&auto=format,,,,private-rental-event,Private Rental Event,3906372,https://www.central-cinema.com/checkout/showing/private-rental-event/3906372,https://central-cinema.com/movie/private-rental-event/,,,
10/24/2026,9:30 PM,Central Cinema,Private Rental Event,150,None,https://indy-systems.imgix.net/kbyebyjn0iwuo12zyjm4ryf4pyv2?fit=crop&w=1000&h=500&fm=jpeg&auto=format,,,,private-rental-event,Private Rental Event,3906373,https://www.central-cinema.com/checkout/showing/private-rental-event/3906373,https://central-cinema.com/movie/private-rental-event/,,,
10/28/2026,6:30 PM,Central Cinema,Private Rental Event,150,None,https://indy-systems.imgix.net/kbyebyjn0iwuo12zyjm4ryf4pyv2?fit=crop&w=1000&h=500&fm=jpeg&auto=format,,,,private-rental-event,Private Rental Event,3906448,https://www.central-cinema.com/checkout/showing/private-rental-event/3906448,https://central-cinema.com/movie/private-rental-event/,,,
11/01/2026,3:30 PM,Central Cinema,Private Rental Event,150,None,https://indy-systems.imgix.net/kbyebyjn0iwuo12zyjm4ryf4pyv2?fit=crop&w=1000&h=500&fm=jpeg&auto=format,,,,private-rental-event,Private Rental Event,3906771,https://www.central-cinema.com/checkout/showing/private-rental-event/3906771,https://central-cinema.com/movie/private-rental-event/,,,
10/16/2026,4:00 PM,Central Cinema,Hausu (House),88,None,https://indy-systems.imgix.net/vb7f4vqsvs5697okff62oz570tay?fit=crop&w=1000&h=500&fm=jpeg&auto=format,,,,hausu-house,Hausu (House),3918198,https://www.central-cinema.com/checkout/showing/hausu-house/3918198,https://central-cinema.com/movie/hausu-house/,,,
10/16/2026,9:30 PM,Central Cinema,Hausu (House),88,None,https://indy-systems.imgix.net/vb7f4vqsvs5697okff62oz570tay?fit=crop&w=1000&h=500&fm=jpeg&auto=format,,,,hausu-house,Hausu (House),3918199,https://www.central-cinema.com/checkout/showing/hausu-house/3918199,https://central-cinema.com/movie/hausu-house/,,,
10/16/2026,7:00 PM,Central Cinema,Grosse Pointe Blank,107,None,https://indy-systems.imgix.net/gvmn6yszzoie3ongsqb40vnasapt?fit=crop&w=1000&h=500&fm=jpeg&auto=format,,,,grosse-pointe-blank,Grosse Pointe Blank,3918200,https://www.central-cinema.com/checkout/showing/grosse-pointe-blank/3918200,https://central-cinema.com/movie/grosse-pointe-blank/,,,
10/17/2026,4:00 PM,Central Cinema,Hausu (House),88,None,https://indy-systems.imgix.net/vb7f4vqsvs5697okff62oz570tay?fit=crop&w=1000&h=500&fm=jpeg&auto=format,,,,hausu-house,Hausu (House),3918201,https://www.central-cinema.com/checkout/showing/hausu-house/3918201,https://central-cinema.com/movie/hausu-house/,,,
10/17/2026,9:30 PM,Central Cinema,Hausu (House),88,None,https://indy-systems.imgix.net/vb7f4vqsvs5697okff62oz570tay?fit=crop&w=1000&h=500&fm=jpeg&auto=format,,,,hausu-house,Hausu (House),3918202,https://www.central-cinema.com/checkout/showing/hausu-house/3918202,https://central-cinema.com/movie/hausu-house/,,,
10/17/2026,7:00 PM,Central Cinema,Grosse Pointe Blank,107,None,https://indy-systems.imgix.net/gvmn6yszzoie3ongsqb40vnasapt?fit=crop&w=1000&h=500&fm=jpeg&auto=format,,,,grosse-pointe-blank,Grosse Pointe Blank,3918203,https://www.central-cinema.com/checkout/showing/grosse-pointe-blank/3918203,https://central-cinema.com/movie/grosse-pointe-blank/,,,
10/18/2026,4:00 PM,Central Cinema,Hausu (House),88,None,https://indy-systems.imgix.net/vb7f4vqsvs5697okff62oz570tay?fit=crop&w=1000&h=500&fm=jpeg&auto=format,,,,hausu-house,Hausu (House),3918204,https://www.central-cinema.com/checkout/showing/hausu-house/3918204,https://central-cinema.com/movie/hausu-house/,,,
10/18/2026,9:30 PM,Central Cinema,Hausu (House),88,None,https://indy-systems.imgix.net/vb7f4vqsvs5697okff62oz570tay?fit=crop&w=1000&h=500&fm=jpeg&auto=format,,,,hausu-house,Hausu (House),3918205,https://www.central-cinema.com/checkout/showing/hausu-house/3918205,https://central-cinema.com/movie/hausu-house/,,,
10/18/2026,7:00 PM,Central Cinema,Grosse Pointe Blank,107,None,https://indy-systems.imgix.net/gvmn6yszzoie3ongsqb40vnasapt?fit=crop&w=1000&h=500&fm=jpeg&auto=format,,,,grosse-pointe-blank,Grosse Pointe Blank,3918206,https://www.central-cinema.com/checkout/showing/grosse-pointe-blank/3918206,https://central-cinema.com/movie/grosse-pointe-blank/,,,
10/19/2026,4:00 PM,Central Cinema,Hausu (House),88,None,https://indy-systems.imgix.net/vb7f4vqsvs5697okff62oz570tay?fit=crop&w=1000&h=500&fm=jpeg&auto=format,,,,hausu-house,Hausu (House),3918207,https://www.central-cinema.com/checkout/showing/hausu-house/3918207,https://central-cinema.com/movie/hausu-house/,,,
10/19/2026,9:30 PM,Central Cinema,Hausu (House),88,None,https://indy-systems.imgix.net/vb7f4vqsvs5697okff62oz570tay?fit=crop&w=1000&h=500&fm=jpeg&auto=format,,,,hausu-house,Hausu (House),3918208,https://www.central-cinema.com/checkout/showing/hausu-house/3918208,https://central-cinema.com/movie/hausu-house/,,,
10/19/2026,7:00 PM,Central Cinema,Grosse Pointe Blank,107,None,https://indy-systems.imgix.net/gvmn6yszzoie3ongsqb40vnasapt?fit=crop&w=1000&h=500&fm=jpeg&auto=format,,,,grosse-pointe-blank,Grosse Pointe Blank,3918209,https://www.central-cinema.com/checkout/showing/grosse-pointe-blank/3918209,https://central-cinema.com/movie/grosse-pointe-blank/,,,
10/20/2026,4:00 PM,Central Cinema,Grosse Pointe Blank,107,None,https://indy-systems.imgix.net/gvmn6yszzoie3ongsqb40vnasapt?fit=crop&w=1000&h=500&fm=jpeg&auto=format,,,,grosse-pointe-blank,Grosse Pointe Blank,3918210,https://www.central-cinema.com/checkout/showing/grosse-pointe-blank/3918210,https://central-cinema.com/movie/grosse-pointe-blank/,,,
10/21/2026,4:00 PM,Central Cinema,Hausu (House),88,None,https://indy-systems.imgix.net/vb7f4vqsvs5697okff62oz570tay?fit=crop&w=1000&h=500&fm=jpeg&auto=format,,,,hausu-house,Hausu (House),3918211,https://www.central-cinema.com/checkout/showing/hausu-house/3918211,https://central-cinema.com/movie/hausu-house/,,,
10/21/2026,7:00 PM,Central Cinema,Moviecat Trivia,130,None,https://indy-systems.imgix.net/xzog9yhwi6liqu67k9ueh1ut9dgq?fit=crop&w=1000&h=500&fm=jpeg&auto=format,,,,moviecat-trivia,Moviecat Trivia,3918212,https://www.central-cinema.com/checkout/showing/moviecat-trivia/3918212,https://central-cinema.com/movie/moviecat-trivia/,,,
10/22/2026,8:00 PM,Central Cinema,The Totally Halloween Sing Along,180,None,https://indy-systems.imgix.net/75u0theqexa31nfkez2bkak9viod?fit=crop&w=1000&h=500&fm=jpeg&auto=format,,,,the-totally-halloween-sing-along,The Totally Halloween Sing Along,3918213,https://www.central-cinema.com/checkout/showing/the-totally-halloween-sing-along/3918213,https://central-cinema.com/movie/the-totally-halloween-sing-along/,,,
10/22/2026,5:00 PM,Central Cinema,Cartoon Happy Hour,120,None,https://indy-systems.imgix.net/3w3krngdrvk3xyizvv571joe7g9e?fit=crop&w=1000&h=500&fm=jpeg&auto=format,,,,cartoon-happy-hour,Cartoon Happy Hour,3918214,https://www.central-cinema.com/checkout/showing/cartoon-happy-hour/3918214,https://central-cinema.com/movie/cartoon-happy-hour/,,,
10/25/2026,7:00 PM,Central Cinema,Basic Instinct,128,None,https://indy-systems.imgix.net/qb0111x6rjwacph4u8jmoe8myddc?fit=crop&w=1000&h=500&fm=jpeg&auto=format,,,,camp-napalm-presents-basic-instinct,Camp Napalm presents: Basic Instinct,3995070,https://www.central-cinema.com/checkout/showing/camp-napalm-presents-basic-instinct/3995070,https://central-cinema.com/movie/camp-napalm-presents-basic-instinct/,Basic Instinct,,Camp Napalm presents
10/23/2026,4:00 PM,Central Cinema,Frankenstein (1931),70,None,https://indy-systems.imgix.net/ngiuhh38x8aau3r6ct9ugkb0c785?fit=crop&w=1000&h=500&fm=jpeg&auto=format,,,,frankenstein-1931,Frankenstein (1931),3999049,https://www.central-cinema.com/checkout/showing/frankenstein-1931/3999049,https://central-cinema.com/movie/frankenstein-1931/,,,
10/23/2026,7:00 PM,Central Cinema,Frankenstein (1931),70,None,https://indy-systems.imgix.net/ngiuhh38x8aau3r6ct9ugkb0c785?fit=crop&w=1000&h=500&fm=jpeg&auto=format,,,,frankenstein-1931,Frankenstein (1931),3999050,https://www.central-cinema.com/checkout/showing/frankenstein-1931/3999050,https://central-cinema.com/movie/frankenstein-1931/,,,
10/23/2026,9:30 PM,Central Cinema,Fright Night,107,None,https://indy-systems.imgix.net/cmis85yqtlueysgl0zj4tie33lxo?fit=crop&w=1000&h=500&fm=jpeg&auto=format,,,,fright-night,Fright Night,3999051,https://www.central-cinema.com/checkout/showing/fright-night/3999051,https://central-cinema.com/movie/fright-night/,,,
10/24/2026,4:00 PM,Central Cinema,Frankenstein (1931),70,None,https://indy-systems.imgix.net/ngiuhh38x8aau3r6ct9ugkb0c785?fit=crop&w=1000&h=500&fm=jpeg&auto=format,,,,frankenstein-1931,Frankenstein (1931),3999052,https://www.central-cinema.com/checkout/showing/frankenstein-1931/3999052,https://central-cinema.com/movie/frankenstein-1931/,,,
10/25/2026,4:00 PM,Central Cinema,Frankenstein (1931),70,None,https://indy-systems.imgix.net/ngiuhh38x8aau3r6ct9ugkb0c785?fit=crop&w=1000&h=500&fm=jpeg&auto=format,,,,frankenstein-1931,Frankenstein (1931),3999053,https://www.central-cinema.com/checkout/showing/frankenstein-1931/3999053,https://central-cinema.com/movie/frankenstein-1931/,,,
10/26/2026,4:00 PM,Central Cinema,Frankenstein (1931),70,None,https://indy-systems.imgix.net/ngiuhh38x8aau3r6ct9ugkb0c785?fit=crop&w=1000&h=500&fm=jpeg&auto=format,,,,frankenstein-1931,Frankenstein (1931),3999054,https://www.central-cinema.com/checkout/showing/frankenstein-1931/3999054,https://central-cinema.com/movie/frankenstein-1931/,,,
10/26/2026,7:00 PM,Central Cinema,Frankenstein (1931),70,None,https://indy-systems.imgix.net/ngiuhh38x8aau3r6ct9ugkb0c785?fit=crop&w=1000&h=500&fm=jpeg&auto=format,,,,frankenstein-1931,Frankenstein (1931),3999055,https://www.central-cinema.com/checkout/showing/frankenstein-1931/3999055,https://central-cinema.com/movie/frankenstein-1931/,,,
10/26/2026,9:30 PM,Central Cinema,Fright Night,107,None,https://indy-systems.imgix.net/cmis85yqtlueysgl0zj4tie33lxo?fit=crop&w=1000&h=500&fm=jpeg&auto=format,,,,fright-night,Fright Night,3999056,https://www.central-cinema.com/checkout/showing/fright-night/3999056,https://central-cinema.com/movie/fright-night/,,,
10/27/2026,4:00 PM,Central Cinema,Frankenstein (1931),70,None,https://indy-systems.imgix.net/ngiuhh38x8aau3r6ct9ugkb0c785?fit=crop&w=1000&h=500&fm=jpeg&auto=format,,,,frankenstein-1931,Frankenstein (1931),3999057,https://www.central-cinema.com/checkout/showing/frankenstein-1931/3999057,https://central-cinema.com/movie/frankenstein-1931/,,,
10/28/2026,4:00 PM,Central Cinema,Frankenstein (1931),70,None,https://indy-systems.imgix.net/ngiuhh38x8aau3r6ct9ugkb0c785?fit=crop&w=1000&h=500&fm=jpeg&auto=format,,,,frankenstein-1931,Frankenstein (1931),3999058,https://www.central-cinema.com/checkout/showing/frankenstein-1931/3999058,https://central-cinema.com/movie/frankenstein-1931/,,,
10/28/2026,9:30 PM,Central Cinema,Fright Night,107,None,https://indy-systems.imgix.net/cmis85yqtlueysgl0zj4tie33lxo?fit=crop&w=1000&h=500&fm=jpeg&auto=format,,,,fright-night,Fright Night,3999059,https://www.central-cinema.com/checkout/showing/fright-night/3999059,https://central-cinema.com/movie/fright-night/,,,
10/29/2026,5:00 PM,Central Cinema,Cartoon Happy Hour,120,None,https://indy-systems.imgix.net/3w3krngdrvk3xyizvv571joe7g9e?fit=crop&w=1000&h=500&fm=jpeg&auto=format,,,,cartoon-happy-hour,Cartoon Happy Hour,3999060,https://www.central-cinema.com/checkout/showing/cartoon-happy-hour/3999060,https://central-cinema.com/movie/cartoon-happy-hour/,,,
10/20/2026,7:00 PM,Central Cinema,Seattle Scare Society presents: Hausu,120,None,https://indy-systems.imgix.net/hf1cwk29fveixtmxxdx2sa76q8vp?fit=crop&w=1000&h=500&fm=jpeg&auto=format,,,,seattle-scare-society-presents-hausu,Seattle Scare Society presents: Hausu,4011309,https://www.central-cinema.com/checkout/showing/seattle-scare-society-presents-hausu/4011309,https://central-cinema.com/movie/seattle-scare-society-presents-hausu/,,,
10/29/2026,8:00 PM,Central Cinema,Night of the Vamp-Friars,78,None,https://indy-systems.imgix.net/3iy8nyskbzdnl8emow1901h8g19g?fit=crop&w=1000&h=500&fm=jpeg&auto=format,,,,night-of-the-vamp-friars,Night of the Vamp-Friars,4012099,https://www.central-cinema.com/checkout/showing/night-of-the-vamp-friars/4012099,https://central-cinema.com/movie/night-of-the-vamp-friars/,,,
10/27/2026,7:00 PM,Central Cinema,Train to Busan,118,None,https://indy-systems.imgix.net/lxkyi3qur2rbnpjlzyqdm9i2dgei?fit=crop&w=1000&h=500&fm=jpeg&auto=format,,,,cinemancy-train-to-busan,Cinemancy: Train to Busan,4037376,https://www.central-cinema.com/checkout/showing/cinemancy-train-to-busan/4037376,https://central-cinema.com/movie/cinemancy-train-to-busan/,Train to Busan,,Cinemancy
10/30/2026,4:00 PM,Central Cinema,Hocus Pocus,96,None,https://indy-systems.imgix.net/upvblpb06vn9w3ql0mjqpdtqiuuf?fit=crop&w=1000&h=500&fm=jpeg&auto=format,,,,hocus-pocus,Hocus Pocus,4080461,https://www.central-cinema.com/checkout/showing/hocus-pocus/4080461,https://central-cinema.com/movie/hocus-pocus/,,,
10/30/2026,7:00 PM,Central Cinema,Hocus Pocus,96,None,https://indy-systems.imgix.net/upvblpb06vn9w3ql0mjqpdtqiuuf?fit=crop&w=1000&h=500&fm=jpeg&auto=format,,,,hocus-pocus,Hocus Pocus,4080462,https://www.central-cinema.com/checkout/showing/hocus-pocus/4080462,https://central-cinema.com/movie/hocus-pocus/,,,
10/31/2026,4:00 PM,Central Cinema,Hocus Pocus,96,None,https://indy-systems.imgix.net/upvblpb06vn9w3ql0mjqpdtqiuuf?fit=crop&w=1000&h=500&fm=jpeg&auto=format,,,,hocus-pocus,Hocus Pocus,4080463,https://www.central-cinema.com/checkout/showing/hocus-pocus/4080463,https://central-cinema.com/movie/hocus-pocus/,,,
10/31/2026,7:00 PM,Central Cinema,Hocus Pocus,96,None,https://indy-systems.imgix.net/upvblpb06vn9w3ql0mjqpdtqiuuf?fit=crop&w=1000&h=500&fm=jpeg&auto=format,,,,hocus-pocus,Hocus Pocus,4080464,https://www.central-cinema.com/checkout/showing/hocus-pocus/4080464,https://central-cinema.com/movie/hocus-pocus/,,,
11/01/2026,7:00 PM,Central Cinema,Hocus Pocus,96,None,https://indy-systems.imgix.net/upvblpb06vn9w3ql0mjqpdtqiuuf?fit=crop&w=1000&h=500&fm=jpeg&auto=format,,,,hocus-pocus,Hocus Pocus,4080465,https://www.central-cinema.com/checkout/showing/hocus-pocus/4080465,https://central-cinema.com/movie/hocus-pocus/,,,
11/02/2026,4:00 PM,Central Cinema,Hocus Pocus,96,None,https://indy-systems.imgix.net/upvblpb06vn9w3ql0mjqpdtqiuuf?fit=crop&w=1000&h=500&fm=jpeg&auto=format,,,,hocus-pocus,Hocus Pocus,4080466,https://www.central-cinema.com/checkout/showing/hocus-pocus/4080466,https://central-cinema.com/movie/hocus-pocus/,,,
11/02/2026,7:00 PM,Central Cinema,Hocus Pocus,96,None,https://indy-systems.imgix.net/upvblpb06vn9w3ql0mjqpdtqiuuf?fit=crop&w=1000&h=500&fm=jpeg&auto=format,,,,hocus-pocus,Hocus Pocus,4080467,https://www.central-cinema.com/checkout/showing/hocus-pocus/4080467,https://central-cinema.com/movie/hocus-pocus/,,,
11/03/2026,4:00 PM,Central Cinema,Hocus Pocus,96,None,https://indy-systems.imgix.net/upvblpb06vn9w3ql0mjqpdtqiuuf?fit=crop&w=1000&h=500&fm=jpeg&auto=format,,,,hocus-pocus,Hocus Pocus,4080468,https://www.central-cinema.com/checkout/showing/hocus-pocus/4080468,https://central-cinema.com/movie/hocus-pocus/,,,
11/03/2026,7:00 PM,Central Cinema,Hocus Pocus,96,None,https://indy-systems.imgix.net/upvblpb06vn9w3ql0mjqpdtqiuuf?fit=crop&w=1000&h=500&fm=jpeg&auto=format,,,,hocus-pocus,Hocus Pocus,4080469,https://www.central-cinema.com/checkout/showing/hocus-pocus/4080469,https://central-cinema.com/movie/hocus-pocus/,,,
11/04/2026,4:00 PM,Central Cinema,Hocus Pocus,96,None,https://indy-systems.imgix.net/upvblpb06vn9w3ql0mjqpdtqiuuf?fit=crop&w=1000&h=500&fm=jpeg&auto=format,,,,hocus-pocus,Hocus Pocus,4080470,https://www.central-cinema.com/checkout/showing/hocus-pocus/4080470,https://central-cinema.com/movie/hocus-pocus/,,,
11/04/2026,7:00 PM,Central Cinema,Hocus Pocus,96,None,https://indy-systems.imgix.net/upvblpb06vn9w3ql0mjqpdtqiuuf?fit=crop&w=1000&h=500&fm=jpeg&auto=format,,,,hocus-pocus,Hocus Pocus,4080471,https://www.central-cinema.com/checkout/showing/hocus-pocus/4080471,https://central-cinema.com/movie/hocus-pocus/,,,
11/05/2026,5:00 PM,Central Cinema,Cartoon Happy Hour,120,None,https://indy-systems.imgix.net/3w3krngdrvk3xyizvv571joe7g9e?fit=crop&w=1000&h=500&fm=jpeg&auto=format,,,,cartoon-happy-hour,Cartoon Happy Hour,4080472,https://www.central-cinema.com/checkout/showing/cartoon-happy-hour/4080472,https://central-cinema.com/movie/cartoon-happy-hour/,,,
11/05/2026,8:00 PM,Central Cinema,The Room,100,None,https://indy-systems.imgix.net/ft8rget6a5qd5o1td85n3f7xv6zm?fit=crop&w=1000&h=500&fm=jpeg&auto=format,,,,the-room,The Room,4080473,https://www.central-cinema.com/checkout/showing/the-room/4080473,https://central-cinema.com/movie/the-room/,,,
10/30/2026,9:30 PM,Central Cinema,A Nightmare on Elm Street,91,None,https://indy-systems.imgix.net/ayb5yvf2qr0veovcpsr1zzpzxbd6?fit=crop&w=1000&h=500&fm=jpeg&auto=format,,,,a-nightmare-on-elm-street,A Nightmare on Elm Street,4080564,https://www.central-cinema.com/checkout/showing/a-nightmare-on-elm-street/4080564,https://central-cinema.com/movie/a-nightmare-on-elm-street/,,,
10/31/2026,9:30 PM,Central Cinema,A Nightmare on Elm Street,91,None,https://indy-systems.imgix.net/ayb5yvf2qr0veovcpsr1zzpzxbd6?fit=crop&w=1000&h=500&fm=jpeg&auto=format,,,,a-nightmare-on-elm-street,A Nightmare on Elm Street,4080565,https://www.central-cinema.com/checkout/showing/a-nightmare-on-elm-street/4080565,https://central-cinema.com/movie/a-nightmare-on-elm-street/,,,
11/01/2026,9:30 PM,Central Cinema,A Nightmare on Elm Street,91,None,https://indy-systems.imgix.net/ayb5yvf2qr0veovcpsr1zzpzxbd6?fit=crop&w=1000&h=500&fm=jpeg&auto=format,,,,a-nightmare-on-elm-street,A Nightmare on Elm Street,4080566,https://www.central-cinema.com/checkout/showing/a-nightmare-on-elm-street/4080566,https://central-cinema.com/movie/a-nightmare-on-elm-street/,,,
11/02/2026,9:30 PM,Central Cinema,A Nightmare on Elm Street,91,None,https://indy-systems.imgix.net/ayb5yvf2qr0veovcpsr1zzpzxbd6?fit=crop&w=1000&h=500&fm=jpeg&auto=format,,,,a-nightmare-on-elm-street,A Nightmare on Elm Street,4080567,https://www.central-cinema.com/checkout/showing/a-nightmare-on-elm-street/4080567,https://central-cinema.com/movie/a-nightmare-on-elm-street/,,,
11/03/2026,9:30 PM,Central Cinema,A Nightmare on Elm Street,91,None,https://indy-systems.imgix.net/ayb5yvf2qr0veovcpsr1zzpzxbd6?fit=crop&w=1000&h=500&fm=jpeg&auto=format,,,,a-nightmare-on-elm-street,A Nightmare on Elm Street,4080568,https://www.central-cinema.com/checkout/showing/a-nightmare-on-elm-street/4080568,https://central-cinema.com/movie/a-nightmare-on-elm-street/,,,
11/04/2026,9:30 PM,Central Cinema,A Nightmare on Elm Street,91,None,https://indy-systems.imgix.net/ayb5yvf2qr0veovcpsr1zzpzxbd6?fit=crop&w=1000&h=500&fm=jpeg&auto=format,,,,a-nightmare-on-elm-street,A Nightmare on Elm Street,4080569,https://www.central-cinema.com/checkout/showing/a-nightmare-on-elm-street/4080569,https://central-cinema.com/movie/a-nightmare-on-elm-street/,,,
10/17/2026,5:30 PM,SIFF Film Center,I Walked with a Zombie,69,None,https://grandillusioncinema.org/wp-content/uploads/2026/09/iwalkedwithazombieposter-550x825.jpg,,,,i-walked-with-a-zombie,I Walked with a Zombie,i-walked-with-a-zombie|siff-film-center|2026-10-17|17:30,https://prod5.agileticketing.net/websales/pages/info.aspx?evtinfo=653899~db6ae971-a7a0-4ce7-8336-1f487b58723c&,https://grandillusioncinema.org/film/i-walked-with-a-zombie/,,1943,
10/17/2026,7:30 PM,SIFF Film Center,Black Zombie,90,None,https://grandillusioncinema.org/wp-content/uploads/2026/09/blackzombieposter-550x814.jpg,,,,black-zombie,Black Zombie,black-zombie|siff-film-center|2026-10-17|19:30,https://prod5.agileticketing.net/websales/pages/info.aspx?evtinfo=653901~db6ae971-a7a0-4ce7-8336-1f487b58723c&,https://grandillusioncinema.org/film/black-zombie/,,2026,
10/18/2026,4:30 PM,SIFF Film Center,Television Terror Triple Feature Pizza Party 2,300,None,https://grandillusioncinema.org/wp-content/uploads/2026/09/television_terror_triple_feature_pizza_party_2.png,,,,television-terror-triple-feature-pizza-party-2,Television Terror Triple Feature Pizza Party 2,television-terror-triple-feature-pizza-party-2|siff-film-center|2026-10-18|16:30,https://prod5.agileticketing.net/websales/pages/info.aspx?evtinfo=656184~db6ae971-a7a0-4ce7-8336-1f487b58723c&,https://grandillusioncinema.org/film/television-terror-triple-feature-pizza-party-2/,,,
10/20/2026,7:30 PM,SIFF Film Center,A Chinese Ghost Story – New 4K Restoration,96,None,https://grandillusioncinema.org/wp-content/uploads/2026/09/achineseghoststoryposter-550x790.jpg,,,,a-chinese-ghost-story-new-4k-restoration,A Chinese Ghost Story – New 4K Restoration,a-chinese-ghost-story-new-4k-restoration|siff-film-center|2026-10-20|19:30,https://prod5.agileticketing.net/websales/pages/info.aspx?evtinfo=654935~db6ae971-a7a0-4ce7-8336-1f487b58723c&,https://grandillusioncinema.org/film/a-chinese-ghost-story-new-4k-restoration/,,1987,
10/27/2026,7:30 PM,SIFF Film Center,"The Most Dangerous Game (1932) plus shorts, on 16mm",95,None,https://grandillusioncinema.org/wp-content/uploads/2026/09/most-dangerous-game-1932-poster.jpg,,,,the-most-dangerous-game-on-16mm,"The Most Dangerous Game (1932) plus shorts, on 16mm",the-most-dangerous-game-on-16mm|siff-film-center|2026-10-27|19:30,https://prod5.agileticketing.net/websales/pages/info.aspx?evtinfo=656899~db6ae971-a7a0-4ce7-8336-1f487b58723c&,https://grandillusioncinema.org/film/the-most-dangerous-game-on-16mm/,,,
10/29/2026,8:00 PM,Central Cinema,Night of the Vamp-Friars,78,None,https://grandillusioncinema.org/wp-content/uploads/2026/09/vamp_onesheet_Final-550x812.jpg,,,,night-of-the-vamp-friars,Night of the Vamp-Friars,night-of-the-vamp-friars|central-cinema|2026-10-29|20:00,https://central-cinema.com/movie/night-of-the-vamp-friars,https://grandillusioncinema.org/film/night-of-the-vamp-friars/,,2026,
11/01/2026,4:30 PM,SIFF Film Center,Marie Antoinette – New 4K Restoration,123,None,https://grandillusioncinema.org/wp-content/uploads/2026/10/marieantoinetteposter-1.png,,,,marie-antoinette,Marie Antoinette – New 4K Restoration,marie-antoinette|siff-film-center|2026-11-01|16:30,https://prod5.agileticketing.net/websales/pages/info.aspx?evtinfo=661713~db6ae971-a7a0-4ce7-8336-1f487b58723c&,https://grandillusioncinema.org/film/marie-antoinette/,,2006,
11/01/2026,7:30 PM,SIFF Film Center,Making Marie Antoinette,86,None,https://grandillusioncinema.org/wp-content/uploads/2026/10/mma_keyart_en-us_digi_os_get-tickets-now-1.jpg,,,,making-marie-antoinette,Making Marie Antoinette,making-marie-antoinette|siff-film-center|2026-11-01|19:30,https://prod5.agileticketing.net/websales/pages/info.aspx?evtinfo=661735~db6ae971-a7a0-4ce7-8336-1f487b58723c&,https://grandillusioncinema.org/film/making-marie-antoinette/,,2026,
11/03/2026,7:15 PM,SIFF Film Center,Withdrawal,93,None,https://grandillusioncinema.org/wp-content/uploads/2026/09/withdrawal_poster_2026.png,,,,withdrawal,Withdrawal,withdrawal|siff-film-center|2026-11-03|19:15,https://prod5.agileticketing.net/websales/pages/info.aspx?evtinfo=658861~db6ae971-a7a0-4ce7-8336-1f487b58723c&,https://grandillusioncinema.org/film/withdrawal/,,2025,
10/23/2026,7:30 PM,Tasveer Film Center,Wildwood,132,None,None,,,,155992,Wildwood,4003596,https://filmcenter.tasveer.org/checkout/showing/wildwood/4003596,https://filmcenter.tasveer.org/movie/wildwood,,,
10/24/2026,7:30 PM,Tasveer Film Center,Wildwood,132,None,None,,,,155992,Wildwood,4003597,https://filmcenter.tasveer.org/checkout/showing/wildwood/4003597,https://filmcenter.tasveer.org/movie/wildwood,,,
10/25/2026,2:45 PM,Tasveer Film Center,Wildwood,132,None,None,,,,155992,Wildwood,4003609,https://filmcenter.tasveer.org/checkout/showing/wildwood/4003609,https://filmcenter.tasveer.org/movie/wildwood,,,
10/26/2026,7:30 PM,Tasveer Film Center,Wildwood,132,None,None,,,,155992,Wildwood,4003610,https://filmcenter.tasveer.org/checkout/showing/wildwood/4003610,https://filmcenter.tasveer.org/movie/wildwood,,,
10/27/2026,7:30 PM,Tasveer Film Center,Wildwood,132,None,None,,,,155992,Wildwood,4003615,https://filmcenter.tasveer.org/checkout/showing/wildwood/4003615,https://filmcenter.tasveer.org/movie/wildwood,,,
10/28/2026,7:30 PM,Tasveer Film Center,Wildwood,132,None,None,,,,155992,Wildwood,4003614,https://filmcenter.tasveer.org/checkout/showing/wildwood/4003614,https://filmcenter.tasveer.org/movie/wildwood,,,
10/29/2026,7:30 PM,Tasveer Film Center,Wildwood,132,None,None,,,,155992,Wildwood,4003584,https://filmcenter.tasveer.org/checkout/showing/wildwood/4003584,https://filmcenter.tasveer.org/movie/wildwood,,,
10/25/2026,6:00 PM,Tasveer Film Center,NAGARKIRTAN,114,None,None,,,,155990,"NAGARKIRTAN (নগরকীর্তন, Bengali, 2017))",4004424,https://filmcenter.tasveer.org/checkout/showing/nagarkirtan-bengali-2017/4004424,https://filmcenter.tasveer.org/movie/nagarkirtan-bengali-2017,NAGARKIRTAN,2017,
10/23/2026,6:45 PM,Tasveer Film Center,You Can See Everything,174,None,None,,,,155989,"You Can See Everything (2026, USA)",4003595,https://filmcenter.tasveer.org/checkout/showing/you-can-see-everything-2026-usa/4003595,https://filmcenter.tasveer.org/movie/you-can-see-everything-2026-usa,You Can See Everything,2026,
10/24/2026,6:45 PM,Tasveer Film Center,You Can See Everything,174,None,None,,,,155989,"You Can See Everything (2026, USA)",4003598,https://filmcenter.tasveer.org/checkout/showing/you-can-see-everything-2026-usa/4003598,https://filmcenter.tasveer.org/movie/you-can-see-everything-2026-usa,You Can See Everything,2026,
10/25/2026,3:00 PM,Tasveer Film Center,You Can See Everything,174,None,None,,,,155989,"You Can See Everything (2026, USA)",4003599,https://filmcenter.tasveer.org/checkout/showing/you-can-see-everything-2026-usa/4003599,https://filmcenter.tasveer.org/movie/you-can-see-everything-2026-usa,You Can See Everything,2026,
10/26/2026,6:45 PM,Tasveer Film Center,You Can See Everything,174,None,None,,,,155989,"You Can See Everything (2026, USA)",4003611,https://filmcenter.tasveer.org/checkout/showing/you-can-see-everything-2026-usa/4003611,https://filmcenter.tasveer.org/movie/you-can-see-everything-2026-usa,You Can See Everything,2026,
10/27/2026,6:45 PM,Tasveer Film Center,You Can See Everything,174,None,None,,,,155989,"You Can See Everything (2026, USA)",4003612,https://filmcenter.tasveer.org/checkout/showing/you-can-see-everything-2026-usa/4003612,https://filmcenter.tasveer.org/movie/you-can-see-everything-2026-usa,You Can See Everything,2026,
10/29/2026,6:45 PM,Tasveer Film Center,You Can See Everything,174,None,None,,,,155989,"You Can See Everything (2026, USA)",4003586,https://filmcenter.tasveer.org/checkout/showing/you-can-see-everything-2026-usa/4003586,https://filmcenter.tasveer.org/movie/you-can-see-everything-2026-usa,You Can See Everything,2026,
10/23/2026,5:05 PM,Tasveer Film Center,Tenzing,126,None,None,,,,154662,Tenzing,4003542,https://filmcenter.tasveer.org/checkout/showing/tenzing/4003542,https://filmcenter.tasveer.org/movie/tenzing,,,
10/24/2026,5:00 PM,Tasveer Film Center,Tenzing,126,None,None,,,,154662,Tenzing,4003540,https://filmcenter.tasveer.org/checkout/showing/tenzing/4003540,https://filmcenter.tasveer.org/movie/tenzing,,,
10/25/2026,4:00 PM,Tasveer Film Center,Tenzing,126,None,None,,,,154662,Tenzing,4003543,https://filmcenter.tasveer.org/checkout/showing/tenzing/4003543,https://filmcenter.tasveer.org/movie/tenzing,,,
10/26/2026,5:10 PM,Tasveer Film Center,Tenzing,126,None,None,,,,154662,Tenzing,4003546,https://filmcenter.tasveer.org/checkout/showing/tenzing/4003546,https://filmcenter.tasveer.org/movie/tenzing,,,
10/27/2026,5:10 PM,Tasveer Film Center,Tenzing,126,None,None,,,,154662,Tenzing,4003547,https://filmcenter.tasveer.org/checkout/showing/tenzing/4003547,https://filmcenter.tasveer.org/movie/tenzing,,,
10/28/2026,5:10 PM,Tasveer Film Center,Tenzing,126,None,None,,,,154662,Tenzing,4003550,https://filmcenter.tasveer.org/checkout/showing/tenzing/4003550,https://filmcenter.tasveer.org/movie/tenzing,,,
10/29/2026,5:10 PM,Tasveer Film Center,Tenzing,126,None,None,,,,154662,Tenzing,4003551,https://filmcenter.tasveer.org/checkout/showing/tenzing/4003551,https://filmcenter.tasveer.org/movie/tenzing,,,
10/09/2026,5:45 PM,Tasveer Film Center,Naza,80,None,None,,,,154361,"Naza (2026, Hebrew/English subtitled in English)",3960743,https://filmcenter.tasveer.org/checkout/showing/naza-2026-hebrewenglish-subtitled-in-english/3960743,https://filmcenter.tasveer.org/movie/naza-2026-hebrewenglish-subtitled-in-english,Naza,2026,
10/09/2026,7:45 PM,Tasveer Film Center,Naza,80,None,None,,,,154361,"Naza (2026, Hebrew/English subtitled in English)",3960742,https://filmcenter.tasveer.org/checkout/showing/naza-2026-hebrewenglish-subtitled-in-english/3960742,https://filmcenter.tasveer.org/movie/naza-2026-hebrewenglish-subtitled-in-english,Naza,2026,
10/10/2026,3:45 PM,Tasveer Film Center,Naza,80,None,None,,,,154361,"Naza (2026, Hebrew/English subtitled in English)",3960753,https://filmcenter.tasveer.org/checkout/showing/naza-2026-hebrewenglish-subtitled-in-english/3960753,https://filmcenter.tasveer.org/movie/naza-2026-hebrewenglish-subtitled-in-english,Naza,2026,
10/10/2026,5:45 PM,Tasveer Film Center,Naza,80,None,None,,,,154361,"Naza (2026, Hebrew/English subtitled in English)",3960749,https://filmcenter.tasveer.org/checkout/showing/naza-2026-hebrewenglish-subtitled-in-english/3960749,https://filmcenter.tasveer.org/movie/naza-2026-hebrewenglish-subtitled-in-english,Naza,2026,
10/10/2026,7:45 PM,Tasveer Film Center,Naza,80,None,None,,,,154361,"Naza (2026, Hebrew/English subtitled in English)",3960750,https://filmcenter.tasveer.org/checkout/showing/naza-2026-hebrewenglish-subtitled-in-english/3960750,https://filmcenter.tasveer.org/movie/naza-2026-hebrewenglish-subtitled-in-english,Naza,2026,
10/11/2026,2:30 PM,Tasveer Film Center,Naza,80,None,None,,,,154361,"Naza (2026, Hebrew/English subtitled in English)",3960757,https://filmcenter.tasveer.org/checkout/showing/naza-2026-hebrewenglish-subtitled-in-english/3960757,https://filmcenter.tasveer.org/movie/naza-2026-hebrewenglish-subtitled-in-english,Naza,2026,
10/11/2026,4:30 PM,Tasveer Film Center,Naza,80,None,None,,,,154361,"Naza (2026, Hebrew/English subtitled in English)",3960755,https://filmcenter.tasveer.org/checkout/showing/naza-2026-hebrewenglish-subtitled-in-english/3960755,https://filmcenter.tasveer.org/movie/naza-2026-hebrewenglish-subtitled-in-english,Naza,2026,
10/08/2026,7:30 PM,Tasveer Film Center,The History of Concrete,101,None,None,,,,154126,"The History of Concrete (2026, USA)",4005401,https://filmcenter.tasveer.org/checkout/showing/the-history-of-concrete-2026-usa/4005401,https://filmcenter.tasveer.org/movie/the-history-of-concrete-2026-usa,The History of Concrete,2026,
10/09/2026,7:30 PM,Tasveer Film Center,The History of Concrete,101,None,None,,,,154126,"The History of Concrete (2026, USA)",4087780,https://filmcenter.tasveer.org/checkout/showing/the-history-of-concrete-2026-usa/4087780,https://filmcenter.tasveer.org/movie/the-history-of-concrete-2026-usa,The History of Concrete,2026,
10/10/2026,5:25 PM,Tasveer Film Center,The History of Concrete,101,None,None,,,,154126,"The History of Concrete (2026, USA)",4087781,https://filmcenter.tasveer.org/checkout/showing/the-history-of-concrete-2026-usa/4087781,https://filmcenter.tasveer.org/movie/the-history-of-concrete-2026-usa,The History of Concrete,2026,
10/11/2026,4:15 PM,Tasveer Film Center,The History of Concrete,101,None,None,,,,154126,"The History of Concrete (2026, USA)",4087785,https://filmcenter.tasveer.org/checkout/showing/the-history-of-concrete-2026-usa/4087785,https://filmcenter.tasveer.org/movie/the-history-of-concrete-2026-usa,The History of Concrete,2026,
10/08/2026,7:10 PM,Tasveer Film Center,Primetime,110,None,None,,,,153033,"Primetime (USA, 2026)",3920766,https://filmcenter.tasveer.org/checkout/showing/primetime-usa-2026/3920766,https://filmcenter.tasveer.org/movie/primetime-usa-2026,Primetime,2026,
10/09/2026,5:25 PM,Tasveer Film Center,Primetime,110,None,None,,,,153033,"Primetime (USA, 2026)",4087779,https://filmcenter.tasveer.org/checkout/showing/primetime-usa-2026/4087779,https://filmcenter.tasveer.org/movie/primetime-usa-2026,Primetime,2026,
10/10/2026,7:30 PM,Tasveer Film Center,Primetime,110,None,None,,,,153033,"Primetime (USA, 2026)",4087782,https://filmcenter.tasveer.org/checkout/showing/primetime-usa-2026/4087782,https://filmcenter.tasveer.org/movie/primetime-usa-2026,Primetime,2026,
10/11/2026,2:10 PM,Tasveer Film Center,Primetime,110,None,None,,,,153033,"Primetime (USA, 2026)",4087784,https://filmcenter.tasveer.org/checkout/showing/primetime-usa-2026/4087784,https://filmcenter.tasveer.org/movie/primetime-usa-2026,Primetime,2026,
10/08/2026,6:00 PM,Anderson School Theater,The Social Reckoning,112,None,https://ticketing.uswest.veezi.com/Media/Poster?siteToken=zm3drrwk0vq0zf44k078xwsxz4&code=0000003695&isHighRes=true,,,,ST00003302,The Social Reckoning,102675,https://ticketing.uswest.veezi.com/purchase/102675?siteToken=zm3drrwk0vq0zf44k078xwsxz4,https://www.mcmenamins.com/anderson-school/anderson-school-theater,,,
10/09/2026,2:30 PM,Anderson School Theater,The Social Reckoning,112,None,https://ticketing.uswest.veezi.com/Media/Poster?siteToken=zm3drrwk0vq0zf44k078xwsxz4&code=0000003695&isHighRes=true,,,,ST00003302,The Social Reckoning,102676,https://ticketing.uswest.veezi.com/purchase/102676?siteToken=zm3drrwk0vq0zf44k078xwsxz4,https://www.mcmenamins.com/anderson-school/anderson-school-theater,,,
10/09/2026,6:00 PM,Anderson School Theater,The Social Reckoning,112,None,https://ticketing.uswest.veezi.com/Media/Poster?siteToken=zm3drrwk0vq0zf44k078xwsxz4&code=0000003695&isHighRes=true,,,,ST00003302,The Social Reckoning,102683,https://ticketing.uswest.veezi.com/purchase/102683?siteToken=zm3drrwk0vq0zf44k078xwsxz4,https://www.mcmenamins.com/anderson-school/anderson-school-theater,,,
10/10/2026,11:30 AM,Anderson School Theater,The Social Reckoning,112,None,https://ticketing.uswest.veezi.com/Media/Poster?siteToken=zm3drrwk0vq0zf44k078xwsxz4&code=0000003695&isHighRes=true,,,,ST00003302,The Social Reckoning,102704,https://ticketing.uswest.veezi.com/purchase/102704?siteToken=zm3drrwk0vq0zf44k078xwsxz4,https://www.mcmenamins.com/anderson-school/anderson-school-theater,,,
10/10/2026,2:30 PM,Anderson School Theater,The Social Reckoning,112,None,https://ticketing.uswest.veezi.com/Media/Poster?siteToken=zm3drrwk0vq0zf44k078xwsxz4&code=0000003695&isHighRes=true,,,,ST00003302,The Social Reckoning,102677,https://ticketing.uswest.veezi.com/purchase/102677?siteToken=zm3drrwk0vq0zf44k078xwsxz4,https://www.mcmenamins.com/anderson-school/anderson-school-theater,,,
10/10/2026,6:00 PM,Anderson School Theater,The Social Reckoning,112,None,https://ticketing.uswest.veezi.com/Media/Poster?siteToken=zm3drrwk0vq0zf44k078xwsxz4&code=0000003695&isHighRes=true,,,,ST00003302,The Social Reckoning,102684,https://ticketing.uswest.veezi.com/purchase/102684?siteToken=zm3drrwk0vq0zf44k078xwsxz4,https://www.mcmenamins.com/anderson-school/anderson-school-theater,,,
10/11/2026,11:30 AM,Anderson School Theater,The Social Reckoning,112,None,https://ticketing.uswest.veezi.com/Media/Poster?siteToken=zm3drrwk0vq0zf44k078xwsxz4&code=0000003695&isHighRes=true,,,,ST00003302,The Social Reckoning,102705,https://ticketing.uswest.veezi.com/purchase/102705?siteToken=zm3drrwk0vq0zf44k078xwsxz4,https://www.mcmenamins.com/anderson-school/anderson-school-theater,,,
10/11/2026,2:30 PM,Anderson School Theater,The Social Reckoning,112,None,https://ticketing.uswest.veezi.com/Media/Poster?siteToken=zm3drrwk0vq0zf44k078xwsxz4&code=0000003695&isHighRes=true,,,,ST00003302,The Social Reckoning,102678,https://ticketing.uswest.veezi.com/purchase/102678?siteToken=zm3drrwk0vq0zf44k078xwsxz4,https://www.mcmenamins.com/anderson-school/anderson-school-theater,,,
10/11/2026,6:00 PM,Anderson School Theater,The Social Reckoning,112,None,https://ticketing.uswest.veezi.com/Media/Poster?siteToken=zm3drrwk0vq0zf44k078xwsxz4&code=0000003695&isHighRes=true,,,,ST00003302,The Social Reckoning,102685,https://ticketing.uswest.veezi.com/purchase/102685?siteToken=zm3drrwk0vq0zf44k078xwsxz4,https://www.mcmenamins.com/anderson-school/anderson-school-theater,,,
10/12/2026,2:30 PM,Anderson School Theater,The Social Reckoning,112,None,https://ticketing.uswest.veezi.com/Media/Poster?siteToken=zm3drrwk0vq0zf44k078xwsxz4&code=0000003695&isHighRes=true,,,,ST00003302,The Social Reckoning,102679,https://ticketing.uswest.veezi.com/purchase/102679?siteToken=zm3drrwk0vq0zf44k078xwsxz4,https://www.mcmenamins.com/anderson-school/anderson-school-theater,,,
10/12/2026,6:00 PM,Anderson School Theater,The Social Reckoning,112,None,https://ticketing.uswest.veezi.com/Media/Poster?siteToken=zm3drrwk0vq0zf44k078xwsxz4&code=0000003695&isHighRes=true,,,,ST00003302,The Social Reckoning,102686,https://ticketing.uswest.veezi.com/purchase/102686?siteToken=zm3drrwk0vq0zf44k078xwsxz4,https://www.mcmenamins.com/anderson-school/anderson-school-theater,,,
10/13/2026,6:00 PM,Anderson School Theater,The Social Reckoning,112,None,https://ticketing.uswest.veezi.com/Media/Poster?siteToken=zm3drrwk0vq0zf44k078xwsxz4&code=0000003695&isHighRes=true,,,,ST00003302,The Social Reckoning,102687,https://ticketing.uswest.veezi.com/purchase/102687?siteToken=zm3drrwk0vq0zf44k078xwsxz4,https://www.mcmenamins.com/anderson-school/anderson-school-theater,,,
10/14/2026,2:30 PM,Anderson School Theater,The Social Reckoning,112,None,https://ticketing.uswest.veezi.com/Media/Poster?siteToken=zm3drrwk0vq0zf44k078xwsxz4&code=0000003695&isHighRes=true,,,,ST00003302,The Social Reckoning,102680,https://ticketing.uswest.veezi.com/purchase/102680?siteToken=zm3drrwk0vq0zf44k078xwsxz4,https://www.mcmenamins.com/anderson-school/anderson-school-theater,,,
10/14/2026,6:00 PM,Anderson School Theater,The Social Reckoning,112,None,https://ticketing.uswest.veezi.com/Media/Poster?siteToken=zm3drrwk0vq0zf44k078xwsxz4&code=0000003695&isHighRes=true,,,,ST00003302,The Social Reckoning,102688,https://ticketing.uswest.veezi.com/purchase/102688?siteToken=zm3drrwk0vq0zf44k078xwsxz4,https://www.mcmenamins.com/anderson-school/anderson-school-theater,,,
10/15/2026,2:30 PM,Anderson School Theater,The Social Reckoning,112,None,https://ticketing.uswest.veezi.com/Media/Poster?siteToken=zm3drrwk0vq0zf44k078xwsxz4&code=0000003695&isHighRes=true,,,,ST00003302,The Social Reckoning,102681,https://ticketing.uswest.veezi.com/purchase/102681?siteToken=zm3drrwk0vq0zf44k078xwsxz4,https://www.mcmenamins.com/anderson-school/anderson-school-theater,,,
10/15/2026,6:00 PM,Anderson School Theater,The Social Reckoning,112,None,https://ticketing.uswest.veezi.com/Media/Poster?siteToken=zm3drrwk0vq0zf44k078xwsxz4&code=0000003695&isHighRes=true,,,,ST00003302,The Social Reckoning,102689,https://ticketing.uswest.veezi.com/purchase/102689?siteToken=zm3drrwk0vq0zf44k078xwsxz4,https://www.mcmenamins.com/anderson-school/anderson-school-theater,,,
10/16/2026,2:30 PM,Anderson School Theater,The Social Reckoning,112,None,https://ticketing.uswest.veezi.com/Media/Poster?siteToken=zm3drrwk0vq0zf44k078xwsxz4&code=0000003695&isHighRes=true,,,,ST00003302,The Social Reckoning,102690,https://ticketing.uswest.veezi.com/purchase/102690?siteToken=zm3drrwk0vq0zf44k078xwsxz4,https://www.mcmenamins.com/anderson-school/anderson-school-theater,,,
10/16/2026,6:00 PM,Anderson School Theater,The Social Reckoning,112,None,https://ticketing.uswest.veezi.com/Media/Poster?siteToken=zm3drrwk0vq0zf44k078xwsxz4&code=0000003695&isHighRes=true,,,,ST00003302,The Social Reckoning,102696,https://ticketing.uswest.veezi.com/purchase/102696?siteToken=zm3drrwk0vq0zf44k078xwsxz4,https://www.mcmenamins.com/anderson-school/anderson-school-theater,,,
10/17/2026,11:30 AM,Anderson School Theater,The Social Reckoning,112,None,https://ticketing.uswest.veezi.com/Media/Poster?siteToken=zm3drrwk0vq0zf44k078xwsxz4&code=0000003695&isHighRes=true,,,,ST00003302,The Social Reckoning,102702,https://ticketing.uswest.veezi.com/purchase/102702?siteToken=zm3drrwk0vq0zf44k078xwsxz4,https://www.mcmenamins.com/anderson-school/anderson-school-theater,,,
10/17/2026,2:30 PM,Anderson School Theater,The Social Reckoning,112,None,https://ticketing.uswest.veezi.com/Media/Poster?siteToken=zm3drrwk0vq0zf44k078xwsxz4&code=0000003695&isHighRes=true,,,,ST00003302,The Social Reckoning,102691,https://ticketing.uswest.veezi.com/purchase/102691?siteToken=zm3drrwk0vq0zf44k078xwsxz4,https://www.mcmenamins.com/anderson-school/anderson-school-theater,,,
10/17/2026,6:00 PM,Anderson School Theater,The Social Reckoning,112,None,https://ticketing.uswest.veezi.com/Media/Poster?siteToken=zm3drrwk0vq0zf44k078xwsxz4&code=0000003695&isHighRes=true,,,,ST00003302,The Social Reckoning,102697,https://ticketing.uswest.veezi.com/purchase/102697?siteToken=zm3drrwk0vq0zf44k078xwsxz4,https://www.mcmenamins.com/anderson-school/anderson-school-theater,,,
10/18/2026,11:30 AM,Anderson School Theater,The Social Reckoning,112,None,https://ticketing.uswest.veezi.com/Media/Poster?siteToken=zm3drrwk0vq0zf44k078xwsxz4&code=0000003695&isHighRes=true,,,,ST00003302,The Social Reckoning,102703,https://ticketing.uswest.veezi.com/purchase/102703?siteToken=zm3drrwk0vq0zf44k078xwsxz4,https://www.mcmenamins.com/anderson-school/anderson-school-theater,,,
10/18/2026,2:30 PM,Anderson School Theater,The Social Reckoning,112,None,https://ticketing.uswest.veezi.com/Media/Poster?siteToken=zm3drrwk0vq0zf44k078xwsxz4&code=0000003695&isHighRes=true,,,,ST00003302,The Social Reckoning,102692,https://ticketing.uswest.veezi.com/purchase/102692?siteToken=zm3drrwk0vq0zf44k078xwsxz4,https://www.mcmenamins.com/anderson-school/anderson-school-theater,,,
10/18/2026,6:00 PM,Anderson School Theater,The Social Reckoning,112,None,https://ticketing.uswest.veezi.com/Media/Poster?siteToken=zm3drrwk0vq0zf44k078xwsxz4&code=0000003695&isHighRes=true,,,,ST00003302,The Social Reckoning,102698,https://ticketing.uswest.veezi.com/purchase/102698?siteToken=zm3drrwk0vq0zf44k078xwsxz4,https://www.mcmenamins.com/anderson-school/anderson-school-theater,,,
10/19/2026,2:30 PM,Anderson School Theater,The Social Reckoning,112,None,https://ticketing.uswest.veezi.com/Media/Poster?siteToken=zm3drrwk0vq0zf44k078xwsxz4&code=0000003695&isHighRes=true,,,,ST00003302,The Social Reckoning,102693,https://ticketing.uswest.veezi.com/purchase/102693?siteToken=zm3drrwk0vq0zf44k078xwsxz4,https://www.mcmenamins.com/anderson-school/anderson-school-theater,,,
10/19/2026,6:00 PM,Anderson School Theater,The Social Reckoning,112,None,https://ticketing.uswest.veezi.com/Media/Poster?siteToken=zm3drrwk0vq0zf44k078xwsxz4&code=0000003695&isHighRes=true,,,,ST00003302,The Social Reckoning,102699,https://ticketing.uswest.veezi.com/purchase/102699?siteToken=zm3drrwk0vq0zf44k078xwsxz4,https://www.mcmenamins.com/anderson-school/anderson-school-theater,,,
10/20/2026,6:00 PM,Anderson School Theater,The Social Reckoning,112,None,https://ticketing.uswest.veezi.com/Media/Poster?siteToken=zm3drrwk0vq0zf44k078xwsxz4&code=0000003695&isHighRes=true,,,,ST00003302,The Social Reckoning,102700,https://ticketing.uswest.veezi.com/purchase/102700?siteToken=zm3drrwk0vq0zf44k078xwsxz4,https://www.mcmenamins.com/anderson-school/anderson-school-theater,,,
10/21/2026,2:30 PM,Anderson School Theater,The Social Reckoning,112,None,https://ticketing.uswest.veezi.com/Media/Poster?siteToken=zm3drrwk0vq0zf44k078xwsxz4&code=0000003695&isHighRes=true,,,,ST00003302,The Social Reckoning,102695,https://ticketing.uswest.veezi.com/purchase/102695?siteToken=zm3drrwk0vq0zf44k078xwsxz4,https://www.mcmenamins.com/anderson-school/anderson-school-theater,,,
10/21/2026,6:00 PM,Anderson School Theater,The Social Reckoning,112,None,https://ticketing.uswest.veezi.com/Media/Poster?siteToken=zm3drrwk0vq0zf44k078xwsxz4&code=0000003695&isHighRes=true,,,,ST00003302,The Social Reckoning,102701,https://ticketing.uswest.veezi.com/purchase/102701?siteToken=zm3drrwk0vq0zf44k078xwsxz4,https://www.mcmenamins.com/anderson-school/anderson-school-theater,,,
10/13/2026,2:45 PM,Anderson School Theater,The Social Reckoning,112,None,https://ticketing.uswest.veezi.com/Media/Poster?siteToken=zm3drrwk0vq0zf44k078xwsxz4&code=0000003695&isHighRes=true,,,,ST00003308,The Social Reckoning OCAP,102682,https://ticketing.uswest.veezi.com/purchase/102682?siteToken=zm3drrwk0vq0zf44k078xwsxz4,https://www.mcmenamins.com/anderson-school/anderson-school-theater,The Social Reckoning,,
10/20/2026,2:30 PM,Anderson School Theater,The Social Reckoning,112,None,https://ticketing.uswest.veezi.com/Media/Poster?siteToken=zm3drrwk0vq0zf44k078xwsxz4&code=0000003695&isHighRes=true,,,,ST00003308,The Social Reckoning OCAP,102694,https://ticketing.uswest.veezi.com/purchase/102694?siteToken=zm3drrwk0vq0zf44k078xwsxz4,https://www.mcmenamins.com/anderson-school/anderson-school-theater,The Social Reckoning,,
10/22/2026,2:30 PM,Anderson School Theater,Wildwood,132,None,https://ticketing.uswest.veezi.com/Media/Poster?siteToken=zm3drrwk0vq0zf44k078xwsxz4&code=0000003680&isHighRes=true,,,,ST00003280,Wildwood,102296,https://ticketing.uswest.veezi.com/purchase/102296?siteToken=zm3drrwk0vq0zf44k078xwsxz4,https://www.mcmenamins.com/anderson-school/anderson-school-theater,,,
10/22/2026,6:00 PM,Anderson School Theater,Wildwood,132,None,https://ticketing.uswest.veezi.com/Media/Poster?siteToken=zm3drrwk0vq0zf44k078xwsxz4&code=0000003680&isHighRes=true,,,,ST00003280,Wildwood,102297,https://ticketing.uswest.veezi.com/purchase/102297?siteToken=zm3drrwk0vq0zf44k078xwsxz4,https://www.mcmenamins.com/anderson-school/anderson-school-theater,,,
10/23/2026,2:30 PM,Anderson School Theater,Wildwood,132,None,https://ticketing.uswest.veezi.com/Media/Poster?siteToken=zm3drrwk0vq0zf44k078xwsxz4&code=0000003680&isHighRes=true,,,,ST00003280,Wildwood,102298,https://ticketing.uswest.veezi.com/purchase/102298?siteToken=zm3drrwk0vq0zf44k078xwsxz4,https://www.mcmenamins.com/anderson-school/anderson-school-theater,,,
10/23/2026,6:00 PM,Anderson School Theater,Wildwood,132,None,https://ticketing.uswest.veezi.com/Media/Poster?siteToken=zm3drrwk0vq0zf44k078xwsxz4&code=0000003680&isHighRes=true,,,,ST00003280,Wildwood,102305,https://ticketing.uswest.veezi.com/purchase/102305?siteToken=zm3drrwk0vq0zf44k078xwsxz4,https://www.mcmenamins.com/anderson-school/anderson-school-theater,,,
10/24/2026,11:30 AM,Anderson School Theater,Wildwood,132,None,https://ticketing.uswest.veezi.com/Media/Poster?siteToken=zm3drrwk0vq0zf44k078xwsxz4&code=0000003680&isHighRes=true,,,,ST00003280,Wildwood,102312,https://ticketing.uswest.veezi.com/purchase/102312?siteToken=zm3drrwk0vq0zf44k078xwsxz4,https://www.mcmenamins.com/anderson-school/anderson-school-theater,,,
10/24/2026,2:30 PM,Anderson School Theater,Wildwood,132,None,https://ticketing.uswest.veezi.com/Media/Poster?siteToken=zm3drrwk0vq0zf44k078xwsxz4&code=0000003680&isHighRes=true,,,,ST00003280,Wildwood,102299,https://ticketing.uswest.veezi.com/purchase/102299?siteToken=zm3drrwk0vq0zf44k078xwsxz4,https://www.mcmenamins.com/anderson-school/anderson-school-theater,,,
10/24/2026,6:00 PM,Anderson School Theater,Wildwood,132,None,https://ticketing.uswest.veezi.com/Media/Poster?siteToken=zm3drrwk0vq0zf44k078xwsxz4&code=0000003680&isHighRes=true,,,,ST00003280,Wildwood,102306,https://ticketing.uswest.veezi.com/purchase/102306?siteToken=zm3drrwk0vq0zf44k078xwsxz4,https://www.mcmenamins.com/anderson-school/anderson-school-theater,,,
10/25/2026,11:30 AM,Anderson School Theater,Wildwood,132,None,https://ticketing.uswest.veezi.com/Media/Poster?siteToken=zm3drrwk0vq0zf44k078xwsxz4&code=0000003680&isHighRes=true,,,,ST00003280,Wildwood,102313,https://ticketing.uswest.veezi.com/purchase/102313?siteToken=zm3drrwk0vq0zf44k078xwsxz4,https://www.mcmenamins.com/anderson-school/anderson-school-theater,,,
10/25/2026,2:30 PM,Anderson School Theater,Wildwood,132,None,https://ticketing.uswest.veezi.com/Media/Poster?siteToken=zm3drrwk0vq0zf44k078xwsxz4&code=0000003680&isHighRes=true,,,,ST00003280,Wildwood,102300,https://ticketing.uswest.veezi.com/purchase/102300?siteToken=zm3drrwk0vq0zf44k078xwsxz4,https://www.mcmenamins.com/anderson-school/anderson-school-theater,,,
10/25/2026,6:00 PM,Anderson School Theater,Wildwood,132,None,https://ticketing.uswest.veezi.com/Media/Poster?siteToken=zm3drrwk0vq0zf44k078xwsxz4&code=0000003680&isHighRes=true,,,,ST00003280,Wildwood,102307,https://ticketing.uswest.veezi.com/purchase/102307?siteToken=zm3drrwk0vq0zf44k078xwsxz4,https://www.mcmenamins.com/anderson-school/anderson-school-theater,,,
10/26/2026,2:30 PM,Anderson School Theater,Wildwood,132,None,https://ticketing.uswest.veezi.com/Media/Poster?siteToken=zm3drrwk0vq0zf44k078xwsxz4&code=0000003680&isHighRes=true,,,,ST00003280,Wildwood,102301,https://ticketing.uswest.veezi.com/purchase/102301?siteToken=zm3drrwk0vq0zf44k078xwsxz4,https://www.mcmenamins.com/anderson-school/anderson-school-theater,,,
10/26/2026,6:00 PM,Anderson School Theater,Wildwood,132,None,https://ticketing.uswest.veezi.com/Media/Poster?siteToken=zm3drrwk0vq0zf44k078xwsxz4&code=0000003680&isHighRes=true,,,,ST00003280,Wildwood,102308,https://ticketing.uswest.veezi.com/purchase/102308?siteToken=zm3drrwk0vq0zf44k078xwsxz4,https://www.mcmenamins.com/anderson-school/anderson-school-theater,,,
10/27/2026,2:30 PM,Anderson School Theater,Wildwood,132,None,https://ticketing.uswest.veezi.com/Media/Poster?siteToken=zm3drrwk0vq0zf44k078xwsxz4&code=0000003680&isHighRes=true,,,,ST00003280,Wildwood,102302,https://ticketing.uswest.veezi.com/purchase/102302?siteToken=zm3drrwk0vq0zf44k078xwsxz4,https://www.mcmenamins.com/anderson-school/anderson-school-theater,,,
10/27/2026,6:00 PM,Anderson School Theater,Wildwood,132,None,https://ticketing.uswest.veezi.com/Media/Poster?siteToken=zm3drrwk0vq0zf44k078xwsxz4&code=0000003680&isHighRes=true,,,,ST00003280,Wildwood,102309,https://ticketing.uswest.veezi.com/purchase/102309?siteToken=zm3drrwk0vq0zf44k078xwsxz4,https://www.mcmenamins.com/anderson-school/anderson-school-theater,,,
10/28/2026,2:30 PM,Anderson School Theater,Wildwood,132,None,https://ticketing.uswest.veezi.com/Media/Poster?siteToken=zm3drrwk0vq0zf44k078xwsxz4&code=0000003680&isHighRes=true,,,,ST00003280,Wildwood,102303,https://ticketing.uswest.veezi.com/purchase/102303?siteToken=zm3drrwk0vq0zf44k078xwsxz4,https://www.mcmenamins.com/anderson-school/anderson-school-theater,,,
10/28/2026,6:00 PM,Anderson School Theater,Wildwood,132,None,https://ticketing.uswest.veezi.com/Media/Poster?siteToken=zm3drrwk0vq0zf44k078xwsxz4&code=0000003680&isHighRes=true,,,,ST00003280,Wildwood,102310,https://ticketing.uswest.veezi.com/purchase/102310?siteToken=zm3drrwk0vq0zf44k078xwsxz4,https://www.mcmenamins.com/anderson-school/anderson-school-theater,,,
10/29/2026,2:30 PM,Anderson School Theater,Wildwood,132,None,https://ticketing.uswest.veezi.com/Media/Poster?siteToken=zm3drrwk0vq0zf44k078xwsxz4&code=0000003680&isHighRes=true,,,,ST00003280,Wildwood,102304,https://ticketing.uswest.veezi.com/purchase/102304?siteToken=zm3drrwk0vq0zf44k078xwsxz4,https://www.mcmenamins.com/anderson-school/anderson-school-theater,,,
10/29/2026,6:00 PM,Anderson School Theater,Wildwood,132,None,https://ticketing.uswest.veezi.com/Media/Poster?siteToken=zm3drrwk0vq0zf44k078xwsxz4&code=0000003680&isHighRes=true,,,,ST00003280,Wildwood,102311,https://ticketing.uswest.veezi.com/purchase/102311?siteToken=zm3drrwk0vq0zf44k078xwsxz4,https://www.mcmenamins.com/anderson-school/anderson-school-theater,,,
10/30/2026,2:30 PM,Anderson School Theater,Wildwood,132,None,https://ticketing.uswest.veezi.com/Media/Poster?siteToken=zm3drrwk0vq0zf44k078xwsxz4&code=0000003680&isHighRes=true,,,,ST00003280,Wildwood,102315,https://ticketing.uswest.veezi.com/purchase/102315?siteToken=zm3drrwk0vq0zf44k078xwsxz4,https://www.mcmenamins.com/anderson-school/anderson-school-theater,,,
10/30/2026,6:00 PM,Anderson School Theater,Wildwood,132,None,https://ticketing.uswest.veezi.com/Media/Poster?siteToken=zm3drrwk0vq0zf44k078xwsxz4&code=0000003680&isHighRes=true,,,,ST00003280,Wildwood,102321,https://ticketing.uswest.veezi.com/purchase/102321?siteToken=zm3drrwk0vq0zf44k078xwsxz4,https://www.mcmenamins.com/anderson-school/anderson-school-theater,,,
10/31/2026,11:30 AM,Anderson School Theater,Wildwood,132,None,https://ticketing.uswest.veezi.com/Media/Poster?siteToken=zm3drrwk0vq0zf44k078xwsxz4&code=0000003680&isHighRes=true,,,,ST00003280,Wildwood,102327,https://ticketing.uswest.veezi.com/purchase/102327?siteToken=zm3drrwk0vq0zf44k078xwsxz4,https://www.mcmenamins.com/anderson-school/anderson-school-theater,,,
10/31/2026,2:30 PM,Anderson School Theater,Wildwood,132,None,https://ticketing.uswest.veezi.com/Media/Poster?siteToken=zm3drrwk0vq0zf44k078xwsxz4&code=0000003680&isHighRes=true,,,,ST00003280,Wildwood,102316,https://ticketing.uswest.veezi.com/purchase/102316?siteToken=zm3drrwk0vq0zf44k078xwsxz4,https://www.mcmenamins.com/anderson-school/anderson-school-theater,,,
10/31/2026,6:00 PM,Anderson School Theater,Wildwood,132,None,https://ticketing.uswest.veezi.com/Media/Poster?siteToken=zm3drrwk0vq0zf44k078xwsxz4&code=0000003680&isHighRes=true,,,,ST00003280,Wildwood,102322,https://ticketing.uswest.veezi.com/purchase/102322?siteToken=zm3drrwk0vq0zf44k078xwsxz4,https://www.mcmenamins.com/anderson-school/anderson-school-theater,,,
11/01/2026,11:30 AM,Anderson School Theater,Wildwood,132,None,https://ticketing.uswest.veezi.com/Media/Poster?siteToken=zm3drrwk0vq0zf44k078xwsxz4&code=0000003680&isHighRes=true,,,,ST00003280,Wildwood,102328,https://ticketing.uswest.veezi.com/purchase/102328?siteToken=zm3drrwk0vq0zf44k078xwsxz4,https://www.mcmenamins.com/anderson-school/anderson-school-theater,,,
11/01/2026,2:30 PM,Anderson School Theater,Wildwood,132,None,https://ticketing.uswest.veezi.com/Media/Poster?siteToken=zm3drrwk0vq0zf44k078xwsxz4&code=0000003680&isHighRes=true,,,,ST00003280,Wildwood,102317,https://ticketing.uswest.veezi.com/purchase/102317?siteToken=zm3drrwk0vq0zf44k078xwsxz4,https://www.mcmenamins.com/anderson-school/anderson-school-theater,,,
11/01/2026,6:00 PM,Anderson School Theater,Wildwood,132,None,https://ticketing.uswest.veezi.com/Media/Poster?siteToken=zm3drrwk0vq0zf44k078xwsxz4&code=0000003680&isHighRes=true,,,,ST00003280,Wildwood,102323,https://ticketing.uswest.veezi.com/purchase/102323?siteToken=zm3drrwk0vq0zf44k078xwsxz4,https://www.mcmenamins.com/anderson-school/anderson-school-theater,,,
11/02/2026,2:30 PM,Anderson School Theater,Wildwood,132,None,https://ticketing.uswest.veezi.com/Media/Poster?siteToken=zm3drrwk0vq0zf44k078xwsxz4&code=0000003680&isHighRes=true,,,,ST00003280,Wildwood,102318,https://ticketing.uswest.veezi.com/purchase/102318?siteToken=zm3drrwk0vq0zf44k078xwsxz4,https://www.mcmenamins.com/anderson-school/anderson-school-theater,,,
11/02/2026,6:00 PM,Anderson School Theater,Wildwood,132,None,https://ticketing.uswest.veezi.com/Media/Poster?siteToken=zm3drrwk0vq0zf44k078xwsxz4&code=0000003680&isHighRes=true,,,,ST00003280,Wildwood,102324,https://ticketing.uswest.veezi.com/purchase/102324?siteToken=zm3drrwk0vq0zf44k078xwsxz4,https://www.mcmenamins.com/anderson-school/anderson-school-theater,,,
11/03/2026,2:30 PM,Anderson School Theater,Wildwood,132,None,https://ticketing.uswest.veezi.com/Media/Poster?siteToken=zm3drrwk0vq0zf44k078xwsxz4&code=0000003680&isHighRes=true,,,,ST00003280,Wildwood,102319,https://ticketing.uswest.veezi.com/purchase/102319?siteToken=zm3drrwk0vq0zf44k078xwsxz4,https://www.mcmenamins.com/anderson-school/anderson-school-theater,,,
11/03/2026,6:00 PM,Anderson School Theater,Wildwood,132,None,https://ticketing.uswest.veezi.com/Media/Poster?siteToken=zm3drrwk0vq0zf44k078xwsxz4&code=0000003680&isHighRes=true,,,,ST00003280,Wildwood,102325,https://ticketing.uswest.veezi.com/purchase/102325?siteToken=zm3drrwk0vq0zf44k078xwsxz4,https://www.mcmenamins.com/anderson-school/anderson-school-theater,,,
11/04/2026,2:30 PM,Anderson School Theater,Wildwood,132,None,https://ticketing.uswest.veezi.com/Media/Poster?siteToken=zm3drrwk0vq0zf44k078xwsxz4&code=0000003680&isHighRes=true,,,,ST00003280,Wildwood,102320,https://ticketing.uswest.veezi.com/purchase/102320?siteToken=zm3drrwk0vq0zf44k078xwsxz4,https://www.mcmenamins.com/anderson-school/anderson-school-theater,,,
11/04/2026,6:00 PM,Anderson School Theater,Wildwood,132,None,https://ticketing.uswest.veezi.com/Media/Poster?siteToken=zm3drrwk0vq0zf44k078xwsxz4&code=0000003680&isHighRes=true,,,,ST00003280,Wildwood,102326,https://ticketing.uswest.veezi.com/purchase/102326?siteToken=zm3drrwk0vq0zf44k078xwsxz4,https://www.mcmenamins.com/anderson-school/anderson-school-theater,,,
10/27/2026,11:30 AM,Anderson School Theater,Wildwood,132,None,https://ticketing.uswest.veezi.com/Media/Poster?siteToken=zm3drrwk0vq0zf44k078xwsxz4&code=0000003674&isHighRes=true,,,,ST00003282,Wildwood (OCAP),102314,https://ticketing.uswest.veezi.com/purchase/102314?siteToken=zm3drrwk0vq0zf44k078xwsxz4,https://www.mcmenamins.com/anderson-school/anderson-school-theater,Wildwood,,
11/03/2026,11:30 AM,Anderson School Theater,Wildwood,132,None,https://ticketing.uswest.veezi.com/Media/Poster?siteToken=zm3drrwk0vq0zf44k078xwsxz4&code=0000003674&isHighRes=true,,,,ST00003282,Wildwood (OCAP),102329,https://ticketing.uswest.veezi.com/purchase/102329?siteToken=zm3drrwk0vq0zf44k078xwsxz4,https://www.mcmenamins.com/anderson-school/anderson-school-theater,Wildwood,,
02/13/2027,7:00 PM,Paramount Theatre,William Shakepeare’s Romeo + Juliet in Concert,Unknown,None,None,,,,76069,William Shakepeare’s Romeo + Juliet in Concert,76069,https://www.ticketmaster.com/event/0F00652AB8E2AA34?brand=paramountseattle,https://www.stgpresents.org/events/william-shakepeares-romeo-juliet-in-concert/,,,
03/27/2027,7:30 PM,Paramount Theatre,Twilight in Concert,Unknown,None,None,,,,75719,Twilight in Concert,75719,https://www.ticketmaster.com/artist/2651256?venueId=122980&brand=paramountseattle,https://www.stgpresents.org/events/twilight-in-concert/,,,
12/20/2026,7:00 PM,The Moore Theatre,An Evening with Peter Billingsley and a Christmas Story,Unknown,None,None,,,,75233,An Evening with Peter Billingsley and a Christmas Story,75233,https://www.ticketmaster.com/event/0F00650CE5FEF159?brand=mooreseattle,https://www.stgpresents.org/events/an-evening-with-peter-billingsley-and-a-christmas-story/,,,
10/11/2026,7:30 PM,The 5th Avenue Theatre,The Blair Witch Project: Film Screening and QA,Unknown,None,None,,,,74971,The Blair Witch Project: Film Screening and QA,74971,https://www.ticketmaster.com/event/0F00650CAA708483?brand=the5th,https://www.stgpresents.org/events/the-blair-witch-project-film-screening-and-qa/,,,
01/11/2027,7:00 PM,Paramount Theatre,The Kid Brother,84,None,None,,,,74299,Silent Movie Mondays – The Kid Brother (1927),74299,https://www.ticketmaster.com/artist/999234?venueId=122980&brand=paramountseattle,https://www.stgpresents.org/events/silent-movie-mondays-the-kid-brother/,The Kid Brother,1927,Silent Movie Mondays
04/12/2027,7:00 PM,Paramount Theatre,Sunrise: A Song of Two Humans,95,None,None,,,,74305,Silent Movie Mondays – Sunrise: A Song of Two Humans (1927),74305,https://www.ticketmaster.com/artist/999234?venueId=122980&brand=paramountseattle,https://www.stgpresents.org/events/silent-movie-mondays-sunrise/,Sunrise: A Song of Two Humans,1927,Silent Movie Mondays
07/26/2027,7:00 PM,Paramount Theatre,The Adventures of Prince Achmed,65,None,None,,,,74314,Silent Movie Mondays – The Adventures of Prince Achmed (1926),74314,https://www.ticketmaster.com/artist/999234?venueId=122980&brand=paramountseattle,https://www.stgpresents.org/events/silent-movie-mondays-the-adventures-of-prince-achmed/,The Adventures of Prince Achmed,1926,Silent Movie Mondays
01/20/2027,7:30 PM,The 5th Avenue Theatre,The Legend of Korra in Concert,Unknown,None,None,,,,74038,The Legend of Korra in Concert,74038,https://www.ticketmaster.com/event/0F0064E9B9BA9BE6?brand=the5th,https://www.stgpresents.org/events/the-legend-of-korra-in-concert/,,,
10/15/2026,7:30 PM,The 5th Avenue Theatre,The Rocky Horror Picture Show Original Cast Spooktacular!,Unknown,None,None,,,,70285,The Rocky Horror Picture Show Original Cast Spooktacular!,70285,https://www.ticketmaster.com/event/0F006486A0E6708D?brand=the5th,https://www.stgpresents.org/events/rocky-horror-picture-spooktacular-tour/,,,
10/08/2026,4:00 PM,Majestic Bay Theatres,The Social Reckoning,112,None,None,,,,0000001759,The Social Reckoning,36388,https://ticketing.useast.veezi.com/purchase/36388?siteToken=qnxpcc571jey8whdwrczs2c7g8,https://ticketing.useast.veezi.com/sessions/qnxpcc571jey8whdwrczs2c7g8,,,
10/08/2026,4:15 PM,Majestic Bay Theatres,Forgotten Island,109,None,None,,,,0000001722,Forgotten Island,36391,https://ticketing.useast.veezi.com/purchase/36391?siteToken=qnxpcc571jey8whdwrczs2c7g8,https://ticketing.useast.veezi.com/sessions/qnxpcc571jey8whdwrczs2c7g8,,,
10/08/2026,4:30 PM,Majestic Bay Theatres,Resident Evil,94,None,None,,,,0000001761,Resident Evil,36389,https://ticketing.useast.veezi.com/purchase/36389?siteToken=qnxpcc571jey8whdwrczs2c7g8,https://ticketing.useast.veezi.com/sessions/qnxpcc571jey8whdwrczs2c7g8,,,
10/08/2026,6:45 PM,Majestic Bay Theatres,Digger,128,None,None,,,,0000001734,Digger,36393,https://ticketing.useast.veezi.com/purchase/36393?siteToken=qnxpcc571jey8whdwrczs2c7g8,https://ticketing.useast.veezi.com/sessions/qnxpcc571jey8whdwrczs2c7g8,,,
10/08/2026,7:00 PM,Majestic Bay Theatres,The Social Reckoning,112,None,None,,,,0000001759,The Social Reckoning,36387,https://ticketing.useast.veezi.com/purchase/36387?siteToken=qnxpcc571jey8whdwrczs2c7g8,https://ticketing.useast.veezi.com/sessions/qnxpcc571jey8whdwrczs2c7g8,,,
10/08/2026,7:15 PM,Majestic Bay Theatres,Resident Evil,94,None,None,,,,0000001761,Resident Evil,36390,https://ticketing.useast.veezi.com/purchase/36390?siteToken=qnxpcc571jey8whdwrczs2c7g8,https://ticketing.useast.veezi.com/sessions/qnxpcc571jey8whdwrczs2c7g8,,,
10/09/2026,1:15 PM,Majestic Bay Theatres,The Social Reckoning,112,None,None,,,,0000001759,The Social Reckoning,36402,https://ticketing.useast.veezi.com/purchase/36402?siteToken=qnxpcc571jey8whdwrczs2c7g8,https://ticketing.useast.veezi.com/sessions/qnxpcc571jey8whdwrczs2c7g8,,,
10/09/2026,1:30 PM,Majestic Bay Theatres,Forgotten Island,109,None,None,,,,0000001722,Forgotten Island,36401,https://ticketing.useast.veezi.com/purchase/36401?siteToken=qnxpcc571jey8whdwrczs2c7g8,https://ticketing.useast.veezi.com/sessions/qnxpcc571jey8whdwrczs2c7g8,,,
10/09/2026,1:45 PM,Majestic Bay Theatres,Resident Evil,94,None,None,,,,0000001761,Resident Evil,36403,https://ticketing.useast.veezi.com/purchase/36403?siteToken=qnxpcc571jey8whdwrczs2c7g8,https://ticketing.useast.veezi.com/sessions/qnxpcc571jey8whdwrczs2c7g8,,,
10/09/2026,4:00 PM,Majestic Bay Theatres,Digger,128,None,None,,,,0000001734,Digger,36395,https://ticketing.useast.veezi.com/purchase/36395?siteToken=qnxpcc571jey8whdwrczs2c7g8,https://ticketing.useast.veezi.com/sessions/qnxpcc571jey8whdwrczs2c7g8,,,
10/09/2026,4:15 PM,Majestic Bay Theatres,The Social Reckoning,112,None,None,,,,0000001759,The Social Reckoning,36396,https://ticketing.useast.veezi.com/purchase/36396?siteToken=qnxpcc571jey8whdwrczs2c7g8,https://ticketing.useast.veezi.com/sessions/qnxpcc571jey8whdwrczs2c7g8,,,
10/09/2026,4:30 PM,Majestic Bay Theatres,Resident Evil,94,None,None,,,,0000001761,Resident Evil,36397,https://ticketing.useast.veezi.com/purchase/36397?siteToken=qnxpcc571jey8whdwrczs2c7g8,https://ticketing.useast.veezi.com/sessions/qnxpcc571jey8whdwrczs2c7g8,,,
10/09/2026,6:45 PM,Majestic Bay Theatres,Digger,128,None,None,,,,0000001734,Digger,36398,https://ticketing.useast.veezi.com/purchase/36398?siteToken=qnxpcc571jey8whdwrczs2c7g8,https://ticketing.useast.veezi.com/sessions/qnxpcc571jey8whdwrczs2c7g8,,,
10/09/2026,7:00 PM,Majestic Bay Theatres,The Social Reckoning,112,None,None,,,,0000001759,The Social Reckoning,36399,https://ticketing.useast.veezi.com/purchase/36399?siteToken=qnxpcc571jey8whdwrczs2c7g8,https://ticketing.useast.veezi.com/sessions/qnxpcc571jey8whdwrczs2c7g8,,,
10/09/2026,7:15 PM,Majestic Bay Theatres,Resident Evil,94,None,None,,,,0000001761,Resident Evil,36400,https://ticketing.useast.veezi.com/purchase/36400?siteToken=qnxpcc571jey8whdwrczs2c7g8,https://ticketing.useast.veezi.com/sessions/qnxpcc571jey8whdwrczs2c7g8,,,
10/10/2026,1:15 PM,Majestic Bay Theatres,The Social Reckoning,112,None,None,,,,0000001759,The Social Reckoning,36405,https://ticketing.useast.veezi.com/purchase/36405?siteToken=qnxpcc571jey8whdwrczs2c7g8,https://ticketing.useast.veezi.com/sessions/qnxpcc571jey8whdwrczs2c7g8,,,
10/10/2026,1:30 PM,Majestic Bay Theatres,Forgotten Island,109,None,None,,,,0000001722,Forgotten Island,36411,https://ticketing.useast.veezi.com/purchase/36411?siteToken=qnxpcc571jey8whdwrczs2c7g8,https://ticketing.useast.veezi.com/sessions/qnxpcc571jey8whdwrczs2c7g8,,,
10/10/2026,1:45 PM,Majestic Bay Theatres,Resident Evil,94,None,None,,,,0000001761,Resident Evil,36408,https://ticketing.useast.veezi.com/purchase/36408?siteToken=qnxpcc571jey8whdwrczs2c7g8,https://ticketing.useast.veezi.com/sessions/qnxpcc571jey8whdwrczs2c7g8,,,
10/10/2026,4:00 PM,Majestic Bay Theatres,Digger,128,None,None,,,,0000001734,Digger,36412,https://ticketing.useast.veezi.com/purchase/36412?siteToken=qnxpcc571jey8whdwrczs2c7g8,https://ticketing.useast.veezi.com/sessions/qnxpcc571jey8whdwrczs2c7g8,,,
10/10/2026,4:15 PM,Majestic Bay Theatres,The Social Reckoning,112,None,None,,,,0000001759,The Social Reckoning,36406,https://ticketing.useast.veezi.com/purchase/36406?siteToken=qnxpcc571jey8whdwrczs2c7g8,https://ticketing.useast.veezi.com/sessions/qnxpcc571jey8whdwrczs2c7g8,,,
10/10/2026,4:30 PM,Majestic Bay Theatres,Resident Evil,94,None,None,,,,0000001761,Resident Evil,36409,https://ticketing.useast.veezi.com/purchase/36409?siteToken=qnxpcc571jey8whdwrczs2c7g8,https://ticketing.useast.veezi.com/sessions/qnxpcc571jey8whdwrczs2c7g8,,,
10/10/2026,6:45 PM,Majestic Bay Theatres,Digger,128,None,None,,,,0000001734,Digger,36413,https://ticketing.useast.veezi.com/purchase/36413?siteToken=qnxpcc571jey8whdwrczs2c7g8,https://ticketing.useast.veezi.com/sessions/qnxpcc571jey8whdwrczs2c7g8,,,
10/10/2026,7:00 PM,Majestic Bay Theatres,The Social Reckoning,112,None,None,,,,0000001759,The Social Reckoning,36407,https://ticketing.useast.veezi.com/purchase/36407?siteToken=qnxpcc571jey8whdwrczs2c7g8,https://ticketing.useast.veezi.com/sessions/qnxpcc571jey8whdwrczs2c7g8,,,
10/10/2026,7:15 PM,Majestic Bay Theatres,Resident Evil,94,None,None,,,,0000001761,Resident Evil,36410,https://ticketing.useast.veezi.com/purchase/36410?siteToken=qnxpcc571jey8whdwrczs2c7g8,https://ticketing.useast.veezi.com/sessions/qnxpcc571jey8whdwrczs2c7g8,,,
10/10/2026,10:00 PM,Majestic Bay Theatres,Resident Evil,94,None,None,,,,0000001761,Resident Evil,36443,https://ticketing.useast.veezi.com/purchase/36443?siteToken=qnxpcc571jey8whdwrczs2c7g8,https://ticketing.useast.veezi.com/sessions/qnxpcc571jey8whdwrczs2c7g8,,,
10/10/2026,10:00 PM,Majestic Bay Theatres,The Social Reckoning,112,None,None,,,,0000001759,The Social Reckoning,36444,https://ticketing.useast.veezi.com/purchase/36444?siteToken=qnxpcc571jey8whdwrczs2c7g8,https://ticketing.useast.veezi.com/sessions/qnxpcc571jey8whdwrczs2c7g8,,,
10/11/2026,1:15 PM,Majestic Bay Theatres,The Social Reckoning,112,None,None,,,,0000001759,The Social Reckoning,36415,https://ticketing.useast.veezi.com/purchase/36415?siteToken=qnxpcc571jey8whdwrczs2c7g8,https://ticketing.useast.veezi.com/sessions/qnxpcc571jey8whdwrczs2c7g8,,,
10/11/2026,1:30 PM,Majestic Bay Theatres,Forgotten Island,109,None,None,,,,0000001722,Forgotten Island,36416,https://ticketing.useast.veezi.com/purchase/36416?siteToken=qnxpcc571jey8whdwrczs2c7g8,https://ticketing.useast.veezi.com/sessions/qnxpcc571jey8whdwrczs2c7g8,,,
10/11/2026,1:45 PM,Majestic Bay Theatres,Resident Evil,94,None,None,,,,0000001761,Resident Evil,36417,https://ticketing.useast.veezi.com/purchase/36417?siteToken=qnxpcc571jey8whdwrczs2c7g8,https://ticketing.useast.veezi.com/sessions/qnxpcc571jey8whdwrczs2c7g8,,,
10/11/2026,4:00 PM,Majestic Bay Theatres,Digger,128,None,None,,,,0000001734,Digger,36418,https://ticketing.useast.veezi.com/purchase/36418?siteToken=qnxpcc571jey8whdwrczs2c7g8,https://ticketing.useast.veezi.com/sessions/qnxpcc571jey8whdwrczs2c7g8,,,
10/11/2026,4:15 PM,Majestic Bay Theatres,The Social Reckoning,112,None,None,,,,0000001759,The Social Reckoning,36419,https://ticketing.useast.veezi.com/purchase/36419?siteToken=qnxpcc571jey8whdwrczs2c7g8,https://ticketing.useast.veezi.com/sessions/qnxpcc571jey8whdwrczs2c7g8,,,
10/11/2026,4:30 PM,Majestic Bay Theatres,Resident Evil,94,None,None,,,,0000001761,Resident Evil,36420,https://ticketing.useast.veezi.com/purchase/36420?siteToken=qnxpcc571jey8whdwrczs2c7g8,https://ticketing.useast.veezi.com/sessions/qnxpcc571jey8whdwrczs2c7g8,,,
10/11/2026,6:45 PM,Majestic Bay Theatres,Digger,128,None,None,,,,0000001734,Digger,36421,https://ticketing.useast.veezi.com/purchase/36421?siteToken=qnxpcc571jey8whdwrczs2c7g8,https://ticketing.useast.veezi.com/sessions/qnxpcc571jey8whdwrczs2c7g8,,,
10/11/2026,7:00 PM,Majestic Bay Theatres,The Social Reckoning,112,None,None,,,,0000001759,The Social Reckoning,36422,https://ticketing.useast.veezi.com/purchase/36422?siteToken=qnxpcc571jey8whdwrczs2c7g8,https://ticketing.useast.veezi.com/sessions/qnxpcc571jey8whdwrczs2c7g8,,,
10/11/2026,7:15 PM,Majestic Bay Theatres,Resident Evil,94,None,None,,,,0000001761,Resident Evil,36423,https://ticketing.useast.veezi.com/purchase/36423?siteToken=qnxpcc571jey8whdwrczs2c7g8,https://ticketing.useast.veezi.com/sessions/qnxpcc571jey8whdwrczs2c7g8,,,
10/12/2026,3:30 PM,Majestic Bay Theatres,Forgotten Island,109,None,None,,,,0000001722,Forgotten Island,36433,https://ticketing.useast.veezi.com/purchase/36433?siteToken=qnxpcc571jey8whdwrczs2c7g8,https://ticketing.useast.veezi.com/sessions/qnxpcc571jey8whdwrczs2c7g8,,,
10/12/2026,3:45 PM,Majestic Bay Theatres,The Social Reckoning,112,None,None,,,,0000001759,The Social Reckoning,36431,https://ticketing.useast.veezi.com/purchase/36431?siteToken=qnxpcc571jey8whdwrczs2c7g8,https://ticketing.useast.veezi.com/sessions/qnxpcc571jey8whdwrczs2c7g8,,,
10/12/2026,4:00 PM,Majestic Bay Theatres,Resident Evil,94,None,None,,,,0000001761,Resident Evil,36432,https://ticketing.useast.veezi.com/purchase/36432?siteToken=qnxpcc571jey8whdwrczs2c7g8,https://ticketing.useast.veezi.com/sessions/qnxpcc571jey8whdwrczs2c7g8,,,
10/12/2026,6:30 PM,Majestic Bay Theatres,Singin' in the Rain,Unknown,None,None,,,,0000001724,25th Anniversary Celebration: Singin' in the Rain,36135,https://ticketing.useast.veezi.com/purchase/36135?siteToken=qnxpcc571jey8whdwrczs2c7g8,https://ticketing.useast.veezi.com/sessions/qnxpcc571jey8whdwrczs2c7g8,Singin' in the Rain,,
10/12/2026,6:45 PM,Majestic Bay Theatres,Digger,128,None,None,,,,0000001734,Digger,36435,https://ticketing.useast.veezi.com/purchase/36435?siteToken=qnxpcc571jey8whdwrczs2c7g8,https://ticketing.useast.veezi.com/sessions/qnxpcc571jey8whdwrczs2c7g8,,,
10/12/2026,7:00 PM,Majestic Bay Theatres,Resident Evil,94,None,None,,,,0000001761,Resident Evil,36434,https://ticketing.useast.veezi.com/purchase/36434?siteToken=qnxpcc571jey8whdwrczs2c7g8,https://ticketing.useast.veezi.com/sessions/qnxpcc571jey8whdwrczs2c7g8,,,
10/13/2026,4:00 PM,Majestic Bay Theatres,The Social Reckoning,112,None,None,,,,0000001759,The Social Reckoning,36436,https://ticketing.useast.veezi.com/purchase/36436?siteToken=qnxpcc571jey8whdwrczs2c7g8,https://ticketing.useast.veezi.com/sessions/qnxpcc571jey8whdwrczs2c7g8,,,
10/13/2026,4:15 PM,Majestic Bay Theatres,Forgotten Island,109,None,None,,,,0000001722,Forgotten Island,36440,https://ticketing.useast.veezi.com/purchase/36440?siteToken=qnxpcc571jey8whdwrczs2c7g8,https://ticketing.useast.veezi.com/sessions/qnxpcc571jey8whdwrczs2c7g8,,,
10/13/2026,4:30 PM,Majestic Bay Theatres,Resident Evil,94,None,None,,,,0000001761,Resident Evil,36438,https://ticketing.useast.veezi.com/purchase/36438?siteToken=qnxpcc571jey8whdwrczs2c7g8,https://ticketing.useast.veezi.com/sessions/qnxpcc571jey8whdwrczs2c7g8,,,
10/13/2026,6:45 PM,Majestic Bay Theatres,Digger,128,None,None,,,,0000001734,Digger,36441,https://ticketing.useast.veezi.com/purchase/36441?siteToken=qnxpcc571jey8whdwrczs2c7g8,https://ticketing.useast.veezi.com/sessions/qnxpcc571jey8whdwrczs2c7g8,,,
10/13/2026,7:00 PM,Majestic Bay Theatres,The Social Reckoning,112,None,None,,,,0000001759,The Social Reckoning,36437,https://ticketing.useast.veezi.com/purchase/36437?siteToken=qnxpcc571jey8whdwrczs2c7g8,https://ticketing.useast.veezi.com/sessions/qnxpcc571jey8whdwrczs2c7g8,,,
10/13/2026,7:15 PM,Majestic Bay Theatres,Resident Evil,94,None,None,,,,0000001761,Resident Evil,36439,https://ticketing.useast.veezi.com/purchase/36439?siteToken=qnxpcc571jey8whdwrczs2c7g8,https://ticketing.useast.veezi.com/sessions/qnxpcc571jey8whdwrczs2c7g8,,,
10/14/2026,4:00 PM,Majestic Bay Theatres,The Social Reckoning,112,None,None,,,,0000001759,The Social Reckoning,36425,https://ticketing.useast.veezi.com/purchase/36425?siteToken=qnxpcc571jey8whdwrczs2c7g8,https://ticketing.useast.veezi.com/sessions/qnxpcc571jey8whdwrczs2c7g8,,,
10/14/2026,4:15 PM,Majestic Bay Theatres,Forgotten Island,109,None,None,,,,0000001722,Forgotten Island,36426,https://ticketing.useast.veezi.com/purchase/36426?siteToken=qnxpcc571jey8whdwrczs2c7g8,https://ticketing.useast.veezi.com/sessions/qnxpcc571jey8whdwrczs2c7g8,,,
10/14/2026,4:30 PM,Majestic Bay Theatres,Resident Evil,94,None,None,,,,0000001761,Resident Evil,36427,https://ticketing.useast.veezi.com/purchase/36427?siteToken=qnxpcc571jey8whdwrczs2c7g8,https://ticketing.useast.veezi.com/sessions/qnxpcc571jey8whdwrczs2c7g8,,,
10/14/2026,6:45 PM,Majestic Bay Theatres,Digger,128,None,None,,,,0000001734,Digger,36428,https://ticketing.useast.veezi.com/purchase/36428?siteToken=qnxpcc571jey8whdwrczs2c7g8,https://ticketing.useast.veezi.com/sessions/qnxpcc571jey8whdwrczs2c7g8,,,
10/14/2026,7:00 PM,Majestic Bay Theatres,The Social Reckoning,112,None,None,,,,0000001759,The Social Reckoning,36429,https://ticketing.useast.veezi.com/purchase/36429?siteToken=qnxpcc571jey8whdwrczs2c7g8,https://ticketing.useast.veezi.com/sessions/qnxpcc571jey8whdwrczs2c7g8,,,
10/14/2026,7:15 PM,Majestic Bay Theatres,Resident Evil,94,None,None,,,,0000001761,Resident Evil,36430,https://ticketing.useast.veezi.com/purchase/36430?siteToken=qnxpcc571jey8whdwrczs2c7g8,https://ticketing.useast.veezi.com/sessions/qnxpcc571jey8whdwrczs2c7g8,,,
10/21/2026,7:00 PM,Majestic Bay Theatres,Night of the Living Dead,96,None,None,,,,0000001729,Night of the Living Dead,36211,https://ticketing.useast.veezi.com/purchase/36211?siteToken=qnxpcc571jey8whdwrczs2c7g8,https://ticketing.useast.veezi.com/sessions/qnxpcc571jey8whdwrczs2c7g8,,,
10/22/2026,3:30 PM,Majestic Bay Theatres,Wildwood,139,None,None,,,,0000001736,Wildwood,36290,https://ticketing.useast.veezi.com/purchase/36290?siteToken=qnxpcc571jey8whdwrczs2c7g8,https://ticketing.useast.veezi.com/sessions/qnxpcc571jey8whdwrczs2c7g8,,,
10/23/2026,3:30 PM,Majestic Bay Theatres,Wildwood,139,None,None,,,,0000001736,Wildwood,36292,https://ticketing.useast.veezi.com/purchase/36292?siteToken=qnxpcc571jey8whdwrczs2c7g8,https://ticketing.useast.veezi.com/sessions/qnxpcc571jey8whdwrczs2c7g8,,,
10/24/2026,12:30 PM,Majestic Bay Theatres,Wildwood,139,None,None,,,,0000001736,Wildwood,36296,https://ticketing.useast.veezi.com/purchase/36296?siteToken=qnxpcc571jey8whdwrczs2c7g8,https://ticketing.useast.veezi.com/sessions/qnxpcc571jey8whdwrczs2c7g8,,,
10/24/2026,3:30 PM,Majestic Bay Theatres,Wildwood,139,None,None,,,,0000001736,Wildwood,36297,https://ticketing.useast.veezi.com/purchase/36297?siteToken=qnxpcc571jey8whdwrczs2c7g8,https://ticketing.useast.veezi.com/sessions/qnxpcc571jey8whdwrczs2c7g8,,,
10/25/2026,12:30 PM,Majestic Bay Theatres,Wildwood,139,None,None,,,,0000001736,Wildwood,36299,https://ticketing.useast.veezi.com/purchase/36299?siteToken=qnxpcc571jey8whdwrczs2c7g8,https://ticketing.useast.veezi.com/sessions/qnxpcc571jey8whdwrczs2c7g8,,,
10/25/2026,3:30 PM,Majestic Bay Theatres,Wildwood,139,None,None,,,,0000001736,Wildwood,36300,https://ticketing.useast.veezi.com/purchase/36300?siteToken=qnxpcc571jey8whdwrczs2c7g8,https://ticketing.useast.veezi.com/sessions/qnxpcc571jey8whdwrczs2c7g8,,,
10/26/2026,3:30 PM,Majestic Bay Theatres,Wildwood,139,None,None,,,,0000001736,Wildwood,36294,https://ticketing.useast.veezi.com/purchase/36294?siteToken=qnxpcc571jey8whdwrczs2c7g8,https://ticketing.useast.veezi.com/sessions/qnxpcc571jey8whdwrczs2c7g8,,,
10/27/2026,3:30 PM,Majestic Bay Theatres,Wildwood,139,None,None,,,,0000001736,Wildwood,36302,https://ticketing.useast.veezi.com/purchase/36302?siteToken=qnxpcc571jey8whdwrczs2c7g8,https://ticketing.useast.veezi.com/sessions/qnxpcc571jey8whdwrczs2c7g8,,,
10/28/2026,3:30 PM,Majestic Bay Theatres,Wildwood,139,None,None,,,,0000001736,Wildwood,36304,https://ticketing.useast.veezi.com/purchase/36304?siteToken=qnxpcc571jey8whdwrczs2c7g8,https://ticketing.useast.veezi.com/sessions/qnxpcc571jey8whdwrczs2c7g8,,,
10/28/2026,7:00 PM,Majestic Bay Theatres,The Ring,115,None,None,,,,0000001741,The Ring,36381,https://ticketing.useast.veezi.com/purchase/36381?siteToken=qnxpcc571jey8whdwrczs2c7g8,https://ticketing.useast.veezi.com/sessions/qnxpcc571jey8whdwrczs2c7g8,,,
10/29/2026,3:30 PM,Majestic Bay Theatres,Wildwood,139,None,None,,,,0000001736,Wildwood,36378,https://ticketing.useast.veezi.com/purchase/36378?siteToken=qnxpcc571jey8whdwrczs2c7g8,https://ticketing.useast.veezi.com/sessions/qnxpcc571jey8whdwrczs2c7g8,,,
11/04/2026,7:00 PM,Majestic Bay Theatres,Star Trek: The Motion Picture,132,None,None,,,,0000001753,Star Trek: The Motion Picture,36382,https://ticketing.useast.veezi.com/purchase/36382?siteToken=qnxpcc571jey8whdwrczs2c7g8,https://ticketing.useast.veezi.com/sessions/qnxpcc571jey8whdwrczs2c7g8,,,
11/11/2026,7:00 PM,Majestic Bay Theatres,Star Trek II: The Wrath of Khan,113,None,None,,,,0000001751,Star Trek II: The Wrath of Khan,36383,https://ticketing.useast.veezi.com/purchase/36383?siteToken=qnxpcc571jey8whdwrczs2c7g8,https://ticketing.useast.veezi.com/sessions/qnxpcc571jey8whdwrczs2c7g8,,,
11/18/2026,7:00 PM,Majestic Bay Theatres,Star Trek III: The Search for Spock,105,None,None,,,,0000001747,Star Trek III: The Search for Spock,36384,https://ticketing.useast.veezi.com/purchase/36384?siteToken=qnxpcc571jey8whdwrczs2c7g8,https://ticketing.useast.veezi.com/sessions/qnxpcc571jey8whdwrczs2c7g8,,,
11/25/2026,7:00 PM,Majestic Bay Theatres,Star Trek IV: The Voyage Home,119,None,None,,,,0000001744,Star Trek IV: The Voyage Home,36385,https://ticketing.useast.veezi.com/purchase/36385?siteToken=qnxpcc571jey8whdwrczs2c7g8,https://ticketing.useast.veezi.com/sessions/qnxpcc571jey8whdwrczs2c7g8,,,
