film_id,title,theater_id,theater_name,segment,catalog_category,end_status,opening_date,eventual_final_date,first_observation,first_observation_weekday,original_share_visible_at_first_observation,original_extended,original_days_added,opening_week_screenings_known_at_first_observation,opening_week_screenings_eventual,opening_week_completeness_at_first_observation,days_to_50pct,days_to_80pct,days_to_90pct,days_to_100pct,days_to_final_date_known,final_date_known_before_opening,exact_first_valid,exact_first_share_screenings,exact_first_share_dates,exact_first_latest_show_date,exact_first_final_date_known,plus_1_day_valid,plus_1_day_share_screenings,plus_1_day_share_dates,plus_1_day_latest_show_date,plus_1_day_final_date_known,plus_2_days_valid,plus_2_days_share_screenings,plus_2_days_share_dates,plus_2_days_latest_show_date,plus_2_days_final_date_known,plus_3_days_valid,plus_3_days_share_screenings,plus_3_days_share_dates,plus_3_days_latest_show_date,plus_3_days_final_date_known,by_7_days_before_opening_valid,by_7_days_before_opening_share_screenings,by_7_days_before_opening_share_dates,by_7_days_before_opening_final_date_known,by_3_days_before_opening_valid,by_3_days_before_opening_share_screenings,by_3_days_before_opening_share_dates,by_3_days_before_opening_final_date_known,extended_exact_first,extended_within_48h,extended_within_72h,extended_post_opening,extended_late,exact_extension_class
84444,2026 CORTIS TOUR <PUT YOUR PHONE DOWN> IN LA: LIVE VIEWING,amc-alderwood-mall-16,AMC Alderwood Mall 16,special_event,concert_or_event,confirmed_complete,2026-08-13,2026-08-13,2026-07-30,Thursday,1.0,False,0,243,609,0.399,0,0,0,0,0,True,True,1.0,1.0,2026-08-13,True,True,1.0,1.0,2026-08-13,True,True,1.0,1.0,2026-08-13,True,True,1.0,1.0,2026-08-13,True,True,1.0,1.0,True,True,1.0,1.0,True,False,False,False,False,False,not_extended_on_first_snapshot
84444,2026 CORTIS TOUR <PUT YOUR PHONE DOWN> IN LA: LIVE VIEWING,amc-southcenter-16,AMC Southcenter 16,special_event,concert_or_event,confirmed_complete,2026-08-13,2026-08-13,2026-08-05,Wednesday,1.0,False,0,579,650,0.8908,0,0,0,0,0,True,True,1.0,1.0,2026-08-13,True,True,1.0,1.0,2026-08-13,True,True,1.0,1.0,2026-08-13,True,True,1.0,1.0,2026-08-13,True,True,1.0,1.0,True,True,1.0,1.0,True,False,False,False,False,False,not_extended_on_first_snapshot
84987,2026 Rocket League World Championship,amc-southcenter-16,AMC Southcenter 16,special_event,concert_or_event,confirmed_complete,2026-09-20,2026-09-20,2026-09-08,Tuesday,1.0,False,0,163,491,0.332,0,0,0,0,0,True,True,1.0,1.0,2026-09-20,True,True,1.0,1.0,2026-09-20,True,True,1.0,1.0,2026-09-20,True,True,1.0,1.0,2026-09-20,True,True,1.0,1.0,True,True,1.0,1.0,True,False,False,False,False,False,not_extended_on_first_snapshot
84226,Above and Below,amc-alderwood-mall-16,AMC Alderwood Mall 16,special_event,concert_or_event,confirmed_complete,2026-07-29,2026-07-29,2026-07-23,Thursday,1.0,False,0,490,529,0.9263,0,0,0,0,0,True,True,1.0,1.0,2026-07-29,True,True,1.0,1.0,2026-07-29,True,True,1.0,1.0,2026-07-29,True,True,1.0,1.0,2026-07-29,True,False,,,,True,1.0,1.0,True,False,False,False,False,False,not_extended_on_first_snapshot
84226,Above and Below,amc-southcenter-16,AMC Southcenter 16,special_event,concert_or_event,confirmed_complete,2026-07-29,2026-07-29,2026-07-23,Thursday,1.0,False,0,517,551,0.9383,0,0,0,0,0,True,True,1.0,1.0,2026-07-29,True,True,1.0,1.0,2026-07-29,True,True,1.0,1.0,2026-07-29,True,True,1.0,1.0,2026-07-29,True,False,,,,True,1.0,1.0,True,False,False,False,False,False,not_extended_on_first_snapshot
84498,Akira,amc-alderwood-mall-16,AMC Alderwood Mall 16,ordinary,standard,confirmed_complete,2026-09-03,2026-09-16,2026-08-21,Friday,0.16666666666666666,True,12,146,557,0.2621,4,19,19,19,19,False,True,0.16666666666666666,0.14285714285714285,2026-09-04,False,True,0.25,0.21428571428571427,2026-09-05,False,True,0.3333333333333333,0.2857142857142857,2026-09-06,False,True,0.4166666666666667,0.35714285714285715,2026-09-07,False,True,0.5625,0.5,False,True,0.5625,0.5,False,True,True,True,True,True,late_in_run_extension
84498,Akira,amc-kent-station-14,AMC Kent Station 14,ordinary,standard,confirmed_complete,2026-09-03,2026-09-17,2026-08-26,Wednesday,0.2127659574468085,True,9,407,479,0.8497,6,14,14,20,20,False,True,0.2127659574468085,0.3333333333333333,2026-09-08,False,True,0.2127659574468085,0.3333333333333333,2026-09-08,False,True,0.2127659574468085,0.3333333333333333,2026-09-08,False,True,0.2127659574468085,0.3333333333333333,2026-09-08,False,True,0.2127659574468085,0.3333333333333333,False,True,0.2127659574468085,0.3333333333333333,False,True,True,True,True,True,late_in_run_extension
84498,Akira,amc-pacific-place-11,AMC Pacific Place 11,ordinary,standard,confirmed_complete,2026-09-03,2026-09-16,2026-09-01,Tuesday,0.125,True,12,283,283,1.0,3,8,8,15,8,False,True,0.125,0.15384615384615385,2026-09-04,False,True,0.4583333333333333,0.46153846153846156,2026-09-08,False,True,0.4583333333333333,0.46153846153846156,2026-09-08,False,True,0.5,0.46153846153846156,2026-09-08,False,False,,,,False,,,,True,True,True,True,True,late_in_run_extension
84498,Akira,amc-southcenter-16,AMC Southcenter 16,ordinary,standard,confirmed_complete,2026-09-03,2026-09-16,2026-08-24,Monday,0.4230769230769231,True,9,144,507,0.284,1,16,16,16,16,False,True,0.4230769230769231,0.35714285714285715,2026-09-07,False,True,0.5,0.42857142857142855,2026-09-08,False,True,0.5769230769230769,0.5,2026-09-09,False,True,0.6538461538461539,0.5714285714285714,2026-09-10,False,True,0.6538461538461539,0.5714285714285714,False,True,0.6538461538461539,0.5714285714285714,False,True,True,True,True,True,late_in_run_extension
84498,Akira,amc-woodinville-12,AMC Woodinville 12,ordinary,standard,confirmed_complete,2026-09-03,2026-09-17,2026-08-26,Wednesday,0.8055555555555556,True,8,349,397,0.8791,0,0,14,20,20,False,True,0.8055555555555556,0.5,2026-09-09,False,True,0.8055555555555556,0.5,2026-09-09,False,True,0.8055555555555556,0.5,2026-09-09,False,True,0.8055555555555556,0.5,2026-09-09,False,True,0.8055555555555556,0.5,False,True,0.8055555555555556,0.5,False,True,True,True,True,True,late_in_run_extension
84550,All Wishes Come True!,amc-pacific-place-11,AMC Pacific Place 11,ordinary,standard,confirmed_complete,2026-08-21,2026-09-03,2026-08-18,Tuesday,0.13043478260869565,True,13,172,296,0.5811,1,8,8,14,14,False,True,0.13043478260869565,0.07142857142857142,2026-08-21,False,True,0.6086956521739131,0.42857142857142855,2026-08-26,False,True,0.6086956521739131,0.42857142857142855,2026-08-26,False,True,0.6086956521739131,0.42857142857142855,2026-08-26,False,False,,,,True,0.13043478260869565,0.07142857142857142,False,True,True,True,True,True,late_in_run_extension
84660,AMC Scream Unseen: August 17,amc-alderwood-mall-16,AMC Alderwood Mall 16,special_event,mystery_screening,confirmed_complete,2026-08-17,2026-08-17,2026-08-05,Wednesday,1.0,False,0,224,579,0.3869,0,0,0,0,0,True,True,1.0,1.0,2026-08-17,True,True,1.0,1.0,2026-08-17,True,True,1.0,1.0,2026-08-17,True,True,1.0,1.0,2026-08-17,True,True,1.0,1.0,True,True,1.0,1.0,True,False,False,False,False,False,not_extended_on_first_snapshot
84660,AMC Scream Unseen: August 17,amc-factoria-8,AMC Factoria 8,special_event,mystery_screening,confirmed_complete,2026-08-17,2026-08-17,2026-08-05,Wednesday,1.0,False,0,80,285,0.2807,0,0,0,0,0,True,True,1.0,1.0,2026-08-17,True,True,1.0,1.0,2026-08-17,True,True,1.0,1.0,2026-08-17,True,True,1.0,1.0,2026-08-17,True,True,1.0,1.0,True,True,1.0,1.0,True,False,False,False,False,False,not_extended_on_first_snapshot
84660,AMC Scream Unseen: August 17,amc-kent-station-14,AMC Kent Station 14,special_event,mystery_screening,confirmed_complete,2026-08-17,2026-08-17,2026-08-05,Wednesday,1.0,False,0,111,555,0.2,0,0,0,0,0,True,True,1.0,1.0,2026-08-17,True,True,1.0,1.0,2026-08-17,True,True,1.0,1.0,2026-08-17,True,True,1.0,1.0,2026-08-17,True,True,1.0,1.0,True,True,1.0,1.0,True,False,False,False,False,False,not_extended_on_first_snapshot
84660,AMC Scream Unseen: August 17,amc-oak-tree-6,AMC Oak Tree 6,special_event,mystery_screening,confirmed_complete,2026-08-17,2026-08-17,2026-08-05,Wednesday,1.0,False,0,43,184,0.2337,0,0,0,0,0,True,True,1.0,1.0,2026-08-17,True,True,1.0,1.0,2026-08-17,True,True,1.0,1.0,2026-08-17,True,True,1.0,1.0,2026-08-17,True,True,1.0,1.0,True,True,1.0,1.0,True,False,False,False,False,False,not_extended_on_first_snapshot
84660,AMC Scream Unseen: August 17,amc-pacific-place-11,AMC Pacific Place 11,special_event,mystery_screening,confirmed_complete,2026-08-17,2026-08-17,2026-08-05,Wednesday,1.0,False,0,138,327,0.422,0,0,0,0,0,True,True,1.0,1.0,2026-08-17,True,True,1.0,1.0,2026-08-17,True,True,1.0,1.0,2026-08-17,True,True,1.0,1.0,2026-08-17,True,True,1.0,1.0,True,True,1.0,1.0,True,False,False,False,False,False,not_extended_on_first_snapshot
84660,AMC Scream Unseen: August 17,amc-southcenter-16,AMC Southcenter 16,special_event,mystery_screening,confirmed_complete,2026-08-17,2026-08-17,2026-08-05,Wednesday,1.0,False,0,217,551,0.3938,0,0,0,0,0,True,True,1.0,1.0,2026-08-17,True,True,1.0,1.0,2026-08-17,True,True,1.0,1.0,2026-08-17,True,True,1.0,1.0,2026-08-17,True,True,1.0,1.0,True,True,1.0,1.0,True,False,False,False,False,False,not_extended_on_first_snapshot
84660,AMC Scream Unseen: August 17,amc-woodinville-12,AMC Woodinville 12,special_event,mystery_screening,confirmed_complete,2026-08-17,2026-08-17,2026-08-11,Tuesday,1.0,False,0,353,395,0.8937,0,0,0,0,0,True,True,1.0,1.0,2026-08-17,True,True,1.0,1.0,2026-08-17,True,True,1.0,1.0,2026-08-17,True,True,1.0,1.0,2026-08-17,True,False,,,,True,1.0,1.0,True,False,False,False,False,False,not_extended_on_first_snapshot
84688,AMC Scream Unseen: August 24,amc-alderwood-mall-16,AMC Alderwood Mall 16,special_event,mystery_screening,confirmed_complete,2026-08-24,2026-08-24,2026-08-12,Wednesday,1.0,False,0,209,611,0.3421,0,0,0,0,0,True,True,1.0,1.0,2026-08-24,True,True,1.0,1.0,2026-08-24,True,True,1.0,1.0,2026-08-24,True,True,1.0,1.0,2026-08-24,True,True,1.0,1.0,True,True,1.0,1.0,True,False,False,False,False,False,not_extended_on_first_snapshot
84688,AMC Scream Unseen: August 24,amc-factoria-8,AMC Factoria 8,special_event,mystery_screening,confirmed_complete,2026-08-24,2026-08-24,2026-08-12,Wednesday,1.0,False,0,52,322,0.1615,0,0,0,0,0,True,True,1.0,1.0,2026-08-24,True,True,1.0,1.0,2026-08-24,True,True,1.0,1.0,2026-08-24,True,True,1.0,1.0,2026-08-24,True,True,1.0,1.0,True,True,1.0,1.0,True,False,False,False,False,False,not_extended_on_first_snapshot
84688,AMC Scream Unseen: August 24,amc-kent-station-14,AMC Kent Station 14,special_event,mystery_screening,confirmed_complete,2026-08-24,2026-08-24,2026-08-12,Wednesday,1.0,False,0,108,523,0.2065,0,0,0,0,0,True,True,1.0,1.0,2026-08-24,True,True,1.0,1.0,2026-08-24,True,True,1.0,1.0,2026-08-24,True,True,1.0,1.0,2026-08-24,True,True,1.0,1.0,True,True,1.0,1.0,True,False,False,False,False,False,not_extended_on_first_snapshot
84688,AMC Scream Unseen: August 24,amc-oak-tree-6,AMC Oak Tree 6,special_event,mystery_screening,confirmed_complete,2026-08-24,2026-08-24,2026-08-12,Wednesday,1.0,False,0,19,185,0.1027,0,0,0,0,0,True,True,1.0,1.0,2026-08-24,True,True,1.0,1.0,2026-08-24,True,True,1.0,1.0,2026-08-24,True,True,1.0,1.0,2026-08-24,True,True,1.0,1.0,True,True,1.0,1.0,True,False,False,False,False,False,not_extended_on_first_snapshot
84688,AMC Scream Unseen: August 24,amc-pacific-place-11,AMC Pacific Place 11,special_event,mystery_screening,confirmed_complete,2026-08-24,2026-08-24,2026-08-12,Wednesday,1.0,False,0,119,296,0.402,0,0,0,0,0,True,True,1.0,1.0,2026-08-24,True,True,1.0,1.0,2026-08-24,True,True,1.0,1.0,2026-08-24,True,True,1.0,1.0,2026-08-24,True,True,1.0,1.0,True,True,1.0,1.0,True,False,False,False,False,False,not_extended_on_first_snapshot
84688,AMC Scream Unseen: August 24,amc-southcenter-16,AMC Southcenter 16,special_event,mystery_screening,confirmed_complete,2026-08-24,2026-08-24,2026-08-12,Wednesday,1.0,False,0,233,543,0.4291,0,0,0,0,0,True,True,1.0,1.0,2026-08-24,True,True,1.0,1.0,2026-08-24,True,True,1.0,1.0,2026-08-24,True,True,1.0,1.0,2026-08-24,True,True,1.0,1.0,True,True,1.0,1.0,True,False,False,False,False,False,not_extended_on_first_snapshot
84688,AMC Scream Unseen: August 24,amc-woodinville-12,AMC Woodinville 12,special_event,mystery_screening,confirmed_complete,2026-08-24,2026-08-24,2026-08-12,Wednesday,1.0,False,0,101,390,0.259,0,0,0,0,0,True,True,1.0,1.0,2026-08-24,True,True,1.0,1.0,2026-08-24,True,True,1.0,1.0,2026-08-24,True,True,1.0,1.0,2026-08-24,True,True,1.0,1.0,True,True,1.0,1.0,True,False,False,False,False,False,not_extended_on_first_snapshot
84363,AMC Scream Unseen: August 3,amc-alderwood-mall-16,AMC Alderwood Mall 16,special_event,mystery_screening,confirmed_complete,2026-08-03,2026-08-03,2026-07-22,Wednesday,1.0,False,0,213,579,0.3679,0,0,0,0,0,True,True,1.0,1.0,2026-08-03,True,True,1.0,1.0,2026-08-03,True,True,1.0,1.0,2026-08-03,True,True,1.0,1.0,2026-08-03,True,True,1.0,1.0,True,True,1.0,1.0,True,False,False,False,False,False,not_extended_on_first_snapshot
84363,AMC Scream Unseen: August 3,amc-factoria-8,AMC Factoria 8,special_event,mystery_screening,confirmed_complete,2026-08-03,2026-08-03,2026-07-22,Wednesday,1.0,False,0,96,260,0.3692,0,0,0,0,0,True,True,1.0,1.0,2026-08-03,True,True,1.0,1.0,2026-08-03,True,True,1.0,1.0,2026-08-03,True,True,1.0,1.0,2026-08-03,True,True,1.0,1.0,True,True,1.0,1.0,True,False,False,False,False,False,not_extended_on_first_snapshot
84363,AMC Scream Unseen: August 3,amc-kent-station-14,AMC Kent Station 14,special_event,mystery_screening,confirmed_complete,2026-08-03,2026-08-03,2026-07-22,Wednesday,1.0,False,0,265,617,0.4295,0,0,0,0,0,True,True,1.0,1.0,2026-08-03,True,True,1.0,1.0,2026-08-03,True,True,1.0,1.0,2026-08-03,True,True,1.0,1.0,2026-08-03,True,True,1.0,1.0,True,True,1.0,1.0,True,False,False,False,False,False,not_extended_on_first_snapshot
84363,AMC Scream Unseen: August 3,amc-oak-tree-6,AMC Oak Tree 6,special_event,mystery_screening,confirmed_complete,2026-08-03,2026-08-03,2026-07-22,Wednesday,1.0,False,0,47,181,0.2597,0,0,0,0,0,True,True,1.0,1.0,2026-08-03,True,True,1.0,1.0,2026-08-03,True,True,1.0,1.0,2026-08-03,True,True,1.0,1.0,2026-08-03,True,True,1.0,1.0,True,True,1.0,1.0,True,False,False,False,False,False,not_extended_on_first_snapshot
84363,AMC Scream Unseen: August 3,amc-pacific-place-11,AMC Pacific Place 11,special_event,mystery_screening,confirmed_complete,2026-08-03,2026-08-03,2026-07-22,Wednesday,1.0,False,0,103,322,0.3199,0,0,0,0,0,True,True,1.0,1.0,2026-08-03,True,True,1.0,1.0,2026-08-03,True,True,1.0,1.0,2026-08-03,True,True,1.0,1.0,2026-08-03,True,True,1.0,1.0,True,True,1.0,1.0,True,False,False,False,False,False,not_extended_on_first_snapshot
84363,AMC Scream Unseen: August 3,amc-southcenter-16,AMC Southcenter 16,special_event,mystery_screening,confirmed_complete,2026-08-03,2026-08-03,2026-07-22,Wednesday,1.0,False,0,218,662,0.3293,0,0,0,0,0,True,True,1.0,1.0,2026-08-03,True,True,1.0,1.0,2026-08-03,True,True,1.0,1.0,2026-08-03,True,True,1.0,1.0,2026-08-03,True,True,1.0,1.0,True,True,1.0,1.0,True,False,False,False,False,False,not_extended_on_first_snapshot
84363,AMC Scream Unseen: August 3,amc-woodinville-12,AMC Woodinville 12,special_event,mystery_screening,confirmed_complete,2026-08-03,2026-08-03,2026-07-22,Wednesday,1.0,False,0,148,406,0.3645,0,0,0,0,0,True,True,1.0,1.0,2026-08-03,True,True,1.0,1.0,2026-08-03,True,True,1.0,1.0,2026-08-03,True,True,1.0,1.0,2026-08-03,True,True,1.0,1.0,True,True,1.0,1.0,True,False,False,False,False,False,not_extended_on_first_snapshot
84465,AMC Screen Unseen: August 10,amc-alderwood-mall-16,AMC Alderwood Mall 16,special_event,mystery_screening,confirmed_complete,2026-08-10,2026-08-10,2026-07-29,Wednesday,1.0,False,0,214,609,0.3514,0,0,0,0,0,True,True,1.0,1.0,2026-08-10,True,True,1.0,1.0,2026-08-10,True,True,1.0,1.0,2026-08-10,True,True,1.0,1.0,2026-08-10,True,True,1.0,1.0,True,True,1.0,1.0,True,False,False,False,False,False,not_extended_on_first_snapshot
84465,AMC Screen Unseen: August 10,amc-factoria-8,AMC Factoria 8,special_event,mystery_screening,confirmed_complete,2026-08-10,2026-08-10,2026-07-29,Wednesday,1.0,False,0,105,271,0.3875,0,0,0,0,0,True,True,1.0,1.0,2026-08-10,True,True,1.0,1.0,2026-08-10,True,True,1.0,1.0,2026-08-10,True,True,1.0,1.0,2026-08-10,True,True,1.0,1.0,True,True,1.0,1.0,True,False,False,False,False,False,not_extended_on_first_snapshot
84465,AMC Screen Unseen: August 10,amc-kent-station-14,AMC Kent Station 14,special_event,mystery_screening,confirmed_complete,2026-08-10,2026-08-10,2026-07-29,Wednesday,1.0,False,0,176,607,0.29,0,0,0,0,0,True,True,1.0,1.0,2026-08-10,True,True,1.0,1.0,2026-08-10,True,True,1.0,1.0,2026-08-10,True,True,1.0,1.0,2026-08-10,True,True,1.0,1.0,True,True,1.0,1.0,True,False,False,False,False,False,not_extended_on_first_snapshot
84465,AMC Screen Unseen: August 10,amc-oak-tree-6,AMC Oak Tree 6,special_event,mystery_screening,confirmed_complete,2026-08-10,2026-08-10,2026-07-29,Wednesday,1.0,False,0,49,195,0.2513,0,0,0,0,0,True,True,1.0,1.0,2026-08-10,True,True,1.0,1.0,2026-08-10,True,True,1.0,1.0,2026-08-10,True,True,1.0,1.0,2026-08-10,True,True,1.0,1.0,True,True,1.0,1.0,True,False,False,False,False,False,not_extended_on_first_snapshot
84465,AMC Screen Unseen: August 10,amc-pacific-place-11,AMC Pacific Place 11,special_event,mystery_screening,confirmed_complete,2026-08-10,2026-08-10,2026-07-29,Wednesday,1.0,False,0,115,331,0.3474,0,0,0,0,0,True,True,1.0,1.0,2026-08-10,True,True,1.0,1.0,2026-08-10,True,True,1.0,1.0,2026-08-10,True,True,1.0,1.0,2026-08-10,True,True,1.0,1.0,True,True,1.0,1.0,True,False,False,False,False,False,not_extended_on_first_snapshot
84465,AMC Screen Unseen: August 10,amc-southcenter-16,AMC Southcenter 16,special_event,mystery_screening,confirmed_complete,2026-08-10,2026-08-10,2026-07-29,Wednesday,1.0,False,0,232,650,0.3569,0,0,0,0,0,True,True,1.0,1.0,2026-08-10,True,True,1.0,1.0,2026-08-10,True,True,1.0,1.0,2026-08-10,True,True,1.0,1.0,2026-08-10,True,True,1.0,1.0,True,True,1.0,1.0,True,False,False,False,False,False,not_extended_on_first_snapshot
84465,AMC Screen Unseen: August 10,amc-woodinville-12,AMC Woodinville 12,special_event,mystery_screening,confirmed_complete,2026-08-10,2026-08-10,2026-07-29,Wednesday,1.0,False,0,152,399,0.381,0,0,0,0,0,True,True,1.0,1.0,2026-08-10,True,True,1.0,1.0,2026-08-10,True,True,1.0,1.0,2026-08-10,True,True,1.0,1.0,2026-08-10,True,True,1.0,1.0,True,True,1.0,1.0,True,False,False,False,False,False,not_extended_on_first_snapshot
84689,AMC Screen Unseen: August 31,amc-alderwood-mall-16,AMC Alderwood Mall 16,special_event,mystery_screening,confirmed_complete,2026-08-31,2026-08-31,2026-08-19,Wednesday,1.0,False,0,127,557,0.228,0,0,0,0,0,True,True,1.0,1.0,2026-08-31,True,True,1.0,1.0,2026-08-31,True,True,1.0,1.0,2026-08-31,True,True,1.0,1.0,2026-08-31,True,True,1.0,1.0,True,True,1.0,1.0,True,False,False,False,False,False,not_extended_on_first_snapshot
84689,AMC Screen Unseen: August 31,amc-factoria-8,AMC Factoria 8,special_event,mystery_screening,confirmed_complete,2026-08-31,2026-08-31,2026-08-19,Wednesday,1.0,False,0,34,231,0.1472,0,0,0,0,0,True,True,1.0,1.0,2026-08-31,True,True,1.0,1.0,2026-08-31,True,True,1.0,1.0,2026-08-31,True,True,1.0,1.0,2026-08-31,True,True,1.0,1.0,True,True,1.0,1.0,True,False,False,False,False,False,not_extended_on_first_snapshot
84689,AMC Screen Unseen: August 31,amc-kent-station-14,AMC Kent Station 14,special_event,mystery_screening,confirmed_complete,2026-08-31,2026-08-31,2026-08-19,Wednesday,1.0,False,0,122,479,0.2547,0,0,0,0,0,True,True,1.0,1.0,2026-08-31,True,True,1.0,1.0,2026-08-31,True,True,1.0,1.0,2026-08-31,True,True,1.0,1.0,2026-08-31,True,True,1.0,1.0,True,True,1.0,1.0,True,False,False,False,False,False,not_extended_on_first_snapshot
84689,AMC Screen Unseen: August 31,amc-oak-tree-6,AMC Oak Tree 6,special_event,mystery_screening,confirmed_complete,2026-08-31,2026-08-31,2026-08-19,Wednesday,1.0,False,0,24,161,0.1491,0,0,0,0,0,True,True,1.0,1.0,2026-08-31,True,True,1.0,1.0,2026-08-31,True,True,1.0,1.0,2026-08-31,True,True,1.0,1.0,2026-08-31,True,True,1.0,1.0,True,True,1.0,1.0,True,False,False,False,False,False,not_extended_on_first_snapshot
84689,AMC Screen Unseen: August 31,amc-pacific-place-11,AMC Pacific Place 11,special_event,mystery_screening,confirmed_complete,2026-08-31,2026-08-31,2026-08-19,Wednesday,1.0,False,0,120,283,0.424,0,0,0,0,0,True,True,1.0,1.0,2026-08-31,True,True,1.0,1.0,2026-08-31,True,True,1.0,1.0,2026-08-31,True,True,1.0,1.0,2026-08-31,True,True,1.0,1.0,True,True,1.0,1.0,True,False,False,False,False,False,not_extended_on_first_snapshot
84689,AMC Screen Unseen: August 31,amc-southcenter-16,AMC Southcenter 16,special_event,mystery_screening,confirmed_complete,2026-08-31,2026-08-31,2026-08-19,Wednesday,1.0,False,0,126,507,0.2485,0,0,0,0,0,True,True,1.0,1.0,2026-08-31,True,True,1.0,1.0,2026-08-31,True,True,1.0,1.0,2026-08-31,True,True,1.0,1.0,2026-08-31,True,True,1.0,1.0,True,True,1.0,1.0,True,False,False,False,False,False,not_extended_on_first_snapshot
84689,AMC Screen Unseen: August 31,amc-woodinville-12,AMC Woodinville 12,special_event,mystery_screening,confirmed_complete,2026-08-31,2026-08-31,2026-08-19,Wednesday,1.0,False,0,115,397,0.2897,0,0,0,0,0,True,True,1.0,1.0,2026-08-31,True,True,1.0,1.0,2026-08-31,True,True,1.0,1.0,2026-08-31,True,True,1.0,1.0,2026-08-31,True,True,1.0,1.0,True,True,1.0,1.0,True,False,False,False,False,False,not_extended_on_first_snapshot
84361,AMC Screen Unseen: July 20,amc-alderwood-mall-16,AMC Alderwood Mall 16,special_event,mystery_screening,confirmed_complete,2026-07-20,2026-07-20,2026-07-08,Wednesday,1.0,False,0,143,552,0.2591,0,0,0,0,0,True,True,1.0,1.0,2026-07-20,True,True,1.0,1.0,2026-07-20,True,True,1.0,1.0,2026-07-20,True,True,1.0,1.0,2026-07-20,True,True,1.0,1.0,True,True,1.0,1.0,True,False,False,False,False,False,not_extended_on_first_snapshot
84361,AMC Screen Unseen: July 20,amc-factoria-8,AMC Factoria 8,special_event,mystery_screening,confirmed_complete,2026-07-20,2026-07-20,2026-07-08,Wednesday,1.0,False,0,73,274,0.2664,0,0,0,0,0,True,True,1.0,1.0,2026-07-20,True,True,1.0,1.0,2026-07-20,True,True,1.0,1.0,2026-07-20,True,True,1.0,1.0,2026-07-20,True,True,1.0,1.0,True,True,1.0,1.0,True,False,False,False,False,False,not_extended_on_first_snapshot
84361,AMC Screen Unseen: July 20,amc-kent-station-14,AMC Kent Station 14,special_event,mystery_screening,confirmed_complete,2026-07-20,2026-07-20,2026-07-08,Wednesday,1.0,False,0,145,517,0.2805,0,0,0,0,0,True,True,1.0,1.0,2026-07-20,True,True,1.0,1.0,2026-07-20,True,True,1.0,1.0,2026-07-20,True,True,1.0,1.0,2026-07-20,True,True,1.0,1.0,True,True,1.0,1.0,True,False,False,False,False,False,not_extended_on_first_snapshot
84361,AMC Screen Unseen: July 20,amc-oak-tree-6,AMC Oak Tree 6,special_event,mystery_screening,confirmed_complete,2026-07-20,2026-07-20,2026-07-08,Wednesday,1.0,False,0,72,215,0.3349,0,0,0,0,0,True,True,1.0,1.0,2026-07-20,True,True,1.0,1.0,2026-07-20,True,True,1.0,1.0,2026-07-20,True,True,1.0,1.0,2026-07-20,True,True,1.0,1.0,True,True,1.0,1.0,True,False,False,False,False,False,not_extended_on_first_snapshot
84361,AMC Screen Unseen: July 20,amc-pacific-place-11,AMC Pacific Place 11,special_event,mystery_screening,confirmed_complete,2026-07-20,2026-07-20,2026-07-08,Wednesday,1.0,False,0,75,349,0.2149,0,0,0,0,0,True,True,1.0,1.0,2026-07-20,True,True,1.0,1.0,2026-07-20,True,True,1.0,1.0,2026-07-20,True,True,1.0,1.0,2026-07-20,True,True,1.0,1.0,True,True,1.0,1.0,True,False,False,False,False,False,not_extended_on_first_snapshot
84361,AMC Screen Unseen: July 20,amc-southcenter-16,AMC Southcenter 16,special_event,mystery_screening,confirmed_complete,2026-07-20,2026-07-20,2026-07-08,Wednesday,1.0,False,0,172,538,0.3197,0,0,0,0,0,True,True,1.0,1.0,2026-07-20,True,True,1.0,1.0,2026-07-20,True,True,1.0,1.0,2026-07-20,True,True,1.0,1.0,2026-07-20,True,True,1.0,1.0,True,True,1.0,1.0,True,False,False,False,False,False,not_extended_on_first_snapshot
84361,AMC Screen Unseen: July 20,amc-woodinville-12,AMC Woodinville 12,special_event,mystery_screening,confirmed_complete,2026-07-20,2026-07-20,2026-07-08,Wednesday,1.0,False,0,123,408,0.3015,0,0,0,0,0,True,True,1.0,1.0,2026-07-20,True,True,1.0,1.0,2026-07-20,True,True,1.0,1.0,2026-07-20,True,True,1.0,1.0,2026-07-20,True,True,1.0,1.0,True,True,1.0,1.0,True,False,False,False,False,False,not_extended_on_first_snapshot
84362,AMC Screen Unseen: July 27,amc-alderwood-mall-16,AMC Alderwood Mall 16,special_event,mystery_screening,confirmed_complete,2026-07-27,2026-07-27,2026-07-15,Wednesday,1.0,False,0,117,529,0.2212,0,0,0,0,0,True,True,1.0,1.0,2026-07-27,True,True,1.0,1.0,2026-07-27,True,True,1.0,1.0,2026-07-27,True,True,1.0,1.0,2026-07-27,True,True,1.0,1.0,True,True,1.0,1.0,True,False,False,False,False,False,not_extended_on_first_snapshot
84362,AMC Screen Unseen: July 27,amc-factoria-8,AMC Factoria 8,special_event,mystery_screening,confirmed_complete,2026-07-27,2026-07-27,2026-07-15,Wednesday,1.0,False,0,43,236,0.1822,0,0,0,0,0,True,True,1.0,1.0,2026-07-27,True,True,1.0,1.0,2026-07-27,True,True,1.0,1.0,2026-07-27,True,True,1.0,1.0,2026-07-27,True,True,1.0,1.0,True,True,1.0,1.0,True,False,False,False,False,False,not_extended_on_first_snapshot
84362,AMC Screen Unseen: July 27,amc-kent-station-14,AMC Kent Station 14,special_event,mystery_screening,confirmed_complete,2026-07-27,2026-07-27,2026-07-15,Wednesday,1.0,False,0,115,505,0.2277,0,0,0,0,0,True,True,1.0,1.0,2026-07-27,True,True,1.0,1.0,2026-07-27,True,True,1.0,1.0,2026-07-27,True,True,1.0,1.0,2026-07-27,True,True,1.0,1.0,True,True,1.0,1.0,True,False,False,False,False,False,not_extended_on_first_snapshot
84362,AMC Screen Unseen: July 27,amc-oak-tree-6,AMC Oak Tree 6,special_event,mystery_screening,confirmed_complete,2026-07-27,2026-07-27,2026-07-15,Wednesday,1.0,False,0,36,170,0.2118,0,0,0,0,0,True,True,1.0,1.0,2026-07-27,True,True,1.0,1.0,2026-07-27,True,True,1.0,1.0,2026-07-27,True,True,1.0,1.0,2026-07-27,True,True,1.0,1.0,True,True,1.0,1.0,True,False,False,False,False,False,not_extended_on_first_snapshot
84362,AMC Screen Unseen: July 27,amc-pacific-place-11,AMC Pacific Place 11,special_event,mystery_screening,confirmed_complete,2026-07-27,2026-07-27,2026-07-15,Wednesday,1.0,False,0,83,337,0.2463,0,0,0,0,0,True,True,1.0,1.0,2026-07-27,True,True,1.0,1.0,2026-07-27,True,True,1.0,1.0,2026-07-27,True,True,1.0,1.0,2026-07-27,True,True,1.0,1.0,True,True,1.0,1.0,True,False,False,False,False,False,not_extended_on_first_snapshot
84362,AMC Screen Unseen: July 27,amc-southcenter-16,AMC Southcenter 16,special_event,mystery_screening,confirmed_complete,2026-07-27,2026-07-27,2026-07-15,Wednesday,1.0,False,0,155,551,0.2813,0,0,0,0,0,True,True,1.0,1.0,2026-07-27,True,True,1.0,1.0,2026-07-27,True,True,1.0,1.0,2026-07-27,True,True,1.0,1.0,2026-07-27,True,True,1.0,1.0,True,True,1.0,1.0,True,False,False,False,False,False,not_extended_on_first_snapshot
84362,AMC Screen Unseen: July 27,amc-woodinville-12,AMC Woodinville 12,special_event,mystery_screening,confirmed_complete,2026-07-27,2026-07-27,2026-07-15,Wednesday,0.5,False,0,95,367,0.2589,0,12,12,12,0,True,True,0.5,1.0,2026-07-27,True,True,0.5,1.0,2026-07-27,True,True,0.5,1.0,2026-07-27,True,True,0.5,1.0,2026-07-27,True,True,0.5,1.0,True,True,0.5,1.0,True,False,False,False,False,False,not_extended_on_first_snapshot
84804,AMC Screen Unseen: September 13,amc-alderwood-mall-16,AMC Alderwood Mall 16,special_event,mystery_screening,confirmed_complete,2026-09-13,2026-09-13,2026-09-02,Wednesday,1.0,False,0,102,456,0.2237,0,0,0,0,0,True,True,1.0,1.0,2026-09-13,True,True,1.0,1.0,2026-09-13,True,True,1.0,1.0,2026-09-13,True,True,1.0,1.0,2026-09-13,True,True,1.0,1.0,True,True,1.0,1.0,True,False,False,False,False,False,not_extended_on_first_snapshot
84804,AMC Screen Unseen: September 13,amc-factoria-8,AMC Factoria 8,special_event,mystery_screening,confirmed_complete,2026-09-13,2026-09-13,2026-09-02,Wednesday,1.0,False,0,47,217,0.2166,0,0,0,0,0,True,True,1.0,1.0,2026-09-13,True,True,1.0,1.0,2026-09-13,True,True,1.0,1.0,2026-09-13,True,True,1.0,1.0,2026-09-13,True,True,1.0,1.0,True,True,1.0,1.0,True,False,False,False,False,False,not_extended_on_first_snapshot
84804,AMC Screen Unseen: September 13,amc-kent-station-14,AMC Kent Station 14,special_event,mystery_screening,confirmed_complete,2026-09-13,2026-09-13,2026-09-02,Wednesday,1.0,False,0,106,418,0.2536,0,0,0,0,0,True,True,1.0,1.0,2026-09-13,True,True,1.0,1.0,2026-09-13,True,True,1.0,1.0,2026-09-13,True,True,1.0,1.0,2026-09-13,True,True,1.0,1.0,True,True,1.0,1.0,True,False,False,False,False,False,not_extended_on_first_snapshot
84804,AMC Screen Unseen: September 13,amc-oak-tree-6,AMC Oak Tree 6,special_event,mystery_screening,confirmed_complete,2026-09-13,2026-09-13,2026-09-02,Wednesday,1.0,False,0,16,136,0.1176,0,0,0,0,0,True,True,1.0,1.0,2026-09-13,True,True,1.0,1.0,2026-09-13,True,True,1.0,1.0,2026-09-13,True,True,1.0,1.0,2026-09-13,True,True,1.0,1.0,True,True,1.0,1.0,True,False,False,False,False,False,not_extended_on_first_snapshot
84804,AMC Screen Unseen: September 13,amc-pacific-place-11,AMC Pacific Place 11,special_event,mystery_screening,confirmed_complete,2026-09-13,2026-09-13,2026-09-02,Wednesday,1.0,False,0,77,246,0.313,0,0,0,0,0,True,True,1.0,1.0,2026-09-13,True,True,1.0,1.0,2026-09-13,True,True,1.0,1.0,2026-09-13,True,True,1.0,1.0,2026-09-13,True,True,1.0,1.0,True,True,1.0,1.0,True,False,False,False,False,False,not_extended_on_first_snapshot
84804,AMC Screen Unseen: September 13,amc-southcenter-16,AMC Southcenter 16,special_event,mystery_screening,confirmed_complete,2026-09-13,2026-09-13,2026-09-02,Wednesday,1.0,False,0,103,449,0.2294,0,0,0,0,0,True,True,1.0,1.0,2026-09-13,True,True,1.0,1.0,2026-09-13,True,True,1.0,1.0,2026-09-13,True,True,1.0,1.0,2026-09-13,True,True,1.0,1.0,True,True,1.0,1.0,True,False,False,False,False,False,not_extended_on_first_snapshot
84804,AMC Screen Unseen: September 13,amc-woodinville-12,AMC Woodinville 12,special_event,mystery_screening,confirmed_complete,2026-09-13,2026-09-13,2026-09-02,Wednesday,1.0,False,0,98,333,0.2943,0,0,0,0,0,True,True,1.0,1.0,2026-09-13,True,True,1.0,1.0,2026-09-13,True,True,1.0,1.0,2026-09-13,True,True,1.0,1.0,2026-09-13,True,True,1.0,1.0,True,True,1.0,1.0,True,False,False,False,False,False,not_extended_on_first_snapshot
84874,AMC Screen Unseen: September 14,amc-alderwood-mall-16,AMC Alderwood Mall 16,special_event,mystery_screening,confirmed_complete,2026-09-14,2026-09-14,2026-09-02,Wednesday,1.0,False,0,102,456,0.2237,0,0,0,0,0,True,True,1.0,1.0,2026-09-14,True,True,1.0,1.0,2026-09-14,True,True,1.0,1.0,2026-09-14,True,True,1.0,1.0,2026-09-14,True,True,1.0,1.0,True,True,1.0,1.0,True,False,False,False,False,False,not_extended_on_first_snapshot
84874,AMC Screen Unseen: September 14,amc-factoria-8,AMC Factoria 8,special_event,mystery_screening,confirmed_complete,2026-09-14,2026-09-14,2026-09-02,Wednesday,1.0,False,0,47,217,0.2166,0,0,0,0,0,True,True,1.0,1.0,2026-09-14,True,True,1.0,1.0,2026-09-14,True,True,1.0,1.0,2026-09-14,True,True,1.0,1.0,2026-09-14,True,True,1.0,1.0,True,True,1.0,1.0,True,False,False,False,False,False,not_extended_on_first_snapshot
84874,AMC Screen Unseen: September 14,amc-kent-station-14,AMC Kent Station 14,special_event,mystery_screening,confirmed_complete,2026-09-14,2026-09-14,2026-09-02,Wednesday,1.0,False,0,106,418,0.2536,0,0,0,0,0,True,True,1.0,1.0,2026-09-14,True,True,1.0,1.0,2026-09-14,True,True,1.0,1.0,2026-09-14,True,True,1.0,1.0,2026-09-14,True,True,1.0,1.0,True,True,1.0,1.0,True,False,False,False,False,False,not_extended_on_first_snapshot
84874,AMC Screen Unseen: September 14,amc-oak-tree-6,AMC Oak Tree 6,special_event,mystery_screening,confirmed_complete,2026-09-14,2026-09-14,2026-09-02,Wednesday,1.0,False,0,16,136,0.1176,0,0,0,0,0,True,True,1.0,1.0,2026-09-14,True,True,1.0,1.0,2026-09-14,True,True,1.0,1.0,2026-09-14,True,True,1.0,1.0,2026-09-14,True,True,1.0,1.0,True,True,1.0,1.0,True,False,False,False,False,False,not_extended_on_first_snapshot
84874,AMC Screen Unseen: September 14,amc-pacific-place-11,AMC Pacific Place 11,special_event,mystery_screening,confirmed_complete,2026-09-14,2026-09-14,2026-09-02,Wednesday,1.0,False,0,77,246,0.313,0,0,0,0,0,True,True,1.0,1.0,2026-09-14,True,True,1.0,1.0,2026-09-14,True,True,1.0,1.0,2026-09-14,True,True,1.0,1.0,2026-09-14,True,True,1.0,1.0,True,True,1.0,1.0,True,False,False,False,False,False,not_extended_on_first_snapshot
84874,AMC Screen Unseen: September 14,amc-southcenter-16,AMC Southcenter 16,special_event,mystery_screening,confirmed_complete,2026-09-14,2026-09-14,2026-09-02,Wednesday,1.0,False,0,103,449,0.2294,0,0,0,0,0,True,True,1.0,1.0,2026-09-14,True,True,1.0,1.0,2026-09-14,True,True,1.0,1.0,2026-09-14,True,True,1.0,1.0,2026-09-14,True,True,1.0,1.0,True,True,1.0,1.0,True,False,False,False,False,False,not_extended_on_first_snapshot
84874,AMC Screen Unseen: September 14,amc-woodinville-12,AMC Woodinville 12,special_event,mystery_screening,confirmed_complete,2026-09-14,2026-09-14,2026-09-02,Wednesday,1.0,False,0,98,333,0.2943,0,0,0,0,0,True,True,1.0,1.0,2026-09-14,True,True,1.0,1.0,2026-09-14,True,True,1.0,1.0,2026-09-14,True,True,1.0,1.0,2026-09-14,True,True,1.0,1.0,True,True,1.0,1.0,True,False,False,False,False,False,not_extended_on_first_snapshot
84931,AMC Screen Unseen: September 21,amc-alderwood-mall-16,AMC Alderwood Mall 16,special_event,mystery_screening,confirmed_complete,2026-09-21,2026-09-21,2026-09-09,Wednesday,1.0,False,0,155,482,0.3216,0,0,0,0,0,True,True,1.0,1.0,2026-09-21,True,True,1.0,1.0,2026-09-21,True,True,1.0,1.0,2026-09-21,True,True,1.0,1.0,2026-09-21,True,True,1.0,1.0,True,True,1.0,1.0,True,False,False,False,False,False,not_extended_on_first_snapshot
84931,AMC Screen Unseen: September 21,amc-factoria-8,AMC Factoria 8,special_event,mystery_screening,confirmed_complete,2026-09-21,2026-09-21,2026-09-09,Wednesday,1.0,False,0,41,228,0.1798,0,0,0,0,0,True,True,1.0,1.0,2026-09-21,True,True,1.0,1.0,2026-09-21,True,True,1.0,1.0,2026-09-21,True,True,1.0,1.0,2026-09-21,True,True,1.0,1.0,True,True,1.0,1.0,True,False,False,False,False,False,not_extended_on_first_snapshot
84931,AMC Screen Unseen: September 21,amc-kent-station-14,AMC Kent Station 14,special_event,mystery_screening,confirmed_complete,2026-09-21,2026-09-21,2026-09-09,Wednesday,1.0,False,0,130,440,0.2955,0,0,0,0,0,True,True,1.0,1.0,2026-09-21,True,True,1.0,1.0,2026-09-21,True,True,1.0,1.0,2026-09-21,True,True,1.0,1.0,2026-09-21,True,True,1.0,1.0,True,True,1.0,1.0,True,False,False,False,False,False,not_extended_on_first_snapshot
84931,AMC Screen Unseen: September 21,amc-oak-tree-6,AMC Oak Tree 6,special_event,mystery_screening,confirmed_complete,2026-09-21,2026-09-21,2026-09-09,Wednesday,1.0,False,0,21,143,0.1469,0,0,0,0,0,True,True,1.0,1.0,2026-09-21,True,True,1.0,1.0,2026-09-21,True,True,1.0,1.0,2026-09-21,True,True,1.0,1.0,2026-09-21,True,True,1.0,1.0,True,True,1.0,1.0,True,False,False,False,False,False,not_extended_on_first_snapshot
84931,AMC Screen Unseen: September 21,amc-pacific-place-11,AMC Pacific Place 11,special_event,mystery_screening,confirmed_complete,2026-09-21,2026-09-21,2026-09-09,Wednesday,1.0,False,0,69,238,0.2899,0,0,0,0,0,True,True,1.0,1.0,2026-09-21,True,True,1.0,1.0,2026-09-21,True,True,1.0,1.0,2026-09-21,True,True,1.0,1.0,2026-09-21,True,True,1.0,1.0,True,True,1.0,1.0,True,False,False,False,False,False,not_extended_on_first_snapshot
84931,AMC Screen Unseen: September 21,amc-southcenter-16,AMC Southcenter 16,special_event,mystery_screening,confirmed_complete,2026-09-21,2026-09-21,2026-09-09,Wednesday,1.0,False,0,178,491,0.3625,0,0,0,0,0,True,True,1.0,1.0,2026-09-21,True,True,1.0,1.0,2026-09-21,True,True,1.0,1.0,2026-09-21,True,True,1.0,1.0,2026-09-21,True,True,1.0,1.0,True,True,1.0,1.0,True,False,False,False,False,False,not_extended_on_first_snapshot
84931,AMC Screen Unseen: September 21,amc-woodinville-12,AMC Woodinville 12,special_event,mystery_screening,confirmed_complete,2026-09-21,2026-09-21,2026-09-09,Wednesday,1.0,False,0,73,325,0.2246,0,0,0,0,0,True,True,1.0,1.0,2026-09-21,True,True,1.0,1.0,2026-09-21,True,True,1.0,1.0,2026-09-21,True,True,1.0,1.0,2026-09-21,True,True,1.0,1.0,True,True,1.0,1.0,True,False,False,False,False,False,not_extended_on_first_snapshot
84803,AMC Screen Unseen: September 7,amc-alderwood-mall-16,AMC Alderwood Mall 16,special_event,mystery_screening,confirmed_complete,2026-09-07,2026-09-07,2026-08-27,Thursday,1.0,False,0,157,481,0.3264,0,0,0,0,0,True,True,1.0,1.0,2026-09-07,True,True,1.0,1.0,2026-09-07,True,True,1.0,1.0,2026-09-07,True,True,1.0,1.0,2026-09-07,True,True,1.0,1.0,True,True,1.0,1.0,True,False,False,False,False,False,not_extended_on_first_snapshot
84803,AMC Screen Unseen: September 7,amc-factoria-8,AMC Factoria 8,special_event,mystery_screening,confirmed_complete,2026-09-07,2026-09-07,2026-08-27,Thursday,1.0,False,0,34,237,0.1435,0,0,0,0,0,True,True,1.0,1.0,2026-09-07,True,True,1.0,1.0,2026-09-07,True,True,1.0,1.0,2026-09-07,True,True,1.0,1.0,2026-09-07,True,True,1.0,1.0,True,True,1.0,1.0,True,False,False,False,False,False,not_extended_on_first_snapshot
84803,AMC Screen Unseen: September 7,amc-kent-station-14,AMC Kent Station 14,special_event,mystery_screening,confirmed_complete,2026-09-07,2026-09-07,2026-08-27,Thursday,1.0,False,0,120,458,0.262,0,0,0,0,0,True,True,1.0,1.0,2026-09-07,True,True,1.0,1.0,2026-09-07,True,True,1.0,1.0,2026-09-07,True,True,1.0,1.0,2026-09-07,True,True,1.0,1.0,True,True,1.0,1.0,True,False,False,False,False,False,not_extended_on_first_snapshot
84803,AMC Screen Unseen: September 7,amc-oak-tree-6,AMC Oak Tree 6,special_event,mystery_screening,confirmed_complete,2026-09-07,2026-09-07,2026-08-27,Thursday,1.0,False,0,22,170,0.1294,0,0,0,0,0,True,True,1.0,1.0,2026-09-07,True,True,1.0,1.0,2026-09-07,True,True,1.0,1.0,2026-09-07,True,True,1.0,1.0,2026-09-07,True,True,1.0,1.0,True,True,1.0,1.0,True,False,False,False,False,False,not_extended_on_first_snapshot
84803,AMC Screen Unseen: September 7,amc-pacific-place-11,AMC Pacific Place 11,special_event,mystery_screening,confirmed_complete,2026-09-07,2026-09-07,2026-08-27,Thursday,1.0,False,0,157,308,0.5097,0,0,0,0,0,True,True,1.0,1.0,2026-09-07,True,True,1.0,1.0,2026-09-07,True,True,1.0,1.0,2026-09-07,True,True,1.0,1.0,2026-09-07,True,True,1.0,1.0,True,True,1.0,1.0,True,False,False,False,False,False,not_extended_on_first_snapshot
84803,AMC Screen Unseen: September 7,amc-southcenter-16,AMC Southcenter 16,special_event,mystery_screening,confirmed_complete,2026-09-07,2026-09-07,2026-08-27,Thursday,1.0,False,0,193,478,0.4038,0,0,0,0,0,True,True,1.0,1.0,2026-09-07,True,True,1.0,1.0,2026-09-07,True,True,1.0,1.0,2026-09-07,True,True,1.0,1.0,2026-09-07,True,True,1.0,1.0,True,True,1.0,1.0,True,False,False,False,False,False,not_extended_on_first_snapshot
84803,AMC Screen Unseen: September 7,amc-woodinville-12,AMC Woodinville 12,special_event,mystery_screening,confirmed_complete,2026-09-07,2026-09-07,2026-08-27,Thursday,0.5,False,0,101,342,0.2953,0,9,9,9,0,True,True,0.5,1.0,2026-09-07,True,True,0.5,1.0,2026-09-07,True,True,0.5,1.0,2026-09-07,True,True,0.5,1.0,2026-09-07,True,True,0.5,1.0,True,True,0.5,1.0,True,False,False,False,False,False,not_extended_on_first_snapshot
84292,American Martyr: The Stanley Rother Story,amc-alderwood-mall-16,AMC Alderwood Mall 16,special_event,concert_or_event,confirmed_complete,2026-08-25,2026-08-27,2026-08-11,Tuesday,0.3333333333333333,True,2,150,611,0.2455,1,2,2,2,2,True,True,0.3333333333333333,0.3333333333333333,2026-08-25,False,True,0.6666666666666666,0.6666666666666666,2026-08-26,False,True,1.0,1.0,2026-08-27,True,True,1.0,1.0,2026-08-27,True,True,1.0,1.0,True,True,1.0,1.0,True,True,False,False,False,False,immediate_rollout_within_48h
84292,American Martyr: The Stanley Rother Story,amc-kent-station-14,AMC Kent Station 14,special_event,concert_or_event,confirmed_complete,2026-08-25,2026-08-27,2026-08-11,Tuesday,0.3333333333333333,True,2,87,523,0.1663,1,2,2,2,2,True,True,0.3333333333333333,0.3333333333333333,2026-08-25,False,True,0.6666666666666666,0.6666666666666666,2026-08-26,False,True,1.0,1.0,2026-08-27,True,True,1.0,1.0,2026-08-27,True,True,1.0,1.0,True,True,1.0,1.0,True,True,False,False,False,False,immediate_rollout_within_48h
84292,American Martyr: The Stanley Rother Story,amc-southcenter-16,AMC Southcenter 16,special_event,concert_or_event,confirmed_complete,2026-08-25,2026-08-27,2026-08-11,Tuesday,0.3333333333333333,True,2,169,543,0.3112,1,2,2,2,2,True,True,0.3333333333333333,0.3333333333333333,2026-08-25,False,True,0.6666666666666666,0.6666666666666666,2026-08-26,False,True,1.0,1.0,2026-08-27,True,True,1.0,1.0,2026-08-27,True,True,1.0,1.0,True,True,1.0,1.0,True,True,False,False,False,False,immediate_rollout_within_48h
84292,American Martyr: The Stanley Rother Story,amc-woodinville-12,AMC Woodinville 12,special_event,concert_or_event,confirmed_complete,2026-08-25,2026-08-27,2026-08-11,Tuesday,0.3333333333333333,True,2,82,390,0.2103,1,2,2,2,2,True,True,0.3333333333333333,0.3333333333333333,2026-08-25,False,True,0.6666666666666666,0.6666666666666666,2026-08-26,False,True,1.0,1.0,2026-08-27,True,True,1.0,1.0,2026-08-27,True,True,1.0,1.0,True,True,1.0,1.0,True,True,False,False,False,False,immediate_rollout_within_48h
84715,Amok Time + Star Trek III: The Search for Spock 60th Anniversary Event,amc-alderwood-mall-16,AMC Alderwood Mall 16,rerelease,anniversary_or_rerelease,confirmed_complete,2026-09-06,2026-09-06,2026-08-23,Sunday,1.0,False,0,55,481,0.1143,0,0,0,0,0,True,True,1.0,1.0,2026-09-06,True,True,1.0,1.0,2026-09-06,True,True,1.0,1.0,2026-09-06,True,True,1.0,1.0,2026-09-06,True,True,1.0,1.0,True,True,1.0,1.0,True,False,False,False,False,False,not_extended_on_first_snapshot
84715,Amok Time + Star Trek III: The Search for Spock 60th Anniversary Event,amc-southcenter-16,AMC Southcenter 16,rerelease,anniversary_or_rerelease,confirmed_complete,2026-09-06,2026-09-06,2026-08-23,Sunday,1.0,False,0,60,478,0.1255,0,0,0,0,0,True,True,1.0,1.0,2026-09-06,True,True,1.0,1.0,2026-09-06,True,True,1.0,1.0,2026-09-06,True,True,1.0,1.0,2026-09-06,True,True,1.0,1.0,True,True,1.0,1.0,True,False,False,False,False,False,not_extended_on_first_snapshot
84089,Ateez: Light the Way in Cinemas,amc-alderwood-mall-16,AMC Alderwood Mall 16,special_event,concert_or_event,confirmed_complete,2026-08-06,2026-08-08,2026-07-23,Thursday,0.5,True,2,250,579,0.4318,0,9,9,9,2,True,True,0.5,0.5,2026-08-06,False,True,0.5,0.5,2026-08-06,False,True,0.75,1.0,2026-08-08,True,True,0.75,1.0,2026-08-08,True,True,0.75,1.0,True,True,1.0,1.0,True,True,False,False,False,False,immediate_rollout_within_48h
84089,Ateez: Light the Way in Cinemas,amc-southcenter-16,AMC Southcenter 16,special_event,concert_or_event,confirmed_complete,2026-08-06,2026-08-08,2026-07-23,Thursday,0.5,True,2,253,662,0.3822,0,2,2,2,2,True,True,0.5,0.5,2026-08-06,False,True,0.5,0.5,2026-08-06,False,True,1.0,1.0,2026-08-08,True,True,1.0,1.0,2026-08-08,True,True,1.0,1.0,True,True,1.0,1.0,True,True,False,False,False,False,immediate_rollout_within_48h
84307,Backrooms: Everything Must Go Edition w/ Bonus Footage,amc-alderwood-mall-16,AMC Alderwood Mall 16,ordinary,standard,confirmed_complete,2026-07-03,2026-07-29,2026-07-01,Wednesday,0.28205128205128205,True,21,534,583,0.916,7,21,21,21,21,False,True,0.28205128205128205,0.2222222222222222,2026-07-08,False,True,0.28205128205128205,0.2222222222222222,2026-07-08,False,True,0.28205128205128205,0.2222222222222222,2026-07-08,False,True,0.28205128205128205,0.2222222222222222,2026-07-08,False,False,,,,False,,,,True,True,True,True,True,late_in_run_extension
84307,Backrooms: Everything Must Go Edition w/ Bonus Footage,amc-factoria-8,AMC Factoria 8,ordinary,standard,confirmed_complete,2026-07-03,2026-07-09,2026-06-30,Tuesday,0.8571428571428571,True,1,272,289,0.9412,0,0,7,7,7,False,True,0.8571428571428571,0.8571428571428571,2026-07-08,False,True,0.8571428571428571,0.8571428571428571,2026-07-08,False,True,0.8571428571428571,0.8571428571428571,2026-07-08,False,True,0.8571428571428571,0.8571428571428571,2026-07-08,False,False,,,,True,0.8571428571428571,0.8571428571428571,False,True,True,True,True,True,late_in_run_extension
84307,Backrooms: Everything Must Go Edition w/ Bonus Footage,amc-kent-station-14,AMC Kent Station 14,ordinary,standard,confirmed_complete,2026-07-03,2026-07-16,2026-06-30,Tuesday,0.6785714285714286,True,8,513,550,0.9327,0,7,7,14,14,False,True,0.6785714285714286,0.42857142857142855,2026-07-08,False,True,0.6785714285714286,0.42857142857142855,2026-07-08,False,True,0.6785714285714286,0.42857142857142855,2026-07-08,False,True,0.6785714285714286,0.42857142857142855,2026-07-08,False,False,,,,True,0.6785714285714286,0.42857142857142855,False,True,True,True,True,True,late_in_run_extension
84307,Backrooms: Everything Must Go Edition w/ Bonus Footage,amc-pacific-place-11,AMC Pacific Place 11,ordinary,standard,confirmed_complete,2026-07-03,2026-07-23,2026-06-30,Tuesday,0.058823529411764705,True,20,121,294,0.4116,8,14,14,21,21,False,True,0.058823529411764705,0.047619047619047616,2026-07-03,False,True,0.38235294117647056,0.2857142857142857,2026-07-08,False,True,0.38235294117647056,0.2857142857142857,2026-07-08,False,True,0.38235294117647056,0.2857142857142857,2026-07-08,False,False,,,,True,0.058823529411764705,0.047619047619047616,False,True,True,True,True,True,late_in_run_extension
84307,Backrooms: Everything Must Go Edition w/ Bonus Footage,amc-southcenter-16,AMC Southcenter 16,ordinary,standard,confirmed_complete,2026-07-03,2026-07-29,2026-07-01,Wednesday,0.25,True,21,595,644,0.9239,7,20,20,21,21,False,True,0.25,0.2222222222222222,2026-07-08,False,True,0.25,0.2222222222222222,2026-07-08,False,True,0.2608695652173913,0.2222222222222222,2026-07-08,False,True,0.2608695652173913,0.2222222222222222,2026-07-08,False,False,,,,False,,,,True,True,True,True,True,late_in_run_extension
84307,Backrooms: Everything Must Go Edition w/ Bonus Footage,amc-woodinville-12,AMC Woodinville 12,ordinary,standard,confirmed_complete,2026-07-03,2026-07-23,2026-06-30,Tuesday,0.5892857142857143,True,15,405,439,0.9226,0,7,15,22,22,False,True,0.5892857142857143,0.2857142857142857,2026-07-08,False,True,0.5892857142857143,0.2857142857142857,2026-07-08,False,True,0.5892857142857143,0.2857142857142857,2026-07-08,False,True,0.5892857142857143,0.2857142857142857,2026-07-08,False,False,,,,True,0.5892857142857143,0.2857142857142857,False,True,True,True,True,True,late_in_run_extension
83921,Bad Counselors,amc-alderwood-mall-16,AMC Alderwood Mall 16,special_event,concert_or_event,confirmed_complete,2026-07-23,2026-07-27,2026-07-09,Thursday,0.2,True,4,172,552,0.3116,2,3,4,4,4,True,True,0.2,0.2,2026-07-23,False,True,0.4,0.4,2026-07-24,False,True,0.6,0.6,2026-07-25,False,True,0.8,0.8,2026-07-26,False,True,1.0,1.0,True,True,1.0,1.0,True,True,True,True,False,False,pre_opening_rollout_after_48h
83921,Bad Counselors,amc-kent-station-14,AMC Kent Station 14,special_event,concert_or_event,confirmed_complete,2026-07-23,2026-07-27,2026-07-09,Thursday,0.2,True,4,166,517,0.3211,2,3,4,4,4,True,True,0.2,0.2,2026-07-23,False,True,0.4,0.4,2026-07-24,False,True,0.6,0.6,2026-07-25,False,True,0.8,0.8,2026-07-26,False,True,1.0,1.0,True,True,1.0,1.0,True,True,True,True,False,False,pre_opening_rollout_after_48h
83921,Bad Counselors,amc-southcenter-16,AMC Southcenter 16,special_event,concert_or_event,confirmed_complete,2026-07-23,2026-07-27,2026-07-09,Thursday,0.2,True,4,199,538,0.3699,2,3,4,4,4,True,True,0.2,0.2,2026-07-23,False,True,0.4,0.4,2026-07-24,False,True,0.6,0.6,2026-07-25,False,True,0.8,0.8,2026-07-26,False,True,1.0,1.0,True,True,1.0,1.0,True,True,True,True,False,False,pre_opening_rollout_after_48h
83921,Bad Counselors,amc-woodinville-12,AMC Woodinville 12,special_event,concert_or_event,confirmed_complete,2026-07-23,2026-07-27,2026-07-09,Thursday,0.2,True,4,142,408,0.348,2,3,4,4,4,True,True,0.2,0.2,2026-07-23,False,True,0.4,0.4,2026-07-24,False,True,0.6,0.6,2026-07-25,False,True,0.8,0.8,2026-07-26,False,True,1.0,1.0,True,True,1.0,1.0,True,True,True,True,False,False,pre_opening_rollout_after_48h
84559,Batman (1989),amc-alderwood-mall-16,AMC Alderwood Mall 16,ordinary,standard,confirmed_complete,2026-09-18,2026-09-19,2026-09-03,Thursday,1.0,False,0,133,482,0.2759,0,0,0,0,0,True,True,1.0,1.0,2026-09-19,True,True,1.0,1.0,2026-09-19,True,True,1.0,1.0,2026-09-19,True,True,1.0,1.0,2026-09-19,True,True,1.0,1.0,True,True,1.0,1.0,True,False,False,False,False,False,not_extended_on_first_snapshot
84559,Batman (1989),amc-kent-station-14,AMC Kent Station 14,ordinary,standard,confirmed_complete,2026-09-18,2026-09-19,2026-09-03,Thursday,1.0,False,0,106,440,0.2409,0,0,0,0,0,True,True,1.0,1.0,2026-09-19,True,True,1.0,1.0,2026-09-19,True,True,1.0,1.0,2026-09-19,True,True,1.0,1.0,2026-09-19,True,True,1.0,1.0,True,True,1.0,1.0,True,False,False,False,False,False,not_extended_on_first_snapshot
84559,Batman (1989),amc-southcenter-16,AMC Southcenter 16,ordinary,standard,confirmed_complete,2026-09-18,2026-09-19,2026-09-03,Thursday,1.0,False,0,127,491,0.2587,0,0,0,0,0,True,True,1.0,1.0,2026-09-19,True,True,1.0,1.0,2026-09-19,True,True,1.0,1.0,2026-09-19,True,True,1.0,1.0,2026-09-19,True,True,1.0,1.0,True,True,1.0,1.0,True,False,False,False,False,False,not_extended_on_first_snapshot
84559,Batman (1989),amc-woodinville-12,AMC Woodinville 12,ordinary,standard,confirmed_complete,2026-09-18,2026-09-19,2026-09-03,Thursday,1.0,False,0,67,325,0.2062,0,0,0,0,0,True,True,1.0,1.0,2026-09-19,True,True,1.0,1.0,2026-09-19,True,True,1.0,1.0,2026-09-19,True,True,1.0,1.0,2026-09-19,True,True,1.0,1.0,True,True,1.0,1.0,True,False,False,False,False,False,not_extended_on_first_snapshot
84560,Batman: Mask of the Phantasm (2026BD),amc-alderwood-mall-16,AMC Alderwood Mall 16,ordinary,standard,confirmed_complete,2026-09-19,2026-09-19,2026-09-03,Thursday,1.0,False,0,133,482,0.2759,0,0,0,0,0,True,True,1.0,1.0,2026-09-19,True,True,1.0,1.0,2026-09-19,True,True,1.0,1.0,2026-09-19,True,True,1.0,1.0,2026-09-19,True,True,1.0,1.0,True,True,1.0,1.0,True,False,False,False,False,False,not_extended_on_first_snapshot
84560,Batman: Mask of the Phantasm (2026BD),amc-kent-station-14,AMC Kent Station 14,ordinary,standard,confirmed_complete,2026-09-19,2026-09-19,2026-09-03,Thursday,0.5,False,0,106,440,0.2409,0,12,12,12,0,True,True,0.5,1.0,2026-09-19,True,True,0.5,1.0,2026-09-19,True,True,0.5,1.0,2026-09-19,True,True,0.5,1.0,2026-09-19,True,True,0.5,1.0,True,True,1.0,1.0,True,False,False,False,False,False,not_extended_on_first_snapshot
84560,Batman: Mask of the Phantasm (2026BD),amc-southcenter-16,AMC Southcenter 16,ordinary,standard,confirmed_complete,2026-09-19,2026-09-19,2026-09-03,Thursday,1.0,False,0,127,491,0.2587,0,0,0,0,0,True,True,1.0,1.0,2026-09-19,True,True,1.0,1.0,2026-09-19,True,True,1.0,1.0,2026-09-19,True,True,1.0,1.0,2026-09-19,True,True,1.0,1.0,True,True,1.0,1.0,True,False,False,False,False,False,not_extended_on_first_snapshot
84560,Batman: Mask of the Phantasm (2026BD),amc-woodinville-12,AMC Woodinville 12,ordinary,standard,confirmed_complete,2026-09-19,2026-09-19,2026-09-03,Thursday,1.0,False,0,67,325,0.2062,0,0,0,0,0,True,True,1.0,1.0,2026-09-19,True,True,1.0,1.0,2026-09-19,True,True,1.0,1.0,2026-09-19,True,True,1.0,1.0,2026-09-19,True,True,1.0,1.0,True,True,1.0,1.0,True,False,False,False,False,False,not_extended_on_first_snapshot
83794,Beyond Belief,amc-southcenter-16,AMC Southcenter 16,ordinary,standard,confirmed_complete,2026-08-27,2026-09-02,2026-08-25,Tuesday,0.3125,True,4,503,543,0.9263,1,1,1,1,1,True,True,0.3125,0.42857142857142855,2026-08-29,False,True,1.0,1.0,2026-09-02,True,True,1.0,1.0,2026-09-02,True,True,1.0,1.0,2026-09-02,True,False,,,,False,,,,True,False,False,False,False,immediate_rollout_within_48h
84548,Boyhood 12th Anniversary,amc-alderwood-mall-16,AMC Alderwood Mall 16,rerelease,anniversary_or_rerelease,confirmed_complete,2026-08-04,2026-08-04,2026-07-22,Wednesday,1.0,False,0,213,579,0.3679,0,0,0,0,0,True,True,1.0,1.0,2026-08-04,True,True,1.0,1.0,2026-08-04,True,True,1.0,1.0,2026-08-04,True,True,1.0,1.0,2026-08-04,True,True,1.0,1.0,True,True,1.0,1.0,True,False,False,False,False,False,not_extended_on_first_snapshot
83749,Buddy,amc-factoria-8,AMC Factoria 8,ordinary,standard,confirmed_complete,2026-09-03,2026-09-16,2026-09-01,Tuesday,0.58,True,7,228,231,0.987,0,8,8,8,8,False,True,0.58,0.5,2026-09-09,False,True,0.58,0.5,2026-09-09,False,True,0.58,0.5,2026-09-09,False,True,0.58,0.5,2026-09-09,False,False,,,,False,,,,True,True,True,True,True,late_in_run_extension
83749,Buddy,amc-kent-station-14,AMC Kent Station 14,ordinary,standard,confirmed_complete,2026-08-27,2026-09-24,2026-08-25,Tuesday,0.12195121951219512,True,22,522,523,0.9981,7,15,21,28,28,False,True,0.12195121951219512,0.2413793103448276,2026-09-02,False,True,0.12195121951219512,0.2413793103448276,2026-09-02,False,True,0.14634146341463414,0.2413793103448276,2026-09-02,False,True,0.15853658536585366,0.2413793103448276,2026-09-02,False,False,,,,False,,,,True,True,True,True,True,late_in_run_extension
83749,Buddy,amc-oak-tree-6,AMC Oak Tree 6,ordinary,standard,confirmed_complete,2026-09-03,2026-09-16,2026-09-01,Tuesday,0.7333333333333333,True,7,161,161,1.0,0,8,8,8,8,False,True,0.7333333333333333,0.5,2026-09-09,False,True,0.7333333333333333,0.5,2026-09-09,False,True,0.7333333333333333,0.5,2026-09-09,False,True,0.7333333333333333,0.5,2026-09-09,False,False,,,,False,,,,True,True,True,True,True,late_in_run_extension
83749,Buddy,amc-pacific-place-11,AMC Pacific Place 11,ordinary,standard,confirmed_complete,2026-09-03,2026-09-24,2026-09-01,Tuesday,0.1111111111111111,True,20,283,283,1.0,8,15,15,21,21,False,True,0.1111111111111111,0.09090909090909091,2026-09-04,False,True,0.37037037037037035,0.3181818181818182,2026-09-09,False,True,0.37037037037037035,0.3181818181818182,2026-09-09,False,True,0.37037037037037035,0.3181818181818182,2026-09-09,False,False,,,,False,,,,True,True,True,True,True,late_in_run_extension
83749,Buddy,amc-southcenter-16,AMC Southcenter 16,ordinary,standard,confirmed_complete,2026-08-27,2026-09-23,2026-08-25,Tuesday,0.05263157894736842,True,25,503,543,0.9263,8,15,22,22,22,False,True,0.05263157894736842,0.07142857142857142,2026-08-29,False,True,0.19736842105263158,0.25,2026-09-02,False,True,0.19736842105263158,0.25,2026-09-02,False,True,0.19736842105263158,0.25,2026-09-02,False,False,,,,False,,,,True,True,True,True,True,late_in_run_extension
83749,Buddy,amc-woodinville-12,AMC Woodinville 12,ordinary,standard,confirmed_complete,2026-08-27,2026-09-23,2026-08-26,Wednesday,0.1320754716981132,True,21,388,390,0.9949,14,20,20,20,20,False,True,0.1320754716981132,0.25925925925925924,2026-09-02,False,True,0.1320754716981132,0.25925925925925924,2026-09-02,False,True,0.1320754716981132,0.25925925925925924,2026-09-02,False,True,0.20754716981132076,0.25925925925925924,2026-09-02,False,False,,,,False,,,,True,True,True,True,True,late_in_run_extension
82711,By Any Means,amc-alderwood-mall-16,AMC Alderwood Mall 16,ordinary,standard,confirmed_complete,2026-09-03,2026-09-17,2026-08-20,Thursday,0.06060606060606061,True,14,138,557,0.2478,12,20,20,27,27,False,True,0.06060606060606061,0.06666666666666667,2026-09-03,False,True,0.12121212121212122,0.13333333333333333,2026-09-04,False,True,0.18181818181818182,0.2,2026-09-05,False,True,0.24242424242424243,0.26666666666666666,2026-09-06,False,True,0.48484848484848486,0.5333333333333333,False,True,0.48484848484848486,0.5333333333333333,False,True,True,True,True,True,late_in_run_extension
82711,By Any Means,amc-factoria-8,AMC Factoria 8,ordinary,standard,confirmed_complete,2026-09-03,2026-09-16,2026-08-20,Thursday,0.06451612903225806,True,13,43,231,0.1861,7,20,20,20,20,False,True,0.06451612903225806,0.07142857142857142,2026-09-03,False,True,0.14516129032258066,0.14285714285714285,2026-09-04,False,True,0.22580645161290322,0.21428571428571427,2026-09-05,False,True,0.3064516129032258,0.2857142857142857,2026-09-06,False,True,0.532258064516129,0.5714285714285714,False,True,0.532258064516129,0.5714285714285714,False,True,True,True,True,True,late_in_run_extension
82711,By Any Means,amc-kent-station-14,AMC Kent Station 14,ordinary,standard,confirmed_complete,2026-09-03,2026-09-24,2026-08-20,Thursday,0.046153846153846156,True,21,129,479,0.2693,20,20,26,33,33,False,True,0.046153846153846156,0.045454545454545456,2026-09-03,False,True,0.1076923076923077,0.09090909090909091,2026-09-04,False,True,0.16923076923076924,0.13636363636363635,2026-09-05,False,True,0.23076923076923078,0.18181818181818182,2026-09-06,False,True,0.38461538461538464,0.3181818181818182,False,True,0.38461538461538464,0.3181818181818182,False,True,True,True,True,True,late_in_run_extension
82711,By Any Means,amc-oak-tree-6,AMC Oak Tree 6,ordinary,standard,confirmed_complete,2026-09-03,2026-09-16,2026-08-30,Sunday,0.3508771929824561,True,7,145,161,0.9006,2,10,10,10,10,False,True,0.3508771929824561,0.5,2026-09-09,False,True,0.3508771929824561,0.5,2026-09-09,False,True,0.7543859649122807,0.5,2026-09-09,False,True,0.7543859649122807,0.5,2026-09-09,False,False,,,,True,0.3508771929824561,0.5,False,True,True,True,True,True,late_in_run_extension
82711,By Any Means,amc-pacific-place-11,AMC Pacific Place 11,ordinary,standard,confirmed_complete,2026-09-03,2026-09-17,2026-08-20,Thursday,0.07692307692307693,True,14,142,283,0.5018,6,20,20,27,27,False,True,0.07692307692307693,0.06666666666666667,2026-09-03,False,True,0.15384615384615385,0.13333333333333333,2026-09-04,False,True,0.23076923076923078,0.2,2026-09-05,False,True,0.3076923076923077,0.26666666666666666,2026-09-06,False,True,0.5961538461538461,0.5333333333333333,False,True,0.5961538461538461,0.5333333333333333,False,True,True,True,True,True,late_in_run_extension
82711,By Any Means,amc-southcenter-16,AMC Southcenter 16,ordinary,standard,confirmed_complete,2026-09-03,2026-09-16,2026-08-20,Thursday,0.06349206349206349,True,13,135,507,0.2663,13,20,20,20,20,False,True,0.06349206349206349,0.07142857142857142,2026-09-03,False,True,0.12698412698412698,0.14285714285714285,2026-09-04,False,True,0.19047619047619047,0.21428571428571427,2026-09-05,False,True,0.25396825396825395,0.2857142857142857,2026-09-06,False,True,0.42857142857142855,0.5,False,True,0.42857142857142855,0.5,False,True,True,True,True,True,late_in_run_extension
82711,By Any Means,amc-woodinville-12,AMC Woodinville 12,ordinary,standard,confirmed_complete,2026-09-03,2026-09-23,2026-08-20,Thursday,0.0625,True,20,121,397,0.3048,20,20,26,26,26,False,True,0.0625,0.047619047619047616,2026-09-03,False,True,0.125,0.09523809523809523,2026-09-04,False,True,0.203125,0.14285714285714285,2026-09-05,False,True,0.28125,0.19047619047619047,2026-09-06,False,True,0.46875,0.3333333333333333,False,True,0.46875,0.3333333333333333,False,True,True,True,True,True,late_in_run_extension
84149,Cars: 20th Anniversary,amc-alderwood-mall-16,AMC Alderwood Mall 16,rerelease,anniversary_or_rerelease,confirmed_complete,2026-09-03,2026-09-17,2026-08-25,Tuesday,0.34210526315789475,True,9,150,557,0.2693,8,15,15,22,22,False,True,0.34210526315789475,0.4,2026-09-08,False,True,0.39473684210526316,0.4666666666666667,2026-09-09,False,True,0.39473684210526316,0.4666666666666667,2026-09-09,False,True,0.39473684210526316,0.4666666666666667,2026-09-09,False,True,0.39473684210526316,0.4666666666666667,False,True,0.39473684210526316,0.4666666666666667,False,True,True,True,True,True,late_in_run_extension
84149,Cars: 20th Anniversary,amc-kent-station-14,AMC Kent Station 14,rerelease,anniversary_or_rerelease,confirmed_complete,2026-09-03,2026-09-17,2026-09-01,Tuesday,0.5348837209302325,True,8,477,479,0.9958,0,8,8,14,14,False,True,0.5348837209302325,0.4666666666666667,2026-09-09,False,True,0.5348837209302325,0.4666666666666667,2026-09-09,False,True,0.5348837209302325,0.4666666666666667,2026-09-09,False,True,0.5348837209302325,0.4666666666666667,2026-09-09,False,False,,,,False,,,,True,True,True,True,True,late_in_run_extension
84149,Cars: 20th Anniversary,amc-southcenter-16,AMC Southcenter 16,rerelease,anniversary_or_rerelease,confirmed_complete,2026-09-03,2026-09-16,2026-08-25,Tuesday,0.4838709677419355,True,8,231,507,0.4556,1,15,15,15,15,False,True,0.4838709677419355,0.42857142857142855,2026-09-08,False,True,0.5483870967741935,0.5,2026-09-09,False,True,0.5483870967741935,0.5,2026-09-09,False,True,0.5483870967741935,0.5,2026-09-09,False,True,0.5483870967741935,0.5,False,True,0.5483870967741935,0.5,False,True,True,True,True,True,late_in_run_extension
84149,Cars: 20th Anniversary,amc-woodinville-12,AMC Woodinville 12,rerelease,anniversary_or_rerelease,confirmed_complete,2026-09-03,2026-09-17,2026-09-01,Tuesday,0.4666666666666667,True,8,393,397,0.9899,8,8,8,14,14,False,True,0.4666666666666667,0.4666666666666667,2026-09-09,False,True,0.4666666666666667,0.4666666666666667,2026-09-09,False,True,0.4666666666666667,0.4666666666666667,2026-09-09,False,True,0.4666666666666667,0.4666666666666667,2026-09-09,False,False,,,,False,,,,True,True,True,True,True,late_in_run_extension
83589,Castle in the Sky 40th Anniversary - Studio Ghibli Fest 2026,amc-alderwood-mall-16,AMC Alderwood Mall 16,rerelease,anniversary_or_rerelease,confirmed_complete,2026-08-22,2026-08-26,2026-08-08,Saturday,0.16666666666666666,True,4,58,611,0.0949,1,3,4,4,4,True,True,0.16666666666666666,0.2,2026-08-22,False,True,0.5,0.4,2026-08-23,False,True,0.6666666666666666,0.6,2026-08-24,False,True,0.8333333333333334,0.8,2026-08-25,False,True,1.0,1.0,True,True,1.0,1.0,True,True,True,True,False,False,pre_opening_rollout_after_48h
83589,Castle in the Sky 40th Anniversary - Studio Ghibli Fest 2026,amc-kent-station-14,AMC Kent Station 14,rerelease,anniversary_or_rerelease,confirmed_complete,2026-08-22,2026-08-26,2026-08-08,Saturday,0.16666666666666666,True,4,33,523,0.0631,1,3,4,4,4,True,True,0.16666666666666666,0.2,2026-08-22,False,True,0.5,0.4,2026-08-23,False,True,0.6666666666666666,0.6,2026-08-24,False,True,0.8333333333333334,0.8,2026-08-25,False,True,1.0,1.0,True,True,1.0,1.0,True,True,True,True,False,False,pre_opening_rollout_after_48h
83589,Castle in the Sky 40th Anniversary - Studio Ghibli Fest 2026,amc-southcenter-16,AMC Southcenter 16,rerelease,anniversary_or_rerelease,confirmed_complete,2026-08-22,2026-08-26,2026-08-08,Saturday,0.16666666666666666,True,4,65,543,0.1197,1,3,4,4,4,True,True,0.16666666666666666,0.2,2026-08-22,False,True,0.5,0.4,2026-08-23,False,True,0.6666666666666666,0.6,2026-08-24,False,True,0.8333333333333334,0.8,2026-08-25,False,True,1.0,1.0,True,True,1.0,1.0,True,True,True,True,False,False,pre_opening_rollout_after_48h
83589,Castle in the Sky 40th Anniversary - Studio Ghibli Fest 2026,amc-woodinville-12,AMC Woodinville 12,rerelease,anniversary_or_rerelease,confirmed_complete,2026-08-22,2026-08-26,2026-08-08,Saturday,0.16666666666666666,True,4,32,390,0.0821,1,3,4,4,4,True,True,0.16666666666666666,0.2,2026-08-22,False,True,0.5,0.4,2026-08-23,False,True,0.6666666666666666,0.6,2026-08-24,False,True,0.8333333333333334,0.8,2026-08-25,False,True,1.0,1.0,True,True,1.0,1.0,True,True,True,True,False,False,pre_opening_rollout_after_48h
81850,Charlie Harper,amc-alderwood-mall-16,AMC Alderwood Mall 16,ordinary,standard,confirmed_complete,2026-09-24,2026-09-30,2026-09-16,Wednesday,0.42857142857142855,False,0,436,482,0.9046,7,7,7,7,0,True,True,0.42857142857142855,0.8571428571428571,2026-09-30,True,True,0.42857142857142855,0.8571428571428571,2026-09-30,True,True,0.42857142857142855,0.8571428571428571,2026-09-30,True,True,0.42857142857142855,0.8571428571428571,2026-09-30,True,True,0.42857142857142855,0.8571428571428571,True,True,0.42857142857142855,0.8571428571428571,True,False,False,False,False,False,not_extended_on_first_snapshot
81850,Charlie Harper,amc-pacific-place-11,AMC Pacific Place 11,ordinary,standard,confirmed_complete,2026-09-24,2026-09-30,2026-09-22,Tuesday,0.18181818181818182,True,5,237,238,0.9958,1,1,1,3,1,True,True,0.18181818181818182,0.2857142857142857,2026-09-25,False,True,0.9090909090909091,1.0,2026-09-30,True,True,0.9090909090909091,1.0,2026-09-30,True,True,1.0,1.0,2026-09-30,True,False,,,,False,,,,True,False,False,False,False,immediate_rollout_within_48h
81850,Charlie Harper,amc-southcenter-16,AMC Southcenter 16,ordinary,standard,confirmed_complete,2026-09-24,2026-09-30,2026-09-16,Wednesday,0.5,False,0,434,491,0.8839,0,7,7,7,0,True,True,0.5,1.0,2026-09-30,True,True,0.5,1.0,2026-09-30,True,True,0.5,1.0,2026-09-30,True,True,0.5,1.0,2026-09-30,True,True,0.5,1.0,True,True,0.5,1.0,True,False,False,False,False,False,not_extended_on_first_snapshot
83878,cocoon - One Summer of Girlhood,amc-alderwood-mall-16,AMC Alderwood Mall 16,ordinary,standard,confirmed_complete,2026-09-03,2026-09-09,2026-09-01,Tuesday,0.14285714285714285,True,6,557,557,1.0,1,1,1,1,1,True,True,0.14285714285714285,0.14285714285714285,2026-09-03,False,True,1.0,1.0,2026-09-09,True,True,1.0,1.0,2026-09-09,True,True,1.0,1.0,2026-09-09,True,False,,,,False,,,,True,False,False,False,False,immediate_rollout_within_48h
83878,cocoon - One Summer of Girlhood,amc-pacific-place-11,AMC Pacific Place 11,ordinary,standard,confirmed_complete,2026-09-03,2026-09-09,2026-09-01,Tuesday,0.3,True,5,283,283,1.0,1,1,1,1,1,True,True,0.3,0.2857142857142857,2026-09-04,False,True,1.0,1.0,2026-09-09,True,True,1.0,1.0,2026-09-09,True,True,1.0,1.0,2026-09-09,True,False,,,,False,,,,True,False,False,False,False,immediate_rollout_within_48h
83566,Colony,amc-alderwood-mall-16,AMC Alderwood Mall 16,ordinary,standard,confirmed_complete,2026-08-27,2026-09-09,2026-08-13,Thursday,0.037037037037037035,True,13,258,611,0.4223,13,20,20,20,20,False,True,0.037037037037037035,0.07142857142857142,2026-08-27,False,True,0.07407407407407407,0.14285714285714285,2026-08-28,False,True,0.1111111111111111,0.21428571428571427,2026-08-29,False,True,0.14814814814814814,0.2857142857142857,2026-08-30,False,True,0.25925925925925924,0.5,False,True,0.25925925925925924,0.5,False,True,True,True,True,True,late_in_run_extension
83566,Colony,amc-kent-station-14,AMC Kent Station 14,ordinary,standard,confirmed_complete,2026-08-27,2026-09-02,2026-08-25,Tuesday,1.0,False,0,522,523,0.9981,0,0,0,0,0,True,True,1.0,1.0,2026-09-02,True,True,1.0,1.0,2026-09-02,True,True,1.0,1.0,2026-09-02,True,True,1.0,1.0,2026-09-02,True,False,,,,False,,,,False,False,False,False,False,not_extended_on_first_snapshot
83566,Colony,amc-pacific-place-11,AMC Pacific Place 11,ordinary,standard,confirmed_complete,2026-08-27,2026-09-02,2026-08-14,Friday,0.0625,True,5,143,296,0.4831,11,12,12,12,5,True,True,0.0625,0.14285714285714285,2026-08-28,False,True,0.125,0.2857142857142857,2026-08-29,False,True,0.1875,0.42857142857142855,2026-08-30,False,True,0.25,0.5714285714285714,2026-08-31,False,True,0.4375,1.0,True,True,0.4375,1.0,True,True,True,True,False,False,pre_opening_rollout_after_48h
83566,Colony,amc-southcenter-16,AMC Southcenter 16,ordinary,standard,confirmed_complete,2026-08-27,2026-09-02,2026-08-25,Tuesday,0.15384615384615385,True,5,503,543,0.9263,1,1,1,1,1,True,True,0.15384615384615385,0.14285714285714285,2026-08-28,False,True,1.0,1.0,2026-09-02,True,True,1.0,1.0,2026-09-02,True,True,1.0,1.0,2026-09-02,True,False,,,,False,,,,True,False,False,False,False,immediate_rollout_within_48h
83746,Cookie Queens,amc-alderwood-mall-16,AMC Alderwood Mall 16,ordinary,standard,confirmed_complete,2026-08-06,2026-08-13,2026-07-23,Thursday,0.09302325581395349,True,7,250,579,0.4318,4,13,13,20,20,False,True,0.09302325581395349,0.125,2026-08-06,False,True,0.20930232558139536,0.25,2026-08-07,False,True,0.32558139534883723,0.375,2026-08-08,False,True,0.4418604651162791,0.5,2026-08-09,False,True,0.7906976744186046,0.875,False,True,0.7906976744186046,0.875,False,True,True,True,True,True,late_in_run_extension
83746,Cookie Queens,amc-pacific-place-11,AMC Pacific Place 11,ordinary,standard,confirmed_complete,2026-08-06,2026-08-13,2026-08-04,Tuesday,0.21428571428571427,True,6,321,322,0.9969,1,1,1,7,7,False,True,0.21428571428571427,0.25,2026-08-07,False,True,0.9285714285714286,0.875,2026-08-12,False,True,0.9285714285714286,0.875,2026-08-12,False,True,0.9285714285714286,0.875,2026-08-12,False,False,,,,False,,,,True,True,True,True,True,late_in_run_extension
83746,Cookie Queens,amc-southcenter-16,AMC Southcenter 16,ordinary,standard,confirmed_complete,2026-08-06,2026-08-20,2026-07-23,Thursday,0.07272727272727272,True,14,253,662,0.3822,4,20,20,27,27,False,True,0.07272727272727272,0.06666666666666667,2026-08-06,False,True,0.18181818181818182,0.13333333333333333,2026-08-07,False,True,0.2909090909090909,0.2,2026-08-08,False,True,0.4,0.26666666666666666,2026-08-09,False,True,0.7090909090909091,0.4666666666666667,False,True,0.7090909090909091,0.4666666666666667,False,True,True,True,True,True,late_in_run_extension
84596,Coyote vs. Acme Early Access,amc-alderwood-mall-16,AMC Alderwood Mall 16,special_event,concert_or_event,confirmed_complete,2026-08-23,2026-08-23,2026-08-09,Sunday,1.0,False,0,90,611,0.1473,0,0,0,0,0,True,True,1.0,1.0,2026-08-23,True,True,1.0,1.0,2026-08-23,True,True,1.0,1.0,2026-08-23,True,True,1.0,1.0,2026-08-23,True,True,1.0,1.0,True,True,1.0,1.0,True,False,False,False,False,False,not_extended_on_first_snapshot
84596,Coyote vs. Acme Early Access,amc-kent-station-14,AMC Kent Station 14,special_event,concert_or_event,confirmed_complete,2026-08-23,2026-08-23,2026-08-09,Sunday,1.0,False,0,52,523,0.0994,0,0,0,0,0,True,True,1.0,1.0,2026-08-23,True,True,1.0,1.0,2026-08-23,True,True,1.0,1.0,2026-08-23,True,True,1.0,1.0,2026-08-23,True,True,1.0,1.0,True,True,1.0,1.0,True,False,False,False,False,False,not_extended_on_first_snapshot
84596,Coyote vs. Acme Early Access,amc-pacific-place-11,AMC Pacific Place 11,special_event,concert_or_event,confirmed_complete,2026-08-23,2026-08-23,2026-08-09,Sunday,1.0,False,0,64,296,0.2162,0,0,0,0,0,True,True,1.0,1.0,2026-08-23,True,True,1.0,1.0,2026-08-23,True,True,1.0,1.0,2026-08-23,True,True,1.0,1.0,2026-08-23,True,True,1.0,1.0,True,True,1.0,1.0,True,False,False,False,False,False,not_extended_on_first_snapshot
84596,Coyote vs. Acme Early Access,amc-southcenter-16,AMC Southcenter 16,special_event,concert_or_event,confirmed_complete,2026-08-23,2026-08-23,2026-08-09,Sunday,0.5,False,0,102,543,0.1878,0,13,13,13,0,True,True,0.5,1.0,2026-08-23,True,True,0.5,1.0,2026-08-23,True,True,0.5,1.0,2026-08-23,True,True,0.5,1.0,2026-08-23,True,True,0.5,1.0,True,True,0.5,1.0,True,False,False,False,False,False,not_extended_on_first_snapshot
84596,Coyote vs. Acme Early Access,amc-woodinville-12,AMC Woodinville 12,special_event,concert_or_event,confirmed_complete,2026-08-23,2026-08-23,2026-08-09,Sunday,1.0,False,0,49,390,0.1256,0,0,0,0,0,True,True,1.0,1.0,2026-08-23,True,True,1.0,1.0,2026-08-23,True,True,1.0,1.0,2026-08-23,True,True,1.0,1.0,2026-08-23,True,True,1.0,1.0,True,True,1.0,1.0,True,False,False,False,False,False,not_extended_on_first_snapshot
84162,Crossing,amc-pacific-place-11,AMC Pacific Place 11,ordinary,standard,confirmed_complete,2026-07-10,2026-07-15,2026-07-07,Tuesday,0.058823529411764705,True,5,149,327,0.4557,1,1,4,4,1,True,True,0.058823529411764705,0.16666666666666666,2026-07-10,False,True,0.8823529411764706,1.0,2026-07-15,True,True,0.8823529411764706,1.0,2026-07-15,True,True,0.8823529411764706,1.0,2026-07-15,True,False,,,,True,0.058823529411764705,0.16666666666666666,False,True,False,False,False,False,immediate_rollout_within_48h
84729,Crunchyroll Anime Nights Sneak Peek - September '26,amc-alderwood-mall-16,AMC Alderwood Mall 16,special_event,concert_or_event,confirmed_complete,2026-09-21,2026-09-21,2026-09-03,Thursday,1.0,False,0,133,482,0.2759,0,0,0,0,0,True,True,1.0,1.0,2026-09-21,True,True,1.0,1.0,2026-09-21,True,True,1.0,1.0,2026-09-21,True,True,1.0,1.0,2026-09-21,True,True,1.0,1.0,True,True,1.0,1.0,True,False,False,False,False,False,not_extended_on_first_snapshot
84729,Crunchyroll Anime Nights Sneak Peek - September '26,amc-southcenter-16,AMC Southcenter 16,special_event,concert_or_event,confirmed_complete,2026-09-21,2026-09-21,2026-09-03,Thursday,1.0,False,0,127,491,0.2587,0,0,0,0,0,True,True,1.0,1.0,2026-09-21,True,True,1.0,1.0,2026-09-21,True,True,1.0,1.0,2026-09-21,True,True,1.0,1.0,2026-09-21,True,True,1.0,1.0,True,True,1.0,1.0,True,False,False,False,False,False,not_extended_on_first_snapshot
84743,Daayra,amc-alderwood-mall-16,AMC Alderwood Mall 16,ordinary,standard,confirmed_complete,2026-09-18,2026-09-23,2026-09-16,Wednesday,1.0,False,0,436,482,0.9046,0,0,0,0,0,True,True,1.0,1.0,2026-09-23,True,True,1.0,1.0,2026-09-23,True,True,1.0,1.0,2026-09-23,True,True,1.0,1.0,2026-09-23,True,False,,,,False,,,,False,False,False,False,False,not_extended_on_first_snapshot
84477,Daniel and the Fiery Furnace,amc-alderwood-mall-16,AMC Alderwood Mall 16,ordinary,standard,confirmed_complete,2026-09-17,2026-09-30,2026-09-03,Thursday,0.2857142857142857,True,8,125,456,0.2741,13,20,20,20,20,False,True,0.2857142857142857,0.35714285714285715,2026-09-22,False,True,0.2857142857142857,0.35714285714285715,2026-09-22,False,True,0.2857142857142857,0.35714285714285715,2026-09-22,False,True,0.2857142857142857,0.35714285714285715,2026-09-22,False,True,0.2857142857142857,0.35714285714285715,False,True,0.2857142857142857,0.35714285714285715,False,True,True,True,True,True,late_in_run_extension
84568,DC,amc-alderwood-mall-16,AMC Alderwood Mall 16,ordinary,standard,confirmed_complete,2026-08-06,2026-08-19,2026-08-05,Wednesday,0.4375,True,7,579,579,1.0,7,7,7,9,7,False,True,0.4375,0.5,2026-08-12,False,True,0.4375,0.5,2026-08-12,False,True,0.4375,0.5,2026-08-12,False,True,0.4375,0.5,2026-08-12,False,False,,,,False,,,,True,True,True,True,True,late_in_run_extension
84122,"DCI 2026: Big, Loud and Live",amc-alderwood-mall-16,AMC Alderwood Mall 16,special_event,concert_or_event,confirmed_complete,2026-08-06,2026-08-06,2026-07-23,Thursday,1.0,False,0,250,579,0.4318,0,0,0,0,0,True,True,1.0,1.0,2026-08-06,True,True,1.0,1.0,2026-08-06,True,True,1.0,1.0,2026-08-06,True,True,1.0,1.0,2026-08-06,True,True,1.0,1.0,True,True,1.0,1.0,True,False,False,False,False,False,not_extended_on_first_snapshot
84122,"DCI 2026: Big, Loud and Live",amc-kent-station-14,AMC Kent Station 14,special_event,concert_or_event,confirmed_complete,2026-08-06,2026-08-06,2026-07-23,Thursday,1.0,False,0,299,617,0.4846,0,0,0,0,0,True,True,1.0,1.0,2026-08-06,True,True,1.0,1.0,2026-08-06,True,True,1.0,1.0,2026-08-06,True,True,1.0,1.0,2026-08-06,True,True,1.0,1.0,True,True,1.0,1.0,True,False,False,False,False,False,not_extended_on_first_snapshot
84122,"DCI 2026: Big, Loud and Live",amc-southcenter-16,AMC Southcenter 16,special_event,concert_or_event,confirmed_complete,2026-08-06,2026-08-06,2026-07-23,Thursday,1.0,False,0,253,662,0.3822,0,0,0,0,0,True,True,1.0,1.0,2026-08-06,True,True,1.0,1.0,2026-08-06,True,True,1.0,1.0,2026-08-06,True,True,1.0,1.0,2026-08-06,True,True,1.0,1.0,True,True,1.0,1.0,True,False,False,False,False,False,not_extended_on_first_snapshot
84122,"DCI 2026: Big, Loud and Live",amc-woodinville-12,AMC Woodinville 12,special_event,concert_or_event,confirmed_complete,2026-08-06,2026-08-06,2026-07-23,Thursday,1.0,False,0,171,406,0.4212,0,0,0,0,0,True,True,1.0,1.0,2026-08-06,True,True,1.0,1.0,2026-08-06,True,True,1.0,1.0,2026-08-06,True,True,1.0,1.0,2026-08-06,True,True,1.0,1.0,True,True,1.0,1.0,True,False,False,False,False,False,not_extended_on_first_snapshot
84200,Dear You,amc-pacific-place-11,AMC Pacific Place 11,ordinary,standard,confirmed_complete,2026-09-03,2026-09-23,2026-08-20,Thursday,0.03278688524590164,True,20,142,283,0.5018,20,21,27,27,27,False,True,0.03278688524590164,0.047619047619047616,2026-09-03,False,True,0.09836065573770492,0.09523809523809523,2026-09-04,False,True,0.16393442622950818,0.14285714285714285,2026-09-05,False,True,0.21311475409836064,0.19047619047619047,2026-09-06,False,True,0.26229508196721313,0.3333333333333333,False,True,0.26229508196721313,0.3333333333333333,False,True,True,True,True,True,late_in_run_extension
83904,Dhamaal 4,amc-southcenter-16,AMC Southcenter 16,ordinary,standard,confirmed_complete,2026-07-10,2026-07-22,2026-07-05,Sunday,0.14285714285714285,True,3,307,627,0.4896,2,3,3,10,3,True,True,0.14285714285714285,0.23076923076923078,2026-07-19,False,True,0.19047619047619047,0.3076923076923077,2026-07-20,False,True,0.5714285714285714,0.6153846153846154,2026-07-21,False,True,0.9523809523809523,0.9230769230769231,2026-07-22,True,False,,,,True,0.5714285714285714,0.6153846153846154,False,True,True,False,False,False,pre_opening_rollout_after_48h
84246,Don't Move,amc-alderwood-mall-16,AMC Alderwood Mall 16,ordinary,standard,confirmed_complete,2026-09-10,2026-09-17,2026-09-09,Wednesday,0.875,True,1,481,481,1.0,0,0,7,7,7,False,True,0.875,0.875,2026-09-16,False,True,0.875,0.875,2026-09-16,False,True,0.875,0.875,2026-09-16,False,True,0.875,0.875,2026-09-16,False,False,,,,False,,,,True,True,True,True,True,late_in_run_extension
84246,Don't Move,amc-pacific-place-11,AMC Pacific Place 11,ordinary,standard,confirmed_complete,2026-09-10,2026-09-16,2026-09-09,Wednesday,0.8571428571428571,False,0,293,308,0.9513,0,0,1,1,0,True,True,0.8571428571428571,0.8571428571428571,2026-09-16,True,True,1.0,1.0,2026-09-16,True,True,1.0,1.0,2026-09-16,True,True,1.0,1.0,2026-09-16,True,False,,,,False,,,,False,False,False,False,False,not_extended_on_first_snapshot
84246,Don't Move,amc-southcenter-16,AMC Southcenter 16,ordinary,standard,confirmed_complete,2026-09-10,2026-09-16,2026-08-31,Monday,0.23529411764705882,True,3,194,478,0.4059,9,9,9,9,2,True,True,0.23529411764705882,0.5714285714285714,2026-09-13,False,True,0.23529411764705882,0.5714285714285714,2026-09-13,False,True,0.29411764705882354,0.7142857142857143,2026-09-16,True,True,0.29411764705882354,0.7142857142857143,2026-09-16,True,True,0.29411764705882354,0.7142857142857143,True,True,0.29411764705882354,0.7142857142857143,True,True,False,False,False,False,immediate_rollout_within_48h
84900,Dora and the Lost City of Gold,amc-alderwood-mall-16,AMC Alderwood Mall 16,ordinary,standard,confirmed_complete,2026-09-18,2026-09-24,2026-09-09,Wednesday,1.0,False,0,155,482,0.3216,0,0,0,0,0,True,True,1.0,1.0,2026-09-24,True,True,1.0,1.0,2026-09-24,True,True,1.0,1.0,2026-09-24,True,True,1.0,1.0,2026-09-24,True,True,1.0,1.0,True,True,1.0,1.0,True,False,False,False,False,False,not_extended_on_first_snapshot
84900,Dora and the Lost City of Gold,amc-southcenter-16,AMC Southcenter 16,ordinary,standard,confirmed_complete,2026-09-18,2026-09-24,2026-09-09,Wednesday,0.5714285714285714,False,0,178,491,0.3625,0,7,7,7,0,True,True,0.5714285714285714,0.5714285714285714,2026-09-24,True,True,0.5714285714285714,0.5714285714285714,2026-09-24,True,True,0.5714285714285714,0.5714285714285714,2026-09-24,True,True,0.5714285714285714,0.5714285714285714,2026-09-24,True,True,0.5714285714285714,0.5714285714285714,True,True,0.5714285714285714,0.5714285714285714,True,False,False,False,False,False,not_extended_on_first_snapshot
84335,Dreams in Nightmares,amc-pacific-place-11,AMC Pacific Place 11,ordinary,standard,confirmed_complete,2026-09-04,2026-09-10,2026-09-01,Tuesday,0.2,True,6,179,308,0.5812,1,1,1,9,9,False,True,0.2,0.14285714285714285,2026-09-04,False,True,0.9333333333333333,0.8571428571428571,2026-09-09,False,True,0.9333333333333333,0.8571428571428571,2026-09-09,False,True,0.9333333333333333,0.8571428571428571,2026-09-09,False,False,,,,True,0.2,0.14285714285714285,False,True,True,True,True,True,late_in_run_extension
84335,Dreams in Nightmares,amc-southcenter-16,AMC Southcenter 16,ordinary,standard,confirmed_complete,2026-09-04,2026-09-09,2026-08-21,Friday,0.09090909090909091,True,5,19,478,0.0397,5,12,12,12,5,True,True,0.09090909090909091,0.16666666666666666,2026-09-04,False,True,0.18181818181818182,0.3333333333333333,2026-09-05,False,True,0.2727272727272727,0.5,2026-09-06,False,True,0.36363636363636365,0.6666666666666666,2026-09-07,False,True,0.5454545454545454,1.0,True,True,0.5454545454545454,1.0,True,True,True,True,False,False,pre_opening_rollout_after_48h
82326,Elijah Peel,amc-alderwood-mall-16,AMC Alderwood Mall 16,ordinary,standard,confirmed_complete,2026-08-13,2026-08-19,2026-07-30,Thursday,0.13333333333333333,True,6,243,609,0.399,3,5,6,13,6,True,True,0.13333333333333333,0.14285714285714285,2026-08-13,False,True,0.26666666666666666,0.2857142857142857,2026-08-14,False,True,0.4,0.42857142857142855,2026-08-15,False,True,0.5333333333333333,0.5714285714285714,2026-08-16,False,True,0.9333333333333333,1.0,True,True,0.9333333333333333,1.0,True,True,True,True,False,False,pre_opening_rollout_after_48h
83907,España vs Argentina - Gran Final - Telemundo presenta la Copa Mundial de la FIFA 2026,amc-alderwood-mall-16,AMC Alderwood Mall 16,special_event,concert_or_event,confirmed_complete,2026-07-19,2026-07-19,2026-07-05,Sunday,1.0,False,0,68,552,0.1232,0,0,0,0,0,True,True,1.0,1.0,2026-07-19,True,True,1.0,1.0,2026-07-19,True,True,1.0,1.0,2026-07-19,True,True,1.0,1.0,2026-07-19,True,True,1.0,1.0,True,True,1.0,1.0,True,False,False,False,False,False,not_extended_on_first_snapshot
83907,España vs Argentina - Gran Final - Telemundo presenta la Copa Mundial de la FIFA 2026,amc-southcenter-16,AMC Southcenter 16,special_event,concert_or_event,confirmed_complete,2026-07-19,2026-07-19,2026-07-05,Sunday,1.0,False,0,86,538,0.1599,0,0,0,0,0,True,True,1.0,1.0,2026-07-19,True,True,1.0,1.0,2026-07-19,True,True,1.0,1.0,2026-07-19,True,True,1.0,1.0,2026-07-19,True,True,1.0,1.0,True,True,1.0,1.0,True,False,False,False,False,False,not_extended_on_first_snapshot
83874,Evangelion: Death (True)2 & Rebirth (EVANGELION 30th Movie Fest),amc-alderwood-mall-16,AMC Alderwood Mall 16,special_event,concert_or_event,confirmed_complete,2026-07-21,2026-07-21,2026-07-07,Tuesday,1.0,False,0,116,552,0.2101,0,0,0,0,0,True,True,1.0,1.0,2026-07-21,True,True,1.0,1.0,2026-07-21,True,True,1.0,1.0,2026-07-21,True,True,1.0,1.0,2026-07-21,True,True,1.0,1.0,True,True,1.0,1.0,True,False,False,False,False,False,not_extended_on_first_snapshot
83874,Evangelion: Death (True)2 & Rebirth (EVANGELION 30th Movie Fest),amc-kent-station-14,AMC Kent Station 14,special_event,concert_or_event,confirmed_complete,2026-07-21,2026-07-21,2026-07-07,Tuesday,1.0,False,0,117,517,0.2263,0,0,0,0,0,True,True,1.0,1.0,2026-07-21,True,True,1.0,1.0,2026-07-21,True,True,1.0,1.0,2026-07-21,True,True,1.0,1.0,2026-07-21,True,True,1.0,1.0,True,True,1.0,1.0,True,False,False,False,False,False,not_extended_on_first_snapshot
83874,Evangelion: Death (True)2 & Rebirth (EVANGELION 30th Movie Fest),amc-southcenter-16,AMC Southcenter 16,special_event,concert_or_event,confirmed_complete,2026-07-21,2026-07-21,2026-07-07,Tuesday,1.0,False,0,142,538,0.2639,0,0,0,0,0,True,True,1.0,1.0,2026-07-21,True,True,1.0,1.0,2026-07-21,True,True,1.0,1.0,2026-07-21,True,True,1.0,1.0,2026-07-21,True,True,1.0,1.0,True,True,1.0,1.0,True,False,False,False,False,False,not_extended_on_first_snapshot
82974,Fall 2: Deadpoint,amc-alderwood-mall-16,AMC Alderwood Mall 16,ordinary,standard,confirmed_complete,2026-09-02,2026-09-17,2026-08-27,Thursday,0.5555555555555556,True,8,483,557,0.8671,0,13,13,20,20,False,True,0.5555555555555556,0.5,2026-09-09,False,True,0.5555555555555556,0.5,2026-09-09,False,True,0.5555555555555556,0.5,2026-09-09,False,True,0.5555555555555556,0.5,2026-09-09,False,False,,,,True,0.5555555555555556,0.5,False,True,True,True,True,True,late_in_run_extension
82974,Fall 2: Deadpoint,amc-kent-station-14,AMC Kent Station 14,ordinary,standard,confirmed_complete,2026-09-02,2026-09-17,2026-08-27,Thursday,0.64,True,8,414,479,0.8643,0,13,13,19,19,False,True,0.64,0.5,2026-09-09,False,True,0.64,0.5,2026-09-09,False,True,0.64,0.5,2026-09-09,False,True,0.64,0.5,2026-09-09,False,False,,,,True,0.64,0.5,False,True,True,True,True,True,late_in_run_extension
82974,Fall 2: Deadpoint,amc-pacific-place-11,AMC Pacific Place 11,ordinary,standard,confirmed_complete,2026-09-04,2026-09-09,2026-09-01,Tuesday,0.2,True,5,179,308,0.5812,1,1,1,1,1,True,True,0.2,0.16666666666666666,2026-09-04,False,True,1.0,1.0,2026-09-09,True,True,1.0,1.0,2026-09-09,True,True,1.0,1.0,2026-09-09,True,False,,,,True,0.2,0.16666666666666666,False,True,False,False,False,False,immediate_rollout_within_48h
82974,Fall 2: Deadpoint,amc-southcenter-16,AMC Southcenter 16,ordinary,standard,confirmed_complete,2026-09-02,2026-09-16,2026-08-27,Thursday,0.625,True,7,443,507,0.8738,0,13,13,13,13,False,True,0.625,0.5333333333333333,2026-09-09,False,True,0.625,0.5333333333333333,2026-09-09,False,True,0.625,0.5333333333333333,2026-09-09,False,True,0.625,0.5333333333333333,2026-09-09,False,False,,,,True,0.625,0.5333333333333333,False,True,True,True,True,True,late_in_run_extension
82974,Fall 2: Deadpoint,amc-woodinville-12,AMC Woodinville 12,ordinary,standard,confirmed_complete,2026-09-02,2026-09-09,2026-08-27,Thursday,0.11764705882352941,True,7,352,397,0.8866,1,1,1,5,1,True,True,0.11764705882352941,0.125,2026-09-02,False,True,0.9411764705882353,1.0,2026-09-09,True,True,0.9411764705882353,1.0,2026-09-09,True,True,0.9411764705882353,1.0,2026-09-09,True,False,,,,True,0.9411764705882353,1.0,True,True,False,False,False,False,immediate_rollout_within_48h
82868,Finding Emily,amc-alderwood-mall-16,AMC Alderwood Mall 16,ordinary,standard,confirmed_complete,2026-08-27,2026-09-08,2026-08-13,Thursday,0.0975609756097561,True,12,258,611,0.4223,5,13,20,20,20,False,True,0.0975609756097561,0.07692307692307693,2026-08-27,False,True,0.1951219512195122,0.15384615384615385,2026-08-28,False,True,0.2926829268292683,0.23076923076923078,2026-08-29,False,True,0.3902439024390244,0.3076923076923077,2026-08-30,False,True,0.6829268292682927,0.5384615384615384,False,True,0.6829268292682927,0.5384615384615384,False,True,True,True,True,True,late_in_run_extension
82868,Finding Emily,amc-kent-station-14,AMC Kent Station 14,ordinary,standard,confirmed_complete,2026-08-27,2026-09-10,2026-08-13,Thursday,0.09302325581395349,True,14,155,523,0.2964,5,19,19,27,27,False,True,0.09302325581395349,0.06666666666666667,2026-08-27,False,True,0.18604651162790697,0.13333333333333333,2026-08-28,False,True,0.27906976744186046,0.2,2026-08-29,False,True,0.37209302325581395,0.26666666666666666,2026-08-30,False,True,0.6046511627906976,0.4666666666666667,False,True,0.6046511627906976,0.4666666666666667,False,True,True,True,True,True,late_in_run_extension
82868,Finding Emily,amc-pacific-place-11,AMC Pacific Place 11,ordinary,standard,confirmed_complete,2026-08-27,2026-09-10,2026-08-13,Thursday,0.09090909090909091,True,14,143,296,0.4831,4,19,20,28,28,False,True,0.09090909090909091,0.06666666666666667,2026-08-27,False,True,0.21212121212121213,0.13333333333333333,2026-08-28,False,True,0.3333333333333333,0.2,2026-08-29,False,True,0.45454545454545453,0.26666666666666666,2026-08-30,False,True,0.7878787878787878,0.5333333333333333,False,True,0.7878787878787878,0.5333333333333333,False,True,True,True,True,True,late_in_run_extension
82868,Finding Emily,amc-southcenter-16,AMC Southcenter 16,ordinary,standard,confirmed_complete,2026-08-27,2026-09-09,2026-08-13,Thursday,0.1111111111111111,True,13,285,543,0.5249,4,6,20,20,20,False,True,0.1111111111111111,0.07142857142857142,2026-08-27,False,True,0.25,0.14285714285714285,2026-08-28,False,True,0.3611111111111111,0.21428571428571427,2026-08-29,False,True,0.4722222222222222,0.2857142857142857,2026-08-30,False,True,0.8055555555555556,0.5,False,True,0.8055555555555556,0.5,False,True,True,True,True,True,late_in_run_extension
82868,Finding Emily,amc-woodinville-12,AMC Woodinville 12,ordinary,standard,confirmed_complete,2026-08-27,2026-09-08,2026-08-13,Thursday,0.1,True,12,150,390,0.3846,4,6,19,19,19,False,True,0.1,0.07692307692307693,2026-08-27,False,True,0.225,0.15384615384615385,2026-08-28,False,True,0.35,0.23076923076923078,2026-08-29,False,True,0.475,0.3076923076923077,2026-08-30,False,True,0.85,0.5384615384615384,False,True,0.85,0.5384615384615384,False,True,True,True,True,True,late_in_run_extension
85104,Forgotten Island - Early Access Screening,amc-factoria-8,AMC Factoria 8,special_event,concert_or_event,confirmed_complete,2026-09-20,2026-09-20,2026-09-16,Wednesday,1.0,False,0,211,228,0.9254,0,0,0,0,0,True,True,1.0,1.0,2026-09-20,True,True,1.0,1.0,2026-09-20,True,True,1.0,1.0,2026-09-20,True,True,1.0,1.0,2026-09-20,True,False,,,,True,1.0,1.0,True,False,False,False,False,False,not_extended_on_first_snapshot
85104,Forgotten Island - Early Access Screening,amc-kent-station-14,AMC Kent Station 14,special_event,concert_or_event,confirmed_complete,2026-09-20,2026-09-20,2026-09-16,Wednesday,1.0,False,0,407,440,0.925,0,0,0,0,0,True,True,1.0,1.0,2026-09-20,True,True,1.0,1.0,2026-09-20,True,True,1.0,1.0,2026-09-20,True,True,1.0,1.0,2026-09-20,True,False,,,,True,1.0,1.0,True,False,False,False,False,False,not_extended_on_first_snapshot
85104,Forgotten Island - Early Access Screening,amc-woodinville-12,AMC Woodinville 12,special_event,concert_or_event,confirmed_complete,2026-09-20,2026-09-20,2026-09-16,Wednesday,1.0,False,0,300,325,0.9231,0,0,0,0,0,True,True,1.0,1.0,2026-09-20,True,True,1.0,1.0,2026-09-20,True,True,1.0,1.0,2026-09-20,True,True,1.0,1.0,2026-09-20,True,False,,,,True,1.0,1.0,True,False,False,False,False,False,not_extended_on_first_snapshot
85084,Forgotten Island - Early Access Screening with Cast Member Q&A,amc-alderwood-mall-16,AMC Alderwood Mall 16,special_event,q_and_a,confirmed_complete,2026-09-20,2026-09-20,2026-09-16,Wednesday,1.0,False,0,436,482,0.9046,0,0,0,0,0,True,True,1.0,1.0,2026-09-20,True,True,1.0,1.0,2026-09-20,True,True,1.0,1.0,2026-09-20,True,True,1.0,1.0,2026-09-20,True,False,,,,True,1.0,1.0,True,False,False,False,False,False,not_extended_on_first_snapshot
85084,Forgotten Island - Early Access Screening with Cast Member Q&A,amc-southcenter-16,AMC Southcenter 16,special_event,q_and_a,confirmed_complete,2026-09-20,2026-09-20,2026-09-16,Wednesday,1.0,False,0,434,491,0.8839,0,0,0,0,0,True,True,1.0,1.0,2026-09-20,True,True,1.0,1.0,2026-09-20,True,True,1.0,1.0,2026-09-20,True,True,1.0,1.0,2026-09-20,True,False,,,,True,1.0,1.0,True,False,False,False,False,False,not_extended_on_first_snapshot
84857,Forgotten Island - Friendship Opening Night Event,amc-alderwood-mall-16,AMC Alderwood Mall 16,special_event,concert_or_event,confirmed_complete,2026-09-24,2026-09-24,2026-09-09,Wednesday,1.0,False,0,155,482,0.3216,0,0,0,0,0,True,True,1.0,1.0,2026-09-24,True,True,1.0,1.0,2026-09-24,True,True,1.0,1.0,2026-09-24,True,True,1.0,1.0,2026-09-24,True,True,1.0,1.0,True,True,1.0,1.0,True,False,False,False,False,False,not_extended_on_first_snapshot
84857,Forgotten Island - Friendship Opening Night Event,amc-kent-station-14,AMC Kent Station 14,special_event,concert_or_event,confirmed_complete,2026-09-24,2026-09-24,2026-09-09,Wednesday,1.0,False,0,130,440,0.2955,0,0,0,0,0,True,True,1.0,1.0,2026-09-24,True,True,1.0,1.0,2026-09-24,True,True,1.0,1.0,2026-09-24,True,True,1.0,1.0,2026-09-24,True,True,1.0,1.0,True,True,1.0,1.0,True,False,False,False,False,False,not_extended_on_first_snapshot
84857,Forgotten Island - Friendship Opening Night Event,amc-southcenter-16,AMC Southcenter 16,special_event,concert_or_event,confirmed_complete,2026-09-24,2026-09-24,2026-09-09,Wednesday,1.0,False,0,178,491,0.3625,0,0,0,0,0,True,True,1.0,1.0,2026-09-24,True,True,1.0,1.0,2026-09-24,True,True,1.0,1.0,2026-09-24,True,True,1.0,1.0,2026-09-24,True,True,1.0,1.0,True,True,1.0,1.0,True,False,False,False,False,False,not_extended_on_first_snapshot
84857,Forgotten Island - Friendship Opening Night Event,amc-woodinville-12,AMC Woodinville 12,special_event,concert_or_event,confirmed_complete,2026-09-24,2026-09-24,2026-09-09,Wednesday,1.0,False,0,73,325,0.2246,0,0,0,0,0,True,True,1.0,1.0,2026-09-24,True,True,1.0,1.0,2026-09-24,True,True,1.0,1.0,2026-09-24,True,True,1.0,1.0,2026-09-24,True,True,1.0,1.0,True,True,1.0,1.0,True,False,False,False,False,False,not_extended_on_first_snapshot
83906,Francia vs Inglaterra Partido por el tercer lugar Telemundo presenta la Copa Mundial de la FIFA 2026,amc-alderwood-mall-16,AMC Alderwood Mall 16,special_event,concert_or_event,confirmed_complete,2026-07-18,2026-07-18,2026-07-04,Saturday,1.0,False,0,45,552,0.0815,0,0,0,0,0,True,True,1.0,1.0,2026-07-18,True,True,1.0,1.0,2026-07-18,True,True,1.0,1.0,2026-07-18,True,True,1.0,1.0,2026-07-18,True,True,1.0,1.0,True,True,1.0,1.0,True,False,False,False,False,False,not_extended_on_first_snapshot
83906,Francia vs Inglaterra Partido por el tercer lugar Telemundo presenta la Copa Mundial de la FIFA 2026,amc-southcenter-16,AMC Southcenter 16,special_event,concert_or_event,confirmed_complete,2026-07-18,2026-07-18,2026-07-04,Saturday,1.0,False,0,55,538,0.1022,0,0,0,0,0,True,True,1.0,1.0,2026-07-18,True,True,1.0,1.0,2026-07-18,True,True,1.0,1.0,2026-07-18,True,True,1.0,1.0,2026-07-18,True,True,1.0,1.0,True,True,1.0,1.0,True,False,False,False,False,False,not_extended_on_first_snapshot
83185,Gail Daughtry and the Celebrity Sex Pass,amc-pacific-place-11,AMC Pacific Place 11,ordinary,standard,confirmed_complete,2026-07-09,2026-07-23,2026-07-07,Tuesday,0.027777777777777776,True,13,272,294,0.9252,1,7,7,14,14,False,True,0.027777777777777776,0.06666666666666667,2026-07-10,False,True,0.7777777777777778,0.4666666666666667,2026-07-15,False,True,0.7777777777777778,0.4666666666666667,2026-07-15,False,True,0.7777777777777778,0.4666666666666667,2026-07-15,False,False,,,,False,,,,True,True,True,True,True,late_in_run_extension
84779,Ghost in the Shell 30th Anniversary,amc-alderwood-mall-16,AMC Alderwood Mall 16,rerelease,anniversary_or_rerelease,confirmed_complete,2026-09-17,2026-09-30,2026-09-03,Thursday,0.5,True,7,125,456,0.2741,0,20,20,20,20,False,True,0.5,0.5,2026-09-23,False,True,0.5,0.5,2026-09-23,False,True,0.5,0.5,2026-09-23,False,True,0.5,0.5,2026-09-23,False,True,0.5,0.5,False,True,0.5,0.5,False,True,True,True,True,True,late_in_run_extension
84779,Ghost in the Shell 30th Anniversary,amc-southcenter-16,AMC Southcenter 16,rerelease,anniversary_or_rerelease,confirmed_complete,2026-09-17,2026-09-23,2026-09-03,Thursday,0.5384615384615384,False,0,122,449,0.2717,0,15,17,17,0,True,True,0.5384615384615384,1.0,2026-09-23,True,True,0.5384615384615384,1.0,2026-09-23,True,True,0.5384615384615384,1.0,2026-09-23,True,True,0.5384615384615384,1.0,2026-09-23,True,True,0.5384615384615384,1.0,True,True,0.5384615384615384,1.0,True,False,False,False,False,False,not_extended_on_first_snapshot
84091,GHOST: 2 Big To Rig,amc-alderwood-mall-16,AMC Alderwood Mall 16,special_event,concert_or_event,confirmed_complete,2026-08-26,2026-08-29,2026-08-12,Wednesday,0.3333333333333333,True,3,209,611,0.3421,1,3,3,3,3,True,True,0.3333333333333333,0.3333333333333333,2026-08-26,False,True,0.6666666666666666,0.6666666666666666,2026-08-27,False,True,0.6666666666666666,0.6666666666666666,2026-08-27,False,True,1.0,1.0,2026-08-29,True,True,1.0,1.0,True,True,1.0,1.0,True,True,True,False,False,False,pre_opening_rollout_after_48h
84091,GHOST: 2 Big To Rig,amc-kent-station-14,AMC Kent Station 14,special_event,concert_or_event,confirmed_complete,2026-08-26,2026-08-29,2026-08-12,Wednesday,0.3333333333333333,True,3,108,523,0.2065,1,3,3,3,3,True,True,0.3333333333333333,0.3333333333333333,2026-08-26,False,True,0.6666666666666666,0.6666666666666666,2026-08-27,False,True,0.6666666666666666,0.6666666666666666,2026-08-27,False,True,1.0,1.0,2026-08-29,True,True,1.0,1.0,True,True,1.0,1.0,True,True,True,False,False,False,pre_opening_rollout_after_48h
84091,GHOST: 2 Big To Rig,amc-southcenter-16,AMC Southcenter 16,special_event,concert_or_event,confirmed_complete,2026-08-26,2026-08-29,2026-08-12,Wednesday,0.3333333333333333,True,3,233,543,0.4291,1,3,3,3,3,True,True,0.3333333333333333,0.3333333333333333,2026-08-26,False,True,0.6666666666666666,0.6666666666666666,2026-08-27,False,True,0.6666666666666666,0.6666666666666666,2026-08-27,False,True,1.0,1.0,2026-08-29,True,True,1.0,1.0,True,True,1.0,1.0,True,True,True,False,False,False,pre_opening_rollout_after_48h
84096,Grateful Dead Meet-Up At The Movies 2026,amc-alderwood-mall-16,AMC Alderwood Mall 16,special_event,concert_or_event,confirmed_complete,2026-08-08,2026-08-10,2026-07-25,Saturday,0.5,True,2,61,609,0.1002,0,2,2,2,2,True,True,0.5,0.5,2026-08-08,False,True,0.5,0.5,2026-08-08,False,True,1.0,1.0,2026-08-10,True,True,1.0,1.0,2026-08-10,True,True,1.0,1.0,True,True,1.0,1.0,True,True,False,False,False,False,immediate_rollout_within_48h
84096,Grateful Dead Meet-Up At The Movies 2026,amc-kent-station-14,AMC Kent Station 14,special_event,concert_or_event,confirmed_complete,2026-08-08,2026-08-10,2026-07-25,Saturday,0.5,True,2,49,607,0.0807,0,2,2,2,2,True,True,0.5,0.5,2026-08-08,False,True,0.5,0.5,2026-08-08,False,True,1.0,1.0,2026-08-10,True,True,1.0,1.0,2026-08-10,True,True,1.0,1.0,True,True,1.0,1.0,True,True,False,False,False,False,immediate_rollout_within_48h
84096,Grateful Dead Meet-Up At The Movies 2026,amc-pacific-place-11,AMC Pacific Place 11,special_event,concert_or_event,confirmed_complete,2026-08-08,2026-08-10,2026-07-25,Saturday,0.5,True,2,30,331,0.0906,0,2,2,2,2,True,True,0.5,0.5,2026-08-08,False,True,0.5,0.5,2026-08-08,False,True,1.0,1.0,2026-08-10,True,True,1.0,1.0,2026-08-10,True,True,1.0,1.0,True,True,1.0,1.0,True,True,False,False,False,False,immediate_rollout_within_48h
84096,Grateful Dead Meet-Up At The Movies 2026,amc-southcenter-16,AMC Southcenter 16,special_event,concert_or_event,confirmed_complete,2026-08-08,2026-08-10,2026-07-25,Saturday,0.5,True,2,61,650,0.0938,0,2,2,2,2,True,True,0.5,0.5,2026-08-08,False,True,0.5,0.5,2026-08-08,False,True,1.0,1.0,2026-08-10,True,True,1.0,1.0,2026-08-10,True,True,1.0,1.0,True,True,1.0,1.0,True,True,False,False,False,False,immediate_rollout_within_48h
83319,Hadestown: The Musical,amc-alderwood-mall-16,AMC Alderwood Mall 16,ordinary,standard,confirmed_complete,2026-07-23,2026-08-12,2026-07-09,Thursday,0.018518518518518517,True,20,172,552,0.3116,13,20,20,27,27,False,True,0.018518518518518517,0.047619047619047616,2026-07-23,False,True,0.037037037037037035,0.09523809523809523,2026-07-24,False,True,0.08333333333333333,0.14285714285714285,2026-07-25,False,True,0.1111111111111111,0.19047619047619047,2026-07-26,False,True,0.19444444444444445,0.3333333333333333,False,True,0.19444444444444445,0.3333333333333333,False,True,True,True,True,True,late_in_run_extension
83319,Hadestown: The Musical,amc-factoria-8,AMC Factoria 8,ordinary,standard,confirmed_complete,2026-07-23,2026-08-06,2026-07-09,Thursday,0.06666666666666667,True,14,87,274,0.3175,5,19,19,26,26,False,True,0.06666666666666667,0.06666666666666667,2026-07-23,False,True,0.16666666666666666,0.13333333333333333,2026-07-24,False,True,0.26666666666666666,0.2,2026-07-25,False,True,0.36666666666666664,0.26666666666666666,2026-07-26,False,True,0.6666666666666666,0.4666666666666667,False,True,0.6666666666666666,0.4666666666666667,False,True,True,True,True,True,late_in_run_extension
83319,Hadestown: The Musical,amc-kent-station-14,AMC Kent Station 14,ordinary,standard,confirmed_complete,2026-07-23,2026-08-06,2026-07-09,Thursday,0.03389830508474576,True,14,166,517,0.3211,12,19,19,26,26,False,True,0.03389830508474576,0.06666666666666667,2026-07-23,False,True,0.11864406779661017,0.13333333333333333,2026-07-24,False,True,0.1694915254237288,0.2,2026-07-25,False,True,0.22033898305084745,0.26666666666666666,2026-07-26,False,True,0.3728813559322034,0.4666666666666667,False,True,0.3728813559322034,0.4666666666666667,False,True,True,True,True,True,late_in_run_extension
83319,Hadestown: The Musical,amc-oak-tree-6,AMC Oak Tree 6,ordinary,standard,confirmed_complete,2026-07-23,2026-08-06,2026-07-09,Thursday,0.0425531914893617,True,14,77,215,0.3581,13,19,19,26,26,False,True,0.0425531914893617,0.06666666666666667,2026-07-23,False,True,0.10638297872340426,0.13333333333333333,2026-07-24,False,True,0.1702127659574468,0.2,2026-07-25,False,True,0.23404255319148937,0.26666666666666666,2026-07-26,False,True,0.3617021276595745,0.4666666666666667,False,True,0.3617021276595745,0.4666666666666667,False,True,True,True,True,True,late_in_run_extension
83319,Hadestown: The Musical,amc-pacific-place-11,AMC Pacific Place 11,ordinary,standard,confirmed_complete,2026-07-23,2026-08-13,2026-07-09,Thursday,0.03225806451612903,True,21,90,349,0.2579,13,20,27,33,33,False,True,0.03225806451612903,0.045454545454545456,2026-07-23,False,True,0.07526881720430108,0.09090909090909091,2026-07-24,False,True,0.15053763440860216,0.13636363636363635,2026-07-25,False,True,0.20430107526881722,0.18181818181818182,2026-07-26,False,True,0.26881720430107525,0.3181818181818182,False,True,0.26881720430107525,0.3181818181818182,False,True,True,True,True,True,late_in_run_extension
83319,Hadestown: The Musical,amc-southcenter-16,AMC Southcenter 16,ordinary,standard,confirmed_complete,2026-07-23,2026-08-06,2026-07-09,Thursday,0.024691358024691357,True,14,199,538,0.3699,12,20,20,27,27,False,True,0.024691358024691357,0.06666666666666667,2026-07-23,False,True,0.04938271604938271,0.13333333333333333,2026-07-24,False,True,0.07407407407407407,0.2,2026-07-25,False,True,0.09876543209876543,0.26666666666666666,2026-07-26,False,True,0.345679012345679,0.4666666666666667,False,True,0.345679012345679,0.4666666666666667,False,True,True,True,True,True,late_in_run_extension
83319,Hadestown: The Musical,amc-woodinville-12,AMC Woodinville 12,ordinary,standard,confirmed_complete,2026-07-23,2026-08-13,2026-07-09,Thursday,0.061855670103092786,True,21,142,408,0.348,9,19,26,33,33,False,True,0.061855670103092786,0.045454545454545456,2026-07-23,False,True,0.13402061855670103,0.09090909090909091,2026-07-24,False,True,0.20618556701030927,0.13636363636363635,2026-07-25,False,True,0.27835051546391754,0.18181818181818182,2026-07-26,False,True,0.4948453608247423,0.3181818181818182,False,True,0.5154639175257731,0.3181818181818182,False,True,True,True,True,True,late_in_run_extension
84807,Haiwaan,amc-alderwood-mall-16,AMC Alderwood Mall 16,ordinary,standard,confirmed_complete,2026-09-11,2026-09-16,2026-09-09,Wednesday,1.0,False,0,412,456,0.9035,0,0,0,0,0,True,True,1.0,1.0,2026-09-16,True,True,1.0,1.0,2026-09-16,True,True,1.0,1.0,2026-09-16,True,True,1.0,1.0,2026-09-16,True,False,,,,False,,,,False,False,False,False,False,not_extended_on_first_snapshot
84956,Hanuman Ansh,amc-alderwood-mall-16,AMC Alderwood Mall 16,ordinary,standard,confirmed_complete,2026-09-11,2026-09-23,2026-09-09,Wednesday,0.2222222222222222,True,7,412,456,0.9035,7,7,7,7,7,False,True,0.2222222222222222,0.46153846153846156,2026-09-16,False,True,0.2222222222222222,0.46153846153846156,2026-09-16,False,True,0.2962962962962963,0.46153846153846156,2026-09-16,False,True,0.48148148148148145,0.46153846153846156,2026-09-16,False,False,,,,False,,,,True,True,True,True,True,late_in_run_extension
84542,Harry Potter & Deathly Hallows: Part 1 (HPD26),amc-alderwood-mall-16,AMC Alderwood Mall 16,special_event,concert_or_event,confirmed_complete,2026-09-01,2026-09-01,2026-08-18,Tuesday,1.0,False,0,106,557,0.1903,0,0,0,0,0,True,True,1.0,1.0,2026-09-01,True,True,1.0,1.0,2026-09-01,True,True,1.0,1.0,2026-09-01,True,True,1.0,1.0,2026-09-01,True,True,1.0,1.0,True,True,1.0,1.0,True,False,False,False,False,False,not_extended_on_first_snapshot
84542,Harry Potter & Deathly Hallows: Part 1 (HPD26),amc-southcenter-16,AMC Southcenter 16,special_event,concert_or_event,confirmed_complete,2026-09-01,2026-09-01,2026-08-18,Tuesday,1.0,False,0,106,507,0.2091,0,0,0,0,0,True,True,1.0,1.0,2026-09-01,True,True,1.0,1.0,2026-09-01,True,True,1.0,1.0,2026-09-01,True,True,1.0,1.0,2026-09-01,True,True,1.0,1.0,True,True,1.0,1.0,True,False,False,False,False,False,not_extended_on_first_snapshot
84543,Harry Potter & Deathly Hallows: Part 2 (HPD26),amc-alderwood-mall-16,AMC Alderwood Mall 16,special_event,concert_or_event,confirmed_complete,2026-09-02,2026-09-02,2026-08-19,Wednesday,0.5,False,0,127,557,0.228,0,10,10,10,0,True,True,0.5,1.0,2026-09-02,True,True,0.5,1.0,2026-09-02,True,True,0.5,1.0,2026-09-02,True,True,0.5,1.0,2026-09-02,True,True,0.5,1.0,True,True,1.0,1.0,True,False,False,False,False,False,not_extended_on_first_snapshot
84543,Harry Potter & Deathly Hallows: Part 2 (HPD26),amc-southcenter-16,AMC Southcenter 16,special_event,concert_or_event,confirmed_complete,2026-09-02,2026-09-02,2026-08-19,Wednesday,1.0,False,0,126,507,0.2485,0,0,0,0,0,True,True,1.0,1.0,2026-09-02,True,True,1.0,1.0,2026-09-02,True,True,1.0,1.0,2026-09-02,True,True,1.0,1.0,2026-09-02,True,True,1.0,1.0,True,True,1.0,1.0,True,False,False,False,False,False,not_extended_on_first_snapshot
84537,Harry Potter And The Chamber of Secrets,amc-alderwood-mall-16,AMC Alderwood Mall 16,special_event,concert_or_event,confirmed_complete,2026-08-27,2026-08-27,2026-08-13,Thursday,1.0,False,0,258,611,0.4223,0,0,0,0,0,True,True,1.0,1.0,2026-08-27,True,True,1.0,1.0,2026-08-27,True,True,1.0,1.0,2026-08-27,True,True,1.0,1.0,2026-08-27,True,True,1.0,1.0,True,True,1.0,1.0,True,False,False,False,False,False,not_extended_on_first_snapshot
84537,Harry Potter And The Chamber of Secrets,amc-southcenter-16,AMC Southcenter 16,special_event,concert_or_event,confirmed_complete,2026-08-27,2026-08-27,2026-08-13,Thursday,1.0,False,0,285,543,0.5249,0,0,0,0,0,True,True,1.0,1.0,2026-08-27,True,True,1.0,1.0,2026-08-27,True,True,1.0,1.0,2026-08-27,True,True,1.0,1.0,2026-08-27,True,True,1.0,1.0,True,True,1.0,1.0,True,False,False,False,False,False,not_extended_on_first_snapshot
84539,Harry Potter And The Goblet Of Fire,amc-alderwood-mall-16,AMC Alderwood Mall 16,special_event,concert_or_event,confirmed_complete,2026-08-29,2026-08-29,2026-08-15,Saturday,1.0,False,0,43,557,0.0772,0,0,0,0,0,True,True,1.0,1.0,2026-08-29,True,True,1.0,1.0,2026-08-29,True,True,1.0,1.0,2026-08-29,True,True,1.0,1.0,2026-08-29,True,True,1.0,1.0,True,True,1.0,1.0,True,False,False,False,False,False,not_extended_on_first_snapshot
84539,Harry Potter And The Goblet Of Fire,amc-southcenter-16,AMC Southcenter 16,special_event,concert_or_event,confirmed_complete,2026-08-29,2026-08-29,2026-08-15,Saturday,1.0,False,0,44,507,0.0868,0,0,0,0,0,True,True,1.0,1.0,2026-08-29,True,True,1.0,1.0,2026-08-29,True,True,1.0,1.0,2026-08-29,True,True,1.0,1.0,2026-08-29,True,True,1.0,1.0,True,True,1.0,1.0,True,False,False,False,False,False,not_extended_on_first_snapshot
84541,Harry Potter And The Half Blood Prince,amc-alderwood-mall-16,AMC Alderwood Mall 16,special_event,concert_or_event,confirmed_complete,2026-08-31,2026-08-31,2026-08-17,Monday,1.0,False,0,86,557,0.1544,0,0,0,0,0,True,True,1.0,1.0,2026-08-31,True,True,1.0,1.0,2026-08-31,True,True,1.0,1.0,2026-08-31,True,True,1.0,1.0,2026-08-31,True,True,1.0,1.0,True,True,1.0,1.0,True,False,False,False,False,False,not_extended_on_first_snapshot
84541,Harry Potter And The Half Blood Prince,amc-southcenter-16,AMC Southcenter 16,special_event,concert_or_event,confirmed_complete,2026-08-31,2026-08-31,2026-08-17,Monday,1.0,False,0,86,507,0.1696,0,0,0,0,0,True,True,1.0,1.0,2026-08-31,True,True,1.0,1.0,2026-08-31,True,True,1.0,1.0,2026-08-31,True,True,1.0,1.0,2026-08-31,True,True,1.0,1.0,True,True,1.0,1.0,True,False,False,False,False,False,not_extended_on_first_snapshot
84540,Harry Potter And The Order Of The Phoenix (HPD26),amc-alderwood-mall-16,AMC Alderwood Mall 16,special_event,concert_or_event,confirmed_complete,2026-08-30,2026-08-30,2026-08-16,Sunday,1.0,False,0,65,557,0.1167,0,0,0,0,0,True,True,1.0,1.0,2026-08-30,True,True,1.0,1.0,2026-08-30,True,True,1.0,1.0,2026-08-30,True,True,1.0,1.0,2026-08-30,True,True,1.0,1.0,True,True,1.0,1.0,True,False,False,False,False,False,not_extended_on_first_snapshot
84540,Harry Potter And The Order Of The Phoenix (HPD26),amc-southcenter-16,AMC Southcenter 16,special_event,concert_or_event,confirmed_complete,2026-08-30,2026-08-30,2026-08-16,Sunday,1.0,False,0,66,507,0.1302,0,0,0,0,0,True,True,1.0,1.0,2026-08-30,True,True,1.0,1.0,2026-08-30,True,True,1.0,1.0,2026-08-30,True,True,1.0,1.0,2026-08-30,True,True,1.0,1.0,True,True,1.0,1.0,True,False,False,False,False,False,not_extended_on_first_snapshot
84595,Harry Potter And The Philosopher's Stone: 25th Anniversary,amc-alderwood-mall-16,AMC Alderwood Mall 16,rerelease,anniversary_or_rerelease,confirmed_complete,2026-08-27,2026-09-02,2026-08-13,Thursday,0.25,True,6,258,611,0.4223,2,6,6,6,6,True,True,0.25,0.25,2026-08-27,False,True,0.25,0.25,2026-08-27,False,True,0.5,0.5,2026-08-29,False,True,0.5,0.5,2026-08-29,False,True,1.0,1.0,True,True,1.0,1.0,True,True,True,True,False,False,pre_opening_rollout_after_48h
84595,Harry Potter And The Philosopher's Stone: 25th Anniversary,amc-kent-station-14,AMC Kent Station 14,rerelease,anniversary_or_rerelease,confirmed_complete,2026-08-28,2026-09-01,2026-08-14,Friday,0.3333333333333333,True,4,21,479,0.0438,2,4,4,4,4,True,True,0.3333333333333333,0.3333333333333333,2026-08-28,False,True,0.3333333333333333,0.3333333333333333,2026-08-28,False,True,0.6666666666666666,0.6666666666666666,2026-08-30,False,True,0.6666666666666666,0.6666666666666666,2026-08-30,False,True,1.0,1.0,True,True,1.0,1.0,True,True,True,True,False,False,pre_opening_rollout_after_48h
84595,Harry Potter And The Philosopher's Stone: 25th Anniversary,amc-southcenter-16,AMC Southcenter 16,rerelease,anniversary_or_rerelease,confirmed_complete,2026-08-27,2026-09-02,2026-08-13,Thursday,0.25,True,6,285,543,0.5249,2,6,6,6,6,True,True,0.25,0.25,2026-08-27,False,True,0.25,0.25,2026-08-27,False,True,0.5,0.5,2026-08-29,False,True,0.5,0.5,2026-08-29,False,True,1.0,1.0,True,True,1.0,1.0,True,True,True,True,False,False,pre_opening_rollout_after_48h
84595,Harry Potter And The Philosopher's Stone: 25th Anniversary,amc-woodinville-12,AMC Woodinville 12,rerelease,anniversary_or_rerelease,confirmed_complete,2026-08-27,2026-09-02,2026-08-13,Thursday,0.25,True,6,150,390,0.3846,2,6,6,6,6,True,True,0.25,0.25,2026-08-27,False,True,0.25,0.25,2026-08-27,False,True,0.5,0.5,2026-08-29,False,True,0.5,0.5,2026-08-29,False,True,1.0,1.0,True,True,1.0,1.0,True,True,True,True,False,False,pre_opening_rollout_after_48h
84538,Harry Potter And The Prisoner Of Azkaban (HPD26),amc-alderwood-mall-16,AMC Alderwood Mall 16,ordinary,standard,confirmed_complete,2026-08-28,2026-08-28,2026-08-14,Friday,1.0,False,0,21,557,0.0377,0,0,0,0,0,True,True,1.0,1.0,2026-08-28,True,True,1.0,1.0,2026-08-28,True,True,1.0,1.0,2026-08-28,True,True,1.0,1.0,2026-08-28,True,True,1.0,1.0,True,True,1.0,1.0,True,False,False,False,False,False,not_extended_on_first_snapshot
84538,Harry Potter And The Prisoner Of Azkaban (HPD26),amc-southcenter-16,AMC Southcenter 16,ordinary,standard,confirmed_complete,2026-08-28,2026-08-28,2026-08-14,Friday,1.0,False,0,22,507,0.0434,0,0,0,0,0,True,True,1.0,1.0,2026-08-28,True,True,1.0,1.0,2026-08-28,True,True,1.0,1.0,2026-08-28,True,True,1.0,1.0,2026-08-28,True,True,1.0,1.0,True,True,1.0,1.0,True,False,False,False,False,False,not_extended_on_first_snapshot
84536,Harry Potter and the Sorcerer’s Stone: 25th Anniversary,amc-alderwood-mall-16,AMC Alderwood Mall 16,rerelease,anniversary_or_rerelease,confirmed_complete,2026-08-28,2026-09-01,2026-08-14,Friday,0.3333333333333333,True,4,21,557,0.0377,2,4,4,4,4,True,True,0.3333333333333333,0.3333333333333333,2026-08-28,False,True,0.3333333333333333,0.3333333333333333,2026-08-28,False,True,0.6666666666666666,0.6666666666666666,2026-08-30,False,True,0.6666666666666666,0.6666666666666666,2026-08-30,False,True,1.0,1.0,True,True,1.0,1.0,True,True,True,True,False,False,pre_opening_rollout_after_48h
84536,Harry Potter and the Sorcerer’s Stone: 25th Anniversary,amc-kent-station-14,AMC Kent Station 14,rerelease,anniversary_or_rerelease,confirmed_complete,2026-08-27,2026-09-02,2026-08-13,Thursday,0.16666666666666666,True,6,155,523,0.2964,4,15,18,18,6,True,True,0.16666666666666666,0.2,2026-08-27,False,True,0.16666666666666666,0.2,2026-08-27,False,True,0.3333333333333333,0.4,2026-08-29,False,True,0.3333333333333333,0.4,2026-08-29,False,True,0.6666666666666666,0.8,True,True,0.6666666666666666,0.8,True,True,True,True,False,False,pre_opening_rollout_after_48h
84536,Harry Potter and the Sorcerer’s Stone: 25th Anniversary,amc-southcenter-16,AMC Southcenter 16,rerelease,anniversary_or_rerelease,confirmed_complete,2026-08-28,2026-09-01,2026-08-14,Friday,0.3333333333333333,True,4,22,507,0.0434,2,4,4,4,4,True,True,0.3333333333333333,0.3333333333333333,2026-08-28,False,True,0.3333333333333333,0.3333333333333333,2026-08-28,False,True,0.6666666666666666,0.6666666666666666,2026-08-30,False,True,0.6666666666666666,0.6666666666666666,2026-08-30,False,True,1.0,1.0,True,True,1.0,1.0,True,True,True,True,False,False,pre_opening_rollout_after_48h
84536,Harry Potter and the Sorcerer’s Stone: 25th Anniversary,amc-woodinville-12,AMC Woodinville 12,rerelease,anniversary_or_rerelease,confirmed_complete,2026-08-28,2026-09-01,2026-08-14,Friday,0.2,True,4,19,397,0.0479,4,6,13,13,4,True,True,0.2,0.3333333333333333,2026-08-28,False,True,0.2,0.3333333333333333,2026-08-28,False,True,0.4,0.6666666666666666,2026-08-30,False,True,0.4,0.6666666666666666,2026-08-30,False,True,0.8,1.0,True,True,0.8,1.0,True,True,True,True,False,False,pre_opening_rollout_after_48h
84186,Haunted Heist,amc-kent-station-14,AMC Kent Station 14,ordinary,standard,confirmed_complete,2026-07-23,2026-07-29,2026-07-21,Tuesday,1.0,False,0,516,517,0.9981,0,0,0,0,0,True,True,1.0,1.0,2026-07-29,True,True,1.0,1.0,2026-07-29,True,True,1.0,1.0,2026-07-29,True,True,1.0,1.0,2026-07-29,True,False,,,,False,,,,False,False,False,False,False,not_extended_on_first_snapshot
84186,Haunted Heist,amc-southcenter-16,AMC Southcenter 16,ordinary,standard,confirmed_complete,2026-07-23,2026-07-29,2026-07-15,Wednesday,0.5185185185185185,False,0,495,538,0.9201,0,7,7,7,0,True,True,0.5185185185185185,1.0,2026-07-29,True,True,0.5185185185185185,1.0,2026-07-29,True,True,0.5185185185185185,1.0,2026-07-29,True,True,0.5185185185185185,1.0,2026-07-29,True,True,0.5185185185185185,1.0,True,True,0.5185185185185185,1.0,True,False,False,False,False,False,not_extended_on_first_snapshot
82707,Heart of the Beast,amc-oak-tree-6,AMC Oak Tree 6,ordinary,standard,confirmed_complete,2026-09-24,2026-09-30,2026-09-03,Thursday,0.36,False,0,17,143,0.1189,20,20,20,20,0,True,True,0.36,1.0,2026-09-30,True,True,0.36,1.0,2026-09-30,True,True,0.36,1.0,2026-09-30,True,True,0.36,1.0,2026-09-30,True,True,0.36,1.0,True,True,0.36,1.0,True,False,False,False,False,False,not_extended_on_first_snapshot
84371,Heaven in Stone and Glass,amc-alderwood-mall-16,AMC Alderwood Mall 16,special_event,concert_or_event,confirmed_complete,2026-09-20,2026-09-23,2026-09-03,Thursday,1.0,False,0,133,482,0.2759,0,0,0,0,0,True,True,1.0,1.0,2026-09-23,True,True,1.0,1.0,2026-09-23,True,True,1.0,1.0,2026-09-23,True,True,1.0,1.0,2026-09-23,True,True,1.0,1.0,True,True,1.0,1.0,True,False,False,False,False,False,not_extended_on_first_snapshot
84371,Heaven in Stone and Glass,amc-kent-station-14,AMC Kent Station 14,special_event,concert_or_event,confirmed_complete,2026-09-20,2026-09-23,2026-09-03,Thursday,1.0,False,0,106,440,0.2409,0,0,0,0,0,True,True,1.0,1.0,2026-09-23,True,True,1.0,1.0,2026-09-23,True,True,1.0,1.0,2026-09-23,True,True,1.0,1.0,2026-09-23,True,True,1.0,1.0,True,True,1.0,1.0,True,False,False,False,False,False,not_extended_on_first_snapshot
84371,Heaven in Stone and Glass,amc-southcenter-16,AMC Southcenter 16,special_event,concert_or_event,confirmed_complete,2026-09-20,2026-09-23,2026-09-03,Thursday,1.0,False,0,127,491,0.2587,0,0,0,0,0,True,True,1.0,1.0,2026-09-23,True,True,1.0,1.0,2026-09-23,True,True,1.0,1.0,2026-09-23,True,True,1.0,1.0,2026-09-23,True,True,1.0,1.0,True,True,1.0,1.0,True,False,False,False,False,False,not_extended_on_first_snapshot
84371,Heaven in Stone and Glass,amc-woodinville-12,AMC Woodinville 12,special_event,concert_or_event,confirmed_complete,2026-09-20,2026-09-23,2026-09-03,Thursday,1.0,False,0,67,325,0.2062,0,0,0,0,0,True,True,1.0,1.0,2026-09-23,True,True,1.0,1.0,2026-09-23,True,True,1.0,1.0,2026-09-23,True,True,1.0,1.0,2026-09-23,True,True,1.0,1.0,True,True,1.0,1.0,True,False,False,False,False,False,not_extended_on_first_snapshot
83785,Her Private Hell,amc-alderwood-mall-16,AMC Alderwood Mall 16,ordinary,standard,confirmed_complete,2026-07-23,2026-07-29,2026-07-15,Wednesday,0.8333333333333334,False,0,498,552,0.9022,0,0,7,11,0,True,True,0.8333333333333334,1.0,2026-07-29,True,True,0.8333333333333334,1.0,2026-07-29,True,True,0.8333333333333334,1.0,2026-07-29,True,True,0.8333333333333334,1.0,2026-07-29,True,True,0.8333333333333334,1.0,True,True,0.8333333333333334,1.0,True,False,False,False,False,False,not_extended_on_first_snapshot
83785,Her Private Hell,amc-factoria-8,AMC Factoria 8,ordinary,standard,confirmed_complete,2026-07-23,2026-07-29,2026-07-21,Tuesday,1.0,False,0,271,274,0.9891,0,0,0,0,0,True,True,1.0,1.0,2026-07-29,True,True,1.0,1.0,2026-07-29,True,True,1.0,1.0,2026-07-29,True,True,1.0,1.0,2026-07-29,True,False,,,,False,,,,False,False,False,False,False,not_extended_on_first_snapshot
83785,Her Private Hell,amc-kent-station-14,AMC Kent Station 14,ordinary,standard,confirmed_complete,2026-07-23,2026-07-29,2026-07-15,Wednesday,0.8,False,0,471,517,0.911,0,0,6,7,0,True,True,0.8,1.0,2026-07-29,True,True,0.8,1.0,2026-07-29,True,True,0.8,1.0,2026-07-29,True,True,0.8,1.0,2026-07-29,True,True,0.8,1.0,True,True,0.8,1.0,True,False,False,False,False,False,not_extended_on_first_snapshot
83785,Her Private Hell,amc-oak-tree-6,AMC Oak Tree 6,ordinary,standard,confirmed_complete,2026-07-23,2026-07-29,2026-07-22,Wednesday,1.0,False,0,215,215,1.0,0,0,0,0,0,True,True,1.0,1.0,2026-07-29,True,True,1.0,1.0,2026-07-29,True,True,1.0,1.0,2026-07-29,True,True,1.0,1.0,2026-07-29,True,False,,,,False,,,,False,False,False,False,False,not_extended_on_first_snapshot
83785,Her Private Hell,amc-pacific-place-11,AMC Pacific Place 11,ordinary,standard,confirmed_complete,2026-07-23,2026-07-29,2026-07-15,Wednesday,0.6451612903225806,False,0,312,349,0.894,0,7,7,7,0,True,True,0.6451612903225806,1.0,2026-07-29,True,True,0.6451612903225806,1.0,2026-07-29,True,True,0.6451612903225806,1.0,2026-07-29,True,True,0.6451612903225806,1.0,2026-07-29,True,True,0.6451612903225806,1.0,True,True,0.6451612903225806,1.0,True,False,False,False,False,False,not_extended_on_first_snapshot
83785,Her Private Hell,amc-southcenter-16,AMC Southcenter 16,ordinary,standard,confirmed_complete,2026-07-23,2026-07-29,2026-07-15,Wednesday,0.8,False,0,495,538,0.9201,0,0,6,7,0,True,True,0.8,1.0,2026-07-29,True,True,0.8,1.0,2026-07-29,True,True,0.8,1.0,2026-07-29,True,True,0.8,1.0,2026-07-29,True,True,0.8,1.0,True,True,0.8,1.0,True,False,False,False,False,False,not_extended_on_first_snapshot
83785,Her Private Hell,amc-woodinville-12,AMC Woodinville 12,ordinary,standard,confirmed_complete,2026-07-23,2026-07-29,2026-07-21,Tuesday,0.9411764705882353,False,0,382,408,0.9363,0,0,0,1,0,True,True,0.9411764705882353,0.8571428571428571,2026-07-29,True,True,1.0,1.0,2026-07-29,True,True,1.0,1.0,2026-07-29,True,True,1.0,1.0,2026-07-29,True,False,,,,False,,,,False,False,False,False,False,not_extended_on_first_snapshot
84082,Hope,amc-alderwood-mall-16,AMC Alderwood Mall 16,ordinary,standard,confirmed_complete,2026-09-09,2026-09-30,2026-08-26,Wednesday,0.029850746268656716,True,21,124,481,0.2578,21,21,28,28,28,False,True,0.029850746268656716,0.045454545454545456,2026-09-09,False,True,0.05970149253731343,0.09090909090909091,2026-09-10,False,True,0.08955223880597014,0.13636363636363635,2026-09-11,False,True,0.11940298507462686,0.18181818181818182,2026-09-12,False,True,0.26865671641791045,0.36363636363636365,False,True,0.26865671641791045,0.36363636363636365,False,True,True,True,True,True,late_in_run_extension
84082,Hope,amc-oak-tree-6,AMC Oak Tree 6,ordinary,standard,confirmed_complete,2026-09-11,2026-09-23,2026-09-09,Wednesday,0.4864864864864865,True,7,118,136,0.8676,7,7,7,7,7,False,True,0.4864864864864865,0.46153846153846156,2026-09-16,False,True,0.4864864864864865,0.46153846153846156,2026-09-16,False,True,0.4864864864864865,0.46153846153846156,2026-09-16,False,True,0.4864864864864865,0.46153846153846156,2026-09-16,False,False,,,,False,,,,True,True,True,True,True,late_in_run_extension
84082,Hope,amc-pacific-place-11,AMC Pacific Place 11,ordinary,standard,confirmed_complete,2026-09-09,2026-09-30,2026-08-26,Wednesday,0.03636363636363636,True,21,130,308,0.4221,14,21,28,28,28,False,True,0.03636363636363636,0.045454545454545456,2026-09-09,False,True,0.07272727272727272,0.09090909090909091,2026-09-10,False,True,0.10909090909090909,0.13636363636363635,2026-09-11,False,True,0.14545454545454545,0.18181818181818182,2026-09-12,False,True,0.2727272727272727,0.36363636363636365,False,True,0.2909090909090909,0.4090909090909091,False,True,True,True,True,True,late_in_run_extension
84082,Hope,amc-woodinville-12,AMC Woodinville 12,ordinary,standard,confirmed_complete,2026-09-09,2026-09-23,2026-09-01,Tuesday,0.15,True,13,318,342,0.9298,8,14,14,14,14,False,True,0.15,0.13333333333333333,2026-09-10,False,True,0.15,0.13333333333333333,2026-09-10,False,True,0.15,0.13333333333333333,2026-09-10,False,True,0.15,0.13333333333333333,2026-09-10,False,True,0.15,0.13333333333333333,False,True,0.15,0.13333333333333333,False,True,True,True,True,True,late_in_run_extension
84769,HOPE Premium Early Access,amc-alderwood-mall-16,AMC Alderwood Mall 16,special_event,concert_or_event,confirmed_complete,2026-09-07,2026-09-07,2026-08-24,Monday,1.0,False,0,74,481,0.1538,0,0,0,0,0,True,True,1.0,1.0,2026-09-07,True,True,1.0,1.0,2026-09-07,True,True,1.0,1.0,2026-09-07,True,True,1.0,1.0,2026-09-07,True,True,1.0,1.0,True,True,1.0,1.0,True,False,False,False,False,False,not_extended_on_first_snapshot
84769,HOPE Premium Early Access,amc-kent-station-14,AMC Kent Station 14,special_event,concert_or_event,confirmed_complete,2026-09-07,2026-09-07,2026-08-24,Monday,1.0,False,0,53,458,0.1157,0,0,0,0,0,True,True,1.0,1.0,2026-09-07,True,True,1.0,1.0,2026-09-07,True,True,1.0,1.0,2026-09-07,True,True,1.0,1.0,2026-09-07,True,True,1.0,1.0,True,True,1.0,1.0,True,False,False,False,False,False,not_extended_on_first_snapshot
84769,HOPE Premium Early Access,amc-southcenter-16,AMC Southcenter 16,special_event,concert_or_event,confirmed_complete,2026-09-07,2026-09-07,2026-08-24,Monday,1.0,False,0,97,478,0.2029,0,0,0,0,0,True,True,1.0,1.0,2026-09-07,True,True,1.0,1.0,2026-09-07,True,True,1.0,1.0,2026-09-07,True,True,1.0,1.0,2026-09-07,True,True,1.0,1.0,True,True,1.0,1.0,True,False,False,False,False,False,not_extended_on_first_snapshot
84769,HOPE Premium Early Access,amc-woodinville-12,AMC Woodinville 12,special_event,concert_or_event,confirmed_complete,2026-09-07,2026-09-07,2026-08-24,Monday,1.0,False,0,41,342,0.1199,0,0,0,0,0,True,True,1.0,1.0,2026-09-07,True,True,1.0,1.0,2026-09-07,True,True,1.0,1.0,2026-09-07,True,True,1.0,1.0,2026-09-07,True,True,1.0,1.0,True,True,1.0,1.0,True,False,False,False,False,False,not_extended_on_first_snapshot
83783,Hot Spot,amc-alderwood-mall-16,AMC Alderwood Mall 16,ordinary,standard,confirmed_complete,2026-08-20,2026-08-26,2026-08-13,Thursday,0.5957446808510638,False,0,522,579,0.9016,0,6,6,6,0,True,True,0.5957446808510638,1.0,2026-08-26,True,True,0.5957446808510638,1.0,2026-08-26,True,True,0.5957446808510638,1.0,2026-08-26,True,True,0.5957446808510638,1.0,2026-08-26,True,True,0.5957446808510638,1.0,True,True,0.5957446808510638,1.0,True,False,False,False,False,False,not_extended_on_first_snapshot
83783,Hot Spot,amc-kent-station-14,AMC Kent Station 14,ordinary,standard,confirmed_complete,2026-08-20,2026-08-27,2026-08-13,Thursday,0.8205128205128205,False,0,494,555,0.8901,0,0,5,5,0,True,True,0.8205128205128205,1.0,2026-08-27,True,True,0.8205128205128205,1.0,2026-08-27,True,True,0.8205128205128205,1.0,2026-08-27,True,True,0.8205128205128205,1.0,2026-08-27,True,True,0.8205128205128205,1.0,True,True,0.8205128205128205,1.0,True,False,False,False,False,False,not_extended_on_first_snapshot
83783,Hot Spot,amc-southcenter-16,AMC Southcenter 16,ordinary,standard,confirmed_complete,2026-08-20,2026-08-26,2026-08-13,Thursday,1.0,False,0,503,551,0.9129,0,0,0,0,0,True,True,1.0,1.0,2026-08-26,True,True,1.0,1.0,2026-08-26,True,True,1.0,1.0,2026-08-26,True,True,1.0,1.0,2026-08-26,True,True,1.0,1.0,True,True,1.0,1.0,True,False,False,False,False,False,not_extended_on_first_snapshot
83783,Hot Spot,amc-woodinville-12,AMC Woodinville 12,ordinary,standard,confirmed_complete,2026-08-20,2026-08-27,2026-08-13,Thursday,0.9714285714285714,True,1,357,395,0.9038,0,0,0,13,13,False,True,0.9714285714285714,0.875,2026-08-26,False,True,0.9714285714285714,0.875,2026-08-26,False,True,0.9714285714285714,0.875,2026-08-26,False,True,0.9714285714285714,0.875,2026-08-26,False,True,0.9714285714285714,0.875,False,True,0.9714285714285714,0.875,False,True,True,True,True,True,late_in_run_extension
84533,House of Worship,amc-alderwood-mall-16,AMC Alderwood Mall 16,special_event,concert_or_event,confirmed_complete,2026-08-23,2026-08-26,2026-08-09,Sunday,0.25,True,3,90,611,0.1473,2,10,10,10,3,True,True,0.25,0.3333333333333333,2026-08-23,False,True,0.25,0.3333333333333333,2026-08-23,False,True,0.5,0.6666666666666666,2026-08-25,False,True,0.75,1.0,2026-08-26,True,True,0.75,1.0,True,True,1.0,1.0,True,True,True,False,False,False,pre_opening_rollout_after_48h
84533,House of Worship,amc-southcenter-16,AMC Southcenter 16,special_event,concert_or_event,confirmed_complete,2026-08-23,2026-08-26,2026-08-09,Sunday,0.4,True,3,102,543,0.1878,2,3,16,16,3,True,True,0.4,0.3333333333333333,2026-08-23,False,True,0.4,0.3333333333333333,2026-08-23,False,True,0.6,0.6666666666666666,2026-08-25,False,True,0.8,1.0,2026-08-26,True,True,0.8,1.0,True,True,0.8,1.0,True,True,True,False,False,False,pre_opening_rollout_after_48h
84677,Hushar Pittalu,amc-alderwood-mall-16,AMC Alderwood Mall 16,ordinary,standard,confirmed_complete,2026-08-18,2026-08-18,2026-08-14,Friday,1.0,False,0,526,579,0.9085,0,0,0,0,0,True,True,1.0,1.0,2026-08-18,True,True,1.0,1.0,2026-08-18,True,True,1.0,1.0,2026-08-18,True,True,1.0,1.0,2026-08-18,True,False,,,,True,1.0,1.0,True,False,False,False,False,False,not_extended_on_first_snapshot
83178,I Want Your Sex,amc-alderwood-mall-16,AMC Alderwood Mall 16,ordinary,standard,confirmed_complete,2026-07-30,2026-08-06,2026-07-17,Friday,0.2727272727272727,True,6,163,529,0.3081,2,4,5,19,19,False,True,0.2727272727272727,0.25,2026-07-31,False,True,0.4090909090909091,0.375,2026-08-01,False,True,0.5454545454545454,0.5,2026-08-02,False,True,0.6818181818181818,0.625,2026-08-03,False,True,0.9545454545454546,0.875,False,True,0.9545454545454546,0.875,False,True,True,True,True,True,late_in_run_extension
83178,I Want Your Sex,amc-kent-station-14,AMC Kent Station 14,ordinary,standard,confirmed_complete,2026-07-30,2026-08-06,2026-07-17,Friday,0.13953488372093023,True,6,155,505,0.3069,5,11,11,18,18,False,True,0.13953488372093023,0.25,2026-07-31,False,True,0.20930232558139536,0.375,2026-08-01,False,True,0.27906976744186046,0.5,2026-08-02,False,True,0.3488372093023256,0.625,2026-08-03,False,True,0.5116279069767442,0.875,False,True,0.5116279069767442,0.875,False,True,True,True,True,True,late_in_run_extension
83178,I Want Your Sex,amc-pacific-place-11,AMC Pacific Place 11,ordinary,standard,confirmed_complete,2026-07-30,2026-08-06,2026-07-17,Friday,0.23809523809523808,True,6,105,337,0.3116,2,4,5,18,18,False,True,0.23809523809523808,0.25,2026-07-31,False,True,0.38095238095238093,0.375,2026-08-01,False,True,0.5238095238095238,0.5,2026-08-02,False,True,0.6666666666666666,0.625,2026-08-03,False,True,0.9523809523809523,0.875,False,True,0.9523809523809523,0.875,False,True,True,True,True,True,late_in_run_extension
83178,I Want Your Sex,amc-southcenter-16,AMC Southcenter 16,ordinary,standard,confirmed_complete,2026-07-30,2026-08-05,2026-07-17,Friday,0.18518518518518517,True,5,204,551,0.3702,3,12,12,12,5,True,True,0.18518518518518517,0.2857142857142857,2026-07-31,False,True,0.2962962962962963,0.42857142857142855,2026-08-01,False,True,0.4074074074074074,0.5714285714285714,2026-08-02,False,True,0.5185185185185185,0.7142857142857143,2026-08-03,False,True,0.7407407407407407,1.0,True,True,0.7407407407407407,1.0,True,True,True,True,False,False,pre_opening_rollout_after_48h
83178,I Want Your Sex,amc-woodinville-12,AMC Woodinville 12,ordinary,standard,confirmed_complete,2026-09-07,2026-09-07,2026-09-01,Tuesday,1.0,False,0,318,342,0.9298,0,0,0,0,0,True,True,1.0,1.0,2026-09-07,True,True,1.0,1.0,2026-09-07,True,True,1.0,1.0,2026-09-07,True,True,1.0,1.0,2026-09-07,True,False,,,,True,1.0,1.0,True,False,False,False,False,False,not_extended_on_first_snapshot
83358,Ice Cream Man,amc-alderwood-mall-16,AMC Alderwood Mall 16,ordinary,standard,confirmed_complete,2026-08-06,2026-08-19,2026-07-23,Thursday,0.06060606060606061,True,13,250,579,0.4318,5,20,20,20,20,False,True,0.06060606060606061,0.07142857142857142,2026-08-06,False,True,0.15151515151515152,0.14285714285714285,2026-08-07,False,True,0.24242424242424243,0.21428571428571427,2026-08-08,False,True,0.3333333333333333,0.2857142857142857,2026-08-09,False,True,0.6060606060606061,0.5,False,True,0.6060606060606061,0.5,False,True,True,True,True,True,late_in_run_extension
83358,Ice Cream Man,amc-kent-station-14,AMC Kent Station 14,ordinary,standard,confirmed_complete,2026-08-06,2026-08-20,2026-07-23,Thursday,0.038461538461538464,True,14,299,617,0.4846,12,19,19,26,26,False,True,0.038461538461538464,0.06666666666666667,2026-08-06,False,True,0.09615384615384616,0.13333333333333333,2026-08-07,False,True,0.15384615384615385,0.2,2026-08-08,False,True,0.21153846153846154,0.26666666666666666,2026-08-09,False,True,0.38461538461538464,0.4666666666666667,False,True,0.38461538461538464,0.4666666666666667,False,True,True,True,True,True,late_in_run_extension
83358,Ice Cream Man,amc-pacific-place-11,AMC Pacific Place 11,ordinary,standard,confirmed_complete,2026-08-06,2026-08-13,2026-08-04,Tuesday,0.3076923076923077,True,6,321,322,0.9969,1,1,1,7,7,False,True,0.3076923076923077,0.25,2026-08-07,False,True,0.9230769230769231,0.875,2026-08-12,False,True,0.9230769230769231,0.875,2026-08-12,False,True,0.9230769230769231,0.875,2026-08-12,False,False,,,,False,,,,True,True,True,True,True,late_in_run_extension
83358,Ice Cream Man,amc-southcenter-16,AMC Southcenter 16,ordinary,standard,confirmed_complete,2026-08-06,2026-08-19,2026-07-23,Thursday,0.044444444444444446,True,13,253,662,0.3822,13,20,20,20,20,False,True,0.044444444444444446,0.07142857142857142,2026-08-06,False,True,0.1111111111111111,0.14285714285714285,2026-08-07,False,True,0.17777777777777778,0.21428571428571427,2026-08-08,False,True,0.24444444444444444,0.2857142857142857,2026-08-09,False,True,0.4444444444444444,0.5,False,True,0.4444444444444444,0.5,False,True,True,True,True,True,late_in_run_extension
83358,Ice Cream Man,amc-woodinville-12,AMC Woodinville 12,ordinary,standard,confirmed_complete,2026-08-06,2026-08-12,2026-08-04,Tuesday,1.0,False,0,406,406,1.0,0,0,0,0,0,True,True,1.0,1.0,2026-08-12,True,True,1.0,1.0,2026-08-12,True,True,1.0,1.0,2026-08-12,True,True,1.0,1.0,2026-08-12,True,False,,,,False,,,,False,False,False,False,False,not_extended_on_first_snapshot
83461,Idiots,amc-alderwood-mall-16,AMC Alderwood Mall 16,ordinary,standard,confirmed_complete,2026-08-27,2026-09-02,2026-08-13,Thursday,0.1111111111111111,True,6,258,611,0.4223,4,13,13,13,6,True,True,0.1111111111111111,0.14285714285714285,2026-08-27,False,True,0.2222222222222222,0.2857142857142857,2026-08-28,False,True,0.3333333333333333,0.42857142857142855,2026-08-29,False,True,0.4444444444444444,0.5714285714285714,2026-08-30,False,True,0.7777777777777778,1.0,True,True,0.7777777777777778,1.0,True,True,True,True,False,False,pre_opening_rollout_after_48h
83461,Idiots,amc-kent-station-14,AMC Kent Station 14,ordinary,standard,confirmed_complete,2026-08-27,2026-09-03,2026-08-25,Tuesday,0.7692307692307693,True,1,522,523,0.9981,0,1,1,7,7,False,True,0.7692307692307693,0.875,2026-09-02,False,True,0.9230769230769231,0.875,2026-09-02,False,True,0.9230769230769231,0.875,2026-09-02,False,True,0.9230769230769231,0.875,2026-09-02,False,False,,,,False,,,,True,True,True,True,True,late_in_run_extension
83461,Idiots,amc-southcenter-16,AMC Southcenter 16,ordinary,standard,confirmed_complete,2026-08-27,2026-09-02,2026-08-13,Thursday,0.25,True,6,285,543,0.5249,3,13,13,13,6,True,True,0.25,0.14285714285714285,2026-08-27,False,True,0.3333333333333333,0.2857142857142857,2026-08-28,False,True,0.4166666666666667,0.42857142857142855,2026-08-29,False,True,0.5,0.5714285714285714,2026-08-30,False,True,0.75,1.0,True,True,0.75,1.0,True,True,True,True,False,False,pre_opening_rollout_after_48h
83461,Idiots,amc-woodinville-12,AMC Woodinville 12,ordinary,standard,confirmed_complete,2026-08-27,2026-09-02,2026-08-26,Wednesday,1.0,False,0,388,390,0.9949,0,0,0,0,0,True,True,1.0,1.0,2026-09-02,True,True,1.0,1.0,2026-09-02,True,True,1.0,1.0,2026-09-02,True,True,1.0,1.0,2026-09-02,True,False,,,,False,,,,False,False,False,False,False,not_extended_on_first_snapshot
84783,Idiots Early Access,amc-alderwood-mall-16,AMC Alderwood Mall 16,special_event,concert_or_event,confirmed_complete,2026-08-25,2026-08-25,2026-08-15,Saturday,1.0,False,0,259,611,0.4239,0,0,0,0,0,True,True,1.0,1.0,2026-08-25,True,True,1.0,1.0,2026-08-25,True,True,1.0,1.0,2026-08-25,True,True,1.0,1.0,2026-08-25,True,True,1.0,1.0,True,True,1.0,1.0,True,False,False,False,False,False,not_extended_on_first_snapshot
84783,Idiots Early Access,amc-southcenter-16,AMC Southcenter 16,special_event,concert_or_event,confirmed_complete,2026-08-25,2026-08-25,2026-08-15,Saturday,1.0,False,0,287,543,0.5285,0,0,0,0,0,True,True,1.0,1.0,2026-08-25,True,True,1.0,1.0,2026-08-25,True,True,1.0,1.0,2026-08-25,True,True,1.0,1.0,2026-08-25,True,True,1.0,1.0,True,True,1.0,1.0,True,False,False,False,False,False,not_extended_on_first_snapshot
84453,If I Go Will They Miss Me,amc-alderwood-mall-16,AMC Alderwood Mall 16,ordinary,standard,confirmed_complete,2026-09-17,2026-09-23,2026-09-16,Wednesday,1.0,False,0,456,456,1.0,0,0,0,0,0,True,True,1.0,1.0,2026-09-23,True,True,1.0,1.0,2026-09-23,True,True,1.0,1.0,2026-09-23,True,True,1.0,1.0,2026-09-23,True,False,,,,False,,,,False,False,False,False,False,not_extended_on_first_snapshot
84389,If I Tell You,amc-alderwood-mall-16,AMC Alderwood Mall 16,ordinary,standard,confirmed_complete,2026-08-27,2026-08-27,2026-08-13,Thursday,1.0,False,0,258,611,0.4223,0,0,0,0,0,True,True,1.0,1.0,2026-08-27,True,True,1.0,1.0,2026-08-27,True,True,1.0,1.0,2026-08-27,True,True,1.0,1.0,2026-08-27,True,True,1.0,1.0,True,True,1.0,1.0,True,False,False,False,False,False,not_extended_on_first_snapshot
83905,Inglaterra vs Argentina - Semifinales - Telemundo presenta la Copa Mundial de la FIFA 2026,amc-alderwood-mall-16,AMC Alderwood Mall 16,special_event,concert_or_event,confirmed_complete,2026-07-15,2026-07-15,2026-07-01,Wednesday,1.0,False,0,233,572,0.4073,0,0,0,0,0,True,True,1.0,1.0,2026-07-15,True,True,1.0,1.0,2026-07-15,True,True,1.0,1.0,2026-07-15,True,True,1.0,1.0,2026-07-15,True,True,1.0,1.0,True,True,1.0,1.0,True,False,False,False,False,False,not_extended_on_first_snapshot
83905,Inglaterra vs Argentina - Semifinales - Telemundo presenta la Copa Mundial de la FIFA 2026,amc-southcenter-16,AMC Southcenter 16,special_event,concert_or_event,confirmed_complete,2026-07-15,2026-07-15,2026-07-01,Wednesday,1.0,False,0,274,627,0.437,0,0,0,0,0,True,True,1.0,1.0,2026-07-15,True,True,1.0,1.0,2026-07-15,True,True,1.0,1.0,2026-07-15,True,True,1.0,1.0,2026-07-15,True,True,1.0,1.0,True,True,1.0,1.0,True,False,False,False,False,False,not_extended_on_first_snapshot
77101,Insidious: Out of the Further,amc-alderwood-mall-16,AMC Alderwood Mall 16,ordinary,standard,confirmed_complete,2026-08-20,2026-09-23,2026-08-06,Thursday,0.022727272727272728,True,34,249,579,0.4301,13,27,34,41,41,False,True,0.022727272727272728,0.02857142857142857,2026-08-20,False,True,0.045454545454545456,0.05714285714285714,2026-08-21,False,True,0.06818181818181818,0.08571428571428572,2026-08-22,False,True,0.09090909090909091,0.11428571428571428,2026-08-23,False,True,0.18181818181818182,0.22857142857142856,False,True,0.20454545454545456,0.34285714285714286,False,True,True,True,True,True,late_in_run_extension
77101,Insidious: Out of the Further,amc-factoria-8,AMC Factoria 8,ordinary,standard,confirmed_complete,2026-08-20,2026-09-10,2026-08-06,Thursday,0.0392156862745098,True,21,96,285,0.3368,19,26,26,34,34,False,True,0.0392156862745098,0.045454545454545456,2026-08-20,False,True,0.08823529411764706,0.09090909090909091,2026-08-21,False,True,0.13725490196078433,0.13636363636363635,2026-08-22,False,True,0.18627450980392157,0.18181818181818182,2026-08-23,False,True,0.30392156862745096,0.36363636363636365,False,True,0.4215686274509804,0.5454545454545454,False,True,True,True,True,True,late_in_run_extension
77101,Insidious: Out of the Further,amc-kent-station-14,AMC Kent Station 14,ordinary,standard,confirmed_complete,2026-08-20,2026-09-24,2026-08-06,Thursday,0.02877697841726619,True,35,127,555,0.2288,19,26,34,47,47,False,True,0.02877697841726619,0.027777777777777776,2026-08-20,False,True,0.05755395683453238,0.05555555555555555,2026-08-21,False,True,0.08633093525179857,0.08333333333333333,2026-08-22,False,True,0.11510791366906475,0.1111111111111111,2026-08-23,False,True,0.20863309352517986,0.2222222222222222,False,True,0.23741007194244604,0.3333333333333333,False,True,True,True,True,True,late_in_run_extension
77101,Insidious: Out of the Further,amc-oak-tree-6,AMC Oak Tree 6,ordinary,standard,confirmed_complete,2026-08-20,2026-09-02,2026-08-17,Monday,0.35135135135135137,True,2,165,184,0.8967,2,9,9,9,2,True,True,0.35135135135135137,0.8571428571428571,2026-08-31,False,True,0.40540540540540543,0.9285714285714286,2026-09-01,False,True,0.6891891891891891,1.0,2026-09-02,True,True,0.6891891891891891,1.0,2026-09-02,True,False,,,,True,0.35135135135135137,0.8571428571428571,False,True,False,False,False,False,immediate_rollout_within_48h
77101,Insidious: Out of the Further,amc-pacific-place-11,AMC Pacific Place 11,ordinary,standard,confirmed_complete,2026-08-20,2026-09-03,2026-08-06,Thursday,0.06896551724137931,True,14,164,327,0.5015,7,20,20,20,14,False,True,0.06896551724137931,0.06666666666666667,2026-08-20,False,True,0.13793103448275862,0.13333333333333333,2026-08-21,False,True,0.20689655172413793,0.2,2026-08-22,False,True,0.27586206896551724,0.26666666666666666,2026-08-23,False,True,0.5172413793103449,0.5333333333333333,False,True,0.603448275862069,0.8,False,True,True,True,False,False,pre_opening_rollout_after_48h
77101,Insidious: Out of the Further,amc-southcenter-16,AMC Southcenter 16,ordinary,standard,confirmed_complete,2026-08-20,2026-09-23,2026-08-06,Thursday,0.028169014084507043,True,34,240,551,0.4356,20,27,34,41,41,False,True,0.028169014084507043,0.02857142857142857,2026-08-20,False,True,0.09859154929577464,0.05714285714285714,2026-08-21,False,True,0.16901408450704225,0.08571428571428572,2026-08-22,False,True,0.23943661971830985,0.11428571428571428,2026-08-23,False,True,0.4225352112676056,0.2,False,True,0.4225352112676056,0.2,False,True,True,True,True,True,late_in_run_extension
77101,Insidious: Out of the Further,amc-woodinville-12,AMC Woodinville 12,ordinary,standard,confirmed_complete,2026-08-20,2026-09-17,2026-08-06,Thursday,0.04,True,28,129,395,0.3266,20,26,26,40,40,False,True,0.04,0.034482758620689655,2026-08-20,False,True,0.09,0.06896551724137931,2026-08-21,False,True,0.14,0.10344827586206896,2026-08-22,False,True,0.19,0.13793103448275862,2026-08-23,False,True,0.39,0.27586206896551724,False,True,0.43,0.41379310344827586,False,True,True,True,True,True,late_in_run_extension
84139,Irumudi,amc-alderwood-mall-16,AMC Alderwood Mall 16,ordinary,standard,confirmed_complete,2026-08-20,2026-08-26,2026-08-19,Wednesday,1.0,False,0,579,579,1.0,0,0,0,0,0,True,True,1.0,1.0,2026-08-26,True,True,1.0,1.0,2026-08-26,True,True,1.0,1.0,2026-08-26,True,True,1.0,1.0,2026-08-26,True,False,,,,False,,,,False,False,False,False,False,not_extended_on_first_snapshot
84139,Irumudi,amc-southcenter-16,AMC Southcenter 16,ordinary,standard,confirmed_complete,2026-08-27,2026-09-02,2026-08-25,Tuesday,0.25,True,5,503,543,0.9263,1,1,1,1,1,True,True,0.25,0.14285714285714285,2026-08-28,False,True,1.0,1.0,2026-09-02,True,True,1.0,1.0,2026-09-02,True,True,1.0,1.0,2026-09-02,True,False,,,,False,,,,True,False,False,False,False,immediate_rollout_within_48h
84289,It Ends,amc-alderwood-mall-16,AMC Alderwood Mall 16,ordinary,standard,confirmed_complete,2026-08-27,2026-09-02,2026-08-26,Wednesday,1.0,False,0,611,611,1.0,0,0,0,0,0,True,True,1.0,1.0,2026-09-02,True,True,1.0,1.0,2026-09-02,True,True,1.0,1.0,2026-09-02,True,True,1.0,1.0,2026-09-02,True,False,,,,False,,,,False,False,False,False,False,not_extended_on_first_snapshot
84289,It Ends,amc-kent-station-14,AMC Kent Station 14,ordinary,standard,confirmed_complete,2026-08-27,2026-09-03,2026-08-25,Tuesday,0.8333333333333334,True,1,522,523,0.9981,0,0,2,7,7,False,True,0.8333333333333334,0.875,2026-09-02,False,True,0.8333333333333334,0.875,2026-09-02,False,True,0.9166666666666666,0.875,2026-09-02,False,True,0.9166666666666666,0.875,2026-09-02,False,False,,,,False,,,,True,True,True,True,True,late_in_run_extension
84289,It Ends,amc-pacific-place-11,AMC Pacific Place 11,ordinary,standard,confirmed_complete,2026-08-27,2026-09-03,2026-08-25,Tuesday,0.21428571428571427,True,6,296,296,1.0,1,1,1,7,7,False,True,0.21428571428571427,0.25,2026-08-28,False,True,0.9285714285714286,0.875,2026-09-02,False,True,0.9285714285714286,0.875,2026-09-02,False,True,0.9285714285714286,0.875,2026-09-02,False,False,,,,False,,,,True,True,True,True,True,late_in_run_extension
84289,It Ends,amc-southcenter-16,AMC Southcenter 16,ordinary,standard,confirmed_complete,2026-08-27,2026-09-02,2026-08-25,Tuesday,0.15384615384615385,True,5,503,543,0.9263,1,1,1,1,1,True,True,0.15384615384615385,0.14285714285714285,2026-08-28,False,True,1.0,1.0,2026-09-02,True,True,1.0,1.0,2026-09-02,True,True,1.0,1.0,2026-09-02,True,False,,,,False,,,,True,False,False,False,False,immediate_rollout_within_48h
84289,It Ends,amc-woodinville-12,AMC Woodinville 12,ordinary,standard,confirmed_complete,2026-08-27,2026-09-03,2026-08-26,Wednesday,0.8571428571428571,True,1,388,390,0.9949,0,0,6,6,6,False,True,0.8571428571428571,0.8571428571428571,2026-09-02,False,True,0.8571428571428571,0.8571428571428571,2026-09-02,False,True,0.8571428571428571,0.8571428571428571,2026-09-02,False,True,0.8571428571428571,0.8571428571428571,2026-09-02,False,False,,,,False,,,,True,True,True,True,True,late_in_run_extension
82113,Jana Nayagan,amc-factoria-8,AMC Factoria 8,ordinary,standard,confirmed_complete,2026-07-22,2026-07-23,2026-07-18,Saturday,0.75,True,1,256,274,0.9343,0,5,5,5,5,False,True,0.75,0.5,2026-07-22,False,True,0.75,0.5,2026-07-22,False,True,0.75,0.5,2026-07-22,False,True,0.75,0.5,2026-07-22,False,False,,,,True,0.75,0.5,False,True,True,True,True,False,post_opening_before_two_play_days
84552,Juan Gabriel: Mi Primer Bellas Artes,amc-alderwood-mall-16,AMC Alderwood Mall 16,special_event,concert_or_event,confirmed_complete,2026-09-15,2026-09-16,2026-09-01,Tuesday,0.5,True,1,83,456,0.182,0,8,8,8,8,True,True,0.5,0.5,2026-09-15,False,True,0.5,0.5,2026-09-15,False,True,0.5,0.5,2026-09-15,False,True,0.5,0.5,2026-09-15,False,True,0.5,0.5,False,True,1.0,1.0,True,True,True,True,False,False,pre_opening_rollout_after_48h
84552,Juan Gabriel: Mi Primer Bellas Artes,amc-kent-station-14,AMC Kent Station 14,special_event,concert_or_event,confirmed_complete,2026-09-15,2026-09-16,2026-09-01,Tuesday,0.3333333333333333,True,1,91,418,0.2177,11,11,11,11,11,True,True,0.3333333333333333,0.5,2026-09-15,False,True,0.3333333333333333,0.5,2026-09-15,False,True,0.3333333333333333,0.5,2026-09-15,False,True,0.3333333333333333,0.5,2026-09-15,False,True,0.3333333333333333,0.5,False,True,1.0,1.0,True,True,True,True,False,False,pre_opening_rollout_after_48h
84552,Juan Gabriel: Mi Primer Bellas Artes,amc-southcenter-16,AMC Southcenter 16,special_event,concert_or_event,confirmed_complete,2026-09-15,2026-09-16,2026-09-01,Tuesday,0.5,True,1,88,449,0.196,0,8,8,8,8,True,True,0.5,0.5,2026-09-15,False,True,0.5,0.5,2026-09-15,False,True,0.5,0.5,2026-09-15,False,True,0.5,0.5,2026-09-15,False,True,0.5,0.5,False,True,1.0,1.0,True,True,True,True,False,False,pre_opening_rollout_after_48h
83778,KATSEYE: WILD HEARTS,amc-alderwood-mall-16,AMC Alderwood Mall 16,special_event,concert_or_event,confirmed_complete,2026-08-12,2026-08-23,2026-07-29,Wednesday,0.15384615384615385,True,11,214,609,0.3514,17,21,21,21,21,False,True,0.15384615384615385,0.125,2026-08-12,False,True,0.23076923076923078,0.25,2026-08-13,False,True,0.3076923076923077,0.375,2026-08-14,False,True,0.38461538461538464,0.5,2026-08-15,False,True,0.46153846153846156,0.625,False,True,0.46153846153846156,0.625,False,True,True,True,True,True,late_in_run_extension
83778,KATSEYE: WILD HEARTS,amc-kent-station-14,AMC Kent Station 14,special_event,concert_or_event,confirmed_complete,2026-08-12,2026-08-16,2026-07-29,Wednesday,0.16666666666666666,True,4,176,607,0.29,2,4,11,11,4,True,True,0.16666666666666666,0.2,2026-08-12,False,True,0.3333333333333333,0.4,2026-08-13,False,True,0.5,0.6,2026-08-14,False,True,0.6666666666666666,0.8,2026-08-15,False,True,0.8333333333333334,1.0,True,True,1.0,1.0,True,True,True,True,False,False,pre_opening_rollout_after_48h
83778,KATSEYE: WILD HEARTS,amc-southcenter-16,AMC Southcenter 16,special_event,concert_or_event,confirmed_complete,2026-08-12,2026-08-16,2026-07-29,Wednesday,0.2,True,4,232,650,0.3569,2,3,4,4,4,True,True,0.2,0.2,2026-08-12,False,True,0.4,0.4,2026-08-13,False,True,0.6,0.6,2026-08-14,False,True,0.8,0.8,2026-08-15,False,True,1.0,1.0,True,True,1.0,1.0,True,True,True,True,False,False,pre_opening_rollout_after_48h
84442,Katy Perry: The Lifetimes Tour - Live From Paris,amc-alderwood-mall-16,AMC Alderwood Mall 16,special_event,concert_or_event,confirmed_complete,2026-09-02,2026-09-02,2026-08-19,Wednesday,1.0,False,0,127,557,0.228,0,0,0,0,0,True,True,1.0,1.0,2026-09-02,True,True,1.0,1.0,2026-09-02,True,True,1.0,1.0,2026-09-02,True,True,1.0,1.0,2026-09-02,True,True,1.0,1.0,True,True,1.0,1.0,True,False,False,False,False,False,not_extended_on_first_snapshot
84442,Katy Perry: The Lifetimes Tour - Live From Paris,amc-kent-station-14,AMC Kent Station 14,special_event,concert_or_event,confirmed_complete,2026-09-02,2026-09-02,2026-08-19,Wednesday,1.0,False,0,122,479,0.2547,0,0,0,0,0,True,True,1.0,1.0,2026-09-02,True,True,1.0,1.0,2026-09-02,True,True,1.0,1.0,2026-09-02,True,True,1.0,1.0,2026-09-02,True,True,1.0,1.0,True,True,1.0,1.0,True,False,False,False,False,False,not_extended_on_first_snapshot
84442,Katy Perry: The Lifetimes Tour - Live From Paris,amc-southcenter-16,AMC Southcenter 16,special_event,concert_or_event,confirmed_complete,2026-09-02,2026-09-02,2026-08-19,Wednesday,1.0,False,0,126,507,0.2485,0,0,0,0,0,True,True,1.0,1.0,2026-09-02,True,True,1.0,1.0,2026-09-02,True,True,1.0,1.0,2026-09-02,True,True,1.0,1.0,2026-09-02,True,True,1.0,1.0,True,True,1.0,1.0,True,False,False,False,False,False,not_extended_on_first_snapshot
84447,La La Land 10th Anniversary,amc-alderwood-mall-16,AMC Alderwood Mall 16,rerelease,anniversary_or_rerelease,confirmed_complete,2026-08-16,2026-08-26,2026-08-02,Sunday,0.17647058823529413,True,10,117,579,0.2021,13,17,17,17,17,False,True,0.17647058823529413,0.1,2026-08-16,False,True,0.23529411764705882,0.2,2026-08-17,False,True,0.23529411764705882,0.2,2026-08-17,False,True,0.35294117647058826,0.3,2026-08-19,False,True,0.4117647058823529,0.4,False,True,0.4117647058823529,0.4,False,True,True,True,True,True,late_in_run_extension
84447,La La Land 10th Anniversary,amc-kent-station-14,AMC Kent Station 14,rerelease,anniversary_or_rerelease,confirmed_complete,2026-08-16,2026-08-26,2026-08-02,Sunday,0.21428571428571427,True,10,58,555,0.1045,9,16,16,16,16,False,True,0.21428571428571427,0.1111111111111111,2026-08-16,False,True,0.2857142857142857,0.2222222222222222,2026-08-17,False,True,0.2857142857142857,0.2222222222222222,2026-08-17,False,True,0.2857142857142857,0.2222222222222222,2026-08-17,False,True,0.2857142857142857,0.2222222222222222,False,True,0.5,0.2222222222222222,False,True,True,True,True,True,late_in_run_extension
84447,La La Land 10th Anniversary,amc-southcenter-16,AMC Southcenter 16,rerelease,anniversary_or_rerelease,confirmed_complete,2026-08-16,2026-08-17,2026-08-02,Sunday,0.42857142857142855,True,1,108,551,0.196,1,10,14,14,1,True,True,0.42857142857142855,0.5,2026-08-16,False,True,0.5714285714285714,1.0,2026-08-17,True,True,0.5714285714285714,1.0,2026-08-17,True,True,0.5714285714285714,1.0,2026-08-17,True,True,0.5714285714285714,1.0,True,True,0.8571428571428571,1.0,True,True,False,False,False,False,immediate_rollout_within_48h
84447,La La Land 10th Anniversary,amc-woodinville-12,AMC Woodinville 12,rerelease,anniversary_or_rerelease,confirmed_complete,2026-08-16,2026-08-27,2026-08-02,Sunday,0.2,True,11,72,395,0.1823,16,16,16,24,24,False,True,0.2,0.1,2026-08-16,False,True,0.26666666666666666,0.2,2026-08-17,False,True,0.4,0.2,2026-08-17,False,True,0.4,0.2,2026-08-17,False,True,0.4,0.2,False,True,0.4666666666666667,0.2,False,True,True,True,True,True,late_in_run_extension
78244,Laufey's A Night At The Symphony: Hollywood Bowl,amc-southcenter-16,AMC Southcenter 16,special_event,concert_or_event,confirmed_complete,2026-08-23,2026-08-23,2026-08-15,Saturday,1.0,False,0,287,543,0.5285,0,0,0,0,0,True,True,1.0,1.0,2026-08-23,True,True,1.0,1.0,2026-08-23,True,True,1.0,1.0,2026-08-23,True,True,1.0,1.0,2026-08-23,True,True,1.0,1.0,True,True,1.0,1.0,True,False,False,False,False,False,not_extended_on_first_snapshot
84497,Learning to Fly,amc-pacific-place-11,AMC Pacific Place 11,ordinary,standard,confirmed_complete,2026-08-21,2026-08-26,2026-08-18,Tuesday,0.16666666666666666,True,5,172,296,0.5811,1,1,1,1,1,True,True,0.16666666666666666,0.16666666666666666,2026-08-21,False,True,1.0,1.0,2026-08-26,True,True,1.0,1.0,2026-08-26,True,True,1.0,1.0,2026-08-26,True,False,,,,True,0.16666666666666666,0.16666666666666666,False,True,False,False,False,False,immediate_rollout_within_48h
83347,Legend of the White Dragon,amc-alderwood-mall-16,AMC Alderwood Mall 16,ordinary,standard,confirmed_complete,2026-08-28,2026-09-01,2026-08-14,Friday,0.25,True,4,21,557,0.0377,1,4,4,4,4,True,True,0.25,0.25,2026-08-28,False,True,0.5,0.5,2026-08-29,False,True,0.75,0.75,2026-08-30,False,True,0.75,0.75,2026-08-30,False,True,1.0,1.0,True,True,1.0,1.0,True,True,True,True,False,False,pre_opening_rollout_after_48h
83347,Legend of the White Dragon,amc-kent-station-14,AMC Kent Station 14,ordinary,standard,confirmed_complete,2026-08-28,2026-09-01,2026-08-14,Friday,0.25,True,4,21,479,0.0438,1,4,4,4,4,True,True,0.25,0.25,2026-08-28,False,True,0.5,0.5,2026-08-29,False,True,0.75,0.75,2026-08-30,False,True,0.75,0.75,2026-08-30,False,True,1.0,1.0,True,True,1.0,1.0,True,True,True,True,False,False,pre_opening_rollout_after_48h
83347,Legend of the White Dragon,amc-southcenter-16,AMC Southcenter 16,ordinary,standard,confirmed_complete,2026-08-28,2026-09-01,2026-08-14,Friday,0.25,True,4,22,507,0.0434,1,4,4,4,4,True,True,0.25,0.25,2026-08-28,False,True,0.5,0.5,2026-08-29,False,True,0.75,0.75,2026-08-30,False,True,0.75,0.75,2026-08-30,False,True,1.0,1.0,True,True,1.0,1.0,True,True,True,True,False,False,pre_opening_rollout_after_48h
84581,Madame in Saigon,amc-pacific-place-11,AMC Pacific Place 11,ordinary,standard,confirmed_complete,2026-08-28,2026-09-02,2026-08-25,Tuesday,0.16666666666666666,True,5,166,283,0.5866,1,1,1,1,1,True,True,0.16666666666666666,0.16666666666666666,2026-08-28,False,True,1.0,1.0,2026-09-02,True,True,1.0,1.0,2026-09-02,True,True,1.0,1.0,2026-09-02,True,False,,,,True,0.16666666666666666,0.16666666666666666,False,True,False,False,False,False,immediate_rollout_within_48h
84581,Madame in Saigon,amc-southcenter-16,AMC Southcenter 16,ordinary,standard,confirmed_complete,2026-08-28,2026-09-03,2026-08-25,Tuesday,0.14285714285714285,True,6,231,507,0.4556,1,1,8,8,8,False,True,0.14285714285714285,0.14285714285714285,2026-08-28,False,True,0.8571428571428571,0.8571428571428571,2026-09-02,False,True,0.8571428571428571,0.8571428571428571,2026-09-02,False,True,0.8571428571428571,0.8571428571428571,2026-09-02,False,False,,,,True,0.14285714285714285,0.14285714285714285,False,True,True,True,True,True,late_in_run_extension
82530,Maddie's Secret,amc-pacific-place-11,AMC Pacific Place 11,ordinary,standard,confirmed_complete,2026-07-09,2026-07-23,2026-07-07,Tuesday,0.027777777777777776,True,13,272,294,0.9252,1,7,7,14,14,False,True,0.027777777777777776,0.06666666666666667,2026-07-10,False,True,0.75,0.4666666666666667,2026-07-15,False,True,0.75,0.4666666666666667,2026-07-15,False,True,0.75,0.4666666666666667,2026-07-15,False,False,,,,False,,,,True,True,True,True,True,late_in_run_extension
83829,MET Summer Encore: Aida (2026),amc-kent-station-14,AMC Kent Station 14,special_event,concert_or_event,confirmed_complete,2026-08-05,2026-08-05,2026-07-22,Wednesday,1.0,False,0,265,617,0.4295,0,0,0,0,0,True,True,1.0,1.0,2026-08-05,True,True,1.0,1.0,2026-08-05,True,True,1.0,1.0,2026-08-05,True,True,1.0,1.0,2026-08-05,True,True,1.0,1.0,True,True,1.0,1.0,True,False,False,False,False,False,not_extended_on_first_snapshot
83829,MET Summer Encore: Aida (2026),amc-oak-tree-6,AMC Oak Tree 6,special_event,concert_or_event,confirmed_complete,2026-08-05,2026-08-05,2026-07-22,Wednesday,1.0,False,0,47,181,0.2597,0,0,0,0,0,True,True,1.0,1.0,2026-08-05,True,True,1.0,1.0,2026-08-05,True,True,1.0,1.0,2026-08-05,True,True,1.0,1.0,2026-08-05,True,True,1.0,1.0,True,True,1.0,1.0,True,False,False,False,False,False,not_extended_on_first_snapshot
83829,MET Summer Encore: Aida (2026),amc-pacific-place-11,AMC Pacific Place 11,special_event,concert_or_event,confirmed_complete,2026-08-05,2026-08-05,2026-07-22,Wednesday,1.0,False,0,103,322,0.3199,0,0,0,0,0,True,True,1.0,1.0,2026-08-05,True,True,1.0,1.0,2026-08-05,True,True,1.0,1.0,2026-08-05,True,True,1.0,1.0,2026-08-05,True,True,1.0,1.0,True,True,1.0,1.0,True,False,False,False,False,False,not_extended_on_first_snapshot
83831,Met Summer Encore: The Merry Widow (2026),amc-kent-station-14,AMC Kent Station 14,special_event,concert_or_event,confirmed_complete,2026-07-22,2026-07-22,2026-07-08,Wednesday,1.0,False,0,145,517,0.2805,0,0,0,0,0,True,True,1.0,1.0,2026-07-22,True,True,1.0,1.0,2026-07-22,True,True,1.0,1.0,2026-07-22,True,True,1.0,1.0,2026-07-22,True,True,1.0,1.0,True,True,1.0,1.0,True,False,False,False,False,False,not_extended_on_first_snapshot
83831,Met Summer Encore: The Merry Widow (2026),amc-oak-tree-6,AMC Oak Tree 6,special_event,concert_or_event,confirmed_complete,2026-07-22,2026-07-22,2026-07-08,Wednesday,1.0,False,0,72,215,0.3349,0,0,0,0,0,True,True,1.0,1.0,2026-07-22,True,True,1.0,1.0,2026-07-22,True,True,1.0,1.0,2026-07-22,True,True,1.0,1.0,2026-07-22,True,True,1.0,1.0,True,True,1.0,1.0,True,False,False,False,False,False,not_extended_on_first_snapshot
83831,Met Summer Encore: The Merry Widow (2026),amc-pacific-place-11,AMC Pacific Place 11,special_event,concert_or_event,confirmed_complete,2026-07-22,2026-07-22,2026-07-08,Wednesday,1.0,False,0,75,349,0.2149,0,0,0,0,0,True,True,1.0,1.0,2026-07-22,True,True,1.0,1.0,2026-07-22,True,True,1.0,1.0,2026-07-22,True,True,1.0,1.0,2026-07-22,True,True,1.0,1.0,True,True,1.0,1.0,True,False,False,False,False,False,not_extended_on_first_snapshot
83748,Mighty Mary,amc-pacific-place-11,AMC Pacific Place 11,ordinary,standard,confirmed_complete,2026-09-11,2026-09-23,2026-09-01,Tuesday,0.22727272727272727,True,8,65,246,0.2642,8,15,15,15,15,False,True,0.22727272727272727,0.38461538461538464,2026-09-15,False,True,0.2727272727272727,0.46153846153846156,2026-09-16,False,True,0.2727272727272727,0.46153846153846156,2026-09-16,False,True,0.2727272727272727,0.46153846153846156,2026-09-16,False,True,0.2727272727272727,0.46153846153846156,False,True,0.2727272727272727,0.46153846153846156,False,True,True,True,True,True,late_in_run_extension
84313,Mirzapur,amc-southcenter-16,AMC Southcenter 16,ordinary,standard,confirmed_complete,2026-09-04,2026-09-16,2026-09-02,Wednesday,0.46153846153846156,True,7,427,478,0.8933,7,7,7,7,7,False,True,0.46153846153846156,0.46153846153846156,2026-09-09,False,True,0.46153846153846156,0.46153846153846156,2026-09-09,False,True,0.46153846153846156,0.46153846153846156,2026-09-09,False,True,0.46153846153846156,0.46153846153846156,2026-09-09,False,False,,,,False,,,,True,True,True,True,True,late_in_run_extension
84132,Mob Psycho 100 Celebrates Its 10th Anniversary,amc-alderwood-mall-16,AMC Alderwood Mall 16,rerelease,anniversary_or_rerelease,confirmed_complete,2026-07-20,2026-07-20,2026-07-06,Monday,1.0,False,0,93,552,0.1685,0,0,0,0,0,True,True,1.0,1.0,2026-07-20,True,True,1.0,1.0,2026-07-20,True,True,1.0,1.0,2026-07-20,True,True,1.0,1.0,2026-07-20,True,True,1.0,1.0,True,True,1.0,1.0,True,False,False,False,False,False,not_extended_on_first_snapshot
84132,Mob Psycho 100 Celebrates Its 10th Anniversary,amc-southcenter-16,AMC Southcenter 16,rerelease,anniversary_or_rerelease,confirmed_complete,2026-07-20,2026-07-20,2026-07-06,Monday,1.0,False,0,115,538,0.2138,0,0,0,0,0,True,True,1.0,1.0,2026-07-20,True,True,1.0,1.0,2026-07-20,True,True,1.0,1.0,2026-07-20,True,True,1.0,1.0,2026-07-20,True,True,1.0,1.0,True,True,1.0,1.0,True,False,False,False,False,False,not_extended_on_first_snapshot
83470,Motor City,amc-alderwood-mall-16,AMC Alderwood Mall 16,ordinary,standard,confirmed_complete,2026-07-23,2026-08-06,2026-07-09,Thursday,0.05555555555555555,True,14,172,552,0.3116,13,19,20,27,27,False,True,0.05555555555555555,0.06666666666666667,2026-07-23,False,True,0.08333333333333333,0.13333333333333333,2026-07-24,False,True,0.1111111111111111,0.2,2026-07-25,False,True,0.1388888888888889,0.26666666666666666,2026-07-26,False,True,0.2222222222222222,0.4666666666666667,False,True,0.2222222222222222,0.4666666666666667,False,True,True,True,True,True,late_in_run_extension
83470,Motor City,amc-kent-station-14,AMC Kent Station 14,ordinary,standard,confirmed_complete,2026-07-23,2026-07-29,2026-07-09,Thursday,0.09523809523809523,True,6,166,517,0.3211,12,12,12,12,6,True,True,0.09523809523809523,0.14285714285714285,2026-07-23,False,True,0.14285714285714285,0.2857142857142857,2026-07-24,False,True,0.19047619047619047,0.42857142857142855,2026-07-25,False,True,0.23809523809523808,0.5714285714285714,2026-07-26,False,True,0.38095238095238093,1.0,True,True,0.38095238095238093,1.0,True,True,True,True,False,False,pre_opening_rollout_after_48h
83470,Motor City,amc-pacific-place-11,AMC Pacific Place 11,ordinary,standard,confirmed_complete,2026-07-23,2026-07-29,2026-07-21,Tuesday,0.23809523809523808,True,5,349,349,1.0,1,1,1,3,1,True,True,0.23809523809523808,0.2857142857142857,2026-07-24,False,True,0.9047619047619048,1.0,2026-07-29,True,True,0.9047619047619048,1.0,2026-07-29,True,True,1.0,1.0,2026-07-29,True,False,,,,False,,,,True,False,False,False,False,immediate_rollout_within_48h
83470,Motor City,amc-southcenter-16,AMC Southcenter 16,ordinary,standard,confirmed_complete,2026-07-23,2026-08-05,2026-07-09,Thursday,0.06060606060606061,True,13,199,538,0.3699,12,20,20,20,20,False,True,0.06060606060606061,0.07142857142857142,2026-07-23,False,True,0.09090909090909091,0.14285714285714285,2026-07-24,False,True,0.12121212121212122,0.21428571428571427,2026-07-25,False,True,0.15151515151515152,0.2857142857142857,2026-07-26,False,True,0.24242424242424243,0.5,False,True,0.24242424242424243,0.5,False,True,True,True,True,True,late_in_run_extension
83470,Motor City,amc-woodinville-12,AMC Woodinville 12,ordinary,standard,confirmed_complete,2026-07-23,2026-07-29,2026-07-21,Tuesday,0.8888888888888888,False,0,382,408,0.9363,0,0,1,1,0,True,True,0.8888888888888888,0.8571428571428571,2026-07-29,True,True,1.0,1.0,2026-07-29,True,True,1.0,1.0,2026-07-29,True,True,1.0,1.0,2026-07-29,True,False,,,,False,,,,False,False,False,False,False,not_extended_on_first_snapshot
84504,Mr. Hero,amc-southcenter-16,AMC Southcenter 16,ordinary,standard,confirmed_complete,2026-08-07,2026-08-13,2026-08-05,Wednesday,0.8888888888888888,True,1,579,650,0.8908,0,0,7,7,7,False,True,0.8888888888888888,0.8571428571428571,2026-08-12,False,True,0.8888888888888888,0.8571428571428571,2026-08-12,False,True,0.8888888888888888,0.8571428571428571,2026-08-12,False,True,0.8888888888888888,0.8571428571428571,2026-08-12,False,False,,,,False,,,,True,True,True,True,True,late_in_run_extension
84372,MST3K: The RiffTrax Experiments - Sting of Death,amc-alderwood-mall-16,AMC Alderwood Mall 16,special_event,concert_or_event,confirmed_complete,2026-09-09,2026-09-13,2026-08-26,Wednesday,0.3333333333333333,True,4,124,481,0.2578,4,10,10,10,4,True,True,0.3333333333333333,0.5,2026-09-09,False,True,0.3333333333333333,0.5,2026-09-09,False,True,0.3333333333333333,0.5,2026-09-09,False,True,0.3333333333333333,0.5,2026-09-09,False,True,0.6666666666666666,1.0,True,True,1.0,1.0,True,True,True,True,False,False,pre_opening_rollout_after_48h
84372,MST3K: The RiffTrax Experiments - Sting of Death,amc-kent-station-14,AMC Kent Station 14,special_event,concert_or_event,confirmed_complete,2026-09-09,2026-09-13,2026-08-26,Wednesday,0.5,True,4,84,458,0.1834,0,4,4,4,4,True,True,0.5,0.5,2026-09-09,False,True,0.5,0.5,2026-09-09,False,True,0.5,0.5,2026-09-09,False,True,0.5,0.5,2026-09-09,False,True,1.0,1.0,True,True,1.0,1.0,True,True,True,True,False,False,pre_opening_rollout_after_48h
84372,MST3K: The RiffTrax Experiments - Sting of Death,amc-southcenter-16,AMC Southcenter 16,special_event,concert_or_event,confirmed_complete,2026-09-09,2026-09-13,2026-08-26,Wednesday,0.5,True,4,159,478,0.3326,0,4,4,4,4,True,True,0.5,0.5,2026-09-09,False,True,0.5,0.5,2026-09-09,False,True,0.5,0.5,2026-09-09,False,True,0.5,0.5,2026-09-09,False,True,1.0,1.0,True,True,1.0,1.0,True,True,True,True,False,False,pre_opening_rollout_after_48h
84372,MST3K: The RiffTrax Experiments - Sting of Death,amc-woodinville-12,AMC Woodinville 12,special_event,concert_or_event,confirmed_complete,2026-09-09,2026-09-13,2026-08-26,Wednesday,0.3333333333333333,True,4,84,342,0.2456,4,14,14,14,4,True,True,0.3333333333333333,0.5,2026-09-09,False,True,0.3333333333333333,0.5,2026-09-09,False,True,0.3333333333333333,0.5,2026-09-09,False,True,0.3333333333333333,0.5,2026-09-09,False,True,0.6666666666666666,1.0,True,True,0.6666666666666666,1.0,True,True,True,True,False,False,pre_opening_rollout_after_48h
83813,Muppet Treasure Island,amc-alderwood-mall-16,AMC Alderwood Mall 16,ordinary,standard,confirmed_complete,2026-08-10,2026-08-12,2026-07-27,Monday,0.5,True,2,124,609,0.2036,0,2,2,2,2,True,True,0.5,0.5,2026-08-10,False,True,0.5,0.5,2026-08-10,False,True,1.0,1.0,2026-08-12,True,True,1.0,1.0,2026-08-12,True,True,1.0,1.0,True,True,1.0,1.0,True,True,False,False,False,False,immediate_rollout_within_48h
83813,Muppet Treasure Island,amc-kent-station-14,AMC Kent Station 14,ordinary,standard,confirmed_complete,2026-08-10,2026-08-12,2026-07-27,Monday,0.5,True,2,102,607,0.168,0,2,2,2,2,True,True,0.5,0.5,2026-08-10,False,True,0.5,0.5,2026-08-10,False,True,1.0,1.0,2026-08-12,True,True,1.0,1.0,2026-08-12,True,True,1.0,1.0,True,True,1.0,1.0,True,True,False,False,False,False,immediate_rollout_within_48h
83813,Muppet Treasure Island,amc-southcenter-16,AMC Southcenter 16,ordinary,standard,confirmed_complete,2026-08-10,2026-08-12,2026-07-27,Monday,0.5,True,2,136,650,0.2092,0,2,2,2,2,True,True,0.5,0.5,2026-08-10,False,True,0.5,0.5,2026-08-10,False,True,1.0,1.0,2026-08-12,True,True,1.0,1.0,2026-08-12,True,True,1.0,1.0,True,True,1.0,1.0,True,True,False,False,False,False,immediate_rollout_within_48h
83813,Muppet Treasure Island,amc-woodinville-12,AMC Woodinville 12,ordinary,standard,confirmed_complete,2026-08-10,2026-08-12,2026-07-27,Monday,0.5,True,2,81,399,0.203,0,2,2,2,2,True,True,0.5,0.5,2026-08-10,False,True,0.5,0.5,2026-08-10,False,True,1.0,1.0,2026-08-12,True,True,1.0,1.0,2026-08-12,True,True,1.0,1.0,True,True,1.0,1.0,True,True,False,False,False,False,immediate_rollout_within_48h
79550,Mutiny,amc-alderwood-mall-16,AMC Alderwood Mall 16,ordinary,standard,confirmed_complete,2026-08-20,2026-09-08,2026-08-06,Thursday,0.0379746835443038,True,19,249,579,0.4301,20,20,20,27,27,False,True,0.0379746835443038,0.05,2026-08-20,False,True,0.10126582278481013,0.1,2026-08-21,False,True,0.16455696202531644,0.15,2026-08-22,False,True,0.22784810126582278,0.2,2026-08-23,False,True,0.4177215189873418,0.35,False,True,0.4177215189873418,0.35,False,True,True,True,True,True,late_in_run_extension
79550,Mutiny,amc-factoria-8,AMC Factoria 8,ordinary,standard,confirmed_complete,2026-08-20,2026-09-03,2026-08-06,Thursday,0.05454545454545454,True,14,96,285,0.3368,6,19,22,28,26,False,True,0.05454545454545454,0.06666666666666667,2026-08-20,False,True,0.14545454545454545,0.13333333333333333,2026-08-21,False,True,0.23636363636363636,0.2,2026-08-22,False,True,0.32727272727272727,0.26666666666666666,2026-08-23,False,True,0.6181818181818182,0.5333333333333333,False,True,0.6909090909090909,0.5333333333333333,False,True,True,True,True,True,late_in_run_extension
79550,Mutiny,amc-kent-station-14,AMC Kent Station 14,ordinary,standard,confirmed_complete,2026-08-20,2026-09-08,2026-08-13,Thursday,0.0379746835443038,True,12,494,555,0.8901,5,12,19,19,19,False,True,0.0379746835443038,0.05,2026-08-27,False,True,0.08860759493670886,0.1,2026-08-28,False,True,0.13924050632911392,0.15,2026-08-29,False,True,0.189873417721519,0.2,2026-08-30,False,True,0.0379746835443038,0.05,False,True,0.24050632911392406,0.25,False,True,True,True,True,True,late_in_run_extension
79550,Mutiny,amc-oak-tree-6,AMC Oak Tree 6,ordinary,standard,confirmed_complete,2026-08-20,2026-09-02,2026-08-18,Tuesday,0.07407407407407407,True,13,184,184,1.0,1,1,8,8,8,False,True,0.07407407407407407,0.08333333333333333,2026-08-20,False,True,0.8148148148148148,0.5833333333333334,2026-08-26,False,True,0.8148148148148148,0.5833333333333334,2026-08-26,False,True,0.8148148148148148,0.5833333333333334,2026-08-26,False,False,,,,False,,,,True,True,True,True,True,late_in_run_extension
79550,Mutiny,amc-pacific-place-11,AMC Pacific Place 11,ordinary,standard,confirmed_complete,2026-08-20,2026-09-03,2026-08-06,Thursday,0.06976744186046512,True,14,164,327,0.5015,5,19,20,26,26,False,True,0.06976744186046512,0.06666666666666667,2026-08-20,False,True,0.16279069767441862,0.13333333333333333,2026-08-21,False,True,0.2558139534883721,0.2,2026-08-22,False,True,0.3488372093023256,0.26666666666666666,2026-08-23,False,True,0.6511627906976745,0.5333333333333333,False,True,0.6744186046511628,0.5333333333333333,False,True,True,True,True,True,late_in_run_extension
79550,Mutiny,amc-southcenter-16,AMC Southcenter 16,ordinary,standard,confirmed_complete,2026-08-20,2026-09-08,2026-08-06,Thursday,0.041666666666666664,True,19,240,551,0.4356,19,20,20,27,27,False,True,0.041666666666666664,0.05,2026-08-20,False,True,0.1111111111111111,0.1,2026-08-21,False,True,0.18055555555555555,0.15,2026-08-22,False,True,0.25,0.2,2026-08-23,False,True,0.4583333333333333,0.35,False,True,0.4583333333333333,0.35,False,True,True,True,True,True,late_in_run_extension
79550,Mutiny,amc-woodinville-12,AMC Woodinville 12,ordinary,standard,confirmed_complete,2026-08-20,2026-09-02,2026-08-06,Thursday,0.05,True,13,129,395,0.3266,6,20,20,20,20,False,True,0.05,0.07142857142857142,2026-08-20,False,True,0.13333333333333333,0.14285714285714285,2026-08-21,False,True,0.21666666666666667,0.21428571428571427,2026-08-22,False,True,0.3,0.2857142857142857,2026-08-23,False,True,0.55,0.5,False,True,0.55,0.5,False,True,True,True,True,True,late_in_run_extension
84070,Namaslay,amc-southcenter-16,AMC Southcenter 16,ordinary,standard,confirmed_complete,2026-08-13,2026-08-19,2026-07-30,Thursday,0.13333333333333333,True,6,267,650,0.4108,6,13,13,13,6,True,True,0.13333333333333333,0.14285714285714285,2026-08-13,False,True,0.2,0.2857142857142857,2026-08-14,False,True,0.26666666666666666,0.42857142857142855,2026-08-15,False,True,0.3333333333333333,0.5714285714285714,2026-08-16,False,True,0.5333333333333333,1.0,True,True,0.5333333333333333,1.0,True,True,True,True,False,False,pre_opening_rollout_after_48h
84730,NCT 127 5TH TOUR `NEO CITY : SEOUL - THE REDLINE' in CINEMAS,amc-alderwood-mall-16,AMC Alderwood Mall 16,special_event,concert_or_event,confirmed_complete,2026-09-20,2026-09-20,2026-09-03,Thursday,1.0,False,0,133,482,0.2759,0,0,0,0,0,True,True,1.0,1.0,2026-09-20,True,True,1.0,1.0,2026-09-20,True,True,1.0,1.0,2026-09-20,True,True,1.0,1.0,2026-09-20,True,True,1.0,1.0,True,True,1.0,1.0,True,False,False,False,False,False,not_extended_on_first_snapshot
84338,Never Stop Chasing,amc-alderwood-mall-16,AMC Alderwood Mall 16,ordinary,standard,confirmed_complete,2026-08-20,2026-08-27,2026-08-06,Thursday,0.06060606060606061,True,7,249,579,0.4301,4,13,13,20,20,False,True,0.06060606060606061,0.125,2026-08-20,False,True,0.18181818181818182,0.25,2026-08-21,False,True,0.30303030303030304,0.375,2026-08-22,False,True,0.42424242424242425,0.5,2026-08-23,False,True,0.7878787878787878,0.875,False,True,0.7878787878787878,0.875,False,True,True,True,True,True,late_in_run_extension
84338,Never Stop Chasing,amc-southcenter-16,AMC Southcenter 16,ordinary,standard,confirmed_complete,2026-08-20,2026-08-26,2026-08-06,Thursday,0.08333333333333333,True,6,240,551,0.4356,5,13,13,13,6,True,True,0.08333333333333333,0.14285714285714285,2026-08-20,False,True,0.16666666666666666,0.2857142857142857,2026-08-21,False,True,0.25,0.42857142857142855,2026-08-22,False,True,0.3333333333333333,0.5714285714285714,2026-08-23,False,True,0.5833333333333334,1.0,True,True,0.5833333333333334,1.0,True,True,True,True,False,False,pre_opening_rollout_after_48h
84085,Night Nurse,amc-kent-station-14,AMC Kent Station 14,ordinary,standard,confirmed_complete,2026-07-09,2026-07-16,2026-07-07,Tuesday,0.875,True,1,550,550,1.0,0,0,7,7,7,False,True,0.875,0.875,2026-07-15,False,True,0.875,0.875,2026-07-15,False,True,0.875,0.875,2026-07-15,False,True,0.875,0.875,2026-07-15,False,False,,,,False,,,,True,True,True,True,True,late_in_run_extension
84085,Night Nurse,amc-southcenter-16,AMC Southcenter 16,ordinary,standard,confirmed_complete,2026-07-09,2026-07-15,2026-07-01,Wednesday,0.5,False,0,595,644,0.9239,0,7,7,7,0,True,True,0.5,1.0,2026-07-15,True,True,0.5,1.0,2026-07-15,True,True,0.5,1.0,2026-07-15,True,True,0.5,1.0,2026-07-15,True,True,0.5,1.0,True,True,0.5,1.0,True,False,False,False,False,False,not_extended_on_first_snapshot
83495,Nimrods,amc-alderwood-mall-16,AMC Alderwood Mall 16,ordinary,standard,confirmed_complete,2026-08-13,2026-08-19,2026-07-30,Thursday,0.14285714285714285,True,6,243,609,0.399,3,5,6,6,6,True,True,0.14285714285714285,0.14285714285714285,2026-08-13,False,True,0.2857142857142857,0.2857142857142857,2026-08-14,False,True,0.42857142857142855,0.42857142857142855,2026-08-15,False,True,0.5714285714285714,0.5714285714285714,2026-08-16,False,True,1.0,1.0,True,True,1.0,1.0,True,True,True,True,False,False,pre_opening_rollout_after_48h
83495,Nimrods,amc-kent-station-14,AMC Kent Station 14,ordinary,standard,confirmed_complete,2026-08-13,2026-08-20,2026-08-11,Tuesday,0.9333333333333333,True,1,607,607,1.0,0,0,0,7,7,False,True,0.9333333333333333,0.875,2026-08-19,False,True,0.9333333333333333,0.875,2026-08-19,False,True,0.9333333333333333,0.875,2026-08-19,False,True,0.9333333333333333,0.875,2026-08-19,False,False,,,,False,,,,True,True,True,True,True,late_in_run_extension
83495,Nimrods,amc-pacific-place-11,AMC Pacific Place 11,ordinary,standard,confirmed_complete,2026-08-13,2026-08-20,2026-08-11,Tuesday,0.375,True,5,331,331,1.0,1,1,7,7,7,False,True,0.375,0.375,2026-08-15,False,True,0.875,0.875,2026-08-19,False,True,0.875,0.875,2026-08-19,False,True,0.875,0.875,2026-08-19,False,False,,,,False,,,,True,True,True,True,True,late_in_run_extension
83495,Nimrods,amc-southcenter-16,AMC Southcenter 16,ordinary,standard,confirmed_complete,2026-08-13,2026-08-19,2026-07-30,Thursday,0.10526315789473684,True,6,267,650,0.4108,4,13,13,13,6,True,True,0.10526315789473684,0.14285714285714285,2026-08-13,False,True,0.21052631578947367,0.2857142857142857,2026-08-14,False,True,0.3157894736842105,0.42857142857142855,2026-08-15,False,True,0.42105263157894735,0.5714285714285714,2026-08-16,False,True,0.7368421052631579,1.0,True,True,0.7368421052631579,1.0,True,True,True,True,False,False,pre_opening_rollout_after_48h
83495,Nimrods,amc-woodinville-12,AMC Woodinville 12,ordinary,standard,confirmed_complete,2026-08-13,2026-08-19,2026-08-11,Tuesday,1.0,False,0,399,399,1.0,0,0,0,0,0,True,True,1.0,1.0,2026-08-19,True,True,1.0,1.0,2026-08-19,True,True,1.0,1.0,2026-08-19,True,True,1.0,1.0,2026-08-19,True,False,,,,False,,,,False,False,False,False,False,not_extended_on_first_snapshot
84421,Nimrods Early Access – Green Day Intro + Bonus Performance,amc-alderwood-mall-16,AMC Alderwood Mall 16,special_event,special_introduction,confirmed_complete,2026-08-11,2026-08-11,2026-07-28,Tuesday,1.0,False,0,153,609,0.2512,0,0,0,0,0,True,True,1.0,1.0,2026-08-11,True,True,1.0,1.0,2026-08-11,True,True,1.0,1.0,2026-08-11,True,True,1.0,1.0,2026-08-11,True,True,1.0,1.0,True,True,1.0,1.0,True,False,False,False,False,False,not_extended_on_first_snapshot
84421,Nimrods Early Access – Green Day Intro + Bonus Performance,amc-kent-station-14,AMC Kent Station 14,special_event,special_introduction,confirmed_complete,2026-08-11,2026-08-11,2026-07-28,Tuesday,1.0,False,0,127,607,0.2092,0,0,0,0,0,True,True,1.0,1.0,2026-08-11,True,True,1.0,1.0,2026-08-11,True,True,1.0,1.0,2026-08-11,True,True,1.0,1.0,2026-08-11,True,True,1.0,1.0,True,True,1.0,1.0,True,False,False,False,False,False,not_extended_on_first_snapshot
84421,Nimrods Early Access – Green Day Intro + Bonus Performance,amc-southcenter-16,AMC Southcenter 16,special_event,special_introduction,confirmed_complete,2026-08-11,2026-08-11,2026-07-28,Tuesday,1.0,False,0,169,650,0.26,0,0,0,0,0,True,True,1.0,1.0,2026-08-11,True,True,1.0,1.0,2026-08-11,True,True,1.0,1.0,2026-08-11,True,True,1.0,1.0,2026-08-11,True,True,1.0,1.0,True,True,1.0,1.0,True,False,False,False,False,False,not_extended_on_first_snapshot
84421,Nimrods Early Access – Green Day Intro + Bonus Performance,amc-woodinville-12,AMC Woodinville 12,special_event,special_introduction,confirmed_complete,2026-08-11,2026-08-11,2026-07-28,Tuesday,1.0,False,0,101,399,0.2531,0,0,0,0,0,True,True,1.0,1.0,2026-08-11,True,True,1.0,1.0,2026-08-11,True,True,1.0,1.0,2026-08-11,True,True,1.0,1.0,2026-08-11,True,True,1.0,1.0,True,True,1.0,1.0,True,False,False,False,False,False,not_extended_on_first_snapshot
84659,"NO LIMBS, NO LIMITS: The NickV Story",amc-alderwood-mall-16,AMC Alderwood Mall 16,special_event,concert_or_event,confirmed_complete,2026-09-26,2026-09-27,2026-09-03,Thursday,1.0,False,0,77,466,0.1652,0,0,0,0,0,True,True,1.0,1.0,2026-09-27,True,True,1.0,1.0,2026-09-27,True,True,1.0,1.0,2026-09-27,True,True,1.0,1.0,2026-09-27,True,True,1.0,1.0,True,True,1.0,1.0,True,False,False,False,False,False,not_extended_on_first_snapshot
83884,Oasis: Don't Look Back in Anger,amc-alderwood-mall-16,AMC Alderwood Mall 16,ordinary,standard,confirmed_complete,2026-09-10,2026-09-23,2026-08-27,Thursday,0.05555555555555555,True,13,157,481,0.3264,6,13,20,20,20,False,True,0.05555555555555555,0.07142857142857142,2026-09-10,False,True,0.1388888888888889,0.14285714285714285,2026-09-11,False,True,0.2222222222222222,0.21428571428571427,2026-09-12,False,True,0.2777777777777778,0.2857142857142857,2026-09-13,False,True,0.5277777777777778,0.5,False,True,0.7222222222222222,0.5,False,True,True,True,True,True,late_in_run_extension
83884,Oasis: Don't Look Back in Anger,amc-kent-station-14,AMC Kent Station 14,ordinary,standard,confirmed_complete,2026-09-10,2026-09-24,2026-08-27,Thursday,0.08333333333333333,True,14,120,458,0.262,9,19,19,26,26,False,True,0.08333333333333333,0.06666666666666667,2026-09-10,False,True,0.1111111111111111,0.13333333333333333,2026-09-11,False,True,0.1388888888888889,0.2,2026-09-12,False,True,0.1388888888888889,0.2,2026-09-12,False,True,0.16666666666666666,0.26666666666666666,False,True,0.6111111111111112,0.4666666666666667,False,True,True,True,True,True,late_in_run_extension
83884,Oasis: Don't Look Back in Anger,amc-southcenter-16,AMC Southcenter 16,ordinary,standard,confirmed_complete,2026-09-10,2026-09-23,2026-08-27,Thursday,0.08823529411764706,True,13,193,478,0.4038,5,20,20,20,20,False,True,0.08823529411764706,0.07142857142857142,2026-09-10,False,True,0.17647058823529413,0.14285714285714285,2026-09-11,False,True,0.2647058823529412,0.21428571428571427,2026-09-12,False,True,0.35294117647058826,0.2857142857142857,2026-09-13,False,True,0.5294117647058824,0.5,False,True,0.6764705882352942,0.5,False,True,True,True,True,True,late_in_run_extension
83884,Oasis: Don't Look Back in Anger,amc-woodinville-12,AMC Woodinville 12,ordinary,standard,confirmed_complete,2026-09-10,2026-09-23,2026-08-27,Thursday,0.10344827586206896,True,13,101,342,0.2953,4,19,19,19,19,False,True,0.10344827586206896,0.07142857142857142,2026-09-10,False,True,0.20689655172413793,0.14285714285714285,2026-09-11,False,True,0.3448275862068966,0.21428571428571427,2026-09-12,False,True,0.4482758620689655,0.2857142857142857,2026-09-13,False,True,0.6206896551724138,0.42857142857142855,False,True,0.6206896551724138,0.42857142857142855,False,True,True,True,True,True,late_in_run_extension
84712,Oasis: Don’t Look Back In Anger IMAX Early Access,amc-alderwood-mall-16,AMC Alderwood Mall 16,special_event,concert_or_event,confirmed_complete,2026-09-09,2026-09-09,2026-08-26,Wednesday,1.0,False,0,124,481,0.2578,0,0,0,0,0,True,True,1.0,1.0,2026-09-09,True,True,1.0,1.0,2026-09-09,True,True,1.0,1.0,2026-09-09,True,True,1.0,1.0,2026-09-09,True,True,1.0,1.0,True,True,1.0,1.0,True,False,False,False,False,False,not_extended_on_first_snapshot
84712,Oasis: Don’t Look Back In Anger IMAX Early Access,amc-kent-station-14,AMC Kent Station 14,special_event,concert_or_event,confirmed_complete,2026-09-09,2026-09-09,2026-08-26,Wednesday,1.0,False,0,84,458,0.1834,0,0,0,0,0,True,True,1.0,1.0,2026-09-09,True,True,1.0,1.0,2026-09-09,True,True,1.0,1.0,2026-09-09,True,True,1.0,1.0,2026-09-09,True,True,1.0,1.0,True,True,1.0,1.0,True,False,False,False,False,False,not_extended_on_first_snapshot
84712,Oasis: Don’t Look Back In Anger IMAX Early Access,amc-southcenter-16,AMC Southcenter 16,special_event,concert_or_event,confirmed_complete,2026-09-09,2026-09-09,2026-08-26,Wednesday,1.0,False,0,159,478,0.3326,0,0,0,0,0,True,True,1.0,1.0,2026-09-09,True,True,1.0,1.0,2026-09-09,True,True,1.0,1.0,2026-09-09,True,True,1.0,1.0,2026-09-09,True,True,1.0,1.0,True,True,1.0,1.0,True,False,False,False,False,False,not_extended_on_first_snapshot
82063,Obsession,amc-factoria-8,AMC Factoria 8,ordinary,standard,confirmed_complete,2026-07-01,2026-07-16,2026-06-30,Tuesday,0.7674418604651163,True,8,162,162,1.0,0,7,7,14,14,False,True,0.7674418604651163,0.5,2026-07-08,False,True,0.7674418604651163,0.5,2026-07-08,False,True,0.7674418604651163,0.5,2026-07-08,False,True,0.7674418604651163,0.5,2026-07-08,False,False,,,,False,,,,True,True,True,True,True,late_in_run_extension
82063,Obsession,amc-oak-tree-6,AMC Oak Tree 6,ordinary,standard,confirmed_complete,2026-07-02,2026-07-09,2026-06-30,Tuesday,0.13333333333333333,True,7,110,110,1.0,1,1,1,7,7,False,True,0.13333333333333333,0.125,2026-07-02,False,True,0.9333333333333333,0.875,2026-07-08,False,True,0.9333333333333333,0.875,2026-07-08,False,True,0.9333333333333333,0.875,2026-07-08,False,False,,,,False,,,,True,True,True,True,True,late_in_run_extension
84399,Oh Sukumari,amc-alderwood-mall-16,AMC Alderwood Mall 16,ordinary,standard,confirmed_complete,2026-07-16,2026-07-22,2026-07-15,Wednesday,1.0,False,0,571,572,0.9983,0,0,0,0,0,True,True,1.0,1.0,2026-07-22,True,True,1.0,1.0,2026-07-22,True,True,1.0,1.0,2026-07-22,True,True,1.0,1.0,2026-07-22,True,False,,,,False,,,,False,False,False,False,False,not_extended_on_first_snapshot
84399,Oh Sukumari,amc-pacific-place-11,AMC Pacific Place 11,ordinary,standard,confirmed_complete,2026-07-16,2026-07-23,2026-07-14,Tuesday,0.7777777777777778,True,3,327,327,1.0,0,1,1,7,7,False,True,0.7777777777777778,0.625,2026-07-20,False,True,0.9444444444444444,0.875,2026-07-22,False,True,0.9444444444444444,0.875,2026-07-22,False,True,0.9444444444444444,0.875,2026-07-22,False,False,,,,False,,,,True,True,True,True,True,late_in_run_extension
83588,Only Yesterday 35th Anniversary - Studio Ghibli Fest 2026,amc-alderwood-mall-16,AMC Alderwood Mall 16,rerelease,anniversary_or_rerelease,confirmed_complete,2026-08-09,2026-08-11,2026-07-26,Sunday,0.6666666666666666,True,2,93,609,0.1527,0,2,2,2,2,True,True,0.6666666666666666,0.5,2026-08-09,False,True,0.6666666666666666,0.5,2026-08-09,False,True,1.0,1.0,2026-08-11,True,True,1.0,1.0,2026-08-11,True,True,1.0,1.0,True,True,1.0,1.0,True,True,False,False,False,False,immediate_rollout_within_48h
83588,Only Yesterday 35th Anniversary - Studio Ghibli Fest 2026,amc-kent-station-14,AMC Kent Station 14,rerelease,anniversary_or_rerelease,confirmed_complete,2026-08-09,2026-08-11,2026-07-26,Sunday,0.4,True,2,75,607,0.1236,2,9,9,9,2,True,True,0.4,0.5,2026-08-09,False,True,0.4,0.5,2026-08-09,False,True,0.6,1.0,2026-08-11,True,True,0.6,1.0,2026-08-11,True,True,0.6,1.0,True,True,1.0,1.0,True,True,False,False,False,False,immediate_rollout_within_48h
83588,Only Yesterday 35th Anniversary - Studio Ghibli Fest 2026,amc-southcenter-16,AMC Southcenter 16,rerelease,anniversary_or_rerelease,confirmed_complete,2026-08-09,2026-08-11,2026-07-26,Sunday,0.6666666666666666,True,2,101,650,0.1554,0,2,2,2,2,True,True,0.6666666666666666,0.5,2026-08-09,False,True,0.6666666666666666,0.5,2026-08-09,False,True,1.0,1.0,2026-08-11,True,True,1.0,1.0,2026-08-11,True,True,1.0,1.0,True,True,1.0,1.0,True,True,False,False,False,False,immediate_rollout_within_48h
83588,Only Yesterday 35th Anniversary - Studio Ghibli Fest 2026,amc-woodinville-12,AMC Woodinville 12,rerelease,anniversary_or_rerelease,confirmed_complete,2026-08-09,2026-08-11,2026-07-26,Sunday,0.6666666666666666,True,2,60,399,0.1504,0,2,2,2,2,True,True,0.6666666666666666,0.5,2026-08-09,False,True,0.6666666666666666,0.5,2026-08-09,False,True,1.0,1.0,2026-08-11,True,True,1.0,1.0,2026-08-11,True,True,1.0,1.0,True,True,1.0,1.0,True,True,False,False,False,False,immediate_rollout_within_48h
84108,Onslaught,amc-alderwood-mall-16,AMC Alderwood Mall 16,ordinary,standard,confirmed_complete,2026-09-03,2026-09-16,2026-08-21,Friday,0.15555555555555556,True,12,146,557,0.2621,4,12,19,19,19,False,True,0.15555555555555556,0.14285714285714285,2026-09-04,False,True,0.24444444444444444,0.21428571428571427,2026-09-05,False,True,0.3333333333333333,0.2857142857142857,2026-09-06,False,True,0.4222222222222222,0.35714285714285715,2026-09-07,False,True,0.6,0.5,False,True,0.6,0.5,False,True,True,True,True,True,late_in_run_extension
84108,Onslaught,amc-kent-station-14,AMC Kent Station 14,ordinary,standard,confirmed_complete,2026-09-03,2026-09-17,2026-08-21,Friday,0.16279069767441862,True,13,133,479,0.2777,4,11,19,25,25,False,True,0.16279069767441862,0.13333333333333333,2026-09-04,False,True,0.2558139534883721,0.2,2026-09-05,False,True,0.3488372093023256,0.26666666666666666,2026-09-06,False,True,0.4418604651162791,0.3333333333333333,2026-09-07,False,True,0.627906976744186,0.5333333333333333,False,True,0.627906976744186,0.5333333333333333,False,True,True,True,True,True,late_in_run_extension
84108,Onslaught,amc-pacific-place-11,AMC Pacific Place 11,ordinary,standard,confirmed_complete,2026-09-03,2026-09-16,2026-08-21,Friday,0.13157894736842105,True,12,144,283,0.5088,4,11,19,19,19,False,True,0.13157894736842105,0.14285714285714285,2026-09-04,False,True,0.23684210526315788,0.21428571428571427,2026-09-05,False,True,0.34210526315789475,0.2857142857142857,2026-09-06,False,True,0.4473684210526316,0.35714285714285715,2026-09-07,False,True,0.7631578947368421,0.5714285714285714,False,True,0.7631578947368421,0.5714285714285714,False,True,True,True,True,True,late_in_run_extension
84108,Onslaught,amc-southcenter-16,AMC Southcenter 16,ordinary,standard,confirmed_complete,2026-09-03,2026-09-16,2026-08-21,Friday,0.20454545454545456,True,12,140,507,0.2761,3,12,19,19,19,False,True,0.20454545454545456,0.14285714285714285,2026-09-04,False,True,0.3181818181818182,0.21428571428571427,2026-09-05,False,True,0.4318181818181818,0.2857142857142857,2026-09-06,False,True,0.5454545454545454,0.35714285714285715,2026-09-07,False,True,0.75,0.5,False,True,0.75,0.5,False,True,True,True,True,True,late_in_run_extension
84108,Onslaught,amc-woodinville-12,AMC Woodinville 12,ordinary,standard,confirmed_complete,2026-09-03,2026-09-17,2026-08-21,Friday,0.2,True,13,125,397,0.3149,3,19,19,25,25,False,True,0.2,0.13333333333333333,2026-09-04,False,True,0.325,0.2,2026-09-05,False,True,0.45,0.26666666666666666,2026-09-06,False,True,0.55,0.3333333333333333,2026-09-07,False,True,0.75,0.4666666666666667,False,True,0.75,0.4666666666666667,False,True,True,True,True,True,late_in_run_extension
80137,Paper Flowers,amc-alderwood-mall-16,AMC Alderwood Mall 16,ordinary,standard,confirmed_complete,2026-08-20,2026-08-26,2026-08-06,Thursday,0.14285714285714285,True,6,249,579,0.4301,3,5,6,6,6,True,True,0.14285714285714285,0.14285714285714285,2026-08-20,False,True,0.2857142857142857,0.2857142857142857,2026-08-21,False,True,0.42857142857142855,0.42857142857142855,2026-08-22,False,True,0.5714285714285714,0.5714285714285714,2026-08-23,False,True,1.0,1.0,True,True,1.0,1.0,True,True,True,True,False,False,pre_opening_rollout_after_48h
80137,Paper Flowers,amc-pacific-place-11,AMC Pacific Place 11,ordinary,standard,confirmed_complete,2026-08-20,2026-08-26,2026-08-18,Tuesday,0.2857142857142857,True,5,327,327,1.0,1,1,1,1,1,True,True,0.2857142857142857,0.2857142857142857,2026-08-21,False,True,1.0,1.0,2026-08-26,True,True,1.0,1.0,2026-08-26,True,True,1.0,1.0,2026-08-26,True,False,,,,False,,,,True,False,False,False,False,immediate_rollout_within_48h
76344,PAW Patrol: The Dino Movie,amc-alderwood-mall-16,AMC Alderwood Mall 16,ordinary,standard,confirmed_complete,2026-08-13,2026-09-24,2026-07-30,Thursday,0.020134228187919462,True,42,243,609,0.399,27,34,41,55,55,False,True,0.020134228187919462,0.023255813953488372,2026-08-13,False,True,0.04697986577181208,0.046511627906976744,2026-08-14,False,True,0.0738255033557047,0.06976744186046512,2026-08-15,False,True,0.10067114093959731,0.09302325581395349,2026-08-16,False,True,0.18120805369127516,0.16279069767441862,False,True,0.18120805369127516,0.16279069767441862,False,True,True,True,True,True,late_in_run_extension
76344,PAW Patrol: The Dino Movie,amc-factoria-8,AMC Factoria 8,ordinary,standard,confirmed_complete,2026-08-13,2026-09-10,2026-07-30,Thursday,0.022727272727272728,True,28,127,271,0.4686,19,26,33,41,41,False,True,0.022727272727272728,0.034482758620689655,2026-08-13,False,True,0.05303030303030303,0.06896551724137931,2026-08-14,False,True,0.08333333333333333,0.10344827586206896,2026-08-15,False,True,0.11363636363636363,0.13793103448275862,2026-08-16,False,True,0.22727272727272727,0.27586206896551724,False,True,0.22727272727272727,0.27586206896551724,False,True,True,True,True,True,late_in_run_extension
76344,PAW Patrol: The Dino Movie,amc-kent-station-14,AMC Kent Station 14,ordinary,standard,confirmed_complete,2026-08-13,2026-09-08,2026-07-30,Thursday,0.0234375,True,26,194,607,0.3196,19,26,29,38,33,False,True,0.0234375,0.037037037037037035,2026-08-13,False,True,0.0546875,0.07407407407407407,2026-08-14,False,True,0.0859375,0.1111111111111111,2026-08-15,False,True,0.1171875,0.14814814814814814,2026-08-16,False,True,0.203125,0.2962962962962963,False,True,0.265625,0.4444444444444444,False,True,True,True,True,True,late_in_run_extension
76344,PAW Patrol: The Dino Movie,amc-oak-tree-6,AMC Oak Tree 6,ordinary,standard,confirmed_complete,2026-08-13,2026-08-26,2026-08-11,Tuesday,0.07017543859649122,True,13,195,195,1.0,1,8,8,8,8,False,True,0.07017543859649122,0.07142857142857142,2026-08-13,False,True,0.5087719298245614,0.5,2026-08-19,False,True,0.5087719298245614,0.5,2026-08-19,False,True,0.5087719298245614,0.5,2026-08-19,False,False,,,,False,,,,True,True,True,True,True,late_in_run_extension
76344,PAW Patrol: The Dino Movie,amc-pacific-place-11,AMC Pacific Place 11,ordinary,standard,confirmed_complete,2026-08-13,2026-08-27,2026-07-30,Thursday,0.04411764705882353,True,14,144,331,0.435,10,20,20,26,26,False,True,0.04411764705882353,0.06666666666666667,2026-08-13,False,True,0.10294117647058823,0.13333333333333333,2026-08-14,False,True,0.16176470588235295,0.2,2026-08-15,False,True,0.22058823529411764,0.26666666666666666,2026-08-16,False,True,0.4117647058823529,0.5333333333333333,False,True,0.5,0.7333333333333333,False,True,True,True,True,True,late_in_run_extension
76344,PAW Patrol: The Dino Movie,amc-southcenter-16,AMC Southcenter 16,ordinary,standard,confirmed_complete,2026-08-13,2026-09-16,2026-07-30,Thursday,0.0234375,True,34,267,650,0.4108,19,34,34,41,41,False,True,0.0234375,0.02857142857142857,2026-08-13,False,True,0.046875,0.05714285714285714,2026-08-14,False,True,0.0859375,0.08571428571428572,2026-08-15,False,True,0.1171875,0.11428571428571428,2026-08-16,False,True,0.234375,0.22857142857142856,False,True,0.328125,0.34285714285714286,False,True,True,True,True,True,late_in_run_extension
76344,PAW Patrol: The Dino Movie,amc-woodinville-12,AMC Woodinville 12,ordinary,standard,confirmed_complete,2026-08-13,2026-09-09,2026-07-30,Thursday,0.027522935779816515,True,27,176,399,0.4411,19,27,33,33,33,False,True,0.027522935779816515,0.03571428571428571,2026-08-13,False,True,0.06422018348623854,0.07142857142857142,2026-08-14,False,True,0.11009174311926606,0.10714285714285714,2026-08-15,False,True,0.1559633027522936,0.14285714285714285,2026-08-16,False,True,0.26605504587155965,0.25,False,True,0.26605504587155965,0.25,False,True,True,True,True,True,late_in_run_extension
84464,PAW Patrol: The Dino Movie - Early Access,amc-alderwood-mall-16,AMC Alderwood Mall 16,special_event,concert_or_event,confirmed_complete,2026-08-08,2026-08-08,2026-07-25,Saturday,1.0,False,0,61,609,0.1002,0,0,0,0,0,True,True,1.0,1.0,2026-08-08,True,True,1.0,1.0,2026-08-08,True,True,1.0,1.0,2026-08-08,True,True,1.0,1.0,2026-08-08,True,True,1.0,1.0,True,True,1.0,1.0,True,False,False,False,False,False,not_extended_on_first_snapshot
84464,PAW Patrol: The Dino Movie - Early Access,amc-kent-station-14,AMC Kent Station 14,special_event,concert_or_event,confirmed_complete,2026-08-08,2026-08-08,2026-07-25,Saturday,1.0,False,0,49,607,0.0807,0,0,0,0,0,True,True,1.0,1.0,2026-08-08,True,True,1.0,1.0,2026-08-08,True,True,1.0,1.0,2026-08-08,True,True,1.0,1.0,2026-08-08,True,True,1.0,1.0,True,True,1.0,1.0,True,False,False,False,False,False,not_extended_on_first_snapshot
84464,PAW Patrol: The Dino Movie - Early Access,amc-southcenter-16,AMC Southcenter 16,special_event,concert_or_event,confirmed_complete,2026-08-08,2026-08-08,2026-07-25,Saturday,1.0,False,0,61,650,0.0938,0,0,0,0,0,True,True,1.0,1.0,2026-08-08,True,True,1.0,1.0,2026-08-08,True,True,1.0,1.0,2026-08-08,True,True,1.0,1.0,2026-08-08,True,True,1.0,1.0,True,True,1.0,1.0,True,False,False,False,False,False,not_extended_on_first_snapshot
84464,PAW Patrol: The Dino Movie - Early Access,amc-woodinville-12,AMC Woodinville 12,special_event,concert_or_event,confirmed_complete,2026-08-08,2026-08-08,2026-07-25,Saturday,1.0,False,0,40,399,0.1003,0,0,0,0,0,True,True,1.0,1.0,2026-08-08,True,True,1.0,1.0,2026-08-08,True,True,1.0,1.0,2026-08-08,True,True,1.0,1.0,2026-08-08,True,True,1.0,1.0,True,True,1.0,1.0,True,False,False,False,False,False,not_extended_on_first_snapshot
84017,Pinocchio Unstrung,amc-alderwood-mall-16,AMC Alderwood Mall 16,ordinary,standard,confirmed_complete,2026-07-23,2026-07-29,2026-07-22,Wednesday,1.0,False,0,552,552,1.0,0,0,0,0,0,True,True,1.0,1.0,2026-07-29,True,True,1.0,1.0,2026-07-29,True,True,1.0,1.0,2026-07-29,True,True,1.0,1.0,2026-07-29,True,False,,,,False,,,,False,False,False,False,False,not_extended_on_first_snapshot
84017,Pinocchio Unstrung,amc-kent-station-14,AMC Kent Station 14,ordinary,standard,confirmed_complete,2026-07-23,2026-07-29,2026-07-21,Tuesday,1.0,False,0,516,517,0.9981,0,0,0,0,0,True,True,1.0,1.0,2026-07-29,True,True,1.0,1.0,2026-07-29,True,True,1.0,1.0,2026-07-29,True,True,1.0,1.0,2026-07-29,True,False,,,,False,,,,False,False,False,False,False,not_extended_on_first_snapshot
84017,Pinocchio Unstrung,amc-southcenter-16,AMC Southcenter 16,ordinary,standard,confirmed_complete,2026-07-23,2026-08-05,2026-07-21,Tuesday,0.25,True,10,538,538,1.0,1,8,8,8,8,False,True,0.25,0.2857142857142857,2026-07-26,False,True,0.5,0.5,2026-07-29,False,True,0.5,0.5,2026-07-29,False,True,0.5,0.5,2026-07-29,False,False,,,,False,,,,True,True,True,True,True,late_in_run_extension
84244,Point Break 35th Anniversary,amc-alderwood-mall-16,AMC Alderwood Mall 16,special_event,concert_or_event,confirmed_complete,2026-08-16,2026-08-19,2026-08-02,Sunday,0.6666666666666666,True,3,117,579,0.2021,0,3,3,3,3,True,True,0.6666666666666666,0.5,2026-08-16,False,True,0.6666666666666666,0.5,2026-08-16,False,True,0.6666666666666666,0.5,2026-08-16,False,True,1.0,1.0,2026-08-19,True,True,1.0,1.0,True,True,1.0,1.0,True,True,True,False,False,False,pre_opening_rollout_after_48h
84244,Point Break 35th Anniversary,amc-kent-station-14,AMC Kent Station 14,special_event,concert_or_event,confirmed_complete,2026-08-16,2026-08-19,2026-08-02,Sunday,0.6666666666666666,True,3,58,555,0.1045,0,3,3,3,3,True,True,0.6666666666666666,0.5,2026-08-16,False,True,0.6666666666666666,0.5,2026-08-16,False,True,0.6666666666666666,0.5,2026-08-16,False,True,1.0,1.0,2026-08-19,True,True,1.0,1.0,True,True,1.0,1.0,True,True,True,False,False,False,pre_opening_rollout_after_48h
84244,Point Break 35th Anniversary,amc-southcenter-16,AMC Southcenter 16,special_event,concert_or_event,confirmed_complete,2026-08-16,2026-08-19,2026-08-02,Sunday,0.6666666666666666,True,3,108,551,0.196,0,3,3,3,3,True,True,0.6666666666666666,0.5,2026-08-16,False,True,0.6666666666666666,0.5,2026-08-16,False,True,0.6666666666666666,0.5,2026-08-16,False,True,1.0,1.0,2026-08-19,True,True,1.0,1.0,True,True,1.0,1.0,True,True,True,False,False,False,pre_opening_rollout_after_48h
84597,Practical Magic,amc-alderwood-mall-16,AMC Alderwood Mall 16,special_event,concert_or_event,confirmed_complete,2026-08-11,2026-08-11,2026-07-30,Thursday,1.0,False,0,243,609,0.399,0,0,0,0,0,True,True,1.0,1.0,2026-08-11,True,True,1.0,1.0,2026-08-11,True,True,1.0,1.0,2026-08-11,True,True,1.0,1.0,2026-08-11,True,True,1.0,1.0,True,True,1.0,1.0,True,False,False,False,False,False,not_extended_on_first_snapshot
84597,Practical Magic,amc-kent-station-14,AMC Kent Station 14,special_event,concert_or_event,confirmed_complete,2026-08-11,2026-08-11,2026-07-30,Thursday,1.0,False,0,194,607,0.3196,0,0,0,0,0,True,True,1.0,1.0,2026-08-11,True,True,1.0,1.0,2026-08-11,True,True,1.0,1.0,2026-08-11,True,True,1.0,1.0,2026-08-11,True,True,1.0,1.0,True,True,1.0,1.0,True,False,False,False,False,False,not_extended_on_first_snapshot
84597,Practical Magic,amc-pacific-place-11,AMC Pacific Place 11,special_event,concert_or_event,confirmed_complete,2026-08-11,2026-08-11,2026-07-30,Thursday,1.0,False,0,144,331,0.435,0,0,0,0,0,True,True,1.0,1.0,2026-08-11,True,True,1.0,1.0,2026-08-11,True,True,1.0,1.0,2026-08-11,True,True,1.0,1.0,2026-08-11,True,True,1.0,1.0,True,True,1.0,1.0,True,False,False,False,False,False,not_extended_on_first_snapshot
84597,Practical Magic,amc-southcenter-16,AMC Southcenter 16,special_event,concert_or_event,confirmed_complete,2026-08-11,2026-08-11,2026-07-30,Thursday,1.0,False,0,267,650,0.4108,0,0,0,0,0,True,True,1.0,1.0,2026-08-11,True,True,1.0,1.0,2026-08-11,True,True,1.0,1.0,2026-08-11,True,True,1.0,1.0,2026-08-11,True,True,1.0,1.0,True,True,1.0,1.0,True,False,False,False,False,False,not_extended_on_first_snapshot
83593,Princess Mononoke - Studio Ghibli Fest 2026,amc-alderwood-mall-16,AMC Alderwood Mall 16,special_event,concert_or_event,confirmed_complete,2026-09-26,2026-09-30,2026-09-03,Thursday,1.0,False,0,77,466,0.1652,0,0,0,0,0,True,True,1.0,1.0,2026-09-30,True,True,1.0,1.0,2026-09-30,True,True,1.0,1.0,2026-09-30,True,True,1.0,1.0,2026-09-30,True,True,1.0,1.0,True,True,1.0,1.0,True,False,False,False,False,False,not_extended_on_first_snapshot
83593,Princess Mononoke - Studio Ghibli Fest 2026,amc-kent-station-14,AMC Kent Station 14,special_event,concert_or_event,confirmed_complete,2026-09-26,2026-09-30,2026-09-03,Thursday,1.0,False,0,89,421,0.2114,0,0,0,0,0,True,True,1.0,1.0,2026-09-30,True,True,1.0,1.0,2026-09-30,True,True,1.0,1.0,2026-09-30,True,True,1.0,1.0,2026-09-30,True,True,1.0,1.0,True,True,1.0,1.0,True,False,False,False,False,False,not_extended_on_first_snapshot
83593,Princess Mononoke - Studio Ghibli Fest 2026,amc-southcenter-16,AMC Southcenter 16,special_event,concert_or_event,confirmed_complete,2026-09-26,2026-09-29,2026-09-03,Thursday,1.0,False,0,73,450,0.1622,0,0,0,0,0,True,True,1.0,1.0,2026-09-29,True,True,1.0,1.0,2026-09-29,True,True,1.0,1.0,2026-09-29,True,True,1.0,1.0,2026-09-29,True,True,1.0,1.0,True,True,1.0,1.0,True,False,False,False,False,False,not_extended_on_first_snapshot
83593,Princess Mononoke - Studio Ghibli Fest 2026,amc-woodinville-12,AMC Woodinville 12,special_event,concert_or_event,confirmed_complete,2026-09-26,2026-09-30,2026-09-03,Thursday,0.8571428571428571,False,0,82,336,0.244,0,0,19,19,0,True,True,0.8571428571428571,1.0,2026-09-30,True,True,0.8571428571428571,1.0,2026-09-30,True,True,0.8571428571428571,1.0,2026-09-30,True,True,0.8571428571428571,1.0,2026-09-30,True,True,0.8571428571428571,1.0,True,True,1.0,1.0,True,False,False,False,False,False,not_extended_on_first_snapshot
83489,Reading Lolita in Tehran,amc-alderwood-mall-16,AMC Alderwood Mall 16,ordinary,standard,confirmed_complete,2026-07-24,2026-07-29,2026-07-22,Wednesday,1.0,False,0,489,529,0.9244,0,0,0,0,0,True,True,1.0,1.0,2026-07-29,True,True,1.0,1.0,2026-07-29,True,True,1.0,1.0,2026-07-29,True,True,1.0,1.0,2026-07-29,True,False,,,,False,,,,False,False,False,False,False,not_extended_on_first_snapshot
83715,Runner,amc-alderwood-mall-16,AMC Alderwood Mall 16,ordinary,standard,confirmed_complete,2026-09-10,2026-09-30,2026-08-27,Thursday,0.05172413793103448,True,20,157,481,0.3264,20,20,27,27,27,False,True,0.05172413793103448,0.047619047619047616,2026-09-10,False,True,0.1206896551724138,0.09523809523809523,2026-09-11,False,True,0.1896551724137931,0.14285714285714285,2026-09-12,False,True,0.25862068965517243,0.19047619047619047,2026-09-13,False,True,0.46551724137931033,0.3333333333333333,False,True,0.46551724137931033,0.3333333333333333,False,True,True,True,True,True,late_in_run_extension
83715,Runner,amc-factoria-8,AMC Factoria 8,ordinary,standard,confirmed_complete,2026-09-10,2026-09-24,2026-09-02,Wednesday,0.45,True,8,211,237,0.8903,1,13,13,14,1,True,True,0.45,0.4666666666666667,2026-09-16,False,True,0.5333333333333333,0.6,2026-09-24,True,True,0.5333333333333333,0.6,2026-09-24,True,True,0.55,0.6,2026-09-24,True,True,0.5333333333333333,0.6,True,True,0.55,0.6,True,True,False,False,False,False,immediate_rollout_within_48h
83715,Runner,amc-pacific-place-11,AMC Pacific Place 11,ordinary,standard,confirmed_complete,2026-09-18,2026-09-23,2026-09-16,Wednesday,1.0,False,0,218,238,0.916,0,0,0,0,0,True,True,1.0,1.0,2026-09-23,True,True,1.0,1.0,2026-09-23,True,True,1.0,1.0,2026-09-23,True,True,1.0,1.0,2026-09-23,True,False,,,,False,,,,False,False,False,False,False,not_extended_on_first_snapshot
83715,Runner,amc-southcenter-16,AMC Southcenter 16,ordinary,standard,confirmed_complete,2026-09-10,2026-09-30,2026-08-27,Thursday,0.045454545454545456,True,20,193,478,0.4038,13,20,27,27,27,False,True,0.045454545454545456,0.047619047619047616,2026-09-10,False,True,0.10606060606060606,0.09523809523809523,2026-09-11,False,True,0.16666666666666666,0.14285714285714285,2026-09-12,False,True,0.22727272727272727,0.19047619047619047,2026-09-13,False,True,0.4090909090909091,0.3333333333333333,False,True,0.4090909090909091,0.3333333333333333,False,True,True,True,True,True,late_in_run_extension
83715,Runner,amc-woodinville-12,AMC Woodinville 12,ordinary,standard,confirmed_complete,2026-09-10,2026-09-30,2026-08-27,Thursday,0.05555555555555555,True,20,101,342,0.2953,19,19,26,27,27,False,True,0.05555555555555555,0.047619047619047616,2026-09-10,False,True,0.1111111111111111,0.09523809523809523,2026-09-11,False,True,0.18055555555555555,0.14285714285714285,2026-09-12,False,True,0.25,0.19047619047619047,2026-09-13,False,True,0.4166666666666667,0.3333333333333333,False,True,0.4166666666666667,0.3333333333333333,False,True,True,True,True,True,late_in_run_extension
84863,Sahaa,amc-alderwood-mall-16,AMC Alderwood Mall 16,ordinary,standard,confirmed_complete,2026-09-04,2026-09-09,2026-09-02,Wednesday,1.0,False,0,436,481,0.9064,0,0,0,0,0,True,True,1.0,1.0,2026-09-09,True,True,1.0,1.0,2026-09-09,True,True,1.0,1.0,2026-09-09,True,True,1.0,1.0,2026-09-09,True,False,,,,False,,,,False,False,False,False,False,not_extended_on_first_snapshot
84675,Sara Bareilles: Good Grief,amc-alderwood-mall-16,AMC Alderwood Mall 16,special_event,concert_or_event,confirmed_complete,2026-09-02,2026-09-02,2026-08-20,Thursday,0.3333333333333333,False,0,138,557,0.2478,4,9,9,9,0,True,True,0.3333333333333333,1.0,2026-09-02,True,True,0.3333333333333333,1.0,2026-09-02,True,True,0.3333333333333333,1.0,2026-09-02,True,True,0.3333333333333333,1.0,2026-09-02,True,True,0.6666666666666666,1.0,True,True,1.0,1.0,True,False,False,False,False,False,not_extended_on_first_snapshot
84675,Sara Bareilles: Good Grief,amc-pacific-place-11,AMC Pacific Place 11,special_event,concert_or_event,confirmed_complete,2026-09-02,2026-09-02,2026-08-26,Wednesday,1.0,False,0,267,283,0.9435,0,0,0,0,0,True,True,1.0,1.0,2026-09-02,True,True,1.0,1.0,2026-09-02,True,True,1.0,1.0,2026-09-02,True,True,1.0,1.0,2026-09-02,True,True,1.0,1.0,True,True,1.0,1.0,True,False,False,False,False,False,not_extended_on_first_snapshot
84675,Sara Bareilles: Good Grief,amc-southcenter-16,AMC Southcenter 16,special_event,concert_or_event,confirmed_complete,2026-09-02,2026-09-02,2026-08-26,Wednesday,1.0,False,0,439,507,0.8659,0,0,0,0,0,True,True,1.0,1.0,2026-09-02,True,True,1.0,1.0,2026-09-02,True,True,1.0,1.0,2026-09-02,True,True,1.0,1.0,2026-09-02,True,True,1.0,1.0,True,True,1.0,1.0,True,False,False,False,False,False,not_extended_on_first_snapshot
84569,Sardar 2,amc-alderwood-mall-16,AMC Alderwood Mall 16,ordinary,standard,confirmed_complete,2026-09-10,2026-09-16,2026-09-09,Wednesday,1.0,False,0,481,481,1.0,0,0,0,0,0,True,True,1.0,1.0,2026-09-16,True,True,1.0,1.0,2026-09-16,True,True,1.0,1.0,2026-09-16,True,True,1.0,1.0,2026-09-16,True,False,,,,False,,,,False,False,False,False,False,not_extended_on_first_snapshot
79322,Scary Movie,amc-alderwood-mall-16,AMC Alderwood Mall 16,ordinary,standard,confirmed_complete,2026-07-02,2026-07-08,2026-07-01,Wednesday,1.0,False,0,334,336,0.994,0,0,0,0,0,True,True,1.0,1.0,2026-07-08,True,True,1.0,1.0,2026-07-08,True,True,1.0,1.0,2026-07-08,True,True,1.0,1.0,2026-07-08,True,False,,,,False,,,,False,False,False,False,False,not_extended_on_first_snapshot
79322,Scary Movie,amc-kent-station-14,AMC Kent Station 14,ordinary,standard,confirmed_complete,2026-07-02,2026-07-09,2026-06-30,Tuesday,0.9583333333333334,True,1,315,315,1.0,0,0,0,7,7,False,True,0.9583333333333334,0.875,2026-07-08,False,True,0.9583333333333334,0.875,2026-07-08,False,True,0.9583333333333334,0.875,2026-07-08,False,True,0.9583333333333334,0.875,2026-07-08,False,False,,,,False,,,,True,True,True,True,True,late_in_run_extension
82986,Shaun the Sheep: The Beast of Mossy Bottom,amc-factoria-8,AMC Factoria 8,ordinary,standard,confirmed_complete,2026-09-17,2026-09-24,2026-09-15,Tuesday,0.8947368421052632,True,1,215,217,0.9908,0,0,1,7,7,False,True,0.8947368421052632,0.875,2026-09-23,False,True,0.9473684210526315,0.875,2026-09-23,False,True,0.9473684210526315,0.875,2026-09-23,False,True,0.9473684210526315,0.875,2026-09-23,False,False,,,,False,,,,True,True,True,True,True,late_in_run_extension
82986,Shaun the Sheep: The Beast of Mossy Bottom,amc-kent-station-14,AMC Kent Station 14,ordinary,standard,confirmed_complete,2026-09-17,2026-09-24,2026-09-15,Tuesday,0.8461538461538461,True,1,418,418,1.0,0,0,7,7,7,False,True,0.8461538461538461,0.875,2026-09-23,False,True,0.8461538461538461,0.875,2026-09-23,False,True,0.8461538461538461,0.875,2026-09-23,False,True,0.8461538461538461,0.875,2026-09-23,False,False,,,,False,,,,True,True,True,True,True,late_in_run_extension
82986,Shaun the Sheep: The Beast of Mossy Bottom,amc-southcenter-16,AMC Southcenter 16,ordinary,standard,confirmed_complete,2026-09-17,2026-09-30,2026-09-03,Thursday,0.4444444444444444,True,7,122,449,0.2717,2,20,20,20,20,False,True,0.4444444444444444,0.42857142857142855,2026-09-23,False,True,0.4444444444444444,0.42857142857142855,2026-09-23,False,True,0.5185185185185185,0.42857142857142855,2026-09-23,False,True,0.5185185185185185,0.42857142857142855,2026-09-23,False,True,0.5185185185185185,0.42857142857142855,False,True,0.5185185185185185,0.42857142857142855,False,True,True,True,True,True,late_in_run_extension
82986,Shaun the Sheep: The Beast of Mossy Bottom,amc-woodinville-12,AMC Woodinville 12,ordinary,standard,confirmed_complete,2026-09-17,2026-09-23,2026-09-15,Tuesday,1.0,False,0,332,333,0.997,0,0,0,0,0,True,True,1.0,1.0,2026-09-23,True,True,1.0,1.0,2026-09-23,True,True,1.0,1.0,2026-09-23,True,True,1.0,1.0,2026-09-23,True,False,,,,False,,,,False,False,False,False,False,not_extended_on_first_snapshot
84197,Sheep in the Box,amc-alderwood-mall-16,AMC Alderwood Mall 16,ordinary,standard,confirmed_complete,2026-08-06,2026-08-12,2026-07-24,Friday,0.15789473684210525,True,5,250,579,0.4318,3,5,5,12,5,True,True,0.15789473684210525,0.14285714285714285,2026-08-07,False,True,0.3157894736842105,0.2857142857142857,2026-08-08,False,True,0.47368421052631576,0.42857142857142855,2026-08-09,False,True,0.631578947368421,0.5714285714285714,2026-08-10,False,True,0.9473684210526315,0.8571428571428571,True,True,0.9473684210526315,0.8571428571428571,True,True,True,True,False,False,pre_opening_rollout_after_48h
84197,Sheep in the Box,amc-pacific-place-11,AMC Pacific Place 11,ordinary,standard,confirmed_complete,2026-08-06,2026-08-13,2026-07-23,Thursday,0.06666666666666667,True,7,123,322,0.382,5,13,13,19,19,False,True,0.06666666666666667,0.125,2026-08-06,False,True,0.16666666666666666,0.25,2026-08-07,False,True,0.26666666666666666,0.375,2026-08-08,False,True,0.36666666666666664,0.5,2026-08-09,False,True,0.6666666666666666,0.875,False,True,0.6666666666666666,0.875,False,True,True,True,True,True,late_in_run_extension
84197,Sheep in the Box,amc-southcenter-16,AMC Southcenter 16,ordinary,standard,confirmed_complete,2026-08-06,2026-08-13,2026-07-26,Sunday,0.39285714285714285,True,4,258,662,0.3897,1,10,10,17,17,False,True,0.39285714285714285,0.5,2026-08-09,False,True,0.5,0.625,2026-08-10,False,True,0.6071428571428571,0.75,2026-08-11,False,True,0.7142857142857143,0.875,2026-08-12,False,True,0.7142857142857143,0.875,False,True,0.7142857142857143,0.875,False,True,True,True,True,True,late_in_run_extension
83782,Sia: Nostalgic For The Present,amc-alderwood-mall-16,AMC Alderwood Mall 16,special_event,concert_or_event,confirmed_complete,2026-07-23,2026-07-26,2026-07-09,Thursday,0.5,True,3,172,552,0.3116,0,3,3,3,3,True,True,0.5,0.5,2026-07-23,False,True,0.5,0.5,2026-07-23,False,True,0.5,0.5,2026-07-23,False,True,1.0,1.0,2026-07-26,True,True,1.0,1.0,True,True,1.0,1.0,True,True,True,False,False,False,pre_opening_rollout_after_48h
83782,Sia: Nostalgic For The Present,amc-southcenter-16,AMC Southcenter 16,special_event,concert_or_event,confirmed_complete,2026-07-23,2026-07-26,2026-07-09,Thursday,0.5,True,3,199,538,0.3699,0,3,3,3,3,True,True,0.5,0.5,2026-07-23,False,True,0.5,0.5,2026-07-23,False,True,0.5,0.5,2026-07-23,False,True,1.0,1.0,2026-07-26,True,True,1.0,1.0,True,True,1.0,1.0,True,True,True,False,False,False,pre_opening_rollout_after_48h
83394,Six: The Musical Live!,amc-alderwood-mall-16,AMC Alderwood Mall 16,special_event,concert_or_event,confirmed_complete,2026-08-14,2026-08-26,2026-07-31,Friday,0.05555555555555555,True,12,37,579,0.0639,15,19,19,22,19,False,True,0.05555555555555555,0.07692307692307693,2026-08-14,False,True,0.1111111111111111,0.15384615384615385,2026-08-15,False,True,0.16666666666666666,0.23076923076923078,2026-08-16,False,True,0.2222222222222222,0.3076923076923077,2026-08-17,False,True,0.3888888888888889,0.5384615384615384,False,True,0.3888888888888889,0.5384615384615384,False,True,True,True,True,True,late_in_run_extension
83394,Six: The Musical Live!,amc-factoria-8,AMC Factoria 8,special_event,concert_or_event,confirmed_complete,2026-08-15,2026-08-19,2026-08-11,Tuesday,1.0,False,0,257,285,0.9018,0,0,0,0,0,True,True,1.0,1.0,2026-08-19,True,True,1.0,1.0,2026-08-19,True,True,1.0,1.0,2026-08-19,True,True,1.0,1.0,2026-08-19,True,False,,,,True,1.0,1.0,True,False,False,False,False,False,not_extended_on_first_snapshot
83394,Six: The Musical Live!,amc-kent-station-14,AMC Kent Station 14,special_event,concert_or_event,confirmed_complete,2026-08-13,2026-08-27,2026-08-01,Saturday,0.038461538461538464,True,12,194,607,0.3196,10,17,17,24,24,False,True,0.038461538461538464,0.06666666666666667,2026-08-15,False,True,0.07692307692307693,0.13333333333333333,2026-08-16,False,True,0.07692307692307693,0.13333333333333333,2026-08-16,False,True,0.07692307692307693,0.13333333333333333,2026-08-16,False,True,0.11538461538461539,0.2,False,True,0.11538461538461539,0.2,False,True,True,True,True,True,late_in_run_extension
83394,Six: The Musical Live!,amc-oak-tree-6,AMC Oak Tree 6,special_event,concert_or_event,confirmed_complete,2026-08-15,2026-08-19,2026-08-12,Wednesday,1.0,False,0,161,184,0.875,0,0,0,0,0,True,True,1.0,1.0,2026-08-19,True,True,1.0,1.0,2026-08-19,True,True,1.0,1.0,2026-08-19,True,True,1.0,1.0,2026-08-19,True,False,,,,True,1.0,1.0,True,False,False,False,False,False,not_extended_on_first_snapshot
83394,Six: The Musical Live!,amc-pacific-place-11,AMC Pacific Place 11,special_event,concert_or_event,confirmed_complete,2026-08-13,2026-08-27,2026-07-31,Friday,0.037037037037037035,True,13,144,331,0.435,12,19,19,25,25,False,True,0.037037037037037035,0.06666666666666667,2026-08-14,False,True,0.07407407407407407,0.13333333333333333,2026-08-15,False,True,0.1111111111111111,0.2,2026-08-16,False,True,0.14814814814814814,0.26666666666666666,2026-08-17,False,True,0.25925925925925924,0.4666666666666667,False,True,0.25925925925925924,0.4666666666666667,False,True,True,True,True,True,late_in_run_extension
83394,Six: The Musical Live!,amc-southcenter-16,AMC Southcenter 16,special_event,concert_or_event,confirmed_complete,2026-08-13,2026-08-26,2026-07-31,Friday,0.045454545454545456,True,12,267,650,0.4108,12,19,19,19,19,False,True,0.045454545454545456,0.07142857142857142,2026-08-14,False,True,0.09090909090909091,0.14285714285714285,2026-08-15,False,True,0.18181818181818182,0.21428571428571427,2026-08-16,False,True,0.22727272727272727,0.2857142857142857,2026-08-17,False,True,0.36363636363636365,0.5,False,True,0.36363636363636365,0.5,False,True,True,True,True,True,late_in_run_extension
83394,Six: The Musical Live!,amc-woodinville-12,AMC Woodinville 12,special_event,concert_or_event,confirmed_complete,2026-08-13,2026-08-26,2026-08-01,Saturday,0.03333333333333333,True,11,227,399,0.5689,10,17,17,17,17,False,True,0.03333333333333333,0.07142857142857142,2026-08-15,False,True,0.06666666666666667,0.14285714285714285,2026-08-16,False,True,0.06666666666666667,0.14285714285714285,2026-08-16,False,True,0.06666666666666667,0.14285714285714285,2026-08-16,False,True,0.1,0.21428571428571427,False,True,0.1,0.21428571428571427,False,True,True,True,True,True,late_in_run_extension
82597,Spa Weekend,amc-alderwood-mall-16,AMC Alderwood Mall 16,ordinary,standard,confirmed_complete,2026-08-20,2026-09-08,2026-08-12,Wednesday,0.47540983606557374,True,13,518,579,0.8946,7,14,20,21,21,False,True,0.47540983606557374,0.35,2026-08-26,False,True,0.47540983606557374,0.35,2026-08-26,False,True,0.47540983606557374,0.35,2026-08-26,False,True,0.47540983606557374,0.35,2026-08-26,False,True,0.47540983606557374,0.35,False,True,0.47540983606557374,0.35,False,True,True,True,True,True,late_in_run_extension
82597,Spa Weekend,amc-factoria-8,AMC Factoria 8,ordinary,standard,confirmed_complete,2026-08-20,2026-09-03,2026-08-18,Tuesday,0.6521739130434783,True,8,280,285,0.9825,0,4,7,14,14,False,True,0.6521739130434783,0.4666666666666667,2026-08-26,False,True,0.6521739130434783,0.4666666666666667,2026-08-26,False,True,0.6739130434782609,0.4666666666666667,2026-08-26,False,True,0.7391304347826086,0.4666666666666667,2026-08-26,False,False,,,,False,,,,True,True,True,True,True,late_in_run_extension
82597,Spa Weekend,amc-kent-station-14,AMC Kent Station 14,ordinary,standard,confirmed_complete,2026-08-20,2026-08-27,2026-08-18,Tuesday,0.9655172413793104,True,1,555,555,1.0,0,0,0,7,7,False,True,0.9655172413793104,0.875,2026-08-26,False,True,0.9655172413793104,0.875,2026-08-26,False,True,0.9655172413793104,0.875,2026-08-26,False,True,0.9655172413793104,0.875,2026-08-26,False,False,,,,False,,,,True,True,True,True,True,late_in_run_extension
82597,Spa Weekend,amc-southcenter-16,AMC Southcenter 16,ordinary,standard,confirmed_complete,2026-08-20,2026-09-02,2026-08-12,Wednesday,0.6666666666666666,True,7,499,551,0.9056,0,13,14,14,14,False,True,0.6666666666666666,0.42857142857142855,2026-08-26,False,True,0.6666666666666666,0.42857142857142855,2026-08-26,False,True,0.6666666666666666,0.42857142857142855,2026-08-26,False,True,0.6666666666666666,0.42857142857142855,2026-08-26,False,True,0.6666666666666666,0.42857142857142855,False,True,0.6666666666666666,0.42857142857142855,False,True,True,True,True,True,late_in_run_extension
84714,Space Seed + Star Trek II: The Wrath of Khan - Director's Cut 60th Anniversary Event,amc-alderwood-mall-16,AMC Alderwood Mall 16,rerelease,anniversary_or_rerelease,confirmed_complete,2026-09-05,2026-09-08,2026-08-22,Saturday,0.5,True,3,36,481,0.0748,0,3,3,3,3,True,True,0.5,0.5,2026-09-05,False,True,0.5,0.5,2026-09-05,False,True,0.5,0.5,2026-09-05,False,True,1.0,1.0,2026-09-08,True,True,1.0,1.0,True,True,1.0,1.0,True,True,True,False,False,False,pre_opening_rollout_after_48h
84714,Space Seed + Star Trek II: The Wrath of Khan - Director's Cut 60th Anniversary Event,amc-southcenter-16,AMC Southcenter 16,rerelease,anniversary_or_rerelease,confirmed_complete,2026-09-05,2026-09-08,2026-08-22,Saturday,0.3333333333333333,True,3,39,478,0.0816,3,15,15,15,3,True,True,0.3333333333333333,0.5,2026-09-05,False,True,0.3333333333333333,0.5,2026-09-05,False,True,0.3333333333333333,0.5,2026-09-05,False,True,0.6666666666666666,1.0,2026-09-08,True,True,0.6666666666666666,1.0,True,True,0.6666666666666666,1.0,True,True,True,False,False,False,pre_opening_rollout_after_48h
78598,Spider-Man: Brand New Day,amc-oak-tree-6,AMC Oak Tree 6,ordinary,standard,confirmed_complete,2026-07-30,2026-09-23,2026-07-16,Thursday,0.035175879396984924,True,55,50,170,0.2941,20,41,55,62,62,False,True,0.035175879396984924,0.017857142857142856,2026-07-30,False,True,0.05527638190954774,0.03571428571428571,2026-07-31,False,True,0.07537688442211055,0.05357142857142857,2026-08-01,False,True,0.09547738693467336,0.07142857142857142,2026-08-02,False,True,0.15829145728643215,0.14285714285714285,False,True,0.1984924623115578,0.21428571428571427,False,True,True,True,True,True,late_in_run_extension
84005,Spider-Man: Brand New Day Dolby Opening Night Fan Event,amc-alderwood-mall-16,AMC Alderwood Mall 16,special_event,concert_or_event,confirmed_complete,2026-07-30,2026-07-30,2026-07-16,Thursday,1.0,False,0,160,529,0.3025,0,0,0,0,0,True,True,1.0,1.0,2026-07-30,True,True,1.0,1.0,2026-07-30,True,True,1.0,1.0,2026-07-30,True,True,1.0,1.0,2026-07-30,True,True,1.0,1.0,True,True,1.0,1.0,True,False,False,False,False,False,not_extended_on_first_snapshot
84005,Spider-Man: Brand New Day Dolby Opening Night Fan Event,amc-kent-station-14,AMC Kent Station 14,special_event,concert_or_event,confirmed_complete,2026-07-30,2026-07-30,2026-07-16,Thursday,1.0,False,0,152,505,0.301,0,0,0,0,0,True,True,1.0,1.0,2026-07-30,True,True,1.0,1.0,2026-07-30,True,True,1.0,1.0,2026-07-30,True,True,1.0,1.0,2026-07-30,True,True,1.0,1.0,True,True,1.0,1.0,True,False,False,False,False,False,not_extended_on_first_snapshot
84005,Spider-Man: Brand New Day Dolby Opening Night Fan Event,amc-southcenter-16,AMC Southcenter 16,special_event,concert_or_event,confirmed_complete,2026-07-30,2026-07-30,2026-07-16,Thursday,1.0,False,0,202,551,0.3666,0,0,0,0,0,True,True,1.0,1.0,2026-07-30,True,True,1.0,1.0,2026-07-30,True,True,1.0,1.0,2026-07-30,True,True,1.0,1.0,2026-07-30,True,True,1.0,1.0,True,True,1.0,1.0,True,False,False,False,False,False,not_extended_on_first_snapshot
84005,Spider-Man: Brand New Day Dolby Opening Night Fan Event,amc-woodinville-12,AMC Woodinville 12,special_event,concert_or_event,confirmed_complete,2026-07-30,2026-07-30,2026-07-16,Thursday,1.0,False,0,126,367,0.3433,0,0,0,0,0,True,True,1.0,1.0,2026-07-30,True,True,1.0,1.0,2026-07-30,True,True,1.0,1.0,2026-07-30,True,True,1.0,1.0,2026-07-30,True,True,1.0,1.0,True,True,1.0,1.0,True,False,False,False,False,False,not_extended_on_first_snapshot
84367,Splash City,amc-pacific-place-11,AMC Pacific Place 11,ordinary,standard,confirmed_complete,2026-08-07,2026-08-12,2026-07-30,Thursday,0.6666666666666666,False,0,144,331,0.435,0,6,6,6,0,True,True,0.6666666666666666,1.0,2026-08-12,True,True,0.6666666666666666,1.0,2026-08-12,True,True,0.6666666666666666,1.0,2026-08-12,True,True,0.6666666666666666,1.0,2026-08-12,True,True,0.6666666666666666,1.0,True,True,0.6666666666666666,1.0,True,False,False,False,False,False,not_extended_on_first_snapshot
84367,Splash City,amc-southcenter-16,AMC Southcenter 16,ordinary,standard,confirmed_complete,2026-08-07,2026-08-13,2026-07-30,Thursday,0.3157894736842105,True,1,267,650,0.4108,6,6,6,13,13,False,True,0.3157894736842105,0.8571428571428571,2026-08-12,False,True,0.3157894736842105,0.8571428571428571,2026-08-12,False,True,0.3157894736842105,0.8571428571428571,2026-08-12,False,True,0.3157894736842105,0.8571428571428571,2026-08-12,False,True,0.3157894736842105,0.8571428571428571,False,True,0.3157894736842105,0.8571428571428571,False,True,True,True,True,True,late_in_run_extension
84295,Splash City with Berner in-person,amc-pacific-place-11,AMC Pacific Place 11,ordinary,standard,confirmed_complete,2026-07-27,2026-07-27,2026-07-13,Monday,1.0,False,0,47,337,0.1395,0,0,0,0,0,True,True,1.0,1.0,2026-07-27,True,True,1.0,1.0,2026-07-27,True,True,1.0,1.0,2026-07-27,True,True,1.0,1.0,2026-07-27,True,True,1.0,1.0,True,True,1.0,1.0,True,False,False,False,False,False,not_extended_on_first_snapshot
84360,Summer Tour,amc-alderwood-mall-16,AMC Alderwood Mall 16,special_event,concert_or_event,confirmed_complete,2026-07-23,2026-07-23,2026-07-09,Thursday,1.0,False,0,172,552,0.3116,0,0,0,0,0,True,True,1.0,1.0,2026-07-23,True,True,1.0,1.0,2026-07-23,True,True,1.0,1.0,2026-07-23,True,True,1.0,1.0,2026-07-23,True,True,1.0,1.0,True,True,1.0,1.0,True,False,False,False,False,False,not_extended_on_first_snapshot
84360,Summer Tour,amc-southcenter-16,AMC Southcenter 16,special_event,concert_or_event,confirmed_complete,2026-07-23,2026-07-23,2026-07-09,Thursday,1.0,False,0,199,538,0.3699,0,0,0,0,0,True,True,1.0,1.0,2026-07-23,True,True,1.0,1.0,2026-07-23,True,True,1.0,1.0,2026-07-23,True,True,1.0,1.0,2026-07-23,True,True,1.0,1.0,True,True,1.0,1.0,True,False,False,False,False,False,not_extended_on_first_snapshot
84674,Sunny Dancer,amc-southcenter-16,AMC Southcenter 16,ordinary,standard,confirmed_complete,2026-09-18,2026-09-23,2026-09-04,Friday,0.42857142857142855,False,0,132,491,0.2688,12,12,12,12,0,True,True,0.42857142857142855,0.5,2026-09-23,True,True,0.42857142857142855,0.5,2026-09-23,True,True,0.42857142857142855,0.5,2026-09-23,True,True,0.42857142857142855,0.5,2026-09-23,True,True,0.42857142857142855,0.5,True,True,0.42857142857142855,0.5,True,False,False,False,False,False,not_extended_on_first_snapshot
82341,Super Troopers 3,amc-alderwood-mall-16,AMC Alderwood Mall 16,ordinary,standard,confirmed_complete,2026-08-06,2026-08-20,2026-07-23,Thursday,0.041237113402061855,True,14,250,579,0.4318,9,20,20,27,27,False,True,0.041237113402061855,0.06666666666666667,2026-08-06,False,True,0.09278350515463918,0.13333333333333333,2026-08-07,False,True,0.15463917525773196,0.2,2026-08-08,False,True,0.21649484536082475,0.26666666666666666,2026-08-09,False,True,0.422680412371134,0.5333333333333333,False,True,0.6185567010309279,0.8,False,True,True,True,True,True,late_in_run_extension
82341,Super Troopers 3,amc-factoria-8,AMC Factoria 8,ordinary,standard,confirmed_complete,2026-08-06,2026-08-20,2026-07-23,Thursday,0.021052631578947368,True,14,114,260,0.4385,10,19,19,26,26,False,True,0.021052631578947368,0.06666666666666667,2026-08-06,False,True,0.07368421052631578,0.13333333333333333,2026-08-07,False,True,0.12631578947368421,0.2,2026-08-08,False,True,0.17894736842105263,0.26666666666666666,2026-08-09,False,True,0.3894736842105263,0.5333333333333333,False,True,0.6,0.8,False,True,True,True,True,True,late_in_run_extension
82341,Super Troopers 3,amc-kent-station-14,AMC Kent Station 14,ordinary,standard,confirmed_complete,2026-08-06,2026-08-20,2026-07-23,Thursday,0.04938271604938271,True,14,299,617,0.4846,12,13,19,26,26,False,True,0.04938271604938271,0.06666666666666667,2026-08-06,False,True,0.09876543209876543,0.13333333333333333,2026-08-07,False,True,0.14814814814814814,0.2,2026-08-08,False,True,0.19753086419753085,0.26666666666666666,2026-08-09,False,True,0.3950617283950617,0.5333333333333333,False,True,0.49382716049382713,0.8,False,True,True,True,True,True,late_in_run_extension
82341,Super Troopers 3,amc-pacific-place-11,AMC Pacific Place 11,ordinary,standard,confirmed_complete,2026-08-06,2026-08-20,2026-07-23,Thursday,0.05555555555555555,True,14,123,322,0.382,8,12,19,26,26,False,True,0.05555555555555555,0.06666666666666667,2026-08-06,False,True,0.1111111111111111,0.13333333333333333,2026-08-07,False,True,0.18055555555555555,0.2,2026-08-08,False,True,0.25,0.26666666666666666,2026-08-09,False,True,0.4722222222222222,0.5333333333333333,False,True,0.7083333333333334,0.8,False,True,True,True,True,True,late_in_run_extension
82341,Super Troopers 3,amc-southcenter-16,AMC Southcenter 16,ordinary,standard,confirmed_complete,2026-08-06,2026-08-19,2026-07-23,Thursday,0.03488372093023256,True,13,253,662,0.3822,7,15,20,20,20,False,True,0.03488372093023256,0.07142857142857142,2026-08-06,False,True,0.10465116279069768,0.14285714285714285,2026-08-07,False,True,0.1744186046511628,0.21428571428571427,2026-08-08,False,True,0.2441860465116279,0.2857142857142857,2026-08-09,False,True,0.5,0.5714285714285714,False,True,0.686046511627907,0.8571428571428571,False,True,True,True,True,True,late_in_run_extension
82341,Super Troopers 3,amc-woodinville-12,AMC Woodinville 12,ordinary,standard,confirmed_complete,2026-08-06,2026-08-20,2026-07-23,Thursday,0.05063291139240506,True,14,171,406,0.4212,8,19,19,26,26,False,True,0.05063291139240506,0.06666666666666667,2026-08-06,False,True,0.11392405063291139,0.13333333333333333,2026-08-07,False,True,0.17721518987341772,0.2,2026-08-08,False,True,0.24050632911392406,0.26666666666666666,2026-08-09,False,True,0.4936708860759494,0.5333333333333333,False,True,0.759493670886076,0.8,False,True,True,True,True,True,late_in_run_extension
84350,Super Troopers 3: Special Broken Lizard Fan Event,amc-alderwood-mall-16,AMC Alderwood Mall 16,special_event,concert_or_event,confirmed_complete,2026-08-06,2026-08-06,2026-07-23,Thursday,1.0,False,0,250,579,0.4318,0,0,0,0,0,True,True,1.0,1.0,2026-08-06,True,True,1.0,1.0,2026-08-06,True,True,1.0,1.0,2026-08-06,True,True,1.0,1.0,2026-08-06,True,True,1.0,1.0,True,True,1.0,1.0,True,False,False,False,False,False,not_extended_on_first_snapshot
84350,Super Troopers 3: Special Broken Lizard Fan Event,amc-factoria-8,AMC Factoria 8,special_event,concert_or_event,confirmed_complete,2026-08-06,2026-08-06,2026-07-23,Thursday,1.0,False,0,114,260,0.4385,0,0,0,0,0,True,True,1.0,1.0,2026-08-06,True,True,1.0,1.0,2026-08-06,True,True,1.0,1.0,2026-08-06,True,True,1.0,1.0,2026-08-06,True,True,1.0,1.0,True,True,1.0,1.0,True,False,False,False,False,False,not_extended_on_first_snapshot
84350,Super Troopers 3: Special Broken Lizard Fan Event,amc-kent-station-14,AMC Kent Station 14,special_event,concert_or_event,confirmed_complete,2026-08-06,2026-08-06,2026-07-23,Thursday,1.0,False,0,299,617,0.4846,0,0,0,0,0,True,True,1.0,1.0,2026-08-06,True,True,1.0,1.0,2026-08-06,True,True,1.0,1.0,2026-08-06,True,True,1.0,1.0,2026-08-06,True,True,1.0,1.0,True,True,1.0,1.0,True,False,False,False,False,False,not_extended_on_first_snapshot
84350,Super Troopers 3: Special Broken Lizard Fan Event,amc-pacific-place-11,AMC Pacific Place 11,special_event,concert_or_event,confirmed_complete,2026-08-06,2026-08-06,2026-07-23,Thursday,1.0,False,0,123,322,0.382,0,0,0,0,0,True,True,1.0,1.0,2026-08-06,True,True,1.0,1.0,2026-08-06,True,True,1.0,1.0,2026-08-06,True,True,1.0,1.0,2026-08-06,True,True,1.0,1.0,True,True,1.0,1.0,True,False,False,False,False,False,not_extended_on_first_snapshot
84350,Super Troopers 3: Special Broken Lizard Fan Event,amc-southcenter-16,AMC Southcenter 16,special_event,concert_or_event,confirmed_complete,2026-08-06,2026-08-06,2026-07-23,Thursday,1.0,False,0,253,662,0.3822,0,0,0,0,0,True,True,1.0,1.0,2026-08-06,True,True,1.0,1.0,2026-08-06,True,True,1.0,1.0,2026-08-06,True,True,1.0,1.0,2026-08-06,True,True,1.0,1.0,True,True,1.0,1.0,True,False,False,False,False,False,not_extended_on_first_snapshot
84350,Super Troopers 3: Special Broken Lizard Fan Event,amc-woodinville-12,AMC Woodinville 12,special_event,concert_or_event,confirmed_complete,2026-08-06,2026-08-06,2026-07-23,Thursday,1.0,False,0,171,406,0.4212,0,0,0,0,0,True,True,1.0,1.0,2026-08-06,True,True,1.0,1.0,2026-08-06,True,True,1.0,1.0,2026-08-06,True,True,1.0,1.0,2026-08-06,True,True,1.0,1.0,True,True,1.0,1.0,True,False,False,False,False,False,not_extended_on_first_snapshot
83592,Tales from Earthsea 20th Anniversary - Studio Ghibli Fest 2026,amc-alderwood-mall-16,AMC Alderwood Mall 16,rerelease,anniversary_or_rerelease,confirmed_complete,2026-08-08,2026-08-10,2026-07-25,Saturday,0.5,True,2,61,609,0.1002,0,2,2,2,2,True,True,0.5,0.5,2026-08-08,False,True,0.5,0.5,2026-08-08,False,True,1.0,1.0,2026-08-10,True,True,1.0,1.0,2026-08-10,True,True,1.0,1.0,True,True,1.0,1.0,True,True,False,False,False,False,immediate_rollout_within_48h
83592,Tales from Earthsea 20th Anniversary - Studio Ghibli Fest 2026,amc-kent-station-14,AMC Kent Station 14,rerelease,anniversary_or_rerelease,confirmed_complete,2026-08-08,2026-08-10,2026-07-25,Saturday,0.5,True,2,49,607,0.0807,0,2,2,2,2,True,True,0.5,0.5,2026-08-08,False,True,0.5,0.5,2026-08-08,False,True,1.0,1.0,2026-08-10,True,True,1.0,1.0,2026-08-10,True,True,1.0,1.0,True,True,1.0,1.0,True,True,False,False,False,False,immediate_rollout_within_48h
83592,Tales from Earthsea 20th Anniversary - Studio Ghibli Fest 2026,amc-southcenter-16,AMC Southcenter 16,rerelease,anniversary_or_rerelease,confirmed_complete,2026-08-08,2026-08-10,2026-07-25,Saturday,0.5,True,2,61,650,0.0938,0,2,2,2,2,True,True,0.5,0.5,2026-08-08,False,True,0.5,0.5,2026-08-08,False,True,1.0,1.0,2026-08-10,True,True,1.0,1.0,2026-08-10,True,True,1.0,1.0,True,True,1.0,1.0,True,True,False,False,False,False,immediate_rollout_within_48h
83592,Tales from Earthsea 20th Anniversary - Studio Ghibli Fest 2026,amc-woodinville-12,AMC Woodinville 12,rerelease,anniversary_or_rerelease,confirmed_complete,2026-08-08,2026-08-10,2026-07-25,Saturday,0.5,True,2,40,399,0.1003,0,2,2,2,2,True,True,0.5,0.5,2026-08-08,False,True,0.5,0.5,2026-08-08,False,True,1.0,1.0,2026-08-10,True,True,1.0,1.0,2026-08-10,True,True,1.0,1.0,True,True,1.0,1.0,True,True,False,False,False,False,immediate_rollout_within_48h
82941,Teenage Sex and Death at Camp Miasma,amc-alderwood-mall-16,AMC Alderwood Mall 16,ordinary,standard,confirmed_complete,2026-08-20,2026-09-02,2026-08-19,Wednesday,0.75,True,7,579,579,1.0,0,7,7,7,7,False,True,0.75,0.5,2026-08-26,False,True,0.75,0.5,2026-08-26,False,True,0.75,0.5,2026-08-26,False,True,0.75,0.5,2026-08-26,False,False,,,,False,,,,True,True,True,True,True,late_in_run_extension
82941,Teenage Sex and Death at Camp Miasma,amc-pacific-place-11,AMC Pacific Place 11,ordinary,standard,confirmed_complete,2026-08-20,2026-09-17,2026-08-18,Tuesday,0.08771929824561403,True,27,327,327,1.0,8,15,22,29,29,False,True,0.08771929824561403,0.06896551724137931,2026-08-21,False,True,0.3157894736842105,0.2413793103448276,2026-08-26,False,True,0.3157894736842105,0.2413793103448276,2026-08-26,False,True,0.3157894736842105,0.2413793103448276,2026-08-26,False,False,,,,False,,,,True,True,True,True,True,late_in_run_extension
82941,Teenage Sex and Death at Camp Miasma,amc-southcenter-16,AMC Southcenter 16,ordinary,standard,confirmed_complete,2026-08-20,2026-09-03,2026-08-18,Tuesday,0.08823529411764706,True,10,510,551,0.9256,1,8,8,15,15,False,True,0.08823529411764706,0.06666666666666667,2026-08-24,False,True,0.5588235294117647,0.4666666666666667,2026-08-26,False,True,0.5588235294117647,0.4666666666666667,2026-08-26,False,True,0.5588235294117647,0.4666666666666667,2026-08-26,False,False,,,,False,,,,True,True,True,True,True,late_in_run_extension
84287,Terminator 2: Judgment Day 35th Anniversary,amc-alderwood-mall-16,AMC Alderwood Mall 16,rerelease,anniversary_or_rerelease,confirmed_complete,2026-08-28,2026-09-02,2026-08-14,Friday,0.16666666666666666,True,5,21,557,0.0377,2,4,5,5,5,True,True,0.16666666666666666,0.16666666666666666,2026-08-28,False,True,0.3333333333333333,0.3333333333333333,2026-08-29,False,True,0.5,0.5,2026-08-30,False,True,0.6666666666666666,0.6666666666666666,2026-08-31,False,True,1.0,1.0,True,True,1.0,1.0,True,True,True,True,False,False,pre_opening_rollout_after_48h
84287,Terminator 2: Judgment Day 35th Anniversary,amc-kent-station-14,AMC Kent Station 14,rerelease,anniversary_or_rerelease,confirmed_complete,2026-08-28,2026-09-02,2026-08-14,Friday,0.16666666666666666,True,5,21,479,0.0438,2,4,5,5,5,True,True,0.16666666666666666,0.16666666666666666,2026-08-28,False,True,0.3333333333333333,0.3333333333333333,2026-08-29,False,True,0.5,0.5,2026-08-30,False,True,0.6666666666666666,0.6666666666666666,2026-08-31,False,True,1.0,1.0,True,True,1.0,1.0,True,True,True,True,False,False,pre_opening_rollout_after_48h
84287,Terminator 2: Judgment Day 35th Anniversary,amc-southcenter-16,AMC Southcenter 16,rerelease,anniversary_or_rerelease,confirmed_complete,2026-08-28,2026-09-02,2026-08-14,Friday,0.16666666666666666,True,5,22,507,0.0434,2,4,5,5,5,True,True,0.16666666666666666,0.16666666666666666,2026-08-28,False,True,0.3333333333333333,0.3333333333333333,2026-08-29,False,True,0.5,0.5,2026-08-30,False,True,0.6666666666666666,0.6666666666666666,2026-08-31,False,True,1.0,1.0,True,True,1.0,1.0,True,True,True,True,False,False,pre_opening_rollout_after_48h
84287,Terminator 2: Judgment Day 35th Anniversary,amc-woodinville-12,AMC Woodinville 12,rerelease,anniversary_or_rerelease,confirmed_complete,2026-08-28,2026-09-02,2026-08-14,Friday,0.16666666666666666,True,5,19,397,0.0479,2,4,5,5,5,True,True,0.16666666666666666,0.16666666666666666,2026-08-28,False,True,0.3333333333333333,0.3333333333333333,2026-08-29,False,True,0.5,0.5,2026-08-30,False,True,0.6666666666666666,0.6666666666666666,2026-08-31,False,True,1.0,1.0,True,True,1.0,1.0,True,True,True,True,False,False,pre_opening_rollout_after_48h
84239,Texas Chainsaw Day (2026),amc-alderwood-mall-16,AMC Alderwood Mall 16,special_event,concert_or_event,confirmed_complete,2026-08-18,2026-08-18,2026-08-04,Tuesday,1.0,False,0,190,579,0.3282,0,0,0,0,0,True,True,1.0,1.0,2026-08-18,True,True,1.0,1.0,2026-08-18,True,True,1.0,1.0,2026-08-18,True,True,1.0,1.0,2026-08-18,True,True,1.0,1.0,True,True,1.0,1.0,True,False,False,False,False,False,not_extended_on_first_snapshot
84239,Texas Chainsaw Day (2026),amc-kent-station-14,AMC Kent Station 14,special_event,concert_or_event,confirmed_complete,2026-08-18,2026-08-18,2026-08-04,Tuesday,1.0,False,0,88,555,0.1586,0,0,0,0,0,True,True,1.0,1.0,2026-08-18,True,True,1.0,1.0,2026-08-18,True,True,1.0,1.0,2026-08-18,True,True,1.0,1.0,2026-08-18,True,True,1.0,1.0,True,True,1.0,1.0,True,False,False,False,False,False,not_extended_on_first_snapshot
84239,Texas Chainsaw Day (2026),amc-pacific-place-11,AMC Pacific Place 11,special_event,concert_or_event,confirmed_complete,2026-08-18,2026-08-18,2026-08-12,Wednesday,1.0,False,0,310,327,0.948,0,0,0,0,0,True,True,1.0,1.0,2026-08-18,True,True,1.0,1.0,2026-08-18,True,True,1.0,1.0,2026-08-18,True,True,1.0,1.0,2026-08-18,True,False,,,,True,1.0,1.0,True,False,False,False,False,False,not_extended_on_first_snapshot
84239,Texas Chainsaw Day (2026),amc-southcenter-16,AMC Southcenter 16,special_event,concert_or_event,confirmed_complete,2026-08-18,2026-08-18,2026-08-04,Tuesday,1.0,False,0,171,551,0.3103,0,0,0,0,0,True,True,1.0,1.0,2026-08-18,True,True,1.0,1.0,2026-08-18,True,True,1.0,1.0,2026-08-18,True,True,1.0,1.0,2026-08-18,True,True,1.0,1.0,True,True,1.0,1.0,True,False,False,False,False,False,not_extended_on_first_snapshot
84239,Texas Chainsaw Day (2026),amc-woodinville-12,AMC Woodinville 12,special_event,concert_or_event,confirmed_complete,2026-08-18,2026-08-18,2026-08-04,Tuesday,1.0,False,0,106,395,0.2684,0,0,0,0,0,True,True,1.0,1.0,2026-08-18,True,True,1.0,1.0,2026-08-18,True,True,1.0,1.0,2026-08-18,True,True,1.0,1.0,2026-08-18,True,True,1.0,1.0,True,True,1.0,1.0,True,False,False,False,False,False,not_extended_on_first_snapshot
83811,The Bad Guys 2,amc-alderwood-mall-16,AMC Alderwood Mall 16,ordinary,standard,confirmed_complete,2026-07-27,2026-07-29,2026-07-13,Monday,0.5,True,2,68,529,0.1285,0,2,2,2,2,True,True,0.5,0.5,2026-07-27,False,True,0.5,0.5,2026-07-27,False,True,1.0,1.0,2026-07-29,True,True,1.0,1.0,2026-07-29,True,True,1.0,1.0,True,True,1.0,1.0,True,True,False,False,False,False,immediate_rollout_within_48h
83811,The Bad Guys 2,amc-kent-station-14,AMC Kent Station 14,ordinary,standard,confirmed_complete,2026-07-27,2026-07-29,2026-07-13,Monday,0.5,True,2,68,505,0.1347,0,2,2,2,2,True,True,0.5,0.5,2026-07-27,False,True,0.5,0.5,2026-07-27,False,True,1.0,1.0,2026-07-29,True,True,1.0,1.0,2026-07-29,True,True,1.0,1.0,True,True,1.0,1.0,True,True,False,False,False,False,immediate_rollout_within_48h
83811,The Bad Guys 2,amc-southcenter-16,AMC Southcenter 16,ordinary,standard,confirmed_complete,2026-07-27,2026-07-29,2026-07-13,Monday,0.5,True,2,81,551,0.147,0,2,2,2,2,True,True,0.5,0.5,2026-07-27,False,True,0.5,0.5,2026-07-27,False,True,1.0,1.0,2026-07-29,True,True,1.0,1.0,2026-07-29,True,True,1.0,1.0,True,True,1.0,1.0,True,True,False,False,False,False,immediate_rollout_within_48h
83811,The Bad Guys 2,amc-woodinville-12,AMC Woodinville 12,ordinary,standard,confirmed_complete,2026-07-27,2026-07-29,2026-07-13,Monday,0.5,True,2,65,367,0.1771,0,2,2,2,2,True,True,0.5,0.5,2026-07-27,False,True,0.5,0.5,2026-07-27,False,True,1.0,1.0,2026-07-29,True,True,1.0,1.0,2026-07-29,True,True,1.0,1.0,True,True,1.0,1.0,True,True,False,False,False,False,immediate_rollout_within_48h
83719,The Brink of War,amc-alderwood-mall-16,AMC Alderwood Mall 16,ordinary,standard,confirmed_complete,2026-08-13,2026-08-26,2026-07-30,Thursday,0.1,True,13,243,609,0.399,6,20,20,20,20,False,True,0.1,0.07142857142857142,2026-08-13,False,True,0.16666666666666666,0.14285714285714285,2026-08-14,False,True,0.23333333333333334,0.21428571428571427,2026-08-15,False,True,0.3,0.2857142857142857,2026-08-16,False,True,0.5,0.5,False,True,0.5,0.5,False,True,True,True,True,True,late_in_run_extension
83719,The Brink of War,amc-factoria-8,AMC Factoria 8,ordinary,standard,confirmed_complete,2026-08-15,2026-08-15,2026-08-11,Tuesday,1.0,False,0,257,285,0.9018,0,0,0,0,0,True,True,1.0,1.0,2026-08-15,True,True,1.0,1.0,2026-08-15,True,True,1.0,1.0,2026-08-15,True,True,1.0,1.0,2026-08-15,True,False,,,,True,1.0,1.0,True,False,False,False,False,False,not_extended_on_first_snapshot
83719,The Brink of War,amc-kent-station-14,AMC Kent Station 14,ordinary,standard,confirmed_complete,2026-08-13,2026-08-27,2026-08-05,Wednesday,0.35714285714285715,True,8,545,607,0.8979,6,13,13,20,20,False,True,0.35714285714285715,0.4666666666666667,2026-08-19,False,True,0.35714285714285715,0.4666666666666667,2026-08-19,False,True,0.35714285714285715,0.4666666666666667,2026-08-19,False,True,0.35714285714285715,0.4666666666666667,2026-08-19,False,True,0.35714285714285715,0.4666666666666667,False,True,0.35714285714285715,0.4666666666666667,False,True,True,True,True,True,late_in_run_extension
83719,The Brink of War,amc-pacific-place-11,AMC Pacific Place 11,ordinary,standard,confirmed_complete,2026-08-15,2026-08-15,2026-08-11,Tuesday,1.0,False,0,214,327,0.6544,0,0,0,0,0,True,True,1.0,1.0,2026-08-15,True,True,1.0,1.0,2026-08-15,True,True,1.0,1.0,2026-08-15,True,True,1.0,1.0,2026-08-15,True,False,,,,True,1.0,1.0,True,False,False,False,False,False,not_extended_on_first_snapshot
83719,The Brink of War,amc-southcenter-16,AMC Southcenter 16,ordinary,standard,confirmed_complete,2026-08-13,2026-08-26,2026-07-30,Thursday,0.10526315789473684,True,13,267,650,0.4108,13,20,20,23,20,False,True,0.10526315789473684,0.07142857142857142,2026-08-13,False,True,0.15789473684210525,0.14285714285714285,2026-08-14,False,True,0.21052631578947367,0.21428571428571427,2026-08-15,False,True,0.2631578947368421,0.2857142857142857,2026-08-16,False,True,0.39473684210526316,0.5,False,True,0.39473684210526316,0.5,False,True,True,True,True,True,late_in_run_extension
83719,The Brink of War,amc-woodinville-12,AMC Woodinville 12,ordinary,standard,confirmed_complete,2026-08-15,2026-08-15,2026-08-11,Tuesday,1.0,False,0,353,395,0.8937,0,0,0,0,0,True,True,1.0,1.0,2026-08-15,True,True,1.0,1.0,2026-08-15,True,True,1.0,1.0,2026-08-15,True,True,1.0,1.0,2026-08-15,True,False,,,,True,1.0,1.0,True,False,False,False,False,False,not_extended_on_first_snapshot
84713,The Changeling + Star Trek: The Motion Picture - Director's Edition - 60th Anniversary Event,amc-alderwood-mall-16,AMC Alderwood Mall 16,rerelease,anniversary_or_rerelease,confirmed_complete,2026-09-04,2026-09-04,2026-08-21,Friday,1.0,False,0,18,481,0.0374,0,0,0,0,0,True,True,1.0,1.0,2026-09-04,True,True,1.0,1.0,2026-09-04,True,True,1.0,1.0,2026-09-04,True,True,1.0,1.0,2026-09-04,True,True,1.0,1.0,True,True,1.0,1.0,True,False,False,False,False,False,not_extended_on_first_snapshot
84713,The Changeling + Star Trek: The Motion Picture - Director's Edition - 60th Anniversary Event,amc-southcenter-16,AMC Southcenter 16,rerelease,anniversary_or_rerelease,confirmed_complete,2026-09-04,2026-09-04,2026-08-21,Friday,1.0,False,0,19,478,0.0397,0,0,0,0,0,True,True,1.0,1.0,2026-09-04,True,True,1.0,1.0,2026-09-04,True,True,1.0,1.0,2026-09-04,True,True,1.0,1.0,2026-09-04,True,True,1.0,1.0,True,True,1.0,1.0,True,False,False,False,False,False,not_extended_on_first_snapshot
84716,The City on The Edge of Forever + Star Trek IV: The Voyage Home 60th Anniversary Event,amc-alderwood-mall-16,AMC Alderwood Mall 16,rerelease,anniversary_or_rerelease,confirmed_complete,2026-09-07,2026-09-08,2026-08-24,Monday,0.5,True,1,74,481,0.1538,0,1,1,1,1,True,True,0.5,0.5,2026-09-07,False,True,1.0,1.0,2026-09-08,True,True,1.0,1.0,2026-09-08,True,True,1.0,1.0,2026-09-08,True,True,1.0,1.0,True,True,1.0,1.0,True,True,False,False,False,False,immediate_rollout_within_48h
84716,The City on The Edge of Forever + Star Trek IV: The Voyage Home 60th Anniversary Event,amc-southcenter-16,AMC Southcenter 16,rerelease,anniversary_or_rerelease,confirmed_complete,2026-09-07,2026-09-08,2026-08-24,Monday,0.3333333333333333,True,1,97,478,0.2029,1,13,13,13,1,True,True,0.3333333333333333,0.5,2026-09-07,False,True,0.6666666666666666,1.0,2026-09-08,True,True,0.6666666666666666,1.0,2026-09-08,True,True,0.6666666666666666,1.0,2026-09-08,True,True,0.6666666666666666,1.0,True,True,0.6666666666666666,1.0,True,True,False,False,False,False,immediate_rollout_within_48h
72464,The Dog Stars,amc-alderwood-mall-16,AMC Alderwood Mall 16,ordinary,standard,confirmed_complete,2026-08-27,2026-09-09,2026-08-13,Thursday,0.05405405405405406,True,13,258,611,0.4223,9,13,13,20,13,True,True,0.05405405405405406,0.07142857142857142,2026-08-27,False,True,0.10810810810810811,0.14285714285714285,2026-08-28,False,True,0.16216216216216217,0.21428571428571427,2026-08-29,False,True,0.21621621621621623,0.2857142857142857,2026-08-30,False,True,0.4189189189189189,0.5714285714285714,False,True,0.6351351351351351,0.8571428571428571,False,True,True,True,False,False,pre_opening_rollout_after_48h
72464,The Dog Stars,amc-factoria-8,AMC Factoria 8,ordinary,standard,confirmed_complete,2026-08-27,2026-09-10,2026-08-13,Thursday,0.04918032786885246,True,14,62,322,0.1925,6,19,19,27,27,False,True,0.04918032786885246,0.06666666666666667,2026-08-27,False,True,0.13114754098360656,0.13333333333333333,2026-08-28,False,True,0.21311475409836064,0.2,2026-08-29,False,True,0.3114754098360656,0.26666666666666666,2026-08-30,False,True,0.5737704918032787,0.5333333333333333,False,True,0.5737704918032787,0.5333333333333333,False,True,True,True,True,True,late_in_run_extension
72464,The Dog Stars,amc-kent-station-14,AMC Kent Station 14,ordinary,standard,confirmed_complete,2026-08-27,2026-09-10,2026-08-13,Thursday,0.0625,True,14,155,523,0.2964,8,12,13,27,27,False,True,0.0625,0.06666666666666667,2026-08-27,False,True,0.125,0.13333333333333333,2026-08-28,False,True,0.1875,0.2,2026-08-29,False,True,0.25,0.26666666666666666,2026-08-30,False,True,0.453125,0.5333333333333333,False,True,0.703125,0.8,False,True,True,True,True,True,late_in_run_extension
72464,The Dog Stars,amc-oak-tree-6,AMC Oak Tree 6,ordinary,standard,confirmed_complete,2026-08-27,2026-09-09,2026-08-13,Thursday,0.04838709677419355,True,13,22,185,0.1189,10,13,19,19,13,True,True,0.04838709677419355,0.07142857142857142,2026-08-27,False,True,0.0967741935483871,0.14285714285714285,2026-08-28,False,True,0.16129032258064516,0.21428571428571427,2026-08-29,False,True,0.22580645161290322,0.2857142857142857,2026-08-30,False,True,0.3548387096774194,0.5714285714285714,False,True,0.5806451612903226,0.8571428571428571,False,True,True,True,False,False,pre_opening_rollout_after_48h
72464,The Dog Stars,amc-pacific-place-11,AMC Pacific Place 11,ordinary,standard,confirmed_complete,2026-08-27,2026-09-10,2026-08-13,Thursday,0.06349206349206349,True,14,143,296,0.4831,7,12,13,20,14,False,True,0.06349206349206349,0.06666666666666667,2026-08-27,False,True,0.12698412698412698,0.13333333333333333,2026-08-28,False,True,0.19047619047619047,0.2,2026-08-29,False,True,0.25396825396825395,0.26666666666666666,2026-08-30,False,True,0.5238095238095238,0.5333333333333333,False,True,0.7777777777777778,0.8,False,True,True,True,False,False,pre_opening_rollout_after_48h
72464,The Dog Stars,amc-southcenter-16,AMC Southcenter 16,ordinary,standard,confirmed_complete,2026-08-27,2026-09-16,2026-08-13,Thursday,0.06060606060606061,True,20,285,543,0.5249,7,12,20,27,27,False,True,0.06060606060606061,0.047619047619047616,2026-08-27,False,True,0.13636363636363635,0.09523809523809523,2026-08-28,False,True,0.19696969696969696,0.14285714285714285,2026-08-29,False,True,0.25757575757575757,0.19047619047619047,2026-08-30,False,True,0.5,0.38095238095238093,False,True,0.7424242424242424,0.5714285714285714,False,True,True,True,True,True,late_in_run_extension
72464,The Dog Stars,amc-woodinville-12,AMC Woodinville 12,ordinary,standard,confirmed_complete,2026-08-27,2026-09-17,2026-08-13,Thursday,0.05128205128205128,True,21,150,390,0.3846,13,19,27,33,33,False,True,0.05128205128205128,0.045454545454545456,2026-08-27,False,True,0.11538461538461539,0.09090909090909091,2026-08-28,False,True,0.1794871794871795,0.13636363636363635,2026-08-29,False,True,0.24358974358974358,0.18181818181818182,2026-08-30,False,True,0.4230769230769231,0.3181818181818182,False,True,0.4230769230769231,0.3181818181818182,False,True,True,True,True,True,late_in_run_extension
83872,The End Of Evangelion (Evangelion 30th Movie Fest),amc-alderwood-mall-16,AMC Alderwood Mall 16,special_event,concert_or_event,confirmed_complete,2026-07-22,2026-07-23,2026-07-08,Wednesday,0.6666666666666666,True,1,143,552,0.2591,0,14,14,14,14,False,True,0.6666666666666666,0.5,2026-07-22,False,True,0.6666666666666666,0.5,2026-07-22,False,True,0.6666666666666666,0.5,2026-07-22,False,True,0.6666666666666666,0.5,2026-07-22,False,True,0.6666666666666666,0.5,False,True,0.6666666666666666,0.5,False,True,True,True,False,False,pre_opening_rollout_after_48h
83872,The End Of Evangelion (Evangelion 30th Movie Fest),amc-kent-station-14,AMC Kent Station 14,special_event,concert_or_event,confirmed_complete,2026-07-22,2026-07-23,2026-07-08,Wednesday,0.25,True,1,145,517,0.2805,6,13,13,13,13,True,True,0.25,0.5,2026-07-22,False,True,0.25,0.5,2026-07-22,False,True,0.25,0.5,2026-07-22,False,True,0.25,0.5,2026-07-22,False,True,0.5,0.5,False,True,0.5,0.5,False,True,True,True,False,False,pre_opening_rollout_after_48h
83872,The End Of Evangelion (Evangelion 30th Movie Fest),amc-southcenter-16,AMC Southcenter 16,special_event,concert_or_event,confirmed_complete,2026-07-22,2026-07-23,2026-07-08,Wednesday,0.2,True,1,172,538,0.3197,2,13,13,13,13,True,True,0.2,0.5,2026-07-22,False,True,0.2,0.5,2026-07-22,False,True,0.6,0.5,2026-07-22,False,True,0.6,0.5,2026-07-22,False,True,0.6,0.5,False,True,0.6,0.5,False,True,True,True,False,False,pre_opening_rollout_after_48h
71226,The End of Oak Street,amc-alderwood-mall-16,AMC Alderwood Mall 16,ordinary,standard,confirmed_complete,2026-08-13,2026-09-10,2026-07-30,Thursday,0.024390243902439025,True,28,243,609,0.399,20,27,33,41,41,False,True,0.024390243902439025,0.034482758620689655,2026-08-13,False,True,0.06504065040650407,0.06896551724137931,2026-08-14,False,True,0.10569105691056911,0.10344827586206896,2026-08-15,False,True,0.14634146341463414,0.13793103448275862,2026-08-16,False,True,0.2682926829268293,0.2413793103448276,False,True,0.2682926829268293,0.2413793103448276,False,True,True,True,True,True,late_in_run_extension
71226,The End of Oak Street,amc-factoria-8,AMC Factoria 8,ordinary,standard,confirmed_complete,2026-08-13,2026-09-10,2026-07-30,Thursday,0.03389830508474576,True,28,127,271,0.4686,19,26,33,41,41,False,True,0.03389830508474576,0.034482758620689655,2026-08-13,False,True,0.07627118644067797,0.06896551724137931,2026-08-14,False,True,0.11864406779661017,0.10344827586206896,2026-08-15,False,True,0.16101694915254236,0.13793103448275862,2026-08-16,False,True,0.3305084745762712,0.27586206896551724,False,True,0.3305084745762712,0.27586206896551724,False,True,True,True,True,True,late_in_run_extension
71226,The End of Oak Street,amc-kent-station-14,AMC Kent Station 14,ordinary,standard,confirmed_complete,2026-08-13,2026-09-10,2026-07-30,Thursday,0.021505376344086023,True,28,194,607,0.3196,19,26,33,41,41,False,True,0.021505376344086023,0.034482758620689655,2026-08-13,False,True,0.04838709677419355,0.06896551724137931,2026-08-14,False,True,0.07526881720430108,0.10344827586206896,2026-08-15,False,True,0.10215053763440861,0.13793103448275862,2026-08-16,False,True,0.15591397849462366,0.20689655172413793,False,True,0.15591397849462366,0.20689655172413793,False,True,True,True,True,True,late_in_run_extension
71226,The End of Oak Street,amc-oak-tree-6,AMC Oak Tree 6,ordinary,standard,confirmed_complete,2026-08-13,2026-09-10,2026-07-30,Thursday,0.043478260869565216,True,28,56,195,0.2872,20,27,33,41,41,False,True,0.043478260869565216,0.034482758620689655,2026-08-13,False,True,0.08695652173913043,0.06896551724137931,2026-08-14,False,True,0.13043478260869565,0.10344827586206896,2026-08-15,False,True,0.17391304347826086,0.13793103448275862,2026-08-16,False,True,0.2717391304347826,0.2413793103448276,False,True,0.2717391304347826,0.2413793103448276,False,True,True,True,True,True,late_in_run_extension
71226,The End of Oak Street,amc-pacific-place-11,AMC Pacific Place 11,ordinary,standard,confirmed_complete,2026-08-13,2026-09-03,2026-07-30,Thursday,0.046511627906976744,True,21,144,331,0.435,20,27,27,33,33,False,True,0.046511627906976744,0.045454545454545456,2026-08-13,False,True,0.10465116279069768,0.09090909090909091,2026-08-14,False,True,0.16279069767441862,0.13636363636363635,2026-08-15,False,True,0.22093023255813954,0.18181818181818182,2026-08-16,False,True,0.4186046511627907,0.36363636363636365,False,True,0.4186046511627907,0.36363636363636365,False,True,True,True,True,True,late_in_run_extension
71226,The End of Oak Street,amc-southcenter-16,AMC Southcenter 16,ordinary,standard,confirmed_complete,2026-08-13,2026-09-16,2026-07-30,Thursday,0.03225806451612903,True,34,267,650,0.4108,20,34,34,43,41,False,True,0.03225806451612903,0.02857142857142857,2026-08-13,False,True,0.07096774193548387,0.05714285714285714,2026-08-14,False,True,0.10967741935483871,0.08571428571428572,2026-08-15,False,True,0.14193548387096774,0.11428571428571428,2026-08-16,False,True,0.21935483870967742,0.2,False,True,0.21935483870967742,0.2,False,True,True,True,True,True,late_in_run_extension
71226,The End of Oak Street,amc-woodinville-12,AMC Woodinville 12,ordinary,standard,confirmed_complete,2026-08-13,2026-09-09,2026-07-30,Thursday,0.03076923076923077,True,27,176,399,0.4411,19,27,33,33,33,False,True,0.03076923076923077,0.03571428571428571,2026-08-13,False,True,0.06923076923076923,0.07142857142857142,2026-08-14,False,True,0.11538461538461539,0.10714285714285714,2026-08-15,False,True,0.16153846153846155,0.14285714285714285,2026-08-16,False,True,0.27692307692307694,0.25,False,True,0.27692307692307694,0.25,False,True,True,True,True,True,late_in_run_extension
84356,The Eyes,amc-alderwood-mall-16,AMC Alderwood Mall 16,ordinary,standard,confirmed_complete,2026-07-10,2026-07-15,2026-07-08,Wednesday,1.0,False,0,519,572,0.9073,0,0,0,0,0,True,True,1.0,1.0,2026-07-15,True,True,1.0,1.0,2026-07-15,True,True,1.0,1.0,2026-07-15,True,True,1.0,1.0,2026-07-15,True,False,,,,False,,,,False,False,False,False,False,not_extended_on_first_snapshot
84081,The Fast and the Furious 25th Anniversary,amc-alderwood-mall-16,AMC Alderwood Mall 16,rerelease,anniversary_or_rerelease,confirmed_complete,2026-08-20,2026-09-02,2026-08-06,Thursday,0.05555555555555555,True,13,249,579,0.4301,13,20,20,20,20,False,True,0.05555555555555555,0.07142857142857142,2026-08-20,False,True,0.1111111111111111,0.14285714285714285,2026-08-21,False,True,0.16666666666666666,0.21428571428571427,2026-08-22,False,True,0.2222222222222222,0.2857142857142857,2026-08-23,False,True,0.3888888888888889,0.5,False,True,0.3888888888888889,0.5,False,True,True,True,True,True,late_in_run_extension
84081,The Fast and the Furious 25th Anniversary,amc-kent-station-14,AMC Kent Station 14,rerelease,anniversary_or_rerelease,confirmed_complete,2026-08-20,2026-09-03,2026-08-06,Thursday,0.08571428571428572,True,14,127,555,0.2288,12,19,19,26,26,False,True,0.08571428571428572,0.06666666666666667,2026-08-20,False,True,0.14285714285714285,0.13333333333333333,2026-08-21,False,True,0.2,0.2,2026-08-22,False,True,0.2571428571428571,0.26666666666666666,2026-08-23,False,True,0.42857142857142855,0.4666666666666667,False,True,0.42857142857142855,0.4666666666666667,False,True,True,True,True,True,late_in_run_extension
84081,The Fast and the Furious 25th Anniversary,amc-southcenter-16,AMC Southcenter 16,rerelease,anniversary_or_rerelease,confirmed_complete,2026-08-20,2026-09-02,2026-08-06,Thursday,0.06666666666666667,True,13,240,551,0.4356,12,16,20,20,20,False,True,0.06666666666666667,0.07142857142857142,2026-08-20,False,True,0.13333333333333333,0.14285714285714285,2026-08-21,False,True,0.2,0.21428571428571427,2026-08-22,False,True,0.26666666666666666,0.2857142857142857,2026-08-23,False,True,0.4444444444444444,0.5,False,True,0.4444444444444444,0.5,False,True,True,True,True,True,late_in_run_extension
84081,The Fast and the Furious 25th Anniversary,amc-woodinville-12,AMC Woodinville 12,rerelease,anniversary_or_rerelease,confirmed_complete,2026-08-20,2026-08-27,2026-08-18,Tuesday,0.7777777777777778,True,1,395,395,1.0,0,9,9,9,9,False,True,0.7777777777777778,0.875,2026-08-26,False,True,0.7777777777777778,0.875,2026-08-26,False,True,0.7777777777777778,0.875,2026-08-26,False,True,0.7777777777777778,0.875,2026-08-26,False,False,,,,False,,,,True,True,True,True,True,late_in_run_extension
82772,The Fifth Element (2026 Event),amc-alderwood-mall-16,AMC Alderwood Mall 16,special_event,concert_or_event,confirmed_complete,2026-07-26,2026-07-27,2026-07-12,Sunday,0.5,True,1,50,529,0.0945,0,1,1,1,1,True,True,0.5,0.5,2026-07-26,False,True,1.0,1.0,2026-07-27,True,True,1.0,1.0,2026-07-27,True,True,1.0,1.0,2026-07-27,True,True,1.0,1.0,True,True,1.0,1.0,True,True,False,False,False,False,immediate_rollout_within_48h
82772,The Fifth Element (2026 Event),amc-kent-station-14,AMC Kent Station 14,special_event,concert_or_event,confirmed_complete,2026-07-26,2026-07-27,2026-07-12,Sunday,0.5,True,1,49,505,0.097,0,1,1,1,1,True,True,0.5,0.5,2026-07-26,False,True,1.0,1.0,2026-07-27,True,True,1.0,1.0,2026-07-27,True,True,1.0,1.0,2026-07-27,True,True,1.0,1.0,True,True,1.0,1.0,True,True,False,False,False,False,immediate_rollout_within_48h
82772,The Fifth Element (2026 Event),amc-southcenter-16,AMC Southcenter 16,special_event,concert_or_event,confirmed_complete,2026-07-26,2026-07-27,2026-07-12,Sunday,0.5,True,1,60,551,0.1089,0,1,1,1,1,True,True,0.5,0.5,2026-07-26,False,True,1.0,1.0,2026-07-27,True,True,1.0,1.0,2026-07-27,True,True,1.0,1.0,2026-07-27,True,True,1.0,1.0,True,True,1.0,1.0,True,True,False,False,False,False,immediate_rollout_within_48h
82772,The Fifth Element (2026 Event),amc-woodinville-12,AMC Woodinville 12,special_event,concert_or_event,confirmed_complete,2026-07-26,2026-07-27,2026-07-12,Sunday,0.5,True,1,47,367,0.1281,0,1,1,1,1,True,True,0.5,0.5,2026-07-26,False,True,1.0,1.0,2026-07-27,True,True,1.0,1.0,2026-07-27,True,True,1.0,1.0,2026-07-27,True,True,1.0,1.0,True,True,1.0,1.0,True,True,False,False,False,False,immediate_rollout_within_48h
84047,The Fix,amc-alderwood-mall-16,AMC Alderwood Mall 16,ordinary,standard,confirmed_complete,2026-09-10,2026-09-16,2026-09-05,Saturday,0.42857142857142855,False,0,440,481,0.9148,4,4,4,4,0,True,True,0.42857142857142855,0.8571428571428571,2026-09-16,True,True,0.42857142857142855,0.8571428571428571,2026-09-16,True,True,0.42857142857142855,0.8571428571428571,2026-09-16,True,True,0.42857142857142855,0.8571428571428571,2026-09-16,True,False,,,,True,0.42857142857142855,0.8571428571428571,True,False,False,False,False,False,not_extended_on_first_snapshot
84047,The Fix,amc-kent-station-14,AMC Kent Station 14,ordinary,standard,confirmed_complete,2026-09-10,2026-09-17,2026-09-03,Thursday,0.5384615384615384,True,1,419,458,0.9148,0,6,6,12,12,False,True,0.5384615384615384,0.875,2026-09-16,False,True,0.5384615384615384,0.875,2026-09-16,False,True,0.5384615384615384,0.875,2026-09-16,False,True,0.5384615384615384,0.875,2026-09-16,False,True,0.5384615384615384,0.875,False,True,0.5384615384615384,0.875,False,True,True,True,True,True,late_in_run_extension
84047,The Fix,amc-pacific-place-11,AMC Pacific Place 11,ordinary,standard,confirmed_complete,2026-09-10,2026-09-16,2026-09-09,Wednesday,0.8571428571428571,False,0,293,308,0.9513,0,0,1,1,0,True,True,0.8571428571428571,0.8571428571428571,2026-09-16,True,True,1.0,1.0,2026-09-16,True,True,1.0,1.0,2026-09-16,True,True,1.0,1.0,2026-09-16,True,False,,,,False,,,,False,False,False,False,False,not_extended_on_first_snapshot
84047,The Fix,amc-southcenter-16,AMC Southcenter 16,ordinary,standard,confirmed_complete,2026-09-10,2026-09-23,2026-08-27,Thursday,0.04,True,13,193,478,0.4038,13,20,20,20,20,False,True,0.04,0.07142857142857142,2026-09-10,False,True,0.08,0.14285714285714285,2026-09-11,False,True,0.12,0.21428571428571427,2026-09-12,False,True,0.16,0.2857142857142857,2026-09-13,False,True,0.28,0.5,False,True,0.28,0.5,False,True,True,True,True,True,late_in_run_extension
84388,The Hunger Games (2026),amc-alderwood-mall-16,AMC Alderwood Mall 16,special_event,concert_or_event,confirmed_complete,2026-09-03,2026-09-03,2026-08-20,Thursday,1.0,False,0,138,557,0.2478,0,0,0,0,0,True,True,1.0,1.0,2026-09-03,True,True,1.0,1.0,2026-09-03,True,True,1.0,1.0,2026-09-03,True,True,1.0,1.0,2026-09-03,True,True,1.0,1.0,True,True,1.0,1.0,True,False,False,False,False,False,not_extended_on_first_snapshot
84388,The Hunger Games (2026),amc-kent-station-14,AMC Kent Station 14,special_event,concert_or_event,confirmed_complete,2026-09-03,2026-09-03,2026-08-20,Thursday,1.0,False,0,129,479,0.2693,0,0,0,0,0,True,True,1.0,1.0,2026-09-03,True,True,1.0,1.0,2026-09-03,True,True,1.0,1.0,2026-09-03,True,True,1.0,1.0,2026-09-03,True,True,1.0,1.0,True,True,1.0,1.0,True,False,False,False,False,False,not_extended_on_first_snapshot
84388,The Hunger Games (2026),amc-southcenter-16,AMC Southcenter 16,special_event,concert_or_event,confirmed_complete,2026-09-03,2026-09-03,2026-08-20,Thursday,1.0,False,0,135,507,0.2663,0,0,0,0,0,True,True,1.0,1.0,2026-09-03,True,True,1.0,1.0,2026-09-03,True,True,1.0,1.0,2026-09-03,True,True,1.0,1.0,2026-09-03,True,True,1.0,1.0,True,True,1.0,1.0,True,False,False,False,False,False,not_extended_on_first_snapshot
84388,The Hunger Games (2026),amc-woodinville-12,AMC Woodinville 12,special_event,concert_or_event,confirmed_complete,2026-09-03,2026-09-03,2026-08-20,Thursday,1.0,False,0,121,397,0.3048,0,0,0,0,0,True,True,1.0,1.0,2026-09-03,True,True,1.0,1.0,2026-09-03,True,True,1.0,1.0,2026-09-03,True,True,1.0,1.0,2026-09-03,True,True,1.0,1.0,True,True,1.0,1.0,True,False,False,False,False,False,not_extended_on_first_snapshot
84390,The Hunger Games: Catching Fire (2026),amc-alderwood-mall-16,AMC Alderwood Mall 16,special_event,concert_or_event,confirmed_complete,2026-09-04,2026-09-04,2026-08-21,Friday,1.0,False,0,18,481,0.0374,0,0,0,0,0,True,True,1.0,1.0,2026-09-04,True,True,1.0,1.0,2026-09-04,True,True,1.0,1.0,2026-09-04,True,True,1.0,1.0,2026-09-04,True,True,1.0,1.0,True,True,1.0,1.0,True,False,False,False,False,False,not_extended_on_first_snapshot
84390,The Hunger Games: Catching Fire (2026),amc-kent-station-14,AMC Kent Station 14,special_event,concert_or_event,confirmed_complete,2026-09-04,2026-09-04,2026-08-21,Friday,1.0,False,0,13,458,0.0284,0,0,0,0,0,True,True,1.0,1.0,2026-09-04,True,True,1.0,1.0,2026-09-04,True,True,1.0,1.0,2026-09-04,True,True,1.0,1.0,2026-09-04,True,True,1.0,1.0,True,True,1.0,1.0,True,False,False,False,False,False,not_extended_on_first_snapshot
84390,The Hunger Games: Catching Fire (2026),amc-southcenter-16,AMC Southcenter 16,special_event,concert_or_event,confirmed_complete,2026-09-04,2026-09-04,2026-08-21,Friday,1.0,False,0,19,478,0.0397,0,0,0,0,0,True,True,1.0,1.0,2026-09-04,True,True,1.0,1.0,2026-09-04,True,True,1.0,1.0,2026-09-04,True,True,1.0,1.0,2026-09-04,True,True,1.0,1.0,True,True,1.0,1.0,True,False,False,False,False,False,not_extended_on_first_snapshot
84390,The Hunger Games: Catching Fire (2026),amc-woodinville-12,AMC Woodinville 12,special_event,concert_or_event,confirmed_complete,2026-09-04,2026-09-04,2026-08-21,Friday,1.0,False,0,10,342,0.0292,0,0,0,0,0,True,True,1.0,1.0,2026-09-04,True,True,1.0,1.0,2026-09-04,True,True,1.0,1.0,2026-09-04,True,True,1.0,1.0,2026-09-04,True,True,1.0,1.0,True,True,1.0,1.0,True,False,False,False,False,False,not_extended_on_first_snapshot
84391,The Hunger Games: Mockingjay - Part 1 (2026),amc-alderwood-mall-16,AMC Alderwood Mall 16,special_event,concert_or_event,confirmed_complete,2026-09-05,2026-09-05,2026-08-22,Saturday,1.0,False,0,36,481,0.0748,0,0,0,0,0,True,True,1.0,1.0,2026-09-05,True,True,1.0,1.0,2026-09-05,True,True,1.0,1.0,2026-09-05,True,True,1.0,1.0,2026-09-05,True,True,1.0,1.0,True,True,1.0,1.0,True,False,False,False,False,False,not_extended_on_first_snapshot
84391,The Hunger Games: Mockingjay - Part 1 (2026),amc-kent-station-14,AMC Kent Station 14,special_event,concert_or_event,confirmed_complete,2026-09-05,2026-09-05,2026-08-22,Saturday,1.0,False,0,26,458,0.0568,0,0,0,0,0,True,True,1.0,1.0,2026-09-05,True,True,1.0,1.0,2026-09-05,True,True,1.0,1.0,2026-09-05,True,True,1.0,1.0,2026-09-05,True,True,1.0,1.0,True,True,1.0,1.0,True,False,False,False,False,False,not_extended_on_first_snapshot
84391,The Hunger Games: Mockingjay - Part 1 (2026),amc-southcenter-16,AMC Southcenter 16,special_event,concert_or_event,confirmed_complete,2026-09-05,2026-09-05,2026-08-22,Saturday,1.0,False,0,39,478,0.0816,0,0,0,0,0,True,True,1.0,1.0,2026-09-05,True,True,1.0,1.0,2026-09-05,True,True,1.0,1.0,2026-09-05,True,True,1.0,1.0,2026-09-05,True,True,1.0,1.0,True,True,1.0,1.0,True,False,False,False,False,False,not_extended_on_first_snapshot
84391,The Hunger Games: Mockingjay - Part 1 (2026),amc-woodinville-12,AMC Woodinville 12,special_event,concert_or_event,confirmed_complete,2026-09-05,2026-09-05,2026-08-22,Saturday,1.0,False,0,21,342,0.0614,0,0,0,0,0,True,True,1.0,1.0,2026-09-05,True,True,1.0,1.0,2026-09-05,True,True,1.0,1.0,2026-09-05,True,True,1.0,1.0,2026-09-05,True,True,1.0,1.0,True,True,1.0,1.0,True,False,False,False,False,False,not_extended_on_first_snapshot
84392,The Hunger Games: Mockingjay - Part 2 (2026),amc-alderwood-mall-16,AMC Alderwood Mall 16,special_event,concert_or_event,confirmed_complete,2026-09-06,2026-09-06,2026-08-23,Sunday,1.0,False,0,55,481,0.1143,0,0,0,0,0,True,True,1.0,1.0,2026-09-06,True,True,1.0,1.0,2026-09-06,True,True,1.0,1.0,2026-09-06,True,True,1.0,1.0,2026-09-06,True,True,1.0,1.0,True,True,1.0,1.0,True,False,False,False,False,False,not_extended_on_first_snapshot
84392,The Hunger Games: Mockingjay - Part 2 (2026),amc-kent-station-14,AMC Kent Station 14,special_event,concert_or_event,confirmed_complete,2026-09-06,2026-09-06,2026-08-23,Sunday,1.0,False,0,39,458,0.0852,0,0,0,0,0,True,True,1.0,1.0,2026-09-06,True,True,1.0,1.0,2026-09-06,True,True,1.0,1.0,2026-09-06,True,True,1.0,1.0,2026-09-06,True,True,1.0,1.0,True,True,1.0,1.0,True,False,False,False,False,False,not_extended_on_first_snapshot
84392,The Hunger Games: Mockingjay - Part 2 (2026),amc-southcenter-16,AMC Southcenter 16,special_event,concert_or_event,confirmed_complete,2026-09-06,2026-09-06,2026-08-23,Sunday,1.0,False,0,60,478,0.1255,0,0,0,0,0,True,True,1.0,1.0,2026-09-06,True,True,1.0,1.0,2026-09-06,True,True,1.0,1.0,2026-09-06,True,True,1.0,1.0,2026-09-06,True,True,1.0,1.0,True,True,1.0,1.0,True,False,False,False,False,False,not_extended_on_first_snapshot
84392,The Hunger Games: Mockingjay - Part 2 (2026),amc-woodinville-12,AMC Woodinville 12,special_event,concert_or_event,confirmed_complete,2026-09-06,2026-09-06,2026-08-23,Sunday,1.0,False,0,32,342,0.0936,0,0,0,0,0,True,True,1.0,1.0,2026-09-06,True,True,1.0,1.0,2026-09-06,True,True,1.0,1.0,2026-09-06,True,True,1.0,1.0,2026-09-06,True,True,1.0,1.0,True,True,1.0,1.0,True,False,False,False,False,False,not_extended_on_first_snapshot
84393,The Hunger Games: The Ballad of Songbirds & Snakes (2026),amc-alderwood-mall-16,AMC Alderwood Mall 16,special_event,concert_or_event,confirmed_complete,2026-09-07,2026-09-07,2026-08-24,Monday,1.0,False,0,74,481,0.1538,0,0,0,0,0,True,True,1.0,1.0,2026-09-07,True,True,1.0,1.0,2026-09-07,True,True,1.0,1.0,2026-09-07,True,True,1.0,1.0,2026-09-07,True,True,1.0,1.0,True,True,1.0,1.0,True,False,False,False,False,False,not_extended_on_first_snapshot
84393,The Hunger Games: The Ballad of Songbirds & Snakes (2026),amc-kent-station-14,AMC Kent Station 14,special_event,concert_or_event,confirmed_complete,2026-09-07,2026-09-07,2026-08-24,Monday,1.0,False,0,53,458,0.1157,0,0,0,0,0,True,True,1.0,1.0,2026-09-07,True,True,1.0,1.0,2026-09-07,True,True,1.0,1.0,2026-09-07,True,True,1.0,1.0,2026-09-07,True,True,1.0,1.0,True,True,1.0,1.0,True,False,False,False,False,False,not_extended_on_first_snapshot
84393,The Hunger Games: The Ballad of Songbirds & Snakes (2026),amc-southcenter-16,AMC Southcenter 16,special_event,concert_or_event,confirmed_complete,2026-09-07,2026-09-07,2026-08-24,Monday,1.0,False,0,97,478,0.2029,0,0,0,0,0,True,True,1.0,1.0,2026-09-07,True,True,1.0,1.0,2026-09-07,True,True,1.0,1.0,2026-09-07,True,True,1.0,1.0,2026-09-07,True,True,1.0,1.0,True,True,1.0,1.0,True,False,False,False,False,False,not_extended_on_first_snapshot
83704,The Isolate Thief,amc-alderwood-mall-16,AMC Alderwood Mall 16,ordinary,standard,confirmed_complete,2026-07-10,2026-07-15,2026-07-08,Wednesday,1.0,False,0,519,572,0.9073,0,0,0,0,0,True,True,1.0,1.0,2026-07-15,True,True,1.0,1.0,2026-07-15,True,True,1.0,1.0,2026-07-15,True,True,1.0,1.0,2026-07-15,True,False,,,,False,,,,False,False,False,False,False,not_extended_on_first_snapshot
84547,The King of Cannabis,amc-southcenter-16,AMC Southcenter 16,ordinary,standard,confirmed_complete,2026-08-27,2026-09-02,2026-08-13,Thursday,0.14285714285714285,True,6,285,543,0.5249,3,5,6,6,6,True,True,0.14285714285714285,0.14285714285714285,2026-08-27,False,True,0.2857142857142857,0.2857142857142857,2026-08-28,False,True,0.42857142857142855,0.42857142857142855,2026-08-29,False,True,0.5714285714285714,0.5714285714285714,2026-08-30,False,True,1.0,1.0,True,True,1.0,1.0,True,True,True,True,False,False,pre_opening_rollout_after_48h
84140,The Last Blossom,amc-alderwood-mall-16,AMC Alderwood Mall 16,special_event,concert_or_event,confirmed_complete,2026-08-30,2026-08-31,2026-08-16,Sunday,0.5,True,1,65,557,0.1167,0,1,1,1,1,True,True,0.5,0.5,2026-08-30,False,True,1.0,1.0,2026-08-31,True,True,1.0,1.0,2026-08-31,True,True,1.0,1.0,2026-08-31,True,True,1.0,1.0,True,True,1.0,1.0,True,True,False,False,False,False,immediate_rollout_within_48h
84140,The Last Blossom,amc-kent-station-14,AMC Kent Station 14,special_event,concert_or_event,confirmed_complete,2026-08-30,2026-08-31,2026-08-16,Sunday,0.5,True,1,65,479,0.1357,0,1,1,1,1,True,True,0.5,0.5,2026-08-30,False,True,1.0,1.0,2026-08-31,True,True,1.0,1.0,2026-08-31,True,True,1.0,1.0,2026-08-31,True,True,1.0,1.0,True,True,1.0,1.0,True,True,False,False,False,False,immediate_rollout_within_48h
84140,The Last Blossom,amc-southcenter-16,AMC Southcenter 16,special_event,concert_or_event,confirmed_complete,2026-08-30,2026-08-31,2026-08-16,Sunday,0.5,True,1,66,507,0.1302,0,1,1,1,1,True,True,0.5,0.5,2026-08-30,False,True,1.0,1.0,2026-08-31,True,True,1.0,1.0,2026-08-31,True,True,1.0,1.0,2026-08-31,True,True,1.0,1.0,True,True,1.0,1.0,True,True,False,False,False,False,immediate_rollout_within_48h
84558,The Lego Batman Movie,amc-alderwood-mall-16,AMC Alderwood Mall 16,ordinary,standard,confirmed_complete,2026-09-19,2026-09-20,2026-09-03,Thursday,1.0,False,0,133,482,0.2759,0,0,0,0,0,True,True,1.0,1.0,2026-09-20,True,True,1.0,1.0,2026-09-20,True,True,1.0,1.0,2026-09-20,True,True,1.0,1.0,2026-09-20,True,True,1.0,1.0,True,True,1.0,1.0,True,False,False,False,False,False,not_extended_on_first_snapshot
84558,The Lego Batman Movie,amc-kent-station-14,AMC Kent Station 14,ordinary,standard,confirmed_complete,2026-09-19,2026-09-20,2026-09-03,Thursday,0.6666666666666666,False,0,106,440,0.2409,0,12,12,12,0,True,True,0.6666666666666666,1.0,2026-09-20,True,True,0.6666666666666666,1.0,2026-09-20,True,True,0.6666666666666666,1.0,2026-09-20,True,True,0.6666666666666666,1.0,2026-09-20,True,True,0.6666666666666666,1.0,True,True,1.0,1.0,True,False,False,False,False,False,not_extended_on_first_snapshot
84558,The Lego Batman Movie,amc-southcenter-16,AMC Southcenter 16,ordinary,standard,confirmed_complete,2026-09-19,2026-09-20,2026-09-03,Thursday,1.0,False,0,127,491,0.2587,0,0,0,0,0,True,True,1.0,1.0,2026-09-20,True,True,1.0,1.0,2026-09-20,True,True,1.0,1.0,2026-09-20,True,True,1.0,1.0,2026-09-20,True,True,1.0,1.0,True,True,1.0,1.0,True,False,False,False,False,False,not_extended_on_first_snapshot
84558,The Lego Batman Movie,amc-woodinville-12,AMC Woodinville 12,ordinary,standard,confirmed_complete,2026-09-19,2026-09-20,2026-09-03,Thursday,1.0,False,0,67,325,0.2062,0,0,0,0,0,True,True,1.0,1.0,2026-09-20,True,True,1.0,1.0,2026-09-20,True,True,1.0,1.0,2026-09-20,True,True,1.0,1.0,2026-09-20,True,True,1.0,1.0,True,True,1.0,1.0,True,False,False,False,False,False,not_extended_on_first_snapshot
83464,The Magic Faraway Tree,amc-alderwood-mall-16,AMC Alderwood Mall 16,ordinary,standard,confirmed_complete,2026-08-20,2026-09-02,2026-08-06,Thursday,0.06382978723404255,True,13,249,579,0.4301,6,20,20,20,20,False,True,0.06382978723404255,0.07142857142857142,2026-08-20,False,True,0.14893617021276595,0.14285714285714285,2026-08-21,False,True,0.23404255319148937,0.21428571428571427,2026-08-22,False,True,0.3191489361702128,0.2857142857142857,2026-08-23,False,True,0.574468085106383,0.5,False,True,0.574468085106383,0.5,False,True,True,True,True,True,late_in_run_extension
83464,The Magic Faraway Tree,amc-kent-station-14,AMC Kent Station 14,ordinary,standard,confirmed_complete,2026-08-20,2026-08-27,2026-08-18,Tuesday,0.9375,True,1,555,555,1.0,0,0,0,7,7,False,True,0.9375,0.875,2026-08-26,False,True,0.9375,0.875,2026-08-26,False,True,0.9375,0.875,2026-08-26,False,True,0.9375,0.875,2026-08-26,False,False,,,,False,,,,True,True,True,True,True,late_in_run_extension
83464,The Magic Faraway Tree,amc-southcenter-16,AMC Southcenter 16,ordinary,standard,confirmed_complete,2026-08-20,2026-09-09,2026-08-06,Thursday,0.05172413793103448,True,20,240,551,0.4356,6,20,27,27,27,False,True,0.05172413793103448,0.047619047619047616,2026-08-20,False,True,0.13793103448275862,0.09523809523809523,2026-08-21,False,True,0.22413793103448276,0.14285714285714285,2026-08-22,False,True,0.3103448275862069,0.19047619047619047,2026-08-23,False,True,0.5689655172413793,0.3333333333333333,False,True,0.5689655172413793,0.3333333333333333,False,True,True,True,True,True,late_in_run_extension
84708,The Musical,amc-alderwood-mall-16,AMC Alderwood Mall 16,ordinary,standard,confirmed_complete,2026-09-17,2026-09-23,2026-09-10,Thursday,0.3076923076923077,True,1,412,456,0.9035,6,6,6,6,6,True,True,0.3076923076923077,0.5714285714285714,2026-09-22,False,True,0.3076923076923077,0.5714285714285714,2026-09-22,False,True,0.3076923076923077,0.5714285714285714,2026-09-22,False,True,0.3076923076923077,0.5714285714285714,2026-09-22,False,True,0.3076923076923077,0.5714285714285714,False,True,0.3076923076923077,0.5714285714285714,False,True,True,True,False,False,pre_opening_rollout_after_48h
84708,The Musical,amc-pacific-place-11,AMC Pacific Place 11,ordinary,standard,confirmed_complete,2026-09-17,2026-09-24,2026-09-16,Wednesday,0.875,True,1,246,246,1.0,0,0,6,6,6,False,True,0.875,0.875,2026-09-23,False,True,0.875,0.875,2026-09-23,False,True,0.875,0.875,2026-09-23,False,True,0.875,0.875,2026-09-23,False,False,,,,False,,,,True,True,True,True,True,late_in_run_extension
84448,The Nutty Professor: 30th Anniversary,amc-alderwood-mall-16,AMC Alderwood Mall 16,rerelease,anniversary_or_rerelease,confirmed_complete,2026-09-06,2026-09-09,2026-08-23,Sunday,0.5,True,3,55,481,0.1143,0,3,3,3,3,True,True,0.5,0.5,2026-09-06,False,True,0.5,0.5,2026-09-06,False,True,0.5,0.5,2026-09-06,False,True,1.0,1.0,2026-09-09,True,True,1.0,1.0,True,True,1.0,1.0,True,True,True,False,False,False,pre_opening_rollout_after_48h
84448,The Nutty Professor: 30th Anniversary,amc-southcenter-16,AMC Southcenter 16,rerelease,anniversary_or_rerelease,confirmed_complete,2026-09-06,2026-09-09,2026-08-23,Sunday,0.5,True,3,60,478,0.1255,0,3,3,3,3,True,True,0.5,0.5,2026-09-06,False,True,0.5,0.5,2026-09-06,False,True,0.5,0.5,2026-09-06,False,True,1.0,1.0,2026-09-09,True,True,1.0,1.0,True,True,1.0,1.0,True,True,True,False,False,False,pre_opening_rollout_after_48h
76238,The Odyssey,amc-factoria-8,AMC Factoria 8,ordinary,standard,confirmed_complete,2026-07-16,2026-09-24,2026-07-02,Thursday,0.007281553398058253,True,70,166,285,0.5825,26,54,61,82,82,False,True,0.007281553398058253,0.014084507042253521,2026-07-16,False,True,0.01699029126213592,0.028169014084507043,2026-07-17,False,True,0.02669902912621359,0.04225352112676056,2026-07-18,False,True,0.03640776699029126,0.056338028169014086,2026-07-19,False,True,0.07524271844660194,0.11267605633802817,False,True,0.11165048543689321,0.16901408450704225,False,True,True,True,True,True,late_in_run_extension
76238,The Odyssey,amc-oak-tree-6,AMC Oak Tree 6,ordinary,standard,confirmed_complete,2026-07-16,2026-09-16,2026-07-02,Thursday,0.009174311926605505,True,62,108,244,0.4426,34,54,61,69,69,False,True,0.009174311926605505,0.015873015873015872,2026-07-16,False,True,0.021406727828746176,0.031746031746031744,2026-07-17,False,True,0.03669724770642202,0.047619047619047616,2026-07-18,False,True,0.05198776758409786,0.06349206349206349,2026-07-19,False,True,0.08868501529051988,0.12698412698412698,False,True,0.13149847094801223,0.19047619047619047,False,True,True,True,True,True,late_in_run_extension
84018,The Passion of the Christ (2026 Event),amc-alderwood-mall-16,AMC Alderwood Mall 16,special_event,concert_or_event,confirmed_complete,2026-09-10,2026-09-16,2026-08-27,Thursday,0.14285714285714285,True,6,157,481,0.3264,13,13,13,13,13,True,True,0.14285714285714285,0.14285714285714285,2026-09-10,False,True,0.14285714285714285,0.14285714285714285,2026-09-10,False,True,0.14285714285714285,0.14285714285714285,2026-09-10,False,True,0.2857142857142857,0.2857142857142857,2026-09-13,False,True,0.2857142857142857,0.2857142857142857,False,True,0.2857142857142857,0.2857142857142857,False,True,True,True,False,False,pre_opening_rollout_after_48h
84018,The Passion of the Christ (2026 Event),amc-kent-station-14,AMC Kent Station 14,special_event,concert_or_event,confirmed_complete,2026-09-10,2026-09-13,2026-08-27,Thursday,0.5,True,3,120,458,0.262,0,3,3,3,3,True,True,0.5,0.5,2026-09-10,False,True,0.5,0.5,2026-09-10,False,True,0.5,0.5,2026-09-10,False,True,1.0,1.0,2026-09-13,True,True,1.0,1.0,True,True,1.0,1.0,True,True,True,False,False,False,pre_opening_rollout_after_48h
84018,The Passion of the Christ (2026 Event),amc-southcenter-16,AMC Southcenter 16,special_event,concert_or_event,confirmed_complete,2026-09-10,2026-09-15,2026-08-27,Thursday,0.2,True,5,193,478,0.4038,13,13,13,13,13,True,True,0.2,0.2,2026-09-10,False,True,0.2,0.2,2026-09-10,False,True,0.2,0.2,2026-09-10,False,True,0.4,0.4,2026-09-13,False,True,0.4,0.4,False,True,0.4,0.4,False,True,True,True,False,False,pre_opening_rollout_after_48h
82596,The Rivals of Amziah King,amc-alderwood-mall-16,AMC Alderwood Mall 16,ordinary,standard,confirmed_complete,2026-08-13,2026-08-19,2026-07-30,Thursday,0.05263157894736842,True,6,243,609,0.399,4,6,13,13,6,True,True,0.05263157894736842,0.14285714285714285,2026-08-13,False,True,0.18421052631578946,0.2857142857142857,2026-08-14,False,True,0.3157894736842105,0.42857142857142855,2026-08-15,False,True,0.4473684210526316,0.5714285714285714,2026-08-16,False,True,0.8421052631578947,1.0,True,True,0.8421052631578947,1.0,True,True,True,True,False,False,pre_opening_rollout_after_48h
82596,The Rivals of Amziah King,amc-pacific-place-11,AMC Pacific Place 11,ordinary,standard,confirmed_complete,2026-08-13,2026-08-20,2026-08-11,Tuesday,0.391304347826087,True,5,331,331,1.0,1,1,1,7,7,False,True,0.391304347826087,0.375,2026-08-15,False,True,0.9565217391304348,0.875,2026-08-19,False,True,0.9565217391304348,0.875,2026-08-19,False,True,0.9565217391304348,0.875,2026-08-19,False,False,,,,False,,,,True,True,True,True,True,late_in_run_extension
82596,The Rivals of Amziah King,amc-southcenter-16,AMC Southcenter 16,ordinary,standard,confirmed_complete,2026-08-13,2026-08-19,2026-07-30,Thursday,0.06451612903225806,True,6,267,650,0.4108,4,6,13,13,6,True,True,0.06451612903225806,0.14285714285714285,2026-08-13,False,True,0.1935483870967742,0.2857142857142857,2026-08-14,False,True,0.3225806451612903,0.42857142857142855,2026-08-15,False,True,0.45161290322580644,0.5714285714285714,2026-08-16,False,True,0.8387096774193549,1.0,True,True,0.8387096774193549,1.0,True,True,True,True,False,False,pre_opening_rollout_after_48h
82596,The Rivals of Amziah King,amc-woodinville-12,AMC Woodinville 12,ordinary,standard,confirmed_complete,2026-08-13,2026-08-20,2026-08-11,Tuesday,0.9230769230769231,True,1,399,399,1.0,0,0,0,7,7,False,True,0.9230769230769231,0.875,2026-08-19,False,True,0.9230769230769231,0.875,2026-08-19,False,True,0.9230769230769231,0.875,2026-08-19,False,True,0.9230769230769231,0.875,2026-08-19,False,False,,,,False,,,,True,True,True,True,True,late_in_run_extension
84006,The Salt Path,amc-alderwood-mall-16,AMC Alderwood Mall 16,ordinary,standard,confirmed_complete,2026-09-03,2026-09-09,2026-09-01,Tuesday,0.14285714285714285,True,6,557,557,1.0,1,1,1,1,1,True,True,0.14285714285714285,0.14285714285714285,2026-09-03,False,True,1.0,1.0,2026-09-09,True,True,1.0,1.0,2026-09-09,True,True,1.0,1.0,2026-09-09,True,False,,,,False,,,,True,False,False,False,False,immediate_rollout_within_48h
84012,The Samurai and the Prisoner,amc-alderwood-mall-16,AMC Alderwood Mall 16,ordinary,standard,confirmed_complete,2026-08-07,2026-08-19,2026-08-06,Thursday,0.631578947368421,True,7,549,609,0.9015,0,6,6,6,6,False,True,0.631578947368421,0.46153846153846156,2026-08-12,False,True,0.631578947368421,0.46153846153846156,2026-08-12,False,True,0.631578947368421,0.46153846153846156,2026-08-12,False,True,0.631578947368421,0.46153846153846156,2026-08-12,False,False,,,,False,,,,True,True,True,True,True,late_in_run_extension
83812,The Spongebob Movie: Search for Squarepants,amc-alderwood-mall-16,AMC Alderwood Mall 16,ordinary,standard,confirmed_complete,2026-08-03,2026-08-05,2026-07-20,Monday,0.5,True,2,152,579,0.2625,0,2,2,2,2,True,True,0.5,0.5,2026-08-03,False,True,0.5,0.5,2026-08-03,False,True,1.0,1.0,2026-08-05,True,True,1.0,1.0,2026-08-05,True,True,1.0,1.0,True,True,1.0,1.0,True,True,False,False,False,False,immediate_rollout_within_48h
83812,The Spongebob Movie: Search for Squarepants,amc-kent-station-14,AMC Kent Station 14,ordinary,standard,confirmed_complete,2026-08-03,2026-08-05,2026-07-20,Monday,0.4,True,2,160,617,0.2593,2,2,8,8,2,True,True,0.4,0.5,2026-08-03,False,True,0.4,0.5,2026-08-03,False,True,0.8,1.0,2026-08-05,True,True,0.8,1.0,2026-08-05,True,True,0.8,1.0,True,True,1.0,1.0,True,True,False,False,False,False,immediate_rollout_within_48h
83812,The Spongebob Movie: Search for Squarepants,amc-southcenter-16,AMC Southcenter 16,ordinary,standard,confirmed_complete,2026-08-03,2026-08-05,2026-07-20,Monday,0.5,True,2,152,662,0.2296,0,2,2,2,2,True,True,0.5,0.5,2026-08-03,False,True,0.5,0.5,2026-08-03,False,True,1.0,1.0,2026-08-05,True,True,1.0,1.0,2026-08-05,True,True,1.0,1.0,True,True,1.0,1.0,True,True,False,False,False,False,immediate_rollout_within_48h
83812,The Spongebob Movie: Search for Squarepants,amc-woodinville-12,AMC Woodinville 12,ordinary,standard,confirmed_complete,2026-08-03,2026-08-05,2026-07-20,Monday,0.5,True,2,102,406,0.2512,0,2,2,2,2,True,True,0.5,0.5,2026-08-03,False,True,0.5,0.5,2026-08-03,False,True,1.0,1.0,2026-08-05,True,True,1.0,1.0,2026-08-05,True,True,1.0,1.0,True,True,1.0,1.0,True,True,False,False,False,False,immediate_rollout_within_48h
84617,The Stunt Driver,amc-pacific-place-11,AMC Pacific Place 11,ordinary,standard,confirmed_complete,2026-09-24,2026-09-30,2026-09-22,Tuesday,0.3,True,5,237,238,0.9958,1,1,1,1,1,True,True,0.3,0.2857142857142857,2026-09-25,False,True,1.0,1.0,2026-09-30,True,True,1.0,1.0,2026-09-30,True,True,1.0,1.0,2026-09-30,True,False,,,,False,,,,True,False,False,False,False,immediate_rollout_within_48h
84482,The Sun Never Sets,amc-alderwood-mall-16,AMC Alderwood Mall 16,ordinary,standard,confirmed_complete,2026-09-03,2026-09-09,2026-09-01,Tuesday,0.0625,True,6,557,557,1.0,1,1,1,1,1,True,True,0.0625,0.14285714285714285,2026-09-03,False,True,1.0,1.0,2026-09-09,True,True,1.0,1.0,2026-09-09,True,True,1.0,1.0,2026-09-09,True,False,,,,False,,,,True,False,False,False,False,immediate_rollout_within_48h
84482,The Sun Never Sets,amc-kent-station-14,AMC Kent Station 14,ordinary,standard,confirmed_complete,2026-09-03,2026-09-08,2026-09-01,Tuesday,1.0,False,0,477,479,0.9958,0,0,0,0,0,True,True,1.0,1.0,2026-09-08,True,True,1.0,1.0,2026-09-08,True,True,1.0,1.0,2026-09-08,True,True,1.0,1.0,2026-09-08,True,False,,,,False,,,,False,False,False,False,False,not_extended_on_first_snapshot
84482,The Sun Never Sets,amc-pacific-place-11,AMC Pacific Place 11,ordinary,standard,confirmed_complete,2026-09-03,2026-09-10,2026-09-01,Tuesday,0.21428571428571427,True,6,283,283,1.0,1,1,1,9,9,False,True,0.21428571428571427,0.25,2026-09-04,False,True,0.9285714285714286,0.875,2026-09-09,False,True,0.9285714285714286,0.875,2026-09-09,False,True,0.9285714285714286,0.875,2026-09-09,False,False,,,,False,,,,True,True,True,True,True,late_in_run_extension
84517,The Transformers: The Movie 40th Anniversary,amc-pacific-place-11,AMC Pacific Place 11,special_event,concert_or_event,confirmed_complete,2026-09-17,2026-09-30,2026-09-11,Friday,0.30434782608695654,True,9,229,246,0.9309,5,12,12,16,12,False,True,0.30434782608695654,0.35714285714285715,2026-09-21,False,True,0.30434782608695654,0.35714285714285715,2026-09-21,False,True,0.30434782608695654,0.35714285714285715,2026-09-21,False,True,0.30434782608695654,0.35714285714285715,2026-09-21,False,False,,,,True,0.30434782608695654,0.35714285714285715,False,True,True,True,True,True,late_in_run_extension
83716,The Uprising,amc-alderwood-mall-16,AMC Alderwood Mall 16,ordinary,standard,confirmed_complete,2026-09-10,2026-09-23,2026-08-27,Thursday,0.0975609756097561,True,13,157,481,0.3264,6,20,20,20,20,False,True,0.0975609756097561,0.07142857142857142,2026-09-10,False,True,0.1951219512195122,0.14285714285714285,2026-09-11,False,True,0.2682926829268293,0.21428571428571427,2026-09-12,False,True,0.36585365853658536,0.2857142857142857,2026-09-13,False,True,0.5609756097560976,0.5,False,True,0.5609756097560976,0.5,False,True,True,True,True,True,late_in_run_extension
83716,The Uprising,amc-factoria-8,AMC Factoria 8,ordinary,standard,confirmed_complete,2026-09-10,2026-09-24,2026-09-03,Thursday,0.7435897435897436,True,7,215,237,0.9072,0,12,12,19,19,False,True,0.7435897435897436,0.5333333333333333,2026-09-17,False,True,0.7435897435897436,0.5333333333333333,2026-09-17,False,True,0.7435897435897436,0.5333333333333333,2026-09-17,False,True,0.7435897435897436,0.5333333333333333,2026-09-17,False,True,0.7435897435897436,0.5333333333333333,False,True,0.7435897435897436,0.5333333333333333,False,True,True,True,True,True,late_in_run_extension
83716,The Uprising,amc-kent-station-14,AMC Kent Station 14,ordinary,standard,confirmed_complete,2026-09-10,2026-09-24,2026-08-27,Thursday,0.1111111111111111,True,14,120,458,0.262,4,19,19,26,26,False,True,0.1111111111111111,0.06666666666666667,2026-09-10,False,True,0.2222222222222222,0.13333333333333333,2026-09-11,False,True,0.3333333333333333,0.2,2026-09-12,False,True,0.4444444444444444,0.26666666666666666,2026-09-13,False,True,0.6944444444444444,0.4666666666666667,False,True,0.6944444444444444,0.4666666666666667,False,True,True,True,True,True,late_in_run_extension
83716,The Uprising,amc-pacific-place-11,AMC Pacific Place 11,ordinary,standard,confirmed_complete,2026-09-10,2026-09-23,2026-08-27,Thursday,0.0967741935483871,True,13,157,308,0.5097,4,13,20,20,20,False,True,0.0967741935483871,0.07142857142857142,2026-09-10,False,True,0.1935483870967742,0.14285714285714285,2026-09-11,False,True,0.3225806451612903,0.21428571428571427,2026-09-12,False,True,0.45161290322580644,0.2857142857142857,2026-09-13,False,True,0.7741935483870968,0.5714285714285714,False,True,0.7741935483870968,0.5714285714285714,False,True,True,True,True,True,late_in_run_extension
83716,The Uprising,amc-southcenter-16,AMC Southcenter 16,ordinary,standard,confirmed_complete,2026-09-10,2026-09-23,2026-08-27,Thursday,0.1,True,13,193,478,0.4038,5,20,20,20,20,False,True,0.1,0.07142857142857142,2026-09-10,False,True,0.2,0.14285714285714285,2026-09-11,False,True,0.3,0.21428571428571427,2026-09-12,False,True,0.4,0.2857142857142857,2026-09-13,False,True,0.625,0.5,False,True,0.625,0.5,False,True,True,True,True,True,late_in_run_extension
83716,The Uprising,amc-woodinville-12,AMC Woodinville 12,ordinary,standard,confirmed_complete,2026-09-10,2026-09-23,2026-08-27,Thursday,0.058823529411764705,True,13,101,342,0.2953,6,19,19,19,19,False,True,0.058823529411764705,0.07142857142857142,2026-09-10,False,True,0.13725490196078433,0.14285714285714285,2026-09-11,False,True,0.23529411764705882,0.21428571428571427,2026-09-12,False,True,0.3333333333333333,0.2857142857142857,2026-09-13,False,True,0.5686274509803921,0.5,False,True,0.5686274509803921,0.5,False,True,True,True,True,True,late_in_run_extension
84821,The Uprising: Early Access Live Q&A with Paul Greengrass and Andrew Garfield,amc-alderwood-mall-16,AMC Alderwood Mall 16,special_event,q_and_a,confirmed_complete,2026-09-03,2026-09-03,2026-08-21,Friday,1.0,False,0,146,557,0.2621,0,0,0,0,0,True,True,1.0,1.0,2026-09-03,True,True,1.0,1.0,2026-09-03,True,True,1.0,1.0,2026-09-03,True,True,1.0,1.0,2026-09-03,True,True,1.0,1.0,True,True,1.0,1.0,True,False,False,False,False,False,not_extended_on_first_snapshot
84821,The Uprising: Early Access Live Q&A with Paul Greengrass and Andrew Garfield,amc-factoria-8,AMC Factoria 8,special_event,q_and_a,confirmed_complete,2026-09-03,2026-09-03,2026-08-21,Friday,1.0,False,0,44,231,0.1905,0,0,0,0,0,True,True,1.0,1.0,2026-09-03,True,True,1.0,1.0,2026-09-03,True,True,1.0,1.0,2026-09-03,True,True,1.0,1.0,2026-09-03,True,True,1.0,1.0,True,True,1.0,1.0,True,False,False,False,False,False,not_extended_on_first_snapshot
84821,The Uprising: Early Access Live Q&A with Paul Greengrass and Andrew Garfield,amc-kent-station-14,AMC Kent Station 14,special_event,q_and_a,confirmed_complete,2026-09-03,2026-09-03,2026-08-21,Friday,1.0,False,0,133,479,0.2777,0,0,0,0,0,True,True,1.0,1.0,2026-09-03,True,True,1.0,1.0,2026-09-03,True,True,1.0,1.0,2026-09-03,True,True,1.0,1.0,2026-09-03,True,True,1.0,1.0,True,True,1.0,1.0,True,False,False,False,False,False,not_extended_on_first_snapshot
84821,The Uprising: Early Access Live Q&A with Paul Greengrass and Andrew Garfield,amc-oak-tree-6,AMC Oak Tree 6,special_event,q_and_a,confirmed_complete,2026-09-03,2026-09-03,2026-08-21,Friday,1.0,False,0,27,161,0.1677,0,0,0,0,0,True,True,1.0,1.0,2026-09-03,True,True,1.0,1.0,2026-09-03,True,True,1.0,1.0,2026-09-03,True,True,1.0,1.0,2026-09-03,True,True,1.0,1.0,True,True,1.0,1.0,True,False,False,False,False,False,not_extended_on_first_snapshot
84821,The Uprising: Early Access Live Q&A with Paul Greengrass and Andrew Garfield,amc-pacific-place-11,AMC Pacific Place 11,special_event,q_and_a,confirmed_complete,2026-09-03,2026-09-03,2026-08-21,Friday,1.0,False,0,144,283,0.5088,0,0,0,0,0,True,True,1.0,1.0,2026-09-03,True,True,1.0,1.0,2026-09-03,True,True,1.0,1.0,2026-09-03,True,True,1.0,1.0,2026-09-03,True,True,1.0,1.0,True,True,1.0,1.0,True,False,False,False,False,False,not_extended_on_first_snapshot
84821,The Uprising: Early Access Live Q&A with Paul Greengrass and Andrew Garfield,amc-southcenter-16,AMC Southcenter 16,special_event,q_and_a,confirmed_complete,2026-09-03,2026-09-03,2026-08-21,Friday,1.0,False,0,140,507,0.2761,0,0,0,0,0,True,True,1.0,1.0,2026-09-03,True,True,1.0,1.0,2026-09-03,True,True,1.0,1.0,2026-09-03,True,True,1.0,1.0,2026-09-03,True,True,1.0,1.0,True,True,1.0,1.0,True,False,False,False,False,False,not_extended_on_first_snapshot
84821,The Uprising: Early Access Live Q&A with Paul Greengrass and Andrew Garfield,amc-woodinville-12,AMC Woodinville 12,special_event,q_and_a,confirmed_complete,2026-09-03,2026-09-03,2026-08-21,Friday,1.0,False,0,125,397,0.3149,0,0,0,0,0,True,True,1.0,1.0,2026-09-03,True,True,1.0,1.0,2026-09-03,True,True,1.0,1.0,2026-09-03,True,True,1.0,1.0,2026-09-03,True,True,1.0,1.0,True,True,1.0,1.0,True,False,False,False,False,False,not_extended_on_first_snapshot
84835,The Vvaan: Force of the Forrest,amc-southcenter-16,AMC Southcenter 16,ordinary,standard,confirmed_complete,2026-09-25,2026-09-30,2026-09-23,Wednesday,1.0,False,0,380,450,0.8444,0,0,0,0,0,True,True,1.0,1.0,2026-09-30,True,True,1.0,1.0,2026-09-30,True,True,1.0,1.0,2026-09-30,True,True,1.0,1.0,2026-09-30,True,False,,,,False,,,,False,False,False,False,False,not_extended_on_first_snapshot
83100,The Weight,amc-alderwood-mall-16,AMC Alderwood Mall 16,ordinary,standard,confirmed_complete,2026-09-17,2026-09-30,2026-09-03,Thursday,0.40625,True,7,125,456,0.2741,13,20,20,20,20,False,True,0.40625,0.5,2026-09-23,False,True,0.40625,0.5,2026-09-23,False,True,0.40625,0.5,2026-09-23,False,True,0.40625,0.5,2026-09-23,False,True,0.40625,0.5,False,True,0.40625,0.5,False,True,True,True,True,True,late_in_run_extension
83100,The Weight,amc-kent-station-14,AMC Kent Station 14,ordinary,standard,confirmed_complete,2026-09-17,2026-09-30,2026-09-03,Thursday,0.3783783783783784,True,7,126,418,0.3014,12,12,19,19,19,False,True,0.3783783783783784,0.5,2026-09-23,False,True,0.3783783783783784,0.5,2026-09-23,False,True,0.3783783783783784,0.5,2026-09-23,False,True,0.3783783783783784,0.5,2026-09-23,False,True,0.3783783783783784,0.5,False,True,0.3783783783783784,0.5,False,True,True,True,True,True,late_in_run_extension
83100,The Weight,amc-oak-tree-6,AMC Oak Tree 6,ordinary,standard,confirmed_complete,2026-09-17,2026-09-23,2026-09-16,Wednesday,1.0,False,0,136,136,1.0,0,0,0,0,0,True,True,1.0,1.0,2026-09-23,True,True,1.0,1.0,2026-09-23,True,True,1.0,1.0,2026-09-23,True,True,1.0,1.0,2026-09-23,True,False,,,,False,,,,False,False,False,False,False,not_extended_on_first_snapshot
83100,The Weight,amc-pacific-place-11,AMC Pacific Place 11,ordinary,standard,confirmed_complete,2026-09-17,2026-09-24,2026-09-03,Thursday,0.7,False,0,108,246,0.439,0,13,13,13,0,True,True,0.7,1.0,2026-09-24,True,True,0.7,1.0,2026-09-24,True,True,0.7,1.0,2026-09-24,True,True,0.7,1.0,2026-09-24,True,True,0.7,1.0,True,True,0.7,1.0,True,False,False,False,False,False,not_extended_on_first_snapshot
84856,The Weight Early Access,amc-alderwood-mall-16,AMC Alderwood Mall 16,special_event,concert_or_event,confirmed_complete,2026-09-16,2026-09-16,2026-09-02,Wednesday,1.0,False,0,102,456,0.2237,0,0,0,0,0,True,True,1.0,1.0,2026-09-16,True,True,1.0,1.0,2026-09-16,True,True,1.0,1.0,2026-09-16,True,True,1.0,1.0,2026-09-16,True,True,1.0,1.0,True,True,1.0,1.0,True,False,False,False,False,False,not_extended_on_first_snapshot
84856,The Weight Early Access,amc-kent-station-14,AMC Kent Station 14,special_event,concert_or_event,confirmed_complete,2026-09-16,2026-09-16,2026-09-02,Wednesday,1.0,False,0,106,418,0.2536,0,0,0,0,0,True,True,1.0,1.0,2026-09-16,True,True,1.0,1.0,2026-09-16,True,True,1.0,1.0,2026-09-16,True,True,1.0,1.0,2026-09-16,True,True,1.0,1.0,True,True,1.0,1.0,True,False,False,False,False,False,not_extended_on_first_snapshot
84856,The Weight Early Access,amc-southcenter-16,AMC Southcenter 16,special_event,concert_or_event,confirmed_complete,2026-09-16,2026-09-16,2026-09-02,Wednesday,1.0,False,0,103,449,0.2294,0,0,0,0,0,True,True,1.0,1.0,2026-09-16,True,True,1.0,1.0,2026-09-16,True,True,1.0,1.0,2026-09-16,True,True,1.0,1.0,2026-09-16,True,True,1.0,1.0,True,True,1.0,1.0,True,False,False,False,False,False,not_extended_on_first_snapshot
84856,The Weight Early Access,amc-woodinville-12,AMC Woodinville 12,special_event,concert_or_event,confirmed_complete,2026-09-16,2026-09-16,2026-09-02,Wednesday,1.0,False,0,98,333,0.2943,0,0,0,0,0,True,True,1.0,1.0,2026-09-16,True,True,1.0,1.0,2026-09-16,True,True,1.0,1.0,2026-09-16,True,True,1.0,1.0,2026-09-16,True,True,1.0,1.0,True,True,1.0,1.0,True,False,False,False,False,False,not_extended_on_first_snapshot
83781,The Wrong Girls,amc-alderwood-mall-16,AMC Alderwood Mall 16,ordinary,standard,confirmed_complete,2026-08-13,2026-08-19,2026-08-12,Wednesday,1.0,False,0,609,609,1.0,0,0,0,0,0,True,True,1.0,1.0,2026-08-19,True,True,1.0,1.0,2026-08-19,True,True,1.0,1.0,2026-08-19,True,True,1.0,1.0,2026-08-19,True,False,,,,False,,,,False,False,False,False,False,not_extended_on_first_snapshot
83781,The Wrong Girls,amc-kent-station-14,AMC Kent Station 14,ordinary,standard,confirmed_complete,2026-08-13,2026-08-20,2026-08-11,Tuesday,0.9285714285714286,True,1,607,607,1.0,0,0,0,7,7,False,True,0.9285714285714286,0.875,2026-08-19,False,True,0.9285714285714286,0.875,2026-08-19,False,True,0.9285714285714286,0.875,2026-08-19,False,True,0.9285714285714286,0.875,2026-08-19,False,False,,,,False,,,,True,True,True,True,True,late_in_run_extension
83781,The Wrong Girls,amc-pacific-place-11,AMC Pacific Place 11,ordinary,standard,confirmed_complete,2026-08-13,2026-08-26,2026-08-05,Wednesday,0.6774193548387096,True,7,311,331,0.9396,0,7,14,14,14,False,True,0.6774193548387096,0.5,2026-08-19,False,True,0.7096774193548387,0.5714285714285714,2026-08-20,False,True,0.7096774193548387,0.5714285714285714,2026-08-20,False,True,0.7096774193548387,0.5714285714285714,2026-08-20,False,True,0.7096774193548387,0.5714285714285714,False,True,0.7096774193548387,0.5714285714285714,False,True,True,True,True,True,late_in_run_extension
83781,The Wrong Girls,amc-southcenter-16,AMC Southcenter 16,ordinary,standard,confirmed_complete,2026-08-13,2026-08-19,2026-08-05,Wednesday,0.6363636363636364,False,0,579,650,0.8908,0,7,7,7,0,True,True,0.6363636363636364,1.0,2026-08-19,True,True,0.6363636363636364,1.0,2026-08-19,True,True,0.6363636363636364,1.0,2026-08-19,True,True,0.6363636363636364,1.0,2026-08-19,True,True,0.6363636363636364,1.0,True,True,0.6363636363636364,1.0,True,False,False,False,False,False,not_extended_on_first_snapshot
84336,Tiny Fugitives,amc-alderwood-mall-16,AMC Alderwood Mall 16,ordinary,standard,confirmed_complete,2026-09-17,2026-09-23,2026-09-16,Wednesday,1.0,False,0,456,456,1.0,0,0,0,0,0,True,True,1.0,1.0,2026-09-23,True,True,1.0,1.0,2026-09-23,True,True,1.0,1.0,2026-09-23,True,True,1.0,1.0,2026-09-23,True,False,,,,False,,,,False,False,False,False,False,not_extended_on_first_snapshot
84336,Tiny Fugitives,amc-southcenter-16,AMC Southcenter 16,ordinary,standard,confirmed_complete,2026-09-17,2026-09-23,2026-09-16,Wednesday,1.0,False,0,449,449,1.0,0,0,0,0,0,True,True,1.0,1.0,2026-09-23,True,True,1.0,1.0,2026-09-23,True,True,1.0,1.0,2026-09-23,True,True,1.0,1.0,2026-09-23,True,False,,,,False,,,,False,False,False,False,False,not_extended_on_first_snapshot
83488,Tom and Jerry: The Forbidden Compass,amc-southcenter-16,AMC Southcenter 16,ordinary,standard,confirmed_complete,2026-09-03,2026-09-09,2026-09-02,Wednesday,1.0,False,0,505,507,0.9961,0,0,0,0,0,True,True,1.0,1.0,2026-09-09,True,True,1.0,1.0,2026-09-09,True,True,1.0,1.0,2026-09-09,True,True,1.0,1.0,2026-09-09,True,False,,,,False,,,,False,False,False,False,False,not_extended_on_first_snapshot
83859,Tony,amc-alderwood-mall-16,AMC Alderwood Mall 16,ordinary,standard,confirmed_complete,2026-08-20,2026-09-10,2026-08-06,Thursday,0.046153846153846156,True,21,249,579,0.4301,13,20,27,34,34,False,True,0.046153846153846156,0.045454545454545456,2026-08-20,False,True,0.1076923076923077,0.09090909090909091,2026-08-21,False,True,0.16923076923076924,0.13636363636363635,2026-08-22,False,True,0.23076923076923078,0.18181818181818182,2026-08-23,False,True,0.4153846153846154,0.3181818181818182,False,True,0.4153846153846154,0.3181818181818182,False,True,True,True,True,True,late_in_run_extension
83859,Tony,amc-kent-station-14,AMC Kent Station 14,ordinary,standard,confirmed_complete,2026-08-20,2026-09-03,2026-08-06,Thursday,0.06521739130434782,True,14,127,555,0.2288,5,19,19,26,26,False,True,0.06521739130434782,0.06666666666666667,2026-08-20,False,True,0.15217391304347827,0.13333333333333333,2026-08-21,False,True,0.2391304347826087,0.2,2026-08-22,False,True,0.32608695652173914,0.26666666666666666,2026-08-23,False,True,0.5869565217391305,0.4666666666666667,False,True,0.5869565217391305,0.4666666666666667,False,True,True,True,True,True,late_in_run_extension
83859,Tony,amc-pacific-place-11,AMC Pacific Place 11,ordinary,standard,confirmed_complete,2026-08-20,2026-09-10,2026-08-06,Thursday,0.046153846153846156,True,21,164,327,0.5015,19,20,27,35,35,False,True,0.046153846153846156,0.045454545454545456,2026-08-20,False,True,0.1076923076923077,0.09090909090909091,2026-08-21,False,True,0.16923076923076924,0.13636363636363635,2026-08-22,False,True,0.23076923076923078,0.18181818181818182,2026-08-23,False,True,0.46153846153846156,0.36363636363636365,False,True,0.46153846153846156,0.36363636363636365,False,True,True,True,True,True,late_in_run_extension
83859,Tony,amc-southcenter-16,AMC Southcenter 16,ordinary,standard,confirmed_complete,2026-08-20,2026-09-08,2026-08-06,Thursday,0.047619047619047616,True,19,240,551,0.4356,6,20,27,27,27,False,True,0.047619047619047616,0.05,2026-08-20,False,True,0.12698412698412698,0.1,2026-08-21,False,True,0.20634920634920634,0.15,2026-08-22,False,True,0.2857142857142857,0.2,2026-08-23,False,True,0.5396825396825397,0.35,False,True,0.5396825396825397,0.35,False,True,True,True,True,True,late_in_run_extension
83859,Tony,amc-woodinville-12,AMC Woodinville 12,ordinary,standard,confirmed_complete,2026-08-20,2026-09-09,2026-08-06,Thursday,0.0410958904109589,True,20,129,395,0.3266,20,20,26,26,26,False,True,0.0410958904109589,0.047619047619047616,2026-08-20,False,True,0.1095890410958904,0.09523809523809523,2026-08-21,False,True,0.1780821917808219,0.14285714285714285,2026-08-22,False,True,0.2328767123287671,0.19047619047619047,2026-08-23,False,True,0.4383561643835616,0.3333333333333333,False,True,0.4383561643835616,0.3333333333333333,False,True,True,True,True,True,late_in_run_extension
72482,Toy Story 5,amc-southcenter-16,AMC Southcenter 16,ordinary,standard,confirmed_complete,2026-09-04,2026-09-09,2026-09-02,Wednesday,1.0,False,0,427,478,0.8933,0,0,0,0,0,True,True,1.0,1.0,2026-09-09,True,True,1.0,1.0,2026-09-09,True,True,1.0,1.0,2026-09-09,True,True,1.0,1.0,2026-09-09,True,False,,,,False,,,,False,False,False,False,False,not_extended_on_first_snapshot
83345,Train to Busan - 10th Anniversary Remastered & Revived,amc-alderwood-mall-16,AMC Alderwood Mall 16,rerelease,anniversary_or_rerelease,confirmed_complete,2026-08-14,2026-08-20,2026-07-31,Friday,0.09523809523809523,True,6,37,579,0.0639,5,12,12,12,6,True,True,0.09523809523809523,0.14285714285714285,2026-08-14,False,True,0.19047619047619047,0.2857142857142857,2026-08-15,False,True,0.2857142857142857,0.42857142857142855,2026-08-16,False,True,0.38095238095238093,0.5714285714285714,2026-08-17,False,True,0.6666666666666666,1.0,True,True,0.6666666666666666,1.0,True,True,True,True,False,False,pre_opening_rollout_after_48h
83345,Train to Busan - 10th Anniversary Remastered & Revived,amc-southcenter-16,AMC Southcenter 16,rerelease,anniversary_or_rerelease,confirmed_complete,2026-08-13,2026-08-20,2026-07-31,Friday,0.08695652173913043,True,6,267,650,0.4108,5,12,12,12,6,True,True,0.08695652173913043,0.125,2026-08-14,False,True,0.17391304347826086,0.25,2026-08-15,False,True,0.2608695652173913,0.375,2026-08-16,False,True,0.34782608695652173,0.5,2026-08-17,False,True,0.6086956521739131,0.875,True,True,0.6086956521739131,0.875,True,True,True,True,False,False,pre_opening_rollout_after_48h
84280,Twenty Years of the Met in Cinemas: An Anniversary Celebration,amc-alderwood-mall-16,AMC Alderwood Mall 16,rerelease,anniversary_or_rerelease,confirmed_complete,2026-09-19,2026-09-19,2026-09-03,Thursday,1.0,False,0,133,482,0.2759,0,0,0,0,0,True,True,1.0,1.0,2026-09-19,True,True,1.0,1.0,2026-09-19,True,True,1.0,1.0,2026-09-19,True,True,1.0,1.0,2026-09-19,True,True,1.0,1.0,True,True,1.0,1.0,True,False,False,False,False,False,not_extended_on_first_snapshot
84280,Twenty Years of the Met in Cinemas: An Anniversary Celebration,amc-kent-station-14,AMC Kent Station 14,rerelease,anniversary_or_rerelease,confirmed_complete,2026-09-19,2026-09-19,2026-09-03,Thursday,1.0,False,0,106,440,0.2409,0,0,0,0,0,True,True,1.0,1.0,2026-09-19,True,True,1.0,1.0,2026-09-19,True,True,1.0,1.0,2026-09-19,True,True,1.0,1.0,2026-09-19,True,True,1.0,1.0,True,True,1.0,1.0,True,False,False,False,False,False,not_extended_on_first_snapshot
84280,Twenty Years of the Met in Cinemas: An Anniversary Celebration,amc-oak-tree-6,AMC Oak Tree 6,rerelease,anniversary_or_rerelease,confirmed_complete,2026-09-19,2026-09-19,2026-09-16,Wednesday,1.0,False,0,131,143,0.9161,0,0,0,0,0,True,True,1.0,1.0,2026-09-19,True,True,1.0,1.0,2026-09-19,True,True,1.0,1.0,2026-09-19,True,True,1.0,1.0,2026-09-19,True,False,,,,True,1.0,1.0,True,False,False,False,False,False,not_extended_on_first_snapshot
84280,Twenty Years of the Met in Cinemas: An Anniversary Celebration,amc-southcenter-16,AMC Southcenter 16,rerelease,anniversary_or_rerelease,confirmed_complete,2026-09-19,2026-09-19,2026-09-03,Thursday,1.0,False,0,127,491,0.2587,0,0,0,0,0,True,True,1.0,1.0,2026-09-19,True,True,1.0,1.0,2026-09-19,True,True,1.0,1.0,2026-09-19,True,True,1.0,1.0,2026-09-19,True,True,1.0,1.0,True,True,1.0,1.0,True,False,False,False,False,False,not_extended_on_first_snapshot
84875,Verity Early Access,amc-alderwood-mall-16,AMC Alderwood Mall 16,special_event,concert_or_event,confirmed_complete,2026-09-30,2026-09-30,2026-09-05,Saturday,1.0,False,0,83,466,0.1781,0,0,0,0,0,True,True,1.0,1.0,2026-09-30,True,True,1.0,1.0,2026-09-30,True,True,1.0,1.0,2026-09-30,True,True,1.0,1.0,2026-09-30,True,True,1.0,1.0,True,True,1.0,1.0,True,False,False,False,False,False,not_extended_on_first_snapshot
84875,Verity Early Access,amc-factoria-8,AMC Factoria 8,special_event,concert_or_event,confirmed_complete,2026-09-30,2026-09-30,2026-09-05,Saturday,1.0,False,0,61,222,0.2748,0,0,0,0,0,True,True,1.0,1.0,2026-09-30,True,True,1.0,1.0,2026-09-30,True,True,1.0,1.0,2026-09-30,True,True,1.0,1.0,2026-09-30,True,True,1.0,1.0,True,True,1.0,1.0,True,False,False,False,False,False,not_extended_on_first_snapshot
84875,Verity Early Access,amc-kent-station-14,AMC Kent Station 14,special_event,concert_or_event,confirmed_complete,2026-09-30,2026-09-30,2026-09-05,Saturday,1.0,False,0,95,421,0.2257,0,0,0,0,0,True,True,1.0,1.0,2026-09-30,True,True,1.0,1.0,2026-09-30,True,True,1.0,1.0,2026-09-30,True,True,1.0,1.0,2026-09-30,True,True,1.0,1.0,True,True,1.0,1.0,True,False,False,False,False,False,not_extended_on_first_snapshot
84875,Verity Early Access,amc-oak-tree-6,AMC Oak Tree 6,special_event,concert_or_event,confirmed_complete,2026-09-30,2026-09-30,2026-09-05,Saturday,1.0,False,0,23,148,0.1554,0,0,0,0,0,True,True,1.0,1.0,2026-09-30,True,True,1.0,1.0,2026-09-30,True,True,1.0,1.0,2026-09-30,True,True,1.0,1.0,2026-09-30,True,True,1.0,1.0,True,True,1.0,1.0,True,False,False,False,False,False,not_extended_on_first_snapshot
84875,Verity Early Access,amc-pacific-place-11,AMC Pacific Place 11,special_event,concert_or_event,confirmed_complete,2026-09-30,2026-09-30,2026-09-05,Saturday,1.0,False,0,69,252,0.2738,0,0,0,0,0,True,True,1.0,1.0,2026-09-30,True,True,1.0,1.0,2026-09-30,True,True,1.0,1.0,2026-09-30,True,True,1.0,1.0,2026-09-30,True,True,1.0,1.0,True,True,1.0,1.0,True,False,False,False,False,False,not_extended_on_first_snapshot
84875,Verity Early Access,amc-southcenter-16,AMC Southcenter 16,special_event,concert_or_event,confirmed_complete,2026-09-30,2026-09-30,2026-09-05,Saturday,1.0,False,0,78,450,0.1733,0,0,0,0,0,True,True,1.0,1.0,2026-09-30,True,True,1.0,1.0,2026-09-30,True,True,1.0,1.0,2026-09-30,True,True,1.0,1.0,2026-09-30,True,True,1.0,1.0,True,True,1.0,1.0,True,False,False,False,False,False,not_extended_on_first_snapshot
84875,Verity Early Access,amc-woodinville-12,AMC Woodinville 12,special_event,concert_or_event,confirmed_complete,2026-09-30,2026-09-30,2026-09-05,Saturday,0.5,False,0,86,336,0.256,0,18,18,18,0,True,True,0.5,1.0,2026-09-30,True,True,0.5,1.0,2026-09-30,True,True,0.5,1.0,2026-09-30,True,True,0.5,1.0,2026-09-30,True,True,1.0,1.0,True,True,1.0,1.0,True,False,False,False,False,False,not_extended_on_first_snapshot
84544,Virginia Woolf's Night & Day,amc-southcenter-16,AMC Southcenter 16,ordinary,standard,confirmed_complete,2026-09-03,2026-09-09,2026-09-02,Wednesday,1.0,False,0,505,507,0.9961,0,0,0,0,0,True,True,1.0,1.0,2026-09-09,True,True,1.0,1.0,2026-09-09,True,True,1.0,1.0,2026-09-09,True,True,1.0,1.0,2026-09-09,True,False,,,,False,,,,False,False,False,False,False,not_extended_on_first_snapshot
84039,Wet Hot American Summer: 25th Anniversary,amc-alderwood-mall-16,AMC Alderwood Mall 16,rerelease,anniversary_or_rerelease,confirmed_complete,2026-08-14,2026-08-19,2026-07-31,Friday,0.1,True,5,37,579,0.0639,3,12,12,12,12,True,True,0.1,0.16666666666666666,2026-08-14,False,True,0.2,0.3333333333333333,2026-08-15,False,True,0.4,0.5,2026-08-16,False,True,0.5,0.6666666666666666,2026-08-17,False,True,0.5,0.6666666666666666,False,True,0.5,0.6666666666666666,False,True,True,True,False,False,pre_opening_rollout_after_48h
84039,Wet Hot American Summer: 25th Anniversary,amc-southcenter-16,AMC Southcenter 16,rerelease,anniversary_or_rerelease,confirmed_complete,2026-08-14,2026-08-19,2026-07-31,Friday,0.14285714285714285,True,5,33,551,0.0599,2,12,12,12,12,True,True,0.14285714285714285,0.16666666666666666,2026-08-14,False,True,0.2857142857142857,0.3333333333333333,2026-08-15,False,True,0.5714285714285714,0.5,2026-08-16,False,True,0.7142857142857143,0.6666666666666666,2026-08-17,False,True,0.7142857142857143,0.6666666666666666,False,True,0.7142857142857143,0.6666666666666666,False,True,True,True,False,False,pre_opening_rollout_after_48h
84099,WHAM! 10 Days In China,amc-alderwood-mall-16,AMC Alderwood Mall 16,special_event,concert_or_event,confirmed_complete,2026-07-28,2026-07-28,2026-07-14,Tuesday,1.0,False,0,81,529,0.1531,0,0,0,0,0,True,True,1.0,1.0,2026-07-28,True,True,1.0,1.0,2026-07-28,True,True,1.0,1.0,2026-07-28,True,True,1.0,1.0,2026-07-28,True,True,1.0,1.0,True,True,1.0,1.0,True,False,False,False,False,False,not_extended_on_first_snapshot
84099,WHAM! 10 Days In China,amc-southcenter-16,AMC Southcenter 16,special_event,concert_or_event,confirmed_complete,2026-07-28,2026-07-28,2026-07-14,Tuesday,1.0,False,0,97,551,0.176,0,0,0,0,0,True,True,1.0,1.0,2026-07-28,True,True,1.0,1.0,2026-07-28,True,True,1.0,1.0,2026-07-28,True,True,1.0,1.0,2026-07-28,True,True,1.0,1.0,True,True,1.0,1.0,True,False,False,False,False,False,not_extended_on_first_snapshot
82774,Willy Wonka & the Chocolate Factory 55th Anniversary,amc-alderwood-mall-16,AMC Alderwood Mall 16,special_event,concert_or_event,confirmed_complete,2026-08-02,2026-08-05,2026-07-19,Sunday,0.5,True,3,120,579,0.2073,0,3,3,3,3,True,True,0.5,0.5,2026-08-02,False,True,0.5,0.5,2026-08-02,False,True,0.5,0.5,2026-08-02,False,True,1.0,1.0,2026-08-05,True,True,1.0,1.0,True,True,1.0,1.0,True,True,True,False,False,False,pre_opening_rollout_after_48h
82774,Willy Wonka & the Chocolate Factory 55th Anniversary,amc-kent-station-14,AMC Kent Station 14,special_event,concert_or_event,confirmed_complete,2026-08-02,2026-08-05,2026-07-19,Sunday,0.5,True,3,125,617,0.2026,0,3,3,3,3,True,True,0.5,0.5,2026-08-02,False,True,0.5,0.5,2026-08-02,False,True,0.5,0.5,2026-08-02,False,True,1.0,1.0,2026-08-05,True,True,1.0,1.0,True,True,1.0,1.0,True,True,True,False,False,False,pre_opening_rollout_after_48h
82774,Willy Wonka & the Chocolate Factory 55th Anniversary,amc-southcenter-16,AMC Southcenter 16,special_event,concert_or_event,confirmed_complete,2026-08-02,2026-08-05,2026-07-19,Sunday,0.5,True,3,117,662,0.1767,0,3,3,3,3,True,True,0.5,0.5,2026-08-02,False,True,0.5,0.5,2026-08-02,False,True,0.5,0.5,2026-08-02,False,True,1.0,1.0,2026-08-05,True,True,1.0,1.0,True,True,1.0,1.0,True,True,True,False,False,False,pre_opening_rollout_after_48h
82774,Willy Wonka & the Chocolate Factory 55th Anniversary,amc-woodinville-12,AMC Woodinville 12,special_event,concert_or_event,confirmed_complete,2026-08-02,2026-08-05,2026-07-19,Sunday,0.5,True,3,79,406,0.1946,0,3,3,3,3,True,True,0.5,0.5,2026-08-02,False,True,0.5,0.5,2026-08-02,False,True,0.5,0.5,2026-08-02,False,True,1.0,1.0,2026-08-05,True,True,1.0,1.0,True,True,1.0,1.0,True,True,True,False,False,False,pre_opening_rollout_after_48h
84478,Without Blood,amc-southcenter-16,AMC Southcenter 16,ordinary,standard,confirmed_complete,2026-09-17,2026-09-23,2026-09-16,Wednesday,1.0,False,0,449,449,1.0,0,0,0,0,0,True,True,1.0,1.0,2026-09-23,True,True,1.0,1.0,2026-09-23,True,True,1.0,1.0,2026-09-23,True,True,1.0,1.0,2026-09-23,True,False,,,,False,,,,False,False,False,False,False,not_extended_on_first_snapshot
84243,"You Had to Be There: How the Toronto Godspell Ignited the Comedy Revolution, Spread Love & Overalls.",amc-alderwood-mall-16,AMC Alderwood Mall 16,ordinary,standard,confirmed_complete,2026-09-24,2026-09-30,2026-09-23,Wednesday,1.0,False,0,482,482,1.0,0,0,0,0,0,True,True,1.0,1.0,2026-09-30,True,True,1.0,1.0,2026-09-30,True,True,1.0,1.0,2026-09-30,True,True,1.0,1.0,2026-09-30,True,False,,,,False,,,,False,False,False,False,False,not_extended_on_first_snapshot
84243,"You Had to Be There: How the Toronto Godspell Ignited the Comedy Revolution, Spread Love & Overalls.",amc-pacific-place-11,AMC Pacific Place 11,ordinary,standard,confirmed_complete,2026-09-24,2026-09-30,2026-09-22,Tuesday,0.25,True,5,237,238,0.9958,1,1,1,1,1,True,True,0.25,0.2857142857142857,2026-09-25,False,True,1.0,1.0,2026-09-30,True,True,1.0,1.0,2026-09-30,True,True,1.0,1.0,2026-09-30,True,False,,,,False,,,,True,False,False,False,False,immediate_rollout_within_48h
80772,Young Washington,amc-oak-tree-6,AMC Oak Tree 6,ordinary,standard,confirmed_complete,2026-07-09,2026-07-15,2026-07-07,Tuesday,0.14285714285714285,True,6,253,253,1.0,1,1,1,1,1,True,True,0.14285714285714285,0.14285714285714285,2026-07-09,False,True,1.0,1.0,2026-07-15,True,True,1.0,1.0,2026-07-15,True,True,1.0,1.0,2026-07-15,True,False,,,,False,,,,True,False,False,False,False,immediate_rollout_within_48h
84259,Your Letter,amc-alderwood-mall-16,AMC Alderwood Mall 16,ordinary,standard,confirmed_complete,2026-08-17,2026-08-17,2026-08-03,Monday,1.0,False,0,154,579,0.266,0,0,0,0,0,True,True,1.0,1.0,2026-08-17,True,True,1.0,1.0,2026-08-17,True,True,1.0,1.0,2026-08-17,True,True,1.0,1.0,2026-08-17,True,True,1.0,1.0,True,True,1.0,1.0,True,False,False,False,False,False,not_extended_on_first_snapshot
84259,Your Letter,amc-southcenter-16,AMC Southcenter 16,ordinary,standard,confirmed_complete,2026-08-17,2026-08-17,2026-08-03,Monday,1.0,False,0,140,551,0.2541,0,0,0,0,0,True,True,1.0,1.0,2026-08-17,True,True,1.0,1.0,2026-08-17,True,True,1.0,1.0,2026-08-17,True,True,1.0,1.0,2026-08-17,True,True,1.0,1.0,True,True,1.0,1.0,True,False,False,False,False,False,not_extended_on_first_snapshot
83876,Your Name. 10th Anniversary,amc-alderwood-mall-16,AMC Alderwood Mall 16,rerelease,anniversary_or_rerelease,confirmed_complete,2026-08-13,2026-08-26,2026-07-30,Thursday,0.07142857142857142,True,13,243,609,0.399,6,20,20,20,20,False,True,0.07142857142857142,0.07142857142857142,2026-08-13,False,True,0.14285714285714285,0.14285714285714285,2026-08-14,False,True,0.21428571428571427,0.21428571428571427,2026-08-15,False,True,0.2857142857142857,0.2857142857142857,2026-08-16,False,True,0.5,0.5,False,True,0.5,0.5,False,True,True,True,True,True,late_in_run_extension
83876,Your Name. 10th Anniversary,amc-kent-station-14,AMC Kent Station 14,rerelease,anniversary_or_rerelease,confirmed_complete,2026-08-13,2026-08-20,2026-08-11,Tuesday,0.8571428571428571,True,1,607,607,1.0,0,0,1,7,7,False,True,0.8571428571428571,0.875,2026-08-19,False,True,0.9047619047619048,0.875,2026-08-19,False,True,0.9047619047619048,0.875,2026-08-19,False,True,0.9047619047619048,0.875,2026-08-19,False,False,,,,False,,,,True,True,True,True,True,late_in_run_extension
83876,Your Name. 10th Anniversary,amc-pacific-place-11,AMC Pacific Place 11,rerelease,anniversary_or_rerelease,confirmed_complete,2026-08-13,2026-08-27,2026-08-11,Tuesday,0.26666666666666666,True,12,331,331,1.0,1,8,8,14,14,False,True,0.26666666666666666,0.2,2026-08-15,False,True,0.6333333333333333,0.4666666666666667,2026-08-19,False,True,0.6333333333333333,0.4666666666666667,2026-08-19,False,True,0.6333333333333333,0.4666666666666667,2026-08-19,False,False,,,,False,,,,True,True,True,True,True,late_in_run_extension
83876,Your Name. 10th Anniversary,amc-southcenter-16,AMC Southcenter 16,rerelease,anniversary_or_rerelease,confirmed_complete,2026-08-13,2026-08-26,2026-07-31,Friday,0.06451612903225806,True,12,267,650,0.4108,12,19,19,22,19,False,True,0.06451612903225806,0.07142857142857142,2026-08-14,False,True,0.12903225806451613,0.14285714285714285,2026-08-15,False,True,0.1935483870967742,0.21428571428571427,2026-08-16,False,True,0.25806451612903225,0.2857142857142857,2026-08-17,False,True,0.3870967741935484,0.42857142857142855,False,True,0.3870967741935484,0.42857142857142855,False,True,True,True,True,True,late_in_run_extension
