level,film_id,title,theater_id,theater_name,sequence,segment,segment_source,segment_confidence,catalog_category,title_run_type,identity_kind,start_date,end_date,last_occurred,span_days,distinct_show_dates,screening_count,occurred_screening_count,end_status,end_weekday,left_truncated,first_observation,announcement_observed,initial_first_show,initial_last_show,initial_span_days,initial_screening_count,share_visible_at_first_observation,days_added,extended,shortened,dates_added_count,removed_screening_count,next_programming_friday,next_friday_published,retrospective
film_theater,85223,#VYMARA,amc-alderwood-mall-16,AMC Alderwood Mall 16,1,special_event,catalog,high,concert_or_event,normal_first_run,source_film_id,2026-10-19,2026-10-19,,1,1,1,0,future_only_no_occurred_showtimes,Monday,False,2026-09-26,True,2026-10-19,2026-10-19,1,1,1.0,0,False,False,0,0,2026-10-23,False,True
film_theater,85184,9 to 5,amc-alderwood-mall-16,AMC Alderwood Mall 16,1,ordinary,catalog,high,standard,normal_first_run,source_film_id,2026-10-09,2026-10-14,,6,6,6,0,future_only_no_occurred_showtimes,Wednesday,False,2026-09-26,True,2026-10-09,2026-10-14,6,6,1.0,0,False,False,0,0,2026-10-16,False,True
film_theater,85184,9 to 5,amc-kent-station-14,AMC Kent Station 14,1,ordinary,catalog,high,standard,normal_first_run,source_film_id,2026-10-08,2026-10-15,,8,8,8,0,future_only_no_occurred_showtimes,Thursday,False,2026-09-26,True,2026-10-08,2026-10-15,8,8,1.0,0,False,False,0,0,2026-10-16,False,True
film_theater,85184,9 to 5,amc-southcenter-16,AMC Southcenter 16,1,ordinary,catalog,high,standard,normal_first_run,source_film_id,2026-10-09,2026-10-14,,6,6,6,0,future_only_no_occurred_showtimes,Wednesday,False,2026-09-26,True,2026-10-09,2026-10-14,6,6,1.0,0,False,False,0,0,2026-10-16,False,True
film_theater,82780,A Beautiful Mind 25th Anniversary,amc-alderwood-mall-16,AMC Alderwood Mall 16,1,special_event,catalog,high,concert_or_event,anniversary_re_release,source_film_id,2026-11-22,2026-11-23,,2,2,2,0,future_only_no_occurred_showtimes,Monday,False,2026-09-03,True,2026-11-22,2026-11-23,2,2,1.0,0,False,False,0,0,2026-11-27,False,True
film_theater,82780,A Beautiful Mind 25th Anniversary,amc-kent-station-14,AMC Kent Station 14,1,special_event,catalog,high,concert_or_event,anniversary_re_release,source_film_id,2026-11-22,2026-11-23,,2,2,2,0,future_only_no_occurred_showtimes,Monday,False,2026-09-03,True,2026-11-22,2026-11-23,2,2,1.0,0,False,False,0,0,2026-11-27,False,True
film_theater,82780,A Beautiful Mind 25th Anniversary,amc-southcenter-16,AMC Southcenter 16,1,special_event,catalog,high,concert_or_event,anniversary_re_release,source_film_id,2026-11-22,2026-11-23,,2,2,2,0,future_only_no_occurred_showtimes,Monday,False,2026-09-03,True,2026-11-22,2026-11-23,2,2,1.0,0,False,False,0,0,2026-11-27,False,True
film_theater,82780,A Beautiful Mind 25th Anniversary,amc-woodinville-12,AMC Woodinville 12,1,special_event,catalog,high,concert_or_event,anniversary_re_release,source_film_id,2026-11-22,2026-11-23,,2,2,2,0,future_only_no_occurred_showtimes,Monday,False,2026-09-03,True,2026-11-22,2026-11-23,2,2,1.0,0,False,False,0,0,2026-11-27,False,True
film_theater,84607,Adore Him: He is Here,amc-alderwood-mall-16,AMC Alderwood Mall 16,1,special_event,catalog,high,concert_or_event,normal_first_run,source_film_id,2026-10-04,2026-10-07,,4,4,5,0,future_only_no_occurred_showtimes,Wednesday,False,2026-09-03,True,2026-10-04,2026-10-07,4,5,1.0,0,False,False,0,0,2026-10-09,False,True
film_theater,84607,Adore Him: He is Here,amc-southcenter-16,AMC Southcenter 16,1,special_event,catalog,high,concert_or_event,normal_first_run,source_film_id,2026-10-04,2026-10-07,,4,4,5,0,future_only_no_occurred_showtimes,Wednesday,False,2026-09-03,True,2026-10-04,2026-10-07,4,5,1.0,0,False,False,0,0,2026-10-09,False,True
film_theater,84607,Adore Him: He is Here,amc-woodinville-12,AMC Woodinville 12,1,special_event,catalog,high,concert_or_event,normal_first_run,source_film_id,2026-10-04,2026-10-07,,4,4,4,0,future_only_no_occurred_showtimes,Wednesday,False,2026-09-03,True,2026-10-04,2026-10-07,4,4,1.0,0,False,False,0,1,2026-10-09,False,True
film_theater,85033,AMC Scream Unseen: October 12,amc-alderwood-mall-16,AMC Alderwood Mall 16,1,special_event,catalog,high,mystery_screening,fan_event,source_film_id,2026-10-12,2026-10-12,,1,1,1,0,future_only_no_occurred_showtimes,Monday,False,2026-09-30,True,2026-10-12,2026-10-12,1,1,1.0,0,False,False,0,0,2026-10-16,False,True
film_theater,85033,AMC Scream Unseen: October 12,amc-factoria-8,AMC Factoria 8,1,special_event,catalog,high,mystery_screening,fan_event,source_film_id,2026-10-12,2026-10-12,,1,1,1,0,future_only_no_occurred_showtimes,Monday,False,2026-09-30,True,2026-10-12,2026-10-12,1,1,1.0,0,False,False,0,0,2026-10-16,True,True
film_theater,85033,AMC Scream Unseen: October 12,amc-kent-station-14,AMC Kent Station 14,1,special_event,catalog,high,mystery_screening,fan_event,source_film_id,2026-10-12,2026-10-12,,1,1,1,0,future_only_no_occurred_showtimes,Monday,False,2026-09-30,True,2026-10-12,2026-10-12,1,1,1.0,0,False,False,0,0,2026-10-16,False,True
film_theater,85033,AMC Scream Unseen: October 12,amc-oak-tree-6,AMC Oak Tree 6,1,special_event,catalog,high,mystery_screening,fan_event,source_film_id,2026-10-12,2026-10-12,,1,1,1,0,future_only_no_occurred_showtimes,Monday,False,2026-09-30,True,2026-10-12,2026-10-12,1,1,1.0,0,False,False,0,0,2026-10-16,False,True
film_theater,85033,AMC Scream Unseen: October 12,amc-pacific-place-11,AMC Pacific Place 11,1,special_event,catalog,high,mystery_screening,fan_event,source_film_id,2026-10-12,2026-10-12,,1,1,1,0,future_only_no_occurred_showtimes,Monday,False,2026-09-30,True,2026-10-12,2026-10-12,1,1,1.0,0,False,False,0,0,2026-10-16,True,True
film_theater,85033,AMC Scream Unseen: October 12,amc-southcenter-16,AMC Southcenter 16,1,special_event,catalog,high,mystery_screening,fan_event,source_film_id,2026-10-12,2026-10-12,,1,1,1,0,future_only_no_occurred_showtimes,Monday,False,2026-09-30,True,2026-10-12,2026-10-12,1,1,1.0,0,False,False,0,0,2026-10-16,False,True
film_theater,85033,AMC Scream Unseen: October 12,amc-woodinville-12,AMC Woodinville 12,1,special_event,catalog,high,mystery_screening,fan_event,source_film_id,2026-10-12,2026-10-12,,1,1,1,0,future_only_no_occurred_showtimes,Monday,False,2026-09-30,True,2026-10-12,2026-10-12,1,1,1.0,0,False,False,0,0,2026-10-16,False,True
film_theater,85032,AMC Screen Unseen: October 12,amc-alderwood-mall-16,AMC Alderwood Mall 16,1,special_event,catalog,high,mystery_screening,fan_event,source_film_id,2026-10-12,2026-10-12,,1,1,1,0,future_only_no_occurred_showtimes,Monday,False,2026-09-30,True,2026-10-12,2026-10-12,1,1,1.0,0,False,False,0,0,2026-10-16,False,True
film_theater,85032,AMC Screen Unseen: October 12,amc-factoria-8,AMC Factoria 8,1,special_event,catalog,high,mystery_screening,fan_event,source_film_id,2026-10-12,2026-10-12,,1,1,1,0,future_only_no_occurred_showtimes,Monday,False,2026-09-30,True,2026-10-12,2026-10-12,1,1,1.0,0,False,False,0,0,2026-10-16,True,True
film_theater,85032,AMC Screen Unseen: October 12,amc-kent-station-14,AMC Kent Station 14,1,special_event,catalog,high,mystery_screening,fan_event,source_film_id,2026-10-12,2026-10-12,,1,1,2,0,future_only_no_occurred_showtimes,Monday,False,2026-09-30,True,2026-10-12,2026-10-12,1,2,1.0,0,False,False,0,0,2026-10-16,False,True
film_theater,85032,AMC Screen Unseen: October 12,amc-oak-tree-6,AMC Oak Tree 6,1,special_event,catalog,high,mystery_screening,fan_event,source_film_id,2026-10-12,2026-10-12,,1,1,1,0,future_only_no_occurred_showtimes,Monday,False,2026-09-30,True,2026-10-12,2026-10-12,1,1,1.0,0,False,False,0,0,2026-10-16,False,True
film_theater,85032,AMC Screen Unseen: October 12,amc-pacific-place-11,AMC Pacific Place 11,1,special_event,catalog,high,mystery_screening,fan_event,source_film_id,2026-10-12,2026-10-12,,1,1,1,0,future_only_no_occurred_showtimes,Monday,False,2026-09-30,True,2026-10-12,2026-10-12,1,1,1.0,0,False,False,0,0,2026-10-16,True,True
film_theater,85032,AMC Screen Unseen: October 12,amc-southcenter-16,AMC Southcenter 16,1,special_event,catalog,high,mystery_screening,fan_event,source_film_id,2026-10-12,2026-10-12,,1,1,1,0,future_only_no_occurred_showtimes,Monday,False,2026-09-30,True,2026-10-12,2026-10-12,1,1,1.0,0,False,False,0,0,2026-10-16,False,True
film_theater,85032,AMC Screen Unseen: October 12,amc-woodinville-12,AMC Woodinville 12,1,special_event,catalog,high,mystery_screening,fan_event,source_film_id,2026-10-12,2026-10-12,,1,1,1,0,future_only_no_occurred_showtimes,Monday,False,2026-09-30,True,2026-10-12,2026-10-12,1,1,1.0,0,False,False,0,0,2026-10-16,False,True
film_theater,84802,AMC Screen Unseen: October 5,amc-alderwood-mall-16,AMC Alderwood Mall 16,1,special_event,catalog,high,mystery_screening,fan_event,source_film_id,2026-10-05,2026-10-05,,1,1,1,0,future_only_no_occurred_showtimes,Monday,False,2026-09-23,True,2026-10-05,2026-10-05,1,1,1.0,0,False,False,0,0,2026-10-09,False,True
film_theater,84802,AMC Screen Unseen: October 5,amc-factoria-8,AMC Factoria 8,1,special_event,catalog,high,mystery_screening,fan_event,source_film_id,2026-10-05,2026-10-05,,1,1,1,0,future_only_no_occurred_showtimes,Monday,False,2026-09-23,True,2026-10-05,2026-10-05,1,1,1.0,0,False,False,0,0,2026-10-09,False,True
film_theater,84802,AMC Screen Unseen: October 5,amc-kent-station-14,AMC Kent Station 14,1,special_event,catalog,high,mystery_screening,fan_event,source_film_id,2026-10-05,2026-10-05,,1,1,2,0,future_only_no_occurred_showtimes,Monday,False,2026-09-23,True,2026-10-05,2026-10-05,1,2,1.0,0,False,False,0,0,2026-10-09,False,True
film_theater,84802,AMC Screen Unseen: October 5,amc-oak-tree-6,AMC Oak Tree 6,1,special_event,catalog,high,mystery_screening,fan_event,source_film_id,2026-10-05,2026-10-05,,1,1,1,0,future_only_no_occurred_showtimes,Monday,False,2026-09-23,True,2026-10-05,2026-10-05,1,1,1.0,0,False,False,0,0,2026-10-09,False,True
film_theater,84802,AMC Screen Unseen: October 5,amc-pacific-place-11,AMC Pacific Place 11,1,special_event,catalog,high,mystery_screening,fan_event,source_film_id,2026-10-05,2026-10-05,,1,1,1,0,future_only_no_occurred_showtimes,Monday,False,2026-09-23,True,2026-10-05,2026-10-05,1,1,1.0,0,False,False,0,0,2026-10-09,False,True
film_theater,84802,AMC Screen Unseen: October 5,amc-southcenter-16,AMC Southcenter 16,1,special_event,catalog,high,mystery_screening,fan_event,source_film_id,2026-10-05,2026-10-05,,1,1,1,0,future_only_no_occurred_showtimes,Monday,False,2026-09-23,True,2026-10-05,2026-10-05,1,1,1.0,0,False,False,0,0,2026-10-09,False,True
film_theater,84802,AMC Screen Unseen: October 5,amc-woodinville-12,AMC Woodinville 12,1,special_event,catalog,high,mystery_screening,fan_event,source_film_id,2026-10-05,2026-10-05,,1,1,1,0,future_only_no_occurred_showtimes,Monday,False,2026-09-23,True,2026-10-05,2026-10-05,1,1,1.0,0,False,False,0,0,2026-10-09,False,True
film_theater,84829,American Psycho - Welcome to Horrorwood Series,amc-alderwood-mall-16,AMC Alderwood Mall 16,1,special_event,catalog,high,concert_or_event,normal_first_run,source_film_id,2026-10-16,2026-10-20,,5,2,2,0,future_only_no_occurred_showtimes,Tuesday,False,2026-09-17,True,2026-10-16,2026-10-20,5,2,1.0,0,False,False,0,0,2026-10-23,False,True
film_theater,84829,American Psycho - Welcome to Horrorwood Series,amc-kent-station-14,AMC Kent Station 14,1,special_event,catalog,high,concert_or_event,normal_first_run,source_film_id,2026-10-16,2026-10-20,,5,2,2,0,future_only_no_occurred_showtimes,Tuesday,False,2026-09-17,True,2026-10-16,2026-10-20,5,2,1.0,0,False,False,0,0,2026-10-23,False,True
film_theater,84829,American Psycho - Welcome to Horrorwood Series,amc-southcenter-16,AMC Southcenter 16,1,special_event,catalog,high,concert_or_event,normal_first_run,source_film_id,2026-10-16,2026-10-20,,5,2,2,0,future_only_no_occurred_showtimes,Tuesday,False,2026-09-17,True,2026-10-16,2026-10-20,5,2,1.0,0,False,False,0,0,2026-10-23,False,True
film_theater,83714,Angel and the Badman,amc-alderwood-mall-16,AMC Alderwood Mall 16,1,ordinary,catalog,high,standard,normal_first_run,source_film_id,2026-10-08,2026-10-14,,7,7,14,0,future_only_no_occurred_showtimes,Wednesday,False,2026-09-03,True,2026-10-08,2026-10-14,7,14,1.0,0,False,False,0,0,2026-10-16,False,True
film_theater,83714,Angel and the Badman,amc-factoria-8,AMC Factoria 8,1,ordinary,catalog,high,standard,normal_first_run,source_film_id,2026-10-08,2026-10-15,,8,8,17,0,future_only_no_occurred_showtimes,Thursday,False,2026-09-28,True,2026-10-08,2026-10-15,8,16,0.9412,0,False,False,0,0,2026-10-16,True,True
film_theater,83714,Angel and the Badman,amc-kent-station-14,AMC Kent Station 14,1,ordinary,catalog,high,standard,normal_first_run,source_film_id,2026-10-08,2026-10-14,,7,7,15,0,future_only_no_occurred_showtimes,Wednesday,False,2026-09-12,True,2026-10-08,2026-10-14,7,15,1.0,0,False,False,0,0,2026-10-16,False,True
film_theater,83714,Angel and the Badman,amc-southcenter-16,AMC Southcenter 16,1,ordinary,catalog,high,standard,normal_first_run,source_film_id,2026-10-08,2026-10-14,,7,7,14,0,future_only_no_occurred_showtimes,Wednesday,False,2026-09-03,True,2026-10-08,2026-10-14,7,14,1.0,0,False,False,0,0,2026-10-16,False,True
film_theater,83714,Angel and the Badman,amc-woodinville-12,AMC Woodinville 12,1,ordinary,catalog,high,standard,normal_first_run,source_film_id,2026-10-08,2026-10-14,,7,7,17,0,future_only_no_occurred_showtimes,Wednesday,False,2026-09-29,True,2026-10-08,2026-10-14,7,17,1.0,0,False,False,0,0,2026-10-16,False,True
film_theater,84343,Appofeniacs,amc-southcenter-16,AMC Southcenter 16,1,ordinary,catalog,high,standard,normal_first_run,source_film_id,2026-10-01,2026-10-07,,7,7,26,0,future_only_no_occurred_showtimes,Wednesday,False,2026-09-19,False,,,,0,,,,,0,7,2026-10-09,False,True
film_theater,84717,April X,amc-alderwood-mall-16,AMC Alderwood Mall 16,1,ordinary,catalog,high,standard,normal_first_run,source_film_id,2026-10-06,2026-10-06,,1,1,1,0,future_only_no_occurred_showtimes,Tuesday,False,2026-09-30,True,2026-10-06,2026-10-06,1,1,1.0,0,False,False,0,0,2026-10-09,False,True
film_theater,84717,April X,amc-kent-station-14,AMC Kent Station 14,1,ordinary,catalog,high,standard,normal_first_run,source_film_id,2026-10-06,2026-10-06,,1,1,1,0,future_only_no_occurred_showtimes,Tuesday,False,2026-09-29,True,2026-10-06,2026-10-06,1,1,1.0,0,False,False,0,0,2026-10-09,False,True
film_theater,84717,April X,amc-southcenter-16,AMC Southcenter 16,1,ordinary,catalog,high,standard,normal_first_run,source_film_id,2026-10-06,2026-10-06,,1,1,1,0,future_only_no_occurred_showtimes,Tuesday,False,2026-09-30,True,2026-10-06,2026-10-06,1,1,1.0,0,False,False,0,0,2026-10-09,False,True
film_theater,84717,April X,amc-woodinville-12,AMC Woodinville 12,1,ordinary,catalog,high,standard,normal_first_run,source_film_id,2026-10-06,2026-10-06,,1,1,1,0,future_only_no_occurred_showtimes,Tuesday,False,2026-09-30,True,2026-10-06,2026-10-06,1,1,1.0,0,False,False,0,0,2026-10-09,False,True
film_theater,82342,Avengers Endgame: Encore,amc-alderwood-mall-16,AMC Alderwood Mall 16,1,ambiguous_special,catalog_title_disagreement,low,standard,concert_live_encore,source_film_id,2026-09-24,2026-10-07,2026-09-30,14,14,78,49,right_censored_still_scheduled,Wednesday,False,2026-09-03,True,2026-09-24,2026-09-29,6,30,0.3846,8,True,False,8,1,2026-10-09,False,True
film_theater,82342,Avengers Endgame: Encore,amc-factoria-8,AMC Factoria 8,1,ambiguous_special,catalog_title_disagreement,low,standard,concert_live_encore,source_film_id,2026-09-24,2026-10-07,2026-09-30,14,14,48,24,right_censored_still_scheduled,Wednesday,False,2026-09-03,True,2026-09-24,2026-10-01,8,27,0.5625,6,True,False,6,0,2026-10-09,False,True
film_theater,82342,Avengers Endgame: Encore,amc-kent-station-14,AMC Kent Station 14,1,ambiguous_special,catalog_title_disagreement,low,standard,concert_live_encore,source_film_id,2026-09-24,2026-10-07,2026-09-30,14,14,85,57,right_censored_still_scheduled,Wednesday,False,2026-09-03,True,2026-09-24,2026-09-30,7,32,0.3765,7,True,False,7,3,2026-10-09,False,True
film_theater,82342,Avengers Endgame: Encore,amc-oak-tree-6,AMC Oak Tree 6,1,ambiguous_special,catalog_title_disagreement,low,standard,concert_live_encore,source_film_id,2026-09-24,2026-10-07,2026-09-30,14,14,35,25,right_censored_still_scheduled,Wednesday,False,2026-09-03,True,2026-09-24,2026-09-27,4,9,0.2571,10,True,False,10,7,2026-10-09,False,True
film_theater,82342,Avengers Endgame: Encore,amc-pacific-place-11,AMC Pacific Place 11,1,ambiguous_special,catalog_title_disagreement,low,standard,concert_live_encore,source_film_id,2026-09-24,2026-10-07,2026-09-30,14,14,40,22,right_censored_still_scheduled,Wednesday,False,2026-09-03,True,2026-09-24,2026-10-01,8,23,0.575,6,True,False,6,0,2026-10-09,False,True
film_theater,82342,Avengers Endgame: Encore,amc-southcenter-16,AMC Southcenter 16,1,ambiguous_special,catalog_title_disagreement,low,standard,concert_live_encore,source_film_id,2026-09-24,2026-10-07,2026-09-30,14,14,73,45,right_censored_still_scheduled,Wednesday,False,2026-09-03,True,2026-09-24,2026-09-29,6,28,0.3836,8,True,False,8,1,2026-10-09,False,True
film_theater,82342,Avengers Endgame: Encore,amc-woodinville-12,AMC Woodinville 12,1,ambiguous_special,catalog_title_disagreement,low,standard,concert_live_encore,source_film_id,2026-09-24,2026-10-07,2026-09-30,14,14,59,37,right_censored_still_scheduled,Wednesday,False,2026-09-03,True,2026-09-24,2026-09-30,7,23,0.3898,7,True,False,7,3,2026-10-09,False,True
film_theater,70533,Avengers: Doomsday,amc-alderwood-mall-16,AMC Alderwood Mall 16,1,ordinary,catalog,high,standard,normal_first_run,source_film_id,2026-12-17,2027-01-07,,22,22,331,0,future_only_no_occurred_showtimes,Thursday,False,2026-09-03,True,2026-12-17,2027-01-07,22,331,1.0,0,False,False,0,0,2027-01-08,False,True
film_theater,70533,Avengers: Doomsday,amc-factoria-8,AMC Factoria 8,1,ordinary,catalog,high,standard,normal_first_run,source_film_id,2026-12-17,2027-01-07,,22,22,169,0,future_only_no_occurred_showtimes,Thursday,False,2026-09-03,True,2026-12-17,2027-01-07,22,166,0.9822,0,False,False,0,0,2027-01-08,False,True
film_theater,70533,Avengers: Doomsday,amc-kent-station-14,AMC Kent Station 14,1,ordinary,catalog,high,standard,normal_first_run,source_film_id,2026-12-17,2027-01-07,,22,22,312,0,future_only_no_occurred_showtimes,Thursday,False,2026-09-03,True,2026-12-17,2027-01-07,22,312,1.0,0,False,False,0,0,2027-01-08,False,True
film_theater,70533,Avengers: Doomsday,amc-oak-tree-6,AMC Oak Tree 6,1,ordinary,catalog,high,standard,normal_first_run,source_film_id,2026-12-17,2027-01-07,,22,22,152,0,future_only_no_occurred_showtimes,Thursday,False,2026-09-03,True,2026-12-17,2027-01-07,22,152,1.0,0,False,False,0,0,2027-01-08,False,True
film_theater,70533,Avengers: Doomsday,amc-pacific-place-11,AMC Pacific Place 11,1,ordinary,catalog,high,standard,normal_first_run,source_film_id,2026-12-17,2027-01-07,,22,22,207,0,future_only_no_occurred_showtimes,Thursday,False,2026-09-03,True,2026-12-17,2027-01-07,22,207,1.0,0,False,False,0,0,2027-01-08,False,True
film_theater,70533,Avengers: Doomsday,amc-southcenter-16,AMC Southcenter 16,1,ordinary,catalog,high,standard,normal_first_run,source_film_id,2026-12-17,2027-01-07,,22,22,374,0,future_only_no_occurred_showtimes,Thursday,False,2026-09-03,True,2026-12-17,2027-01-07,22,373,0.9973,0,False,False,0,1,2027-01-08,False,True
film_theater,70533,Avengers: Doomsday,amc-woodinville-12,AMC Woodinville 12,1,ordinary,catalog,high,standard,normal_first_run,source_film_id,2026-12-17,2027-01-07,,22,22,254,0,future_only_no_occurred_showtimes,Thursday,False,2026-09-03,True,2026-12-17,2027-01-07,22,254,1.0,0,False,False,0,0,2027-01-08,False,True
film_theater,84722,Avengers: Doomsday RealD 3D Fan Event,amc-alderwood-mall-16,AMC Alderwood Mall 16,1,special_event,catalog,high,concert_or_event,fan_event,source_film_id,2026-12-20,2026-12-20,,1,1,1,0,future_only_no_occurred_showtimes,Sunday,False,2026-09-03,True,2026-12-20,2026-12-20,1,1,1.0,0,False,False,0,0,2026-12-25,False,True
film_theater,84722,Avengers: Doomsday RealD 3D Fan Event,amc-kent-station-14,AMC Kent Station 14,1,special_event,catalog,high,concert_or_event,fan_event,source_film_id,2026-12-20,2026-12-20,,1,1,1,0,future_only_no_occurred_showtimes,Sunday,False,2026-09-03,True,2026-12-20,2026-12-20,1,1,1.0,0,False,False,0,0,2026-12-25,False,True
film_theater,84722,Avengers: Doomsday RealD 3D Fan Event,amc-pacific-place-11,AMC Pacific Place 11,1,special_event,catalog,high,concert_or_event,fan_event,source_film_id,2026-12-20,2026-12-20,,1,1,1,0,future_only_no_occurred_showtimes,Sunday,False,2026-09-03,True,2026-12-20,2026-12-20,1,1,1.0,0,False,False,0,0,2026-12-25,False,True
film_theater,84722,Avengers: Doomsday RealD 3D Fan Event,amc-southcenter-16,AMC Southcenter 16,1,special_event,catalog,high,concert_or_event,fan_event,source_film_id,2026-12-20,2026-12-20,,1,1,1,0,future_only_no_occurred_showtimes,Sunday,False,2026-09-03,True,2026-12-20,2026-12-20,1,1,1.0,0,False,False,0,0,2026-12-25,False,True
film_theater,84722,Avengers: Doomsday RealD 3D Fan Event,amc-woodinville-12,AMC Woodinville 12,1,special_event,catalog,high,concert_or_event,fan_event,source_film_id,2026-12-20,2026-12-20,,1,1,1,0,future_only_no_occurred_showtimes,Sunday,False,2026-09-03,True,2026-12-20,2026-12-20,1,1,1.0,0,False,False,0,0,2026-12-25,False,True
film_theater,84972,Back to the Future Day 2026,amc-alderwood-mall-16,AMC Alderwood Mall 16,1,special_event,catalog,high,concert_or_event,normal_first_run,source_film_id,2026-10-21,2026-10-21,,1,1,2,0,future_only_no_occurred_showtimes,Wednesday,False,2026-09-22,True,2026-10-21,2026-10-21,1,2,1.0,0,False,False,0,0,2026-10-23,False,True
film_theater,84972,Back to the Future Day 2026,amc-kent-station-14,AMC Kent Station 14,1,special_event,catalog,high,concert_or_event,normal_first_run,source_film_id,2026-10-21,2026-10-21,,1,1,2,0,future_only_no_occurred_showtimes,Wednesday,False,2026-09-22,True,2026-10-21,2026-10-21,1,2,1.0,0,False,False,0,0,2026-10-23,False,True
film_theater,84972,Back to the Future Day 2026,amc-southcenter-16,AMC Southcenter 16,1,special_event,catalog,high,concert_or_event,normal_first_run,source_film_id,2026-10-21,2026-10-21,,1,1,2,0,future_only_no_occurred_showtimes,Wednesday,False,2026-09-22,True,2026-10-21,2026-10-21,1,2,1.0,0,False,False,0,0,2026-10-23,False,True
film_theater,84182,Beware Boiuna,amc-alderwood-mall-16,AMC Alderwood Mall 16,1,ordinary,catalog,high,standard,normal_first_run,source_film_id,2026-10-01,2026-10-07,,7,7,14,0,future_only_no_occurred_showtimes,Wednesday,False,2026-09-24,True,2026-10-01,2026-10-07,7,7,0.5,0,False,False,0,0,2026-10-09,False,True
film_theater,84182,Beware Boiuna,amc-kent-station-14,AMC Kent Station 14,1,ordinary,catalog,high,standard,normal_first_run,source_film_id,2026-10-01,2026-10-06,,6,6,6,0,future_only_no_occurred_showtimes,Tuesday,False,2026-09-29,True,2026-10-01,2026-10-06,6,6,1.0,0,False,False,0,0,2026-10-09,False,True
film_theater,84182,Beware Boiuna,amc-pacific-place-11,AMC Pacific Place 11,1,ordinary,catalog,high,standard,normal_first_run,source_film_id,2026-10-01,2026-10-07,,7,7,9,0,future_only_no_occurred_showtimes,Wednesday,False,2026-09-29,True,2026-10-01,2026-10-02,2,3,0.3333,5,True,False,5,0,2026-10-09,False,True
film_theater,84182,Beware Boiuna,amc-southcenter-16,AMC Southcenter 16,1,ordinary,catalog,high,standard,normal_first_run,source_film_id,2026-10-01,2026-10-07,,7,7,13,0,future_only_no_occurred_showtimes,Wednesday,False,2026-09-24,True,2026-10-01,2026-10-07,7,7,0.5385,0,False,False,0,0,2026-10-09,False,True
film_theater,84182,Beware Boiuna,amc-woodinville-12,AMC Woodinville 12,1,ordinary,catalog,high,standard,normal_first_run,source_film_id,2026-10-01,2026-10-07,,7,7,10,0,future_only_no_occurred_showtimes,Wednesday,False,2026-09-29,True,2026-10-01,2026-10-04,4,6,0.6,3,True,False,3,0,2026-10-09,False,True
film_theater,84996,Blumhouse Presents: Other Mommy Fan Event Screening,amc-alderwood-mall-16,AMC Alderwood Mall 16,1,special_event,catalog,high,concert_or_event,fan_event,source_film_id,2026-10-08,2026-10-08,,1,1,1,0,future_only_no_occurred_showtimes,Thursday,False,2026-09-16,True,2026-10-08,2026-10-08,1,1,1.0,0,False,False,0,0,2026-10-09,False,True
film_theater,84996,Blumhouse Presents: Other Mommy Fan Event Screening,amc-factoria-8,AMC Factoria 8,1,special_event,catalog,high,concert_or_event,fan_event,source_film_id,2026-10-08,2026-10-08,,1,1,1,0,future_only_no_occurred_showtimes,Thursday,False,2026-09-16,True,2026-10-08,2026-10-08,1,1,1.0,0,False,False,0,0,2026-10-09,False,True
film_theater,84996,Blumhouse Presents: Other Mommy Fan Event Screening,amc-kent-station-14,AMC Kent Station 14,1,special_event,catalog,high,concert_or_event,fan_event,source_film_id,2026-10-08,2026-10-08,,1,1,1,0,future_only_no_occurred_showtimes,Thursday,False,2026-09-16,True,2026-10-08,2026-10-08,1,1,1.0,0,False,False,0,0,2026-10-09,False,True
film_theater,84996,Blumhouse Presents: Other Mommy Fan Event Screening,amc-oak-tree-6,AMC Oak Tree 6,1,special_event,catalog,high,concert_or_event,fan_event,source_film_id,2026-10-08,2026-10-08,,1,1,1,0,future_only_no_occurred_showtimes,Thursday,False,2026-09-16,True,2026-10-08,2026-10-08,1,1,1.0,0,False,False,0,0,2026-10-09,False,True
film_theater,84996,Blumhouse Presents: Other Mommy Fan Event Screening,amc-pacific-place-11,AMC Pacific Place 11,1,special_event,catalog,high,concert_or_event,fan_event,source_film_id,2026-10-08,2026-10-08,,1,1,1,0,future_only_no_occurred_showtimes,Thursday,False,2026-09-16,True,2026-10-08,2026-10-08,1,1,1.0,0,False,False,0,0,2026-10-09,False,True
film_theater,84996,Blumhouse Presents: Other Mommy Fan Event Screening,amc-southcenter-16,AMC Southcenter 16,1,special_event,catalog,high,concert_or_event,fan_event,source_film_id,2026-10-08,2026-10-08,,1,1,1,0,future_only_no_occurred_showtimes,Thursday,False,2026-09-16,True,2026-10-08,2026-10-08,1,1,1.0,0,False,False,0,0,2026-10-09,False,True
film_theater,84996,Blumhouse Presents: Other Mommy Fan Event Screening,amc-woodinville-12,AMC Woodinville 12,1,special_event,catalog,high,concert_or_event,fan_event,source_film_id,2026-10-08,2026-10-08,,1,1,1,0,future_only_no_occurred_showtimes,Thursday,False,2026-09-16,True,2026-10-08,2026-10-08,1,1,1.0,0,False,False,0,0,2026-10-09,False,True
film_theater,84443,BTS WORLD TOUR 'ARIRANG' IN BUENOS AIRES: LIVE VIEWING,amc-alderwood-mall-16,AMC Alderwood Mall 16,1,special_event,catalog,high,concert_or_event,normal_first_run,source_film_id,2026-10-24,2026-10-25,,2,2,2,0,future_only_no_occurred_showtimes,Sunday,False,2026-09-17,True,2026-10-24,2026-10-25,2,2,1.0,0,False,False,0,0,2026-10-30,False,True
film_theater,84443,BTS WORLD TOUR 'ARIRANG' IN BUENOS AIRES: LIVE VIEWING,amc-kent-station-14,AMC Kent Station 14,1,special_event,catalog,high,concert_or_event,normal_first_run,source_film_id,2026-10-24,2026-10-25,,2,2,2,0,future_only_no_occurred_showtimes,Sunday,False,2026-09-17,True,2026-10-24,2026-10-25,2,2,1.0,0,False,False,0,0,2026-10-30,False,True
film_theater,84443,BTS WORLD TOUR 'ARIRANG' IN BUENOS AIRES: LIVE VIEWING,amc-pacific-place-11,AMC Pacific Place 11,1,special_event,catalog,high,concert_or_event,normal_first_run,source_film_id,2026-10-24,2026-10-25,,2,2,2,0,future_only_no_occurred_showtimes,Sunday,False,2026-09-17,True,2026-10-24,2026-10-25,2,2,1.0,0,False,False,0,0,2026-10-30,False,True
film_theater,84443,BTS WORLD TOUR 'ARIRANG' IN BUENOS AIRES: LIVE VIEWING,amc-southcenter-16,AMC Southcenter 16,1,special_event,catalog,high,concert_or_event,normal_first_run,source_film_id,2026-10-24,2026-10-25,,2,2,3,0,future_only_no_occurred_showtimes,Sunday,False,2026-09-17,True,2026-10-24,2026-10-25,2,2,0.6667,0,False,False,0,0,2026-10-30,False,True
film_theater,84443,BTS WORLD TOUR 'ARIRANG' IN BUENOS AIRES: LIVE VIEWING,amc-woodinville-12,AMC Woodinville 12,1,special_event,catalog,high,concert_or_event,normal_first_run,source_film_id,2026-10-24,2026-10-25,,2,2,2,0,future_only_no_occurred_showtimes,Sunday,False,2026-09-17,True,2026-10-24,2026-10-25,2,2,1.0,0,False,False,0,0,2026-10-30,False,True
film_theater,84437,BTS WORLD TOUR 'ARIRANG' IN SAO PAULO: LIVE VIEWING,amc-alderwood-mall-16,AMC Alderwood Mall 16,1,special_event,catalog,high,concert_or_event,normal_first_run,source_film_id,2026-10-30,2026-10-31,,2,2,2,0,future_only_no_occurred_showtimes,Saturday,False,2026-09-17,True,2026-10-30,2026-10-31,2,2,1.0,0,False,False,0,0,2026-11-06,False,True
film_theater,84437,BTS WORLD TOUR 'ARIRANG' IN SAO PAULO: LIVE VIEWING,amc-kent-station-14,AMC Kent Station 14,1,special_event,catalog,high,concert_or_event,normal_first_run,source_film_id,2026-10-30,2026-10-31,,2,2,2,0,future_only_no_occurred_showtimes,Saturday,False,2026-09-17,True,2026-10-30,2026-10-31,2,2,1.0,0,False,False,0,0,2026-11-06,False,True
film_theater,84437,BTS WORLD TOUR 'ARIRANG' IN SAO PAULO: LIVE VIEWING,amc-pacific-place-11,AMC Pacific Place 11,1,special_event,catalog,high,concert_or_event,normal_first_run,source_film_id,2026-10-30,2026-10-31,,2,2,2,0,future_only_no_occurred_showtimes,Saturday,False,2026-09-17,True,2026-10-30,2026-10-31,2,2,1.0,0,False,False,0,0,2026-11-06,False,True
film_theater,84437,BTS WORLD TOUR 'ARIRANG' IN SAO PAULO: LIVE VIEWING,amc-southcenter-16,AMC Southcenter 16,1,special_event,catalog,high,concert_or_event,normal_first_run,source_film_id,2026-10-30,2026-10-31,,2,2,2,0,future_only_no_occurred_showtimes,Saturday,False,2026-09-17,True,2026-10-30,2026-10-31,2,2,1.0,0,False,False,0,0,2026-11-06,False,True
film_theater,84437,BTS WORLD TOUR 'ARIRANG' IN SAO PAULO: LIVE VIEWING,amc-woodinville-12,AMC Woodinville 12,1,special_event,catalog,high,concert_or_event,normal_first_run,source_film_id,2026-10-30,2026-10-31,,2,2,2,0,future_only_no_occurred_showtimes,Saturday,False,2026-09-17,True,2026-10-30,2026-10-31,2,2,1.0,0,False,False,0,0,2026-11-06,False,True
film_theater,83749,Buddy,amc-alderwood-mall-16,AMC Alderwood Mall 16,1,ordinary,catalog,high,standard,normal_first_run,source_film_id,2026-08-27,2026-10-01,2026-09-30,36,36,106,105,right_censored_still_scheduled,Thursday,False,2026-08-26,True,2026-08-27,2026-09-02,7,20,0.1887,29,True,False,29,0,2026-10-02,True,True
film_theater,85234,Buddy The Sing-Along Version,amc-alderwood-mall-16,AMC Alderwood Mall 16,1,ordinary,catalog,high,standard,normal_first_run,source_film_id,2026-10-02,2026-10-07,,6,6,6,0,future_only_no_occurred_showtimes,Wednesday,False,2026-09-30,True,2026-10-02,2026-10-07,6,6,1.0,0,False,False,0,0,2026-10-09,False,True
film_theater,80751,California Schemin',amc-pacific-place-11,AMC Pacific Place 11,1,ordinary,catalog,high,standard,normal_first_run,source_film_id,2026-10-15,2026-10-21,,7,7,7,0,future_only_no_occurred_showtimes,Wednesday,False,2026-09-27,True,2026-10-15,2026-10-21,7,7,1.0,0,False,False,0,0,2026-10-23,False,True
film_theater,80751,California Schemin',amc-southcenter-16,AMC Southcenter 16,1,ordinary,catalog,high,standard,normal_first_run,source_film_id,2026-10-15,2026-10-21,,7,7,7,0,future_only_no_occurred_showtimes,Wednesday,False,2026-09-25,True,2026-10-15,2026-10-21,7,7,1.0,0,False,False,0,0,2026-10-23,False,True
film_theater,65798,Coyote vs. Acme,amc-alderwood-mall-16,AMC Alderwood Mall 16,1,ambiguous_special,catalog_title_disagreement,low,standard,special_event,source_film_id,2026-08-27,2026-10-07,2026-09-30,42,42,181,173,right_censored_still_scheduled,Wednesday,False,2026-08-13,True,2026-08-27,2026-08-27,1,6,0.0331,41,True,False,41,0,2026-10-09,False,True
film_theater,65798,Coyote vs. Acme,amc-factoria-8,AMC Factoria 8,1,ambiguous_special,catalog_title_disagreement,low,standard,special_event,source_film_id,2026-08-27,2026-10-01,2026-09-30,36,36,130,129,right_censored_still_scheduled,Thursday,False,2026-08-25,True,2026-08-27,2026-09-02,7,32,0.2462,29,True,False,29,8,2026-10-02,True,True
film_theater,65798,Coyote vs. Acme,amc-kent-station-14,AMC Kent Station 14,1,ambiguous_special,catalog_title_disagreement,low,standard,special_event,source_film_id,2026-08-27,2026-10-07,2026-09-30,42,42,205,191,right_censored_still_scheduled,Wednesday,False,2026-08-13,True,2026-08-27,2026-08-27,1,4,0.0195,41,True,False,41,0,2026-10-09,False,True
film_theater,65798,Coyote vs. Acme,amc-pacific-place-11,AMC Pacific Place 11,1,ambiguous_special,catalog_title_disagreement,low,standard,special_event,source_film_id,2026-08-27,2026-10-01,2026-09-30,36,36,108,107,right_censored_still_scheduled,Thursday,False,2026-08-13,True,2026-08-27,2026-08-27,1,3,0.0278,35,True,False,35,0,2026-10-02,True,True
film_theater,65798,Coyote vs. Acme,amc-southcenter-16,AMC Southcenter 16,1,ambiguous_special,catalog_title_disagreement,low,standard,special_event,source_film_id,2026-08-27,2026-10-01,2026-09-30,36,36,152,151,right_censored_still_scheduled,Thursday,False,2026-08-13,True,2026-08-27,2026-08-27,1,6,0.0395,35,True,False,35,0,2026-10-02,True,True
film_theater,84477,Daniel and the Fiery Furnace,amc-southcenter-16,AMC Southcenter 16,1,ordinary,catalog,high,standard,normal_first_run,source_film_id,2026-09-17,2026-10-01,2026-09-30,15,15,29,28,right_censored_still_scheduled,Thursday,False,2026-09-03,True,2026-09-17,2026-09-22,6,10,0.3448,9,True,False,9,6,2026-10-02,True,True
film_theater,84477,Daniel and the Fiery Furnace,amc-woodinville-12,AMC Woodinville 12,1,ordinary,catalog,high,standard,normal_first_run,source_film_id,2026-09-17,2026-10-01,2026-09-30,15,15,22,21,right_censored_still_scheduled,Thursday,False,2026-09-15,True,2026-09-17,2026-09-23,7,14,0.6364,8,True,False,8,0,2026-10-02,True,True
film_theater,79125,Digger,amc-alderwood-mall-16,AMC Alderwood Mall 16,1,ordinary,catalog,high,standard,normal_first_run,source_film_id,2026-10-01,2026-10-07,,7,7,58,0,future_only_no_occurred_showtimes,Wednesday,False,2026-09-23,True,2026-10-01,2026-10-07,7,46,0.7931,0,False,False,0,10,2026-10-09,False,True
film_theater,79125,Digger,amc-factoria-8,AMC Factoria 8,1,ordinary,catalog,high,standard,normal_first_run,source_film_id,2026-10-01,2026-10-14,,14,14,47,0,future_only_no_occurred_showtimes,Wednesday,False,2026-09-23,True,2026-10-01,2026-10-14,14,47,1.0,0,False,False,0,1,2026-10-16,True,True
film_theater,79125,Digger,amc-kent-station-14,AMC Kent Station 14,1,ordinary,catalog,high,standard,normal_first_run,source_film_id,2026-10-01,2026-10-14,,14,14,87,0,future_only_no_occurred_showtimes,Wednesday,False,2026-09-23,True,2026-10-01,2026-10-14,14,64,0.7356,0,False,False,1,18,2026-10-16,False,True
film_theater,79125,Digger,amc-oak-tree-6,AMC Oak Tree 6,1,ordinary,catalog,high,standard,normal_first_run,source_film_id,2026-10-01,2026-10-14,,14,14,45,0,future_only_no_occurred_showtimes,Wednesday,False,2026-09-23,True,2026-10-01,2026-10-14,14,30,0.6667,0,False,False,1,5,2026-10-16,False,True
film_theater,79125,Digger,amc-pacific-place-11,AMC Pacific Place 11,1,ordinary,catalog,high,standard,normal_first_run,source_film_id,2026-10-01,2026-10-15,,15,15,52,0,future_only_no_occurred_showtimes,Thursday,False,2026-09-23,True,2026-10-01,2026-10-15,15,49,0.9423,0,False,False,0,2,2026-10-16,True,True
film_theater,79125,Digger,amc-southcenter-16,AMC Southcenter 16,1,ordinary,catalog,high,standard,normal_first_run,source_film_id,2026-10-01,2026-10-07,,7,7,52,0,future_only_no_occurred_showtimes,Wednesday,False,2026-09-23,True,2026-10-02,2026-10-07,6,41,0.7885,0,False,False,1,7,2026-10-09,False,True
film_theater,79125,Digger,amc-woodinville-12,AMC Woodinville 12,1,ordinary,catalog,high,standard,normal_first_run,source_film_id,2026-10-01,2026-10-14,,14,14,59,0,future_only_no_occurred_showtimes,Wednesday,False,2026-09-23,True,2026-10-01,2026-10-14,14,53,0.8983,0,False,False,0,5,2026-10-16,False,True
film_theater,85190,Dive in Wonderland,amc-alderwood-mall-16,AMC Alderwood Mall 16,1,ordinary,catalog,high,standard,normal_first_run,source_film_id,2026-11-16,2026-11-16,,1,1,1,0,future_only_no_occurred_showtimes,Monday,False,2026-09-29,True,2026-11-16,2026-11-16,1,1,1.0,0,False,False,0,0,2026-11-20,False,True
film_theater,85190,Dive in Wonderland,amc-southcenter-16,AMC Southcenter 16,1,ordinary,catalog,high,standard,normal_first_run,source_film_id,2026-11-16,2026-11-16,,1,1,1,0,future_only_no_occurred_showtimes,Monday,False,2026-09-29,True,2026-11-16,2026-11-16,1,1,1.0,0,False,False,0,0,2026-11-20,False,True
film_theater,85218,Doctor Who: The Satan Pit,amc-alderwood-mall-16,AMC Alderwood Mall 16,1,special_event,catalog,high,concert_or_event,normal_first_run,source_film_id,2026-11-23,2026-11-23,,1,1,1,0,future_only_no_occurred_showtimes,Monday,False,2026-09-26,True,2026-11-23,2026-11-23,1,1,1.0,0,False,False,0,0,2026-11-27,False,True
film_theater,85218,Doctor Who: The Satan Pit,amc-southcenter-16,AMC Southcenter 16,1,special_event,catalog,high,concert_or_event,normal_first_run,source_film_id,2026-11-23,2026-11-23,,1,1,1,0,future_only_no_occurred_showtimes,Monday,False,2026-09-26,True,2026-11-23,2026-11-23,1,1,1.0,0,False,False,0,0,2026-11-27,False,True
film_theater,85101,Don't Trouble the Trouble,amc-alderwood-mall-16,AMC Alderwood Mall 16,1,ordinary,catalog,high,standard,normal_first_run,source_film_id,2026-10-01,2026-10-07,,7,7,8,0,future_only_no_occurred_showtimes,Wednesday,False,2026-09-30,True,2026-10-01,2026-10-07,7,8,1.0,0,False,False,0,0,2026-10-09,False,True
film_theater,84684,Donnie Darko 25th Anniversary,amc-alderwood-mall-16,AMC Alderwood Mall 16,1,special_event,catalog,high,concert_or_event,anniversary_re_release,source_film_id,2026-10-02,2026-10-04,,3,3,3,0,future_only_no_occurred_showtimes,Sunday,False,2026-09-03,True,2026-10-02,2026-10-04,3,3,1.0,0,False,False,0,0,2026-10-09,False,True
film_theater,84684,Donnie Darko 25th Anniversary,amc-kent-station-14,AMC Kent Station 14,1,special_event,catalog,high,concert_or_event,anniversary_re_release,source_film_id,2026-10-02,2026-10-04,,3,3,3,0,future_only_no_occurred_showtimes,Sunday,False,2026-09-03,True,2026-10-02,2026-10-04,3,3,1.0,0,False,False,0,0,2026-10-09,False,True
film_theater,84684,Donnie Darko 25th Anniversary,amc-southcenter-16,AMC Southcenter 16,1,special_event,catalog,high,concert_or_event,anniversary_re_release,source_film_id,2026-10-02,2026-10-04,,3,3,3,0,future_only_no_occurred_showtimes,Sunday,False,2026-09-03,True,2026-10-02,2026-10-04,3,3,1.0,0,False,False,0,0,2026-10-09,False,True
film_theater,84684,Donnie Darko 25th Anniversary,amc-woodinville-12,AMC Woodinville 12,1,special_event,catalog,high,concert_or_event,anniversary_re_release,source_film_id,2026-10-02,2026-10-04,,3,3,6,0,future_only_no_occurred_showtimes,Sunday,False,2026-09-03,True,2026-10-02,2026-10-04,3,3,0.5,0,False,False,0,0,2026-10-09,False,True
film_theater,85025,Drishyam - The Conclusion,amc-alderwood-mall-16,AMC Alderwood Mall 16,1,ordinary,catalog,high,standard,normal_first_run,source_film_id,2026-10-02,2026-10-07,,6,6,7,0,future_only_no_occurred_showtimes,Wednesday,False,2026-09-30,True,2026-10-02,2026-10-07,6,7,1.0,0,False,False,0,0,2026-10-09,False,True
film_theater,85025,Drishyam - The Conclusion,amc-factoria-8,AMC Factoria 8,1,ordinary,catalog,high,standard,normal_first_run,source_film_id,2026-10-02,2026-10-07,,6,5,5,0,future_only_no_occurred_showtimes,Wednesday,False,2026-09-29,True,2026-10-02,2026-10-07,6,5,1.0,0,False,False,0,0,2026-10-09,False,True
film_theater,85025,Drishyam - The Conclusion,amc-southcenter-16,AMC Southcenter 16,1,ordinary,catalog,high,standard,normal_first_run,source_film_id,2026-10-02,2026-10-07,,6,6,10,0,future_only_no_occurred_showtimes,Wednesday,False,2026-09-30,True,2026-10-02,2026-10-07,6,10,1.0,0,False,False,0,0,2026-10-09,False,True
film_theater,83723,Drummer Boy,amc-alderwood-mall-16,AMC Alderwood Mall 16,1,ordinary,catalog,high,standard,normal_first_run,source_film_id,2026-11-05,2026-11-11,,7,7,7,0,future_only_no_occurred_showtimes,Wednesday,False,2026-09-10,True,2026-11-05,2026-11-11,7,7,1.0,0,False,False,0,0,2026-11-13,False,True
film_theater,83723,Drummer Boy,amc-kent-station-14,AMC Kent Station 14,1,ordinary,catalog,high,standard,normal_first_run,source_film_id,2026-11-05,2026-11-11,,7,7,7,0,future_only_no_occurred_showtimes,Wednesday,False,2026-09-10,True,2026-11-05,2026-11-11,7,7,1.0,0,False,False,0,0,2026-11-13,False,True
film_theater,83723,Drummer Boy,amc-southcenter-16,AMC Southcenter 16,1,ordinary,catalog,high,standard,normal_first_run,source_film_id,2026-11-05,2026-11-11,,7,7,7,0,future_only_no_occurred_showtimes,Wednesday,False,2026-09-10,True,2026-11-05,2026-11-11,7,7,1.0,0,False,False,0,0,2026-11-13,False,True
film_theater,77032,Dune: Part Three,amc-alderwood-mall-16,AMC Alderwood Mall 16,1,ordinary,catalog,high,standard,normal_first_run,source_film_id,2026-12-17,2027-01-07,,22,22,137,0,future_only_no_occurred_showtimes,Thursday,False,2026-09-03,True,2026-12-17,2027-01-07,22,137,1.0,0,False,False,0,0,2027-01-08,False,True
film_theater,77032,Dune: Part Three,amc-kent-station-14,AMC Kent Station 14,1,ordinary,catalog,high,standard,normal_first_run,source_film_id,2026-12-17,2027-01-06,,21,21,118,0,future_only_no_occurred_showtimes,Wednesday,False,2026-09-03,True,2026-12-17,2027-01-06,21,118,1.0,0,False,False,0,0,2027-01-08,False,True
film_theater,77032,Dune: Part Three,amc-southcenter-16,AMC Southcenter 16,1,ordinary,catalog,high,standard,normal_first_run,source_film_id,2026-12-17,2027-01-06,,21,21,147,0,future_only_no_occurred_showtimes,Wednesday,False,2026-09-03,True,2026-12-17,2027-01-06,21,146,0.9932,0,False,False,0,0,2027-01-08,False,True
film_theater,77032,Dune: Part Three,amc-woodinville-12,AMC Woodinville 12,1,ordinary,catalog,high,standard,normal_first_run,source_film_id,2026-12-18,2026-12-24,,7,7,21,0,future_only_no_occurred_showtimes,Thursday,False,2026-09-03,True,2026-12-18,2026-12-24,7,21,1.0,0,False,False,0,0,2026-12-25,False,True
film_theater,84768,Dune: Part Three Insider Screenings,amc-alderwood-mall-16,AMC Alderwood Mall 16,1,ordinary,catalog,high,standard,normal_first_run,source_film_id,2026-12-15,2026-12-15,,1,1,5,0,future_only_no_occurred_showtimes,Tuesday,False,2026-09-03,True,2026-12-15,2026-12-15,1,4,0.8,0,False,False,0,0,2026-12-18,False,True
film_theater,84768,Dune: Part Three Insider Screenings,amc-kent-station-14,AMC Kent Station 14,1,ordinary,catalog,high,standard,normal_first_run,source_film_id,2026-12-15,2026-12-15,,1,1,4,0,future_only_no_occurred_showtimes,Tuesday,False,2026-09-03,True,2026-12-15,2026-12-15,1,4,1.0,0,False,False,0,0,2026-12-18,False,True
film_theater,84768,Dune: Part Three Insider Screenings,amc-southcenter-16,AMC Southcenter 16,1,ordinary,catalog,high,standard,normal_first_run,source_film_id,2026-12-15,2026-12-15,,1,1,6,0,future_only_no_occurred_showtimes,Tuesday,False,2026-09-03,True,2026-12-15,2026-12-15,1,4,0.6667,0,False,False,0,0,2026-12-18,True,True
film_theater,84768,Dune: Part Three Insider Screenings,amc-woodinville-12,AMC Woodinville 12,1,ordinary,catalog,high,standard,normal_first_run,source_film_id,2026-12-15,2026-12-15,,1,1,2,0,future_only_no_occurred_showtimes,Tuesday,False,2026-09-03,True,2026-12-15,2026-12-15,1,2,1.0,0,False,False,0,0,2026-12-18,False,True
film_theater,85200,ENHYPEN WORLD TOUR 'BLOOD SAGA',amc-alderwood-mall-16,AMC Alderwood Mall 16,1,special_event,catalog,high,concert_or_event,normal_first_run,source_film_id,2026-10-25,2026-10-28,,4,3,3,0,future_only_no_occurred_showtimes,Wednesday,False,2026-09-29,True,2026-10-25,2026-10-28,4,3,1.0,0,False,False,0,0,2026-10-30,False,True
film_theater,85200,ENHYPEN WORLD TOUR 'BLOOD SAGA',amc-southcenter-16,AMC Southcenter 16,1,special_event,catalog,high,concert_or_event,normal_first_run,source_film_id,2026-10-25,2026-10-28,,4,3,3,0,future_only_no_occurred_showtimes,Wednesday,False,2026-09-29,True,2026-10-25,2026-10-28,4,3,1.0,0,False,False,0,0,2026-10-30,False,True
film_theater,84428,Fallen Angels by Noël Coward,amc-alderwood-mall-16,AMC Alderwood Mall 16,1,special_event,catalog,high,concert_or_event,normal_first_run,source_film_id,2026-10-22,2026-10-25,,4,2,2,0,future_only_no_occurred_showtimes,Sunday,False,2026-09-03,True,2026-10-22,2026-10-25,4,2,1.0,0,False,False,0,0,2026-10-30,False,True
film_theater,84428,Fallen Angels by Noël Coward,amc-kent-station-14,AMC Kent Station 14,1,special_event,catalog,high,concert_or_event,normal_first_run,source_film_id,2026-10-22,2026-10-25,,4,2,2,0,future_only_no_occurred_showtimes,Sunday,False,2026-09-03,True,2026-10-22,2026-10-25,4,2,1.0,0,False,False,0,0,2026-10-30,False,True
film_theater,84428,Fallen Angels by Noël Coward,amc-pacific-place-11,AMC Pacific Place 11,1,special_event,catalog,high,concert_or_event,normal_first_run,source_film_id,2026-10-22,2026-10-25,,4,2,2,0,future_only_no_occurred_showtimes,Sunday,False,2026-09-03,True,2026-10-22,2026-10-25,4,2,1.0,0,False,False,0,0,2026-10-30,False,True
film_theater,84428,Fallen Angels by Noël Coward,amc-southcenter-16,AMC Southcenter 16,1,special_event,catalog,high,concert_or_event,normal_first_run,source_film_id,2026-10-22,2026-10-25,,4,2,2,0,future_only_no_occurred_showtimes,Sunday,False,2026-09-03,True,2026-10-22,2026-10-25,4,2,1.0,0,False,False,0,0,2026-10-30,False,True
film_theater,71470,Forgotten Island,amc-alderwood-mall-16,AMC Alderwood Mall 16,1,ordinary,catalog,high,standard,normal_first_run,source_film_id,2026-09-24,2026-10-07,2026-09-30,14,14,87,48,right_censored_still_scheduled,Wednesday,False,2026-09-09,True,2026-09-24,2026-10-07,14,62,0.7126,0,False,False,0,2,2026-10-09,False,True
film_theater,71470,Forgotten Island,amc-factoria-8,AMC Factoria 8,1,ordinary,catalog,high,standard,normal_first_run,source_film_id,2026-09-24,2026-10-07,2026-09-30,14,14,51,27,right_censored_still_scheduled,Wednesday,False,2026-09-09,True,2026-09-24,2026-10-07,14,51,1.0,0,False,False,0,0,2026-10-09,False,True
film_theater,71470,Forgotten Island,amc-kent-station-14,AMC Kent Station 14,1,ordinary,catalog,high,standard,normal_first_run,source_film_id,2026-09-24,2026-10-07,2026-09-30,14,14,73,38,right_censored_still_scheduled,Wednesday,False,2026-09-09,True,2026-09-24,2026-09-30,7,24,0.3288,7,True,False,7,4,2026-10-09,False,True
film_theater,71470,Forgotten Island,amc-oak-tree-6,AMC Oak Tree 6,1,ordinary,catalog,high,standard,normal_first_run,source_film_id,2026-09-24,2026-10-07,2026-09-30,14,14,39,25,right_censored_still_scheduled,Wednesday,False,2026-09-09,True,2026-09-24,2026-09-30,7,10,0.2564,7,True,False,8,25,2026-10-09,False,True
film_theater,71470,Forgotten Island,amc-pacific-place-11,AMC Pacific Place 11,1,ordinary,catalog,high,standard,normal_first_run,source_film_id,2026-09-24,2026-10-08,2026-09-30,15,15,49,26,right_censored_still_scheduled,Thursday,False,2026-09-09,True,2026-09-24,2026-10-08,15,42,0.8571,0,False,False,0,8,2026-10-09,False,True
film_theater,71470,Forgotten Island,amc-southcenter-16,AMC Southcenter 16,1,ordinary,catalog,high,standard,normal_first_run,source_film_id,2026-09-24,2026-10-07,2026-09-30,14,14,79,49,right_censored_still_scheduled,Wednesday,False,2026-09-09,True,2026-09-25,2026-09-30,6,23,0.2911,7,True,False,8,0,2026-10-09,False,True
film_theater,71470,Forgotten Island,amc-woodinville-12,AMC Woodinville 12,1,ordinary,catalog,high,standard,normal_first_run,source_film_id,2026-09-24,2026-10-07,2026-09-30,14,14,68,37,right_censored_still_scheduled,Wednesday,False,2026-09-09,True,2026-09-24,2026-10-07,14,55,0.8088,0,False,False,0,3,2026-10-09,False,True
film_theater,84985,Forgotten Island: Sensory Friendly Screening,amc-woodinville-12,AMC Woodinville 12,1,accessibility_presentation,catalog,high,sensory_friendly,sensory_friendly,source_film_id,2026-10-10,2026-10-10,,1,1,1,0,future_only_no_occurred_showtimes,Saturday,False,2026-09-25,True,2026-10-10,2026-10-10,1,1,1.0,0,False,False,0,0,2026-10-16,False,True
film_theater,84709,Fresh Meat,amc-alderwood-mall-16,AMC Alderwood Mall 16,1,special_event,catalog,high,concert_or_event,normal_first_run,source_film_id,2026-10-12,2026-10-12,,1,1,1,0,future_only_no_occurred_showtimes,Monday,False,2026-09-29,True,2026-10-12,2026-10-12,1,1,1.0,0,False,False,0,0,2026-10-16,False,True
film_theater,84828,Friday The 13th - Welcome to Horrorwood Series,amc-alderwood-mall-16,AMC Alderwood Mall 16,1,special_event,catalog,high,concert_or_event,normal_first_run,source_film_id,2026-10-09,2026-10-13,,5,2,2,0,future_only_no_occurred_showtimes,Tuesday,False,2026-09-17,True,2026-10-09,2026-10-13,5,2,1.0,0,False,False,0,0,2026-10-16,False,True
film_theater,84828,Friday The 13th - Welcome to Horrorwood Series,amc-kent-station-14,AMC Kent Station 14,1,special_event,catalog,high,concert_or_event,normal_first_run,source_film_id,2026-10-09,2026-10-13,,5,2,2,0,future_only_no_occurred_showtimes,Tuesday,False,2026-09-17,True,2026-10-09,2026-10-13,5,2,1.0,0,False,False,0,0,2026-10-16,False,True
film_theater,84828,Friday The 13th - Welcome to Horrorwood Series,amc-southcenter-16,AMC Southcenter 16,1,special_event,catalog,high,concert_or_event,normal_first_run,source_film_id,2026-10-09,2026-10-13,,5,2,2,0,future_only_no_occurred_showtimes,Tuesday,False,2026-09-17,True,2026-10-09,2026-10-13,5,2,1.0,0,False,False,0,0,2026-10-16,False,True
film_theater,84795,Ghost in the Cell,amc-southcenter-16,AMC Southcenter 16,1,ordinary,catalog,high,standard,normal_first_run,source_film_id,2026-10-01,2026-10-07,,7,7,7,0,future_only_no_occurred_showtimes,Wednesday,False,2026-09-24,True,2026-10-02,2026-10-06,5,5,0.7143,1,True,False,2,0,2026-10-09,False,True
film_theater,84773,GIANT - The Play,amc-pacific-place-11,AMC Pacific Place 11,1,special_event,catalog,high,concert_or_event,normal_first_run,source_film_id,2026-11-19,2026-11-22,,4,2,2,0,future_only_no_occurred_showtimes,Sunday,False,2026-09-17,True,2026-11-19,2026-11-22,4,2,1.0,0,False,False,0,0,2026-11-27,False,True
film_theater,82776,Gone with the Wind (2026 Event),amc-alderwood-mall-16,AMC Alderwood Mall 16,1,special_event,catalog,high,concert_or_event,holiday_re_release,source_film_id,2026-10-11,2026-10-14,,4,4,4,0,future_only_no_occurred_showtimes,Wednesday,False,2026-09-03,True,2026-10-11,2026-10-14,4,4,1.0,0,False,False,0,0,2026-10-16,False,True
film_theater,82776,Gone with the Wind (2026 Event),amc-kent-station-14,AMC Kent Station 14,1,special_event,catalog,high,concert_or_event,holiday_re_release,source_film_id,2026-10-11,2026-10-14,,4,4,4,0,future_only_no_occurred_showtimes,Wednesday,False,2026-09-03,True,2026-10-11,2026-10-14,4,4,1.0,0,False,False,0,0,2026-10-16,False,True
film_theater,82776,Gone with the Wind (2026 Event),amc-southcenter-16,AMC Southcenter 16,1,special_event,catalog,high,concert_or_event,holiday_re_release,source_film_id,2026-10-11,2026-10-14,,4,4,4,0,future_only_no_occurred_showtimes,Wednesday,False,2026-09-03,True,2026-10-11,2026-10-14,4,4,1.0,0,False,False,0,0,2026-10-16,False,True
film_theater,82776,Gone with the Wind (2026 Event),amc-woodinville-12,AMC Woodinville 12,1,special_event,catalog,high,concert_or_event,holiday_re_release,source_film_id,2026-10-11,2026-10-14,,4,4,4,0,future_only_no_occurred_showtimes,Wednesday,False,2026-09-03,True,2026-10-11,2026-10-14,4,4,1.0,0,False,False,0,0,2026-10-16,False,True
film_theater,84836,Grandmasters,amc-alderwood-mall-16,AMC Alderwood Mall 16,1,special_event,catalog,high,concert_or_event,normal_first_run,source_film_id,2026-10-11,2026-10-14,,4,2,2,0,future_only_no_occurred_showtimes,Wednesday,False,2026-09-13,False,,,,0,,,,,0,2,2026-10-16,False,True
film_theater,83493,Guillermo del Toro's Pan's Labyrinth 20th Anniversary,amc-alderwood-mall-16,AMC Alderwood Mall 16,1,special_event,catalog,high,concert_or_event,anniversary_re_release,source_film_id,2026-10-08,2026-10-14,,7,7,8,0,future_only_no_occurred_showtimes,Wednesday,False,2026-09-03,True,2026-10-08,2026-10-14,7,8,1.0,0,False,False,0,0,2026-10-16,False,True
film_theater,83493,Guillermo del Toro's Pan's Labyrinth 20th Anniversary,amc-southcenter-16,AMC Southcenter 16,1,special_event,catalog,high,concert_or_event,anniversary_re_release,source_film_id,2026-10-08,2026-10-14,,7,7,29,0,future_only_no_occurred_showtimes,Wednesday,False,2026-09-03,True,2026-10-08,2026-10-14,7,8,0.2759,0,False,False,0,0,2026-10-16,False,True
film_theater,84368,"Ha-Chan, Shake Your Booty!",amc-southcenter-16,AMC Southcenter 16,1,ordinary,catalog,high,standard,normal_first_run,source_film_id,2026-09-24,2026-10-01,2026-09-30,8,8,15,14,right_censored_still_scheduled,Thursday,False,2026-09-23,True,2026-09-24,2026-09-30,7,14,0.9333,1,True,False,1,0,2026-10-02,True,True
film_theater,82707,Heart of the Beast,amc-alderwood-mall-16,AMC Alderwood Mall 16,1,ordinary,catalog,high,standard,normal_first_run,source_film_id,2026-09-24,2026-10-07,2026-09-30,14,14,76,44,right_censored_still_scheduled,Wednesday,False,2026-09-03,True,2026-09-24,2026-09-30,7,17,0.2237,7,True,False,7,12,2026-10-09,False,True
film_theater,82707,Heart of the Beast,amc-factoria-8,AMC Factoria 8,1,ordinary,catalog,high,standard,normal_first_run,source_film_id,2026-09-24,2026-10-07,2026-09-30,14,14,55,30,right_censored_still_scheduled,Wednesday,False,2026-09-03,True,2026-09-24,2026-09-30,7,30,0.5455,7,True,False,7,0,2026-10-09,False,True
film_theater,82707,Heart of the Beast,amc-kent-station-14,AMC Kent Station 14,1,ordinary,catalog,high,standard,normal_first_run,source_film_id,2026-09-24,2026-10-07,2026-09-30,14,14,66,36,right_censored_still_scheduled,Wednesday,False,2026-09-03,True,2026-09-24,2026-09-30,7,28,0.4242,7,True,False,7,2,2026-10-09,False,True
film_theater,82707,Heart of the Beast,amc-pacific-place-11,AMC Pacific Place 11,1,ordinary,catalog,high,standard,normal_first_run,source_film_id,2026-09-24,2026-10-07,2026-09-30,14,14,51,26,right_censored_still_scheduled,Wednesday,False,2026-09-03,True,2026-09-24,2026-10-01,8,20,0.3922,6,True,False,6,7,2026-10-09,False,True
film_theater,82707,Heart of the Beast,amc-southcenter-16,AMC Southcenter 16,1,ordinary,catalog,high,standard,normal_first_run,source_film_id,2026-09-24,2026-10-07,2026-09-30,14,14,74,43,right_censored_still_scheduled,Wednesday,False,2026-09-03,True,2026-09-24,2026-09-30,7,22,0.2973,7,True,False,7,9,2026-10-09,False,True
film_theater,82707,Heart of the Beast,amc-woodinville-12,AMC Woodinville 12,1,ordinary,catalog,high,standard,normal_first_run,source_film_id,2026-09-24,2026-10-07,2026-09-30,14,14,66,35,right_censored_still_scheduled,Wednesday,False,2026-09-03,True,2026-09-24,2026-09-30,7,29,0.4394,7,True,False,7,1,2026-10-09,False,True
film_theater,83726,Hershey,amc-alderwood-mall-16,AMC Alderwood Mall 16,1,ordinary,catalog,high,standard,normal_first_run,source_film_id,2026-11-24,2026-12-02,,9,9,18,0,future_only_no_occurred_showtimes,Wednesday,False,2026-10-01,True,2026-11-24,2026-12-02,9,18,1.0,0,False,False,0,0,2026-12-04,False,True
film_theater,83726,Hershey,amc-kent-station-14,AMC Kent Station 14,1,ordinary,catalog,high,standard,normal_first_run,source_film_id,2026-11-24,2026-12-02,,9,9,18,0,future_only_no_occurred_showtimes,Wednesday,False,2026-10-01,True,2026-11-24,2026-12-02,9,18,1.0,0,False,False,0,0,2026-12-04,False,True
film_theater,83726,Hershey,amc-southcenter-16,AMC Southcenter 16,1,ordinary,catalog,high,standard,normal_first_run,source_film_id,2026-11-25,2026-12-02,,8,8,19,0,future_only_no_occurred_showtimes,Wednesday,False,2026-10-01,True,2026-11-25,2026-12-02,8,19,1.0,0,False,False,0,0,2026-12-04,False,True
film_theater,83726,Hershey,amc-woodinville-12,AMC Woodinville 12,1,ordinary,catalog,high,standard,normal_first_run,source_film_id,2026-11-24,2026-12-02,,9,9,18,0,future_only_no_occurred_showtimes,Wednesday,False,2026-10-01,True,2026-11-24,2026-12-02,9,18,1.0,0,False,False,0,0,2026-12-04,False,True
film_theater,84082,Hope,amc-kent-station-14,AMC Kent Station 14,1,ordinary,catalog,high,standard,normal_first_run,source_film_id,2026-09-09,2026-10-01,2026-09-30,23,23,75,74,right_censored_still_scheduled,Thursday,False,2026-08-26,True,2026-09-09,2026-09-09,1,1,0.0133,22,True,False,22,1,2026-10-02,True,True
film_theater,84082,Hope,amc-southcenter-16,AMC Southcenter 16,1,ordinary,catalog,high,standard,normal_first_run,source_film_id,2026-09-09,2026-10-01,2026-09-30,23,23,67,66,right_censored_still_scheduled,Thursday,False,2026-08-26,True,2026-09-09,2026-09-09,1,2,0.0299,22,True,False,22,0,2026-10-02,True,True
film_theater,84827,Hostel 20th Anniversary - Welcome to Horrorwood Series,amc-alderwood-mall-16,AMC Alderwood Mall 16,1,rerelease,catalog,high,anniversary_or_rerelease,anniversary_re_release,source_film_id,2026-10-02,2026-10-06,,5,2,2,0,future_only_no_occurred_showtimes,Tuesday,False,2026-09-17,True,2026-10-02,2026-10-06,5,2,1.0,0,False,False,0,0,2026-10-09,False,True
film_theater,84827,Hostel 20th Anniversary - Welcome to Horrorwood Series,amc-kent-station-14,AMC Kent Station 14,1,rerelease,catalog,high,anniversary_or_rerelease,anniversary_re_release,source_film_id,2026-10-02,2026-10-06,,5,2,2,0,future_only_no_occurred_showtimes,Tuesday,False,2026-09-17,True,2026-10-02,2026-10-06,5,2,1.0,0,False,False,0,0,2026-10-09,False,True
film_theater,84827,Hostel 20th Anniversary - Welcome to Horrorwood Series,amc-southcenter-16,AMC Southcenter 16,1,rerelease,catalog,high,anniversary_or_rerelease,anniversary_re_release,source_film_id,2026-10-02,2026-10-06,,5,2,2,0,future_only_no_occurred_showtimes,Tuesday,False,2026-09-17,True,2026-10-02,2026-10-06,5,2,1.0,0,False,False,0,0,2026-10-09,False,True
film_theater,85199,HYBE CHEERING PARTY,amc-alderwood-mall-16,AMC Alderwood Mall 16,1,special_event,catalog,high,concert_or_event,normal_first_run,source_film_id,2026-10-24,2026-10-31,,8,7,7,0,future_only_no_occurred_showtimes,Saturday,False,2026-09-29,True,2026-10-24,2026-10-31,8,7,1.0,0,False,False,0,0,2026-11-06,False,True
film_theater,85199,HYBE CHEERING PARTY,amc-southcenter-16,AMC Southcenter 16,1,special_event,catalog,high,concert_or_event,normal_first_run,source_film_id,2026-10-24,2026-10-31,,8,7,7,0,future_only_no_occurred_showtimes,Saturday,False,2026-09-29,True,2026-10-24,2026-10-31,8,7,1.0,0,False,False,0,0,2026-11-06,False,True
film_theater,84453,If I Go Will They Miss Me,amc-pacific-place-11,AMC Pacific Place 11,1,ordinary,catalog,high,standard,normal_first_run,source_film_id,2026-09-17,2026-10-07,2026-09-24,21,14,17,8,right_censored_still_scheduled,Wednesday,False,2026-09-16,True,2026-09-17,2026-09-23,7,7,0.4118,14,True,False,7,0,2026-10-09,False,True
film_theater,84453,If I Go Will They Miss Me,amc-southcenter-16,AMC Southcenter 16,1,ordinary,catalog,high,standard,normal_first_run,source_film_id,2026-09-17,2026-10-07,2026-09-24,21,14,22,13,right_censored_still_scheduled,Wednesday,False,2026-09-09,True,2026-09-17,2026-09-24,8,7,0.3182,13,True,False,7,2,2026-10-09,False,True
film_theater,84905,Instructions Not Included,amc-alderwood-mall-16,AMC Alderwood Mall 16,1,ordinary,catalog,high,standard,normal_first_run,source_film_id,2026-10-09,2026-10-15,,7,7,7,0,future_only_no_occurred_showtimes,Thursday,False,2026-09-09,True,2026-10-09,2026-10-15,7,7,1.0,0,False,False,0,0,2026-10-16,False,True
film_theater,84905,Instructions Not Included,amc-southcenter-16,AMC Southcenter 16,1,ordinary,catalog,high,standard,normal_first_run,source_film_id,2026-10-09,2026-10-15,,7,7,7,0,future_only_no_occurred_showtimes,Thursday,False,2026-09-09,True,2026-10-09,2026-10-15,7,7,1.0,0,False,False,0,0,2026-10-16,False,True
film_theater,82788,It's a Wonderful Life 80th Anniversary,amc-alderwood-mall-16,AMC Alderwood Mall 16,1,special_event,catalog,high,concert_or_event,family_holiday_title,source_film_id,2026-12-18,2026-12-24,,7,7,10,0,future_only_no_occurred_showtimes,Thursday,False,2026-09-03,True,2026-12-18,2026-12-24,7,10,1.0,0,False,False,0,0,2026-12-25,False,True
film_theater,82788,It's a Wonderful Life 80th Anniversary,amc-kent-station-14,AMC Kent Station 14,1,special_event,catalog,high,concert_or_event,family_holiday_title,source_film_id,2026-12-21,2026-12-24,,4,4,4,0,future_only_no_occurred_showtimes,Thursday,False,2026-09-03,True,2026-12-21,2026-12-24,4,4,1.0,0,False,False,0,0,2026-12-25,False,True
film_theater,82788,It's a Wonderful Life 80th Anniversary,amc-southcenter-16,AMC Southcenter 16,1,special_event,catalog,high,concert_or_event,family_holiday_title,source_film_id,2026-12-18,2026-12-24,,7,7,10,0,future_only_no_occurred_showtimes,Thursday,False,2026-09-03,True,2026-12-18,2026-12-24,7,10,1.0,0,False,False,0,0,2026-12-25,False,True
film_theater,83023,JIMMY,amc-alderwood-mall-16,AMC Alderwood Mall 16,1,ordinary,catalog,high,standard,normal_first_run,source_film_id,2026-11-05,2026-11-11,,7,7,13,0,future_only_no_occurred_showtimes,Wednesday,False,2026-09-11,True,2026-11-05,2026-11-11,7,13,1.0,0,False,False,0,0,2026-11-13,False,True
film_theater,83023,JIMMY,amc-kent-station-14,AMC Kent Station 14,1,ordinary,catalog,high,standard,normal_first_run,source_film_id,2026-11-05,2026-11-12,,8,8,15,0,future_only_no_occurred_showtimes,Thursday,False,2026-09-11,True,2026-11-05,2026-11-12,8,15,1.0,0,False,False,0,0,2026-11-13,False,True
film_theater,83023,JIMMY,amc-southcenter-16,AMC Southcenter 16,1,ordinary,catalog,high,standard,normal_first_run,source_film_id,2026-11-05,2026-11-11,,7,7,26,0,future_only_no_occurred_showtimes,Wednesday,False,2026-09-11,True,2026-11-05,2026-11-11,7,7,0.2692,0,False,False,0,0,2026-11-13,False,True
film_theater,84750,Ken Russell's The Devils,amc-alderwood-mall-16,AMC Alderwood Mall 16,1,ordinary,catalog,high,standard,normal_first_run,source_film_id,2026-10-15,2026-10-21,,7,7,27,0,future_only_no_occurred_showtimes,Wednesday,False,2026-09-18,True,2026-10-15,2026-10-21,7,27,1.0,0,False,False,0,0,2026-10-23,False,True
film_theater,84750,Ken Russell's The Devils,amc-southcenter-16,AMC Southcenter 16,1,ordinary,catalog,high,standard,normal_first_run,source_film_id,2026-10-15,2026-10-21,,7,7,27,0,future_only_no_occurred_showtimes,Wednesday,False,2026-09-18,True,2026-10-15,2026-10-21,7,27,1.0,0,False,False,0,0,2026-10-23,False,True
film_theater,84366,La Bola Negra,amc-pacific-place-11,AMC Pacific Place 11,1,ordinary,catalog,high,standard,normal_first_run,source_film_id,2026-11-05,2026-11-11,,7,7,21,0,future_only_no_occurred_showtimes,Wednesday,False,2026-09-27,True,2026-11-05,2026-11-11,7,17,0.8095,0,False,False,0,7,2026-11-13,False,True
film_theater,84695,Linkin Park: Unshatter,amc-alderwood-mall-16,AMC Alderwood Mall 16,1,special_event,catalog,high,concert_or_event,normal_first_run,source_film_id,2026-09-30,2026-10-03,2026-09-30,4,2,2,1,right_censored_still_scheduled,Saturday,False,2026-09-03,True,2026-09-30,2026-10-03,4,2,1.0,0,False,False,0,0,2026-10-09,False,True
film_theater,84695,Linkin Park: Unshatter,amc-southcenter-16,AMC Southcenter 16,1,special_event,catalog,high,concert_or_event,normal_first_run,source_film_id,2026-09-30,2026-10-03,2026-09-30,4,2,2,1,right_censored_still_scheduled,Saturday,False,2026-09-03,True,2026-09-30,2026-10-03,4,2,1.0,0,False,False,0,0,2026-10-09,False,True
film_theater,84275,Met Opera - Silent Night (2027),amc-alderwood-mall-16,AMC Alderwood Mall 16,1,special_event,catalog,high,concert_or_event,concert_live_encore,source_film_id,2027-03-20,2027-03-20,,1,1,1,0,future_only_no_occurred_showtimes,Saturday,False,2026-09-03,True,2027-03-20,2027-03-20,1,1,1.0,0,False,False,0,0,2027-03-26,False,True
film_theater,84275,Met Opera - Silent Night (2027),amc-kent-station-14,AMC Kent Station 14,1,special_event,catalog,high,concert_or_event,concert_live_encore,source_film_id,2027-03-20,2027-03-20,,1,1,1,0,future_only_no_occurred_showtimes,Saturday,False,2026-09-03,True,2027-03-20,2027-03-20,1,1,1.0,0,False,False,0,0,2027-03-26,False,True
film_theater,84275,Met Opera - Silent Night (2027),amc-southcenter-16,AMC Southcenter 16,1,special_event,catalog,high,concert_or_event,concert_live_encore,source_film_id,2027-03-20,2027-03-20,,1,1,1,0,future_only_no_occurred_showtimes,Saturday,False,2026-09-03,True,2027-03-20,2027-03-20,1,1,1.0,0,False,False,0,0,2027-03-26,False,True
film_theater,84284,MET Opera: Carmen (2026 Encore),amc-alderwood-mall-16,AMC Alderwood Mall 16,1,special_event,catalog,high,concert_or_event,concert_live_encore,source_film_id,2026-11-14,2026-11-14,,1,1,1,0,future_only_no_occurred_showtimes,Saturday,False,2026-09-03,True,2026-11-14,2026-11-14,1,1,1.0,0,False,False,0,0,2026-11-20,False,True
film_theater,84284,MET Opera: Carmen (2026 Encore),amc-kent-station-14,AMC Kent Station 14,1,special_event,catalog,high,concert_or_event,concert_live_encore,source_film_id,2026-11-14,2026-11-14,,1,1,1,0,future_only_no_occurred_showtimes,Saturday,False,2026-09-03,True,2026-11-14,2026-11-14,1,1,1.0,0,False,False,0,0,2026-11-20,False,True
film_theater,84284,MET Opera: Carmen (2026 Encore),amc-oak-tree-6,AMC Oak Tree 6,1,special_event,catalog,high,concert_or_event,concert_live_encore,source_film_id,2026-11-14,2026-11-14,,1,1,1,0,future_only_no_occurred_showtimes,Saturday,False,2026-09-30,True,2026-11-14,2026-11-14,1,1,1.0,0,False,False,0,0,2026-11-20,False,True
film_theater,84284,MET Opera: Carmen (2026 Encore),amc-southcenter-16,AMC Southcenter 16,1,special_event,catalog,high,concert_or_event,concert_live_encore,source_film_id,2026-11-14,2026-11-14,,1,1,1,0,future_only_no_occurred_showtimes,Saturday,False,2026-09-03,True,2026-11-14,2026-11-14,1,1,1.0,0,False,False,0,0,2026-11-20,False,True
film_theater,84277,MET Opera: Cosi Fan Tutte (2026),amc-alderwood-mall-16,AMC Alderwood Mall 16,1,special_event,catalog,high,concert_or_event,concert_live_encore,source_film_id,2026-10-03,2026-10-03,,1,1,1,0,future_only_no_occurred_showtimes,Saturday,False,2026-09-03,True,2026-10-03,2026-10-03,1,1,1.0,0,False,False,0,0,2026-10-09,False,True
film_theater,84277,MET Opera: Cosi Fan Tutte (2026),amc-kent-station-14,AMC Kent Station 14,1,special_event,catalog,high,concert_or_event,concert_live_encore,source_film_id,2026-10-03,2026-10-03,,1,1,1,0,future_only_no_occurred_showtimes,Saturday,False,2026-09-03,True,2026-10-03,2026-10-03,1,1,1.0,0,False,False,0,0,2026-10-09,False,True
film_theater,84277,MET Opera: Cosi Fan Tutte (2026),amc-oak-tree-6,AMC Oak Tree 6,1,special_event,catalog,high,concert_or_event,concert_live_encore,source_film_id,2026-10-03,2026-10-03,,1,1,1,0,future_only_no_occurred_showtimes,Saturday,False,2026-09-30,True,2026-10-03,2026-10-03,1,1,1.0,0,False,False,0,0,2026-10-09,False,True
film_theater,84277,MET Opera: Cosi Fan Tutte (2026),amc-southcenter-16,AMC Southcenter 16,1,special_event,catalog,high,concert_or_event,concert_live_encore,source_film_id,2026-10-03,2026-10-03,,1,1,1,0,future_only_no_occurred_showtimes,Saturday,False,2026-09-03,True,2026-10-03,2026-10-03,1,1,1.0,0,False,False,0,0,2026-10-09,False,True
film_theater,84278,MET Opera: La Fanciulla del West (2027),amc-alderwood-mall-16,AMC Alderwood Mall 16,1,special_event,catalog,high,concert_or_event,concert_live_encore,source_film_id,2027-01-23,2027-01-23,,1,1,1,0,future_only_no_occurred_showtimes,Saturday,False,2026-09-03,True,2027-01-23,2027-01-23,1,1,1.0,0,False,False,0,0,2027-01-29,False,True
film_theater,84278,MET Opera: La Fanciulla del West (2027),amc-kent-station-14,AMC Kent Station 14,1,special_event,catalog,high,concert_or_event,concert_live_encore,source_film_id,2027-01-23,2027-01-23,,1,1,1,0,future_only_no_occurred_showtimes,Saturday,False,2026-09-03,True,2027-01-23,2027-01-23,1,1,1.0,0,False,False,0,0,2027-01-29,False,True
film_theater,84278,MET Opera: La Fanciulla del West (2027),amc-southcenter-16,AMC Southcenter 16,1,special_event,catalog,high,concert_or_event,concert_live_encore,source_film_id,2027-01-23,2027-01-23,,1,1,1,0,future_only_no_occurred_showtimes,Saturday,False,2026-09-03,True,2027-01-23,2027-01-23,1,1,1.0,0,False,False,0,0,2027-01-29,False,True
film_theater,84276,MET Opera: Macbeth (2026),amc-alderwood-mall-16,AMC Alderwood Mall 16,1,special_event,catalog,high,concert_or_event,concert_live_encore,source_film_id,2026-10-17,2026-10-17,,1,1,1,0,future_only_no_occurred_showtimes,Saturday,False,2026-09-03,True,2026-10-17,2026-10-17,1,1,1.0,0,False,False,0,0,2026-10-23,False,True
film_theater,84276,MET Opera: Macbeth (2026),amc-kent-station-14,AMC Kent Station 14,1,special_event,catalog,high,concert_or_event,concert_live_encore,source_film_id,2026-10-17,2026-10-17,,1,1,1,0,future_only_no_occurred_showtimes,Saturday,False,2026-09-03,True,2026-10-17,2026-10-17,1,1,1.0,0,False,False,0,0,2026-10-23,False,True
film_theater,84276,MET Opera: Macbeth (2026),amc-oak-tree-6,AMC Oak Tree 6,1,special_event,catalog,high,concert_or_event,concert_live_encore,source_film_id,2026-10-17,2026-10-17,,1,1,1,0,future_only_no_occurred_showtimes,Saturday,False,2026-09-30,True,2026-10-17,2026-10-17,1,1,1.0,0,False,False,0,0,2026-10-23,False,True
film_theater,84276,MET Opera: Macbeth (2026),amc-southcenter-16,AMC Southcenter 16,1,special_event,catalog,high,concert_or_event,concert_live_encore,source_film_id,2026-10-17,2026-10-17,,1,1,1,0,future_only_no_occurred_showtimes,Saturday,False,2026-09-03,True,2026-10-17,2026-10-17,1,1,1.0,0,False,False,0,0,2026-10-23,False,True
film_theater,84291,MET Opera: Magic Flute Holiday Encore (2026),amc-alderwood-mall-16,AMC Alderwood Mall 16,1,special_event,catalog,high,concert_or_event,holiday_re_release,source_film_id,2026-12-12,2026-12-12,,1,1,1,0,future_only_no_occurred_showtimes,Saturday,False,2026-09-03,True,2026-12-12,2026-12-12,1,1,1.0,0,False,False,0,0,2026-12-18,False,True
film_theater,84291,MET Opera: Magic Flute Holiday Encore (2026),amc-kent-station-14,AMC Kent Station 14,1,special_event,catalog,high,concert_or_event,holiday_re_release,source_film_id,2026-12-12,2026-12-12,,1,1,1,0,future_only_no_occurred_showtimes,Saturday,False,2026-09-03,True,2026-12-12,2026-12-12,1,1,1.0,0,False,False,0,0,2026-12-18,False,True
film_theater,84291,MET Opera: Magic Flute Holiday Encore (2026),amc-oak-tree-6,AMC Oak Tree 6,1,special_event,catalog,high,concert_or_event,holiday_re_release,source_film_id,2026-12-12,2026-12-12,,1,1,1,0,future_only_no_occurred_showtimes,Saturday,False,2026-09-30,True,2026-12-12,2026-12-12,1,1,1.0,0,False,False,0,0,2026-12-18,False,True
film_theater,84291,MET Opera: Magic Flute Holiday Encore (2026),amc-southcenter-16,AMC Southcenter 16,1,special_event,catalog,high,concert_or_event,holiday_re_release,source_film_id,2026-12-12,2026-12-12,,1,1,1,0,future_only_no_occurred_showtimes,Saturday,False,2026-09-03,True,2026-12-12,2026-12-12,1,1,1.0,0,False,False,0,0,2026-12-18,True,True
film_theater,84283,MET Opera: Manon (2027),amc-alderwood-mall-16,AMC Alderwood Mall 16,1,special_event,catalog,high,concert_or_event,concert_live_encore,source_film_id,2027-04-03,2027-04-03,,1,1,1,0,future_only_no_occurred_showtimes,Saturday,False,2026-09-03,True,2027-04-03,2027-04-03,1,1,1.0,0,False,False,0,0,2027-04-09,False,True
film_theater,84283,MET Opera: Manon (2027),amc-kent-station-14,AMC Kent Station 14,1,special_event,catalog,high,concert_or_event,concert_live_encore,source_film_id,2027-04-03,2027-04-03,,1,1,1,0,future_only_no_occurred_showtimes,Saturday,False,2026-09-03,True,2027-04-03,2027-04-03,1,1,1.0,0,False,False,0,0,2027-04-09,False,True
film_theater,84283,MET Opera: Manon (2027),amc-southcenter-16,AMC Southcenter 16,1,special_event,catalog,high,concert_or_event,concert_live_encore,source_film_id,2027-04-03,2027-04-03,,1,1,1,0,future_only_no_occurred_showtimes,Saturday,False,2026-09-03,True,2027-04-03,2027-04-03,1,1,1.0,0,False,False,0,0,2027-04-09,False,True
film_theater,84281,MET Opera: Otello (2027),amc-alderwood-mall-16,AMC Alderwood Mall 16,1,special_event,catalog,high,concert_or_event,concert_live_encore,source_film_id,2027-04-24,2027-04-24,,1,1,1,0,future_only_no_occurred_showtimes,Saturday,False,2026-09-03,True,2027-04-24,2027-04-24,1,1,1.0,0,False,False,0,0,2027-04-30,False,True
film_theater,84281,MET Opera: Otello (2027),amc-kent-station-14,AMC Kent Station 14,1,special_event,catalog,high,concert_or_event,concert_live_encore,source_film_id,2027-04-24,2027-04-24,,1,1,1,0,future_only_no_occurred_showtimes,Saturday,False,2026-09-03,True,2027-04-24,2027-04-24,1,1,1.0,0,False,False,0,0,2027-04-30,False,True
film_theater,84281,MET Opera: Otello (2027),amc-southcenter-16,AMC Southcenter 16,1,special_event,catalog,high,concert_or_event,concert_live_encore,source_film_id,2027-04-24,2027-04-24,,1,1,1,0,future_only_no_occurred_showtimes,Saturday,False,2026-09-03,True,2027-04-24,2027-04-24,1,1,1.0,0,False,False,0,0,2027-04-30,False,True
film_theater,84279,MET Opera: Parsifal (2027),amc-alderwood-mall-16,AMC Alderwood Mall 16,1,special_event,catalog,high,concert_or_event,concert_live_encore,source_film_id,2027-06-05,2027-06-05,,1,1,1,0,future_only_no_occurred_showtimes,Saturday,False,2026-09-03,True,2027-06-05,2027-06-05,1,1,1.0,0,False,False,0,0,2027-06-11,False,True
film_theater,84279,MET Opera: Parsifal (2027),amc-kent-station-14,AMC Kent Station 14,1,special_event,catalog,high,concert_or_event,concert_live_encore,source_film_id,2027-06-05,2027-06-05,,1,1,1,0,future_only_no_occurred_showtimes,Saturday,False,2026-09-03,True,2027-06-05,2027-06-05,1,1,1.0,0,False,False,0,0,2027-06-11,False,True
film_theater,84279,MET Opera: Parsifal (2027),amc-southcenter-16,AMC Southcenter 16,1,special_event,catalog,high,concert_or_event,concert_live_encore,source_film_id,2027-06-05,2027-06-05,,1,1,1,0,future_only_no_occurred_showtimes,Saturday,False,2026-09-03,True,2027-06-05,2027-06-05,1,1,1.0,0,False,False,0,0,2027-06-11,False,True
film_theater,83930,MET Opera: Samson et Dalila (2026),amc-alderwood-mall-16,AMC Alderwood Mall 16,1,special_event,catalog,high,concert_or_event,concert_live_encore,source_film_id,2026-12-05,2026-12-05,,1,1,1,0,future_only_no_occurred_showtimes,Saturday,False,2026-09-03,True,2026-12-05,2026-12-05,1,1,1.0,0,False,False,0,0,2026-12-11,False,True
film_theater,83930,MET Opera: Samson et Dalila (2026),amc-kent-station-14,AMC Kent Station 14,1,special_event,catalog,high,concert_or_event,concert_live_encore,source_film_id,2026-12-05,2026-12-05,,1,1,1,0,future_only_no_occurred_showtimes,Saturday,False,2026-09-03,True,2026-12-05,2026-12-05,1,1,1.0,0,False,False,0,0,2026-12-11,False,True
film_theater,83930,MET Opera: Samson et Dalila (2026),amc-oak-tree-6,AMC Oak Tree 6,1,special_event,catalog,high,concert_or_event,concert_live_encore,source_film_id,2026-12-05,2026-12-05,,1,1,1,0,future_only_no_occurred_showtimes,Saturday,False,2026-09-30,True,2026-12-05,2026-12-05,1,1,1.0,0,False,False,0,0,2026-12-11,False,True
film_theater,83930,MET Opera: Samson et Dalila (2026),amc-southcenter-16,AMC Southcenter 16,1,special_event,catalog,high,concert_or_event,concert_live_encore,source_film_id,2026-12-05,2026-12-05,,1,1,1,0,future_only_no_occurred_showtimes,Saturday,False,2026-09-03,True,2026-12-05,2026-12-05,1,1,1.0,0,False,False,0,0,2026-12-11,False,True
film_theater,84290,MET Opera: Tosca (2027 Encore),amc-alderwood-mall-16,AMC Alderwood Mall 16,1,special_event,catalog,high,concert_or_event,concert_live_encore,source_film_id,2027-05-08,2027-05-08,,1,1,1,0,future_only_no_occurred_showtimes,Saturday,False,2026-09-03,True,2027-05-08,2027-05-08,1,1,1.0,0,False,False,0,0,2027-05-14,False,True
film_theater,84290,MET Opera: Tosca (2027 Encore),amc-kent-station-14,AMC Kent Station 14,1,special_event,catalog,high,concert_or_event,concert_live_encore,source_film_id,2027-05-08,2027-05-08,,1,1,1,0,future_only_no_occurred_showtimes,Saturday,False,2026-09-03,True,2027-05-08,2027-05-08,1,1,1.0,0,False,False,0,0,2027-05-14,False,True
film_theater,84290,MET Opera: Tosca (2027 Encore),amc-southcenter-16,AMC Southcenter 16,1,special_event,catalog,high,concert_or_event,concert_live_encore,source_film_id,2027-05-08,2027-05-08,,1,1,1,0,future_only_no_occurred_showtimes,Saturday,False,2026-09-03,True,2027-05-08,2027-05-08,1,1,1.0,0,False,False,0,0,2027-05-14,False,True
film_theater,84191,Misty Green,amc-southcenter-16,AMC Southcenter 16,1,ordinary,catalog,high,standard,normal_first_run,source_film_id,2026-10-15,2026-10-21,,7,7,29,0,future_only_no_occurred_showtimes,Wednesday,False,2026-09-30,True,2026-10-15,2026-10-21,7,29,1.0,0,False,False,0,0,2026-10-23,False,True
film_theater,85011,Moonlight 10th Anniversary Remastered,amc-kent-station-14,AMC Kent Station 14,1,rerelease,catalog,high,anniversary_or_rerelease,anniversary_re_release,source_film_id,2026-10-01,2026-10-07,,7,7,7,0,future_only_no_occurred_showtimes,Wednesday,False,2026-09-29,True,2026-10-01,2026-10-07,7,7,1.0,0,False,False,0,0,2026-10-09,False,True
film_theater,85011,Moonlight 10th Anniversary Remastered,amc-southcenter-16,AMC Southcenter 16,1,rerelease,catalog,high,anniversary_or_rerelease,anniversary_re_release,source_film_id,2026-10-01,2026-10-07,,7,7,7,0,future_only_no_occurred_showtimes,Wednesday,False,2026-09-30,True,2026-10-01,2026-10-07,7,7,1.0,0,False,False,0,0,2026-10-09,False,True
film_theater,83499,Ninja Scroll,amc-alderwood-mall-16,AMC Alderwood Mall 16,1,special_event,catalog,high,concert_or_event,normal_first_run,source_film_id,2026-10-04,2026-10-07,,4,3,3,0,future_only_no_occurred_showtimes,Wednesday,False,2026-09-12,True,2026-10-04,2026-10-07,4,2,0.6667,0,False,False,1,0,2026-10-09,False,True
film_theater,83499,Ninja Scroll,amc-kent-station-14,AMC Kent Station 14,1,special_event,catalog,high,concert_or_event,normal_first_run,source_film_id,2026-10-04,2026-10-04,,1,1,1,0,future_only_no_occurred_showtimes,Sunday,False,2026-09-29,True,2026-10-04,2026-10-04,1,1,1.0,0,False,False,0,0,2026-10-09,False,True
film_theater,83499,Ninja Scroll,amc-southcenter-16,AMC Southcenter 16,1,special_event,catalog,high,concert_or_event,normal_first_run,source_film_id,2026-10-04,2026-10-07,,4,3,3,0,future_only_no_occurred_showtimes,Wednesday,False,2026-09-12,True,2026-10-04,2026-10-07,4,2,0.6667,0,False,False,1,0,2026-10-09,False,True
film_theater,83499,Ninja Scroll,amc-woodinville-12,AMC Woodinville 12,1,special_event,catalog,high,concert_or_event,normal_first_run,source_film_id,2026-10-04,2026-10-04,,1,1,2,0,future_only_no_occurred_showtimes,Sunday,False,2026-09-29,True,2026-10-04,2026-10-04,1,2,1.0,0,False,False,0,0,2026-10-09,False,True
film_theater,85139,Once Upon A Time in the Middle East,amc-pacific-place-11,AMC Pacific Place 11,1,ordinary,catalog,high,standard,normal_first_run,source_film_id,2026-10-09,2026-10-14,,6,6,6,0,future_only_no_occurred_showtimes,Wednesday,False,2026-10-01,True,2026-10-09,2026-10-14,6,6,1.0,0,False,False,0,0,2026-10-16,True,True
film_theater,80303,Other Mommy,amc-alderwood-mall-16,AMC Alderwood Mall 16,1,ordinary,catalog,high,standard,normal_first_run,source_film_id,2026-10-08,2026-10-14,,7,7,30,0,future_only_no_occurred_showtimes,Wednesday,False,2026-09-16,True,2026-10-08,2026-10-14,7,30,1.0,0,False,False,0,0,2026-10-16,False,True
film_theater,80303,Other Mommy,amc-factoria-8,AMC Factoria 8,1,ordinary,catalog,high,standard,normal_first_run,source_film_id,2026-10-08,2026-10-15,,8,8,33,0,future_only_no_occurred_showtimes,Thursday,False,2026-09-16,True,2026-10-08,2026-10-15,8,33,1.0,0,False,False,0,1,2026-10-16,True,True
film_theater,80303,Other Mommy,amc-kent-station-14,AMC Kent Station 14,1,ordinary,catalog,high,standard,normal_first_run,source_film_id,2026-10-08,2026-10-15,,8,8,35,0,future_only_no_occurred_showtimes,Thursday,False,2026-09-16,True,2026-10-08,2026-10-15,8,35,1.0,0,False,False,0,0,2026-10-16,False,True
film_theater,80303,Other Mommy,amc-oak-tree-6,AMC Oak Tree 6,1,ordinary,catalog,high,standard,normal_first_run,source_film_id,2026-10-08,2026-10-14,,7,7,17,0,future_only_no_occurred_showtimes,Wednesday,False,2026-09-16,True,2026-10-08,2026-10-14,7,15,0.8824,0,False,False,0,1,2026-10-16,False,True
film_theater,80303,Other Mommy,amc-pacific-place-11,AMC Pacific Place 11,1,ordinary,catalog,high,standard,normal_first_run,source_film_id,2026-10-08,2026-10-15,,8,8,27,0,future_only_no_occurred_showtimes,Thursday,False,2026-09-16,True,2026-10-08,2026-10-15,8,24,0.8889,0,False,False,0,4,2026-10-16,True,True
film_theater,80303,Other Mommy,amc-southcenter-16,AMC Southcenter 16,1,ordinary,catalog,high,standard,normal_first_run,source_film_id,2026-10-08,2026-10-15,,8,8,32,0,future_only_no_occurred_showtimes,Thursday,False,2026-09-16,True,2026-10-08,2026-10-15,8,32,1.0,0,False,False,0,0,2026-10-16,False,True
film_theater,80303,Other Mommy,amc-woodinville-12,AMC Woodinville 12,1,ordinary,catalog,high,standard,normal_first_run,source_film_id,2026-10-08,2026-10-14,,7,7,28,0,future_only_no_occurred_showtimes,Wednesday,False,2026-09-16,True,2026-10-08,2026-10-14,7,27,0.9643,0,False,False,0,1,2026-10-16,False,True
film_theater,84724,Ozzy & Black Sabbath: Back To The Beginning,amc-alderwood-mall-16,AMC Alderwood Mall 16,1,special_event,catalog,high,concert_or_event,normal_first_run,source_film_id,2026-10-28,2026-10-29,,2,2,2,0,future_only_no_occurred_showtimes,Thursday,False,2026-09-23,True,2026-10-28,2026-10-29,2,2,1.0,0,False,False,0,0,2026-10-30,False,True
film_theater,84724,Ozzy & Black Sabbath: Back To The Beginning,amc-southcenter-16,AMC Southcenter 16,1,special_event,catalog,high,concert_or_event,normal_first_run,source_film_id,2026-10-28,2026-10-29,,2,2,2,0,future_only_no_occurred_showtimes,Thursday,False,2026-09-23,True,2026-10-28,2026-10-29,2,2,1.0,0,False,False,0,0,2026-10-30,False,True
film_theater,84830,Pet Sematary  - Welcome to Horrorwood Series,amc-alderwood-mall-16,AMC Alderwood Mall 16,1,special_event,catalog,high,concert_or_event,normal_first_run,source_film_id,2026-10-23,2026-10-27,,5,2,2,0,future_only_no_occurred_showtimes,Tuesday,False,2026-09-17,True,2026-10-23,2026-10-27,5,2,1.0,0,False,False,0,0,2026-10-30,False,True
film_theater,84830,Pet Sematary  - Welcome to Horrorwood Series,amc-kent-station-14,AMC Kent Station 14,1,special_event,catalog,high,concert_or_event,normal_first_run,source_film_id,2026-10-23,2026-10-27,,5,2,2,0,future_only_no_occurred_showtimes,Tuesday,False,2026-09-17,True,2026-10-23,2026-10-27,5,2,1.0,0,False,False,0,0,2026-10-30,False,True
film_theater,84830,Pet Sematary  - Welcome to Horrorwood Series,amc-southcenter-16,AMC Southcenter 16,1,special_event,catalog,high,concert_or_event,normal_first_run,source_film_id,2026-10-23,2026-10-27,,5,2,2,0,future_only_no_occurred_showtimes,Tuesday,False,2026-09-17,True,2026-10-23,2026-10-27,5,2,1.0,0,False,False,0,0,2026-10-30,False,True
film_theater,84950,Portrait of an Artist: Stephen Curry,amc-alderwood-mall-16,AMC Alderwood Mall 16,1,ordinary,catalog,high,standard,normal_first_run,source_film_id,2026-10-08,2026-10-14,,7,7,7,0,future_only_no_occurred_showtimes,Wednesday,False,2026-09-30,True,2026-10-08,2026-10-14,7,7,1.0,0,False,False,0,0,2026-10-16,False,True
film_theater,84950,Portrait of an Artist: Stephen Curry,amc-kent-station-14,AMC Kent Station 14,1,ordinary,catalog,high,standard,normal_first_run,source_film_id,2026-10-08,2026-10-14,,7,7,7,0,future_only_no_occurred_showtimes,Wednesday,False,2026-09-30,True,2026-10-08,2026-10-14,7,7,1.0,0,False,False,0,0,2026-10-16,False,True
film_theater,84950,Portrait of an Artist: Stephen Curry,amc-southcenter-16,AMC Southcenter 16,1,ordinary,catalog,high,standard,normal_first_run,source_film_id,2026-10-08,2026-10-14,,7,7,7,0,future_only_no_occurred_showtimes,Wednesday,False,2026-09-30,True,2026-10-08,2026-10-14,7,7,1.0,0,False,False,0,0,2026-10-16,False,True
film_theater,77331,Practical Magic 2,amc-alderwood-mall-16,AMC Alderwood Mall 16,1,ordinary,catalog,high,standard,normal_first_run,source_film_id,2026-09-10,2026-10-07,2026-09-30,28,28,130,116,right_censored_still_scheduled,Wednesday,False,2026-08-27,True,2026-09-10,2026-09-10,1,4,0.0308,27,True,False,27,0,2026-10-09,False,True
film_theater,77331,Practical Magic 2,amc-factoria-8,AMC Factoria 8,1,ordinary,catalog,high,standard,normal_first_run,source_film_id,2026-09-10,2026-10-01,2026-09-30,22,22,78,77,right_censored_still_scheduled,Thursday,False,2026-08-27,True,2026-09-10,2026-09-10,1,4,0.0513,21,True,False,21,0,2026-10-02,True,True
film_theater,77331,Practical Magic 2,amc-kent-station-14,AMC Kent Station 14,1,ordinary,catalog,high,standard,normal_first_run,source_film_id,2026-09-10,2026-10-07,2026-09-30,28,28,147,125,right_censored_still_scheduled,Wednesday,False,2026-08-27,True,2026-09-10,2026-09-10,1,7,0.0476,27,True,False,27,4,2026-10-09,False,True
film_theater,77331,Practical Magic 2,amc-oak-tree-6,AMC Oak Tree 6,1,ordinary,catalog,high,standard,normal_first_run,source_film_id,2026-09-10,2026-10-01,2026-09-30,22,22,69,68,right_censored_still_scheduled,Thursday,False,2026-08-27,True,2026-09-10,2026-09-10,1,3,0.0435,21,True,False,21,1,2026-10-02,True,True
film_theater,77331,Practical Magic 2,amc-pacific-place-11,AMC Pacific Place 11,1,ordinary,catalog,high,standard,normal_first_run,source_film_id,2026-09-10,2026-10-01,2026-09-30,22,22,73,72,right_censored_still_scheduled,Thursday,False,2026-08-27,True,2026-09-10,2026-09-10,1,3,0.0411,21,True,False,21,0,2026-10-02,True,True
film_theater,77331,Practical Magic 2,amc-southcenter-16,AMC Southcenter 16,1,ordinary,catalog,high,standard,normal_first_run,source_film_id,2026-09-10,2026-10-07,2026-09-30,28,28,123,110,right_censored_still_scheduled,Wednesday,False,2026-08-27,True,2026-09-10,2026-09-10,1,3,0.0244,27,True,False,27,0,2026-10-09,False,True
film_theater,77331,Practical Magic 2,amc-woodinville-12,AMC Woodinville 12,1,ordinary,catalog,high,standard,normal_first_run,source_film_id,2026-09-10,2026-10-07,2026-09-30,28,28,126,108,right_censored_still_scheduled,Wednesday,False,2026-08-27,True,2026-09-10,2026-09-10,1,6,0.0476,27,True,False,27,1,2026-10-09,False,True
film_theater,84605,Primetime,amc-alderwood-mall-16,AMC Alderwood Mall 16,1,ordinary,catalog,high,standard,normal_first_run,source_film_id,2026-09-24,2026-10-07,2026-09-30,14,14,64,33,right_censored_still_scheduled,Wednesday,False,2026-09-03,True,2026-09-24,2026-09-30,7,27,0.4219,7,True,False,7,0,2026-10-09,False,True
film_theater,84605,Primetime,amc-factoria-8,AMC Factoria 8,1,ordinary,catalog,high,standard,normal_first_run,source_film_id,2026-09-24,2026-10-07,2026-09-30,14,14,56,31,right_censored_still_scheduled,Wednesday,False,2026-09-11,True,2026-09-24,2026-10-01,8,29,0.5179,6,True,False,6,0,2026-10-09,False,True
film_theater,84605,Primetime,amc-kent-station-14,AMC Kent Station 14,1,ordinary,catalog,high,standard,normal_first_run,source_film_id,2026-09-24,2026-10-07,2026-09-30,14,14,78,47,right_censored_still_scheduled,Wednesday,False,2026-09-03,True,2026-09-24,2026-10-01,8,29,0.3718,6,True,False,6,0,2026-10-09,False,True
film_theater,84605,Primetime,amc-oak-tree-6,AMC Oak Tree 6,1,ordinary,catalog,high,standard,normal_first_run,source_film_id,2026-09-24,2026-10-07,2026-09-30,14,14,52,27,right_censored_still_scheduled,Wednesday,False,2026-09-13,True,2026-09-24,2026-09-30,7,16,0.3077,7,True,False,7,2,2026-10-09,False,True
film_theater,84605,Primetime,amc-pacific-place-11,AMC Pacific Place 11,1,ordinary,catalog,high,standard,normal_first_run,source_film_id,2026-09-24,2026-10-07,2026-09-30,14,14,58,31,right_censored_still_scheduled,Wednesday,False,2026-09-03,True,2026-09-24,2026-10-01,8,26,0.4483,6,True,False,6,1,2026-10-09,False,True
film_theater,84605,Primetime,amc-southcenter-16,AMC Southcenter 16,1,ordinary,catalog,high,standard,normal_first_run,source_film_id,2026-09-24,2026-10-07,2026-09-30,14,14,74,44,right_censored_still_scheduled,Wednesday,False,2026-09-03,True,2026-09-24,2026-09-30,7,27,0.3649,7,True,False,7,0,2026-10-09,False,True
film_theater,84605,Primetime,amc-woodinville-12,AMC Woodinville 12,1,ordinary,catalog,high,standard,normal_first_run,source_film_id,2026-09-24,2026-10-07,2026-09-30,14,14,82,53,right_censored_still_scheduled,Wednesday,False,2026-09-03,True,2026-09-24,2026-09-30,7,29,0.3537,7,True,False,7,0,2026-10-09,False,True
film_theater,84426,Queen Budapest,amc-alderwood-mall-16,AMC Alderwood Mall 16,1,special_event,catalog,high,concert_or_event,normal_first_run,source_film_id,2026-10-07,2026-10-10,,4,2,2,0,future_only_no_occurred_showtimes,Saturday,False,2026-09-03,True,2026-10-07,2026-10-10,4,2,1.0,0,False,False,0,0,2026-10-16,False,True
film_theater,84426,Queen Budapest,amc-kent-station-14,AMC Kent Station 14,1,special_event,catalog,high,concert_or_event,normal_first_run,source_film_id,2026-10-07,2026-10-10,,4,2,2,0,future_only_no_occurred_showtimes,Saturday,False,2026-09-03,True,2026-10-07,2026-10-10,4,2,1.0,0,False,False,0,0,2026-10-16,False,True
film_theater,84426,Queen Budapest,amc-southcenter-16,AMC Southcenter 16,1,special_event,catalog,high,concert_or_event,normal_first_run,source_film_id,2026-10-07,2026-10-10,,4,2,2,0,future_only_no_occurred_showtimes,Saturday,False,2026-09-18,True,2026-10-07,2026-10-10,4,2,1.0,0,False,False,0,0,2026-10-16,False,True
film_theater,84726,Rammstein - Live in Mexico City,amc-alderwood-mall-16,AMC Alderwood Mall 16,1,special_event,catalog,high,concert_or_event,normal_first_run,source_film_id,2026-11-04,2026-11-07,,4,2,2,0,future_only_no_occurred_showtimes,Saturday,False,2026-09-23,True,2026-11-04,2026-11-07,4,2,1.0,0,False,False,0,0,2026-11-13,False,True
film_theater,79697,Resident Evil,amc-alderwood-mall-16,AMC Alderwood Mall 16,1,ordinary,catalog,high,standard,normal_first_run,source_film_id,2026-09-17,2026-10-07,2026-09-30,21,21,195,163,right_censored_still_scheduled,Wednesday,False,2026-09-03,True,2026-09-17,2026-10-01,15,90,0.4615,6,True,False,9,14,2026-10-09,False,True
film_theater,79697,Resident Evil,amc-factoria-8,AMC Factoria 8,1,ordinary,catalog,high,standard,normal_first_run,source_film_id,2026-09-17,2026-10-07,2026-09-30,21,21,118,90,right_censored_still_scheduled,Wednesday,False,2026-09-03,True,2026-09-17,2026-09-30,14,40,0.339,7,True,False,7,0,2026-10-09,False,True
film_theater,79697,Resident Evil,amc-kent-station-14,AMC Kent Station 14,1,ordinary,catalog,high,standard,normal_first_run,source_film_id,2026-09-17,2026-10-07,2026-09-30,21,21,224,191,right_censored_still_scheduled,Wednesday,False,2026-09-03,True,2026-09-17,2026-09-30,14,85,0.3795,7,True,False,7,5,2026-10-09,False,True
film_theater,79697,Resident Evil,amc-oak-tree-6,AMC Oak Tree 6,1,ordinary,catalog,high,standard,normal_first_run,source_film_id,2026-09-17,2026-10-07,2026-09-30,21,21,80,56,right_censored_still_scheduled,Wednesday,False,2026-09-03,True,2026-09-17,2026-09-30,14,20,0.25,7,True,False,8,10,2026-10-09,False,True
film_theater,79697,Resident Evil,amc-pacific-place-11,AMC Pacific Place 11,1,ordinary,catalog,high,standard,normal_first_run,source_film_id,2026-09-17,2026-10-07,2026-09-30,21,21,88,63,right_censored_still_scheduled,Wednesday,False,2026-09-03,True,2026-09-17,2026-10-01,15,34,0.3864,6,True,False,6,0,2026-10-09,False,True
film_theater,79697,Resident Evil,amc-southcenter-16,AMC Southcenter 16,1,ordinary,catalog,high,standard,normal_first_run,source_film_id,2026-09-17,2026-10-07,2026-09-30,21,21,189,155,right_censored_still_scheduled,Wednesday,False,2026-09-03,True,2026-09-17,2026-09-23,7,75,0.3968,14,True,False,14,4,2026-10-09,False,True
film_theater,79697,Resident Evil,amc-woodinville-12,AMC Woodinville 12,1,ordinary,catalog,high,standard,normal_first_run,source_film_id,2026-09-17,2026-10-07,2026-09-30,21,21,136,106,right_censored_still_scheduled,Wednesday,False,2026-09-03,True,2026-09-17,2026-09-30,14,49,0.3603,7,True,False,7,3,2026-10-09,False,True
film_theater,85010,Rocky 50th Anniversary,amc-alderwood-mall-16,AMC Alderwood Mall 16,1,special_event,catalog,high,concert_or_event,anniversary_re_release,source_film_id,2026-11-07,2026-11-11,,5,5,5,0,future_only_no_occurred_showtimes,Wednesday,False,2026-09-19,True,2026-11-07,2026-11-11,5,5,1.0,0,False,False,0,0,2026-11-13,False,True
film_theater,85010,Rocky 50th Anniversary,amc-kent-station-14,AMC Kent Station 14,1,special_event,catalog,high,concert_or_event,anniversary_re_release,source_film_id,2026-11-07,2026-11-11,,5,2,2,0,future_only_no_occurred_showtimes,Wednesday,False,2026-09-19,True,2026-11-07,2026-11-11,5,2,1.0,0,False,False,0,0,2026-11-13,False,True
film_theater,85010,Rocky 50th Anniversary,amc-pacific-place-11,AMC Pacific Place 11,1,special_event,catalog,high,concert_or_event,anniversary_re_release,source_film_id,2026-11-09,2026-11-09,,1,1,1,0,future_only_no_occurred_showtimes,Monday,False,2026-09-19,True,2026-11-09,2026-11-09,1,1,1.0,0,False,False,0,0,2026-11-13,False,True
film_theater,85010,Rocky 50th Anniversary,amc-southcenter-16,AMC Southcenter 16,1,special_event,catalog,high,concert_or_event,anniversary_re_release,source_film_id,2026-11-07,2026-11-11,,5,5,5,0,future_only_no_occurred_showtimes,Wednesday,False,2026-09-19,True,2026-11-07,2026-11-11,5,5,1.0,0,False,False,0,0,2026-11-13,False,True
film_theater,85010,Rocky 50th Anniversary,amc-woodinville-12,AMC Woodinville 12,1,special_event,catalog,high,concert_or_event,anniversary_re_release,source_film_id,2026-11-07,2026-11-07,,1,1,1,0,future_only_no_occurred_showtimes,Saturday,False,2026-09-19,True,2026-11-07,2026-11-07,1,1,1.0,0,False,False,0,0,2026-11-13,False,True
film_theater,82856,Rolling Loud: The Movie,amc-alderwood-mall-16,AMC Alderwood Mall 16,1,ordinary,catalog,high,standard,normal_first_run,source_film_id,2026-10-01,2026-10-07,,7,7,8,0,future_only_no_occurred_showtimes,Wednesday,False,2026-09-30,True,2026-10-01,2026-10-07,7,8,1.0,0,False,False,0,0,2026-10-09,False,True
film_theater,82856,Rolling Loud: The Movie,amc-kent-station-14,AMC Kent Station 14,1,ordinary,catalog,high,standard,normal_first_run,source_film_id,2026-10-01,2026-10-07,,7,7,7,0,future_only_no_occurred_showtimes,Wednesday,False,2026-09-29,True,2026-10-01,2026-10-07,7,7,1.0,0,False,False,0,0,2026-10-09,False,True
film_theater,82856,Rolling Loud: The Movie,amc-southcenter-16,AMC Southcenter 16,1,ordinary,catalog,high,standard,normal_first_run,source_film_id,2026-10-01,2026-10-07,,7,7,16,0,future_only_no_occurred_showtimes,Wednesday,False,2026-09-19,True,2026-10-01,2026-10-07,7,8,0.5,0,False,False,0,0,2026-10-09,False,True
film_theater,83715,Runner,amc-kent-station-14,AMC Kent Station 14,1,ordinary,catalog,high,standard,normal_first_run,source_film_id,2026-09-10,2026-10-01,2026-09-30,22,22,77,76,right_censored_still_scheduled,Thursday,False,2026-08-27,True,2026-09-10,2026-09-10,1,4,0.0519,21,True,False,21,0,2026-10-02,True,True
film_theater,84958,SB19 Wakas at Simula: The Trilogy Concert Finale in Cinemas,amc-alderwood-mall-16,AMC Alderwood Mall 16,1,special_event,catalog,high,concert_or_event,concert_live_encore,source_film_id,2026-10-08,2026-10-11,,4,2,2,0,future_only_no_occurred_showtimes,Sunday,False,2026-09-12,True,2026-10-08,2026-10-11,4,2,1.0,0,False,False,0,0,2026-10-16,False,True
film_theater,84958,SB19 Wakas at Simula: The Trilogy Concert Finale in Cinemas,amc-southcenter-16,AMC Southcenter 16,1,special_event,catalog,high,concert_or_event,concert_live_encore,source_film_id,2026-10-08,2026-10-11,,4,2,2,0,future_only_no_occurred_showtimes,Sunday,False,2026-09-12,True,2026-10-08,2026-10-11,4,2,1.0,0,False,False,0,0,2026-10-16,False,True
film_theater,82178,Sense and Sensibility,amc-alderwood-mall-16,AMC Alderwood Mall 16,1,ordinary,catalog,high,standard,normal_first_run,source_film_id,2026-10-15,2026-10-21,,7,7,29,0,future_only_no_occurred_showtimes,Wednesday,False,2026-09-30,True,2026-10-15,2026-10-21,7,29,1.0,0,False,False,0,0,2026-10-23,False,True
film_theater,82178,Sense and Sensibility,amc-factoria-8,AMC Factoria 8,1,ordinary,catalog,high,standard,normal_first_run,source_film_id,2026-10-15,2026-10-21,,7,7,24,0,future_only_no_occurred_showtimes,Wednesday,False,2026-09-30,True,2026-10-15,2026-10-21,7,24,1.0,0,False,False,0,0,2026-10-23,False,True
film_theater,82178,Sense and Sensibility,amc-kent-station-14,AMC Kent Station 14,1,ordinary,catalog,high,standard,normal_first_run,source_film_id,2026-10-15,2026-10-21,,7,7,28,0,future_only_no_occurred_showtimes,Wednesday,False,2026-09-30,True,2026-10-15,2026-10-21,7,28,1.0,0,False,False,0,0,2026-10-23,False,True
film_theater,82178,Sense and Sensibility,amc-pacific-place-11,AMC Pacific Place 11,1,ordinary,catalog,high,standard,normal_first_run,source_film_id,2026-10-15,2026-10-22,,8,8,30,0,future_only_no_occurred_showtimes,Thursday,False,2026-09-30,True,2026-10-15,2026-10-22,8,30,1.0,0,False,False,0,0,2026-10-23,False,True
film_theater,82178,Sense and Sensibility,amc-southcenter-16,AMC Southcenter 16,1,ordinary,catalog,high,standard,normal_first_run,source_film_id,2026-10-15,2026-10-21,,7,7,30,0,future_only_no_occurred_showtimes,Wednesday,False,2026-09-30,True,2026-10-15,2026-10-21,7,30,1.0,0,False,False,0,0,2026-10-23,False,True
film_theater,82178,Sense and Sensibility,amc-woodinville-12,AMC Woodinville 12,1,ordinary,catalog,high,standard,normal_first_run,source_film_id,2026-10-15,2026-10-21,,7,7,29,0,future_only_no_occurred_showtimes,Wednesday,False,2026-09-30,True,2026-10-15,2026-10-21,7,28,0.9655,0,False,False,0,1,2026-10-23,False,True
film_theater,85171,Sense and Sensibility: Early Access Movie Party,amc-alderwood-mall-16,AMC Alderwood Mall 16,1,special_event,catalog,high,concert_or_event,opening_night,source_film_id,2026-10-14,2026-10-14,,1,1,1,0,future_only_no_occurred_showtimes,Wednesday,False,2026-09-29,True,2026-10-14,2026-10-14,1,1,1.0,0,False,False,0,0,2026-10-16,False,True
film_theater,85171,Sense and Sensibility: Early Access Movie Party,amc-factoria-8,AMC Factoria 8,1,special_event,catalog,high,concert_or_event,opening_night,source_film_id,2026-10-14,2026-10-14,,1,1,1,0,future_only_no_occurred_showtimes,Wednesday,False,2026-09-29,True,2026-10-14,2026-10-14,1,1,1.0,0,False,False,0,0,2026-10-16,True,True
film_theater,85171,Sense and Sensibility: Early Access Movie Party,amc-kent-station-14,AMC Kent Station 14,1,special_event,catalog,high,concert_or_event,opening_night,source_film_id,2026-10-14,2026-10-14,,1,1,1,0,future_only_no_occurred_showtimes,Wednesday,False,2026-09-29,True,2026-10-14,2026-10-14,1,1,1.0,0,False,False,0,0,2026-10-16,False,True
film_theater,85171,Sense and Sensibility: Early Access Movie Party,amc-pacific-place-11,AMC Pacific Place 11,1,special_event,catalog,high,concert_or_event,opening_night,source_film_id,2026-10-14,2026-10-14,,1,1,1,0,future_only_no_occurred_showtimes,Wednesday,False,2026-09-29,True,2026-10-14,2026-10-14,1,1,1.0,0,False,False,0,0,2026-10-16,True,True
film_theater,85171,Sense and Sensibility: Early Access Movie Party,amc-southcenter-16,AMC Southcenter 16,1,special_event,catalog,high,concert_or_event,opening_night,source_film_id,2026-10-14,2026-10-14,,1,1,1,0,future_only_no_occurred_showtimes,Wednesday,False,2026-09-29,True,2026-10-14,2026-10-14,1,1,1.0,0,False,False,0,0,2026-10-16,False,True
film_theater,85171,Sense and Sensibility: Early Access Movie Party,amc-woodinville-12,AMC Woodinville 12,1,special_event,catalog,high,concert_or_event,opening_night,source_film_id,2026-10-14,2026-10-14,,1,1,1,0,future_only_no_occurred_showtimes,Wednesday,False,2026-09-29,True,2026-10-14,2026-10-14,1,1,1.0,0,False,False,0,0,2026-10-16,False,True
film_theater,85198,SEVENTEEN WORLD TOUR 'NEW_',amc-alderwood-mall-16,AMC Alderwood Mall 16,1,special_event,catalog,high,concert_or_event,normal_first_run,source_film_id,2026-10-26,2026-10-31,,6,3,3,0,future_only_no_occurred_showtimes,Saturday,False,2026-09-29,True,2026-10-26,2026-10-31,6,3,1.0,0,False,False,0,0,2026-11-06,False,True
film_theater,85198,SEVENTEEN WORLD TOUR 'NEW_',amc-southcenter-16,AMC Southcenter 16,1,special_event,catalog,high,concert_or_event,normal_first_run,source_film_id,2026-10-26,2026-10-31,,6,3,3,0,future_only_no_occurred_showtimes,Saturday,False,2026-09-29,True,2026-10-26,2026-10-31,6,3,1.0,0,False,False,0,0,2026-11-06,False,True
film_theater,82986,Shaun the Sheep: The Beast of Mossy Bottom,amc-alderwood-mall-16,AMC Alderwood Mall 16,1,ordinary,catalog,high,standard,normal_first_run,source_film_id,2026-09-17,2026-10-04,2026-09-30,18,18,32,27,right_censored_still_scheduled,Sunday,False,2026-09-03,True,2026-09-17,2026-09-23,7,11,0.3438,11,True,False,12,3,2026-10-09,False,True
film_theater,84901,Spanglish,amc-alderwood-mall-16,AMC Alderwood Mall 16,1,ordinary,catalog,high,standard,normal_first_run,source_film_id,2026-09-25,2026-10-01,2026-09-30,7,7,7,6,right_censored_still_scheduled,Thursday,False,2026-09-12,True,2026-09-25,2026-10-01,7,7,1.0,0,False,False,0,0,2026-10-02,True,True
film_theater,84901,Spanglish,amc-southcenter-16,AMC Southcenter 16,1,ordinary,catalog,high,standard,normal_first_run,source_film_id,2026-09-25,2026-10-01,2026-09-30,7,7,7,6,right_censored_still_scheduled,Thursday,False,2026-09-12,True,2026-09-25,2026-10-01,7,7,1.0,0,False,False,0,0,2026-10-02,True,True
film_theater,78598,Spider-Man: Brand New Day,amc-alderwood-mall-16,AMC Alderwood Mall 16,1,ordinary,catalog,high,standard,normal_first_run,source_film_id,2026-07-30,2026-10-07,2026-09-30,70,70,903,875,right_censored_still_scheduled,Wednesday,False,2026-07-16,True,2026-07-30,2026-07-30,1,34,0.0377,69,True,False,69,0,2026-10-09,False,True
film_theater,78598,Spider-Man: Brand New Day,amc-factoria-8,AMC Factoria 8,1,ordinary,catalog,high,standard,normal_first_run,source_film_id,2026-07-30,2026-10-01,2026-09-30,64,64,560,558,right_censored_still_scheduled,Thursday,False,2026-07-16,True,2026-07-30,2026-07-30,1,14,0.025,63,True,False,63,0,2026-10-02,True,True
film_theater,78598,Spider-Man: Brand New Day,amc-kent-station-14,AMC Kent Station 14,1,ordinary,catalog,high,standard,normal_first_run,source_film_id,2026-07-30,2026-10-07,2026-09-30,70,70,1130,1108,right_censored_still_scheduled,Wednesday,False,2026-07-16,True,2026-07-30,2026-07-31,2,35,0.031,68,True,False,68,1,2026-10-09,False,True
film_theater,78598,Spider-Man: Brand New Day,amc-pacific-place-11,AMC Pacific Place 11,1,ordinary,catalog,high,standard,normal_first_run,source_film_id,2026-07-30,2026-10-07,2026-09-30,70,70,480,460,right_censored_still_scheduled,Wednesday,False,2026-07-16,True,2026-07-30,2026-07-30,1,13,0.0271,69,True,False,69,1,2026-10-09,False,True
film_theater,78598,Spider-Man: Brand New Day,amc-southcenter-16,AMC Southcenter 16,1,ordinary,catalog,high,standard,normal_first_run,source_film_id,2026-07-30,2026-10-07,2026-09-30,70,70,1066,1037,right_censored_still_scheduled,Wednesday,False,2026-07-16,True,2026-07-30,2026-07-31,2,36,0.0338,68,True,False,68,0,2026-10-09,False,True
film_theater,78598,Spider-Man: Brand New Day,amc-woodinville-12,AMC Woodinville 12,1,ordinary,catalog,high,standard,normal_first_run,source_film_id,2026-07-30,2026-10-07,2026-09-30,70,70,769,750,right_censored_still_scheduled,Wednesday,False,2026-07-16,True,2026-07-30,2026-07-30,1,26,0.0338,69,True,False,69,1,2026-10-09,False,True
film_theater,83591,Spirited Away 25th Anniversary - Studio Ghibli Fest 2026,amc-alderwood-mall-16,AMC Alderwood Mall 16,1,rerelease,catalog,high,anniversary_or_rerelease,anniversary_re_release,source_film_id,2026-10-17,2026-10-21,,5,5,6,0,future_only_no_occurred_showtimes,Wednesday,False,2026-09-03,True,2026-10-17,2026-10-21,5,6,1.0,0,False,False,0,0,2026-10-23,False,True
film_theater,83591,Spirited Away 25th Anniversary - Studio Ghibli Fest 2026,amc-kent-station-14,AMC Kent Station 14,1,rerelease,catalog,high,anniversary_or_rerelease,anniversary_re_release,source_film_id,2026-10-17,2026-10-21,,5,5,6,0,future_only_no_occurred_showtimes,Wednesday,False,2026-09-03,True,2026-10-17,2026-10-21,5,6,1.0,0,False,False,0,0,2026-10-23,False,True
film_theater,83591,Spirited Away 25th Anniversary - Studio Ghibli Fest 2026,amc-southcenter-16,AMC Southcenter 16,1,rerelease,catalog,high,anniversary_or_rerelease,anniversary_re_release,source_film_id,2026-10-17,2026-10-21,,5,5,6,0,future_only_no_occurred_showtimes,Wednesday,False,2026-09-03,True,2026-10-17,2026-10-21,5,6,1.0,0,False,False,0,0,2026-10-23,False,True
film_theater,83591,Spirited Away 25th Anniversary - Studio Ghibli Fest 2026,amc-woodinville-12,AMC Woodinville 12,1,rerelease,catalog,high,anniversary_or_rerelease,anniversary_re_release,source_film_id,2026-10-17,2026-10-21,,5,5,6,0,future_only_no_occurred_showtimes,Wednesday,False,2026-09-03,True,2026-10-17,2026-10-21,5,6,1.0,0,False,False,0,0,2026-10-23,False,True
film_theater,84777,SPIRITED AWAY: Live on Stage - Studio Ghibli Fest 2026,amc-alderwood-mall-16,AMC Alderwood Mall 16,1,special_event,catalog,high,concert_or_event,anime_special_engagement,source_film_id,2026-10-01,2026-10-08,,8,2,2,0,future_only_no_occurred_showtimes,Thursday,False,2026-09-03,True,2026-10-01,2026-10-08,8,2,1.0,0,False,False,0,0,2026-10-09,False,True
film_theater,84777,SPIRITED AWAY: Live on Stage - Studio Ghibli Fest 2026,amc-southcenter-16,AMC Southcenter 16,1,special_event,catalog,high,concert_or_event,anime_special_engagement,source_film_id,2026-10-01,2026-10-08,,8,2,2,0,future_only_no_occurred_showtimes,Thursday,False,2026-09-03,True,2026-10-01,2026-10-08,8,2,1.0,0,False,False,0,0,2026-10-09,False,True
film_theater,84904,Stand and Deliver,amc-alderwood-mall-16,AMC Alderwood Mall 16,1,ordinary,catalog,high,standard,normal_first_run,source_film_id,2026-10-02,2026-10-08,,7,7,7,0,future_only_no_occurred_showtimes,Thursday,False,2026-09-09,True,2026-10-02,2026-10-08,7,7,1.0,0,False,False,0,0,2026-10-09,False,True
film_theater,84904,Stand and Deliver,amc-southcenter-16,AMC Southcenter 16,1,ordinary,catalog,high,standard,normal_first_run,source_film_id,2026-10-02,2026-10-08,,7,7,7,0,future_only_no_occurred_showtimes,Thursday,False,2026-09-09,True,2026-10-02,2026-10-08,7,7,1.0,0,False,False,0,0,2026-10-09,False,True
film_theater,77447,Street Fighter,amc-alderwood-mall-16,AMC Alderwood Mall 16,1,ordinary,catalog,high,standard,normal_first_run,source_film_id,2026-10-15,2026-10-28,,14,14,91,0,future_only_no_occurred_showtimes,Wednesday,False,2026-09-21,True,2026-10-15,2026-10-28,14,84,0.9231,0,False,False,0,0,2026-10-30,False,True
film_theater,77447,Street Fighter,amc-factoria-8,AMC Factoria 8,1,ordinary,catalog,high,standard,normal_first_run,source_film_id,2026-10-15,2026-10-28,,14,14,54,0,future_only_no_occurred_showtimes,Wednesday,False,2026-09-21,True,2026-10-15,2026-10-28,14,54,1.0,0,False,False,0,3,2026-10-30,False,True
film_theater,77447,Street Fighter,amc-kent-station-14,AMC Kent Station 14,1,ordinary,catalog,high,standard,normal_first_run,source_film_id,2026-10-15,2026-10-28,,14,14,88,0,future_only_no_occurred_showtimes,Wednesday,False,2026-09-21,True,2026-10-15,2026-10-28,14,88,1.0,0,False,False,0,1,2026-10-30,False,True
film_theater,77447,Street Fighter,amc-oak-tree-6,AMC Oak Tree 6,1,ordinary,catalog,high,standard,normal_first_run,source_film_id,2026-10-15,2026-10-28,,14,14,34,0,future_only_no_occurred_showtimes,Wednesday,False,2026-09-21,True,2026-10-15,2026-10-28,14,28,0.8235,0,False,False,0,0,2026-10-30,False,True
film_theater,77447,Street Fighter,amc-pacific-place-11,AMC Pacific Place 11,1,ordinary,catalog,high,standard,normal_first_run,source_film_id,2026-10-15,2026-10-29,,15,15,58,0,future_only_no_occurred_showtimes,Thursday,False,2026-09-21,True,2026-10-15,2026-10-29,15,34,0.5862,0,False,False,3,18,2026-10-30,False,True
film_theater,77447,Street Fighter,amc-southcenter-16,AMC Southcenter 16,1,ordinary,catalog,high,standard,normal_first_run,source_film_id,2026-10-15,2026-10-28,,14,14,81,0,future_only_no_occurred_showtimes,Wednesday,False,2026-09-21,True,2026-10-16,2026-10-28,13,79,0.9753,0,False,False,1,2,2026-10-30,False,True
film_theater,77447,Street Fighter,amc-woodinville-12,AMC Woodinville 12,1,ordinary,catalog,high,standard,normal_first_run,source_film_id,2026-10-15,2026-10-28,,14,14,68,0,future_only_no_occurred_showtimes,Wednesday,False,2026-09-21,True,2026-10-15,2026-10-28,14,62,0.9118,0,False,False,0,18,2026-10-30,False,True
film_theater,85061,Street Fighter: Bonus Round Fan Event,amc-alderwood-mall-16,AMC Alderwood Mall 16,1,special_event,catalog,high,concert_or_event,fan_event,source_film_id,2026-10-15,2026-10-15,,1,1,2,0,future_only_no_occurred_showtimes,Thursday,False,2026-09-21,True,2026-10-15,2026-10-15,1,2,1.0,0,False,False,0,0,2026-10-16,False,True
film_theater,85061,Street Fighter: Bonus Round Fan Event,amc-kent-station-14,AMC Kent Station 14,1,special_event,catalog,high,concert_or_event,fan_event,source_film_id,2026-10-15,2026-10-15,,1,1,1,0,future_only_no_occurred_showtimes,Thursday,False,2026-09-21,True,2026-10-15,2026-10-15,1,1,1.0,0,False,False,0,0,2026-10-16,False,True
film_theater,85061,Street Fighter: Bonus Round Fan Event,amc-southcenter-16,AMC Southcenter 16,1,special_event,catalog,high,concert_or_event,fan_event,source_film_id,2026-10-15,2026-10-15,,1,1,2,0,future_only_no_occurred_showtimes,Thursday,False,2026-09-21,True,2026-10-15,2026-10-15,1,2,1.0,0,False,False,0,0,2026-10-16,False,True
film_theater,85061,Street Fighter: Bonus Round Fan Event,amc-woodinville-12,AMC Woodinville 12,1,special_event,catalog,high,concert_or_event,fan_event,source_film_id,2026-10-15,2026-10-15,,1,1,1,0,future_only_no_occurred_showtimes,Thursday,False,2026-09-21,True,2026-10-15,2026-10-15,1,1,1.0,0,False,False,0,0,2026-10-16,False,True
film_theater,84831,The Crow - Welcome to Horrorwood Series,amc-alderwood-mall-16,AMC Alderwood Mall 16,1,special_event,catalog,high,concert_or_event,normal_first_run,source_film_id,2026-10-30,2026-10-31,,2,2,2,0,future_only_no_occurred_showtimes,Saturday,False,2026-09-17,True,2026-10-30,2026-10-31,2,2,1.0,0,False,False,0,0,2026-11-06,False,True
film_theater,84831,The Crow - Welcome to Horrorwood Series,amc-kent-station-14,AMC Kent Station 14,1,special_event,catalog,high,concert_or_event,normal_first_run,source_film_id,2026-10-30,2026-10-31,,2,2,2,0,future_only_no_occurred_showtimes,Saturday,False,2026-09-17,True,2026-10-30,2026-10-31,2,2,1.0,0,False,False,0,0,2026-11-06,False,True
film_theater,84831,The Crow - Welcome to Horrorwood Series,amc-southcenter-16,AMC Southcenter 16,1,special_event,catalog,high,concert_or_event,normal_first_run,source_film_id,2026-10-30,2026-10-31,,2,2,2,0,future_only_no_occurred_showtimes,Saturday,False,2026-09-17,True,2026-10-30,2026-10-31,2,2,1.0,0,False,False,0,0,2026-11-06,False,True
film_theater,84881,The Incomer,amc-alderwood-mall-16,AMC Alderwood Mall 16,1,ordinary,catalog,high,standard,normal_first_run,source_film_id,2026-10-01,2026-10-07,,7,7,13,0,future_only_no_occurred_showtimes,Wednesday,False,2026-09-19,True,2026-10-01,2026-10-04,4,4,0.3077,3,True,False,3,3,2026-10-09,False,True
film_theater,84881,The Incomer,amc-pacific-place-11,AMC Pacific Place 11,1,ordinary,catalog,high,standard,normal_first_run,source_film_id,2026-10-01,2026-10-07,,7,7,11,0,future_only_no_occurred_showtimes,Wednesday,False,2026-09-19,True,2026-10-01,2026-10-07,7,7,0.6364,0,False,False,0,0,2026-10-09,False,True
film_theater,84881,The Incomer,amc-southcenter-16,AMC Southcenter 16,1,ordinary,catalog,high,standard,normal_first_run,source_film_id,2026-10-01,2026-10-07,,7,7,14,0,future_only_no_occurred_showtimes,Wednesday,False,2026-09-19,True,2026-10-02,2026-10-07,6,6,0.4286,0,False,False,1,0,2026-10-09,False,True
film_theater,84764,The Influencer Project,amc-alderwood-mall-16,AMC Alderwood Mall 16,1,ordinary,catalog,high,standard,normal_first_run,source_film_id,2026-10-01,2026-10-07,,7,7,12,0,future_only_no_occurred_showtimes,Wednesday,False,2026-09-17,True,2026-10-01,2026-10-07,7,6,0.5,0,False,False,1,1,2026-10-09,False,True
film_theater,84764,The Influencer Project,amc-kent-station-14,AMC Kent Station 14,1,ordinary,catalog,high,standard,normal_first_run,source_film_id,2026-10-01,2026-10-07,,7,7,8,0,future_only_no_occurred_showtimes,Wednesday,False,2026-09-29,True,2026-10-01,2026-10-07,7,8,1.0,0,False,False,0,0,2026-10-09,False,True
film_theater,84764,The Influencer Project,amc-pacific-place-11,AMC Pacific Place 11,1,ordinary,catalog,high,standard,normal_first_run,source_film_id,2026-10-01,2026-10-07,,7,7,7,0,future_only_no_occurred_showtimes,Wednesday,False,2026-09-29,True,2026-10-01,2026-10-02,2,2,0.2857,5,True,False,5,0,2026-10-09,False,True
film_theater,84764,The Influencer Project,amc-southcenter-16,AMC Southcenter 16,1,ordinary,catalog,high,standard,normal_first_run,source_film_id,2026-10-01,2026-10-07,,7,7,8,0,future_only_no_occurred_showtimes,Wednesday,False,2026-09-17,True,2026-10-02,2026-10-07,6,6,0.75,0,False,False,1,0,2026-10-09,False,True
film_theater,84764,The Influencer Project,amc-woodinville-12,AMC Woodinville 12,1,ordinary,catalog,high,standard,normal_first_run,source_film_id,2026-10-01,2026-10-07,,7,7,19,0,future_only_no_occurred_showtimes,Wednesday,False,2026-09-25,True,2026-10-01,2026-10-07,7,18,0.9474,0,False,False,0,2,2026-10-09,False,True
film_theater,82779,The Maltese Falcon 85th Anniversary,amc-alderwood-mall-16,AMC Alderwood Mall 16,1,special_event,catalog,high,concert_or_event,anniversary_re_release,source_film_id,2026-12-06,2026-12-09,,4,2,2,0,future_only_no_occurred_showtimes,Wednesday,False,2026-09-03,True,2026-12-06,2026-12-09,4,2,1.0,0,False,False,0,0,2026-12-11,False,True
film_theater,82779,The Maltese Falcon 85th Anniversary,amc-kent-station-14,AMC Kent Station 14,1,special_event,catalog,high,concert_or_event,anniversary_re_release,source_film_id,2026-12-06,2026-12-09,,4,2,2,0,future_only_no_occurred_showtimes,Wednesday,False,2026-09-03,True,2026-12-06,2026-12-09,4,2,1.0,0,False,False,0,0,2026-12-11,False,True
film_theater,82779,The Maltese Falcon 85th Anniversary,amc-southcenter-16,AMC Southcenter 16,1,special_event,catalog,high,concert_or_event,anniversary_re_release,source_film_id,2026-12-06,2026-12-09,,4,2,2,0,future_only_no_occurred_showtimes,Wednesday,False,2026-09-03,True,2026-12-06,2026-12-09,4,2,1.0,0,False,False,0,0,2026-12-11,False,True
film_theater,82779,The Maltese Falcon 85th Anniversary,amc-woodinville-12,AMC Woodinville 12,1,special_event,catalog,high,concert_or_event,anniversary_re_release,source_film_id,2026-12-06,2026-12-09,,4,2,2,0,future_only_no_occurred_showtimes,Wednesday,False,2026-09-03,True,2026-12-06,2026-12-09,4,2,1.0,0,False,False,0,0,2026-12-11,False,True
film_theater,84893,The Nightmare Before Christmas (RE26),amc-alderwood-mall-16,AMC Alderwood Mall 16,1,ambiguous_special,catalog_title_disagreement,low,standard,family_holiday_title,source_film_id,2026-10-02,2026-10-07,,6,6,15,0,future_only_no_occurred_showtimes,Wednesday,False,2026-09-19,True,2026-10-02,2026-10-07,6,6,0.4,0,False,False,0,0,2026-10-09,False,True
film_theater,84893,The Nightmare Before Christmas (RE26),amc-kent-station-14,AMC Kent Station 14,1,ambiguous_special,catalog_title_disagreement,low,standard,family_holiday_title,source_film_id,2026-10-02,2026-10-07,,6,6,6,0,future_only_no_occurred_showtimes,Wednesday,False,2026-09-29,True,2026-10-02,2026-10-07,6,6,1.0,0,False,False,0,0,2026-10-09,False,True
film_theater,84893,The Nightmare Before Christmas (RE26),amc-southcenter-16,AMC Southcenter 16,1,ambiguous_special,catalog_title_disagreement,low,standard,family_holiday_title,source_film_id,2026-10-02,2026-10-07,,6,6,7,0,future_only_no_occurred_showtimes,Wednesday,False,2026-09-19,True,2026-10-02,2026-10-07,6,6,0.8571,0,False,False,0,0,2026-10-09,False,True
film_theater,85042,The North,amc-pacific-place-11,AMC Pacific Place 11,1,ordinary,catalog,high,standard,normal_first_run,source_film_id,2026-10-09,2026-10-14,,6,6,6,0,future_only_no_occurred_showtimes,Wednesday,False,2026-10-01,True,2026-10-09,2026-10-14,6,6,1.0,0,False,False,0,0,2026-10-16,True,True
film_theater,85103,The North: Early Access,amc-alderwood-mall-16,AMC Alderwood Mall 16,1,special_event,catalog,high,concert_or_event,opening_night,source_film_id,2026-10-05,2026-10-05,,1,1,1,0,future_only_no_occurred_showtimes,Monday,False,2026-09-16,True,2026-10-05,2026-10-05,1,1,1.0,0,False,False,0,0,2026-10-09,False,True
film_theater,85103,The North: Early Access,amc-southcenter-16,AMC Southcenter 16,1,special_event,catalog,high,concert_or_event,opening_night,source_film_id,2026-10-05,2026-10-05,,1,1,1,0,future_only_no_occurred_showtimes,Monday,False,2026-09-16,True,2026-10-05,2026-10-05,1,1,1.0,0,False,False,0,0,2026-10-09,False,True
film_theater,76238,The Odyssey,amc-alderwood-mall-16,AMC Alderwood Mall 16,1,ordinary,catalog,high,standard,normal_first_run,source_film_id,2026-07-16,2026-10-07,2026-09-30,84,84,719,691,right_censored_still_scheduled,Wednesday,False,2026-07-02,True,2026-07-16,2026-07-16,1,9,0.0125,83,True,False,83,0,2026-10-09,False,True
film_theater,76238,The Odyssey,amc-kent-station-14,AMC Kent Station 14,1,ordinary,catalog,high,standard,normal_first_run,source_film_id,2026-07-16,2026-10-07,2026-09-30,84,84,690,675,right_censored_still_scheduled,Wednesday,False,2026-07-02,True,2026-07-16,2026-07-16,1,8,0.0116,83,True,False,83,0,2026-10-09,False,True
film_theater,76238,The Odyssey,amc-pacific-place-11,AMC Pacific Place 11,1,ordinary,catalog,high,standard,normal_first_run,source_film_id,2026-07-16,2026-10-07,2026-09-30,84,84,461,443,right_censored_still_scheduled,Wednesday,False,2026-07-02,True,2026-07-16,2026-07-16,1,5,0.0108,83,True,False,83,2,2026-10-09,False,True
film_theater,76238,The Odyssey,amc-southcenter-16,AMC Southcenter 16,1,ordinary,catalog,high,standard,normal_first_run,source_film_id,2026-07-16,2026-10-07,2026-09-30,84,84,621,613,right_censored_still_scheduled,Wednesday,False,2026-07-02,True,2026-07-16,2026-07-16,1,11,0.0177,83,True,False,83,0,2026-10-09,False,True
film_theater,76238,The Odyssey,amc-woodinville-12,AMC Woodinville 12,1,ordinary,catalog,high,standard,normal_first_run,source_film_id,2026-07-16,2026-10-07,2026-09-30,84,84,604,594,right_censored_still_scheduled,Wednesday,False,2026-07-02,True,2026-07-16,2026-07-16,1,10,0.0166,83,True,False,83,0,2026-10-09,False,True
film_theater,81643,The Social Reckoning,amc-alderwood-mall-16,AMC Alderwood Mall 16,1,ordinary,catalog,high,standard,normal_first_run,source_film_id,2026-10-08,2026-10-14,,7,7,27,0,future_only_no_occurred_showtimes,Wednesday,False,2026-09-22,True,2026-10-08,2026-10-14,7,27,1.0,0,False,False,0,0,2026-10-16,False,True
film_theater,81643,The Social Reckoning,amc-factoria-8,AMC Factoria 8,1,ordinary,catalog,high,standard,normal_first_run,source_film_id,2026-10-08,2026-10-21,,14,14,32,0,future_only_no_occurred_showtimes,Wednesday,False,2026-09-22,True,2026-10-08,2026-10-21,14,32,1.0,0,False,False,0,1,2026-10-23,False,True
film_theater,81643,The Social Reckoning,amc-kent-station-14,AMC Kent Station 14,1,ordinary,catalog,high,standard,normal_first_run,source_film_id,2026-10-08,2026-10-21,,14,14,34,0,future_only_no_occurred_showtimes,Wednesday,False,2026-09-22,True,2026-10-08,2026-10-21,14,34,1.0,0,False,False,0,0,2026-10-23,False,True
film_theater,81643,The Social Reckoning,amc-oak-tree-6,AMC Oak Tree 6,1,ordinary,catalog,high,standard,normal_first_run,source_film_id,2026-10-08,2026-10-21,,14,14,26,0,future_only_no_occurred_showtimes,Wednesday,False,2026-09-22,True,2026-10-08,2026-10-21,14,26,1.0,0,False,False,0,0,2026-10-23,False,True
film_theater,81643,The Social Reckoning,amc-pacific-place-11,AMC Pacific Place 11,1,ordinary,catalog,high,standard,normal_first_run,source_film_id,2026-10-08,2026-10-22,,15,15,35,0,future_only_no_occurred_showtimes,Thursday,False,2026-09-22,True,2026-10-08,2026-10-21,14,31,0.8857,1,True,False,3,3,2026-10-23,False,True
film_theater,81643,The Social Reckoning,amc-southcenter-16,AMC Southcenter 16,1,ordinary,catalog,high,standard,normal_first_run,source_film_id,2026-10-09,2026-10-21,,13,13,29,0,future_only_no_occurred_showtimes,Wednesday,False,2026-09-22,True,2026-10-09,2026-10-21,13,29,1.0,0,False,False,0,0,2026-10-23,False,True
film_theater,81643,The Social Reckoning,amc-woodinville-12,AMC Woodinville 12,1,ordinary,catalog,high,standard,normal_first_run,source_film_id,2026-10-08,2026-10-18,,11,11,33,0,future_only_no_occurred_showtimes,Sunday,False,2026-09-22,True,2026-10-08,2026-10-18,11,33,1.0,0,False,False,0,3,2026-10-23,False,True
film_theater,84617,The Stunt Driver,amc-kent-station-14,AMC Kent Station 14,1,ordinary,catalog,high,standard,normal_first_run,source_film_id,2026-09-24,2026-10-01,2026-09-30,8,8,11,10,right_censored_still_scheduled,Thursday,False,2026-09-22,True,2026-09-24,2026-09-30,7,10,0.9091,1,True,False,1,0,2026-10-02,True,True
film_theater,84617,The Stunt Driver,amc-southcenter-16,AMC Southcenter 16,1,ordinary,catalog,high,standard,normal_first_run,source_film_id,2026-09-24,2026-10-01,2026-09-30,8,8,10,9,right_censored_still_scheduled,Thursday,False,2026-09-23,True,2026-09-24,2026-09-30,7,9,0.9,1,True,False,1,1,2026-10-02,True,True
film_theater,84517,The Transformers: The Movie 40th Anniversary,amc-alderwood-mall-16,AMC Alderwood Mall 16,1,special_event,catalog,high,concert_or_event,anniversary_re_release,source_film_id,2026-09-17,2026-10-01,2026-09-30,15,15,55,54,right_censored_still_scheduled,Thursday,False,2026-09-03,True,2026-09-17,2026-09-21,5,7,0.1273,10,True,False,10,1,2026-10-02,True,True
film_theater,84517,The Transformers: The Movie 40th Anniversary,amc-kent-station-14,AMC Kent Station 14,1,special_event,catalog,high,concert_or_event,anniversary_re_release,source_film_id,2026-09-17,2026-10-01,2026-09-30,15,15,42,41,right_censored_still_scheduled,Thursday,False,2026-09-03,True,2026-09-17,2026-09-21,5,7,0.1667,10,True,False,10,0,2026-10-02,True,True
film_theater,84517,The Transformers: The Movie 40th Anniversary,amc-southcenter-16,AMC Southcenter 16,1,special_event,catalog,high,concert_or_event,anniversary_re_release,source_film_id,2026-09-17,2026-10-01,2026-09-30,15,15,53,52,right_censored_still_scheduled,Thursday,False,2026-09-03,True,2026-09-17,2026-09-21,5,7,0.1321,10,True,False,10,2,2026-10-02,True,True
film_theater,84517,The Transformers: The Movie 40th Anniversary,amc-woodinville-12,AMC Woodinville 12,1,special_event,catalog,high,concert_or_event,anniversary_re_release,source_film_id,2026-09-17,2026-10-01,2026-09-30,15,15,25,24,right_censored_still_scheduled,Thursday,False,2026-09-15,True,2026-09-17,2026-09-23,7,16,0.64,8,True,False,8,0,2026-10-02,True,True
film_theater,83100,The Weight,amc-factoria-8,AMC Factoria 8,1,ordinary,catalog,high,standard,normal_first_run,source_film_id,2026-09-17,2026-10-01,2026-09-30,15,15,40,39,right_censored_still_scheduled,Thursday,False,2026-09-15,True,2026-09-17,2026-09-23,7,27,0.675,8,True,False,8,3,2026-10-02,True,True
film_theater,83100,The Weight,amc-southcenter-16,AMC Southcenter 16,1,ordinary,catalog,high,standard,normal_first_run,source_film_id,2026-09-17,2026-10-01,2026-09-30,15,15,41,40,right_censored_still_scheduled,Thursday,False,2026-09-03,True,2026-09-17,2026-09-23,7,14,0.3415,8,True,False,8,2,2026-10-02,True,True
film_theater,83100,The Weight,amc-woodinville-12,AMC Woodinville 12,1,ordinary,catalog,high,standard,normal_first_run,source_film_id,2026-09-17,2026-10-01,2026-09-30,15,15,42,41,right_censored_still_scheduled,Thursday,False,2026-09-03,True,2026-09-17,2026-09-23,7,14,0.3333,8,True,False,8,2,2026-10-02,True,True
film_theater,85197,TOMORROW X TOGETHER WORLD TOUR 'ACT : TOMORROW',amc-alderwood-mall-16,AMC Alderwood Mall 16,1,special_event,catalog,high,concert_or_event,normal_first_run,source_film_id,2026-10-24,2026-10-30,,7,3,3,0,future_only_no_occurred_showtimes,Friday,False,2026-09-29,True,2026-10-24,2026-10-30,7,3,1.0,0,False,False,0,0,2026-11-06,False,True
film_theater,85197,TOMORROW X TOGETHER WORLD TOUR 'ACT : TOMORROW',amc-southcenter-16,AMC Southcenter 16,1,special_event,catalog,high,concert_or_event,normal_first_run,source_film_id,2026-10-24,2026-10-30,,7,3,3,0,future_only_no_occurred_showtimes,Friday,False,2026-09-29,True,2026-10-24,2026-10-30,7,3,1.0,0,False,False,0,0,2026-11-06,False,True
film_theater,85079,Training Day - 25th Anniversary,amc-alderwood-mall-16,AMC Alderwood Mall 16,1,rerelease,catalog,high,anniversary_or_rerelease,anniversary_re_release,source_film_id,2026-10-14,2026-10-14,,1,1,1,0,future_only_no_occurred_showtimes,Wednesday,False,2026-10-01,True,2026-10-14,2026-10-14,1,1,1.0,0,False,False,0,0,2026-10-16,False,True
film_theater,85079,Training Day - 25th Anniversary,amc-kent-station-14,AMC Kent Station 14,1,rerelease,catalog,high,anniversary_or_rerelease,anniversary_re_release,source_film_id,2026-10-14,2026-10-14,,1,1,1,0,future_only_no_occurred_showtimes,Wednesday,False,2026-10-01,True,2026-10-14,2026-10-14,1,1,1.0,0,False,False,0,0,2026-10-16,False,True
film_theater,85079,Training Day - 25th Anniversary,amc-southcenter-16,AMC Southcenter 16,1,rerelease,catalog,high,anniversary_or_rerelease,anniversary_re_release,source_film_id,2026-10-14,2026-10-14,,1,1,1,0,future_only_no_occurred_showtimes,Wednesday,False,2026-10-01,True,2026-10-14,2026-10-14,1,1,1.0,0,False,False,0,0,2026-10-16,False,True
film_theater,85079,Training Day - 25th Anniversary,amc-woodinville-12,AMC Woodinville 12,1,rerelease,catalog,high,anniversary_or_rerelease,anniversary_re_release,source_film_id,2026-10-14,2026-10-14,,1,1,1,0,future_only_no_occurred_showtimes,Wednesday,False,2026-10-01,True,2026-10-14,2026-10-14,1,1,1.0,0,False,False,0,0,2026-10-16,False,True
film_theater,84847,V For Vendetta 20th Anniversary,amc-alderwood-mall-16,AMC Alderwood Mall 16,1,rerelease,catalog,high,anniversary_or_rerelease,anniversary_re_release,source_film_id,2026-11-01,2026-11-05,,5,2,3,0,future_only_no_occurred_showtimes,Thursday,False,2026-09-12,True,2026-11-01,2026-11-05,5,3,1.0,0,False,False,0,0,2026-11-06,False,True
film_theater,84847,V For Vendetta 20th Anniversary,amc-kent-station-14,AMC Kent Station 14,1,rerelease,catalog,high,anniversary_or_rerelease,anniversary_re_release,source_film_id,2026-11-01,2026-11-05,,5,2,3,0,future_only_no_occurred_showtimes,Thursday,False,2026-09-12,True,2026-11-01,2026-11-05,5,3,1.0,0,False,False,0,0,2026-11-06,False,True
film_theater,84847,V For Vendetta 20th Anniversary,amc-southcenter-16,AMC Southcenter 16,1,rerelease,catalog,high,anniversary_or_rerelease,anniversary_re_release,source_film_id,2026-11-01,2026-11-05,,5,2,3,0,future_only_no_occurred_showtimes,Thursday,False,2026-09-12,True,2026-11-01,2026-11-05,5,3,1.0,0,False,False,0,0,2026-11-06,False,True
film_theater,79853,Verity,amc-alderwood-mall-16,AMC Alderwood Mall 16,1,ordinary,catalog,high,standard,normal_first_run,source_film_id,2026-10-01,2026-10-08,,8,8,58,0,future_only_no_occurred_showtimes,Thursday,False,2026-09-05,True,2026-10-01,2026-10-08,8,34,0.5862,0,False,False,0,6,2026-10-09,False,True
film_theater,79853,Verity,amc-factoria-8,AMC Factoria 8,1,ordinary,catalog,high,standard,normal_first_run,source_film_id,2026-10-01,2026-10-14,,14,14,46,0,future_only_no_occurred_showtimes,Wednesday,False,2026-09-05,True,2026-10-01,2026-10-14,14,31,0.6739,0,False,False,0,0,2026-10-16,True,True
film_theater,79853,Verity,amc-kent-station-14,AMC Kent Station 14,1,ordinary,catalog,high,standard,normal_first_run,source_film_id,2026-10-01,2026-10-14,,14,14,81,0,future_only_no_occurred_showtimes,Wednesday,False,2026-09-05,True,2026-10-01,2026-10-14,14,38,0.4691,0,False,False,2,4,2026-10-16,False,True
film_theater,79853,Verity,amc-oak-tree-6,AMC Oak Tree 6,1,ordinary,catalog,high,standard,normal_first_run,source_film_id,2026-10-01,2026-10-14,,14,14,50,0,future_only_no_occurred_showtimes,Wednesday,False,2026-09-05,True,2026-10-01,2026-10-14,14,24,0.48,0,False,False,0,2,2026-10-16,False,True
film_theater,79853,Verity,amc-pacific-place-11,AMC Pacific Place 11,1,ordinary,catalog,high,standard,normal_first_run,source_film_id,2026-10-01,2026-10-15,,15,15,35,0,future_only_no_occurred_showtimes,Thursday,False,2026-09-05,True,2026-10-01,2026-10-14,14,30,0.8571,1,True,False,1,4,2026-10-16,True,True
film_theater,79853,Verity,amc-southcenter-16,AMC Southcenter 16,1,ordinary,catalog,high,standard,normal_first_run,source_film_id,2026-10-01,2026-10-07,,7,7,56,0,future_only_no_occurred_showtimes,Wednesday,False,2026-09-05,True,2026-10-01,2026-10-07,7,32,0.5714,0,False,False,0,1,2026-10-09,False,True
film_theater,79853,Verity,amc-woodinville-12,AMC Woodinville 12,1,ordinary,catalog,high,standard,normal_first_run,source_film_id,2026-10-01,2026-10-14,,14,13,58,0,future_only_no_occurred_showtimes,Wednesday,False,2026-09-05,True,2026-10-01,2026-10-13,13,28,0.4828,1,True,False,1,5,2026-10-16,False,True
film_theater,80471,Whalefall,amc-alderwood-mall-16,AMC Alderwood Mall 16,1,ordinary,catalog,high,standard,normal_first_run,source_film_id,2026-10-15,2026-10-21,,7,7,29,0,future_only_no_occurred_showtimes,Wednesday,False,2026-10-01,True,2026-10-15,2026-10-21,7,29,1.0,0,False,False,0,0,2026-10-23,False,True
film_theater,80471,Whalefall,amc-factoria-8,AMC Factoria 8,1,ordinary,catalog,high,standard,normal_first_run,source_film_id,2026-10-15,2026-10-21,,7,7,30,0,future_only_no_occurred_showtimes,Wednesday,False,2026-10-01,True,2026-10-15,2026-10-21,7,30,1.0,0,False,False,0,0,2026-10-23,False,True
film_theater,80471,Whalefall,amc-kent-station-14,AMC Kent Station 14,1,ordinary,catalog,high,standard,normal_first_run,source_film_id,2026-10-15,2026-10-21,,7,7,28,0,future_only_no_occurred_showtimes,Wednesday,False,2026-10-01,True,2026-10-15,2026-10-21,7,28,1.0,0,False,False,0,0,2026-10-23,False,True
film_theater,80471,Whalefall,amc-pacific-place-11,AMC Pacific Place 11,1,ordinary,catalog,high,standard,normal_first_run,source_film_id,2026-10-15,2026-10-22,,8,8,31,0,future_only_no_occurred_showtimes,Thursday,False,2026-10-01,True,2026-10-15,2026-10-22,8,31,1.0,0,False,False,0,0,2026-10-23,False,True
film_theater,80471,Whalefall,amc-southcenter-16,AMC Southcenter 16,1,ordinary,catalog,high,standard,normal_first_run,source_film_id,2026-10-15,2026-10-21,,7,7,30,0,future_only_no_occurred_showtimes,Wednesday,False,2026-10-01,True,2026-10-15,2026-10-21,7,30,1.0,0,False,False,0,0,2026-10-23,False,True
film_theater,80471,Whalefall,amc-woodinville-12,AMC Woodinville 12,1,ordinary,catalog,high,standard,normal_first_run,source_film_id,2026-10-15,2026-10-21,,7,7,30,0,future_only_no_occurred_showtimes,Wednesday,False,2026-10-01,True,2026-10-15,2026-10-21,7,30,1.0,0,False,False,0,0,2026-10-23,False,True
film_theater,82629,Wildwood,amc-alderwood-mall-16,AMC Alderwood Mall 16,1,ordinary,catalog,high,standard,normal_first_run,source_film_id,2026-10-22,2026-10-28,,7,7,13,0,future_only_no_occurred_showtimes,Wednesday,False,2026-09-17,True,2026-10-22,2026-10-28,7,13,1.0,0,False,False,0,0,2026-10-30,False,True
film_theater,82629,Wildwood,amc-kent-station-14,AMC Kent Station 14,1,ordinary,catalog,high,standard,normal_first_run,source_film_id,2026-10-22,2026-10-29,,8,8,15,0,future_only_no_occurred_showtimes,Thursday,False,2026-09-17,True,2026-10-22,2026-10-29,8,15,1.0,0,False,False,0,0,2026-10-30,False,True
film_theater,82629,Wildwood,amc-southcenter-16,AMC Southcenter 16,1,ordinary,catalog,high,standard,normal_first_run,source_film_id,2026-10-22,2026-10-28,,7,7,23,0,future_only_no_occurred_showtimes,Wednesday,False,2026-09-17,True,2026-10-22,2026-10-28,7,13,0.5652,0,False,False,0,0,2026-10-30,False,True
film_theater,82629,Wildwood,amc-woodinville-12,AMC Woodinville 12,1,ordinary,catalog,high,standard,normal_first_run,source_film_id,2026-10-22,2026-10-28,,7,7,27,0,future_only_no_occurred_showtimes,Wednesday,False,2026-09-17,True,2026-10-22,2026-10-28,7,27,1.0,0,False,False,0,0,2026-10-30,False,True
film_theater,85063,WILDWOOD Fan First Screening,amc-alderwood-mall-16,AMC Alderwood Mall 16,1,special_event,catalog,high,concert_or_event,normal_first_run,source_film_id,2026-10-19,2026-10-19,,1,1,1,0,future_only_no_occurred_showtimes,Monday,False,2026-09-15,True,2026-10-19,2026-10-19,1,1,1.0,0,False,False,0,0,2026-10-23,False,True
film_theater,85063,WILDWOOD Fan First Screening,amc-kent-station-14,AMC Kent Station 14,1,special_event,catalog,high,concert_or_event,normal_first_run,source_film_id,2026-10-19,2026-10-19,,1,1,1,0,future_only_no_occurred_showtimes,Monday,False,2026-09-23,True,2026-10-19,2026-10-19,1,1,1.0,0,False,False,0,0,2026-10-23,False,True
film_theater,85063,WILDWOOD Fan First Screening,amc-southcenter-16,AMC Southcenter 16,1,special_event,catalog,high,concert_or_event,normal_first_run,source_film_id,2026-10-19,2026-10-19,,1,1,2,0,future_only_no_occurred_showtimes,Monday,False,2026-09-15,True,2026-10-19,2026-10-19,1,1,0.5,0,False,False,0,0,2026-10-23,False,True
film_theater,85063,WILDWOOD Fan First Screening,amc-woodinville-12,AMC Woodinville 12,1,special_event,catalog,high,concert_or_event,normal_first_run,source_film_id,2026-10-19,2026-10-19,,1,1,1,0,future_only_no_occurred_showtimes,Monday,False,2026-09-23,True,2026-10-19,2026-10-19,1,1,1.0,0,False,False,0,0,2026-10-23,False,True
film_theater,84817,WWE Money in the Bank,amc-southcenter-16,AMC Southcenter 16,1,special_event,catalog,high,concert_or_event,special_event,source_film_id,2026-10-10,2026-10-10,,1,1,1,0,future_only_no_occurred_showtimes,Saturday,False,2026-09-11,True,2026-10-10,2026-10-10,1,1,1.0,0,False,False,0,0,2026-10-16,False,True
film_theater,85142,You Can See Everything,amc-alderwood-mall-16,AMC Alderwood Mall 16,1,ordinary,catalog,high,standard,normal_first_run,source_film_id,2026-10-15,2026-10-22,,8,8,25,0,future_only_no_occurred_showtimes,Thursday,False,2026-09-30,True,2026-10-15,2026-10-22,8,25,1.0,0,False,False,0,0,2026-10-23,False,True
film_theater,85142,You Can See Everything,amc-factoria-8,AMC Factoria 8,1,ordinary,catalog,high,standard,normal_first_run,source_film_id,2026-10-15,2026-10-22,,8,8,26,0,future_only_no_occurred_showtimes,Thursday,False,2026-09-30,True,2026-10-15,2026-10-22,8,26,1.0,0,False,False,0,0,2026-10-23,False,True
film_theater,85142,You Can See Everything,amc-kent-station-14,AMC Kent Station 14,1,ordinary,catalog,high,standard,normal_first_run,source_film_id,2026-10-15,2026-10-21,,7,7,27,0,future_only_no_occurred_showtimes,Wednesday,False,2026-09-30,True,2026-10-15,2026-10-21,7,27,1.0,0,False,False,0,0,2026-10-23,False,True
film_theater,85142,You Can See Everything,amc-oak-tree-6,AMC Oak Tree 6,1,ordinary,catalog,high,standard,normal_first_run,source_film_id,2026-10-15,2026-10-21,,7,7,14,0,future_only_no_occurred_showtimes,Wednesday,False,2026-09-30,True,2026-10-15,2026-10-21,7,14,1.0,0,False,False,0,0,2026-10-23,False,True
film_theater,85142,You Can See Everything,amc-pacific-place-11,AMC Pacific Place 11,1,ordinary,catalog,high,standard,normal_first_run,source_film_id,2026-10-15,2026-10-29,,15,15,40,0,future_only_no_occurred_showtimes,Thursday,False,2026-09-23,True,2026-10-15,2026-10-29,15,32,0.8,0,False,False,0,3,2026-10-30,False,True
film_theater,85142,You Can See Everything,amc-southcenter-16,AMC Southcenter 16,1,ordinary,catalog,high,standard,normal_first_run,source_film_id,2026-10-15,2026-10-21,,7,7,24,0,future_only_no_occurred_showtimes,Wednesday,False,2026-09-30,True,2026-10-15,2026-10-21,7,24,1.0,0,False,False,0,0,2026-10-23,False,True
film_theater,85142,You Can See Everything,amc-woodinville-12,AMC Woodinville 12,1,ordinary,catalog,high,standard,normal_first_run,source_film_id,2026-10-15,2026-10-21,,7,7,23,0,future_only_no_occurred_showtimes,Wednesday,False,2026-09-30,True,2026-10-15,2026-10-21,7,21,0.913,0,False,False,0,1,2026-10-23,False,True
film_theater,84071,Your Mother Your Mother Your Mother,amc-alderwood-mall-16,AMC Alderwood Mall 16,1,ordinary,catalog,high,standard,normal_first_run,source_film_id,2026-10-15,2026-10-21,,7,7,28,0,future_only_no_occurred_showtimes,Wednesday,False,2026-09-23,True,2026-10-15,2026-10-21,7,28,1.0,0,False,False,0,0,2026-10-23,False,True
film_theater,84071,Your Mother Your Mother Your Mother,amc-kent-station-14,AMC Kent Station 14,1,ordinary,catalog,high,standard,normal_first_run,source_film_id,2026-10-15,2026-10-21,,7,7,27,0,future_only_no_occurred_showtimes,Wednesday,False,2026-09-22,True,2026-10-15,2026-10-21,7,27,1.0,0,False,False,0,0,2026-10-23,False,True
film_theater,84071,Your Mother Your Mother Your Mother,amc-pacific-place-11,AMC Pacific Place 11,1,ordinary,catalog,high,standard,normal_first_run,source_film_id,2026-10-15,2026-10-22,,8,8,26,0,future_only_no_occurred_showtimes,Thursday,False,2026-09-24,True,2026-10-15,2026-10-22,8,26,1.0,0,False,False,0,0,2026-10-23,False,True
film_theater,84071,Your Mother Your Mother Your Mother,amc-southcenter-16,AMC Southcenter 16,1,ordinary,catalog,high,standard,normal_first_run,source_film_id,2026-10-15,2026-10-21,,7,7,31,0,future_only_no_occurred_showtimes,Wednesday,False,2026-09-23,True,2026-10-15,2026-10-21,7,31,1.0,0,False,False,0,0,2026-10-23,False,True
film_theater,84071,Your Mother Your Mother Your Mother,amc-woodinville-12,AMC Woodinville 12,1,ordinary,catalog,high,standard,normal_first_run,source_film_id,2026-10-15,2026-10-21,,7,7,28,0,future_only_no_occurred_showtimes,Wednesday,False,2026-09-22,True,2026-10-15,2026-10-21,7,28,1.0,0,False,False,0,0,2026-10-23,False,True
film_theater,84735,Yuri!!! on ICE 10th Anniversary,amc-alderwood-mall-16,AMC Alderwood Mall 16,1,rerelease,catalog,high,anniversary_or_rerelease,anniversary_re_release,source_film_id,2026-10-19,2026-10-19,,1,1,1,0,future_only_no_occurred_showtimes,Monday,False,2026-09-17,True,2026-10-19,2026-10-19,1,1,1.0,0,False,False,0,0,2026-10-23,False,True
film_theater,84735,Yuri!!! on ICE 10th Anniversary,amc-southcenter-16,AMC Southcenter 16,1,rerelease,catalog,high,anniversary_or_rerelease,anniversary_re_release,source_film_id,2026-10-19,2026-10-19,,1,1,1,0,future_only_no_occurred_showtimes,Monday,False,2026-09-17,True,2026-10-19,2026-10-19,1,1,1.0,0,False,False,0,0,2026-10-23,False,True
