level,film_id,title,theater_id,theater_name,sequence,segment,segment_source,segment_confidence,catalog_category,title_run_type,identity_kind,start_date,end_date,last_occurred,span_days,distinct_show_dates,screening_count,occurred_screening_count,end_status,end_weekday,left_truncated,first_observation,announcement_observed,initial_first_show,initial_last_show,initial_span_days,initial_screening_count,share_visible_at_first_observation,days_added,extended,shortened,dates_added_count,removed_screening_count,next_programming_friday,next_friday_published,retrospective
film_theater,84444,2026 CORTIS TOUR <PUT YOUR PHONE DOWN> IN LA: LIVE VIEWING,amc-alderwood-mall-16,AMC Alderwood Mall 16,1,special_event,catalog,high,concert_or_event,normal_first_run,source_film_id,2026-08-13,2026-08-13,2026-08-13,1,1,1,1,confirmed_complete,Thursday,False,2026-07-30,True,2026-08-13,2026-08-13,1,1,1.0,0,False,False,0,0,2026-08-14,True,True
film_theater,84444,2026 CORTIS TOUR <PUT YOUR PHONE DOWN> IN LA: LIVE VIEWING,amc-southcenter-16,AMC Southcenter 16,1,special_event,catalog,high,concert_or_event,normal_first_run,source_film_id,2026-08-13,2026-08-13,2026-08-13,1,1,1,1,confirmed_complete,Thursday,False,2026-08-05,True,2026-08-13,2026-08-13,1,1,1.0,0,False,False,0,0,2026-08-14,True,True
film_theater,84987,2026 Rocket League World Championship,amc-southcenter-16,AMC Southcenter 16,1,special_event,catalog,high,concert_or_event,normal_first_run,source_film_id,2026-09-20,2026-09-20,2026-09-20,1,1,1,1,confirmed_complete,Sunday,False,2026-09-08,True,2026-09-20,2026-09-20,1,1,1.0,0,False,False,0,0,2026-09-25,True,True
film_theater,84226,Above and Below,amc-alderwood-mall-16,AMC Alderwood Mall 16,1,special_event,catalog,high,concert_or_event,normal_first_run,source_film_id,2026-07-29,2026-07-29,2026-07-29,1,1,1,1,confirmed_complete,Wednesday,False,2026-07-23,True,2026-07-29,2026-07-29,1,1,1.0,0,False,False,0,0,2026-07-31,True,True
film_theater,84226,Above and Below,amc-southcenter-16,AMC Southcenter 16,1,special_event,catalog,high,concert_or_event,normal_first_run,source_film_id,2026-07-29,2026-07-29,2026-07-29,1,1,1,1,confirmed_complete,Wednesday,False,2026-07-23,True,2026-07-29,2026-07-29,1,1,1.0,0,False,False,0,0,2026-07-31,True,True
film_theater,84498,Akira,amc-alderwood-mall-16,AMC Alderwood Mall 16,1,ordinary,catalog,high,standard,normal_first_run,source_film_id,2026-09-03,2026-09-16,2026-09-16,14,14,48,48,confirmed_complete,Wednesday,False,2026-08-21,True,2026-09-03,2026-09-04,2,8,0.1667,12,True,False,12,4,2026-09-18,True,True
film_theater,84498,Akira,amc-kent-station-14,AMC Kent Station 14,1,ordinary,catalog,high,standard,normal_first_run,source_film_id,2026-09-03,2026-09-17,2026-09-17,15,15,47,47,confirmed_complete,Thursday,False,2026-08-26,True,2026-09-04,2026-09-08,5,10,0.2128,9,True,False,10,0,2026-09-18,True,True
film_theater,84498,Akira,amc-pacific-place-11,AMC Pacific Place 11,1,ordinary,catalog,high,standard,normal_first_run,source_film_id,2026-09-03,2026-09-16,2026-09-16,14,13,24,24,confirmed_complete,Wednesday,False,2026-09-01,True,2026-09-03,2026-09-04,2,3,0.125,12,True,False,11,0,2026-09-18,True,True
film_theater,84498,Akira,amc-southcenter-16,AMC Southcenter 16,1,ordinary,catalog,high,standard,normal_first_run,source_film_id,2026-09-03,2026-09-16,2026-09-16,14,14,52,52,confirmed_complete,Wednesday,False,2026-08-24,True,2026-09-03,2026-09-07,5,22,0.4231,9,True,False,9,0,2026-09-18,True,True
film_theater,84498,Akira,amc-woodinville-12,AMC Woodinville 12,1,ordinary,catalog,high,standard,normal_first_run,source_film_id,2026-09-03,2026-09-17,2026-09-17,15,14,36,36,confirmed_complete,Thursday,False,2026-08-26,True,2026-09-03,2026-09-09,7,29,0.8056,8,True,False,7,0,2026-09-18,True,True
film_theater,title:alemania-vs-paraguay-telemundo-presenta-la-copa-mundial-de-la-fifa-2026,Alemania vs Paraguay - Telemundo presenta la Copa Mundial de la FIFA 2026,amc-alderwood-mall-16,AMC Alderwood Mall 16,1,special_event_title_only,title_only,low,unknown,concert_live_encore,title_fallback,2026-06-29,2026-06-29,2026-06-29,1,1,1,1,confirmed_complete,Monday,True,2026-06-29,False,2026-06-29,2026-06-29,1,1,,,,,0,0,2026-07-03,True,True
film_theater,84550,All Wishes Come True!,amc-pacific-place-11,AMC Pacific Place 11,1,ordinary,catalog,high,standard,normal_first_run,source_film_id,2026-08-21,2026-09-03,2026-09-03,14,14,23,23,confirmed_complete,Thursday,False,2026-08-18,True,2026-08-21,2026-08-21,1,3,0.1304,13,True,False,13,0,2026-09-04,True,True
film_theater,81765,Alpha (dir. Rawail),amc-southcenter-16,AMC Southcenter 16,1,ordinary_title_only,title_only,low,unknown,normal_first_run,source_film_id,2026-07-03,2026-07-08,2026-07-08,6,6,14,14,confirmed_complete,Wednesday,True,2026-06-29,False,2026-07-03,2026-07-08,6,6,,,,,0,0,2026-07-10,True,True
film_theater,title:amc-screen-unseen-june-29,AMC,amc-alderwood-mall-16,AMC Alderwood Mall 16,1,special_event_title_only,title_only,low,unknown,fan_event,title_fallback,2026-06-29,2026-06-29,2026-06-29,1,1,1,1,confirmed_complete,Monday,True,2026-06-29,False,2026-06-29,2026-06-29,1,1,,,,,0,0,2026-07-03,True,True
film_theater,title:amc-screen-unseen-june-29,AMC,amc-factoria-8,AMC Factoria 8,1,special_event_title_only,title_only,low,unknown,fan_event,title_fallback,2026-06-29,2026-06-29,2026-06-29,1,1,1,1,confirmed_complete,Monday,True,2026-06-29,False,2026-06-29,2026-06-29,1,1,,,,,0,0,2026-07-03,True,True
film_theater,title:amc-screen-unseen-june-29,AMC,amc-kent-station-14,AMC Kent Station 14,1,special_event_title_only,title_only,low,unknown,fan_event,title_fallback,2026-06-29,2026-06-29,2026-06-29,1,1,1,1,confirmed_complete,Monday,True,2026-06-29,False,2026-06-29,2026-06-29,1,1,,,,,0,0,2026-07-03,True,True
film_theater,title:amc-screen-unseen-june-29,AMC,amc-oak-tree-6,AMC Oak Tree 6,1,special_event_title_only,title_only,low,unknown,fan_event,title_fallback,2026-06-29,2026-06-29,2026-06-29,1,1,1,1,confirmed_complete,Monday,True,2026-06-29,False,2026-06-29,2026-06-29,1,1,,,,,0,0,2026-07-03,True,True
film_theater,title:amc-screen-unseen-june-29,AMC,amc-pacific-place-11,AMC Pacific Place 11,1,special_event_title_only,title_only,low,unknown,fan_event,title_fallback,2026-06-29,2026-06-29,2026-06-29,1,1,1,1,confirmed_complete,Monday,True,2026-06-29,False,2026-06-29,2026-06-29,1,1,,,,,0,0,2026-07-03,True,True
film_theater,title:amc-screen-unseen-june-29,AMC,amc-southcenter-16,AMC Southcenter 16,1,special_event_title_only,title_only,low,unknown,fan_event,title_fallback,2026-06-29,2026-06-29,2026-06-29,1,1,1,1,confirmed_complete,Monday,True,2026-06-29,False,2026-06-29,2026-06-29,1,1,,,,,0,0,2026-07-03,True,True
film_theater,title:amc-screen-unseen-june-29,AMC,amc-woodinville-12,AMC Woodinville 12,1,special_event_title_only,title_only,low,unknown,fan_event,title_fallback,2026-06-29,2026-06-29,2026-06-29,1,1,1,1,confirmed_complete,Monday,True,2026-06-29,False,2026-06-29,2026-06-29,1,1,,,,,0,0,2026-07-03,True,True
film_theater,84660,AMC Scream Unseen: August 17,amc-alderwood-mall-16,AMC Alderwood Mall 16,1,special_event,catalog,high,mystery_screening,fan_event,source_film_id,2026-08-17,2026-08-17,2026-08-17,1,1,1,1,confirmed_complete,Monday,False,2026-08-05,True,2026-08-17,2026-08-17,1,1,1.0,0,False,False,0,0,2026-08-21,True,True
film_theater,84660,AMC Scream Unseen: August 17,amc-factoria-8,AMC Factoria 8,1,special_event,catalog,high,mystery_screening,fan_event,source_film_id,2026-08-17,2026-08-17,2026-08-17,1,1,1,1,confirmed_complete,Monday,False,2026-08-05,True,2026-08-17,2026-08-17,1,1,1.0,0,False,False,0,0,2026-08-21,True,True
film_theater,84660,AMC Scream Unseen: August 17,amc-kent-station-14,AMC Kent Station 14,1,special_event,catalog,high,mystery_screening,fan_event,source_film_id,2026-08-17,2026-08-17,2026-08-17,1,1,2,2,confirmed_complete,Monday,False,2026-08-05,True,2026-08-17,2026-08-17,1,2,1.0,0,False,False,0,0,2026-08-21,True,True
film_theater,84660,AMC Scream Unseen: August 17,amc-oak-tree-6,AMC Oak Tree 6,1,special_event,catalog,high,mystery_screening,fan_event,source_film_id,2026-08-17,2026-08-17,2026-08-17,1,1,1,1,confirmed_complete,Monday,False,2026-08-05,True,2026-08-17,2026-08-17,1,1,1.0,0,False,False,0,0,2026-08-21,True,True
film_theater,84660,AMC Scream Unseen: August 17,amc-pacific-place-11,AMC Pacific Place 11,1,special_event,catalog,high,mystery_screening,fan_event,source_film_id,2026-08-17,2026-08-17,2026-08-17,1,1,1,1,confirmed_complete,Monday,False,2026-08-05,True,2026-08-17,2026-08-17,1,1,1.0,0,False,False,0,0,2026-08-21,True,True
film_theater,84660,AMC Scream Unseen: August 17,amc-southcenter-16,AMC Southcenter 16,1,special_event,catalog,high,mystery_screening,fan_event,source_film_id,2026-08-17,2026-08-17,2026-08-17,1,1,1,1,confirmed_complete,Monday,False,2026-08-05,True,2026-08-17,2026-08-17,1,1,1.0,0,False,False,0,0,2026-08-21,True,True
film_theater,84660,AMC Scream Unseen: August 17,amc-woodinville-12,AMC Woodinville 12,1,special_event,catalog,high,mystery_screening,fan_event,source_film_id,2026-08-17,2026-08-17,2026-08-17,1,1,1,1,confirmed_complete,Monday,False,2026-08-11,True,2026-08-17,2026-08-17,1,1,1.0,0,False,False,0,0,2026-08-21,True,True
film_theater,84688,AMC Scream Unseen: August 24,amc-alderwood-mall-16,AMC Alderwood Mall 16,1,special_event,catalog,high,mystery_screening,fan_event,source_film_id,2026-08-24,2026-08-24,2026-08-24,1,1,1,1,confirmed_complete,Monday,False,2026-08-12,True,2026-08-24,2026-08-24,1,1,1.0,0,False,False,0,0,2026-08-28,True,True
film_theater,84688,AMC Scream Unseen: August 24,amc-factoria-8,AMC Factoria 8,1,special_event,catalog,high,mystery_screening,fan_event,source_film_id,2026-08-24,2026-08-24,2026-08-24,1,1,1,1,confirmed_complete,Monday,False,2026-08-12,True,2026-08-24,2026-08-24,1,1,1.0,0,False,False,0,0,2026-08-28,True,True
film_theater,84688,AMC Scream Unseen: August 24,amc-kent-station-14,AMC Kent Station 14,1,special_event,catalog,high,mystery_screening,fan_event,source_film_id,2026-08-24,2026-08-24,2026-08-24,1,1,2,2,confirmed_complete,Monday,False,2026-08-12,True,2026-08-24,2026-08-24,1,2,1.0,0,False,False,0,0,2026-08-28,True,True
film_theater,84688,AMC Scream Unseen: August 24,amc-oak-tree-6,AMC Oak Tree 6,1,special_event,catalog,high,mystery_screening,fan_event,source_film_id,2026-08-24,2026-08-24,2026-08-24,1,1,1,1,confirmed_complete,Monday,False,2026-08-12,True,2026-08-24,2026-08-24,1,1,1.0,0,False,False,0,0,2026-08-28,True,True
film_theater,84688,AMC Scream Unseen: August 24,amc-pacific-place-11,AMC Pacific Place 11,1,special_event,catalog,high,mystery_screening,fan_event,source_film_id,2026-08-24,2026-08-24,2026-08-24,1,1,1,1,confirmed_complete,Monday,False,2026-08-12,True,2026-08-24,2026-08-24,1,1,1.0,0,False,False,0,0,2026-08-28,True,True
film_theater,84688,AMC Scream Unseen: August 24,amc-southcenter-16,AMC Southcenter 16,1,special_event,catalog,high,mystery_screening,fan_event,source_film_id,2026-08-24,2026-08-24,2026-08-24,1,1,1,1,confirmed_complete,Monday,False,2026-08-12,True,2026-08-24,2026-08-24,1,1,1.0,0,False,False,0,0,2026-08-28,True,True
film_theater,84688,AMC Scream Unseen: August 24,amc-woodinville-12,AMC Woodinville 12,1,special_event,catalog,high,mystery_screening,fan_event,source_film_id,2026-08-24,2026-08-24,2026-08-24,1,1,2,2,confirmed_complete,Monday,False,2026-08-12,True,2026-08-24,2026-08-24,1,2,1.0,0,False,False,0,0,2026-08-28,True,True
film_theater,84363,AMC Scream Unseen: August 3,amc-alderwood-mall-16,AMC Alderwood Mall 16,1,special_event,catalog,high,mystery_screening,fan_event,source_film_id,2026-08-03,2026-08-03,2026-08-03,1,1,1,1,confirmed_complete,Monday,False,2026-07-22,True,2026-08-03,2026-08-03,1,1,1.0,0,False,False,0,0,2026-08-07,True,True
film_theater,84363,AMC Scream Unseen: August 3,amc-factoria-8,AMC Factoria 8,1,special_event,catalog,high,mystery_screening,fan_event,source_film_id,2026-08-03,2026-08-03,2026-08-03,1,1,1,1,confirmed_complete,Monday,False,2026-07-22,True,2026-08-03,2026-08-03,1,1,1.0,0,False,False,0,0,2026-08-07,True,True
film_theater,84363,AMC Scream Unseen: August 3,amc-kent-station-14,AMC Kent Station 14,1,special_event,catalog,high,mystery_screening,fan_event,source_film_id,2026-08-03,2026-08-03,2026-08-03,1,1,2,2,confirmed_complete,Monday,False,2026-07-22,True,2026-08-03,2026-08-03,1,2,1.0,0,False,False,0,0,2026-08-07,True,True
film_theater,84363,AMC Scream Unseen: August 3,amc-oak-tree-6,AMC Oak Tree 6,1,special_event,catalog,high,mystery_screening,fan_event,source_film_id,2026-08-03,2026-08-03,2026-08-03,1,1,1,1,confirmed_complete,Monday,False,2026-07-22,True,2026-08-03,2026-08-03,1,1,1.0,0,False,False,0,0,2026-08-07,True,True
film_theater,84363,AMC Scream Unseen: August 3,amc-pacific-place-11,AMC Pacific Place 11,1,special_event,catalog,high,mystery_screening,fan_event,source_film_id,2026-08-03,2026-08-03,2026-08-03,1,1,1,1,confirmed_complete,Monday,False,2026-07-22,True,2026-08-03,2026-08-03,1,1,1.0,0,False,False,0,0,2026-08-07,True,True
film_theater,84363,AMC Scream Unseen: August 3,amc-southcenter-16,AMC Southcenter 16,1,special_event,catalog,high,mystery_screening,fan_event,source_film_id,2026-08-03,2026-08-03,2026-08-03,1,1,1,1,confirmed_complete,Monday,False,2026-07-22,True,2026-08-03,2026-08-03,1,1,1.0,0,False,False,0,0,2026-08-07,True,True
film_theater,84363,AMC Scream Unseen: August 3,amc-woodinville-12,AMC Woodinville 12,1,special_event,catalog,high,mystery_screening,fan_event,source_film_id,2026-08-03,2026-08-03,2026-08-03,1,1,1,1,confirmed_complete,Monday,False,2026-07-22,True,2026-08-03,2026-08-03,1,1,1.0,0,False,False,0,0,2026-08-07,True,True
film_theater,84465,AMC Screen Unseen: August 10,amc-alderwood-mall-16,AMC Alderwood Mall 16,1,special_event,catalog,high,mystery_screening,fan_event,source_film_id,2026-08-10,2026-08-10,2026-08-10,1,1,1,1,confirmed_complete,Monday,False,2026-07-29,True,2026-08-10,2026-08-10,1,1,1.0,0,False,False,0,0,2026-08-14,True,True
film_theater,84465,AMC Screen Unseen: August 10,amc-factoria-8,AMC Factoria 8,1,special_event,catalog,high,mystery_screening,fan_event,source_film_id,2026-08-10,2026-08-10,2026-08-10,1,1,1,1,confirmed_complete,Monday,False,2026-07-29,True,2026-08-10,2026-08-10,1,1,1.0,0,False,False,0,0,2026-08-14,True,True
film_theater,84465,AMC Screen Unseen: August 10,amc-kent-station-14,AMC Kent Station 14,1,special_event,catalog,high,mystery_screening,fan_event,source_film_id,2026-08-10,2026-08-10,2026-08-10,1,1,2,2,confirmed_complete,Monday,False,2026-07-29,True,2026-08-10,2026-08-10,1,2,1.0,0,False,False,0,0,2026-08-14,True,True
film_theater,84465,AMC Screen Unseen: August 10,amc-oak-tree-6,AMC Oak Tree 6,1,special_event,catalog,high,mystery_screening,fan_event,source_film_id,2026-08-10,2026-08-10,2026-08-10,1,1,1,1,confirmed_complete,Monday,False,2026-07-29,True,2026-08-10,2026-08-10,1,1,1.0,0,False,False,0,0,2026-08-14,True,True
film_theater,84465,AMC Screen Unseen: August 10,amc-pacific-place-11,AMC Pacific Place 11,1,special_event,catalog,high,mystery_screening,fan_event,source_film_id,2026-08-10,2026-08-10,2026-08-10,1,1,1,1,confirmed_complete,Monday,False,2026-07-29,True,2026-08-10,2026-08-10,1,1,1.0,0,False,False,0,0,2026-08-14,True,True
film_theater,84465,AMC Screen Unseen: August 10,amc-southcenter-16,AMC Southcenter 16,1,special_event,catalog,high,mystery_screening,fan_event,source_film_id,2026-08-10,2026-08-10,2026-08-10,1,1,1,1,confirmed_complete,Monday,False,2026-07-29,True,2026-08-10,2026-08-10,1,1,1.0,0,False,False,0,0,2026-08-14,True,True
film_theater,84465,AMC Screen Unseen: August 10,amc-woodinville-12,AMC Woodinville 12,1,special_event,catalog,high,mystery_screening,fan_event,source_film_id,2026-08-10,2026-08-10,2026-08-10,1,1,1,1,confirmed_complete,Monday,False,2026-07-29,True,2026-08-10,2026-08-10,1,1,1.0,0,False,False,0,0,2026-08-14,True,True
film_theater,84689,AMC Screen Unseen: August 31,amc-alderwood-mall-16,AMC Alderwood Mall 16,1,special_event,catalog,high,mystery_screening,fan_event,source_film_id,2026-08-31,2026-08-31,2026-08-31,1,1,1,1,confirmed_complete,Monday,False,2026-08-19,True,2026-08-31,2026-08-31,1,1,1.0,0,False,False,0,0,2026-09-04,True,True
film_theater,84689,AMC Screen Unseen: August 31,amc-factoria-8,AMC Factoria 8,1,special_event,catalog,high,mystery_screening,fan_event,source_film_id,2026-08-31,2026-08-31,2026-08-31,1,1,1,1,confirmed_complete,Monday,False,2026-08-19,True,2026-08-31,2026-08-31,1,1,1.0,0,False,False,0,0,2026-09-04,True,True
film_theater,84689,AMC Screen Unseen: August 31,amc-kent-station-14,AMC Kent Station 14,1,special_event,catalog,high,mystery_screening,fan_event,source_film_id,2026-08-31,2026-08-31,2026-08-31,1,1,2,2,confirmed_complete,Monday,False,2026-08-19,True,2026-08-31,2026-08-31,1,2,1.0,0,False,False,0,0,2026-09-04,True,True
film_theater,84689,AMC Screen Unseen: August 31,amc-oak-tree-6,AMC Oak Tree 6,1,special_event,catalog,high,mystery_screening,fan_event,source_film_id,2026-08-31,2026-08-31,2026-08-31,1,1,1,1,confirmed_complete,Monday,False,2026-08-19,True,2026-08-31,2026-08-31,1,1,1.0,0,False,False,0,0,2026-09-04,True,True
film_theater,84689,AMC Screen Unseen: August 31,amc-pacific-place-11,AMC Pacific Place 11,1,special_event,catalog,high,mystery_screening,fan_event,source_film_id,2026-08-31,2026-08-31,2026-08-31,1,1,1,1,confirmed_complete,Monday,False,2026-08-19,True,2026-08-31,2026-08-31,1,1,1.0,0,False,False,0,0,2026-09-04,True,True
film_theater,84689,AMC Screen Unseen: August 31,amc-southcenter-16,AMC Southcenter 16,1,special_event,catalog,high,mystery_screening,fan_event,source_film_id,2026-08-31,2026-08-31,2026-08-31,1,1,1,1,confirmed_complete,Monday,False,2026-08-19,True,2026-08-31,2026-08-31,1,1,1.0,0,False,False,0,0,2026-09-04,True,True
film_theater,84689,AMC Screen Unseen: August 31,amc-woodinville-12,AMC Woodinville 12,1,special_event,catalog,high,mystery_screening,fan_event,source_film_id,2026-08-31,2026-08-31,2026-08-31,1,1,2,2,confirmed_complete,Monday,False,2026-08-19,True,2026-08-31,2026-08-31,1,2,1.0,0,False,False,0,0,2026-09-04,True,True
film_theater,84361,AMC Screen Unseen: July 20,amc-alderwood-mall-16,AMC Alderwood Mall 16,1,special_event,catalog,high,mystery_screening,fan_event,source_film_id,2026-07-20,2026-07-20,2026-07-20,1,1,1,1,confirmed_complete,Monday,False,2026-07-08,True,2026-07-20,2026-07-20,1,1,1.0,0,False,False,0,0,2026-07-24,True,True
film_theater,84361,AMC Screen Unseen: July 20,amc-factoria-8,AMC Factoria 8,1,special_event,catalog,high,mystery_screening,fan_event,source_film_id,2026-07-20,2026-07-20,2026-07-20,1,1,1,1,confirmed_complete,Monday,False,2026-07-08,True,2026-07-20,2026-07-20,1,1,1.0,0,False,False,0,0,2026-07-24,True,True
film_theater,84361,AMC Screen Unseen: July 20,amc-kent-station-14,AMC Kent Station 14,1,special_event,catalog,high,mystery_screening,fan_event,source_film_id,2026-07-20,2026-07-20,2026-07-20,1,1,2,2,confirmed_complete,Monday,False,2026-07-08,True,2026-07-20,2026-07-20,1,2,1.0,0,False,False,0,0,2026-07-24,True,True
film_theater,84361,AMC Screen Unseen: July 20,amc-oak-tree-6,AMC Oak Tree 6,1,special_event,catalog,high,mystery_screening,fan_event,source_film_id,2026-07-20,2026-07-20,2026-07-20,1,1,1,1,confirmed_complete,Monday,False,2026-07-08,True,2026-07-20,2026-07-20,1,1,1.0,0,False,False,0,0,2026-07-24,True,True
film_theater,84361,AMC Screen Unseen: July 20,amc-pacific-place-11,AMC Pacific Place 11,1,special_event,catalog,high,mystery_screening,fan_event,source_film_id,2026-07-20,2026-07-20,2026-07-20,1,1,1,1,confirmed_complete,Monday,False,2026-07-08,True,2026-07-20,2026-07-20,1,1,1.0,0,False,False,0,0,2026-07-24,True,True
film_theater,84361,AMC Screen Unseen: July 20,amc-southcenter-16,AMC Southcenter 16,1,special_event,catalog,high,mystery_screening,fan_event,source_film_id,2026-07-20,2026-07-20,2026-07-20,1,1,1,1,confirmed_complete,Monday,False,2026-07-08,True,2026-07-20,2026-07-20,1,1,1.0,0,False,False,0,0,2026-07-24,True,True
film_theater,84361,AMC Screen Unseen: July 20,amc-woodinville-12,AMC Woodinville 12,1,special_event,catalog,high,mystery_screening,fan_event,source_film_id,2026-07-20,2026-07-20,2026-07-20,1,1,2,2,confirmed_complete,Monday,False,2026-07-08,True,2026-07-20,2026-07-20,1,2,1.0,0,False,False,0,0,2026-07-24,True,True
film_theater,84362,AMC Screen Unseen: July 27,amc-alderwood-mall-16,AMC Alderwood Mall 16,1,special_event,catalog,high,mystery_screening,fan_event,source_film_id,2026-07-27,2026-07-27,2026-07-27,1,1,1,1,confirmed_complete,Monday,False,2026-07-15,True,2026-07-27,2026-07-27,1,1,1.0,0,False,False,0,0,2026-07-31,True,True
film_theater,84362,AMC Screen Unseen: July 27,amc-factoria-8,AMC Factoria 8,1,special_event,catalog,high,mystery_screening,fan_event,source_film_id,2026-07-27,2026-07-27,2026-07-27,1,1,1,1,confirmed_complete,Monday,False,2026-07-15,True,2026-07-27,2026-07-27,1,1,1.0,0,False,False,0,0,2026-07-31,True,True
film_theater,84362,AMC Screen Unseen: July 27,amc-kent-station-14,AMC Kent Station 14,1,special_event,catalog,high,mystery_screening,fan_event,source_film_id,2026-07-27,2026-07-27,2026-07-27,1,1,1,1,confirmed_complete,Monday,False,2026-07-15,True,2026-07-27,2026-07-27,1,1,1.0,0,False,False,0,0,2026-07-31,True,True
film_theater,84362,AMC Screen Unseen: July 27,amc-oak-tree-6,AMC Oak Tree 6,1,special_event,catalog,high,mystery_screening,fan_event,source_film_id,2026-07-27,2026-07-27,2026-07-27,1,1,1,1,confirmed_complete,Monday,False,2026-07-15,True,2026-07-27,2026-07-27,1,1,1.0,0,False,False,0,0,2026-07-31,True,True
film_theater,84362,AMC Screen Unseen: July 27,amc-pacific-place-11,AMC Pacific Place 11,1,special_event,catalog,high,mystery_screening,fan_event,source_film_id,2026-07-27,2026-07-27,2026-07-27,1,1,1,1,confirmed_complete,Monday,False,2026-07-15,True,2026-07-27,2026-07-27,1,1,1.0,0,False,False,0,0,2026-07-31,True,True
film_theater,84362,AMC Screen Unseen: July 27,amc-southcenter-16,AMC Southcenter 16,1,special_event,catalog,high,mystery_screening,fan_event,source_film_id,2026-07-27,2026-07-27,2026-07-27,1,1,1,1,confirmed_complete,Monday,False,2026-07-15,True,2026-07-27,2026-07-27,1,1,1.0,0,False,False,0,0,2026-07-31,True,True
film_theater,84362,AMC Screen Unseen: July 27,amc-woodinville-12,AMC Woodinville 12,1,special_event,catalog,high,mystery_screening,fan_event,source_film_id,2026-07-27,2026-07-27,2026-07-27,1,1,2,2,confirmed_complete,Monday,False,2026-07-15,True,2026-07-27,2026-07-27,1,1,0.5,0,False,False,0,0,2026-07-31,True,True
film_theater,84804,AMC Screen Unseen: September 13,amc-alderwood-mall-16,AMC Alderwood Mall 16,1,special_event,catalog,high,mystery_screening,fan_event,source_film_id,2026-09-13,2026-09-13,2026-09-13,1,1,1,1,confirmed_complete,Sunday,False,2026-09-02,True,2026-09-13,2026-09-13,1,1,1.0,0,False,False,0,0,2026-09-18,True,True
film_theater,84804,AMC Screen Unseen: September 13,amc-factoria-8,AMC Factoria 8,1,special_event,catalog,high,mystery_screening,fan_event,source_film_id,2026-09-13,2026-09-13,2026-09-13,1,1,1,1,confirmed_complete,Sunday,False,2026-09-02,True,2026-09-13,2026-09-13,1,1,1.0,0,False,False,0,0,2026-09-18,True,True
film_theater,84804,AMC Screen Unseen: September 13,amc-kent-station-14,AMC Kent Station 14,1,special_event,catalog,high,mystery_screening,fan_event,source_film_id,2026-09-13,2026-09-13,2026-09-13,1,1,2,2,confirmed_complete,Sunday,False,2026-09-02,True,2026-09-13,2026-09-13,1,2,1.0,0,False,False,0,0,2026-09-18,True,True
film_theater,84804,AMC Screen Unseen: September 13,amc-oak-tree-6,AMC Oak Tree 6,1,special_event,catalog,high,mystery_screening,fan_event,source_film_id,2026-09-13,2026-09-13,2026-09-13,1,1,1,1,confirmed_complete,Sunday,False,2026-09-02,True,2026-09-13,2026-09-13,1,1,1.0,0,False,False,0,0,2026-09-18,True,True
film_theater,84804,AMC Screen Unseen: September 13,amc-pacific-place-11,AMC Pacific Place 11,1,special_event,catalog,high,mystery_screening,fan_event,source_film_id,2026-09-13,2026-09-13,2026-09-13,1,1,1,1,confirmed_complete,Sunday,False,2026-09-02,True,2026-09-13,2026-09-13,1,1,1.0,0,False,False,0,0,2026-09-18,True,True
film_theater,84804,AMC Screen Unseen: September 13,amc-southcenter-16,AMC Southcenter 16,1,special_event,catalog,high,mystery_screening,fan_event,source_film_id,2026-09-13,2026-09-13,2026-09-13,1,1,1,1,confirmed_complete,Sunday,False,2026-09-02,True,2026-09-13,2026-09-13,1,1,1.0,0,False,False,0,0,2026-09-18,True,True
film_theater,84804,AMC Screen Unseen: September 13,amc-woodinville-12,AMC Woodinville 12,1,special_event,catalog,high,mystery_screening,fan_event,source_film_id,2026-09-13,2026-09-13,2026-09-13,1,1,1,1,confirmed_complete,Sunday,False,2026-09-02,True,2026-09-13,2026-09-13,1,1,1.0,0,False,False,0,1,2026-09-18,True,True
film_theater,84874,AMC Screen Unseen: September 14,amc-alderwood-mall-16,AMC Alderwood Mall 16,1,special_event,catalog,high,mystery_screening,fan_event,source_film_id,2026-09-14,2026-09-14,2026-09-14,1,1,1,1,confirmed_complete,Monday,False,2026-09-02,True,2026-09-14,2026-09-14,1,1,1.0,0,False,False,0,0,2026-09-18,True,True
film_theater,84874,AMC Screen Unseen: September 14,amc-factoria-8,AMC Factoria 8,1,special_event,catalog,high,mystery_screening,fan_event,source_film_id,2026-09-14,2026-09-14,2026-09-14,1,1,1,1,confirmed_complete,Monday,False,2026-09-02,True,2026-09-14,2026-09-14,1,1,1.0,0,False,False,0,0,2026-09-18,True,True
film_theater,84874,AMC Screen Unseen: September 14,amc-kent-station-14,AMC Kent Station 14,1,special_event,catalog,high,mystery_screening,fan_event,source_film_id,2026-09-14,2026-09-14,2026-09-14,1,1,2,2,confirmed_complete,Monday,False,2026-09-02,True,2026-09-14,2026-09-14,1,2,1.0,0,False,False,0,0,2026-09-18,True,True
film_theater,84874,AMC Screen Unseen: September 14,amc-oak-tree-6,AMC Oak Tree 6,1,special_event,catalog,high,mystery_screening,fan_event,source_film_id,2026-09-14,2026-09-14,2026-09-14,1,1,1,1,confirmed_complete,Monday,False,2026-09-02,True,2026-09-14,2026-09-14,1,1,1.0,0,False,False,0,0,2026-09-18,True,True
film_theater,84874,AMC Screen Unseen: September 14,amc-pacific-place-11,AMC Pacific Place 11,1,special_event,catalog,high,mystery_screening,fan_event,source_film_id,2026-09-14,2026-09-14,2026-09-14,1,1,1,1,confirmed_complete,Monday,False,2026-09-02,True,2026-09-14,2026-09-14,1,1,1.0,0,False,False,0,0,2026-09-18,True,True
film_theater,84874,AMC Screen Unseen: September 14,amc-southcenter-16,AMC Southcenter 16,1,special_event,catalog,high,mystery_screening,fan_event,source_film_id,2026-09-14,2026-09-14,2026-09-14,1,1,1,1,confirmed_complete,Monday,False,2026-09-02,True,2026-09-14,2026-09-14,1,1,1.0,0,False,False,0,0,2026-09-18,True,True
film_theater,84874,AMC Screen Unseen: September 14,amc-woodinville-12,AMC Woodinville 12,1,special_event,catalog,high,mystery_screening,fan_event,source_film_id,2026-09-14,2026-09-14,2026-09-14,1,1,1,1,confirmed_complete,Monday,False,2026-09-02,True,2026-09-14,2026-09-14,1,1,1.0,0,False,False,0,1,2026-09-18,True,True
film_theater,84931,AMC Screen Unseen: September 21,amc-alderwood-mall-16,AMC Alderwood Mall 16,1,special_event,catalog,high,mystery_screening,fan_event,source_film_id,2026-09-21,2026-09-21,2026-09-21,1,1,1,1,confirmed_complete,Monday,False,2026-09-09,True,2026-09-21,2026-09-21,1,1,1.0,0,False,False,0,0,2026-09-25,True,True
film_theater,84931,AMC Screen Unseen: September 21,amc-factoria-8,AMC Factoria 8,1,special_event,catalog,high,mystery_screening,fan_event,source_film_id,2026-09-21,2026-09-21,2026-09-21,1,1,1,1,confirmed_complete,Monday,False,2026-09-09,True,2026-09-21,2026-09-21,1,1,1.0,0,False,False,0,0,2026-09-25,True,True
film_theater,84931,AMC Screen Unseen: September 21,amc-kent-station-14,AMC Kent Station 14,1,special_event,catalog,high,mystery_screening,fan_event,source_film_id,2026-09-21,2026-09-21,2026-09-21,1,1,2,2,confirmed_complete,Monday,False,2026-09-09,True,2026-09-21,2026-09-21,1,2,1.0,0,False,False,0,0,2026-09-25,True,True
film_theater,84931,AMC Screen Unseen: September 21,amc-oak-tree-6,AMC Oak Tree 6,1,special_event,catalog,high,mystery_screening,fan_event,source_film_id,2026-09-21,2026-09-21,2026-09-21,1,1,1,1,confirmed_complete,Monday,False,2026-09-09,True,2026-09-21,2026-09-21,1,1,1.0,0,False,False,0,0,2026-09-25,True,True
film_theater,84931,AMC Screen Unseen: September 21,amc-pacific-place-11,AMC Pacific Place 11,1,special_event,catalog,high,mystery_screening,fan_event,source_film_id,2026-09-21,2026-09-21,2026-09-21,1,1,1,1,confirmed_complete,Monday,False,2026-09-09,True,2026-09-21,2026-09-21,1,1,1.0,0,False,False,0,0,2026-09-25,True,True
film_theater,84931,AMC Screen Unseen: September 21,amc-southcenter-16,AMC Southcenter 16,1,special_event,catalog,high,mystery_screening,fan_event,source_film_id,2026-09-21,2026-09-21,2026-09-21,1,1,1,1,confirmed_complete,Monday,False,2026-09-09,True,2026-09-21,2026-09-21,1,1,1.0,0,False,False,0,0,2026-09-25,True,True
film_theater,84931,AMC Screen Unseen: September 21,amc-woodinville-12,AMC Woodinville 12,1,special_event,catalog,high,mystery_screening,fan_event,source_film_id,2026-09-21,2026-09-21,2026-09-21,1,1,1,1,confirmed_complete,Monday,False,2026-09-09,True,2026-09-21,2026-09-21,1,1,1.0,0,False,False,0,0,2026-09-25,True,True
film_theater,84803,AMC Screen Unseen: September 7,amc-alderwood-mall-16,AMC Alderwood Mall 16,1,special_event,catalog,high,mystery_screening,fan_event,source_film_id,2026-09-07,2026-09-07,2026-09-07,1,1,1,1,confirmed_complete,Monday,False,2026-08-27,True,2026-09-07,2026-09-07,1,1,1.0,0,False,False,0,0,2026-09-11,True,True
film_theater,84803,AMC Screen Unseen: September 7,amc-factoria-8,AMC Factoria 8,1,special_event,catalog,high,mystery_screening,fan_event,source_film_id,2026-09-07,2026-09-07,2026-09-07,1,1,1,1,confirmed_complete,Monday,False,2026-08-27,True,2026-09-07,2026-09-07,1,1,1.0,0,False,False,0,0,2026-09-11,True,True
film_theater,84803,AMC Screen Unseen: September 7,amc-kent-station-14,AMC Kent Station 14,1,special_event,catalog,high,mystery_screening,fan_event,source_film_id,2026-09-07,2026-09-07,2026-09-07,1,1,2,2,confirmed_complete,Monday,False,2026-08-27,True,2026-09-07,2026-09-07,1,2,1.0,0,False,False,0,0,2026-09-11,True,True
film_theater,84803,AMC Screen Unseen: September 7,amc-oak-tree-6,AMC Oak Tree 6,1,special_event,catalog,high,mystery_screening,fan_event,source_film_id,2026-09-07,2026-09-07,2026-09-07,1,1,1,1,confirmed_complete,Monday,False,2026-08-27,True,2026-09-07,2026-09-07,1,1,1.0,0,False,False,0,0,2026-09-11,True,True
film_theater,84803,AMC Screen Unseen: September 7,amc-pacific-place-11,AMC Pacific Place 11,1,special_event,catalog,high,mystery_screening,fan_event,source_film_id,2026-09-07,2026-09-07,2026-09-07,1,1,1,1,confirmed_complete,Monday,False,2026-08-27,True,2026-09-07,2026-09-07,1,1,1.0,0,False,False,0,0,2026-09-11,True,True
film_theater,84803,AMC Screen Unseen: September 7,amc-southcenter-16,AMC Southcenter 16,1,special_event,catalog,high,mystery_screening,fan_event,source_film_id,2026-09-07,2026-09-07,2026-09-07,1,1,1,1,confirmed_complete,Monday,False,2026-08-27,True,2026-09-07,2026-09-07,1,1,1.0,0,False,False,0,0,2026-09-11,True,True
film_theater,84803,AMC Screen Unseen: September 7,amc-woodinville-12,AMC Woodinville 12,1,special_event,catalog,high,mystery_screening,fan_event,source_film_id,2026-09-07,2026-09-07,2026-09-07,1,1,2,2,confirmed_complete,Monday,False,2026-08-27,True,2026-09-07,2026-09-07,1,1,0.5,0,False,False,0,0,2026-09-11,True,True
film_theater,84292,American Martyr: The Stanley Rother Story,amc-alderwood-mall-16,AMC Alderwood Mall 16,1,special_event,catalog,high,concert_or_event,normal_first_run,source_film_id,2026-08-25,2026-08-27,2026-08-27,3,3,3,3,confirmed_complete,Thursday,False,2026-08-11,True,2026-08-25,2026-08-25,1,1,0.3333,2,True,False,2,0,2026-08-28,True,True
film_theater,84292,American Martyr: The Stanley Rother Story,amc-kent-station-14,AMC Kent Station 14,1,special_event,catalog,high,concert_or_event,normal_first_run,source_film_id,2026-08-25,2026-08-27,2026-08-27,3,3,3,3,confirmed_complete,Thursday,False,2026-08-11,True,2026-08-25,2026-08-25,1,1,0.3333,2,True,False,2,0,2026-08-28,True,True
film_theater,84292,American Martyr: The Stanley Rother Story,amc-southcenter-16,AMC Southcenter 16,1,special_event,catalog,high,concert_or_event,normal_first_run,source_film_id,2026-08-25,2026-08-27,2026-08-27,3,3,3,3,confirmed_complete,Thursday,False,2026-08-11,True,2026-08-25,2026-08-25,1,1,0.3333,2,True,False,2,0,2026-08-28,True,True
film_theater,84292,American Martyr: The Stanley Rother Story,amc-woodinville-12,AMC Woodinville 12,1,special_event,catalog,high,concert_or_event,normal_first_run,source_film_id,2026-08-25,2026-08-27,2026-08-27,3,3,3,3,confirmed_complete,Thursday,False,2026-08-11,True,2026-08-25,2026-08-25,1,1,0.3333,2,True,False,2,0,2026-08-28,True,True
film_theater,84715,Amok Time + Star Trek III: The Search for Spock 60th Anniversary Event,amc-alderwood-mall-16,AMC Alderwood Mall 16,1,rerelease,catalog,high,anniversary_or_rerelease,anniversary_re_release,source_film_id,2026-09-06,2026-09-06,2026-09-06,1,1,1,1,confirmed_complete,Sunday,False,2026-08-23,True,2026-09-06,2026-09-06,1,1,1.0,0,False,False,0,0,2026-09-11,True,True
film_theater,84715,Amok Time + Star Trek III: The Search for Spock 60th Anniversary Event,amc-southcenter-16,AMC Southcenter 16,1,rerelease,catalog,high,anniversary_or_rerelease,anniversary_re_release,source_film_id,2026-09-06,2026-09-06,2026-09-06,1,1,1,1,confirmed_complete,Sunday,False,2026-08-23,True,2026-09-06,2026-09-06,1,1,1.0,0,False,False,0,0,2026-09-11,True,True
film_theater,83662,Argentina vs Cabo Verde - Telemundo presenta la Copa Mundial de la FIFA 2026,amc-alderwood-mall-16,AMC Alderwood Mall 16,1,special_event_title_only,title_only,low,unknown,concert_live_encore,source_film_id,2026-07-03,2026-07-03,2026-07-03,1,1,1,1,confirmed_complete,Friday,True,2026-06-29,False,2026-07-03,2026-07-03,1,1,,,,,0,0,2026-07-10,True,True
film_theater,83662,Argentina vs Cabo Verde - Telemundo presenta la Copa Mundial de la FIFA 2026,amc-southcenter-16,AMC Southcenter 16,1,special_event_title_only,title_only,low,unknown,concert_live_encore,source_film_id,2026-07-03,2026-07-03,2026-07-03,1,1,1,1,confirmed_complete,Friday,True,2026-06-29,False,2026-07-03,2026-07-03,1,1,,,,,0,0,2026-07-10,True,True
film_theater,83670,Argentina vs Egipto - Octavos de Final - Telemundo presenta la Copa Mundial de la FIFA 2026,amc-southcenter-16,AMC Southcenter 16,1,special_event_title_only,title_only,low,unknown,concert_live_encore,source_film_id,2026-07-07,2026-07-07,2026-07-07,1,1,1,1,confirmed_complete,Tuesday,True,2026-06-29,False,2026-07-07,2026-07-07,1,1,,,,,0,0,2026-07-10,True,True
film_theater,83675,Argentina vs Suiza - Cuartos de Final - Telemundo presenta la Copa Mundial de la FIFA 2026,amc-southcenter-16,AMC Southcenter 16,1,special_event_title_only,title_only,low,unknown,concert_live_encore,source_film_id,2026-07-11,2026-07-11,2026-07-11,1,1,1,1,confirmed_complete,Saturday,True,2026-06-29,False,2026-07-11,2026-07-11,1,1,,,,,0,0,2026-07-17,True,True
film_theater,84089,Ateez: Light the Way in Cinemas,amc-alderwood-mall-16,AMC Alderwood Mall 16,1,special_event,catalog,high,concert_or_event,normal_first_run,source_film_id,2026-08-06,2026-08-08,2026-08-08,3,2,4,4,confirmed_complete,Saturday,False,2026-07-23,True,2026-08-06,2026-08-06,1,2,0.5,2,True,False,1,0,2026-08-14,True,True
film_theater,84089,Ateez: Light the Way in Cinemas,amc-southcenter-16,AMC Southcenter 16,1,special_event,catalog,high,concert_or_event,normal_first_run,source_film_id,2026-08-06,2026-08-08,2026-08-08,3,2,4,4,confirmed_complete,Saturday,False,2026-07-23,True,2026-08-06,2026-08-06,1,2,0.5,2,True,False,1,0,2026-08-14,True,True
film_theater,83661,Australia vs Egipto - Telemundo presenta la Copa Mundial de la FIFA 2026,amc-southcenter-16,AMC Southcenter 16,1,special_event_title_only,title_only,low,unknown,concert_live_encore,source_film_id,2026-07-03,2026-07-03,2026-07-03,1,1,1,1,confirmed_complete,Friday,True,2026-06-29,False,2026-07-03,2026-07-03,1,1,,,,,0,0,2026-07-10,True,True
film_theater,title:backrooms,Backrooms,amc-alderwood-mall-16,AMC Alderwood Mall 16,1,ordinary_title_only,title_only,low,unknown,normal_first_run,title_fallback,2026-06-29,2026-06-30,2026-06-30,2,2,10,10,confirmed_complete,Tuesday,True,2026-06-29,False,2026-06-29,2026-06-30,2,10,,,,,0,0,2026-07-03,True,True
film_theater,83009,Backrooms,amc-alderwood-mall-16,AMC Alderwood Mall 16,1,ordinary_title_only,title_only,low,unknown,normal_first_run,source_film_id,2026-07-01,2026-07-02,2026-07-02,2,2,4,4,confirmed_complete,Thursday,True,2026-06-29,False,2026-07-01,2026-07-01,1,2,,,,,0,0,2026-07-03,True,True
film_theater,title:backrooms,Backrooms,amc-factoria-8,AMC Factoria 8,1,ordinary_title_only,title_only,low,unknown,normal_first_run,title_fallback,2026-06-29,2026-06-30,2026-06-30,2,2,2,2,confirmed_complete,Tuesday,True,2026-06-29,False,2026-06-29,2026-06-30,2,2,,,,,0,0,2026-07-03,True,True
film_theater,title:backrooms,Backrooms,amc-kent-station-14,AMC Kent Station 14,1,ordinary_title_only,title_only,low,unknown,normal_first_run,title_fallback,2026-06-29,2026-06-30,2026-06-30,2,2,9,9,confirmed_complete,Tuesday,True,2026-06-29,False,2026-06-29,2026-06-30,2,9,,,,,0,0,2026-07-03,True,True
film_theater,83009,Backrooms,amc-kent-station-14,AMC Kent Station 14,1,ordinary_title_only,title_only,low,unknown,normal_first_run,source_film_id,2026-07-01,2026-07-02,2026-07-02,2,2,8,8,confirmed_complete,Thursday,True,2026-06-29,False,2026-07-01,2026-07-01,1,4,,,,,0,0,2026-07-03,True,True
film_theater,title:backrooms,Backrooms,amc-pacific-place-11,AMC Pacific Place 11,1,ordinary_title_only,title_only,low,unknown,normal_first_run,title_fallback,2026-06-29,2026-07-01,2026-07-01,3,3,5,5,confirmed_complete,Wednesday,True,2026-06-29,False,2026-06-29,2026-07-01,3,4,,,,,0,0,2026-07-03,True,True
film_theater,83009,Backrooms,amc-pacific-place-11,AMC Pacific Place 11,1,ordinary_title_only,title_only,low,unknown,normal_first_run,source_film_id,2026-07-01,2026-07-02,2026-07-02,2,2,4,4,confirmed_complete,Thursday,True,2026-06-29,False,2026-07-01,2026-07-01,1,2,,,,,0,0,2026-07-03,True,True
film_theater,title:backrooms,Backrooms,amc-southcenter-16,AMC Southcenter 16,1,ordinary_title_only,title_only,low,unknown,normal_first_run,title_fallback,2026-06-29,2026-06-30,2026-06-30,2,2,8,8,confirmed_complete,Tuesday,True,2026-06-29,False,2026-06-29,2026-06-30,2,8,,,,,0,0,2026-07-03,True,True
film_theater,83009,Backrooms,amc-southcenter-16,AMC Southcenter 16,1,ordinary_title_only,title_only,low,unknown,normal_first_run,source_film_id,2026-07-01,2026-07-02,2026-07-02,2,2,8,8,confirmed_complete,Thursday,True,2026-06-29,False,2026-07-01,2026-07-01,1,3,,,,,0,0,2026-07-03,True,True
film_theater,title:backrooms,Backrooms,amc-woodinville-12,AMC Woodinville 12,1,ordinary_title_only,title_only,low,unknown,normal_first_run,title_fallback,2026-06-29,2026-06-30,2026-06-30,2,2,10,10,confirmed_complete,Tuesday,True,2026-06-29,False,2026-06-29,2026-06-30,2,10,,,,,0,0,2026-07-03,True,True
film_theater,83009,Backrooms,amc-woodinville-12,AMC Woodinville 12,1,ordinary_title_only,title_only,low,unknown,normal_first_run,source_film_id,2026-07-01,2026-07-02,2026-07-02,2,2,10,10,confirmed_complete,Thursday,True,2026-06-29,False,2026-07-01,2026-07-01,1,4,,,,,0,0,2026-07-03,True,True
film_theater,84307,Backrooms: Everything Must Go Edition w/ Bonus Footage,amc-alderwood-mall-16,AMC Alderwood Mall 16,1,ordinary,catalog,high,standard,normal_first_run,source_film_id,2026-07-03,2026-07-29,2026-07-29,27,27,78,78,confirmed_complete,Wednesday,False,2026-07-01,True,2026-07-03,2026-07-08,6,22,0.2821,21,True,False,21,0,2026-07-31,True,True
film_theater,84307,Backrooms: Everything Must Go Edition w/ Bonus Footage,amc-factoria-8,AMC Factoria 8,1,ordinary,catalog,high,standard,normal_first_run,source_film_id,2026-07-03,2026-07-09,2026-07-09,7,7,7,7,confirmed_complete,Thursday,False,2026-06-30,True,2026-07-03,2026-07-08,6,6,0.8571,1,True,False,1,0,2026-07-10,True,True
film_theater,84307,Backrooms: Everything Must Go Edition w/ Bonus Footage,amc-kent-station-14,AMC Kent Station 14,1,ordinary,catalog,high,standard,normal_first_run,source_film_id,2026-07-03,2026-07-16,2026-07-16,14,14,28,28,confirmed_complete,Thursday,False,2026-06-30,True,2026-07-03,2026-07-08,6,19,0.6786,8,True,False,8,0,2026-07-17,True,True
film_theater,84307,Backrooms: Everything Must Go Edition w/ Bonus Footage,amc-pacific-place-11,AMC Pacific Place 11,1,ordinary,catalog,high,standard,normal_first_run,source_film_id,2026-07-03,2026-07-23,2026-07-23,21,21,34,34,confirmed_complete,Thursday,False,2026-06-30,True,2026-07-03,2026-07-03,1,2,0.0588,20,True,False,20,0,2026-07-24,True,True
film_theater,84307,Backrooms: Everything Must Go Edition w/ Bonus Footage,amc-southcenter-16,AMC Southcenter 16,1,ordinary,catalog,high,standard,normal_first_run,source_film_id,2026-07-03,2026-07-29,2026-07-29,27,27,92,92,confirmed_complete,Wednesday,False,2026-07-01,True,2026-07-03,2026-07-08,6,23,0.25,21,True,False,21,0,2026-07-31,True,True
film_theater,84307,Backrooms: Everything Must Go Edition w/ Bonus Footage,amc-woodinville-12,AMC Woodinville 12,1,ordinary,catalog,high,standard,normal_first_run,source_film_id,2026-07-03,2026-07-23,2026-07-23,21,21,56,56,confirmed_complete,Thursday,False,2026-06-30,True,2026-07-03,2026-07-08,6,33,0.5893,15,True,False,15,0,2026-07-24,True,True
film_theater,83921,Bad Counselors,amc-alderwood-mall-16,AMC Alderwood Mall 16,1,special_event,catalog,high,concert_or_event,normal_first_run,source_film_id,2026-07-23,2026-07-27,2026-07-27,5,5,5,5,confirmed_complete,Monday,False,2026-07-09,True,2026-07-23,2026-07-23,1,1,0.2,4,True,False,4,0,2026-07-31,True,True
film_theater,83921,Bad Counselors,amc-kent-station-14,AMC Kent Station 14,1,special_event,catalog,high,concert_or_event,normal_first_run,source_film_id,2026-07-23,2026-07-27,2026-07-27,5,5,5,5,confirmed_complete,Monday,False,2026-07-09,True,2026-07-23,2026-07-23,1,1,0.2,4,True,False,4,0,2026-07-31,True,True
film_theater,83921,Bad Counselors,amc-southcenter-16,AMC Southcenter 16,1,special_event,catalog,high,concert_or_event,normal_first_run,source_film_id,2026-07-23,2026-07-27,2026-07-27,5,5,5,5,confirmed_complete,Monday,False,2026-07-09,True,2026-07-23,2026-07-23,1,1,0.2,4,True,False,4,0,2026-07-31,True,True
film_theater,83921,Bad Counselors,amc-woodinville-12,AMC Woodinville 12,1,special_event,catalog,high,concert_or_event,normal_first_run,source_film_id,2026-07-23,2026-07-27,2026-07-27,5,5,5,5,confirmed_complete,Monday,False,2026-07-09,True,2026-07-23,2026-07-23,1,1,0.2,4,True,False,4,0,2026-07-31,True,True
film_theater,84559,Batman (1989),amc-alderwood-mall-16,AMC Alderwood Mall 16,1,ordinary,catalog,high,standard,normal_first_run,source_film_id,2026-09-18,2026-09-19,2026-09-19,2,2,2,2,confirmed_complete,Saturday,False,2026-09-03,True,2026-09-18,2026-09-19,2,2,1.0,0,False,False,0,0,2026-09-25,True,True
film_theater,84559,Batman (1989),amc-kent-station-14,AMC Kent Station 14,1,ordinary,catalog,high,standard,normal_first_run,source_film_id,2026-09-18,2026-09-19,2026-09-19,2,2,2,2,confirmed_complete,Saturday,False,2026-09-03,True,2026-09-18,2026-09-19,2,2,1.0,0,False,False,0,0,2026-09-25,True,True
film_theater,84559,Batman (1989),amc-southcenter-16,AMC Southcenter 16,1,ordinary,catalog,high,standard,normal_first_run,source_film_id,2026-09-18,2026-09-19,2026-09-19,2,2,2,2,confirmed_complete,Saturday,False,2026-09-03,True,2026-09-18,2026-09-19,2,2,1.0,0,False,False,0,0,2026-09-25,True,True
film_theater,84559,Batman (1989),amc-woodinville-12,AMC Woodinville 12,1,ordinary,catalog,high,standard,normal_first_run,source_film_id,2026-09-18,2026-09-19,2026-09-19,2,2,2,2,confirmed_complete,Saturday,False,2026-09-03,True,2026-09-18,2026-09-19,2,2,1.0,0,False,False,0,0,2026-09-25,True,True
film_theater,84560,Batman: Mask of the Phantasm (2026BD),amc-alderwood-mall-16,AMC Alderwood Mall 16,1,ordinary,catalog,high,standard,normal_first_run,source_film_id,2026-09-19,2026-09-19,2026-09-19,1,1,1,1,confirmed_complete,Saturday,False,2026-09-03,True,2026-09-19,2026-09-19,1,1,1.0,0,False,False,0,0,2026-09-25,True,True
film_theater,84560,Batman: Mask of the Phantasm (2026BD),amc-kent-station-14,AMC Kent Station 14,1,ordinary,catalog,high,standard,normal_first_run,source_film_id,2026-09-19,2026-09-19,2026-09-19,1,1,2,2,confirmed_complete,Saturday,False,2026-09-03,True,2026-09-19,2026-09-19,1,1,0.5,0,False,False,0,0,2026-09-25,True,True
film_theater,84560,Batman: Mask of the Phantasm (2026BD),amc-southcenter-16,AMC Southcenter 16,1,ordinary,catalog,high,standard,normal_first_run,source_film_id,2026-09-19,2026-09-19,2026-09-19,1,1,1,1,confirmed_complete,Saturday,False,2026-09-03,True,2026-09-19,2026-09-19,1,1,1.0,0,False,False,0,0,2026-09-25,True,True
film_theater,84560,Batman: Mask of the Phantasm (2026BD),amc-woodinville-12,AMC Woodinville 12,1,ordinary,catalog,high,standard,normal_first_run,source_film_id,2026-09-19,2026-09-19,2026-09-19,1,1,1,1,confirmed_complete,Saturday,False,2026-09-03,True,2026-09-19,2026-09-19,1,1,1.0,0,False,False,0,0,2026-09-25,True,True
film_theater,83794,Beyond Belief,amc-southcenter-16,AMC Southcenter 16,1,ordinary,catalog,high,standard,normal_first_run,source_film_id,2026-08-27,2026-09-02,2026-09-02,7,7,16,16,confirmed_complete,Wednesday,False,2026-08-25,True,2026-08-27,2026-08-29,3,5,0.3125,4,True,False,4,0,2026-09-04,True,True
film_theater,title:bleach-thousand-year-blood-war-the-calamity,Bleach: Thousand-Year Blood War - The Calamity,amc-alderwood-mall-16,AMC Alderwood Mall 16,1,ordinary_title_only,title_only,low,unknown,normal_first_run,title_fallback,2026-06-29,2026-06-30,2026-06-30,2,2,4,4,confirmed_complete,Tuesday,True,2026-06-29,False,2026-06-29,2026-06-30,2,4,,,,,0,0,2026-07-03,True,True
film_theater,83858,Bleach: Thousand-Year Blood War - The Calamity,amc-alderwood-mall-16,AMC Alderwood Mall 16,1,ordinary_title_only,title_only,low,unknown,normal_first_run,source_film_id,2026-07-01,2026-07-09,2026-07-09,9,9,18,18,confirmed_complete,Thursday,True,2026-06-29,False,2026-07-01,2026-07-01,1,3,,,,,0,0,2026-07-10,True,True
film_theater,title:bleach-thousand-year-blood-war-the-calamity,Bleach: Thousand-Year Blood War - The Calamity,amc-kent-station-14,AMC Kent Station 14,1,ordinary_title_only,title_only,low,unknown,normal_first_run,title_fallback,2026-06-29,2026-06-30,2026-06-30,2,2,6,6,confirmed_complete,Tuesday,True,2026-06-29,False,2026-06-29,2026-06-30,2,6,,,,,0,0,2026-07-03,True,True
film_theater,83858,Bleach: Thousand-Year Blood War - The Calamity,amc-kent-station-14,AMC Kent Station 14,1,ordinary_title_only,title_only,low,unknown,normal_first_run,source_film_id,2026-07-01,2026-07-09,2026-07-09,9,9,17,17,confirmed_complete,Thursday,True,2026-06-29,False,2026-07-01,2026-07-02,2,2,,,,,0,0,2026-07-10,True,True
film_theater,title:bleach-thousand-year-blood-war-the-calamity,Bleach: Thousand-Year Blood War - The Calamity,amc-southcenter-16,AMC Southcenter 16,1,ordinary_title_only,title_only,low,unknown,normal_first_run,title_fallback,2026-06-29,2026-07-01,2026-07-01,3,3,9,9,confirmed_complete,Wednesday,True,2026-06-29,False,2026-06-29,2026-07-01,3,9,,,,,0,0,2026-07-03,True,True
film_theater,83858,Bleach: Thousand-Year Blood War - The Calamity,amc-southcenter-16,AMC Southcenter 16,1,ordinary_title_only,title_only,low,unknown,normal_first_run,source_film_id,2026-07-01,2026-07-09,2026-07-09,9,9,29,29,confirmed_complete,Thursday,False,2026-07-01,False,2026-07-01,2026-07-08,8,28,,,,,0,0,2026-07-10,True,True
film_theater,84548,Boyhood 12th Anniversary,amc-alderwood-mall-16,AMC Alderwood Mall 16,1,rerelease,catalog,high,anniversary_or_rerelease,anniversary_re_release,source_film_id,2026-08-04,2026-08-04,2026-08-04,1,1,1,1,confirmed_complete,Tuesday,False,2026-07-22,True,2026-08-04,2026-08-04,1,1,1.0,0,False,False,0,0,2026-08-07,True,True
film_theater,title:brasil-v-jap-n-telemundo-presenta-la-copa-mundial-de-la-fifa-2026,Brasil v Japón - Telemundo presenta la Copa Mundial de la FIFA 2026,amc-southcenter-16,AMC Southcenter 16,1,special_event_title_only,title_only,low,unknown,concert_live_encore,title_fallback,2026-06-29,2026-06-29,2026-06-29,1,1,1,1,confirmed_complete,Monday,True,2026-06-29,False,2026-06-29,2026-06-29,1,1,,,,,0,0,2026-07-03,True,True
film_theater,83665,Brasil vs Noruega - Octavos de Final - Telemundo presenta la Copa Mundial de la FIFA 2026,amc-alderwood-mall-16,AMC Alderwood Mall 16,1,special_event_title_only,title_only,low,unknown,concert_live_encore,source_film_id,2026-07-05,2026-07-05,2026-07-05,1,1,1,1,confirmed_complete,Sunday,True,2026-06-29,False,2026-07-05,2026-07-05,1,1,,,,,0,0,2026-07-10,True,True
film_theater,83665,Brasil vs Noruega - Octavos de Final - Telemundo presenta la Copa Mundial de la FIFA 2026,amc-southcenter-16,AMC Southcenter 16,1,special_event_title_only,title_only,low,unknown,concert_live_encore,source_film_id,2026-07-05,2026-07-05,2026-07-05,1,1,1,1,confirmed_complete,Sunday,True,2026-06-29,False,2026-07-05,2026-07-05,1,1,,,,,0,0,2026-07-10,True,True
film_theater,83749,Buddy,amc-factoria-8,AMC Factoria 8,1,ordinary,catalog,high,standard,normal_first_run,source_film_id,2026-09-03,2026-09-16,2026-09-16,14,14,50,50,confirmed_complete,Wednesday,False,2026-09-01,True,2026-09-03,2026-09-09,7,29,0.58,7,True,False,7,0,2026-09-18,True,True
film_theater,83749,Buddy,amc-kent-station-14,AMC Kent Station 14,1,ordinary,catalog,high,standard,normal_first_run,source_film_id,2026-08-27,2026-09-24,2026-09-24,29,29,82,82,confirmed_complete,Thursday,False,2026-08-25,True,2026-08-27,2026-09-02,7,10,0.122,22,True,False,22,0,2026-09-25,True,True
film_theater,83749,Buddy,amc-oak-tree-6,AMC Oak Tree 6,1,ordinary,catalog,high,standard,normal_first_run,source_film_id,2026-09-03,2026-09-16,2026-09-16,14,14,30,30,confirmed_complete,Wednesday,False,2026-09-01,True,2026-09-03,2026-09-09,7,22,0.7333,7,True,False,7,0,2026-09-18,True,True
film_theater,83749,Buddy,amc-pacific-place-11,AMC Pacific Place 11,1,ordinary,catalog,high,standard,normal_first_run,source_film_id,2026-09-03,2026-09-24,2026-09-24,22,22,27,27,confirmed_complete,Thursday,False,2026-09-01,True,2026-09-03,2026-09-04,2,3,0.1111,20,True,False,20,0,2026-09-25,True,True
film_theater,83749,Buddy,amc-southcenter-16,AMC Southcenter 16,1,ordinary,catalog,high,standard,normal_first_run,source_film_id,2026-08-27,2026-09-23,2026-09-23,28,28,76,76,confirmed_complete,Wednesday,False,2026-08-25,True,2026-08-28,2026-08-29,2,4,0.0526,25,True,False,26,0,2026-09-25,True,True
film_theater,83749,Buddy,amc-woodinville-12,AMC Woodinville 12,1,ordinary,catalog,high,standard,normal_first_run,source_film_id,2026-08-27,2026-09-23,2026-09-23,28,27,53,53,confirmed_complete,Wednesday,False,2026-08-26,True,2026-08-27,2026-09-02,7,7,0.1321,21,True,False,20,0,2026-09-25,True,True
film_theater,82711,By Any Means,amc-alderwood-mall-16,AMC Alderwood Mall 16,1,ordinary,catalog,high,standard,normal_first_run,source_film_id,2026-09-03,2026-09-17,2026-09-17,15,15,66,66,confirmed_complete,Thursday,False,2026-08-20,True,2026-09-03,2026-09-03,1,4,0.0606,14,True,False,14,0,2026-09-18,True,True
film_theater,82711,By Any Means,amc-factoria-8,AMC Factoria 8,1,ordinary,catalog,high,standard,normal_first_run,source_film_id,2026-09-03,2026-09-16,2026-09-16,14,14,62,62,confirmed_complete,Wednesday,False,2026-08-20,True,2026-09-03,2026-09-03,1,4,0.0645,13,True,False,13,0,2026-09-18,True,True
film_theater,82711,By Any Means,amc-kent-station-14,AMC Kent Station 14,1,ordinary,catalog,high,standard,normal_first_run,source_film_id,2026-09-03,2026-09-24,2026-09-24,22,22,65,65,confirmed_complete,Thursday,False,2026-08-20,True,2026-09-03,2026-09-03,1,3,0.0462,21,True,False,21,0,2026-09-25,True,True
film_theater,82711,By Any Means,amc-oak-tree-6,AMC Oak Tree 6,1,ordinary,catalog,high,standard,normal_first_run,source_film_id,2026-09-03,2026-09-16,2026-09-16,14,14,57,57,confirmed_complete,Wednesday,False,2026-08-30,True,2026-09-03,2026-09-09,7,20,0.3509,7,True,False,7,0,2026-09-18,True,True
film_theater,82711,By Any Means,amc-pacific-place-11,AMC Pacific Place 11,1,ordinary,catalog,high,standard,normal_first_run,source_film_id,2026-09-03,2026-09-17,2026-09-17,15,15,52,52,confirmed_complete,Thursday,False,2026-08-20,True,2026-09-03,2026-09-03,1,4,0.0769,14,True,False,14,0,2026-09-18,True,True
film_theater,82711,By Any Means,amc-southcenter-16,AMC Southcenter 16,1,ordinary,catalog,high,standard,normal_first_run,source_film_id,2026-09-03,2026-09-16,2026-09-16,14,14,63,63,confirmed_complete,Wednesday,False,2026-08-20,True,2026-09-03,2026-09-03,1,4,0.0635,13,True,False,13,1,2026-09-18,True,True
film_theater,82711,By Any Means,amc-woodinville-12,AMC Woodinville 12,1,ordinary,catalog,high,standard,normal_first_run,source_film_id,2026-09-03,2026-09-23,2026-09-23,21,21,64,64,confirmed_complete,Wednesday,False,2026-08-20,True,2026-09-03,2026-09-03,1,4,0.0625,20,True,False,20,0,2026-09-25,True,True
film_theater,title:b-lgica-vs-senegal-telemundo-presenta-la-copa-mundial-de-la-fifa-2026,Bélgica vs Senegal - Telemundo presenta la Copa Mundial de la FIFA 2026,amc-alderwood-mall-16,AMC Alderwood Mall 16,1,special_event_title_only,title_only,low,unknown,concert_live_encore,title_fallback,2026-07-01,2026-07-01,2026-07-01,1,1,1,1,confirmed_complete,Wednesday,True,2026-06-29,False,2026-07-01,2026-07-01,1,1,,,,,0,0,2026-07-03,True,True
film_theater,title:b-lgica-vs-senegal-telemundo-presenta-la-copa-mundial-de-la-fifa-2026,Bélgica vs Senegal - Telemundo presenta la Copa Mundial de la FIFA 2026,amc-southcenter-16,AMC Southcenter 16,1,special_event_title_only,title_only,low,unknown,concert_live_encore,title_fallback,2026-07-01,2026-07-01,2026-07-01,1,1,1,1,confirmed_complete,Wednesday,True,2026-06-29,False,2026-07-01,2026-07-01,1,1,,,,,0,0,2026-07-03,True,True
film_theater,84149,Cars: 20th Anniversary,amc-alderwood-mall-16,AMC Alderwood Mall 16,1,rerelease,catalog,high,anniversary_or_rerelease,anniversary_re_release,source_film_id,2026-09-03,2026-09-17,2026-09-17,15,15,38,38,confirmed_complete,Thursday,False,2026-08-25,True,2026-09-03,2026-09-08,6,13,0.3421,9,True,False,9,0,2026-09-18,True,True
film_theater,84149,Cars: 20th Anniversary,amc-kent-station-14,AMC Kent Station 14,1,rerelease,catalog,high,anniversary_or_rerelease,anniversary_re_release,source_film_id,2026-09-03,2026-09-17,2026-09-17,15,15,43,43,confirmed_complete,Thursday,False,2026-09-01,True,2026-09-03,2026-09-09,7,23,0.5349,8,True,False,8,0,2026-09-18,True,True
film_theater,84149,Cars: 20th Anniversary,amc-southcenter-16,AMC Southcenter 16,1,rerelease,catalog,high,anniversary_or_rerelease,anniversary_re_release,source_film_id,2026-09-03,2026-09-16,2026-09-16,14,14,31,31,confirmed_complete,Wednesday,False,2026-08-25,True,2026-09-03,2026-09-08,6,15,0.4839,8,True,False,8,0,2026-09-18,True,True
film_theater,84149,Cars: 20th Anniversary,amc-woodinville-12,AMC Woodinville 12,1,rerelease,catalog,high,anniversary_or_rerelease,anniversary_re_release,source_film_id,2026-09-03,2026-09-17,2026-09-17,15,15,15,15,confirmed_complete,Thursday,False,2026-09-01,True,2026-09-03,2026-09-09,7,7,0.4667,8,True,False,8,0,2026-09-18,True,True
film_theater,83589,Castle in the Sky 40th Anniversary - Studio Ghibli Fest 2026,amc-alderwood-mall-16,AMC Alderwood Mall 16,1,rerelease,catalog,high,anniversary_or_rerelease,anniversary_re_release,source_film_id,2026-08-22,2026-08-26,2026-08-26,5,5,6,6,confirmed_complete,Wednesday,False,2026-08-08,True,2026-08-22,2026-08-22,1,1,0.1667,4,True,False,4,0,2026-08-28,True,True
film_theater,83589,Castle in the Sky 40th Anniversary - Studio Ghibli Fest 2026,amc-kent-station-14,AMC Kent Station 14,1,rerelease,catalog,high,anniversary_or_rerelease,anniversary_re_release,source_film_id,2026-08-22,2026-08-26,2026-08-26,5,5,6,6,confirmed_complete,Wednesday,False,2026-08-08,True,2026-08-22,2026-08-22,1,1,0.1667,4,True,False,4,0,2026-08-28,True,True
film_theater,83589,Castle in the Sky 40th Anniversary - Studio Ghibli Fest 2026,amc-southcenter-16,AMC Southcenter 16,1,rerelease,catalog,high,anniversary_or_rerelease,anniversary_re_release,source_film_id,2026-08-22,2026-08-26,2026-08-26,5,5,6,6,confirmed_complete,Wednesday,False,2026-08-08,True,2026-08-22,2026-08-22,1,1,0.1667,4,True,False,4,0,2026-08-28,True,True
film_theater,83589,Castle in the Sky 40th Anniversary - Studio Ghibli Fest 2026,amc-woodinville-12,AMC Woodinville 12,1,rerelease,catalog,high,anniversary_or_rerelease,anniversary_re_release,source_film_id,2026-08-22,2026-08-26,2026-08-26,5,5,6,6,confirmed_complete,Wednesday,False,2026-08-08,True,2026-08-22,2026-08-22,1,1,0.1667,4,True,False,4,0,2026-08-28,True,True
film_theater,81850,Charlie Harper,amc-alderwood-mall-16,AMC Alderwood Mall 16,1,ordinary,catalog,high,standard,normal_first_run,source_film_id,2026-09-24,2026-09-30,2026-09-30,7,7,14,14,confirmed_complete,Wednesday,False,2026-09-16,True,2026-09-25,2026-09-30,6,6,0.4286,0,False,False,1,2,2026-10-02,True,True
film_theater,81850,Charlie Harper,amc-pacific-place-11,AMC Pacific Place 11,1,ordinary,catalog,high,standard,normal_first_run,source_film_id,2026-09-24,2026-09-30,2026-09-30,7,7,11,11,confirmed_complete,Wednesday,False,2026-09-22,True,2026-09-24,2026-09-25,2,2,0.1818,5,True,False,5,0,2026-10-02,True,True
film_theater,81850,Charlie Harper,amc-southcenter-16,AMC Southcenter 16,1,ordinary,catalog,high,standard,normal_first_run,source_film_id,2026-09-24,2026-09-30,2026-09-30,7,7,16,16,confirmed_complete,Wednesday,False,2026-09-16,True,2026-09-24,2026-09-30,7,8,0.5,0,False,False,0,2,2026-10-02,True,True
film_theater,82777,Citizen Kane,amc-alderwood-mall-16,AMC Alderwood Mall 16,1,rerelease_title_only,title_only,low,unknown,anniversary_re_release,source_film_id,2026-07-05,2026-07-08,2026-07-08,4,2,2,2,confirmed_complete,Wednesday,True,2026-06-29,False,2026-07-05,2026-07-08,4,2,,,,,0,0,2026-07-10,True,True
film_theater,82777,Citizen Kane,amc-kent-station-14,AMC Kent Station 14,1,rerelease_title_only,title_only,low,unknown,anniversary_re_release,source_film_id,2026-07-08,2026-07-08,2026-07-08,1,1,1,1,confirmed_complete,Wednesday,True,2026-06-29,False,2026-07-08,2026-07-08,1,1,,,,,0,0,2026-07-10,True,True
film_theater,82777,Citizen Kane,amc-southcenter-16,AMC Southcenter 16,1,rerelease_title_only,title_only,low,unknown,anniversary_re_release,source_film_id,2026-07-05,2026-07-08,2026-07-08,4,2,2,2,confirmed_complete,Wednesday,True,2026-06-29,False,2026-07-05,2026-07-08,4,2,,,,,0,0,2026-07-10,True,True
film_theater,83878,cocoon - One Summer of Girlhood,amc-alderwood-mall-16,AMC Alderwood Mall 16,1,ordinary,catalog,high,standard,normal_first_run,source_film_id,2026-09-03,2026-09-09,2026-09-09,7,7,7,7,confirmed_complete,Wednesday,False,2026-09-01,True,2026-09-03,2026-09-03,1,1,0.1429,6,True,False,6,0,2026-09-11,True,True
film_theater,83878,cocoon - One Summer of Girlhood,amc-pacific-place-11,AMC Pacific Place 11,1,ordinary,catalog,high,standard,normal_first_run,source_film_id,2026-09-03,2026-09-09,2026-09-09,7,7,10,10,confirmed_complete,Wednesday,False,2026-09-01,True,2026-09-03,2026-09-04,2,3,0.3,5,True,False,5,0,2026-09-11,True,True
film_theater,83663,Colombia vs Ghana - Telemundo presenta la Copa Mundial de la FIFA 2026,amc-southcenter-16,AMC Southcenter 16,1,special_event_title_only,title_only,low,unknown,concert_live_encore,source_film_id,2026-07-03,2026-07-03,2026-07-03,1,1,1,1,confirmed_complete,Friday,True,2026-06-29,False,2026-07-03,2026-07-03,1,1,,,,,0,0,2026-07-10,True,True
film_theater,83566,Colony,amc-alderwood-mall-16,AMC Alderwood Mall 16,1,ordinary,catalog,high,standard,normal_first_run,source_film_id,2026-08-27,2026-09-09,2026-09-09,14,14,27,27,confirmed_complete,Wednesday,False,2026-08-13,True,2026-08-27,2026-08-27,1,1,0.037,13,True,False,13,0,2026-09-11,True,True
film_theater,83566,Colony,amc-kent-station-14,AMC Kent Station 14,1,ordinary,catalog,high,standard,normal_first_run,source_film_id,2026-08-27,2026-09-02,2026-09-02,7,7,7,7,confirmed_complete,Wednesday,False,2026-08-25,True,2026-08-27,2026-09-02,7,7,1.0,0,False,False,0,0,2026-09-04,True,True
film_theater,83566,Colony,amc-pacific-place-11,AMC Pacific Place 11,1,ordinary,catalog,high,standard,normal_first_run,source_film_id,2026-08-27,2026-09-02,2026-09-02,7,7,16,16,confirmed_complete,Wednesday,False,2026-08-14,True,2026-08-28,2026-08-28,1,1,0.0625,5,True,False,6,0,2026-09-04,True,True
film_theater,83566,Colony,amc-southcenter-16,AMC Southcenter 16,1,ordinary,catalog,high,standard,normal_first_run,source_film_id,2026-08-27,2026-09-02,2026-09-02,7,7,13,13,confirmed_complete,Wednesday,False,2026-08-25,True,2026-08-28,2026-08-28,1,2,0.1538,5,True,False,6,0,2026-09-04,True,True
film_theater,83746,Cookie Queens,amc-alderwood-mall-16,AMC Alderwood Mall 16,1,ordinary,catalog,high,standard,normal_first_run,source_film_id,2026-08-06,2026-08-13,2026-08-13,8,8,43,43,confirmed_complete,Thursday,False,2026-07-23,True,2026-08-06,2026-08-06,1,4,0.093,7,True,False,7,0,2026-08-14,True,True
film_theater,83746,Cookie Queens,amc-pacific-place-11,AMC Pacific Place 11,1,ordinary,catalog,high,standard,normal_first_run,source_film_id,2026-08-06,2026-08-13,2026-08-13,8,8,14,14,confirmed_complete,Thursday,False,2026-08-04,True,2026-08-06,2026-08-07,2,3,0.2143,6,True,False,6,0,2026-08-14,True,True
film_theater,83746,Cookie Queens,amc-southcenter-16,AMC Southcenter 16,1,ordinary,catalog,high,standard,normal_first_run,source_film_id,2026-08-06,2026-08-20,2026-08-20,15,15,55,55,confirmed_complete,Thursday,False,2026-07-23,True,2026-08-06,2026-08-06,1,4,0.0727,14,True,False,14,0,2026-08-21,True,True
film_theater,title:costa-de-marfil-vs-noruega-telemundo-presenta-la-copa-mundial-de-la-fifa-2026,Costa de Marfil vs Noruega - Telemundo presenta la Copa Mundial de la FIFA 2026,amc-southcenter-16,AMC Southcenter 16,1,special_event_title_only,title_only,low,unknown,concert_live_encore,title_fallback,2026-06-30,2026-06-30,2026-06-30,1,1,1,1,confirmed_complete,Tuesday,True,2026-06-29,False,2026-06-30,2026-06-30,1,1,,,,,0,0,2026-07-03,True,True
film_theater,title:couture,Couture,amc-pacific-place-11,AMC Pacific Place 11,1,ordinary_title_only,title_only,low,unknown,normal_first_run,title_fallback,2026-06-29,2026-06-30,2026-06-30,2,2,6,6,confirmed_complete,Tuesday,True,2026-06-29,False,2026-06-29,2026-06-30,2,6,,,,,0,0,2026-07-03,True,True
film_theater,65798,Coyote vs. Acme,amc-oak-tree-6,AMC Oak Tree 6,1,ambiguous_special,catalog_title_disagreement,low,standard,special_event,source_film_id,2026-08-27,2026-09-23,2026-09-23,28,28,92,92,confirmed_complete,Wednesday,False,2026-08-25,True,2026-08-27,2026-08-27,1,3,0.0326,27,True,False,27,0,2026-09-25,True,True
film_theater,65798,Coyote vs. Acme,amc-woodinville-12,AMC Woodinville 12,1,ambiguous_special,catalog_title_disagreement,low,standard,special_event,source_film_id,2026-08-27,2026-09-23,2026-09-23,28,28,133,133,confirmed_complete,Wednesday,False,2026-08-13,True,2026-08-27,2026-08-27,1,4,0.0301,27,True,False,27,1,2026-09-25,True,True
film_theater,84596,Coyote vs. Acme Early Access,amc-alderwood-mall-16,AMC Alderwood Mall 16,1,special_event,catalog,high,concert_or_event,opening_night,source_film_id,2026-08-23,2026-08-23,2026-08-23,1,1,1,1,confirmed_complete,Sunday,False,2026-08-09,True,2026-08-23,2026-08-23,1,1,1.0,0,False,False,0,0,2026-08-28,True,True
film_theater,84596,Coyote vs. Acme Early Access,amc-kent-station-14,AMC Kent Station 14,1,special_event,catalog,high,concert_or_event,opening_night,source_film_id,2026-08-23,2026-08-23,2026-08-23,1,1,1,1,confirmed_complete,Sunday,False,2026-08-09,True,2026-08-23,2026-08-23,1,1,1.0,0,False,False,0,0,2026-08-28,True,True
film_theater,84596,Coyote vs. Acme Early Access,amc-pacific-place-11,AMC Pacific Place 11,1,special_event,catalog,high,concert_or_event,opening_night,source_film_id,2026-08-23,2026-08-23,2026-08-23,1,1,1,1,confirmed_complete,Sunday,False,2026-08-09,True,2026-08-23,2026-08-23,1,1,1.0,0,False,False,0,0,2026-08-28,True,True
film_theater,84596,Coyote vs. Acme Early Access,amc-southcenter-16,AMC Southcenter 16,1,special_event,catalog,high,concert_or_event,opening_night,source_film_id,2026-08-23,2026-08-23,2026-08-23,1,1,2,2,confirmed_complete,Sunday,False,2026-08-09,True,2026-08-23,2026-08-23,1,1,0.5,0,False,False,0,0,2026-08-28,True,True
film_theater,84596,Coyote vs. Acme Early Access,amc-woodinville-12,AMC Woodinville 12,1,special_event,catalog,high,concert_or_event,opening_night,source_film_id,2026-08-23,2026-08-23,2026-08-23,1,1,1,1,confirmed_complete,Sunday,False,2026-08-09,True,2026-08-23,2026-08-23,1,1,1.0,0,False,False,0,0,2026-08-28,True,True
film_theater,84162,Crossing,amc-pacific-place-11,AMC Pacific Place 11,1,ordinary,catalog,high,standard,normal_first_run,source_film_id,2026-07-10,2026-07-15,2026-07-15,6,6,17,17,confirmed_complete,Wednesday,False,2026-07-07,True,2026-07-10,2026-07-10,1,1,0.0588,5,True,False,5,0,2026-07-17,True,True
film_theater,84729,Crunchyroll Anime Nights Sneak Peek - September '26,amc-alderwood-mall-16,AMC Alderwood Mall 16,1,special_event,catalog,high,concert_or_event,opening_night,source_film_id,2026-09-21,2026-09-21,2026-09-21,1,1,1,1,confirmed_complete,Monday,False,2026-09-03,True,2026-09-21,2026-09-21,1,1,1.0,0,False,False,0,0,2026-09-25,True,True
film_theater,84729,Crunchyroll Anime Nights Sneak Peek - September '26,amc-southcenter-16,AMC Southcenter 16,1,special_event,catalog,high,concert_or_event,opening_night,source_film_id,2026-09-21,2026-09-21,2026-09-21,1,1,1,1,confirmed_complete,Monday,False,2026-09-03,True,2026-09-21,2026-09-21,1,1,1.0,0,False,False,0,0,2026-09-25,True,True
film_theater,83673,Cuartos de Final - Telemundo presenta la Copa Mundial de la FIFA 2026,amc-southcenter-16,AMC Southcenter 16,1,special_event_title_only,title_only,low,unknown,concert_live_encore,source_film_id,2026-07-10,2026-07-10,2026-07-10,1,1,1,1,confirmed_complete,Friday,True,2026-06-29,False,2026-07-10,2026-07-10,1,1,,,,,0,0,2026-07-17,True,True
film_theater,84743,Daayra,amc-alderwood-mall-16,AMC Alderwood Mall 16,1,ordinary,catalog,high,standard,normal_first_run,source_film_id,2026-09-18,2026-09-23,2026-09-23,6,6,6,6,confirmed_complete,Wednesday,False,2026-09-16,True,2026-09-18,2026-09-23,6,6,1.0,0,False,False,0,0,2026-09-25,True,True
film_theater,84477,Daniel and the Fiery Furnace,amc-alderwood-mall-16,AMC Alderwood Mall 16,1,ordinary,catalog,high,standard,normal_first_run,source_film_id,2026-09-17,2026-09-30,2026-09-30,14,14,21,21,confirmed_complete,Wednesday,False,2026-09-03,True,2026-09-17,2026-09-22,6,6,0.2857,8,True,False,9,8,2026-10-02,True,True
film_theater,title:david,David,amc-alderwood-mall-16,AMC Alderwood Mall 16,1,ordinary_title_only,title_only,low,unknown,normal_first_run,title_fallback,2026-06-29,2026-06-29,2026-06-29,1,1,2,2,confirmed_complete,Monday,True,2026-06-29,False,2026-06-29,2026-06-29,1,2,,,,,0,0,2026-07-03,True,True
film_theater,83806,David,amc-alderwood-mall-16,AMC Alderwood Mall 16,1,ordinary_title_only,title_only,low,unknown,normal_first_run,source_film_id,2026-07-01,2026-07-01,2026-07-01,1,1,2,2,confirmed_complete,Wednesday,True,2026-06-29,False,2026-07-01,2026-07-01,1,2,,,,,0,0,2026-07-03,True,True
film_theater,title:david,David,amc-kent-station-14,AMC Kent Station 14,1,ordinary_title_only,title_only,low,unknown,normal_first_run,title_fallback,2026-06-29,2026-06-29,2026-06-29,1,1,2,2,confirmed_complete,Monday,True,2026-06-29,False,2026-06-29,2026-06-29,1,2,,,,,0,0,2026-07-03,True,True
film_theater,83806,David,amc-kent-station-14,AMC Kent Station 14,1,ordinary_title_only,title_only,low,unknown,normal_first_run,source_film_id,2026-07-01,2026-07-01,2026-07-01,1,1,2,2,confirmed_complete,Wednesday,True,2026-06-29,False,2026-07-01,2026-07-01,1,2,,,,,0,0,2026-07-03,True,True
film_theater,title:david,David,amc-southcenter-16,AMC Southcenter 16,1,ordinary_title_only,title_only,low,unknown,normal_first_run,title_fallback,2026-06-29,2026-06-29,2026-06-29,1,1,2,2,confirmed_complete,Monday,True,2026-06-29,False,2026-06-29,2026-06-29,1,2,,,,,0,0,2026-07-03,True,True
film_theater,83806,David,amc-southcenter-16,AMC Southcenter 16,1,ordinary_title_only,title_only,low,unknown,normal_first_run,source_film_id,2026-07-01,2026-07-01,2026-07-01,1,1,1,1,confirmed_complete,Wednesday,True,2026-06-29,False,2026-07-01,2026-07-01,1,1,,,,,0,0,2026-07-03,True,True
film_theater,title:david,David,amc-woodinville-12,AMC Woodinville 12,1,ordinary_title_only,title_only,low,unknown,normal_first_run,title_fallback,2026-06-29,2026-06-29,2026-06-29,1,1,2,2,confirmed_complete,Monday,True,2026-06-29,False,2026-06-29,2026-06-29,1,2,,,,,0,0,2026-07-03,True,True
film_theater,83806,David,amc-woodinville-12,AMC Woodinville 12,1,ordinary_title_only,title_only,low,unknown,normal_first_run,source_film_id,2026-07-01,2026-07-01,2026-07-01,1,1,2,2,confirmed_complete,Wednesday,True,2026-06-29,False,2026-07-01,2026-07-01,1,2,,,,,0,0,2026-07-03,True,True
film_theater,84568,DC,amc-alderwood-mall-16,AMC Alderwood Mall 16,1,ordinary,catalog,high,standard,normal_first_run,source_film_id,2026-08-06,2026-08-19,2026-08-19,14,14,16,16,confirmed_complete,Wednesday,False,2026-08-05,True,2026-08-06,2026-08-12,7,7,0.4375,7,True,False,7,0,2026-08-21,True,True
film_theater,84122,"DCI 2026: Big, Loud and Live",amc-alderwood-mall-16,AMC Alderwood Mall 16,1,special_event,catalog,high,concert_or_event,normal_first_run,source_film_id,2026-08-06,2026-08-06,2026-08-06,1,1,1,1,confirmed_complete,Thursday,False,2026-07-23,True,2026-08-06,2026-08-06,1,1,1.0,0,False,False,0,0,2026-08-07,True,True
film_theater,84122,"DCI 2026: Big, Loud and Live",amc-kent-station-14,AMC Kent Station 14,1,special_event,catalog,high,concert_or_event,normal_first_run,source_film_id,2026-08-06,2026-08-06,2026-08-06,1,1,1,1,confirmed_complete,Thursday,False,2026-07-23,True,2026-08-06,2026-08-06,1,1,1.0,0,False,False,0,0,2026-08-07,True,True
film_theater,84122,"DCI 2026: Big, Loud and Live",amc-southcenter-16,AMC Southcenter 16,1,special_event,catalog,high,concert_or_event,normal_first_run,source_film_id,2026-08-06,2026-08-06,2026-08-06,1,1,1,1,confirmed_complete,Thursday,False,2026-07-23,True,2026-08-06,2026-08-06,1,1,1.0,0,False,False,0,0,2026-08-07,True,True
film_theater,84122,"DCI 2026: Big, Loud and Live",amc-woodinville-12,AMC Woodinville 12,1,special_event,catalog,high,concert_or_event,normal_first_run,source_film_id,2026-08-06,2026-08-06,2026-08-06,1,1,1,1,confirmed_complete,Thursday,False,2026-07-23,True,2026-08-06,2026-08-06,1,1,1.0,0,False,False,0,0,2026-08-07,True,True
film_theater,84200,Dear You,amc-pacific-place-11,AMC Pacific Place 11,1,ordinary,catalog,high,standard,normal_first_run,source_film_id,2026-09-03,2026-09-23,2026-09-23,21,21,61,61,confirmed_complete,Wednesday,False,2026-08-20,True,2026-09-03,2026-09-03,1,2,0.0328,20,True,False,20,0,2026-09-25,True,True
film_theater,83904,Dhamaal 4,amc-southcenter-16,AMC Southcenter 16,1,ordinary,catalog,high,standard,normal_first_run,source_film_id,2026-07-10,2026-07-22,2026-07-22,13,13,21,21,confirmed_complete,Wednesday,False,2026-07-05,True,2026-07-17,2026-07-19,3,3,0.1429,3,True,False,10,0,2026-07-24,True,True
film_theater,title:disclosure-day,Disclosure Day,amc-alderwood-mall-16,AMC Alderwood Mall 16,1,ordinary_title_only,title_only,low,unknown,normal_first_run,title_fallback,2026-06-29,2026-06-30,2026-06-30,2,2,9,9,confirmed_complete,Tuesday,True,2026-06-29,False,2026-06-29,2026-06-30,2,9,,,,,0,0,2026-07-03,True,True
film_theater,77140,Disclosure Day,amc-alderwood-mall-16,AMC Alderwood Mall 16,1,ordinary,catalog,high,standard,normal_first_run,source_film_id,2026-07-01,2026-07-29,2026-07-29,29,29,75,75,confirmed_complete,Wednesday,True,2026-06-29,False,2026-07-01,2026-07-01,1,4,,,,,0,0,2026-07-31,True,True
film_theater,title:disclosure-day,Disclosure Day,amc-factoria-8,AMC Factoria 8,1,ordinary_title_only,title_only,low,unknown,normal_first_run,title_fallback,2026-06-29,2026-06-30,2026-06-30,2,2,10,10,confirmed_complete,Tuesday,True,2026-06-29,False,2026-06-29,2026-06-30,2,10,,,,,0,0,2026-07-03,True,True
film_theater,77140,Disclosure Day,amc-factoria-8,AMC Factoria 8,1,ordinary,catalog,high,standard,normal_first_run,source_film_id,2026-07-01,2026-07-23,2026-07-23,23,23,70,70,confirmed_complete,Thursday,True,2026-06-29,False,2026-07-01,2026-07-01,1,5,,,,,0,0,2026-07-24,True,True
film_theater,title:disclosure-day,Disclosure Day,amc-kent-station-14,AMC Kent Station 14,1,ordinary_title_only,title_only,low,unknown,normal_first_run,title_fallback,2026-06-29,2026-06-30,2026-06-30,2,2,10,10,confirmed_complete,Tuesday,True,2026-06-29,False,2026-06-29,2026-06-30,2,10,,,,,0,0,2026-07-03,True,True
film_theater,77140,Disclosure Day,amc-kent-station-14,AMC Kent Station 14,1,ordinary,catalog,high,standard,normal_first_run,source_film_id,2026-07-01,2026-07-29,2026-07-29,29,29,100,100,confirmed_complete,Wednesday,True,2026-06-29,False,2026-07-01,2026-07-01,1,5,,,,,0,0,2026-07-31,True,True
film_theater,title:disclosure-day,Disclosure Day,amc-oak-tree-6,AMC Oak Tree 6,1,ordinary_title_only,title_only,low,unknown,normal_first_run,title_fallback,2026-06-29,2026-06-30,2026-06-30,2,2,8,8,confirmed_complete,Tuesday,True,2026-06-29,False,2026-06-29,2026-06-30,2,8,,,,,0,0,2026-07-03,True,True
film_theater,77140,Disclosure Day,amc-oak-tree-6,AMC Oak Tree 6,1,ordinary,catalog,high,standard,normal_first_run,source_film_id,2026-07-01,2026-07-15,2026-07-15,15,15,39,39,confirmed_complete,Wednesday,True,2026-06-29,False,2026-07-01,2026-07-01,1,4,,,,,0,0,2026-07-17,True,True
film_theater,title:disclosure-day,Disclosure Day,amc-pacific-place-11,AMC Pacific Place 11,1,ordinary_title_only,title_only,low,unknown,normal_first_run,title_fallback,2026-06-29,2026-06-30,2026-06-30,2,2,8,8,confirmed_complete,Tuesday,True,2026-06-29,False,2026-06-29,2026-06-30,2,8,,,,,0,0,2026-07-03,True,True
film_theater,77140,Disclosure Day,amc-pacific-place-11,AMC Pacific Place 11,1,ordinary,catalog,high,standard,normal_first_run,source_film_id,2026-07-01,2026-07-16,2026-07-16,16,16,42,42,confirmed_complete,Thursday,True,2026-06-29,False,2026-07-01,2026-07-01,1,4,,,,,0,0,2026-07-17,True,True
film_theater,title:disclosure-day,Disclosure Day,amc-southcenter-16,AMC Southcenter 16,1,ordinary_title_only,title_only,low,unknown,normal_first_run,title_fallback,2026-06-29,2026-06-30,2026-06-30,2,2,10,10,confirmed_complete,Tuesday,True,2026-06-29,False,2026-06-29,2026-06-30,2,10,,,,,0,0,2026-07-03,True,True
film_theater,77140,Disclosure Day,amc-southcenter-16,AMC Southcenter 16,1,ordinary,catalog,high,standard,normal_first_run,source_film_id,2026-07-01,2026-08-05,2026-08-05,36,36,125,125,confirmed_complete,Wednesday,True,2026-06-29,False,2026-07-01,2026-07-01,1,5,,,,,0,0,2026-08-07,True,True
film_theater,title:disclosure-day,Disclosure Day,amc-woodinville-12,AMC Woodinville 12,1,ordinary_title_only,title_only,low,unknown,normal_first_run,title_fallback,2026-06-29,2026-06-30,2026-06-30,2,2,10,10,confirmed_complete,Tuesday,True,2026-06-29,False,2026-06-29,2026-06-30,2,10,,,,,0,0,2026-07-03,True,True
film_theater,77140,Disclosure Day,amc-woodinville-12,AMC Woodinville 12,1,ordinary,catalog,high,standard,normal_first_run,source_film_id,2026-07-01,2026-07-29,2026-07-29,29,29,73,73,confirmed_complete,Wednesday,True,2026-06-29,False,2026-07-01,2026-07-01,1,5,,,,,0,0,2026-07-31,True,True
film_theater,84246,Don't Move,amc-alderwood-mall-16,AMC Alderwood Mall 16,1,ordinary,catalog,high,standard,normal_first_run,source_film_id,2026-09-10,2026-09-17,2026-09-17,8,8,8,8,confirmed_complete,Thursday,False,2026-09-09,True,2026-09-10,2026-09-16,7,7,0.875,1,True,False,1,0,2026-09-18,True,True
film_theater,84246,Don't Move,amc-pacific-place-11,AMC Pacific Place 11,1,ordinary,catalog,high,standard,normal_first_run,source_film_id,2026-09-10,2026-09-16,2026-09-16,7,7,7,7,confirmed_complete,Wednesday,False,2026-09-09,True,2026-09-11,2026-09-16,6,6,0.8571,0,False,False,1,0,2026-09-18,True,True
film_theater,84246,Don't Move,amc-southcenter-16,AMC Southcenter 16,1,ordinary,catalog,high,standard,normal_first_run,source_film_id,2026-09-10,2026-09-16,2026-09-16,7,7,17,17,confirmed_complete,Wednesday,False,2026-08-31,True,2026-09-10,2026-09-13,4,4,0.2353,3,True,False,3,2,2026-09-18,True,True
film_theater,84900,Dora and the Lost City of Gold,amc-alderwood-mall-16,AMC Alderwood Mall 16,1,ordinary,catalog,high,standard,normal_first_run,source_film_id,2026-09-18,2026-09-24,2026-09-24,7,7,7,7,confirmed_complete,Thursday,False,2026-09-09,True,2026-09-18,2026-09-24,7,7,1.0,0,False,False,0,0,2026-09-25,True,True
film_theater,84900,Dora and the Lost City of Gold,amc-southcenter-16,AMC Southcenter 16,1,ordinary,catalog,high,standard,normal_first_run,source_film_id,2026-09-18,2026-09-24,2026-09-24,7,7,7,7,confirmed_complete,Thursday,False,2026-09-09,True,2026-09-18,2026-09-24,7,4,0.5714,0,False,False,3,3,2026-09-25,True,True
film_theater,84335,Dreams in Nightmares,amc-pacific-place-11,AMC Pacific Place 11,1,ordinary,catalog,high,standard,normal_first_run,source_film_id,2026-09-04,2026-09-10,2026-09-10,7,7,15,15,confirmed_complete,Thursday,False,2026-09-01,True,2026-09-04,2026-09-04,1,3,0.2,6,True,False,6,0,2026-09-11,True,True
film_theater,84335,Dreams in Nightmares,amc-southcenter-16,AMC Southcenter 16,1,ordinary,catalog,high,standard,normal_first_run,source_film_id,2026-09-04,2026-09-09,2026-09-09,6,6,11,11,confirmed_complete,Wednesday,False,2026-08-21,True,2026-09-04,2026-09-04,1,1,0.0909,5,True,False,5,1,2026-09-11,True,True
film_theater,82326,Elijah Peel,amc-alderwood-mall-16,AMC Alderwood Mall 16,1,ordinary,catalog,high,standard,normal_first_run,source_film_id,2026-08-13,2026-08-19,2026-08-19,7,7,15,15,confirmed_complete,Wednesday,False,2026-07-30,True,2026-08-13,2026-08-13,1,2,0.1333,6,True,False,6,0,2026-08-21,True,True
film_theater,83907,España vs Argentina - Gran Final - Telemundo presenta la Copa Mundial de la FIFA 2026,amc-alderwood-mall-16,AMC Alderwood Mall 16,1,special_event,catalog,high,concert_or_event,concert_live_encore,source_film_id,2026-07-19,2026-07-19,2026-07-19,1,1,1,1,confirmed_complete,Sunday,False,2026-07-05,True,2026-07-19,2026-07-19,1,1,1.0,0,False,False,0,0,2026-07-24,True,True
film_theater,83907,España vs Argentina - Gran Final - Telemundo presenta la Copa Mundial de la FIFA 2026,amc-southcenter-16,AMC Southcenter 16,1,special_event,catalog,high,concert_or_event,concert_live_encore,source_film_id,2026-07-19,2026-07-19,2026-07-19,1,1,1,1,confirmed_complete,Sunday,False,2026-07-05,True,2026-07-19,2026-07-19,1,1,1.0,0,False,False,0,0,2026-07-24,True,True
film_theater,83673,España vs Bélgica - Cuartos de Final - Telemundo presenta la Copa Mundial de la FIFA 2026,amc-alderwood-mall-16,AMC Alderwood Mall 16,1,special_event_title_only,title_only,low,unknown,concert_live_encore,source_film_id,2026-07-10,2026-07-10,2026-07-10,1,1,1,1,confirmed_complete,Friday,True,2026-06-29,False,2026-07-10,2026-07-10,1,1,,,,,0,0,2026-07-17,True,True
film_theater,83668,España vs Portugal - Octavos de Final - Telemundo presenta la Copa Mundial de la FIFA 2026,amc-alderwood-mall-16,AMC Alderwood Mall 16,1,special_event_title_only,title_only,low,unknown,concert_live_encore,source_film_id,2026-07-06,2026-07-06,2026-07-06,1,1,1,1,confirmed_complete,Monday,True,2026-06-29,False,2026-07-06,2026-07-06,1,1,,,,,0,0,2026-07-10,True,True
film_theater,83668,España vs Portugal - Octavos de Final - Telemundo presenta la Copa Mundial de la FIFA 2026,amc-southcenter-16,AMC Southcenter 16,1,special_event_title_only,title_only,low,unknown,concert_live_encore,source_film_id,2026-07-06,2026-07-06,2026-07-06,1,1,1,1,confirmed_complete,Monday,True,2026-06-29,False,2026-07-06,2026-07-06,1,1,,,,,0,0,2026-07-10,True,True
film_theater,title:estados-unidos-v-bosnia-y-herzegovina-telemundo-presenta-la-copa-mundial-de-la-fifa-2026,Estados Unidos v Bosnia y Herzegovina - Telemundo presenta la Copa Mundial de la FIFA 2026,amc-southcenter-16,AMC Southcenter 16,1,special_event_title_only,title_only,low,unknown,concert_live_encore,title_fallback,2026-07-01,2026-07-01,2026-07-01,1,1,1,1,confirmed_complete,Wednesday,True,2026-06-29,False,2026-07-01,2026-07-01,1,1,,,,,0,0,2026-07-03,True,True
film_theater,83669,Estados Unidos vs Bélgica - Octavos de Final - Telemundo presenta la Copa Mundial de la FIFA 2026,amc-southcenter-16,AMC Southcenter 16,1,special_event_title_only,title_only,low,unknown,concert_live_encore,source_film_id,2026-07-06,2026-07-06,2026-07-06,1,1,1,1,confirmed_complete,Monday,True,2026-06-29,False,2026-07-06,2026-07-06,1,1,,,,,0,0,2026-07-10,True,True
film_theater,83874,Evangelion: Death (True)2 & Rebirth (EVANGELION 30th Movie Fest),amc-alderwood-mall-16,AMC Alderwood Mall 16,1,special_event,catalog,high,concert_or_event,normal_first_run,source_film_id,2026-07-21,2026-07-21,2026-07-21,1,1,1,1,confirmed_complete,Tuesday,False,2026-07-07,True,2026-07-21,2026-07-21,1,1,1.0,0,False,False,0,0,2026-07-24,True,True
film_theater,83874,Evangelion: Death (True)2 & Rebirth (EVANGELION 30th Movie Fest),amc-kent-station-14,AMC Kent Station 14,1,special_event,catalog,high,concert_or_event,normal_first_run,source_film_id,2026-07-21,2026-07-21,2026-07-21,1,1,1,1,confirmed_complete,Tuesday,False,2026-07-07,True,2026-07-21,2026-07-21,1,1,1.0,0,False,False,0,0,2026-07-24,True,True
film_theater,83874,Evangelion: Death (True)2 & Rebirth (EVANGELION 30th Movie Fest),amc-southcenter-16,AMC Southcenter 16,1,special_event,catalog,high,concert_or_event,normal_first_run,source_film_id,2026-07-21,2026-07-21,2026-07-21,1,1,1,1,confirmed_complete,Tuesday,False,2026-07-07,True,2026-07-21,2026-07-21,1,1,1.0,0,False,False,0,0,2026-07-24,True,True
film_theater,80306,Evil Dead Burn,amc-alderwood-mall-16,AMC Alderwood Mall 16,1,ordinary,catalog,high,standard,normal_first_run,source_film_id,2026-07-09,2026-08-05,2026-08-05,28,28,125,125,confirmed_complete,Wednesday,True,2026-06-29,False,2026-07-09,2026-07-13,5,28,,,,,0,0,2026-08-07,True,True
film_theater,80306,Evil Dead Burn,amc-factoria-8,AMC Factoria 8,1,ordinary,catalog,high,standard,normal_first_run,source_film_id,2026-07-09,2026-07-23,2026-07-23,15,15,75,75,confirmed_complete,Thursday,True,2026-06-29,False,2026-07-09,2026-07-13,5,22,,,,,0,0,2026-07-24,True,True
film_theater,80306,Evil Dead Burn,amc-kent-station-14,AMC Kent Station 14,1,ordinary,catalog,high,standard,normal_first_run,source_film_id,2026-07-09,2026-08-06,2026-08-06,29,29,142,142,confirmed_complete,Thursday,True,2026-06-29,False,2026-07-09,2026-07-13,5,28,,,,,0,0,2026-08-07,True,True
film_theater,80306,Evil Dead Burn,amc-oak-tree-6,AMC Oak Tree 6,1,ordinary,catalog,high,standard,normal_first_run,source_film_id,2026-07-09,2026-07-22,2026-07-22,14,14,79,79,confirmed_complete,Wednesday,True,2026-06-29,False,2026-07-09,2026-07-13,5,19,,,,,0,0,2026-07-24,True,True
film_theater,80306,Evil Dead Burn,amc-pacific-place-11,AMC Pacific Place 11,1,ordinary,catalog,high,standard,normal_first_run,source_film_id,2026-07-09,2026-07-29,2026-07-29,21,21,78,78,confirmed_complete,Wednesday,True,2026-06-29,False,2026-07-09,2026-07-13,5,21,,,,,0,0,2026-07-31,True,True
film_theater,80306,Evil Dead Burn,amc-southcenter-16,AMC Southcenter 16,1,ordinary,catalog,high,standard,normal_first_run,source_film_id,2026-07-09,2026-07-29,2026-07-29,21,21,126,126,confirmed_complete,Wednesday,True,2026-06-29,False,2026-07-09,2026-07-13,5,33,,,,,0,0,2026-07-31,True,True
film_theater,80306,Evil Dead Burn,amc-woodinville-12,AMC Woodinville 12,1,ordinary,catalog,high,standard,normal_first_run,source_film_id,2026-07-09,2026-07-23,2026-07-23,15,15,80,80,confirmed_complete,Thursday,True,2026-06-29,False,2026-07-09,2026-07-13,5,24,,,,,0,0,2026-07-24,True,True
film_theater,82974,Fall 2: Deadpoint,amc-alderwood-mall-16,AMC Alderwood Mall 16,1,ordinary,catalog,high,standard,normal_first_run,source_film_id,2026-09-02,2026-09-17,2026-09-17,16,16,27,27,confirmed_complete,Thursday,False,2026-08-27,True,2026-09-02,2026-09-09,8,15,0.5556,8,True,False,8,3,2026-09-18,True,True
film_theater,82974,Fall 2: Deadpoint,amc-kent-station-14,AMC Kent Station 14,1,ordinary,catalog,high,standard,normal_first_run,source_film_id,2026-09-02,2026-09-17,2026-09-17,16,16,25,25,confirmed_complete,Thursday,False,2026-08-27,True,2026-09-02,2026-09-09,8,16,0.64,8,True,False,8,0,2026-09-18,True,True
film_theater,82974,Fall 2: Deadpoint,amc-pacific-place-11,AMC Pacific Place 11,1,ordinary,catalog,high,standard,normal_first_run,source_film_id,2026-09-04,2026-09-09,2026-09-09,6,6,10,10,confirmed_complete,Wednesday,False,2026-09-01,True,2026-09-04,2026-09-04,1,2,0.2,5,True,False,5,0,2026-09-11,True,True
film_theater,82974,Fall 2: Deadpoint,amc-southcenter-16,AMC Southcenter 16,1,ordinary,catalog,high,standard,normal_first_run,source_film_id,2026-09-02,2026-09-16,2026-09-16,15,15,24,24,confirmed_complete,Wednesday,False,2026-08-27,True,2026-09-02,2026-09-09,8,15,0.625,7,True,False,7,1,2026-09-18,True,True
film_theater,82974,Fall 2: Deadpoint,amc-woodinville-12,AMC Woodinville 12,1,ordinary,catalog,high,standard,normal_first_run,source_film_id,2026-09-02,2026-09-09,2026-09-09,8,8,17,17,confirmed_complete,Wednesday,False,2026-08-27,True,2026-09-02,2026-09-02,1,2,0.1176,7,True,False,7,0,2026-09-11,True,True
film_theater,82868,Finding Emily,amc-alderwood-mall-16,AMC Alderwood Mall 16,1,ordinary,catalog,high,standard,normal_first_run,source_film_id,2026-08-27,2026-09-08,2026-09-08,13,13,41,41,confirmed_complete,Tuesday,False,2026-08-13,True,2026-08-27,2026-08-27,1,4,0.0976,12,True,False,12,0,2026-09-11,True,True
film_theater,82868,Finding Emily,amc-kent-station-14,AMC Kent Station 14,1,ordinary,catalog,high,standard,normal_first_run,source_film_id,2026-08-27,2026-09-10,2026-09-10,15,15,43,43,confirmed_complete,Thursday,False,2026-08-13,True,2026-08-27,2026-08-27,1,4,0.093,14,True,False,14,0,2026-09-11,True,True
film_theater,82868,Finding Emily,amc-pacific-place-11,AMC Pacific Place 11,1,ordinary,catalog,high,standard,normal_first_run,source_film_id,2026-08-27,2026-09-10,2026-09-10,15,15,33,33,confirmed_complete,Thursday,False,2026-08-13,True,2026-08-27,2026-08-27,1,3,0.0909,14,True,False,14,0,2026-09-11,True,True
film_theater,82868,Finding Emily,amc-southcenter-16,AMC Southcenter 16,1,ordinary,catalog,high,standard,normal_first_run,source_film_id,2026-08-27,2026-09-09,2026-09-09,14,14,36,36,confirmed_complete,Wednesday,False,2026-08-13,True,2026-08-27,2026-08-27,1,4,0.1111,13,True,False,13,0,2026-09-11,True,True
film_theater,82868,Finding Emily,amc-woodinville-12,AMC Woodinville 12,1,ordinary,catalog,high,standard,normal_first_run,source_film_id,2026-08-27,2026-09-08,2026-09-08,13,13,40,40,confirmed_complete,Tuesday,False,2026-08-13,True,2026-08-27,2026-08-27,1,4,0.1,12,True,False,12,0,2026-09-11,True,True
film_theater,85104,Forgotten Island - Early Access Screening,amc-factoria-8,AMC Factoria 8,1,special_event,catalog,high,concert_or_event,opening_night,source_film_id,2026-09-20,2026-09-20,2026-09-20,1,1,1,1,confirmed_complete,Sunday,False,2026-09-16,True,2026-09-20,2026-09-20,1,1,1.0,0,False,False,0,0,2026-09-25,True,True
film_theater,85104,Forgotten Island - Early Access Screening,amc-kent-station-14,AMC Kent Station 14,1,special_event,catalog,high,concert_or_event,opening_night,source_film_id,2026-09-20,2026-09-20,2026-09-20,1,1,1,1,confirmed_complete,Sunday,False,2026-09-16,True,2026-09-20,2026-09-20,1,1,1.0,0,False,False,0,0,2026-09-25,True,True
film_theater,85104,Forgotten Island - Early Access Screening,amc-woodinville-12,AMC Woodinville 12,1,special_event,catalog,high,concert_or_event,opening_night,source_film_id,2026-09-20,2026-09-20,2026-09-20,1,1,1,1,confirmed_complete,Sunday,False,2026-09-16,True,2026-09-20,2026-09-20,1,1,1.0,0,False,False,0,0,2026-09-25,True,True
film_theater,85084,Forgotten Island - Early Access Screening with Cast Member Q&A,amc-alderwood-mall-16,AMC Alderwood Mall 16,1,special_event,catalog,high,q_and_a,opening_night,source_film_id,2026-09-20,2026-09-20,2026-09-20,1,1,1,1,confirmed_complete,Sunday,False,2026-09-16,True,2026-09-20,2026-09-20,1,1,1.0,0,False,False,0,0,2026-09-25,True,True
film_theater,85084,Forgotten Island - Early Access Screening with Cast Member Q&A,amc-southcenter-16,AMC Southcenter 16,1,special_event,catalog,high,q_and_a,opening_night,source_film_id,2026-09-20,2026-09-20,2026-09-20,1,1,1,1,confirmed_complete,Sunday,False,2026-09-16,True,2026-09-20,2026-09-20,1,1,1.0,0,False,False,0,0,2026-09-25,True,True
film_theater,84857,Forgotten Island - Friendship Opening Night Event,amc-alderwood-mall-16,AMC Alderwood Mall 16,1,special_event,catalog,high,concert_or_event,opening_night,source_film_id,2026-09-24,2026-09-24,2026-09-24,1,1,1,1,confirmed_complete,Thursday,False,2026-09-09,True,2026-09-24,2026-09-24,1,1,1.0,0,False,False,0,0,2026-09-25,True,True
film_theater,84857,Forgotten Island - Friendship Opening Night Event,amc-kent-station-14,AMC Kent Station 14,1,special_event,catalog,high,concert_or_event,opening_night,source_film_id,2026-09-24,2026-09-24,2026-09-24,1,1,1,1,confirmed_complete,Thursday,False,2026-09-09,True,2026-09-24,2026-09-24,1,1,1.0,0,False,False,0,0,2026-09-25,True,True
film_theater,84857,Forgotten Island - Friendship Opening Night Event,amc-southcenter-16,AMC Southcenter 16,1,special_event,catalog,high,concert_or_event,opening_night,source_film_id,2026-09-24,2026-09-24,2026-09-24,1,1,1,1,confirmed_complete,Thursday,False,2026-09-09,True,2026-09-24,2026-09-24,1,1,1.0,0,False,False,0,0,2026-09-25,True,True
film_theater,84857,Forgotten Island - Friendship Opening Night Event,amc-woodinville-12,AMC Woodinville 12,1,special_event,catalog,high,concert_or_event,opening_night,source_film_id,2026-09-24,2026-09-24,2026-09-24,1,1,1,1,confirmed_complete,Thursday,False,2026-09-09,True,2026-09-24,2026-09-24,1,1,1.0,0,False,False,0,0,2026-09-25,True,True
film_theater,83676,Francia vs España - Semifinales - Telemundo presenta la Copa Mundial de la FIFA 2026,amc-alderwood-mall-16,AMC Alderwood Mall 16,1,special_event_title_only,title_only,low,unknown,concert_live_encore,source_film_id,2026-07-14,2026-07-14,2026-07-14,1,1,1,1,confirmed_complete,Tuesday,False,2026-06-30,True,2026-07-14,2026-07-14,1,1,1.0,0,False,False,0,0,2026-07-17,True,True
film_theater,83676,Francia vs España - Semifinales - Telemundo presenta la Copa Mundial de la FIFA 2026,amc-southcenter-16,AMC Southcenter 16,1,special_event_title_only,title_only,low,unknown,concert_live_encore,source_film_id,2026-07-14,2026-07-14,2026-07-14,1,1,1,1,confirmed_complete,Tuesday,False,2026-06-30,True,2026-07-14,2026-07-14,1,1,1.0,0,False,False,0,0,2026-07-17,True,True
film_theater,83906,Francia vs Inglaterra Partido por el tercer lugar Telemundo presenta la Copa Mundial de la FIFA 2026,amc-alderwood-mall-16,AMC Alderwood Mall 16,1,special_event,catalog,high,concert_or_event,concert_live_encore,source_film_id,2026-07-18,2026-07-18,2026-07-18,1,1,1,1,confirmed_complete,Saturday,False,2026-07-04,True,2026-07-18,2026-07-18,1,1,1.0,0,False,False,0,0,2026-07-24,True,True
film_theater,83906,Francia vs Inglaterra Partido por el tercer lugar Telemundo presenta la Copa Mundial de la FIFA 2026,amc-southcenter-16,AMC Southcenter 16,1,special_event,catalog,high,concert_or_event,concert_live_encore,source_film_id,2026-07-18,2026-07-18,2026-07-18,1,1,1,1,confirmed_complete,Saturday,False,2026-07-04,True,2026-07-18,2026-07-18,1,1,1.0,0,False,False,0,0,2026-07-24,True,True
film_theater,title:francia-vs-suecia-telemundo-presenta-la-copa-mundial-de-la-fifa-2026,Francia vs Suecia - Telemundo presenta la Copa Mundial de la FIFA 2026,amc-alderwood-mall-16,AMC Alderwood Mall 16,1,special_event_title_only,title_only,low,unknown,concert_live_encore,title_fallback,2026-06-30,2026-06-30,2026-06-30,1,1,1,1,confirmed_complete,Tuesday,True,2026-06-29,False,2026-06-30,2026-06-30,1,1,,,,,0,0,2026-07-03,True,True
film_theater,title:francia-vs-suecia-telemundo-presenta-la-copa-mundial-de-la-fifa-2026,Francia vs Suecia - Telemundo presenta la Copa Mundial de la FIFA 2026,amc-southcenter-16,AMC Southcenter 16,1,special_event_title_only,title_only,low,unknown,concert_live_encore,title_fallback,2026-06-30,2026-06-30,2026-06-30,1,1,1,1,confirmed_complete,Tuesday,True,2026-06-29,False,2026-06-30,2026-06-30,1,1,,,,,0,0,2026-07-03,True,True
film_theater,83185,Gail Daughtry and the Celebrity Sex Pass,amc-alderwood-mall-16,AMC Alderwood Mall 16,1,ordinary,catalog,high,standard,normal_first_run,source_film_id,2026-07-09,2026-07-23,2026-07-23,15,15,44,44,confirmed_complete,Thursday,True,2026-06-29,False,2026-07-09,2026-07-13,5,10,,,,,0,0,2026-07-24,True,True
film_theater,83185,Gail Daughtry and the Celebrity Sex Pass,amc-kent-station-14,AMC Kent Station 14,1,ordinary,catalog,high,standard,normal_first_run,source_film_id,2026-07-09,2026-07-16,2026-07-16,8,8,30,30,confirmed_complete,Thursday,True,2026-06-29,False,2026-07-09,2026-07-13,5,10,,,,,0,0,2026-07-17,True,True
film_theater,83185,Gail Daughtry and the Celebrity Sex Pass,amc-pacific-place-11,AMC Pacific Place 11,1,ordinary,catalog,high,standard,normal_first_run,source_film_id,2026-07-09,2026-07-23,2026-07-23,15,15,36,36,confirmed_complete,Thursday,False,2026-07-07,True,2026-07-10,2026-07-10,1,1,0.0278,13,True,False,14,0,2026-07-24,True,True
film_theater,83185,Gail Daughtry and the Celebrity Sex Pass,amc-southcenter-16,AMC Southcenter 16,1,ordinary,catalog,high,standard,normal_first_run,source_film_id,2026-07-09,2026-07-16,2026-07-16,8,8,27,27,confirmed_complete,Thursday,True,2026-06-29,False,2026-07-09,2026-07-13,5,10,,,,,0,0,2026-07-17,True,True
film_theater,83185,Gail Daughtry and the Celebrity Sex Pass,amc-woodinville-12,AMC Woodinville 12,1,ordinary,catalog,high,standard,normal_first_run,source_film_id,2026-07-09,2026-07-16,2026-07-16,8,8,34,34,confirmed_complete,Thursday,True,2026-06-29,False,2026-07-09,2026-07-13,5,10,,,,,0,0,2026-07-17,True,True
film_theater,84779,Ghost in the Shell 30th Anniversary,amc-alderwood-mall-16,AMC Alderwood Mall 16,1,rerelease,catalog,high,anniversary_or_rerelease,anniversary_re_release,source_film_id,2026-09-17,2026-09-30,2026-09-30,14,14,14,14,confirmed_complete,Wednesday,False,2026-09-03,True,2026-09-17,2026-09-23,7,7,0.5,7,True,False,7,0,2026-10-02,True,True
film_theater,84779,Ghost in the Shell 30th Anniversary,amc-southcenter-16,AMC Southcenter 16,1,rerelease,catalog,high,anniversary_or_rerelease,anniversary_re_release,source_film_id,2026-09-17,2026-09-23,2026-09-23,7,7,13,13,confirmed_complete,Wednesday,False,2026-09-03,True,2026-09-17,2026-09-23,7,7,0.5385,0,False,False,0,0,2026-09-25,True,True
film_theater,84091,GHOST: 2 Big To Rig,amc-alderwood-mall-16,AMC Alderwood Mall 16,1,special_event,catalog,high,concert_or_event,normal_first_run,source_film_id,2026-08-26,2026-08-29,2026-08-29,4,3,3,3,confirmed_complete,Saturday,False,2026-08-12,True,2026-08-26,2026-08-26,1,1,0.3333,3,True,False,2,0,2026-09-04,True,True
film_theater,84091,GHOST: 2 Big To Rig,amc-kent-station-14,AMC Kent Station 14,1,special_event,catalog,high,concert_or_event,normal_first_run,source_film_id,2026-08-26,2026-08-29,2026-08-29,4,3,3,3,confirmed_complete,Saturday,False,2026-08-12,True,2026-08-26,2026-08-26,1,1,0.3333,3,True,False,2,0,2026-09-04,True,True
film_theater,84091,GHOST: 2 Big To Rig,amc-southcenter-16,AMC Southcenter 16,1,special_event,catalog,high,concert_or_event,normal_first_run,source_film_id,2026-08-26,2026-08-29,2026-08-29,4,3,3,3,confirmed_complete,Saturday,False,2026-08-12,True,2026-08-26,2026-08-26,1,1,0.3333,3,True,False,2,0,2026-09-04,True,True
film_theater,title:girls-like-girls,Girls Like Girls,amc-alderwood-mall-16,AMC Alderwood Mall 16,1,ordinary_title_only,title_only,low,unknown,normal_first_run,title_fallback,2026-06-29,2026-06-30,2026-06-30,2,2,4,4,confirmed_complete,Tuesday,True,2026-06-29,False,2026-06-29,2026-06-30,2,4,,,,,0,0,2026-07-03,True,True
film_theater,82442,Girls Like Girls,amc-alderwood-mall-16,AMC Alderwood Mall 16,1,ordinary_title_only,title_only,low,unknown,normal_first_run,source_film_id,2026-07-01,2026-07-01,2026-07-01,1,1,2,2,confirmed_complete,Wednesday,True,2026-06-29,False,2026-07-01,2026-07-01,1,2,,,,,0,0,2026-07-03,True,True
film_theater,title:girls-like-girls,Girls Like Girls,amc-kent-station-14,AMC Kent Station 14,1,ordinary_title_only,title_only,low,unknown,normal_first_run,title_fallback,2026-06-29,2026-06-30,2026-06-30,2,2,4,4,confirmed_complete,Tuesday,True,2026-06-29,False,2026-06-29,2026-06-30,2,4,,,,,0,0,2026-07-03,True,True
film_theater,title:girls-like-girls,Girls Like Girls,amc-pacific-place-11,AMC Pacific Place 11,1,ordinary_title_only,title_only,low,unknown,normal_first_run,title_fallback,2026-06-29,2026-07-01,2026-07-01,3,3,8,8,confirmed_complete,Wednesday,True,2026-06-29,False,2026-06-29,2026-07-01,3,8,,,,,0,0,2026-07-03,True,True
film_theater,82442,Girls Like Girls,amc-pacific-place-11,AMC Pacific Place 11,1,ordinary_title_only,title_only,low,unknown,normal_first_run,source_film_id,2026-07-01,2026-07-09,2026-07-09,9,9,14,14,confirmed_complete,Thursday,True,2026-06-29,False,2026-07-01,2026-07-01,1,4,,,,,0,0,2026-07-10,True,True
film_theater,title:girls-like-girls,Girls Like Girls,amc-southcenter-16,AMC Southcenter 16,1,ordinary_title_only,title_only,low,unknown,normal_first_run,title_fallback,2026-06-29,2026-06-30,2026-06-30,2,2,4,4,confirmed_complete,Tuesday,True,2026-06-29,False,2026-06-29,2026-06-30,2,4,,,,,0,0,2026-07-03,True,True
film_theater,title:girls-like-girls,Girls Like Girls,amc-woodinville-12,AMC Woodinville 12,1,ordinary_title_only,title_only,low,unknown,normal_first_run,title_fallback,2026-06-29,2026-06-30,2026-06-30,2,2,5,5,confirmed_complete,Tuesday,True,2026-06-29,False,2026-06-29,2026-06-30,2,5,,,,,0,0,2026-07-03,True,True
film_theater,84096,Grateful Dead Meet-Up At The Movies 2026,amc-alderwood-mall-16,AMC Alderwood Mall 16,1,special_event,catalog,high,concert_or_event,normal_first_run,source_film_id,2026-08-08,2026-08-10,2026-08-10,3,2,2,2,confirmed_complete,Monday,False,2026-07-25,True,2026-08-08,2026-08-08,1,1,0.5,2,True,False,1,0,2026-08-14,True,True
film_theater,84096,Grateful Dead Meet-Up At The Movies 2026,amc-kent-station-14,AMC Kent Station 14,1,special_event,catalog,high,concert_or_event,normal_first_run,source_film_id,2026-08-08,2026-08-10,2026-08-10,3,2,2,2,confirmed_complete,Monday,False,2026-07-25,True,2026-08-08,2026-08-08,1,1,0.5,2,True,False,1,0,2026-08-14,True,True
film_theater,84096,Grateful Dead Meet-Up At The Movies 2026,amc-pacific-place-11,AMC Pacific Place 11,1,special_event,catalog,high,concert_or_event,normal_first_run,source_film_id,2026-08-08,2026-08-10,2026-08-10,3,2,2,2,confirmed_complete,Monday,False,2026-07-25,True,2026-08-08,2026-08-08,1,1,0.5,2,True,False,1,0,2026-08-14,True,True
film_theater,84096,Grateful Dead Meet-Up At The Movies 2026,amc-southcenter-16,AMC Southcenter 16,1,special_event,catalog,high,concert_or_event,normal_first_run,source_film_id,2026-08-08,2026-08-10,2026-08-10,3,2,2,2,confirmed_complete,Monday,False,2026-07-25,True,2026-08-08,2026-08-08,1,1,0.5,2,True,False,1,0,2026-08-14,True,True
film_theater,83319,Hadestown: The Musical,amc-alderwood-mall-16,AMC Alderwood Mall 16,1,ordinary,catalog,high,standard,normal_first_run,source_film_id,2026-07-23,2026-08-12,2026-08-12,21,21,108,108,confirmed_complete,Wednesday,False,2026-07-09,True,2026-07-23,2026-07-23,1,2,0.0185,20,True,False,20,0,2026-08-14,True,True
film_theater,83319,Hadestown: The Musical,amc-factoria-8,AMC Factoria 8,1,ordinary,catalog,high,standard,normal_first_run,source_film_id,2026-07-23,2026-08-06,2026-08-06,15,15,30,30,confirmed_complete,Thursday,False,2026-07-09,True,2026-07-23,2026-07-23,1,2,0.0667,14,True,False,14,0,2026-08-07,True,True
film_theater,83319,Hadestown: The Musical,amc-kent-station-14,AMC Kent Station 14,1,ordinary,catalog,high,standard,normal_first_run,source_film_id,2026-07-23,2026-08-06,2026-08-06,15,15,59,59,confirmed_complete,Thursday,False,2026-07-09,True,2026-07-23,2026-07-23,1,2,0.0339,14,True,False,14,0,2026-08-07,True,True
film_theater,83319,Hadestown: The Musical,amc-oak-tree-6,AMC Oak Tree 6,1,ordinary,catalog,high,standard,normal_first_run,source_film_id,2026-07-23,2026-08-06,2026-08-06,15,15,47,47,confirmed_complete,Thursday,False,2026-07-09,True,2026-07-23,2026-07-23,1,2,0.0426,14,True,False,14,0,2026-08-07,True,True
film_theater,83319,Hadestown: The Musical,amc-pacific-place-11,AMC Pacific Place 11,1,ordinary,catalog,high,standard,normal_first_run,source_film_id,2026-07-23,2026-08-13,2026-08-13,22,22,93,93,confirmed_complete,Thursday,False,2026-07-09,True,2026-07-23,2026-07-23,1,3,0.0323,21,True,False,21,0,2026-08-14,True,True
film_theater,83319,Hadestown: The Musical,amc-southcenter-16,AMC Southcenter 16,1,ordinary,catalog,high,standard,normal_first_run,source_film_id,2026-07-23,2026-08-06,2026-08-06,15,15,81,81,confirmed_complete,Thursday,False,2026-07-09,True,2026-07-23,2026-07-23,1,2,0.0247,14,True,False,14,0,2026-08-07,True,True
film_theater,83319,Hadestown: The Musical,amc-woodinville-12,AMC Woodinville 12,1,ordinary,catalog,high,standard,normal_first_run,source_film_id,2026-07-23,2026-08-13,2026-08-13,22,22,97,97,confirmed_complete,Thursday,False,2026-07-09,True,2026-07-23,2026-07-23,1,6,0.0619,21,True,False,21,0,2026-08-14,True,True
film_theater,84807,Haiwaan,amc-alderwood-mall-16,AMC Alderwood Mall 16,1,ordinary,catalog,high,standard,normal_first_run,source_film_id,2026-09-11,2026-09-16,2026-09-16,6,6,6,6,confirmed_complete,Wednesday,False,2026-09-09,True,2026-09-11,2026-09-16,6,6,1.0,0,False,False,0,0,2026-09-18,True,True
film_theater,84956,Hanuman Ansh,amc-alderwood-mall-16,AMC Alderwood Mall 16,1,ordinary,catalog,high,standard,normal_first_run,source_film_id,2026-09-11,2026-09-23,2026-09-23,13,13,27,27,confirmed_complete,Wednesday,False,2026-09-09,True,2026-09-11,2026-09-16,6,6,0.2222,7,True,False,7,0,2026-09-25,True,True
film_theater,84542,Harry Potter & Deathly Hallows: Part 1 (HPD26),amc-alderwood-mall-16,AMC Alderwood Mall 16,1,special_event,catalog,high,concert_or_event,normal_first_run,source_film_id,2026-09-01,2026-09-01,2026-09-01,1,1,1,1,confirmed_complete,Tuesday,False,2026-08-18,True,2026-09-01,2026-09-01,1,1,1.0,0,False,False,0,0,2026-09-04,True,True
film_theater,84542,Harry Potter & Deathly Hallows: Part 1 (HPD26),amc-southcenter-16,AMC Southcenter 16,1,special_event,catalog,high,concert_or_event,normal_first_run,source_film_id,2026-09-01,2026-09-01,2026-09-01,1,1,1,1,confirmed_complete,Tuesday,False,2026-08-18,True,2026-09-01,2026-09-01,1,1,1.0,0,False,False,0,0,2026-09-04,True,True
film_theater,84543,Harry Potter & Deathly Hallows: Part 2 (HPD26),amc-alderwood-mall-16,AMC Alderwood Mall 16,1,special_event,catalog,high,concert_or_event,normal_first_run,source_film_id,2026-09-02,2026-09-02,2026-09-02,1,1,2,2,confirmed_complete,Wednesday,False,2026-08-19,True,2026-09-02,2026-09-02,1,1,0.5,0,False,False,0,0,2026-09-04,True,True
film_theater,84543,Harry Potter & Deathly Hallows: Part 2 (HPD26),amc-southcenter-16,AMC Southcenter 16,1,special_event,catalog,high,concert_or_event,normal_first_run,source_film_id,2026-09-02,2026-09-02,2026-09-02,1,1,1,1,confirmed_complete,Wednesday,False,2026-08-19,True,2026-09-02,2026-09-02,1,1,1.0,0,False,False,0,0,2026-09-04,True,True
film_theater,84537,Harry Potter And The Chamber of Secrets,amc-alderwood-mall-16,AMC Alderwood Mall 16,1,special_event,catalog,high,concert_or_event,normal_first_run,source_film_id,2026-08-27,2026-08-27,2026-08-27,1,1,1,1,confirmed_complete,Thursday,False,2026-08-13,True,2026-08-27,2026-08-27,1,1,1.0,0,False,False,0,0,2026-08-28,True,True
film_theater,84537,Harry Potter And The Chamber of Secrets,amc-southcenter-16,AMC Southcenter 16,1,special_event,catalog,high,concert_or_event,normal_first_run,source_film_id,2026-08-27,2026-08-27,2026-08-27,1,1,1,1,confirmed_complete,Thursday,False,2026-08-13,True,2026-08-27,2026-08-27,1,1,1.0,0,False,False,0,0,2026-08-28,True,True
film_theater,84539,Harry Potter And The Goblet Of Fire,amc-alderwood-mall-16,AMC Alderwood Mall 16,1,special_event,catalog,high,concert_or_event,normal_first_run,source_film_id,2026-08-29,2026-08-29,2026-08-29,1,1,1,1,confirmed_complete,Saturday,False,2026-08-15,True,2026-08-29,2026-08-29,1,1,1.0,0,False,False,0,0,2026-09-04,True,True
film_theater,84539,Harry Potter And The Goblet Of Fire,amc-southcenter-16,AMC Southcenter 16,1,special_event,catalog,high,concert_or_event,normal_first_run,source_film_id,2026-08-29,2026-08-29,2026-08-29,1,1,1,1,confirmed_complete,Saturday,False,2026-08-15,True,2026-08-29,2026-08-29,1,1,1.0,0,False,False,0,0,2026-09-04,True,True
film_theater,84541,Harry Potter And The Half Blood Prince,amc-alderwood-mall-16,AMC Alderwood Mall 16,1,special_event,catalog,high,concert_or_event,normal_first_run,source_film_id,2026-08-31,2026-08-31,2026-08-31,1,1,1,1,confirmed_complete,Monday,False,2026-08-17,True,2026-08-31,2026-08-31,1,1,1.0,0,False,False,0,0,2026-09-04,True,True
film_theater,84541,Harry Potter And The Half Blood Prince,amc-southcenter-16,AMC Southcenter 16,1,special_event,catalog,high,concert_or_event,normal_first_run,source_film_id,2026-08-31,2026-08-31,2026-08-31,1,1,1,1,confirmed_complete,Monday,False,2026-08-17,True,2026-08-31,2026-08-31,1,1,1.0,0,False,False,0,0,2026-09-04,True,True
film_theater,84540,Harry Potter And The Order Of The Phoenix (HPD26),amc-alderwood-mall-16,AMC Alderwood Mall 16,1,special_event,catalog,high,concert_or_event,normal_first_run,source_film_id,2026-08-30,2026-08-30,2026-08-30,1,1,1,1,confirmed_complete,Sunday,False,2026-08-16,True,2026-08-30,2026-08-30,1,1,1.0,0,False,False,0,0,2026-09-04,True,True
film_theater,84540,Harry Potter And The Order Of The Phoenix (HPD26),amc-southcenter-16,AMC Southcenter 16,1,special_event,catalog,high,concert_or_event,normal_first_run,source_film_id,2026-08-30,2026-08-30,2026-08-30,1,1,1,1,confirmed_complete,Sunday,False,2026-08-16,True,2026-08-30,2026-08-30,1,1,1.0,0,False,False,0,0,2026-09-04,True,True
film_theater,84595,Harry Potter And The Philosopher's Stone: 25th Anniversary,amc-alderwood-mall-16,AMC Alderwood Mall 16,1,rerelease,catalog,high,anniversary_or_rerelease,anniversary_re_release,source_film_id,2026-08-27,2026-09-02,2026-09-02,7,4,4,4,confirmed_complete,Wednesday,False,2026-08-13,True,2026-08-27,2026-08-27,1,1,0.25,6,True,False,3,0,2026-09-04,True,True
film_theater,84595,Harry Potter And The Philosopher's Stone: 25th Anniversary,amc-kent-station-14,AMC Kent Station 14,1,rerelease,catalog,high,anniversary_or_rerelease,anniversary_re_release,source_film_id,2026-08-28,2026-09-01,2026-09-01,5,3,3,3,confirmed_complete,Tuesday,False,2026-08-14,True,2026-08-28,2026-08-28,1,1,0.3333,4,True,False,2,0,2026-09-04,True,True
film_theater,84595,Harry Potter And The Philosopher's Stone: 25th Anniversary,amc-southcenter-16,AMC Southcenter 16,1,rerelease,catalog,high,anniversary_or_rerelease,anniversary_re_release,source_film_id,2026-08-27,2026-09-02,2026-09-02,7,4,4,4,confirmed_complete,Wednesday,False,2026-08-13,True,2026-08-27,2026-08-27,1,1,0.25,6,True,False,3,0,2026-09-04,True,True
film_theater,84595,Harry Potter And The Philosopher's Stone: 25th Anniversary,amc-woodinville-12,AMC Woodinville 12,1,rerelease,catalog,high,anniversary_or_rerelease,anniversary_re_release,source_film_id,2026-08-27,2026-09-02,2026-09-02,7,4,4,4,confirmed_complete,Wednesday,False,2026-08-13,True,2026-08-27,2026-08-27,1,1,0.25,6,True,False,3,0,2026-09-04,True,True
film_theater,84538,Harry Potter And The Prisoner Of Azkaban (HPD26),amc-alderwood-mall-16,AMC Alderwood Mall 16,1,ordinary,catalog,high,standard,normal_first_run,source_film_id,2026-08-28,2026-08-28,2026-08-28,1,1,1,1,confirmed_complete,Friday,False,2026-08-14,True,2026-08-28,2026-08-28,1,1,1.0,0,False,False,0,0,2026-09-04,True,True
film_theater,84538,Harry Potter And The Prisoner Of Azkaban (HPD26),amc-southcenter-16,AMC Southcenter 16,1,ordinary,catalog,high,standard,normal_first_run,source_film_id,2026-08-28,2026-08-28,2026-08-28,1,1,1,1,confirmed_complete,Friday,False,2026-08-14,True,2026-08-28,2026-08-28,1,1,1.0,0,False,False,0,0,2026-09-04,True,True
film_theater,84536,Harry Potter and the Sorcerer’s Stone: 25th Anniversary,amc-alderwood-mall-16,AMC Alderwood Mall 16,1,rerelease,catalog,high,anniversary_or_rerelease,anniversary_re_release,source_film_id,2026-08-28,2026-09-01,2026-09-01,5,3,3,3,confirmed_complete,Tuesday,False,2026-08-14,True,2026-08-28,2026-08-28,1,1,0.3333,4,True,False,2,0,2026-09-04,True,True
film_theater,84536,Harry Potter and the Sorcerer’s Stone: 25th Anniversary,amc-kent-station-14,AMC Kent Station 14,1,rerelease,catalog,high,anniversary_or_rerelease,anniversary_re_release,source_film_id,2026-08-27,2026-09-02,2026-09-02,7,5,6,6,confirmed_complete,Wednesday,False,2026-08-13,True,2026-08-27,2026-08-27,1,1,0.1667,6,True,False,4,0,2026-09-04,True,True
film_theater,84536,Harry Potter and the Sorcerer’s Stone: 25th Anniversary,amc-southcenter-16,AMC Southcenter 16,1,rerelease,catalog,high,anniversary_or_rerelease,anniversary_re_release,source_film_id,2026-08-28,2026-09-01,2026-09-01,5,3,3,3,confirmed_complete,Tuesday,False,2026-08-14,True,2026-08-28,2026-08-28,1,1,0.3333,4,True,False,2,0,2026-09-04,True,True
film_theater,84536,Harry Potter and the Sorcerer’s Stone: 25th Anniversary,amc-woodinville-12,AMC Woodinville 12,1,rerelease,catalog,high,anniversary_or_rerelease,anniversary_re_release,source_film_id,2026-08-28,2026-09-01,2026-09-01,5,3,5,5,confirmed_complete,Tuesday,False,2026-08-14,True,2026-08-28,2026-08-28,1,1,0.2,4,True,False,2,0,2026-09-04,True,True
film_theater,84186,Haunted Heist,amc-kent-station-14,AMC Kent Station 14,1,ordinary,catalog,high,standard,normal_first_run,source_film_id,2026-07-23,2026-07-29,2026-07-29,7,7,7,7,confirmed_complete,Wednesday,False,2026-07-21,True,2026-07-23,2026-07-29,7,7,1.0,0,False,False,0,0,2026-07-31,True,True
film_theater,84186,Haunted Heist,amc-southcenter-16,AMC Southcenter 16,1,ordinary,catalog,high,standard,normal_first_run,source_film_id,2026-07-23,2026-07-29,2026-07-29,7,7,27,27,confirmed_complete,Wednesday,False,2026-07-15,True,2026-07-23,2026-07-29,7,14,0.5185,0,False,False,0,0,2026-07-31,True,True
film_theater,82707,Heart of the Beast,amc-oak-tree-6,AMC Oak Tree 6,1,ordinary,catalog,high,standard,normal_first_run,source_film_id,2026-09-24,2026-09-30,2026-09-30,7,7,25,25,confirmed_complete,Wednesday,False,2026-09-03,True,2026-09-24,2026-09-30,7,9,0.36,0,False,False,0,8,2026-10-02,True,True
film_theater,84371,Heaven in Stone and Glass,amc-alderwood-mall-16,AMC Alderwood Mall 16,1,special_event,catalog,high,concert_or_event,normal_first_run,source_film_id,2026-09-20,2026-09-23,2026-09-23,4,2,3,3,confirmed_complete,Wednesday,False,2026-09-03,True,2026-09-20,2026-09-23,4,3,1.0,0,False,False,0,0,2026-09-25,True,True
film_theater,84371,Heaven in Stone and Glass,amc-kent-station-14,AMC Kent Station 14,1,special_event,catalog,high,concert_or_event,normal_first_run,source_film_id,2026-09-20,2026-09-23,2026-09-23,4,2,2,2,confirmed_complete,Wednesday,False,2026-09-03,True,2026-09-20,2026-09-23,4,2,1.0,0,False,False,0,1,2026-09-25,True,True
film_theater,84371,Heaven in Stone and Glass,amc-southcenter-16,AMC Southcenter 16,1,special_event,catalog,high,concert_or_event,normal_first_run,source_film_id,2026-09-20,2026-09-23,2026-09-23,4,2,3,3,confirmed_complete,Wednesday,False,2026-09-03,True,2026-09-20,2026-09-23,4,3,1.0,0,False,False,0,0,2026-09-25,True,True
film_theater,84371,Heaven in Stone and Glass,amc-woodinville-12,AMC Woodinville 12,1,special_event,catalog,high,concert_or_event,normal_first_run,source_film_id,2026-09-20,2026-09-23,2026-09-23,4,2,2,2,confirmed_complete,Wednesday,False,2026-09-03,True,2026-09-20,2026-09-23,4,2,1.0,0,False,False,0,1,2026-09-25,True,True
film_theater,83785,Her Private Hell,amc-alderwood-mall-16,AMC Alderwood Mall 16,1,ordinary,catalog,high,standard,normal_first_run,source_film_id,2026-07-23,2026-07-29,2026-07-29,7,7,24,24,confirmed_complete,Wednesday,False,2026-07-15,True,2026-07-23,2026-07-29,7,20,0.8333,0,False,False,0,0,2026-07-31,True,True
film_theater,83785,Her Private Hell,amc-factoria-8,AMC Factoria 8,1,ordinary,catalog,high,standard,normal_first_run,source_film_id,2026-07-23,2026-07-29,2026-07-29,7,7,19,19,confirmed_complete,Wednesday,False,2026-07-21,True,2026-07-23,2026-07-29,7,19,1.0,0,False,False,0,0,2026-07-31,True,True
film_theater,83785,Her Private Hell,amc-kent-station-14,AMC Kent Station 14,1,ordinary,catalog,high,standard,normal_first_run,source_film_id,2026-07-23,2026-07-29,2026-07-29,7,7,25,25,confirmed_complete,Wednesday,False,2026-07-15,True,2026-07-23,2026-07-29,7,20,0.8,0,False,False,0,0,2026-07-31,True,True
film_theater,83785,Her Private Hell,amc-oak-tree-6,AMC Oak Tree 6,1,ordinary,catalog,high,standard,normal_first_run,source_film_id,2026-07-23,2026-07-29,2026-07-29,7,7,14,14,confirmed_complete,Wednesday,False,2026-07-22,True,2026-07-23,2026-07-29,7,14,1.0,0,False,False,0,0,2026-07-31,True,True
film_theater,83785,Her Private Hell,amc-pacific-place-11,AMC Pacific Place 11,1,ordinary,catalog,high,standard,normal_first_run,source_film_id,2026-07-23,2026-07-29,2026-07-29,7,7,31,31,confirmed_complete,Wednesday,False,2026-07-15,True,2026-07-23,2026-07-29,7,20,0.6452,0,False,False,0,0,2026-07-31,True,True
film_theater,83785,Her Private Hell,amc-southcenter-16,AMC Southcenter 16,1,ordinary,catalog,high,standard,normal_first_run,source_film_id,2026-07-23,2026-07-29,2026-07-29,7,7,25,25,confirmed_complete,Wednesday,False,2026-07-15,True,2026-07-23,2026-07-29,7,20,0.8,0,False,False,0,0,2026-07-31,True,True
film_theater,83785,Her Private Hell,amc-woodinville-12,AMC Woodinville 12,1,ordinary,catalog,high,standard,normal_first_run,source_film_id,2026-07-23,2026-07-29,2026-07-29,7,7,17,17,confirmed_complete,Wednesday,False,2026-07-21,True,2026-07-24,2026-07-29,6,16,0.9412,0,False,False,1,0,2026-07-31,True,True
film_theater,84082,Hope,amc-alderwood-mall-16,AMC Alderwood Mall 16,1,ordinary,catalog,high,standard,normal_first_run,source_film_id,2026-09-09,2026-09-30,2026-09-30,22,22,67,67,confirmed_complete,Wednesday,False,2026-08-26,True,2026-09-09,2026-09-09,1,2,0.0299,21,True,False,21,0,2026-10-02,True,True
film_theater,84082,Hope,amc-oak-tree-6,AMC Oak Tree 6,1,ordinary,catalog,high,standard,normal_first_run,source_film_id,2026-09-11,2026-09-23,2026-09-23,13,13,37,37,confirmed_complete,Wednesday,False,2026-09-09,True,2026-09-11,2026-09-16,6,18,0.4865,7,True,False,7,0,2026-09-25,True,True
film_theater,84082,Hope,amc-pacific-place-11,AMC Pacific Place 11,1,ordinary,catalog,high,standard,normal_first_run,source_film_id,2026-09-09,2026-09-30,2026-09-30,22,22,55,55,confirmed_complete,Wednesday,False,2026-08-26,True,2026-09-09,2026-09-09,1,2,0.0364,21,True,False,21,0,2026-10-02,True,True
film_theater,84082,Hope,amc-woodinville-12,AMC Woodinville 12,1,ordinary,catalog,high,standard,normal_first_run,source_film_id,2026-09-09,2026-09-23,2026-09-23,15,15,40,40,confirmed_complete,Wednesday,False,2026-09-01,True,2026-09-09,2026-09-10,2,6,0.15,13,True,False,13,0,2026-09-25,True,True
film_theater,84769,HOPE Premium Early Access,amc-alderwood-mall-16,AMC Alderwood Mall 16,1,special_event,catalog,high,concert_or_event,opening_night,source_film_id,2026-09-07,2026-09-07,2026-09-07,1,1,1,1,confirmed_complete,Monday,False,2026-08-24,True,2026-09-07,2026-09-07,1,1,1.0,0,False,False,0,0,2026-09-11,True,True
film_theater,84769,HOPE Premium Early Access,amc-kent-station-14,AMC Kent Station 14,1,special_event,catalog,high,concert_or_event,opening_night,source_film_id,2026-09-07,2026-09-07,2026-09-07,1,1,1,1,confirmed_complete,Monday,False,2026-08-24,True,2026-09-07,2026-09-07,1,1,1.0,0,False,False,0,0,2026-09-11,True,True
film_theater,84769,HOPE Premium Early Access,amc-southcenter-16,AMC Southcenter 16,1,special_event,catalog,high,concert_or_event,opening_night,source_film_id,2026-09-07,2026-09-07,2026-09-07,1,1,1,1,confirmed_complete,Monday,False,2026-08-24,True,2026-09-07,2026-09-07,1,1,1.0,0,False,False,0,0,2026-09-11,True,True
film_theater,84769,HOPE Premium Early Access,amc-woodinville-12,AMC Woodinville 12,1,special_event,catalog,high,concert_or_event,opening_night,source_film_id,2026-09-07,2026-09-07,2026-09-07,1,1,1,1,confirmed_complete,Monday,False,2026-08-24,True,2026-09-07,2026-09-07,1,1,1.0,0,False,False,0,0,2026-09-11,True,True
film_theater,83783,Hot Spot,amc-alderwood-mall-16,AMC Alderwood Mall 16,1,ordinary,catalog,high,standard,normal_first_run,source_film_id,2026-08-20,2026-08-26,2026-08-26,7,7,47,47,confirmed_complete,Wednesday,False,2026-08-13,True,2026-08-20,2026-08-26,7,28,0.5957,0,False,False,0,0,2026-08-28,True,True
film_theater,83783,Hot Spot,amc-kent-station-14,AMC Kent Station 14,1,ordinary,catalog,high,standard,normal_first_run,source_film_id,2026-08-20,2026-08-27,2026-08-27,8,8,39,39,confirmed_complete,Thursday,False,2026-08-13,True,2026-08-20,2026-08-27,8,32,0.8205,0,False,False,0,0,2026-08-28,True,True
film_theater,83783,Hot Spot,amc-southcenter-16,AMC Southcenter 16,1,ordinary,catalog,high,standard,normal_first_run,source_film_id,2026-08-20,2026-08-26,2026-08-26,7,7,34,34,confirmed_complete,Wednesday,False,2026-08-13,True,2026-08-20,2026-08-26,7,34,1.0,0,False,False,0,0,2026-08-28,True,True
film_theater,83783,Hot Spot,amc-woodinville-12,AMC Woodinville 12,1,ordinary,catalog,high,standard,normal_first_run,source_film_id,2026-08-20,2026-08-27,2026-08-27,8,8,35,35,confirmed_complete,Thursday,False,2026-08-13,True,2026-08-20,2026-08-26,7,34,0.9714,1,True,False,1,0,2026-08-28,True,True
film_theater,84533,House of Worship,amc-alderwood-mall-16,AMC Alderwood Mall 16,1,special_event,catalog,high,concert_or_event,normal_first_run,source_film_id,2026-08-23,2026-08-26,2026-08-26,4,3,4,4,confirmed_complete,Wednesday,False,2026-08-09,True,2026-08-23,2026-08-23,1,1,0.25,3,True,False,2,0,2026-08-28,True,True
film_theater,84533,House of Worship,amc-southcenter-16,AMC Southcenter 16,1,special_event,catalog,high,concert_or_event,normal_first_run,source_film_id,2026-08-23,2026-08-26,2026-08-26,4,3,5,5,confirmed_complete,Wednesday,False,2026-08-09,True,2026-08-23,2026-08-23,1,2,0.4,3,True,False,2,0,2026-08-28,True,True
film_theater,83807,How to Train Your Dragon,amc-alderwood-mall-16,AMC Alderwood Mall 16,1,ordinary_title_only,title_only,low,unknown,normal_first_run,source_film_id,2026-07-06,2026-07-08,2026-07-08,3,2,4,4,confirmed_complete,Wednesday,True,2026-06-29,False,2026-07-06,2026-07-08,3,4,,,,,0,0,2026-07-10,True,True
film_theater,83807,How to Train Your Dragon,amc-kent-station-14,AMC Kent Station 14,1,ordinary_title_only,title_only,low,unknown,normal_first_run,source_film_id,2026-07-06,2026-07-08,2026-07-08,3,2,4,4,confirmed_complete,Wednesday,True,2026-06-29,False,2026-07-06,2026-07-08,3,4,,,,,0,0,2026-07-10,True,True
film_theater,83807,How to Train Your Dragon,amc-southcenter-16,AMC Southcenter 16,1,ordinary_title_only,title_only,low,unknown,normal_first_run,source_film_id,2026-07-06,2026-07-08,2026-07-08,3,2,4,4,confirmed_complete,Wednesday,True,2026-06-29,False,2026-07-06,2026-07-08,3,4,,,,,0,0,2026-07-10,True,True
film_theater,83807,How to Train Your Dragon,amc-woodinville-12,AMC Woodinville 12,1,ordinary_title_only,title_only,low,unknown,normal_first_run,source_film_id,2026-07-06,2026-07-08,2026-07-08,3,2,4,4,confirmed_complete,Wednesday,True,2026-06-29,False,2026-07-06,2026-07-08,3,4,,,,,0,0,2026-07-10,True,True
film_theater,84677,Hushar Pittalu,amc-alderwood-mall-16,AMC Alderwood Mall 16,1,ordinary,catalog,high,standard,normal_first_run,source_film_id,2026-08-18,2026-08-18,2026-08-18,1,1,1,1,confirmed_complete,Tuesday,False,2026-08-14,True,2026-08-18,2026-08-18,1,1,1.0,0,False,False,0,0,2026-08-21,True,True
film_theater,84257,I Know Who You Are,amc-alderwood-mall-16,AMC Alderwood Mall 16,1,ordinary_title_only,title_only,low,unknown,normal_first_run,source_film_id,2026-07-02,2026-07-08,2026-07-08,7,7,7,7,confirmed_complete,Wednesday,False,2026-07-01,True,2026-07-02,2026-07-08,7,7,1.0,0,False,False,0,0,2026-07-10,True,True
film_theater,84257,I Know Who You Are,amc-pacific-place-11,AMC Pacific Place 11,1,ordinary_title_only,title_only,low,unknown,normal_first_run,source_film_id,2026-07-02,2026-07-09,2026-07-09,8,8,18,18,confirmed_complete,Thursday,False,2026-07-01,True,2026-07-02,2026-07-08,7,17,0.9444,1,True,False,1,0,2026-07-10,True,True
film_theater,83178,I Want Your Sex,amc-alderwood-mall-16,AMC Alderwood Mall 16,1,ordinary,catalog,high,standard,normal_first_run,source_film_id,2026-07-30,2026-08-06,2026-08-06,8,8,22,22,confirmed_complete,Thursday,False,2026-07-17,True,2026-07-30,2026-07-31,2,6,0.2727,6,True,False,6,0,2026-08-07,True,True
film_theater,83178,I Want Your Sex,amc-kent-station-14,AMC Kent Station 14,1,ordinary,catalog,high,standard,normal_first_run,source_film_id,2026-07-30,2026-08-06,2026-08-06,8,8,43,43,confirmed_complete,Thursday,False,2026-07-17,True,2026-07-30,2026-07-31,2,6,0.1395,6,True,False,6,0,2026-08-07,True,True
film_theater,83178,I Want Your Sex,amc-pacific-place-11,AMC Pacific Place 11,1,ordinary,catalog,high,standard,normal_first_run,source_film_id,2026-07-30,2026-08-06,2026-08-06,8,8,21,21,confirmed_complete,Thursday,False,2026-07-17,True,2026-07-30,2026-07-31,2,5,0.2381,6,True,False,6,0,2026-08-07,True,True
film_theater,83178,I Want Your Sex,amc-southcenter-16,AMC Southcenter 16,1,ordinary,catalog,high,standard,normal_first_run,source_film_id,2026-07-30,2026-08-05,2026-08-05,7,7,27,27,confirmed_complete,Wednesday,False,2026-07-17,True,2026-07-30,2026-07-31,2,5,0.1852,5,True,False,5,0,2026-08-07,True,True
film_theater,83178,I Want Your Sex,amc-woodinville-12,AMC Woodinville 12,1,ordinary,catalog,high,standard,normal_first_run,source_film_id,2026-09-07,2026-09-07,2026-09-07,1,1,1,1,confirmed_complete,Monday,False,2026-09-01,True,2026-09-07,2026-09-07,1,1,1.0,0,False,False,0,0,2026-09-11,True,True
film_theater,84528,I'm Game,amc-southcenter-16,AMC Southcenter 16,1,ordinary,catalog,high,standard,normal_first_run,source_film_id,2026-09-03,2026-09-09,2026-09-09,7,7,7,7,confirmed_complete,Wednesday,False,2026-09-03,False,2026-09-03,2026-09-09,7,7,,,,,0,0,2026-09-11,True,True
film_theater,83358,Ice Cream Man,amc-alderwood-mall-16,AMC Alderwood Mall 16,1,ordinary,catalog,high,standard,normal_first_run,source_film_id,2026-08-06,2026-08-19,2026-08-19,14,14,33,33,confirmed_complete,Wednesday,False,2026-07-23,True,2026-08-06,2026-08-06,1,2,0.0606,13,True,False,13,0,2026-08-21,True,True
film_theater,83358,Ice Cream Man,amc-kent-station-14,AMC Kent Station 14,1,ordinary,catalog,high,standard,normal_first_run,source_film_id,2026-08-06,2026-08-20,2026-08-20,15,15,52,52,confirmed_complete,Thursday,False,2026-07-23,True,2026-08-06,2026-08-06,1,2,0.0385,14,True,False,14,0,2026-08-21,True,True
film_theater,83358,Ice Cream Man,amc-pacific-place-11,AMC Pacific Place 11,1,ordinary,catalog,high,standard,normal_first_run,source_film_id,2026-08-06,2026-08-13,2026-08-13,8,8,13,13,confirmed_complete,Thursday,False,2026-08-04,True,2026-08-06,2026-08-07,2,4,0.3077,6,True,False,6,0,2026-08-14,True,True
film_theater,83358,Ice Cream Man,amc-southcenter-16,AMC Southcenter 16,1,ordinary,catalog,high,standard,normal_first_run,source_film_id,2026-08-06,2026-08-19,2026-08-19,14,14,45,45,confirmed_complete,Wednesday,False,2026-07-23,True,2026-08-06,2026-08-06,1,2,0.0444,13,True,False,13,0,2026-08-21,True,True
film_theater,83358,Ice Cream Man,amc-woodinville-12,AMC Woodinville 12,1,ordinary,catalog,high,standard,normal_first_run,source_film_id,2026-08-06,2026-08-12,2026-08-12,7,7,16,16,confirmed_complete,Wednesday,False,2026-08-04,True,2026-08-06,2026-08-12,7,16,1.0,0,False,False,0,0,2026-08-14,True,True
film_theater,83461,Idiots,amc-alderwood-mall-16,AMC Alderwood Mall 16,1,ordinary,catalog,high,standard,normal_first_run,source_film_id,2026-08-27,2026-09-02,2026-09-02,7,7,9,9,confirmed_complete,Wednesday,False,2026-08-13,True,2026-08-27,2026-08-27,1,1,0.1111,6,True,False,6,0,2026-09-04,True,True
film_theater,83461,Idiots,amc-kent-station-14,AMC Kent Station 14,1,ordinary,catalog,high,standard,normal_first_run,source_film_id,2026-08-27,2026-09-03,2026-09-03,8,8,13,13,confirmed_complete,Thursday,False,2026-08-25,True,2026-08-27,2026-09-02,7,10,0.7692,1,True,False,1,0,2026-09-04,True,True
film_theater,83461,Idiots,amc-southcenter-16,AMC Southcenter 16,1,ordinary,catalog,high,standard,normal_first_run,source_film_id,2026-08-27,2026-09-02,2026-09-02,7,7,12,12,confirmed_complete,Wednesday,False,2026-08-13,True,2026-08-27,2026-08-27,1,3,0.25,6,True,False,6,0,2026-09-04,True,True
film_theater,83461,Idiots,amc-woodinville-12,AMC Woodinville 12,1,ordinary,catalog,high,standard,normal_first_run,source_film_id,2026-08-27,2026-09-02,2026-09-02,7,7,9,9,confirmed_complete,Wednesday,False,2026-08-26,True,2026-08-27,2026-09-02,7,9,1.0,0,False,False,0,0,2026-09-04,True,True
film_theater,84783,Idiots Early Access,amc-alderwood-mall-16,AMC Alderwood Mall 16,1,special_event,catalog,high,concert_or_event,opening_night,source_film_id,2026-08-25,2026-08-25,2026-08-25,1,1,1,1,confirmed_complete,Tuesday,False,2026-08-15,True,2026-08-25,2026-08-25,1,1,1.0,0,False,False,0,0,2026-08-28,True,True
film_theater,84783,Idiots Early Access,amc-southcenter-16,AMC Southcenter 16,1,special_event,catalog,high,concert_or_event,opening_night,source_film_id,2026-08-25,2026-08-25,2026-08-25,1,1,1,1,confirmed_complete,Tuesday,False,2026-08-15,True,2026-08-25,2026-08-25,1,1,1.0,0,False,False,0,0,2026-08-28,True,True
film_theater,84453,If I Go Will They Miss Me,amc-alderwood-mall-16,AMC Alderwood Mall 16,1,ordinary,catalog,high,standard,normal_first_run,source_film_id,2026-09-17,2026-09-23,2026-09-23,7,7,13,13,confirmed_complete,Wednesday,False,2026-09-16,True,2026-09-17,2026-09-23,7,13,1.0,0,False,False,0,0,2026-09-25,True,True
film_theater,84389,If I Tell You,amc-alderwood-mall-16,AMC Alderwood Mall 16,1,ordinary,catalog,high,standard,normal_first_run,source_film_id,2026-08-27,2026-08-27,2026-08-27,1,1,1,1,confirmed_complete,Thursday,False,2026-08-13,True,2026-08-27,2026-08-27,1,1,1.0,0,False,False,0,0,2026-08-28,True,True
film_theater,83905,Inglaterra vs Argentina - Semifinales - Telemundo presenta la Copa Mundial de la FIFA 2026,amc-alderwood-mall-16,AMC Alderwood Mall 16,1,special_event,catalog,high,concert_or_event,concert_live_encore,source_film_id,2026-07-15,2026-07-15,2026-07-15,1,1,1,1,confirmed_complete,Wednesday,False,2026-07-01,True,2026-07-15,2026-07-15,1,1,1.0,0,False,False,0,0,2026-07-17,True,True
film_theater,83905,Inglaterra vs Argentina - Semifinales - Telemundo presenta la Copa Mundial de la FIFA 2026,amc-southcenter-16,AMC Southcenter 16,1,special_event,catalog,high,concert_or_event,concert_live_encore,source_film_id,2026-07-15,2026-07-15,2026-07-15,1,1,1,1,confirmed_complete,Wednesday,False,2026-07-01,True,2026-07-15,2026-07-15,1,1,1.0,0,False,False,0,0,2026-07-17,True,True
film_theater,title:inglaterra-vs-rd-del-congo-telemundo-presenta-la-copa-mundial-de-la-fifa-2026,Inglaterra vs RD del Congo - Telemundo presenta la Copa Mundial de la FIFA 2026,amc-southcenter-16,AMC Southcenter 16,1,special_event_title_only,title_only,low,unknown,concert_live_encore,title_fallback,2026-07-01,2026-07-01,2026-07-01,1,1,1,1,confirmed_complete,Wednesday,True,2026-06-29,False,2026-07-01,2026-07-01,1,1,,,,,0,0,2026-07-03,True,True
film_theater,77101,Insidious: Out of the Further,amc-alderwood-mall-16,AMC Alderwood Mall 16,1,ordinary,catalog,high,standard,normal_first_run,source_film_id,2026-08-20,2026-09-23,2026-09-23,35,35,176,176,confirmed_complete,Wednesday,False,2026-08-06,True,2026-08-20,2026-08-20,1,4,0.0227,34,True,False,34,0,2026-09-25,True,True
film_theater,77101,Insidious: Out of the Further,amc-factoria-8,AMC Factoria 8,1,ordinary,catalog,high,standard,normal_first_run,source_film_id,2026-08-20,2026-09-10,2026-09-10,22,22,102,102,confirmed_complete,Thursday,False,2026-08-06,True,2026-08-20,2026-08-20,1,4,0.0392,21,True,False,21,0,2026-09-11,True,True
film_theater,77101,Insidious: Out of the Further,amc-kent-station-14,AMC Kent Station 14,1,ordinary,catalog,high,standard,normal_first_run,source_film_id,2026-08-20,2026-09-24,2026-09-24,36,36,139,139,confirmed_complete,Thursday,False,2026-08-06,True,2026-08-20,2026-08-20,1,4,0.0288,35,True,False,35,0,2026-09-25,True,True
film_theater,77101,Insidious: Out of the Further,amc-oak-tree-6,AMC Oak Tree 6,1,ordinary,catalog,high,standard,normal_first_run,source_film_id,2026-08-20,2026-09-02,2026-09-02,14,14,74,74,confirmed_complete,Wednesday,False,2026-08-17,True,2026-08-20,2026-08-31,12,26,0.3514,2,True,False,2,0,2026-09-04,True,True
film_theater,77101,Insidious: Out of the Further,amc-pacific-place-11,AMC Pacific Place 11,1,ordinary,catalog,high,standard,normal_first_run,source_film_id,2026-08-20,2026-09-03,2026-09-03,15,15,58,58,confirmed_complete,Thursday,False,2026-08-06,True,2026-08-20,2026-08-20,1,4,0.069,14,True,False,14,0,2026-09-04,True,True
film_theater,77101,Insidious: Out of the Further,amc-southcenter-16,AMC Southcenter 16,1,ordinary,catalog,high,standard,normal_first_run,source_film_id,2026-08-20,2026-09-23,2026-09-23,35,35,142,142,confirmed_complete,Wednesday,False,2026-08-06,True,2026-08-20,2026-08-20,1,4,0.0282,34,True,False,34,0,2026-09-25,True,True
film_theater,77101,Insidious: Out of the Further,amc-woodinville-12,AMC Woodinville 12,1,ordinary,catalog,high,standard,normal_first_run,source_film_id,2026-08-20,2026-09-17,2026-09-17,29,29,100,100,confirmed_complete,Thursday,False,2026-08-06,True,2026-08-20,2026-08-20,1,4,0.04,28,True,False,28,0,2026-09-18,True,True
film_theater,84139,Irumudi,amc-alderwood-mall-16,AMC Alderwood Mall 16,1,ordinary,catalog,high,standard,normal_first_run,source_film_id,2026-08-20,2026-08-26,2026-08-26,7,7,7,7,confirmed_complete,Wednesday,False,2026-08-19,True,2026-08-20,2026-08-26,7,7,1.0,0,False,False,0,0,2026-08-28,True,True
film_theater,84139,Irumudi,amc-southcenter-16,AMC Southcenter 16,1,ordinary,catalog,high,standard,normal_first_run,source_film_id,2026-08-27,2026-09-02,2026-09-02,7,7,8,8,confirmed_complete,Wednesday,False,2026-08-25,True,2026-08-28,2026-08-28,1,2,0.25,5,True,False,6,0,2026-09-04,True,True
film_theater,84289,It Ends,amc-alderwood-mall-16,AMC Alderwood Mall 16,1,ordinary,catalog,high,standard,normal_first_run,source_film_id,2026-08-27,2026-09-02,2026-09-02,7,7,16,16,confirmed_complete,Wednesday,False,2026-08-26,True,2026-08-27,2026-09-02,7,16,1.0,0,False,False,0,0,2026-09-04,True,True
film_theater,84289,It Ends,amc-kent-station-14,AMC Kent Station 14,1,ordinary,catalog,high,standard,normal_first_run,source_film_id,2026-08-27,2026-09-03,2026-09-03,8,8,12,12,confirmed_complete,Thursday,False,2026-08-25,True,2026-08-27,2026-09-02,7,10,0.8333,1,True,False,1,0,2026-09-04,True,True
film_theater,84289,It Ends,amc-pacific-place-11,AMC Pacific Place 11,1,ordinary,catalog,high,standard,normal_first_run,source_film_id,2026-08-27,2026-09-03,2026-09-03,8,8,14,14,confirmed_complete,Thursday,False,2026-08-25,True,2026-08-27,2026-08-28,2,3,0.2143,6,True,False,6,0,2026-09-04,True,True
film_theater,84289,It Ends,amc-southcenter-16,AMC Southcenter 16,1,ordinary,catalog,high,standard,normal_first_run,source_film_id,2026-08-27,2026-09-02,2026-09-02,7,7,13,13,confirmed_complete,Wednesday,False,2026-08-25,True,2026-08-28,2026-08-28,1,2,0.1538,5,True,False,6,0,2026-09-04,True,True
film_theater,84289,It Ends,amc-woodinville-12,AMC Woodinville 12,1,ordinary,catalog,high,standard,normal_first_run,source_film_id,2026-08-27,2026-09-03,2026-09-03,8,7,7,7,confirmed_complete,Thursday,False,2026-08-26,True,2026-08-27,2026-09-02,7,6,0.8571,1,True,False,1,0,2026-09-04,True,True
film_theater,title:jackass-best-and-last,Jackass: Best and Last,amc-alderwood-mall-16,AMC Alderwood Mall 16,1,ordinary_title_only,title_only,low,unknown,normal_first_run,title_fallback,2026-06-29,2026-06-30,2026-06-30,2,2,10,10,confirmed_complete,Tuesday,True,2026-06-29,False,2026-06-29,2026-06-30,2,10,,,,,0,0,2026-07-03,True,True
film_theater,82549,Jackass: Best and Last,amc-alderwood-mall-16,AMC Alderwood Mall 16,1,ordinary,catalog,high,standard,normal_first_run,source_film_id,2026-07-01,2026-07-15,2026-07-15,15,15,53,53,confirmed_complete,Wednesday,True,2026-06-29,False,2026-07-01,2026-07-02,2,10,,,,,0,0,2026-07-17,True,True
film_theater,title:jackass-best-and-last,Jackass: Best and Last,amc-factoria-8,AMC Factoria 8,1,ordinary_title_only,title_only,low,unknown,normal_first_run,title_fallback,2026-06-29,2026-06-30,2026-06-30,2,2,10,10,confirmed_complete,Tuesday,True,2026-06-29,False,2026-06-29,2026-06-30,2,10,,,,,0,0,2026-07-03,True,True
film_theater,82549,Jackass: Best and Last,amc-factoria-8,AMC Factoria 8,1,ordinary,catalog,high,standard,normal_first_run,source_film_id,2026-07-01,2026-07-09,2026-07-09,9,9,41,41,confirmed_complete,Thursday,True,2026-06-29,False,2026-07-01,2026-07-02,2,10,,,,,0,0,2026-07-10,True,True
film_theater,title:jackass-best-and-last,Jackass: Best and Last,amc-kent-station-14,AMC Kent Station 14,1,ordinary_title_only,title_only,low,unknown,normal_first_run,title_fallback,2026-06-29,2026-06-30,2026-06-30,2,2,12,12,confirmed_complete,Tuesday,True,2026-06-29,False,2026-06-29,2026-06-30,2,12,,,,,0,0,2026-07-03,True,True
film_theater,82549,Jackass: Best and Last,amc-kent-station-14,AMC Kent Station 14,1,ordinary,catalog,high,standard,normal_first_run,source_film_id,2026-07-01,2026-07-16,2026-07-16,16,16,51,51,confirmed_complete,Thursday,True,2026-06-29,False,2026-07-01,2026-07-02,2,12,,,,,0,0,2026-07-17,True,True
film_theater,title:jackass-best-and-last,Jackass: Best and Last,amc-oak-tree-6,AMC Oak Tree 6,1,ordinary_title_only,title_only,low,unknown,normal_first_run,title_fallback,2026-06-29,2026-07-02,2026-07-02,4,3,12,12,confirmed_complete,Thursday,True,2026-06-29,False,2026-06-29,2026-07-02,4,12,,,,,0,0,2026-07-03,True,True
film_theater,82549,Jackass: Best and Last,amc-oak-tree-6,AMC Oak Tree 6,1,ordinary,catalog,high,standard,normal_first_run,source_film_id,2026-07-01,2026-07-08,2026-07-08,8,8,36,36,confirmed_complete,Wednesday,True,2026-06-29,False,2026-07-01,2026-07-02,2,5,,,,,0,0,2026-07-10,True,True
film_theater,title:jackass-best-and-last,Jackass: Best and Last,amc-pacific-place-11,AMC Pacific Place 11,1,ordinary_title_only,title_only,low,unknown,normal_first_run,title_fallback,2026-06-29,2026-06-30,2026-06-30,2,2,9,9,confirmed_complete,Tuesday,True,2026-06-29,False,2026-06-29,2026-06-30,2,9,,,,,0,0,2026-07-03,True,True
film_theater,82549,Jackass: Best and Last,amc-pacific-place-11,AMC Pacific Place 11,1,ordinary,catalog,high,standard,normal_first_run,source_film_id,2026-07-01,2026-07-09,2026-07-09,9,9,37,37,confirmed_complete,Thursday,True,2026-06-29,False,2026-07-01,2026-07-02,2,9,,,,,0,0,2026-07-10,True,True
film_theater,title:jackass-best-and-last,Jackass: Best and Last,amc-southcenter-16,AMC Southcenter 16,1,ordinary_title_only,title_only,low,unknown,normal_first_run,title_fallback,2026-06-29,2026-06-30,2026-06-30,2,2,11,11,confirmed_complete,Tuesday,True,2026-06-29,False,2026-06-29,2026-06-30,2,11,,,,,0,0,2026-07-03,True,True
film_theater,82549,Jackass: Best and Last,amc-southcenter-16,AMC Southcenter 16,1,ordinary,catalog,high,standard,normal_first_run,source_film_id,2026-07-01,2026-07-09,2026-07-09,9,9,48,48,confirmed_complete,Thursday,True,2026-06-29,False,2026-07-01,2026-07-01,1,6,,,,,0,0,2026-07-10,True,True
film_theater,title:jackass-best-and-last,Jackass: Best and Last,amc-woodinville-12,AMC Woodinville 12,1,ordinary_title_only,title_only,low,unknown,normal_first_run,title_fallback,2026-06-29,2026-06-30,2026-06-30,2,2,10,10,confirmed_complete,Tuesday,True,2026-06-29,False,2026-06-29,2026-06-30,2,10,,,,,0,0,2026-07-03,True,True
film_theater,82549,Jackass: Best and Last,amc-woodinville-12,AMC Woodinville 12,1,ordinary,catalog,high,standard,normal_first_run,source_film_id,2026-07-01,2026-07-09,2026-07-09,9,9,36,36,confirmed_complete,Thursday,True,2026-06-29,False,2026-07-01,2026-07-01,1,5,,,,,0,0,2026-07-10,True,True
film_theater,82113,Jana Nayagan,amc-alderwood-mall-16,AMC Alderwood Mall 16,1,ordinary,catalog,high,standard,normal_first_run,source_film_id,2026-07-22,2026-07-29,2026-07-29,8,8,13,13,confirmed_complete,Wednesday,False,2026-07-22,False,2026-07-22,2026-07-29,8,13,,,,,0,0,2026-07-31,True,True
film_theater,82113,Jana Nayagan,amc-factoria-8,AMC Factoria 8,1,ordinary,catalog,high,standard,normal_first_run,source_film_id,2026-07-22,2026-07-23,2026-07-23,2,2,4,4,confirmed_complete,Thursday,False,2026-07-18,True,2026-07-22,2026-07-22,1,3,0.75,1,True,False,1,0,2026-07-24,True,True
film_theater,84552,Juan Gabriel: Mi Primer Bellas Artes,amc-alderwood-mall-16,AMC Alderwood Mall 16,1,special_event,catalog,high,concert_or_event,normal_first_run,source_film_id,2026-09-15,2026-09-16,2026-09-16,2,2,2,2,confirmed_complete,Wednesday,False,2026-09-01,True,2026-09-15,2026-09-15,1,1,0.5,1,True,False,1,0,2026-09-18,True,True
film_theater,84552,Juan Gabriel: Mi Primer Bellas Artes,amc-kent-station-14,AMC Kent Station 14,1,special_event,catalog,high,concert_or_event,normal_first_run,source_film_id,2026-09-15,2026-09-16,2026-09-16,2,2,3,3,confirmed_complete,Wednesday,False,2026-09-01,True,2026-09-15,2026-09-15,1,1,0.3333,1,True,False,1,0,2026-09-18,True,True
film_theater,84552,Juan Gabriel: Mi Primer Bellas Artes,amc-southcenter-16,AMC Southcenter 16,1,special_event,catalog,high,concert_or_event,normal_first_run,source_film_id,2026-09-15,2026-09-16,2026-09-16,2,2,2,2,confirmed_complete,Wednesday,False,2026-09-01,True,2026-09-15,2026-09-15,1,1,0.5,1,True,False,1,0,2026-09-18,True,True
film_theater,83778,KATSEYE: WILD HEARTS,amc-alderwood-mall-16,AMC Alderwood Mall 16,1,special_event,catalog,high,concert_or_event,normal_first_run,source_film_id,2026-08-12,2026-08-23,2026-08-23,12,8,13,13,confirmed_complete,Sunday,False,2026-07-29,True,2026-08-12,2026-08-12,1,2,0.1538,11,True,False,7,0,2026-08-28,True,True
film_theater,83778,KATSEYE: WILD HEARTS,amc-kent-station-14,AMC Kent Station 14,1,special_event,catalog,high,concert_or_event,normal_first_run,source_film_id,2026-08-12,2026-08-16,2026-08-16,5,5,6,6,confirmed_complete,Sunday,False,2026-07-29,True,2026-08-12,2026-08-12,1,1,0.1667,4,True,False,4,0,2026-08-21,True,True
film_theater,83778,KATSEYE: WILD HEARTS,amc-southcenter-16,AMC Southcenter 16,1,special_event,catalog,high,concert_or_event,normal_first_run,source_film_id,2026-08-12,2026-08-16,2026-08-16,5,5,5,5,confirmed_complete,Sunday,False,2026-07-29,True,2026-08-12,2026-08-12,1,1,0.2,4,True,False,4,0,2026-08-21,True,True
film_theater,84442,Katy Perry: The Lifetimes Tour - Live From Paris,amc-alderwood-mall-16,AMC Alderwood Mall 16,1,special_event,catalog,high,concert_or_event,normal_first_run,source_film_id,2026-09-02,2026-09-02,2026-09-02,1,1,1,1,confirmed_complete,Wednesday,False,2026-08-19,True,2026-09-02,2026-09-02,1,1,1.0,0,False,False,0,0,2026-09-04,True,True
film_theater,84442,Katy Perry: The Lifetimes Tour - Live From Paris,amc-kent-station-14,AMC Kent Station 14,1,special_event,catalog,high,concert_or_event,normal_first_run,source_film_id,2026-09-02,2026-09-02,2026-09-02,1,1,1,1,confirmed_complete,Wednesday,False,2026-08-19,True,2026-09-02,2026-09-02,1,1,1.0,0,False,False,0,0,2026-09-04,True,True
film_theater,84442,Katy Perry: The Lifetimes Tour - Live From Paris,amc-southcenter-16,AMC Southcenter 16,1,special_event,catalog,high,concert_or_event,normal_first_run,source_film_id,2026-09-02,2026-09-02,2026-09-02,1,1,1,1,confirmed_complete,Wednesday,False,2026-08-19,True,2026-09-02,2026-09-02,1,1,1.0,0,False,False,0,0,2026-09-04,True,True
film_theater,84447,La La Land 10th Anniversary,amc-alderwood-mall-16,AMC Alderwood Mall 16,1,rerelease,catalog,high,anniversary_or_rerelease,anniversary_re_release,source_film_id,2026-08-16,2026-08-26,2026-08-26,11,10,17,17,confirmed_complete,Wednesday,False,2026-08-02,True,2026-08-16,2026-08-16,1,3,0.1765,10,True,False,9,0,2026-08-28,True,True
film_theater,84447,La La Land 10th Anniversary,amc-kent-station-14,AMC Kent Station 14,1,rerelease,catalog,high,anniversary_or_rerelease,anniversary_re_release,source_film_id,2026-08-16,2026-08-26,2026-08-26,11,9,14,14,confirmed_complete,Wednesday,False,2026-08-02,True,2026-08-16,2026-08-16,1,3,0.2143,10,True,False,8,0,2026-08-28,True,True
film_theater,84447,La La Land 10th Anniversary,amc-southcenter-16,AMC Southcenter 16,1,rerelease,catalog,high,anniversary_or_rerelease,anniversary_re_release,source_film_id,2026-08-16,2026-08-17,2026-08-17,2,2,7,7,confirmed_complete,Monday,False,2026-08-02,True,2026-08-16,2026-08-16,1,3,0.4286,1,True,False,1,0,2026-08-21,True,True
film_theater,84447,La La Land 10th Anniversary,amc-woodinville-12,AMC Woodinville 12,1,rerelease,catalog,high,anniversary_or_rerelease,anniversary_re_release,source_film_id,2026-08-16,2026-08-27,2026-08-27,12,10,15,15,confirmed_complete,Thursday,False,2026-08-02,True,2026-08-16,2026-08-16,1,3,0.2,11,True,False,9,0,2026-08-28,True,True
film_theater,78244,Laufey's A Night At The Symphony: Hollywood Bowl,amc-southcenter-16,AMC Southcenter 16,1,special_event,catalog,high,concert_or_event,normal_first_run,source_film_id,2026-08-23,2026-08-23,2026-08-23,1,1,1,1,confirmed_complete,Sunday,False,2026-08-15,True,2026-08-23,2026-08-23,1,1,1.0,0,False,False,0,0,2026-08-28,True,True
film_theater,84497,Learning to Fly,amc-pacific-place-11,AMC Pacific Place 11,1,ordinary,catalog,high,standard,normal_first_run,source_film_id,2026-08-21,2026-08-26,2026-08-26,6,6,6,6,confirmed_complete,Wednesday,False,2026-08-18,True,2026-08-21,2026-08-21,1,1,0.1667,5,True,False,5,0,2026-08-28,True,True
film_theater,83347,Legend of the White Dragon,amc-alderwood-mall-16,AMC Alderwood Mall 16,1,ordinary,catalog,high,standard,normal_first_run,source_film_id,2026-08-28,2026-09-01,2026-09-01,5,4,4,4,confirmed_complete,Tuesday,False,2026-08-14,True,2026-08-28,2026-08-28,1,1,0.25,4,True,False,3,0,2026-09-04,True,True
film_theater,83347,Legend of the White Dragon,amc-kent-station-14,AMC Kent Station 14,1,ordinary,catalog,high,standard,normal_first_run,source_film_id,2026-08-28,2026-09-01,2026-09-01,5,4,4,4,confirmed_complete,Tuesday,False,2026-08-14,True,2026-08-28,2026-08-28,1,1,0.25,4,True,False,3,0,2026-09-04,True,True
film_theater,83347,Legend of the White Dragon,amc-southcenter-16,AMC Southcenter 16,1,ordinary,catalog,high,standard,normal_first_run,source_film_id,2026-08-28,2026-09-01,2026-09-01,5,4,4,4,confirmed_complete,Tuesday,False,2026-08-14,True,2026-08-28,2026-08-28,1,1,0.25,4,True,False,3,0,2026-09-04,True,True
film_theater,title:leviticus,Leviticus,amc-alderwood-mall-16,AMC Alderwood Mall 16,1,ordinary_title_only,title_only,low,unknown,normal_first_run,title_fallback,2026-06-29,2026-06-30,2026-06-30,2,2,2,2,confirmed_complete,Tuesday,True,2026-06-29,False,2026-06-29,2026-06-30,2,2,,,,,0,0,2026-07-03,True,True
film_theater,82907,Leviticus,amc-alderwood-mall-16,AMC Alderwood Mall 16,1,ordinary,catalog,high,standard,normal_first_run,source_film_id,2026-07-01,2026-07-08,2026-07-08,8,8,9,9,confirmed_complete,Wednesday,True,2026-06-29,False,2026-07-01,2026-07-01,1,2,,,,,0,0,2026-07-10,True,True
film_theater,title:leviticus,Leviticus,amc-kent-station-14,AMC Kent Station 14,1,ordinary_title_only,title_only,low,unknown,normal_first_run,title_fallback,2026-06-29,2026-06-30,2026-06-30,2,2,4,4,confirmed_complete,Tuesday,True,2026-06-29,False,2026-06-29,2026-06-30,2,4,,,,,0,0,2026-07-03,True,True
film_theater,title:leviticus,Leviticus,amc-pacific-place-11,AMC Pacific Place 11,1,ordinary_title_only,title_only,low,unknown,normal_first_run,title_fallback,2026-06-29,2026-07-01,2026-07-01,3,3,10,10,confirmed_complete,Wednesday,True,2026-06-29,False,2026-06-29,2026-07-01,3,10,,,,,0,0,2026-07-03,True,True
film_theater,82907,Leviticus,amc-pacific-place-11,AMC Pacific Place 11,1,ordinary,catalog,high,standard,normal_first_run,source_film_id,2026-07-01,2026-07-16,2026-07-16,16,16,37,37,confirmed_complete,Thursday,True,2026-06-29,False,2026-07-01,2026-07-01,1,4,,,,,0,0,2026-07-17,True,True
film_theater,title:leviticus,Leviticus,amc-southcenter-16,AMC Southcenter 16,1,ordinary_title_only,title_only,low,unknown,normal_first_run,title_fallback,2026-06-29,2026-06-30,2026-06-30,2,2,12,12,confirmed_complete,Tuesday,True,2026-06-29,False,2026-06-29,2026-06-30,2,12,,,,,0,0,2026-07-03,True,True
film_theater,82907,Leviticus,amc-southcenter-16,AMC Southcenter 16,1,ordinary,catalog,high,standard,normal_first_run,source_film_id,2026-07-01,2026-07-16,2026-07-16,16,16,45,45,confirmed_complete,Thursday,False,2026-07-01,False,2026-07-01,2026-07-08,8,30,,,,,0,0,2026-07-17,True,True
film_theater,title:leviticus,Leviticus,amc-woodinville-12,AMC Woodinville 12,1,ordinary_title_only,title_only,low,unknown,normal_first_run,title_fallback,2026-06-29,2026-06-30,2026-06-30,2,2,4,4,confirmed_complete,Tuesday,True,2026-06-29,False,2026-06-29,2026-06-30,2,4,,,,,0,0,2026-07-03,True,True
film_theater,title:lucky-strike,Lucky Strike,amc-alderwood-mall-16,AMC Alderwood Mall 16,1,ordinary_title_only,title_only,low,unknown,normal_first_run,title_fallback,2026-06-29,2026-06-30,2026-06-30,2,2,4,4,confirmed_complete,Tuesday,True,2026-06-29,False,2026-06-29,2026-06-30,2,4,,,,,0,0,2026-07-03,True,True
film_theater,title:lucky-strike,Lucky Strike,amc-southcenter-16,AMC Southcenter 16,1,ordinary_title_only,title_only,low,unknown,normal_first_run,title_fallback,2026-06-29,2026-06-30,2026-06-30,2,2,10,10,confirmed_complete,Tuesday,True,2026-06-29,False,2026-06-29,2026-06-30,2,10,,,,,0,0,2026-07-03,True,True
film_theater,83414,Lucky Strike,amc-southcenter-16,AMC Southcenter 16,1,ordinary_title_only,title_only,low,unknown,normal_first_run,source_film_id,2026-07-01,2026-07-09,2026-07-09,9,9,13,13,confirmed_complete,Thursday,True,2026-06-29,False,2026-07-01,2026-07-01,1,5,,,,,0,0,2026-07-10,True,True
film_theater,84581,Madame in Saigon,amc-pacific-place-11,AMC Pacific Place 11,1,ordinary,catalog,high,standard,normal_first_run,source_film_id,2026-08-28,2026-09-02,2026-09-02,6,6,6,6,confirmed_complete,Wednesday,False,2026-08-25,True,2026-08-28,2026-08-28,1,1,0.1667,5,True,False,5,0,2026-09-04,True,True
film_theater,84581,Madame in Saigon,amc-southcenter-16,AMC Southcenter 16,1,ordinary,catalog,high,standard,normal_first_run,source_film_id,2026-08-28,2026-09-03,2026-09-03,7,7,7,7,confirmed_complete,Thursday,False,2026-08-25,True,2026-08-28,2026-08-28,1,1,0.1429,6,True,False,6,0,2026-09-04,True,True
film_theater,82530,Maddie's Secret,amc-pacific-place-11,AMC Pacific Place 11,1,ordinary,catalog,high,standard,normal_first_run,source_film_id,2026-07-09,2026-07-23,2026-07-23,15,15,36,36,confirmed_complete,Thursday,False,2026-07-07,True,2026-07-10,2026-07-10,1,1,0.0278,13,True,False,14,0,2026-07-24,True,True
film_theater,83672,Marruecos vs Francia - Cuartos de Final - Telemundo presenta la Copa Mundial de la FIFA 2026,amc-alderwood-mall-16,AMC Alderwood Mall 16,1,special_event_title_only,title_only,low,unknown,concert_live_encore,source_film_id,2026-07-09,2026-07-09,2026-07-09,1,1,1,1,confirmed_complete,Thursday,True,2026-06-29,False,2026-07-09,2026-07-09,1,1,,,,,0,0,2026-07-10,True,True
film_theater,83672,Marruecos vs Francia - Cuartos de Final - Telemundo presenta la Copa Mundial de la FIFA 2026,amc-southcenter-16,AMC Southcenter 16,1,special_event_title_only,title_only,low,unknown,concert_live_encore,source_film_id,2026-07-09,2026-07-09,2026-07-09,1,1,1,1,confirmed_complete,Thursday,True,2026-06-29,False,2026-07-09,2026-07-09,1,1,,,,,0,0,2026-07-10,True,True
film_theater,title:masters-of-the-universe,Masters of the Universe,amc-alderwood-mall-16,AMC Alderwood Mall 16,1,ordinary_title_only,title_only,low,unknown,normal_first_run,title_fallback,2026-06-29,2026-06-30,2026-06-30,2,2,3,3,confirmed_complete,Tuesday,True,2026-06-29,False,2026-06-29,2026-06-30,2,3,,,,,0,0,2026-07-03,True,True
film_theater,76888,Masters of the Universe,amc-alderwood-mall-16,AMC Alderwood Mall 16,1,ordinary_title_only,title_only,low,unknown,normal_first_run,source_film_id,2026-07-01,2026-07-08,2026-07-08,8,8,9,9,confirmed_complete,Wednesday,True,2026-06-29,False,2026-07-01,2026-07-01,1,1,,,,,0,0,2026-07-10,True,True
film_theater,title:masters-of-the-universe,Masters of the Universe,amc-kent-station-14,AMC Kent Station 14,1,ordinary_title_only,title_only,low,unknown,normal_first_run,title_fallback,2026-06-29,2026-06-30,2026-06-30,2,2,5,5,confirmed_complete,Tuesday,True,2026-06-29,False,2026-06-29,2026-06-30,2,5,,,,,0,0,2026-07-03,True,True
film_theater,76888,Masters of the Universe,amc-kent-station-14,AMC Kent Station 14,1,ordinary_title_only,title_only,low,unknown,normal_first_run,source_film_id,2026-07-02,2026-07-09,2026-07-09,8,8,14,14,confirmed_complete,Thursday,False,2026-06-30,True,2026-07-02,2026-07-08,7,13,0.9286,1,True,False,1,0,2026-07-10,True,True
film_theater,title:masters-of-the-universe,Masters of the Universe,amc-southcenter-16,AMC Southcenter 16,1,ordinary_title_only,title_only,low,unknown,normal_first_run,title_fallback,2026-06-29,2026-06-30,2026-06-30,2,2,3,3,confirmed_complete,Tuesday,True,2026-06-29,False,2026-06-29,2026-06-30,2,3,,,,,0,0,2026-07-03,True,True
film_theater,76888,Masters of the Universe,amc-southcenter-16,AMC Southcenter 16,1,ordinary_title_only,title_only,low,unknown,normal_first_run,source_film_id,2026-07-01,2026-07-09,2026-07-09,9,9,14,14,confirmed_complete,Thursday,False,2026-07-01,False,2026-07-01,2026-07-08,8,11,,,,,0,0,2026-07-10,True,True
film_theater,title:masters-of-the-universe,Masters of the Universe,amc-woodinville-12,AMC Woodinville 12,1,ordinary_title_only,title_only,low,unknown,normal_first_run,title_fallback,2026-06-29,2026-06-30,2026-06-30,2,2,9,9,confirmed_complete,Tuesday,True,2026-06-29,False,2026-06-29,2026-06-30,2,9,,,,,0,0,2026-07-03,True,True
film_theater,76888,Masters of the Universe,amc-woodinville-12,AMC Woodinville 12,1,ordinary_title_only,title_only,low,unknown,normal_first_run,source_film_id,2026-07-02,2026-07-09,2026-07-09,8,8,12,12,confirmed_complete,Thursday,False,2026-06-30,True,2026-07-02,2026-07-08,7,7,0.5833,1,True,False,1,0,2026-07-10,True,True
film_theater,83829,MET Summer Encore: Aida (2026),amc-kent-station-14,AMC Kent Station 14,1,special_event,catalog,high,concert_or_event,concert_live_encore,source_film_id,2026-08-05,2026-08-05,2026-08-05,1,1,2,2,confirmed_complete,Wednesday,False,2026-07-22,True,2026-08-05,2026-08-05,1,2,1.0,0,False,False,0,0,2026-08-07,True,True
film_theater,83829,MET Summer Encore: Aida (2026),amc-oak-tree-6,AMC Oak Tree 6,1,special_event,catalog,high,concert_or_event,concert_live_encore,source_film_id,2026-08-05,2026-08-05,2026-08-05,1,1,1,1,confirmed_complete,Wednesday,False,2026-07-22,True,2026-08-05,2026-08-05,1,1,1.0,0,False,False,0,0,2026-08-07,True,True
film_theater,83829,MET Summer Encore: Aida (2026),amc-pacific-place-11,AMC Pacific Place 11,1,special_event,catalog,high,concert_or_event,concert_live_encore,source_film_id,2026-08-05,2026-08-05,2026-08-05,1,1,2,2,confirmed_complete,Wednesday,False,2026-07-22,True,2026-08-05,2026-08-05,1,2,1.0,0,False,False,0,0,2026-08-07,True,True
film_theater,83831,Met Summer Encore: The Merry Widow (2026),amc-kent-station-14,AMC Kent Station 14,1,special_event,catalog,high,concert_or_event,concert_live_encore,source_film_id,2026-07-22,2026-07-22,2026-07-22,1,1,2,2,confirmed_complete,Wednesday,False,2026-07-08,True,2026-07-22,2026-07-22,1,2,1.0,0,False,False,0,0,2026-07-24,True,True
film_theater,83831,Met Summer Encore: The Merry Widow (2026),amc-oak-tree-6,AMC Oak Tree 6,1,special_event,catalog,high,concert_or_event,concert_live_encore,source_film_id,2026-07-22,2026-07-22,2026-07-22,1,1,1,1,confirmed_complete,Wednesday,False,2026-07-08,True,2026-07-22,2026-07-22,1,1,1.0,0,False,False,0,0,2026-07-24,True,True
film_theater,83831,Met Summer Encore: The Merry Widow (2026),amc-pacific-place-11,AMC Pacific Place 11,1,special_event,catalog,high,concert_or_event,concert_live_encore,source_film_id,2026-07-22,2026-07-22,2026-07-22,1,1,2,2,confirmed_complete,Wednesday,False,2026-07-08,True,2026-07-22,2026-07-22,1,2,1.0,0,False,False,0,0,2026-07-24,True,True
film_theater,83748,Mighty Mary,amc-pacific-place-11,AMC Pacific Place 11,1,ordinary,catalog,high,standard,normal_first_run,source_film_id,2026-09-11,2026-09-23,2026-09-23,13,13,22,22,confirmed_complete,Wednesday,False,2026-09-01,True,2026-09-11,2026-09-15,5,5,0.2273,8,True,False,8,0,2026-09-25,True,True
film_theater,77563,Minions & Monsters,amc-alderwood-mall-16,AMC Alderwood Mall 16,1,ordinary,catalog,high,standard,normal_first_run,source_film_id,2026-07-01,2026-08-27,2026-08-27,58,58,509,509,confirmed_complete,Thursday,True,2026-06-29,False,2026-07-01,2026-07-13,13,183,,,,,0,0,2026-08-28,True,True
film_theater,title:minions-monsters,Minions & Monsters,amc-alderwood-mall-16,AMC Alderwood Mall 16,1,ordinary_title_only,title_only,low,unknown,normal_first_run,title_fallback,2026-07-01,2026-07-09,2026-07-09,9,6,11,11,confirmed_complete,Thursday,True,2026-06-29,False,2026-07-01,2026-07-09,9,11,,,,,0,0,2026-07-10,True,True
film_theater,77563,Minions & Monsters,amc-factoria-8,AMC Factoria 8,1,ordinary,catalog,high,standard,normal_first_run,source_film_id,2026-07-01,2026-08-13,2026-08-13,44,44,274,274,confirmed_complete,Thursday,True,2026-06-29,False,2026-07-01,2026-07-13,13,119,,,,,0,0,2026-08-14,True,True
film_theater,title:minions-monsters,Minions & Monsters,amc-kent-station-14,AMC Kent Station 14,1,ordinary_title_only,title_only,low,unknown,normal_first_run,title_fallback,2026-07-01,2026-07-01,2026-07-01,1,1,4,4,confirmed_complete,Wednesday,True,2026-06-29,False,2026-07-01,2026-07-01,1,4,,,,,0,0,2026-07-03,True,True
film_theater,77563,Minions & Monsters,amc-kent-station-14,AMC Kent Station 14,1,ordinary,catalog,high,standard,normal_first_run,source_film_id,2026-07-01,2026-08-13,2026-08-13,44,44,426,426,confirmed_complete,Thursday,True,2026-06-29,False,2026-07-01,2026-07-13,13,184,,,,,0,0,2026-08-14,True,True
film_theater,83987,Minions & Monsters,amc-kent-station-14,AMC Kent Station 14,1,other,title_only,low,unknown,sensory_friendly,source_film_id,2026-07-11,2026-07-11,2026-07-11,1,1,1,1,confirmed_complete,Saturday,False,2026-07-07,True,2026-07-11,2026-07-11,1,1,1.0,0,False,False,0,0,2026-07-17,True,True
film_theater,77563,Minions & Monsters,amc-oak-tree-6,AMC Oak Tree 6,1,ordinary,catalog,high,standard,normal_first_run,source_film_id,2026-07-01,2026-08-06,2026-08-06,37,37,180,180,confirmed_complete,Thursday,True,2026-06-29,False,2026-07-01,2026-07-13,13,42,,,,,0,0,2026-08-07,True,True
film_theater,title:minions-monsters,Minions & Monsters,amc-oak-tree-6,AMC Oak Tree 6,1,ordinary_title_only,title_only,low,unknown,normal_first_run,title_fallback,2026-07-02,2026-07-08,2026-07-08,7,7,45,45,confirmed_complete,Wednesday,True,2026-06-29,False,2026-07-02,2026-07-08,7,45,,,,,0,0,2026-07-10,True,True
film_theater,77563,Minions & Monsters,amc-pacific-place-11,AMC Pacific Place 11,1,ordinary,catalog,high,standard,normal_first_run,source_film_id,2026-07-01,2026-08-06,2026-08-06,37,37,212,212,confirmed_complete,Thursday,True,2026-06-29,False,2026-07-01,2026-07-13,13,92,,,,,0,0,2026-08-07,True,True
film_theater,title:minions-monsters,Minions & Monsters,amc-pacific-place-11,AMC Pacific Place 11,1,ordinary_title_only,title_only,low,unknown,normal_first_run,title_fallback,2026-07-08,2026-07-08,2026-07-08,1,1,1,1,confirmed_complete,Wednesday,True,2026-06-29,False,2026-07-08,2026-07-08,1,1,,,,,0,0,2026-07-10,True,True
film_theater,77563,Minions & Monsters,amc-southcenter-16,AMC Southcenter 16,1,ordinary,catalog,high,standard,normal_first_run,source_film_id,2026-07-01,2026-09-02,2026-09-02,64,64,582,582,confirmed_complete,Wednesday,True,2026-06-29,False,2026-07-01,2026-07-13,13,239,,,,,0,0,2026-09-04,True,True
film_theater,title:minions-monsters,Minions & Monsters,amc-southcenter-16,AMC Southcenter 16,1,ordinary_title_only,title_only,low,unknown,normal_first_run,title_fallback,2026-07-01,2026-07-07,2026-07-07,7,4,8,8,confirmed_complete,Tuesday,True,2026-06-29,False,2026-07-01,2026-07-07,7,7,,,,,0,0,2026-07-10,True,True
film_theater,77563,Minions & Monsters,amc-woodinville-12,AMC Woodinville 12,1,ordinary,catalog,high,standard,normal_first_run,source_film_id,2026-07-01,2026-08-06,2026-08-06,37,37,294,294,confirmed_complete,Thursday,True,2026-06-29,False,2026-07-01,2026-07-13,13,120,,,,,0,0,2026-08-07,True,True
film_theater,title:minions-monsters,Minions & Monsters,amc-woodinville-12,AMC Woodinville 12,1,ordinary_title_only,title_only,low,unknown,normal_first_run,title_fallback,2026-07-05,2026-07-06,2026-07-06,2,2,2,2,confirmed_complete,Monday,True,2026-06-29,False,2026-07-05,2026-07-06,2,2,,,,,0,0,2026-07-10,True,True
film_theater,83987,Minions & Monsters,amc-woodinville-12,AMC Woodinville 12,1,other,title_only,low,unknown,sensory_friendly,source_film_id,2026-07-11,2026-07-11,2026-07-11,1,1,1,1,confirmed_complete,Saturday,True,2026-06-29,False,2026-07-11,2026-07-11,1,1,,,,,0,0,2026-07-17,True,True
film_theater,84313,Mirzapur,amc-southcenter-16,AMC Southcenter 16,1,ordinary,catalog,high,standard,normal_first_run,source_film_id,2026-09-04,2026-09-16,2026-09-16,13,13,13,13,confirmed_complete,Wednesday,False,2026-09-02,True,2026-09-04,2026-09-09,6,6,0.4615,7,True,False,7,0,2026-09-18,True,True
film_theater,84004,MOANA,amc-alderwood-mall-16,AMC Alderwood Mall 16,1,special_event_title_only,title_only,low,unknown,fan_event,source_film_id,2026-07-09,2026-07-09,2026-07-09,1,1,1,1,confirmed_complete,Thursday,True,2026-06-29,False,2026-07-09,2026-07-09,1,1,,,,,0,0,2026-07-10,True,True
film_theater,72474,Moana,amc-alderwood-mall-16,AMC Alderwood Mall 16,1,ordinary,catalog,high,standard,normal_first_run,source_film_id,2026-07-09,2026-08-13,2026-08-13,36,36,313,313,confirmed_complete,Thursday,True,2026-06-29,False,2026-07-09,2026-07-13,5,87,,,,,0,0,2026-08-14,True,True
film_theater,72474,Moana,amc-factoria-8,AMC Factoria 8,1,ordinary,catalog,high,standard,normal_first_run,source_film_id,2026-07-09,2026-07-29,2026-07-29,21,21,131,131,confirmed_complete,Wednesday,True,2026-06-29,False,2026-07-09,2026-07-13,5,40,,,,,0,0,2026-07-31,True,True
film_theater,72474,Moana,amc-kent-station-14,AMC Kent Station 14,1,ordinary,catalog,high,standard,normal_first_run,source_film_id,2026-07-09,2026-08-12,2026-08-12,35,35,316,316,confirmed_complete,Wednesday,True,2026-06-29,False,2026-07-09,2026-07-13,5,91,,,,,0,0,2026-08-14,True,True
film_theater,72474,Moana,amc-oak-tree-6,AMC Oak Tree 6,1,ordinary,catalog,high,standard,normal_first_run,source_film_id,2026-07-09,2026-07-22,2026-07-22,14,14,99,99,confirmed_complete,Wednesday,True,2026-06-29,False,2026-07-09,2026-07-13,5,21,,,,,0,0,2026-07-24,True,True
film_theater,72474,Moana,amc-pacific-place-11,AMC Pacific Place 11,1,ordinary,catalog,high,standard,normal_first_run,source_film_id,2026-07-09,2026-07-23,2026-07-23,15,15,68,68,confirmed_complete,Thursday,True,2026-06-29,False,2026-07-09,2026-07-13,5,22,,,,,0,0,2026-07-24,True,True
film_theater,84004,MOANA,amc-southcenter-16,AMC Southcenter 16,1,special_event_title_only,title_only,low,unknown,fan_event,source_film_id,2026-07-09,2026-07-09,2026-07-09,1,1,1,1,confirmed_complete,Thursday,True,2026-06-29,False,2026-07-09,2026-07-09,1,1,,,,,0,0,2026-07-10,True,True
film_theater,72474,Moana,amc-southcenter-16,AMC Southcenter 16,1,ordinary,catalog,high,standard,normal_first_run,source_film_id,2026-07-09,2026-08-13,2026-08-13,36,36,295,295,confirmed_complete,Thursday,True,2026-06-29,False,2026-07-09,2026-07-13,5,67,,,,,0,0,2026-08-14,True,True
film_theater,72474,Moana,amc-woodinville-12,AMC Woodinville 12,1,ordinary,catalog,high,standard,normal_first_run,source_film_id,2026-07-09,2026-08-06,2026-08-06,29,29,185,185,confirmed_complete,Thursday,True,2026-06-29,False,2026-07-09,2026-07-13,5,52,,,,,0,0,2026-08-07,True,True
film_theater,83989,Moana: Sensory Friendly Screening,amc-kent-station-14,AMC Kent Station 14,1,accessibility_presentation,catalog,high,sensory_friendly,sensory_friendly,source_film_id,2026-07-25,2026-07-25,2026-07-25,1,1,1,1,confirmed_complete,Saturday,False,2026-07-21,True,2026-07-25,2026-07-25,1,1,1.0,0,False,False,0,0,2026-07-31,True,True
film_theater,83989,Moana: Sensory Friendly Screening,amc-woodinville-12,AMC Woodinville 12,1,accessibility_presentation,catalog,high,sensory_friendly,sensory_friendly,source_film_id,2026-07-25,2026-07-25,2026-07-25,1,1,1,1,confirmed_complete,Saturday,False,2026-07-11,True,2026-07-25,2026-07-25,1,1,1.0,0,False,False,0,0,2026-07-31,True,True
film_theater,84132,Mob Psycho 100 Celebrates Its 10th Anniversary,amc-alderwood-mall-16,AMC Alderwood Mall 16,1,rerelease,catalog,high,anniversary_or_rerelease,anniversary_re_release,source_film_id,2026-07-20,2026-07-20,2026-07-20,1,1,1,1,confirmed_complete,Monday,False,2026-07-06,True,2026-07-20,2026-07-20,1,1,1.0,0,False,False,0,0,2026-07-24,True,True
film_theater,84132,Mob Psycho 100 Celebrates Its 10th Anniversary,amc-southcenter-16,AMC Southcenter 16,1,rerelease,catalog,high,anniversary_or_rerelease,anniversary_re_release,source_film_id,2026-07-20,2026-07-20,2026-07-20,1,1,1,1,confirmed_complete,Monday,False,2026-07-06,True,2026-07-20,2026-07-20,1,1,1.0,0,False,False,0,0,2026-07-24,True,True
film_theater,83470,Motor City,amc-alderwood-mall-16,AMC Alderwood Mall 16,1,ordinary,catalog,high,standard,normal_first_run,source_film_id,2026-07-23,2026-08-06,2026-08-06,15,15,36,36,confirmed_complete,Thursday,False,2026-07-09,True,2026-07-23,2026-07-23,1,2,0.0556,14,True,False,14,0,2026-08-07,True,True
film_theater,83470,Motor City,amc-kent-station-14,AMC Kent Station 14,1,ordinary,catalog,high,standard,normal_first_run,source_film_id,2026-07-23,2026-07-29,2026-07-29,7,7,21,21,confirmed_complete,Wednesday,False,2026-07-09,True,2026-07-23,2026-07-23,1,2,0.0952,6,True,False,6,0,2026-07-31,True,True
film_theater,83470,Motor City,amc-pacific-place-11,AMC Pacific Place 11,1,ordinary,catalog,high,standard,normal_first_run,source_film_id,2026-07-23,2026-07-29,2026-07-29,7,7,21,21,confirmed_complete,Wednesday,False,2026-07-21,True,2026-07-23,2026-07-24,2,5,0.2381,5,True,False,5,0,2026-07-31,True,True
film_theater,83470,Motor City,amc-southcenter-16,AMC Southcenter 16,1,ordinary,catalog,high,standard,normal_first_run,source_film_id,2026-07-23,2026-08-05,2026-08-05,14,14,33,33,confirmed_complete,Wednesday,False,2026-07-09,True,2026-07-23,2026-07-23,1,2,0.0606,13,True,False,13,0,2026-08-07,True,True
film_theater,83470,Motor City,amc-woodinville-12,AMC Woodinville 12,1,ordinary,catalog,high,standard,normal_first_run,source_film_id,2026-07-23,2026-07-29,2026-07-29,7,7,9,9,confirmed_complete,Wednesday,False,2026-07-21,True,2026-07-24,2026-07-29,6,8,0.8889,0,False,False,1,0,2026-07-31,True,True
film_theater,84504,Mr. Hero,amc-southcenter-16,AMC Southcenter 16,1,ordinary,catalog,high,standard,normal_first_run,source_film_id,2026-08-07,2026-08-13,2026-08-13,7,7,9,9,confirmed_complete,Thursday,False,2026-08-05,True,2026-08-07,2026-08-12,6,8,0.8889,1,True,False,1,0,2026-08-14,True,True
film_theater,84372,MST3K: The RiffTrax Experiments - Sting of Death,amc-alderwood-mall-16,AMC Alderwood Mall 16,1,special_event,catalog,high,concert_or_event,normal_first_run,source_film_id,2026-09-09,2026-09-13,2026-09-13,5,2,3,3,confirmed_complete,Sunday,False,2026-08-26,True,2026-09-09,2026-09-09,1,1,0.3333,4,True,False,1,0,2026-09-18,True,True
film_theater,84372,MST3K: The RiffTrax Experiments - Sting of Death,amc-kent-station-14,AMC Kent Station 14,1,special_event,catalog,high,concert_or_event,normal_first_run,source_film_id,2026-09-09,2026-09-13,2026-09-13,5,2,2,2,confirmed_complete,Sunday,False,2026-08-26,True,2026-09-09,2026-09-09,1,1,0.5,4,True,False,1,0,2026-09-18,True,True
film_theater,84372,MST3K: The RiffTrax Experiments - Sting of Death,amc-southcenter-16,AMC Southcenter 16,1,special_event,catalog,high,concert_or_event,normal_first_run,source_film_id,2026-09-09,2026-09-13,2026-09-13,5,2,2,2,confirmed_complete,Sunday,False,2026-08-26,True,2026-09-09,2026-09-09,1,1,0.5,4,True,False,1,0,2026-09-18,True,True
film_theater,84372,MST3K: The RiffTrax Experiments - Sting of Death,amc-woodinville-12,AMC Woodinville 12,1,special_event,catalog,high,concert_or_event,normal_first_run,source_film_id,2026-09-09,2026-09-13,2026-09-13,5,2,3,3,confirmed_complete,Sunday,False,2026-08-26,True,2026-09-09,2026-09-09,1,1,0.3333,4,True,False,1,0,2026-09-18,True,True
film_theater,83813,Muppet Treasure Island,amc-alderwood-mall-16,AMC Alderwood Mall 16,1,ordinary,catalog,high,standard,normal_first_run,source_film_id,2026-08-10,2026-08-12,2026-08-12,3,2,4,4,confirmed_complete,Wednesday,False,2026-07-27,True,2026-08-10,2026-08-10,1,2,0.5,2,True,False,1,0,2026-08-14,True,True
film_theater,83813,Muppet Treasure Island,amc-kent-station-14,AMC Kent Station 14,1,ordinary,catalog,high,standard,normal_first_run,source_film_id,2026-08-10,2026-08-12,2026-08-12,3,2,4,4,confirmed_complete,Wednesday,False,2026-07-27,True,2026-08-10,2026-08-10,1,2,0.5,2,True,False,1,0,2026-08-14,True,True
film_theater,83813,Muppet Treasure Island,amc-southcenter-16,AMC Southcenter 16,1,ordinary,catalog,high,standard,normal_first_run,source_film_id,2026-08-10,2026-08-12,2026-08-12,3,2,4,4,confirmed_complete,Wednesday,False,2026-07-27,True,2026-08-10,2026-08-10,1,2,0.5,2,True,False,1,0,2026-08-14,True,True
film_theater,83813,Muppet Treasure Island,amc-woodinville-12,AMC Woodinville 12,1,ordinary,catalog,high,standard,normal_first_run,source_film_id,2026-08-10,2026-08-12,2026-08-12,3,2,4,4,confirmed_complete,Wednesday,False,2026-07-27,True,2026-08-10,2026-08-10,1,2,0.5,2,True,False,1,0,2026-08-14,True,True
film_theater,79550,Mutiny,amc-alderwood-mall-16,AMC Alderwood Mall 16,1,ordinary,catalog,high,standard,normal_first_run,source_film_id,2026-08-20,2026-09-08,2026-09-08,20,20,79,79,confirmed_complete,Tuesday,False,2026-08-06,True,2026-08-20,2026-08-20,1,3,0.038,19,True,False,19,0,2026-09-11,True,True
film_theater,79550,Mutiny,amc-factoria-8,AMC Factoria 8,1,ordinary,catalog,high,standard,normal_first_run,source_film_id,2026-08-20,2026-09-03,2026-09-03,15,15,55,55,confirmed_complete,Thursday,False,2026-08-06,True,2026-08-20,2026-08-20,1,3,0.0545,14,True,False,14,0,2026-09-04,True,True
film_theater,79550,Mutiny,amc-kent-station-14,AMC Kent Station 14,1,ordinary,catalog,high,standard,normal_first_run,source_film_id,2026-08-20,2026-09-08,2026-09-08,20,20,79,79,confirmed_complete,Tuesday,False,2026-08-13,True,2026-08-27,2026-08-27,1,3,0.038,12,True,False,19,0,2026-09-11,True,True
film_theater,79550,Mutiny,amc-oak-tree-6,AMC Oak Tree 6,1,ordinary,catalog,high,standard,normal_first_run,source_film_id,2026-08-20,2026-09-02,2026-09-02,14,12,27,27,confirmed_complete,Wednesday,False,2026-08-18,True,2026-08-20,2026-08-20,1,2,0.0741,13,True,False,11,0,2026-09-04,True,True
film_theater,79550,Mutiny,amc-pacific-place-11,AMC Pacific Place 11,1,ordinary,catalog,high,standard,normal_first_run,source_film_id,2026-08-20,2026-09-03,2026-09-03,15,15,43,43,confirmed_complete,Thursday,False,2026-08-06,True,2026-08-20,2026-08-20,1,3,0.0698,14,True,False,14,0,2026-09-04,True,True
film_theater,79550,Mutiny,amc-southcenter-16,AMC Southcenter 16,1,ordinary,catalog,high,standard,normal_first_run,source_film_id,2026-08-20,2026-09-08,2026-09-08,20,20,72,72,confirmed_complete,Tuesday,False,2026-08-06,True,2026-08-20,2026-08-20,1,3,0.0417,19,True,False,19,0,2026-09-11,True,True
film_theater,79550,Mutiny,amc-woodinville-12,AMC Woodinville 12,1,ordinary,catalog,high,standard,normal_first_run,source_film_id,2026-08-20,2026-09-02,2026-09-02,14,14,60,60,confirmed_complete,Wednesday,False,2026-08-06,True,2026-08-20,2026-08-20,1,3,0.05,13,True,False,13,0,2026-09-04,True,True
film_theater,83590,My Neighbor Totoro - Studio Ghibli Fest 2026,amc-alderwood-mall-16,AMC Alderwood Mall 16,1,special_event,catalog,high,concert_or_event,anime_special_engagement,source_film_id,2026-07-11,2026-07-15,2026-07-15,5,5,6,6,confirmed_complete,Wednesday,True,2026-06-29,False,2026-07-11,2026-07-13,3,4,,,,,0,0,2026-07-17,True,True
film_theater,83590,My Neighbor Totoro - Studio Ghibli Fest 2026,amc-kent-station-14,AMC Kent Station 14,1,special_event,catalog,high,concert_or_event,anime_special_engagement,source_film_id,2026-07-11,2026-07-15,2026-07-15,5,5,6,6,confirmed_complete,Wednesday,True,2026-06-29,False,2026-07-11,2026-07-13,3,4,,,,,0,0,2026-07-17,True,True
film_theater,83590,My Neighbor Totoro - Studio Ghibli Fest 2026,amc-southcenter-16,AMC Southcenter 16,1,special_event,catalog,high,concert_or_event,anime_special_engagement,source_film_id,2026-07-11,2026-07-15,2026-07-15,5,5,6,6,confirmed_complete,Wednesday,True,2026-06-29,False,2026-07-11,2026-07-13,3,4,,,,,0,0,2026-07-17,True,True
film_theater,83590,My Neighbor Totoro - Studio Ghibli Fest 2026,amc-woodinville-12,AMC Woodinville 12,1,special_event,catalog,high,concert_or_event,anime_special_engagement,source_film_id,2026-07-11,2026-07-15,2026-07-15,5,5,6,6,confirmed_complete,Wednesday,True,2026-06-29,False,2026-07-11,2026-07-13,3,4,,,,,0,0,2026-07-17,True,True
film_theater,84070,Namaslay,amc-southcenter-16,AMC Southcenter 16,1,ordinary,catalog,high,standard,normal_first_run,source_film_id,2026-08-13,2026-08-19,2026-08-19,7,7,15,15,confirmed_complete,Wednesday,False,2026-07-30,True,2026-08-13,2026-08-13,1,2,0.1333,6,True,False,6,0,2026-08-21,True,True
film_theater,84730,NCT 127 5TH TOUR `NEO CITY : SEOUL - THE REDLINE' in CINEMAS,amc-alderwood-mall-16,AMC Alderwood Mall 16,1,special_event,catalog,high,concert_or_event,normal_first_run,source_film_id,2026-09-20,2026-09-20,2026-09-20,1,1,1,1,confirmed_complete,Sunday,False,2026-09-03,True,2026-09-20,2026-09-20,1,1,1.0,0,False,False,0,0,2026-09-25,True,True
film_theater,84338,Never Stop Chasing,amc-alderwood-mall-16,AMC Alderwood Mall 16,1,ordinary,catalog,high,standard,normal_first_run,source_film_id,2026-08-20,2026-08-27,2026-08-27,8,8,33,33,confirmed_complete,Thursday,False,2026-08-06,True,2026-08-20,2026-08-20,1,2,0.0606,7,True,False,7,0,2026-08-28,True,True
film_theater,84338,Never Stop Chasing,amc-southcenter-16,AMC Southcenter 16,1,ordinary,catalog,high,standard,normal_first_run,source_film_id,2026-08-20,2026-08-26,2026-08-26,7,7,12,12,confirmed_complete,Wednesday,False,2026-08-06,True,2026-08-20,2026-08-20,1,1,0.0833,6,True,False,6,0,2026-08-28,True,True
film_theater,84085,Night Nurse,amc-kent-station-14,AMC Kent Station 14,1,ordinary,catalog,high,standard,normal_first_run,source_film_id,2026-07-09,2026-07-16,2026-07-16,8,8,8,8,confirmed_complete,Thursday,False,2026-07-07,True,2026-07-09,2026-07-15,7,7,0.875,1,True,False,1,0,2026-07-17,True,True
film_theater,84085,Night Nurse,amc-southcenter-16,AMC Southcenter 16,1,ordinary,catalog,high,standard,normal_first_run,source_film_id,2026-07-09,2026-07-15,2026-07-15,7,7,14,14,confirmed_complete,Wednesday,False,2026-07-01,True,2026-07-09,2026-07-15,7,7,0.5,0,False,False,0,0,2026-07-17,True,True
film_theater,83495,Nimrods,amc-alderwood-mall-16,AMC Alderwood Mall 16,1,ordinary,catalog,high,standard,normal_first_run,source_film_id,2026-08-13,2026-08-19,2026-08-19,7,7,14,14,confirmed_complete,Wednesday,False,2026-07-30,True,2026-08-13,2026-08-13,1,2,0.1429,6,True,False,6,0,2026-08-21,True,True
film_theater,83495,Nimrods,amc-kent-station-14,AMC Kent Station 14,1,ordinary,catalog,high,standard,normal_first_run,source_film_id,2026-08-13,2026-08-20,2026-08-20,8,8,15,15,confirmed_complete,Thursday,False,2026-08-11,True,2026-08-13,2026-08-19,7,14,0.9333,1,True,False,1,0,2026-08-21,True,True
film_theater,83495,Nimrods,amc-pacific-place-11,AMC Pacific Place 11,1,ordinary,catalog,high,standard,normal_first_run,source_film_id,2026-08-13,2026-08-20,2026-08-20,8,8,8,8,confirmed_complete,Thursday,False,2026-08-11,True,2026-08-13,2026-08-15,3,3,0.375,5,True,False,5,0,2026-08-21,True,True
film_theater,83495,Nimrods,amc-southcenter-16,AMC Southcenter 16,1,ordinary,catalog,high,standard,normal_first_run,source_film_id,2026-08-13,2026-08-19,2026-08-19,7,7,19,19,confirmed_complete,Wednesday,False,2026-07-30,True,2026-08-13,2026-08-13,1,2,0.1053,6,True,False,6,0,2026-08-21,True,True
film_theater,83495,Nimrods,amc-woodinville-12,AMC Woodinville 12,1,ordinary,catalog,high,standard,normal_first_run,source_film_id,2026-08-13,2026-08-19,2026-08-19,7,7,13,13,confirmed_complete,Wednesday,False,2026-08-11,True,2026-08-13,2026-08-19,7,13,1.0,0,False,False,0,0,2026-08-21,True,True
film_theater,84421,Nimrods Early Access – Green Day Intro + Bonus Performance,amc-alderwood-mall-16,AMC Alderwood Mall 16,1,special_event,catalog,high,special_introduction,opening_night,source_film_id,2026-08-11,2026-08-11,2026-08-11,1,1,1,1,confirmed_complete,Tuesday,False,2026-07-28,True,2026-08-11,2026-08-11,1,1,1.0,0,False,False,0,0,2026-08-14,True,True
film_theater,84421,Nimrods Early Access – Green Day Intro + Bonus Performance,amc-kent-station-14,AMC Kent Station 14,1,special_event,catalog,high,special_introduction,opening_night,source_film_id,2026-08-11,2026-08-11,2026-08-11,1,1,1,1,confirmed_complete,Tuesday,False,2026-07-28,True,2026-08-11,2026-08-11,1,1,1.0,0,False,False,0,0,2026-08-14,True,True
film_theater,84421,Nimrods Early Access – Green Day Intro + Bonus Performance,amc-southcenter-16,AMC Southcenter 16,1,special_event,catalog,high,special_introduction,opening_night,source_film_id,2026-08-11,2026-08-11,2026-08-11,1,1,1,1,confirmed_complete,Tuesday,False,2026-07-28,True,2026-08-11,2026-08-11,1,1,1.0,0,False,False,0,0,2026-08-14,True,True
film_theater,84421,Nimrods Early Access – Green Day Intro + Bonus Performance,amc-woodinville-12,AMC Woodinville 12,1,special_event,catalog,high,special_introduction,opening_night,source_film_id,2026-08-11,2026-08-11,2026-08-11,1,1,1,1,confirmed_complete,Tuesday,False,2026-07-28,True,2026-08-11,2026-08-11,1,1,1.0,0,False,False,0,0,2026-08-14,True,True
film_theater,84659,"NO LIMBS, NO LIMITS: The NickV Story",amc-alderwood-mall-16,AMC Alderwood Mall 16,1,special_event,catalog,high,concert_or_event,normal_first_run,source_film_id,2026-09-26,2026-09-27,2026-09-27,2,2,2,2,confirmed_complete,Sunday,False,2026-09-03,True,2026-09-26,2026-09-27,2,2,1.0,0,False,False,0,3,2026-10-02,True,True
film_theater,83674,Noruega vs Inglaterra - Cuartos de Final - Telemundo presenta la Copa Mundial de la FIFA 2026,amc-alderwood-mall-16,AMC Alderwood Mall 16,1,special_event_title_only,title_only,low,unknown,concert_live_encore,source_film_id,2026-07-11,2026-07-11,2026-07-11,1,1,1,1,confirmed_complete,Saturday,True,2026-06-29,False,2026-07-11,2026-07-11,1,1,,,,,0,0,2026-07-17,True,True
film_theater,83674,Noruega vs Inglaterra - Cuartos de Final - Telemundo presenta la Copa Mundial de la FIFA 2026,amc-southcenter-16,AMC Southcenter 16,1,special_event_title_only,title_only,low,unknown,concert_live_encore,source_film_id,2026-07-11,2026-07-11,2026-07-11,1,1,1,1,confirmed_complete,Saturday,True,2026-06-29,False,2026-07-11,2026-07-11,1,1,,,,,0,0,2026-07-17,True,True
film_theater,83884,Oasis: Don't Look Back in Anger,amc-alderwood-mall-16,AMC Alderwood Mall 16,1,ordinary,catalog,high,standard,normal_first_run,source_film_id,2026-09-10,2026-09-23,2026-09-23,14,14,36,36,confirmed_complete,Wednesday,False,2026-08-27,True,2026-09-10,2026-09-10,1,2,0.0556,13,True,False,13,8,2026-09-25,True,True
film_theater,83884,Oasis: Don't Look Back in Anger,amc-kent-station-14,AMC Kent Station 14,1,ordinary,catalog,high,standard,normal_first_run,source_film_id,2026-09-10,2026-09-24,2026-09-24,15,15,36,36,confirmed_complete,Thursday,False,2026-08-27,True,2026-09-10,2026-09-10,1,3,0.0833,14,True,False,14,20,2026-09-25,True,True
film_theater,83884,Oasis: Don't Look Back in Anger,amc-southcenter-16,AMC Southcenter 16,1,ordinary,catalog,high,standard,normal_first_run,source_film_id,2026-09-10,2026-09-23,2026-09-23,14,14,34,34,confirmed_complete,Wednesday,False,2026-08-27,True,2026-09-10,2026-09-10,1,3,0.0882,13,True,False,13,8,2026-09-25,True,True
film_theater,83884,Oasis: Don't Look Back in Anger,amc-woodinville-12,AMC Woodinville 12,1,ordinary,catalog,high,standard,normal_first_run,source_film_id,2026-09-10,2026-09-23,2026-09-23,14,14,29,29,confirmed_complete,Wednesday,False,2026-08-27,True,2026-09-10,2026-09-10,1,3,0.1034,13,True,False,13,11,2026-09-25,True,True
film_theater,84712,Oasis: Don’t Look Back In Anger IMAX Early Access,amc-alderwood-mall-16,AMC Alderwood Mall 16,1,special_event,catalog,high,concert_or_event,opening_night,source_film_id,2026-09-09,2026-09-09,2026-09-09,1,1,1,1,confirmed_complete,Wednesday,False,2026-08-26,True,2026-09-09,2026-09-09,1,1,1.0,0,False,False,0,0,2026-09-11,True,True
film_theater,84712,Oasis: Don’t Look Back In Anger IMAX Early Access,amc-kent-station-14,AMC Kent Station 14,1,special_event,catalog,high,concert_or_event,opening_night,source_film_id,2026-09-09,2026-09-09,2026-09-09,1,1,1,1,confirmed_complete,Wednesday,False,2026-08-26,True,2026-09-09,2026-09-09,1,1,1.0,0,False,False,0,0,2026-09-11,True,True
film_theater,84712,Oasis: Don’t Look Back In Anger IMAX Early Access,amc-southcenter-16,AMC Southcenter 16,1,special_event,catalog,high,concert_or_event,opening_night,source_film_id,2026-09-09,2026-09-09,2026-09-09,1,1,1,1,confirmed_complete,Wednesday,False,2026-08-26,True,2026-09-09,2026-09-09,1,1,1.0,0,False,False,0,0,2026-09-11,True,True
film_theater,title:obsession,Obsession,amc-alderwood-mall-16,AMC Alderwood Mall 16,1,ordinary_title_only,title_only,low,unknown,normal_first_run,title_fallback,2026-06-29,2026-06-30,2026-06-30,2,2,10,10,confirmed_complete,Tuesday,True,2026-06-29,False,2026-06-29,2026-06-30,2,10,,,,,0,0,2026-07-03,True,True
film_theater,82063,Obsession,amc-alderwood-mall-16,AMC Alderwood Mall 16,1,ordinary,catalog,high,standard,normal_first_run,source_film_id,2026-07-01,2026-08-05,2026-08-05,36,36,134,134,confirmed_complete,Wednesday,True,2026-06-29,False,2026-07-01,2026-07-01,1,5,,,,,0,0,2026-08-07,True,True
film_theater,title:obsession,Obsession,amc-factoria-8,AMC Factoria 8,1,ordinary_title_only,title_only,low,unknown,normal_first_run,title_fallback,2026-06-29,2026-06-30,2026-06-30,2,2,10,10,confirmed_complete,Tuesday,True,2026-06-29,False,2026-06-29,2026-06-30,2,10,,,,,0,0,2026-07-03,True,True
film_theater,82063,Obsession,amc-factoria-8,AMC Factoria 8,1,ordinary,catalog,high,standard,normal_first_run,source_film_id,2026-07-01,2026-07-16,2026-07-16,16,16,43,43,confirmed_complete,Thursday,False,2026-06-30,True,2026-07-01,2026-07-08,8,33,0.7674,8,True,False,8,0,2026-07-17,True,True
film_theater,title:obsession,Obsession,amc-kent-station-14,AMC Kent Station 14,1,ordinary_title_only,title_only,low,unknown,normal_first_run,title_fallback,2026-06-29,2026-06-30,2026-06-30,2,2,10,10,confirmed_complete,Tuesday,True,2026-06-29,False,2026-06-29,2026-06-30,2,10,,,,,0,0,2026-07-03,True,True
film_theater,82063,Obsession,amc-kent-station-14,AMC Kent Station 14,1,ordinary,catalog,high,standard,normal_first_run,source_film_id,2026-07-01,2026-07-29,2026-07-29,29,29,103,103,confirmed_complete,Wednesday,True,2026-06-29,False,2026-07-01,2026-07-01,1,6,,,,,0,0,2026-07-31,True,True
film_theater,title:obsession,Obsession,amc-oak-tree-6,AMC Oak Tree 6,1,ordinary_title_only,title_only,low,unknown,normal_first_run,title_fallback,2026-06-29,2026-06-30,2026-06-30,2,2,8,8,confirmed_complete,Tuesday,True,2026-06-29,False,2026-06-29,2026-06-30,2,8,,,,,0,0,2026-07-03,True,True
film_theater,82063,Obsession,amc-oak-tree-6,AMC Oak Tree 6,1,ordinary,catalog,high,standard,normal_first_run,source_film_id,2026-07-02,2026-07-09,2026-07-09,8,8,15,15,confirmed_complete,Thursday,False,2026-06-30,True,2026-07-02,2026-07-02,1,2,0.1333,7,True,False,7,0,2026-07-10,True,True
film_theater,title:obsession,Obsession,amc-pacific-place-11,AMC Pacific Place 11,1,ordinary_title_only,title_only,low,unknown,normal_first_run,title_fallback,2026-06-29,2026-06-30,2026-06-30,2,2,9,9,confirmed_complete,Tuesday,True,2026-06-29,False,2026-06-29,2026-06-30,2,9,,,,,0,0,2026-07-03,True,True
film_theater,82063,Obsession,amc-pacific-place-11,AMC Pacific Place 11,1,ordinary,catalog,high,standard,normal_first_run,source_film_id,2026-07-01,2026-07-29,2026-07-29,29,29,109,109,confirmed_complete,Wednesday,True,2026-06-29,False,2026-07-01,2026-07-01,1,5,,,,,0,0,2026-07-31,True,True
film_theater,title:obsession,Obsession,amc-southcenter-16,AMC Southcenter 16,1,ordinary_title_only,title_only,low,unknown,normal_first_run,title_fallback,2026-06-29,2026-07-01,2026-07-01,3,3,11,11,confirmed_complete,Wednesday,True,2026-06-29,False,2026-06-29,2026-07-01,3,11,,,,,0,0,2026-07-03,True,True
film_theater,82063,Obsession,amc-southcenter-16,AMC Southcenter 16,1,ordinary,catalog,high,standard,normal_first_run,source_film_id,2026-07-01,2026-07-29,2026-07-29,29,29,127,127,confirmed_complete,Wednesday,True,2026-06-29,False,2026-07-01,2026-07-01,1,6,,,,,0,0,2026-07-31,True,True
film_theater,title:obsession,Obsession,amc-woodinville-12,AMC Woodinville 12,1,ordinary_title_only,title_only,low,unknown,normal_first_run,title_fallback,2026-06-29,2026-06-30,2026-06-30,2,2,13,13,confirmed_complete,Tuesday,True,2026-06-29,False,2026-06-29,2026-06-30,2,13,,,,,0,0,2026-07-03,True,True
film_theater,82063,Obsession,amc-woodinville-12,AMC Woodinville 12,1,ordinary,catalog,high,standard,normal_first_run,source_film_id,2026-07-01,2026-07-23,2026-07-23,23,23,80,80,confirmed_complete,Thursday,True,2026-06-29,False,2026-07-01,2026-07-01,1,5,,,,,0,0,2026-07-24,True,True
film_theater,title:octavos-de-final-telemundo-presenta-la-copa-mundial-de-la-fifa-2026,Octavos de Final - Telemundo presenta la Copa Mundial de la FIFA 2026,amc-southcenter-16,AMC Southcenter 16,1,special_event_title_only,title_only,low,unknown,concert_live_encore,title_fallback,2026-07-04,2026-07-04,2026-07-04,1,1,1,1,confirmed_complete,Saturday,True,2026-06-29,False,2026-07-04,2026-07-04,1,1,,,,,0,0,2026-07-10,True,True
film_theater,84399,Oh Sukumari,amc-alderwood-mall-16,AMC Alderwood Mall 16,1,ordinary,catalog,high,standard,normal_first_run,source_film_id,2026-07-16,2026-07-22,2026-07-22,7,7,9,9,confirmed_complete,Wednesday,False,2026-07-15,True,2026-07-16,2026-07-22,7,9,1.0,0,False,False,0,0,2026-07-24,True,True
film_theater,84399,Oh Sukumari,amc-pacific-place-11,AMC Pacific Place 11,1,ordinary,catalog,high,standard,normal_first_run,source_film_id,2026-07-16,2026-07-23,2026-07-23,8,8,18,18,confirmed_complete,Thursday,False,2026-07-14,True,2026-07-16,2026-07-20,5,14,0.7778,3,True,False,3,0,2026-07-24,True,True
film_theater,80552,One Night Only,amc-alderwood-mall-16,AMC Alderwood Mall 16,1,ambiguous_special,catalog_title_disagreement,low,standard,special_event,source_film_id,2026-08-06,2026-08-19,2026-08-19,14,14,76,76,confirmed_complete,Wednesday,False,2026-07-29,True,2026-08-06,2026-08-12,7,36,0.4737,7,True,False,7,0,2026-08-21,True,True
film_theater,80552,One Night Only,amc-factoria-8,AMC Factoria 8,1,ambiguous_special,catalog_title_disagreement,low,standard,special_event,source_film_id,2026-08-06,2026-08-20,2026-08-20,15,15,75,75,confirmed_complete,Thursday,False,2026-07-29,True,2026-08-06,2026-08-12,7,34,0.4533,8,True,False,8,0,2026-08-21,True,True
film_theater,80552,One Night Only,amc-kent-station-14,AMC Kent Station 14,1,ambiguous_special,catalog_title_disagreement,low,standard,special_event,source_film_id,2026-08-06,2026-08-27,2026-08-27,22,22,95,95,confirmed_complete,Thursday,False,2026-07-29,True,2026-08-06,2026-08-12,7,28,0.2947,15,True,False,15,0,2026-08-28,True,True
film_theater,80552,One Night Only,amc-oak-tree-6,AMC Oak Tree 6,1,ambiguous_special,catalog_title_disagreement,low,standard,special_event,source_film_id,2026-08-06,2026-08-19,2026-08-19,14,14,74,74,confirmed_complete,Wednesday,False,2026-07-29,True,2026-08-06,2026-08-12,7,28,0.3784,7,True,False,7,0,2026-08-21,True,True
film_theater,80552,One Night Only,amc-pacific-place-11,AMC Pacific Place 11,1,ambiguous_special,catalog_title_disagreement,low,standard,special_event,source_film_id,2026-08-06,2026-08-20,2026-08-20,15,15,67,67,confirmed_complete,Thursday,False,2026-07-29,True,2026-08-06,2026-08-12,7,30,0.4478,8,True,False,8,0,2026-08-21,True,True
film_theater,80552,One Night Only,amc-southcenter-16,AMC Southcenter 16,1,ambiguous_special,catalog_title_disagreement,low,standard,special_event,source_film_id,2026-08-06,2026-08-19,2026-08-19,14,14,56,56,confirmed_complete,Wednesday,False,2026-07-29,True,2026-08-06,2026-08-12,7,39,0.6964,7,True,False,7,0,2026-08-21,True,True
film_theater,80552,One Night Only,amc-woodinville-12,AMC Woodinville 12,1,ambiguous_special,catalog_title_disagreement,low,standard,special_event,source_film_id,2026-08-06,2026-08-26,2026-08-26,21,21,75,75,confirmed_complete,Wednesday,False,2026-07-29,True,2026-08-06,2026-08-12,7,34,0.4533,14,True,False,14,0,2026-08-28,True,True
film_theater,83588,Only Yesterday 35th Anniversary - Studio Ghibli Fest 2026,amc-alderwood-mall-16,AMC Alderwood Mall 16,1,rerelease,catalog,high,anniversary_or_rerelease,anniversary_re_release,source_film_id,2026-08-09,2026-08-11,2026-08-11,3,2,3,3,confirmed_complete,Tuesday,False,2026-07-26,True,2026-08-09,2026-08-09,1,2,0.6667,2,True,False,1,0,2026-08-14,True,True
film_theater,83588,Only Yesterday 35th Anniversary - Studio Ghibli Fest 2026,amc-kent-station-14,AMC Kent Station 14,1,rerelease,catalog,high,anniversary_or_rerelease,anniversary_re_release,source_film_id,2026-08-09,2026-08-11,2026-08-11,3,2,5,5,confirmed_complete,Tuesday,False,2026-07-26,True,2026-08-09,2026-08-09,1,2,0.4,2,True,False,1,0,2026-08-14,True,True
film_theater,83588,Only Yesterday 35th Anniversary - Studio Ghibli Fest 2026,amc-southcenter-16,AMC Southcenter 16,1,rerelease,catalog,high,anniversary_or_rerelease,anniversary_re_release,source_film_id,2026-08-09,2026-08-11,2026-08-11,3,2,3,3,confirmed_complete,Tuesday,False,2026-07-26,True,2026-08-09,2026-08-09,1,2,0.6667,2,True,False,1,0,2026-08-14,True,True
film_theater,83588,Only Yesterday 35th Anniversary - Studio Ghibli Fest 2026,amc-woodinville-12,AMC Woodinville 12,1,rerelease,catalog,high,anniversary_or_rerelease,anniversary_re_release,source_film_id,2026-08-09,2026-08-11,2026-08-11,3,2,3,3,confirmed_complete,Tuesday,False,2026-07-26,True,2026-08-09,2026-08-09,1,2,0.6667,2,True,False,1,0,2026-08-14,True,True
film_theater,84108,Onslaught,amc-alderwood-mall-16,AMC Alderwood Mall 16,1,ordinary,catalog,high,standard,normal_first_run,source_film_id,2026-09-03,2026-09-16,2026-09-16,14,14,45,45,confirmed_complete,Wednesday,False,2026-08-21,True,2026-09-03,2026-09-04,2,7,0.1556,12,True,False,12,0,2026-09-18,True,True
film_theater,84108,Onslaught,amc-kent-station-14,AMC Kent Station 14,1,ordinary,catalog,high,standard,normal_first_run,source_film_id,2026-09-03,2026-09-17,2026-09-17,15,15,43,43,confirmed_complete,Thursday,False,2026-08-21,True,2026-09-03,2026-09-04,2,7,0.1628,13,True,False,13,2,2026-09-18,True,True
film_theater,84108,Onslaught,amc-pacific-place-11,AMC Pacific Place 11,1,ordinary,catalog,high,standard,normal_first_run,source_film_id,2026-09-03,2026-09-16,2026-09-16,14,14,38,38,confirmed_complete,Wednesday,False,2026-08-21,True,2026-09-03,2026-09-04,2,5,0.1316,12,True,False,12,0,2026-09-18,True,True
film_theater,84108,Onslaught,amc-southcenter-16,AMC Southcenter 16,1,ordinary,catalog,high,standard,normal_first_run,source_film_id,2026-09-03,2026-09-16,2026-09-16,14,14,44,44,confirmed_complete,Wednesday,False,2026-08-21,True,2026-09-03,2026-09-04,2,9,0.2045,12,True,False,12,0,2026-09-18,True,True
film_theater,84108,Onslaught,amc-woodinville-12,AMC Woodinville 12,1,ordinary,catalog,high,standard,normal_first_run,source_film_id,2026-09-03,2026-09-17,2026-09-17,15,15,40,40,confirmed_complete,Thursday,False,2026-08-21,True,2026-09-03,2026-09-04,2,8,0.2,13,True,False,13,0,2026-09-18,True,True
film_theater,84527,Panchali Pancha Bhartruka,amc-alderwood-mall-16,AMC Alderwood Mall 16,1,ordinary,catalog,high,standard,normal_first_run,source_film_id,2026-08-14,2026-08-19,2026-08-19,6,2,2,2,confirmed_complete,Wednesday,False,2026-08-14,False,2026-08-14,2026-08-19,6,2,,,,,0,0,2026-08-21,True,True
film_theater,80137,Paper Flowers,amc-alderwood-mall-16,AMC Alderwood Mall 16,1,ordinary,catalog,high,standard,normal_first_run,source_film_id,2026-08-20,2026-08-26,2026-08-26,7,7,7,7,confirmed_complete,Wednesday,False,2026-08-06,True,2026-08-20,2026-08-20,1,1,0.1429,6,True,False,6,0,2026-08-28,True,True
film_theater,80137,Paper Flowers,amc-pacific-place-11,AMC Pacific Place 11,1,ordinary,catalog,high,standard,normal_first_run,source_film_id,2026-08-20,2026-08-26,2026-08-26,7,7,7,7,confirmed_complete,Wednesday,False,2026-08-18,True,2026-08-20,2026-08-21,2,2,0.2857,5,True,False,5,0,2026-08-28,True,True
film_theater,83666,Paraguay vs Francia - Octavos de Final - Telemundo presenta la Copa Mundial de la FIFA 2026,amc-alderwood-mall-16,AMC Alderwood Mall 16,1,special_event_title_only,title_only,low,unknown,concert_live_encore,source_film_id,2026-07-04,2026-07-04,2026-07-04,1,1,1,1,confirmed_complete,Saturday,True,2026-06-29,False,2026-07-04,2026-07-04,1,1,,,,,0,0,2026-07-10,True,True
film_theater,83666,Paraguay vs Francia - Octavos de Final - Telemundo presenta la Copa Mundial de la FIFA 2026,amc-southcenter-16,AMC Southcenter 16,1,special_event_title_only,title_only,low,unknown,concert_live_encore,source_film_id,2026-07-04,2026-07-04,2026-07-04,1,1,1,1,confirmed_complete,Saturday,True,2026-06-29,False,2026-07-04,2026-07-04,1,1,,,,,0,0,2026-07-10,True,True
film_theater,76344,PAW Patrol: The Dino Movie,amc-alderwood-mall-16,AMC Alderwood Mall 16,1,ordinary,catalog,high,standard,normal_first_run,source_film_id,2026-08-13,2026-09-24,2026-09-24,43,43,149,149,confirmed_complete,Thursday,False,2026-07-30,True,2026-08-13,2026-08-13,1,3,0.0201,42,True,False,42,0,2026-09-25,True,True
film_theater,76344,PAW Patrol: The Dino Movie,amc-factoria-8,AMC Factoria 8,1,ordinary,catalog,high,standard,normal_first_run,source_film_id,2026-08-13,2026-09-10,2026-09-10,29,29,132,132,confirmed_complete,Thursday,False,2026-07-30,True,2026-08-13,2026-08-13,1,3,0.0227,28,True,False,28,1,2026-09-11,True,True
film_theater,76344,PAW Patrol: The Dino Movie,amc-kent-station-14,AMC Kent Station 14,1,ordinary,catalog,high,standard,normal_first_run,source_film_id,2026-08-13,2026-09-08,2026-09-08,27,27,128,128,confirmed_complete,Tuesday,False,2026-07-30,True,2026-08-13,2026-08-13,1,3,0.0234,26,True,False,26,0,2026-09-11,True,True
film_theater,76344,PAW Patrol: The Dino Movie,amc-oak-tree-6,AMC Oak Tree 6,1,ordinary,catalog,high,standard,normal_first_run,source_film_id,2026-08-13,2026-08-26,2026-08-26,14,14,57,57,confirmed_complete,Wednesday,False,2026-08-11,True,2026-08-13,2026-08-13,1,4,0.0702,13,True,False,13,0,2026-08-28,True,True
film_theater,76344,PAW Patrol: The Dino Movie,amc-pacific-place-11,AMC Pacific Place 11,1,ordinary,catalog,high,standard,normal_first_run,source_film_id,2026-08-13,2026-08-27,2026-08-27,15,15,68,68,confirmed_complete,Thursday,False,2026-07-30,True,2026-08-13,2026-08-13,1,3,0.0441,14,True,False,14,0,2026-08-28,True,True
film_theater,76344,PAW Patrol: The Dino Movie,amc-southcenter-16,AMC Southcenter 16,1,ordinary,catalog,high,standard,normal_first_run,source_film_id,2026-08-13,2026-09-16,2026-09-16,35,35,128,128,confirmed_complete,Wednesday,False,2026-07-30,True,2026-08-13,2026-08-13,1,3,0.0234,34,True,False,34,0,2026-09-18,True,True
film_theater,76344,PAW Patrol: The Dino Movie,amc-woodinville-12,AMC Woodinville 12,1,ordinary,catalog,high,standard,normal_first_run,source_film_id,2026-08-13,2026-09-09,2026-09-09,28,28,109,109,confirmed_complete,Wednesday,False,2026-07-30,True,2026-08-13,2026-08-13,1,3,0.0275,27,True,False,27,0,2026-09-11,True,True
film_theater,84464,PAW Patrol: The Dino Movie - Early Access,amc-alderwood-mall-16,AMC Alderwood Mall 16,1,special_event,catalog,high,concert_or_event,opening_night,source_film_id,2026-08-08,2026-08-08,2026-08-08,1,1,1,1,confirmed_complete,Saturday,False,2026-07-25,True,2026-08-08,2026-08-08,1,1,1.0,0,False,False,0,0,2026-08-14,True,True
film_theater,84464,PAW Patrol: The Dino Movie - Early Access,amc-kent-station-14,AMC Kent Station 14,1,special_event,catalog,high,concert_or_event,opening_night,source_film_id,2026-08-08,2026-08-08,2026-08-08,1,1,1,1,confirmed_complete,Saturday,False,2026-07-25,True,2026-08-08,2026-08-08,1,1,1.0,0,False,False,0,0,2026-08-14,True,True
film_theater,84464,PAW Patrol: The Dino Movie - Early Access,amc-southcenter-16,AMC Southcenter 16,1,special_event,catalog,high,concert_or_event,opening_night,source_film_id,2026-08-08,2026-08-08,2026-08-08,1,1,1,1,confirmed_complete,Saturday,False,2026-07-25,True,2026-08-08,2026-08-08,1,1,1.0,0,False,False,0,0,2026-08-14,True,True
film_theater,84464,PAW Patrol: The Dino Movie - Early Access,amc-woodinville-12,AMC Woodinville 12,1,special_event,catalog,high,concert_or_event,opening_night,source_film_id,2026-08-08,2026-08-08,2026-08-08,1,1,1,1,confirmed_complete,Saturday,False,2026-07-25,True,2026-08-08,2026-08-08,1,1,1.0,0,False,False,0,0,2026-08-14,True,True
film_theater,84003,PAW Patrol: The Dino Movie: Sensory Friendly Screening,amc-kent-station-14,AMC Kent Station 14,1,accessibility_presentation,catalog,high,sensory_friendly,sensory_friendly,source_film_id,2026-08-22,2026-08-22,2026-08-22,1,1,1,1,confirmed_complete,Saturday,False,2026-08-18,True,2026-08-22,2026-08-22,1,1,1.0,0,False,False,0,0,2026-08-28,True,True
film_theater,84003,PAW Patrol: The Dino Movie: Sensory Friendly Screening,amc-woodinville-12,AMC Woodinville 12,1,accessibility_presentation,catalog,high,sensory_friendly,sensory_friendly,source_film_id,2026-08-22,2026-08-22,2026-08-22,1,1,1,1,confirmed_complete,Saturday,False,2026-08-08,True,2026-08-22,2026-08-22,1,1,1.0,0,False,False,0,0,2026-08-28,True,True
film_theater,84017,Pinocchio Unstrung,amc-alderwood-mall-16,AMC Alderwood Mall 16,1,ordinary,catalog,high,standard,normal_first_run,source_film_id,2026-07-23,2026-07-29,2026-07-29,7,7,8,8,confirmed_complete,Wednesday,False,2026-07-22,True,2026-07-23,2026-07-29,7,8,1.0,0,False,False,0,0,2026-07-31,True,True
film_theater,84017,Pinocchio Unstrung,amc-kent-station-14,AMC Kent Station 14,1,ordinary,catalog,high,standard,normal_first_run,source_film_id,2026-07-23,2026-07-29,2026-07-29,7,7,7,7,confirmed_complete,Wednesday,False,2026-07-21,True,2026-07-23,2026-07-29,7,7,1.0,0,False,False,0,0,2026-07-31,True,True
film_theater,84017,Pinocchio Unstrung,amc-southcenter-16,AMC Southcenter 16,1,ordinary,catalog,high,standard,normal_first_run,source_film_id,2026-07-23,2026-08-05,2026-08-05,14,14,28,28,confirmed_complete,Wednesday,False,2026-07-21,True,2026-07-23,2026-07-26,4,7,0.25,10,True,False,10,0,2026-08-07,True,True
film_theater,84244,Point Break 35th Anniversary,amc-alderwood-mall-16,AMC Alderwood Mall 16,1,special_event,catalog,high,concert_or_event,anniversary_re_release,source_film_id,2026-08-16,2026-08-19,2026-08-19,4,2,3,3,confirmed_complete,Wednesday,False,2026-08-02,True,2026-08-16,2026-08-16,1,2,0.6667,3,True,False,1,0,2026-08-21,True,True
film_theater,84244,Point Break 35th Anniversary,amc-kent-station-14,AMC Kent Station 14,1,special_event,catalog,high,concert_or_event,anniversary_re_release,source_film_id,2026-08-16,2026-08-19,2026-08-19,4,2,3,3,confirmed_complete,Wednesday,False,2026-08-02,True,2026-08-16,2026-08-16,1,2,0.6667,3,True,False,1,0,2026-08-21,True,True
film_theater,84244,Point Break 35th Anniversary,amc-southcenter-16,AMC Southcenter 16,1,special_event,catalog,high,concert_or_event,anniversary_re_release,source_film_id,2026-08-16,2026-08-19,2026-08-19,4,2,3,3,confirmed_complete,Wednesday,False,2026-08-02,True,2026-08-16,2026-08-16,1,2,0.6667,3,True,False,1,0,2026-08-21,True,True
film_theater,83660,Portugal vs Croacia - Telemundo presenta la Copa Mundial de la FIFA 2026,amc-alderwood-mall-16,AMC Alderwood Mall 16,1,special_event_title_only,title_only,low,unknown,concert_live_encore,source_film_id,2026-07-02,2026-07-02,2026-07-02,1,1,1,1,confirmed_complete,Thursday,True,2026-06-29,False,2026-07-02,2026-07-02,1,1,,,,,0,0,2026-07-03,True,True
film_theater,title:portugal-vs-croacia-telemundo-presenta-la-copa-mundial-de-la-fifa-2026,Portugal vs Croacia - Telemundo presenta la Copa Mundial de la FIFA 2026,amc-southcenter-16,AMC Southcenter 16,1,special_event_title_only,title_only,low,unknown,concert_live_encore,title_fallback,2026-07-02,2026-07-02,2026-07-02,1,1,1,1,confirmed_complete,Thursday,True,2026-06-29,False,2026-07-02,2026-07-02,1,1,,,,,0,0,2026-07-03,True,True
film_theater,84597,Practical Magic,amc-alderwood-mall-16,AMC Alderwood Mall 16,1,special_event,catalog,high,concert_or_event,normal_first_run,source_film_id,2026-08-11,2026-08-11,2026-08-11,1,1,1,1,confirmed_complete,Tuesday,False,2026-07-30,True,2026-08-11,2026-08-11,1,1,1.0,0,False,False,0,0,2026-08-14,True,True
film_theater,84597,Practical Magic,amc-kent-station-14,AMC Kent Station 14,1,special_event,catalog,high,concert_or_event,normal_first_run,source_film_id,2026-08-11,2026-08-11,2026-08-11,1,1,1,1,confirmed_complete,Tuesday,False,2026-07-30,True,2026-08-11,2026-08-11,1,1,1.0,0,False,False,0,0,2026-08-14,True,True
film_theater,84597,Practical Magic,amc-pacific-place-11,AMC Pacific Place 11,1,special_event,catalog,high,concert_or_event,normal_first_run,source_film_id,2026-08-11,2026-08-11,2026-08-11,1,1,1,1,confirmed_complete,Tuesday,False,2026-07-30,True,2026-08-11,2026-08-11,1,1,1.0,0,False,False,0,0,2026-08-14,True,True
film_theater,84597,Practical Magic,amc-southcenter-16,AMC Southcenter 16,1,special_event,catalog,high,concert_or_event,normal_first_run,source_film_id,2026-08-11,2026-08-11,2026-08-11,1,1,1,1,confirmed_complete,Tuesday,False,2026-07-30,True,2026-08-11,2026-08-11,1,1,1.0,0,False,False,0,0,2026-08-14,True,True
film_theater,83593,Princess Mononoke - Studio Ghibli Fest 2026,amc-alderwood-mall-16,AMC Alderwood Mall 16,1,special_event,catalog,high,concert_or_event,anime_special_engagement,source_film_id,2026-09-26,2026-09-30,2026-09-30,5,5,6,6,confirmed_complete,Wednesday,False,2026-09-03,True,2026-09-26,2026-09-30,5,6,1.0,0,False,False,0,0,2026-10-02,True,True
film_theater,83593,Princess Mononoke - Studio Ghibli Fest 2026,amc-kent-station-14,AMC Kent Station 14,1,special_event,catalog,high,concert_or_event,anime_special_engagement,source_film_id,2026-09-26,2026-09-30,2026-09-30,5,5,6,6,confirmed_complete,Wednesday,False,2026-09-03,True,2026-09-26,2026-09-30,5,6,1.0,0,False,False,0,0,2026-10-02,True,True
film_theater,83593,Princess Mononoke - Studio Ghibli Fest 2026,amc-southcenter-16,AMC Southcenter 16,1,special_event,catalog,high,concert_or_event,anime_special_engagement,source_film_id,2026-09-26,2026-09-29,2026-09-29,4,4,5,5,confirmed_complete,Tuesday,False,2026-09-03,True,2026-09-26,2026-09-29,4,5,1.0,0,False,False,0,1,2026-10-02,True,True
film_theater,83593,Princess Mononoke - Studio Ghibli Fest 2026,amc-woodinville-12,AMC Woodinville 12,1,special_event,catalog,high,concert_or_event,anime_special_engagement,source_film_id,2026-09-26,2026-09-30,2026-09-30,5,5,7,7,confirmed_complete,Wednesday,False,2026-09-03,True,2026-09-26,2026-09-30,5,6,0.8571,0,False,False,0,0,2026-10-02,True,True
film_theater,83489,Reading Lolita in Tehran,amc-alderwood-mall-16,AMC Alderwood Mall 16,1,ordinary,catalog,high,standard,normal_first_run,source_film_id,2026-07-24,2026-07-29,2026-07-29,6,6,6,6,confirmed_complete,Wednesday,False,2026-07-22,True,2026-07-24,2026-07-29,6,6,1.0,0,False,False,0,0,2026-07-31,True,True
film_theater,83715,Runner,amc-alderwood-mall-16,AMC Alderwood Mall 16,1,ordinary,catalog,high,standard,normal_first_run,source_film_id,2026-09-10,2026-09-30,2026-09-30,21,21,58,58,confirmed_complete,Wednesday,False,2026-08-27,True,2026-09-10,2026-09-10,1,3,0.0517,20,True,False,20,0,2026-10-02,True,True
film_theater,83715,Runner,amc-factoria-8,AMC Factoria 8,1,ordinary,catalog,high,standard,normal_first_run,source_film_id,2026-09-10,2026-09-24,2026-09-24,15,15,60,60,confirmed_complete,Thursday,False,2026-09-02,True,2026-09-10,2026-09-16,7,27,0.45,8,True,False,8,3,2026-09-25,True,True
film_theater,83715,Runner,amc-pacific-place-11,AMC Pacific Place 11,1,ordinary,catalog,high,standard,normal_first_run,source_film_id,2026-09-18,2026-09-23,2026-09-23,6,6,6,6,confirmed_complete,Wednesday,False,2026-09-16,True,2026-09-18,2026-09-23,6,6,1.0,0,False,False,0,0,2026-09-25,True,True
film_theater,83715,Runner,amc-southcenter-16,AMC Southcenter 16,1,ordinary,catalog,high,standard,normal_first_run,source_film_id,2026-09-10,2026-09-30,2026-09-30,21,21,66,66,confirmed_complete,Wednesday,False,2026-08-27,True,2026-09-10,2026-09-10,1,3,0.0455,20,True,False,20,0,2026-10-02,True,True
film_theater,83715,Runner,amc-woodinville-12,AMC Woodinville 12,1,ordinary,catalog,high,standard,normal_first_run,source_film_id,2026-09-10,2026-09-30,2026-09-30,21,21,72,72,confirmed_complete,Wednesday,False,2026-08-27,True,2026-09-10,2026-09-10,1,4,0.0556,20,True,False,20,0,2026-10-02,True,True
film_theater,84863,Sahaa,amc-alderwood-mall-16,AMC Alderwood Mall 16,1,ordinary,catalog,high,standard,normal_first_run,source_film_id,2026-09-04,2026-09-09,2026-09-09,6,6,6,6,confirmed_complete,Wednesday,False,2026-09-02,True,2026-09-04,2026-09-09,6,6,1.0,0,False,False,0,0,2026-09-11,True,True
film_theater,84675,Sara Bareilles: Good Grief,amc-alderwood-mall-16,AMC Alderwood Mall 16,1,special_event,catalog,high,concert_or_event,normal_first_run,source_film_id,2026-09-02,2026-09-02,2026-09-02,1,1,3,3,confirmed_complete,Wednesday,False,2026-08-20,True,2026-09-02,2026-09-02,1,1,0.3333,0,False,False,0,0,2026-09-04,True,True
film_theater,84675,Sara Bareilles: Good Grief,amc-pacific-place-11,AMC Pacific Place 11,1,special_event,catalog,high,concert_or_event,normal_first_run,source_film_id,2026-09-02,2026-09-02,2026-09-02,1,1,1,1,confirmed_complete,Wednesday,False,2026-08-26,True,2026-09-02,2026-09-02,1,1,1.0,0,False,False,0,0,2026-09-04,True,True
film_theater,84675,Sara Bareilles: Good Grief,amc-southcenter-16,AMC Southcenter 16,1,special_event,catalog,high,concert_or_event,normal_first_run,source_film_id,2026-09-02,2026-09-02,2026-09-02,1,1,1,1,confirmed_complete,Wednesday,False,2026-08-26,True,2026-09-02,2026-09-02,1,1,1.0,0,False,False,0,0,2026-09-04,True,True
film_theater,84569,Sardar 2,amc-alderwood-mall-16,AMC Alderwood Mall 16,1,ordinary,catalog,high,standard,normal_first_run,source_film_id,2026-09-10,2026-09-16,2026-09-16,7,7,7,7,confirmed_complete,Wednesday,False,2026-09-09,True,2026-09-10,2026-09-16,7,7,1.0,0,False,False,0,0,2026-09-18,True,True
film_theater,title:scary-movie,Scary Movie,amc-alderwood-mall-16,AMC Alderwood Mall 16,1,ordinary_title_only,title_only,low,unknown,normal_first_run,title_fallback,2026-06-29,2026-06-30,2026-06-30,2,2,7,7,confirmed_complete,Tuesday,True,2026-06-29,False,2026-06-29,2026-06-30,2,7,,,,,0,0,2026-07-03,True,True
film_theater,79322,Scary Movie,amc-alderwood-mall-16,AMC Alderwood Mall 16,1,ordinary,catalog,high,standard,normal_first_run,source_film_id,2026-07-02,2026-07-08,2026-07-08,7,7,28,28,confirmed_complete,Wednesday,False,2026-07-01,True,2026-07-02,2026-07-08,7,28,1.0,0,False,False,0,0,2026-07-10,True,True
film_theater,title:scary-movie,Scary Movie,amc-kent-station-14,AMC Kent Station 14,1,ordinary_title_only,title_only,low,unknown,normal_first_run,title_fallback,2026-06-29,2026-07-01,2026-07-01,3,3,4,4,confirmed_complete,Wednesday,True,2026-06-29,False,2026-06-29,2026-07-01,3,4,,,,,0,0,2026-07-03,True,True
film_theater,79322,Scary Movie,amc-kent-station-14,AMC Kent Station 14,1,ordinary,catalog,high,standard,normal_first_run,source_film_id,2026-07-02,2026-07-09,2026-07-09,8,8,24,24,confirmed_complete,Thursday,False,2026-06-30,True,2026-07-02,2026-07-08,7,23,0.9583,1,True,False,1,0,2026-07-10,True,True
film_theater,title:scary-movie,Scary Movie,amc-southcenter-16,AMC Southcenter 16,1,ordinary_title_only,title_only,low,unknown,normal_first_run,title_fallback,2026-06-29,2026-06-30,2026-06-30,2,2,9,9,confirmed_complete,Tuesday,True,2026-06-29,False,2026-06-29,2026-06-30,2,9,,,,,0,0,2026-07-03,True,True
film_theater,79322,Scary Movie,amc-southcenter-16,AMC Southcenter 16,1,ordinary,catalog,high,standard,normal_first_run,source_film_id,2026-07-01,2026-07-15,2026-07-15,15,15,38,38,confirmed_complete,Wednesday,True,2026-06-29,False,2026-07-01,2026-07-01,1,5,,,,,0,0,2026-07-17,True,True
film_theater,82986,Shaun the Sheep: The Beast of Mossy Bottom,amc-factoria-8,AMC Factoria 8,1,ordinary,catalog,high,standard,normal_first_run,source_film_id,2026-09-17,2026-09-24,2026-09-24,8,8,19,19,confirmed_complete,Thursday,False,2026-09-15,True,2026-09-17,2026-09-23,7,17,0.8947,1,True,False,1,1,2026-09-25,True,True
film_theater,82986,Shaun the Sheep: The Beast of Mossy Bottom,amc-kent-station-14,AMC Kent Station 14,1,ordinary,catalog,high,standard,normal_first_run,source_film_id,2026-09-17,2026-09-24,2026-09-24,8,8,13,13,confirmed_complete,Thursday,False,2026-09-15,True,2026-09-17,2026-09-23,7,11,0.8462,1,True,False,1,0,2026-09-25,True,True
film_theater,82986,Shaun the Sheep: The Beast of Mossy Bottom,amc-southcenter-16,AMC Southcenter 16,1,ordinary,catalog,high,standard,normal_first_run,source_film_id,2026-09-17,2026-09-30,2026-09-30,14,14,27,27,confirmed_complete,Wednesday,False,2026-09-03,True,2026-09-17,2026-09-23,7,12,0.4444,7,True,False,8,2,2026-10-02,True,True
film_theater,82986,Shaun the Sheep: The Beast of Mossy Bottom,amc-woodinville-12,AMC Woodinville 12,1,ordinary,catalog,high,standard,normal_first_run,source_film_id,2026-09-17,2026-09-23,2026-09-23,7,7,13,13,confirmed_complete,Wednesday,False,2026-09-15,True,2026-09-17,2026-09-23,7,13,1.0,0,False,False,0,0,2026-09-25,True,True
film_theater,84197,Sheep in the Box,amc-alderwood-mall-16,AMC Alderwood Mall 16,1,ordinary,catalog,high,standard,normal_first_run,source_film_id,2026-08-06,2026-08-12,2026-08-12,7,7,19,19,confirmed_complete,Wednesday,False,2026-07-24,True,2026-08-07,2026-08-07,1,3,0.1579,5,True,False,6,0,2026-08-14,True,True
film_theater,84197,Sheep in the Box,amc-pacific-place-11,AMC Pacific Place 11,1,ordinary,catalog,high,standard,normal_first_run,source_film_id,2026-08-06,2026-08-13,2026-08-13,8,8,30,30,confirmed_complete,Thursday,False,2026-07-23,True,2026-08-06,2026-08-06,1,2,0.0667,7,True,False,7,0,2026-08-14,True,True
film_theater,84197,Sheep in the Box,amc-southcenter-16,AMC Southcenter 16,1,ordinary,catalog,high,standard,normal_first_run,source_film_id,2026-08-06,2026-08-13,2026-08-13,8,8,28,28,confirmed_complete,Thursday,False,2026-07-26,True,2026-08-06,2026-08-09,4,11,0.3929,4,True,False,4,0,2026-08-14,True,True
film_theater,83782,Sia: Nostalgic For The Present,amc-alderwood-mall-16,AMC Alderwood Mall 16,1,special_event,catalog,high,concert_or_event,normal_first_run,source_film_id,2026-07-23,2026-07-26,2026-07-26,4,2,2,2,confirmed_complete,Sunday,False,2026-07-09,True,2026-07-23,2026-07-23,1,1,0.5,3,True,False,1,0,2026-07-31,True,True
film_theater,83782,Sia: Nostalgic For The Present,amc-southcenter-16,AMC Southcenter 16,1,special_event,catalog,high,concert_or_event,normal_first_run,source_film_id,2026-07-23,2026-07-26,2026-07-26,4,2,2,2,confirmed_complete,Sunday,False,2026-07-09,True,2026-07-23,2026-07-23,1,1,0.5,3,True,False,1,0,2026-07-31,True,True
film_theater,83394,Six: The Musical Live!,amc-alderwood-mall-16,AMC Alderwood Mall 16,1,special_event,catalog,high,concert_or_event,normal_first_run,source_film_id,2026-08-14,2026-08-26,2026-08-26,13,13,18,18,confirmed_complete,Wednesday,False,2026-07-31,True,2026-08-14,2026-08-14,1,1,0.0556,12,True,False,12,0,2026-08-28,True,True
film_theater,83394,Six: The Musical Live!,amc-factoria-8,AMC Factoria 8,1,special_event,catalog,high,concert_or_event,normal_first_run,source_film_id,2026-08-15,2026-08-19,2026-08-19,5,3,3,3,confirmed_complete,Wednesday,False,2026-08-11,True,2026-08-15,2026-08-19,5,3,1.0,0,False,False,0,0,2026-08-21,True,True
film_theater,83394,Six: The Musical Live!,amc-kent-station-14,AMC Kent Station 14,1,special_event,catalog,high,concert_or_event,normal_first_run,source_film_id,2026-08-13,2026-08-27,2026-08-27,15,15,26,26,confirmed_complete,Thursday,False,2026-08-01,True,2026-08-15,2026-08-15,1,1,0.0385,12,True,False,14,0,2026-08-28,True,True
film_theater,83394,Six: The Musical Live!,amc-oak-tree-6,AMC Oak Tree 6,1,special_event,catalog,high,concert_or_event,normal_first_run,source_film_id,2026-08-15,2026-08-19,2026-08-19,5,3,3,3,confirmed_complete,Wednesday,False,2026-08-12,True,2026-08-15,2026-08-19,5,3,1.0,0,False,False,0,0,2026-08-21,True,True
film_theater,83394,Six: The Musical Live!,amc-pacific-place-11,AMC Pacific Place 11,1,special_event,catalog,high,concert_or_event,normal_first_run,source_film_id,2026-08-13,2026-08-27,2026-08-27,15,15,27,27,confirmed_complete,Thursday,False,2026-07-31,True,2026-08-14,2026-08-14,1,1,0.037,13,True,False,14,0,2026-08-28,True,True
film_theater,83394,Six: The Musical Live!,amc-southcenter-16,AMC Southcenter 16,1,special_event,catalog,high,concert_or_event,normal_first_run,source_film_id,2026-08-13,2026-08-26,2026-08-26,14,14,22,22,confirmed_complete,Wednesday,False,2026-07-31,True,2026-08-14,2026-08-14,1,1,0.0455,12,True,False,13,0,2026-08-28,True,True
film_theater,83394,Six: The Musical Live!,amc-woodinville-12,AMC Woodinville 12,1,special_event,catalog,high,concert_or_event,normal_first_run,source_film_id,2026-08-13,2026-08-26,2026-08-26,14,14,30,30,confirmed_complete,Wednesday,False,2026-08-01,True,2026-08-15,2026-08-15,1,1,0.0333,11,True,False,13,0,2026-08-28,True,True
film_theater,83810,Sonic The Hedgehog 3,amc-alderwood-mall-16,AMC Alderwood Mall 16,1,accessibility_presentation,catalog,high,sensory_friendly,normal_first_run,source_film_id,2026-07-20,2026-07-22,2026-07-22,3,2,4,4,confirmed_complete,Wednesday,False,2026-07-06,True,2026-07-20,2026-07-20,1,2,0.5,2,True,False,1,0,2026-07-24,True,True
film_theater,83810,Sonic The Hedgehog 3,amc-kent-station-14,AMC Kent Station 14,1,accessibility_presentation,catalog,high,sensory_friendly,normal_first_run,source_film_id,2026-07-20,2026-07-22,2026-07-22,3,2,4,4,confirmed_complete,Wednesday,False,2026-07-06,True,2026-07-20,2026-07-20,1,2,0.5,2,True,False,1,0,2026-07-24,True,True
film_theater,83810,Sonic The Hedgehog 3,amc-southcenter-16,AMC Southcenter 16,1,accessibility_presentation,catalog,high,sensory_friendly,normal_first_run,source_film_id,2026-07-20,2026-07-22,2026-07-22,3,2,4,4,confirmed_complete,Wednesday,False,2026-07-06,True,2026-07-20,2026-07-20,1,2,0.5,2,True,False,1,0,2026-07-24,True,True
film_theater,83810,Sonic The Hedgehog 3,amc-woodinville-12,AMC Woodinville 12,1,accessibility_presentation,catalog,high,sensory_friendly,normal_first_run,source_film_id,2026-07-20,2026-07-22,2026-07-22,3,2,4,4,confirmed_complete,Wednesday,False,2026-07-06,True,2026-07-20,2026-07-20,1,2,0.5,2,True,False,1,0,2026-07-24,True,True
film_theater,82597,Spa Weekend,amc-alderwood-mall-16,AMC Alderwood Mall 16,1,ordinary,catalog,high,standard,normal_first_run,source_film_id,2026-08-20,2026-09-08,2026-09-08,20,20,61,61,confirmed_complete,Tuesday,False,2026-08-12,True,2026-08-20,2026-08-26,7,29,0.4754,13,True,False,13,0,2026-09-11,True,True
film_theater,82597,Spa Weekend,amc-factoria-8,AMC Factoria 8,1,ordinary,catalog,high,standard,normal_first_run,source_film_id,2026-08-20,2026-09-03,2026-09-03,15,15,46,46,confirmed_complete,Thursday,False,2026-08-18,True,2026-08-20,2026-08-26,7,30,0.6522,8,True,False,8,0,2026-09-04,True,True
film_theater,82597,Spa Weekend,amc-kent-station-14,AMC Kent Station 14,1,ordinary,catalog,high,standard,normal_first_run,source_film_id,2026-08-20,2026-08-27,2026-08-27,8,8,29,29,confirmed_complete,Thursday,False,2026-08-18,True,2026-08-20,2026-08-26,7,28,0.9655,1,True,False,1,0,2026-08-28,True,True
film_theater,82597,Spa Weekend,amc-southcenter-16,AMC Southcenter 16,1,ordinary,catalog,high,standard,normal_first_run,source_film_id,2026-08-20,2026-09-02,2026-09-02,14,14,45,45,confirmed_complete,Wednesday,False,2026-08-12,True,2026-08-21,2026-08-26,6,30,0.6667,7,True,False,8,0,2026-09-04,True,True
film_theater,84714,Space Seed + Star Trek II: The Wrath of Khan - Director's Cut 60th Anniversary Event,amc-alderwood-mall-16,AMC Alderwood Mall 16,1,rerelease,catalog,high,anniversary_or_rerelease,anniversary_re_release,source_film_id,2026-09-05,2026-09-08,2026-09-08,4,2,2,2,confirmed_complete,Tuesday,False,2026-08-22,True,2026-09-05,2026-09-05,1,1,0.5,3,True,False,1,0,2026-09-11,True,True
film_theater,84714,Space Seed + Star Trek II: The Wrath of Khan - Director's Cut 60th Anniversary Event,amc-southcenter-16,AMC Southcenter 16,1,rerelease,catalog,high,anniversary_or_rerelease,anniversary_re_release,source_film_id,2026-09-05,2026-09-08,2026-09-08,4,2,3,3,confirmed_complete,Tuesday,False,2026-08-22,True,2026-09-05,2026-09-05,1,1,0.3333,3,True,False,1,0,2026-09-11,True,True
film_theater,78598,Spider-Man: Brand New Day,amc-oak-tree-6,AMC Oak Tree 6,1,ordinary,catalog,high,standard,normal_first_run,source_film_id,2026-07-30,2026-09-23,2026-09-23,56,56,398,398,confirmed_complete,Wednesday,False,2026-07-16,True,2026-07-30,2026-07-30,1,14,0.0352,55,True,False,55,0,2026-09-25,True,True
film_theater,84005,Spider-Man: Brand New Day Dolby Opening Night Fan Event,amc-alderwood-mall-16,AMC Alderwood Mall 16,1,special_event,catalog,high,concert_or_event,fan_event,source_film_id,2026-07-30,2026-07-30,2026-07-30,1,1,1,1,confirmed_complete,Thursday,False,2026-07-16,True,2026-07-30,2026-07-30,1,1,1.0,0,False,False,0,0,2026-07-31,True,True
film_theater,84005,Spider-Man: Brand New Day Dolby Opening Night Fan Event,amc-kent-station-14,AMC Kent Station 14,1,special_event,catalog,high,concert_or_event,fan_event,source_film_id,2026-07-30,2026-07-30,2026-07-30,1,1,1,1,confirmed_complete,Thursday,False,2026-07-16,True,2026-07-30,2026-07-30,1,1,1.0,0,False,False,0,0,2026-07-31,True,True
film_theater,84005,Spider-Man: Brand New Day Dolby Opening Night Fan Event,amc-southcenter-16,AMC Southcenter 16,1,special_event,catalog,high,concert_or_event,fan_event,source_film_id,2026-07-30,2026-07-30,2026-07-30,1,1,1,1,confirmed_complete,Thursday,False,2026-07-16,True,2026-07-30,2026-07-30,1,1,1.0,0,False,False,0,0,2026-07-31,True,True
film_theater,84005,Spider-Man: Brand New Day Dolby Opening Night Fan Event,amc-woodinville-12,AMC Woodinville 12,1,special_event,catalog,high,concert_or_event,fan_event,source_film_id,2026-07-30,2026-07-30,2026-07-30,1,1,1,1,confirmed_complete,Thursday,False,2026-07-16,True,2026-07-30,2026-07-30,1,1,1.0,0,False,False,0,0,2026-07-31,True,True
film_theater,84001,Spider-Man: Brand New Day: Sensory Friendly Screening,amc-kent-station-14,AMC Kent Station 14,1,accessibility_presentation,catalog,high,sensory_friendly,sensory_friendly,source_film_id,2026-08-08,2026-08-12,2026-08-12,5,2,2,2,confirmed_complete,Wednesday,False,2026-08-02,True,2026-08-12,2026-08-12,1,1,0.5,0,False,False,1,0,2026-08-14,True,True
film_theater,84001,Spider-Man: Brand New Day: Sensory Friendly Screening,amc-woodinville-12,AMC Woodinville 12,1,accessibility_presentation,catalog,high,sensory_friendly,sensory_friendly,source_film_id,2026-08-08,2026-08-08,2026-08-08,1,1,1,1,confirmed_complete,Saturday,False,2026-07-25,True,2026-08-08,2026-08-08,1,1,1.0,0,False,False,0,0,2026-08-14,True,True
film_theater,84367,Splash City,amc-pacific-place-11,AMC Pacific Place 11,1,ordinary,catalog,high,standard,normal_first_run,source_film_id,2026-08-07,2026-08-12,2026-08-12,6,6,9,9,confirmed_complete,Wednesday,False,2026-07-30,True,2026-08-07,2026-08-12,6,6,0.6667,0,False,False,0,0,2026-08-14,True,True
film_theater,84367,Splash City,amc-southcenter-16,AMC Southcenter 16,1,ordinary,catalog,high,standard,normal_first_run,source_film_id,2026-08-07,2026-08-13,2026-08-13,7,7,19,19,confirmed_complete,Thursday,False,2026-07-30,True,2026-08-07,2026-08-12,6,6,0.3158,1,True,False,1,0,2026-08-14,True,True
film_theater,84295,Splash City with Berner in-person,amc-pacific-place-11,AMC Pacific Place 11,1,ordinary,catalog,high,standard,normal_first_run,source_film_id,2026-07-27,2026-07-27,2026-07-27,1,1,1,1,confirmed_complete,Monday,False,2026-07-13,True,2026-07-27,2026-07-27,1,1,1.0,0,False,False,0,0,2026-07-31,True,True
film_theater,title:star-wars-the-mandalorian-and-grogu,Star Wars: The Mandalorian and Grogu,amc-alderwood-mall-16,AMC Alderwood Mall 16,1,ordinary_title_only,title_only,low,unknown,normal_first_run,title_fallback,2026-06-29,2026-06-30,2026-06-30,2,2,2,2,confirmed_complete,Tuesday,True,2026-06-29,False,2026-06-29,2026-06-30,2,2,,,,,0,0,2026-07-03,True,True
film_theater,60322,Star Wars: The Mandalorian and Grogu,amc-alderwood-mall-16,AMC Alderwood Mall 16,1,ordinary_title_only,title_only,low,unknown,normal_first_run,source_film_id,2026-07-01,2026-07-02,2026-07-02,2,2,2,2,confirmed_complete,Thursday,True,2026-06-29,False,2026-07-01,2026-07-01,1,1,,,,,0,0,2026-07-03,True,True
film_theater,title:star-wars-the-mandalorian-and-grogu,Star Wars: The Mandalorian and Grogu,amc-kent-station-14,AMC Kent Station 14,1,ordinary_title_only,title_only,low,unknown,normal_first_run,title_fallback,2026-06-29,2026-06-30,2026-06-30,2,2,4,4,confirmed_complete,Tuesday,True,2026-06-29,False,2026-06-29,2026-06-30,2,4,,,,,0,0,2026-07-03,True,True
film_theater,84878,Steel Magnolias,amc-alderwood-mall-16,AMC Alderwood Mall 16,1,ordinary,catalog,high,standard,normal_first_run,source_film_id,2026-08-28,2026-09-02,2026-09-02,6,6,6,6,confirmed_complete,Wednesday,False,2026-08-28,False,2026-08-28,2026-09-02,6,6,,,,,0,0,2026-09-04,True,True
film_theater,84878,Steel Magnolias,amc-southcenter-16,AMC Southcenter 16,1,ordinary,catalog,high,standard,normal_first_run,source_film_id,2026-08-28,2026-09-02,2026-09-02,6,6,6,6,confirmed_complete,Wednesday,False,2026-08-28,False,2026-08-28,2026-09-02,6,6,,,,,0,0,2026-09-04,True,True
film_theater,title:stop-that-train,Stop! That! Train!,amc-pacific-place-11,AMC Pacific Place 11,1,ordinary_title_only,title_only,low,unknown,normal_first_run,title_fallback,2026-06-29,2026-06-30,2026-06-30,2,2,4,4,confirmed_complete,Tuesday,True,2026-06-29,False,2026-06-29,2026-06-30,2,4,,,,,0,0,2026-07-03,True,True
film_theater,83659,Suiza vs Argelia - Telemundo presenta la Copa Mundial de la FIFA 2026,amc-southcenter-16,AMC Southcenter 16,1,special_event_title_only,title_only,low,unknown,concert_live_encore,source_film_id,2026-07-02,2026-07-02,2026-07-02,1,1,1,1,confirmed_complete,Thursday,True,2026-06-29,False,2026-07-02,2026-07-02,1,1,,,,,0,0,2026-07-03,True,True
film_theater,83671,Suiza vs Colombia - Octavos de Final - Telemundo presenta la Copa Mundial de la FIFA 2026,amc-alderwood-mall-16,AMC Alderwood Mall 16,1,special_event_title_only,title_only,low,unknown,concert_live_encore,source_film_id,2026-07-07,2026-07-07,2026-07-07,1,1,1,1,confirmed_complete,Tuesday,True,2026-06-29,False,2026-07-07,2026-07-07,1,1,,,,,0,0,2026-07-10,True,True
film_theater,83671,Suiza vs Colombia - Octavos de Final - Telemundo presenta la Copa Mundial de la FIFA 2026,amc-southcenter-16,AMC Southcenter 16,1,special_event_title_only,title_only,low,unknown,concert_live_encore,source_film_id,2026-07-07,2026-07-07,2026-07-07,1,1,1,1,confirmed_complete,Tuesday,True,2026-06-29,False,2026-07-07,2026-07-07,1,1,,,,,0,0,2026-07-10,True,True
film_theater,84360,Summer Tour,amc-alderwood-mall-16,AMC Alderwood Mall 16,1,special_event,catalog,high,concert_or_event,normal_first_run,source_film_id,2026-07-23,2026-07-23,2026-07-23,1,1,1,1,confirmed_complete,Thursday,False,2026-07-09,True,2026-07-23,2026-07-23,1,1,1.0,0,False,False,0,0,2026-07-24,True,True
film_theater,84360,Summer Tour,amc-southcenter-16,AMC Southcenter 16,1,special_event,catalog,high,concert_or_event,normal_first_run,source_film_id,2026-07-23,2026-07-23,2026-07-23,1,1,1,1,confirmed_complete,Thursday,False,2026-07-09,True,2026-07-23,2026-07-23,1,1,1.0,0,False,False,0,0,2026-07-24,True,True
film_theater,84674,Sunny Dancer,amc-southcenter-16,AMC Southcenter 16,1,ordinary,catalog,high,standard,normal_first_run,source_film_id,2026-09-18,2026-09-23,2026-09-23,6,6,7,7,confirmed_complete,Wednesday,False,2026-09-04,True,2026-09-19,2026-09-23,5,3,0.4286,0,False,False,3,3,2026-09-25,True,True
film_theater,82341,Super Troopers 3,amc-alderwood-mall-16,AMC Alderwood Mall 16,1,ordinary,catalog,high,standard,normal_first_run,source_film_id,2026-08-06,2026-08-20,2026-08-20,15,15,97,97,confirmed_complete,Thursday,False,2026-07-23,True,2026-08-06,2026-08-06,1,4,0.0412,14,True,False,14,0,2026-08-21,True,True
film_theater,82341,Super Troopers 3,amc-factoria-8,AMC Factoria 8,1,ordinary,catalog,high,standard,normal_first_run,source_film_id,2026-08-06,2026-08-20,2026-08-20,15,15,95,95,confirmed_complete,Thursday,False,2026-07-23,True,2026-08-06,2026-08-06,1,2,0.0211,14,True,False,14,0,2026-08-21,True,True
film_theater,82341,Super Troopers 3,amc-kent-station-14,AMC Kent Station 14,1,ordinary,catalog,high,standard,normal_first_run,source_film_id,2026-08-06,2026-08-20,2026-08-20,15,15,81,81,confirmed_complete,Thursday,False,2026-07-23,True,2026-08-06,2026-08-06,1,4,0.0494,14,True,False,14,0,2026-08-21,True,True
film_theater,82341,Super Troopers 3,amc-pacific-place-11,AMC Pacific Place 11,1,ordinary,catalog,high,standard,normal_first_run,source_film_id,2026-08-06,2026-08-20,2026-08-20,15,15,72,72,confirmed_complete,Thursday,False,2026-07-23,True,2026-08-06,2026-08-06,1,4,0.0556,14,True,False,14,0,2026-08-21,True,True
film_theater,82341,Super Troopers 3,amc-southcenter-16,AMC Southcenter 16,1,ordinary,catalog,high,standard,normal_first_run,source_film_id,2026-08-06,2026-08-19,2026-08-19,14,14,86,86,confirmed_complete,Wednesday,False,2026-07-23,True,2026-08-06,2026-08-06,1,3,0.0349,13,True,False,13,0,2026-08-21,True,True
film_theater,82341,Super Troopers 3,amc-woodinville-12,AMC Woodinville 12,1,ordinary,catalog,high,standard,normal_first_run,source_film_id,2026-08-06,2026-08-20,2026-08-20,15,15,79,79,confirmed_complete,Thursday,False,2026-07-23,True,2026-08-06,2026-08-06,1,4,0.0506,14,True,False,14,0,2026-08-21,True,True
film_theater,84350,Super Troopers 3: Special Broken Lizard Fan Event,amc-alderwood-mall-16,AMC Alderwood Mall 16,1,special_event,catalog,high,concert_or_event,fan_event,source_film_id,2026-08-06,2026-08-06,2026-08-06,1,1,1,1,confirmed_complete,Thursday,False,2026-07-23,True,2026-08-06,2026-08-06,1,1,1.0,0,False,False,0,0,2026-08-07,True,True
film_theater,84350,Super Troopers 3: Special Broken Lizard Fan Event,amc-factoria-8,AMC Factoria 8,1,special_event,catalog,high,concert_or_event,fan_event,source_film_id,2026-08-06,2026-08-06,2026-08-06,1,1,1,1,confirmed_complete,Thursday,False,2026-07-23,True,2026-08-06,2026-08-06,1,1,1.0,0,False,False,0,0,2026-08-07,True,True
film_theater,84350,Super Troopers 3: Special Broken Lizard Fan Event,amc-kent-station-14,AMC Kent Station 14,1,special_event,catalog,high,concert_or_event,fan_event,source_film_id,2026-08-06,2026-08-06,2026-08-06,1,1,1,1,confirmed_complete,Thursday,False,2026-07-23,True,2026-08-06,2026-08-06,1,1,1.0,0,False,False,0,0,2026-08-07,True,True
film_theater,84350,Super Troopers 3: Special Broken Lizard Fan Event,amc-pacific-place-11,AMC Pacific Place 11,1,special_event,catalog,high,concert_or_event,fan_event,source_film_id,2026-08-06,2026-08-06,2026-08-06,1,1,1,1,confirmed_complete,Thursday,False,2026-07-23,True,2026-08-06,2026-08-06,1,1,1.0,0,False,False,0,0,2026-08-07,True,True
film_theater,84350,Super Troopers 3: Special Broken Lizard Fan Event,amc-southcenter-16,AMC Southcenter 16,1,special_event,catalog,high,concert_or_event,fan_event,source_film_id,2026-08-06,2026-08-06,2026-08-06,1,1,1,1,confirmed_complete,Thursday,False,2026-07-23,True,2026-08-06,2026-08-06,1,1,1.0,0,False,False,0,0,2026-08-07,True,True
film_theater,84350,Super Troopers 3: Special Broken Lizard Fan Event,amc-woodinville-12,AMC Woodinville 12,1,special_event,catalog,high,concert_or_event,fan_event,source_film_id,2026-08-06,2026-08-06,2026-08-06,1,1,1,1,confirmed_complete,Thursday,False,2026-07-23,True,2026-08-06,2026-08-06,1,1,1.0,0,False,False,0,0,2026-08-07,True,True
film_theater,title:supergirl,Supergirl,amc-alderwood-mall-16,AMC Alderwood Mall 16,1,ordinary_title_only,title_only,low,unknown,normal_first_run,title_fallback,2026-06-29,2026-07-08,2026-07-08,10,5,48,48,confirmed_complete,Wednesday,True,2026-06-29,False,2026-06-29,2026-07-08,10,48,,,,,0,0,2026-07-10,True,True
film_theater,77031,Supergirl,amc-alderwood-mall-16,AMC Alderwood Mall 16,1,ordinary,catalog,high,standard,normal_first_run,source_film_id,2026-07-01,2026-07-22,2026-07-22,22,22,106,106,confirmed_complete,Wednesday,True,2026-06-29,False,2026-07-01,2026-07-08,8,40,,,,,0,0,2026-07-24,True,True
film_theater,title:supergirl,Supergirl,amc-factoria-8,AMC Factoria 8,1,ordinary_title_only,title_only,low,unknown,normal_first_run,title_fallback,2026-06-29,2026-06-30,2026-06-30,2,2,20,20,confirmed_complete,Tuesday,True,2026-06-29,False,2026-06-29,2026-06-30,2,20,,,,,0,0,2026-07-03,True,True
film_theater,77031,Supergirl,amc-factoria-8,AMC Factoria 8,1,ordinary,catalog,high,standard,normal_first_run,source_film_id,2026-07-01,2026-07-16,2026-07-16,16,16,64,64,confirmed_complete,Thursday,True,2026-06-29,False,2026-07-01,2026-07-09,9,36,,,,,0,0,2026-07-17,True,True
film_theater,title:supergirl,Supergirl,amc-kent-station-14,AMC Kent Station 14,1,ordinary_title_only,title_only,low,unknown,normal_first_run,title_fallback,2026-06-29,2026-06-30,2026-06-30,2,2,33,33,confirmed_complete,Tuesday,True,2026-06-29,False,2026-06-29,2026-06-30,2,33,,,,,0,0,2026-07-03,True,True
film_theater,77031,Supergirl,amc-kent-station-14,AMC Kent Station 14,1,ordinary,catalog,high,standard,normal_first_run,source_film_id,2026-07-01,2026-07-29,2026-07-29,29,29,177,177,confirmed_complete,Wednesday,True,2026-06-29,False,2026-07-01,2026-07-08,8,54,,,,,0,0,2026-07-31,True,True
film_theater,83986,Supergirl,amc-kent-station-14,AMC Kent Station 14,1,other,title_only,low,unknown,sensory_friendly,source_film_id,2026-07-08,2026-07-08,2026-07-08,1,1,1,1,confirmed_complete,Wednesday,False,2026-06-30,True,2026-07-08,2026-07-08,1,1,1.0,0,False,False,0,0,2026-07-10,True,True
film_theater,title:supergirl,Supergirl,amc-oak-tree-6,AMC Oak Tree 6,1,ordinary_title_only,title_only,low,unknown,normal_first_run,title_fallback,2026-06-29,2026-07-08,2026-07-08,10,9,31,31,confirmed_complete,Wednesday,True,2026-06-29,False,2026-06-29,2026-07-08,10,31,,,,,0,0,2026-07-10,True,True
film_theater,77031,Supergirl,amc-oak-tree-6,AMC Oak Tree 6,1,ordinary,catalog,high,standard,normal_first_run,source_film_id,2026-07-01,2026-07-15,2026-07-15,15,14,42,42,confirmed_complete,Wednesday,True,2026-06-29,False,2026-07-01,2026-07-07,7,11,,,,,0,0,2026-07-17,True,True
film_theater,title:supergirl,Supergirl,amc-pacific-place-11,AMC Pacific Place 11,1,ordinary_title_only,title_only,low,unknown,normal_first_run,title_fallback,2026-06-29,2026-07-08,2026-07-08,10,6,20,20,confirmed_complete,Wednesday,True,2026-06-29,False,2026-06-29,2026-07-08,10,20,,,,,0,0,2026-07-10,True,True
film_theater,77031,Supergirl,amc-pacific-place-11,AMC Pacific Place 11,1,ordinary,catalog,high,standard,normal_first_run,source_film_id,2026-07-01,2026-07-23,2026-07-23,23,23,84,84,confirmed_complete,Thursday,True,2026-06-29,False,2026-07-01,2026-07-09,9,35,,,,,0,0,2026-07-24,True,True
film_theater,title:supergirl,Supergirl,amc-southcenter-16,AMC Southcenter 16,1,ordinary_title_only,title_only,low,unknown,normal_first_run,title_fallback,2026-06-29,2026-07-05,2026-07-05,7,4,36,36,confirmed_complete,Sunday,True,2026-06-29,False,2026-06-29,2026-07-05,7,36,,,,,0,0,2026-07-10,True,True
film_theater,77031,Supergirl,amc-southcenter-16,AMC Southcenter 16,1,ordinary,catalog,high,standard,normal_first_run,source_film_id,2026-07-01,2026-07-09,2026-07-09,9,9,72,72,confirmed_complete,Thursday,True,2026-06-29,False,2026-07-01,2026-07-09,9,50,,,,,0,0,2026-07-10,True,True
film_theater,title:supergirl,Supergirl,amc-woodinville-12,AMC Woodinville 12,1,ordinary_title_only,title_only,low,unknown,normal_first_run,title_fallback,2026-06-29,2026-06-30,2026-06-30,2,2,22,22,confirmed_complete,Tuesday,True,2026-06-29,False,2026-06-29,2026-06-30,2,22,,,,,0,0,2026-07-03,True,True
film_theater,77031,Supergirl,amc-woodinville-12,AMC Woodinville 12,1,ordinary,catalog,high,standard,normal_first_run,source_film_id,2026-07-01,2026-07-16,2026-07-16,16,16,86,86,confirmed_complete,Thursday,True,2026-06-29,False,2026-07-01,2026-07-08,8,47,,,,,0,0,2026-07-17,True,True
film_theater,83592,Tales from Earthsea 20th Anniversary - Studio Ghibli Fest 2026,amc-alderwood-mall-16,AMC Alderwood Mall 16,1,rerelease,catalog,high,anniversary_or_rerelease,anniversary_re_release,source_film_id,2026-08-08,2026-08-10,2026-08-10,3,2,2,2,confirmed_complete,Monday,False,2026-07-25,True,2026-08-08,2026-08-08,1,1,0.5,2,True,False,1,0,2026-08-14,True,True
film_theater,83592,Tales from Earthsea 20th Anniversary - Studio Ghibli Fest 2026,amc-kent-station-14,AMC Kent Station 14,1,rerelease,catalog,high,anniversary_or_rerelease,anniversary_re_release,source_film_id,2026-08-08,2026-08-10,2026-08-10,3,2,2,2,confirmed_complete,Monday,False,2026-07-25,True,2026-08-08,2026-08-08,1,1,0.5,2,True,False,1,0,2026-08-14,True,True
film_theater,83592,Tales from Earthsea 20th Anniversary - Studio Ghibli Fest 2026,amc-southcenter-16,AMC Southcenter 16,1,rerelease,catalog,high,anniversary_or_rerelease,anniversary_re_release,source_film_id,2026-08-08,2026-08-10,2026-08-10,3,2,2,2,confirmed_complete,Monday,False,2026-07-25,True,2026-08-08,2026-08-08,1,1,0.5,2,True,False,1,0,2026-08-14,True,True
film_theater,83592,Tales from Earthsea 20th Anniversary - Studio Ghibli Fest 2026,amc-woodinville-12,AMC Woodinville 12,1,rerelease,catalog,high,anniversary_or_rerelease,anniversary_re_release,source_film_id,2026-08-08,2026-08-10,2026-08-10,3,2,2,2,confirmed_complete,Monday,False,2026-07-25,True,2026-08-08,2026-08-08,1,1,0.5,2,True,False,1,0,2026-08-14,True,True
film_theater,title:talladega-nights-ballad-of-ricky-bobby-20th-anniversary,Talladega Nights: Ballad of Ricky Bobby,amc-alderwood-mall-16,AMC Alderwood Mall 16,1,rerelease_title_only,title_only,low,unknown,anniversary_re_release,title_fallback,2026-06-30,2026-06-30,2026-06-30,1,1,1,1,confirmed_complete,Tuesday,True,2026-06-29,False,2026-06-30,2026-06-30,1,1,,,,,0,0,2026-07-03,True,True
film_theater,84009,Talladega Nights: Ballad of Ricky Bobby,amc-alderwood-mall-16,AMC Alderwood Mall 16,1,rerelease_title_only,title_only,low,unknown,anniversary_re_release,source_film_id,2026-07-01,2026-07-01,2026-07-01,1,1,1,1,confirmed_complete,Wednesday,True,2026-06-29,False,2026-07-01,2026-07-01,1,1,,,,,0,0,2026-07-03,True,True
film_theater,title:talladega-nights-ballad-of-ricky-bobby-20th-anniversary,Talladega Nights: Ballad of Ricky Bobby,amc-southcenter-16,AMC Southcenter 16,1,rerelease_title_only,title_only,low,unknown,anniversary_re_release,title_fallback,2026-06-30,2026-07-01,2026-07-01,2,2,2,2,confirmed_complete,Wednesday,True,2026-06-29,False,2026-06-30,2026-07-01,2,2,,,,,0,0,2026-07-03,True,True
film_theater,82941,Teenage Sex and Death at Camp Miasma,amc-alderwood-mall-16,AMC Alderwood Mall 16,1,ordinary,catalog,high,standard,normal_first_run,source_film_id,2026-08-20,2026-09-02,2026-09-02,14,14,28,28,confirmed_complete,Wednesday,False,2026-08-19,True,2026-08-20,2026-08-26,7,21,0.75,7,True,False,7,0,2026-09-04,True,True
film_theater,82941,Teenage Sex and Death at Camp Miasma,amc-pacific-place-11,AMC Pacific Place 11,1,ordinary,catalog,high,standard,normal_first_run,source_film_id,2026-08-20,2026-09-17,2026-09-17,29,29,57,57,confirmed_complete,Thursday,False,2026-08-18,True,2026-08-20,2026-08-21,2,5,0.0877,27,True,False,27,0,2026-09-18,True,True
film_theater,82941,Teenage Sex and Death at Camp Miasma,amc-southcenter-16,AMC Southcenter 16,1,ordinary,catalog,high,standard,normal_first_run,source_film_id,2026-08-20,2026-09-03,2026-09-03,15,15,34,34,confirmed_complete,Thursday,False,2026-08-18,True,2026-08-24,2026-08-24,1,3,0.0882,10,True,False,14,0,2026-09-04,True,True
film_theater,84287,Terminator 2: Judgment Day 35th Anniversary,amc-alderwood-mall-16,AMC Alderwood Mall 16,1,rerelease,catalog,high,anniversary_or_rerelease,anniversary_re_release,source_film_id,2026-08-28,2026-09-02,2026-09-02,6,6,12,12,confirmed_complete,Wednesday,False,2026-08-14,True,2026-08-28,2026-08-28,1,2,0.1667,5,True,False,5,0,2026-09-04,True,True
film_theater,84287,Terminator 2: Judgment Day 35th Anniversary,amc-kent-station-14,AMC Kent Station 14,1,rerelease,catalog,high,anniversary_or_rerelease,anniversary_re_release,source_film_id,2026-08-28,2026-09-02,2026-09-02,6,6,12,12,confirmed_complete,Wednesday,False,2026-08-14,True,2026-08-28,2026-08-28,1,2,0.1667,5,True,False,5,0,2026-09-04,True,True
film_theater,84287,Terminator 2: Judgment Day 35th Anniversary,amc-southcenter-16,AMC Southcenter 16,1,rerelease,catalog,high,anniversary_or_rerelease,anniversary_re_release,source_film_id,2026-08-28,2026-09-02,2026-09-02,6,6,12,12,confirmed_complete,Wednesday,False,2026-08-14,True,2026-08-28,2026-08-28,1,2,0.1667,5,True,False,5,0,2026-09-04,True,True
film_theater,84287,Terminator 2: Judgment Day 35th Anniversary,amc-woodinville-12,AMC Woodinville 12,1,rerelease,catalog,high,anniversary_or_rerelease,anniversary_re_release,source_film_id,2026-08-28,2026-09-02,2026-09-02,6,6,12,12,confirmed_complete,Wednesday,False,2026-08-14,True,2026-08-28,2026-08-28,1,2,0.1667,5,True,False,5,0,2026-09-04,True,True
film_theater,84239,Texas Chainsaw Day (2026),amc-alderwood-mall-16,AMC Alderwood Mall 16,1,special_event,catalog,high,concert_or_event,normal_first_run,source_film_id,2026-08-18,2026-08-18,2026-08-18,1,1,1,1,confirmed_complete,Tuesday,False,2026-08-04,True,2026-08-18,2026-08-18,1,1,1.0,0,False,False,0,0,2026-08-21,True,True
film_theater,84239,Texas Chainsaw Day (2026),amc-kent-station-14,AMC Kent Station 14,1,special_event,catalog,high,concert_or_event,normal_first_run,source_film_id,2026-08-18,2026-08-18,2026-08-18,1,1,1,1,confirmed_complete,Tuesday,False,2026-08-04,True,2026-08-18,2026-08-18,1,1,1.0,0,False,False,0,0,2026-08-21,True,True
film_theater,84239,Texas Chainsaw Day (2026),amc-pacific-place-11,AMC Pacific Place 11,1,special_event,catalog,high,concert_or_event,normal_first_run,source_film_id,2026-08-18,2026-08-18,2026-08-18,1,1,1,1,confirmed_complete,Tuesday,False,2026-08-12,True,2026-08-18,2026-08-18,1,1,1.0,0,False,False,0,0,2026-08-21,True,True
film_theater,84239,Texas Chainsaw Day (2026),amc-southcenter-16,AMC Southcenter 16,1,special_event,catalog,high,concert_or_event,normal_first_run,source_film_id,2026-08-18,2026-08-18,2026-08-18,1,1,1,1,confirmed_complete,Tuesday,False,2026-08-04,True,2026-08-18,2026-08-18,1,1,1.0,0,False,False,0,0,2026-08-21,True,True
film_theater,84239,Texas Chainsaw Day (2026),amc-woodinville-12,AMC Woodinville 12,1,special_event,catalog,high,concert_or_event,normal_first_run,source_film_id,2026-08-18,2026-08-18,2026-08-18,1,1,1,1,confirmed_complete,Tuesday,False,2026-08-04,True,2026-08-18,2026-08-18,1,1,1.0,0,False,False,0,0,2026-08-21,True,True
film_theater,83811,The Bad Guys 2,amc-alderwood-mall-16,AMC Alderwood Mall 16,1,ordinary,catalog,high,standard,normal_first_run,source_film_id,2026-07-27,2026-07-29,2026-07-29,3,2,4,4,confirmed_complete,Wednesday,False,2026-07-13,True,2026-07-27,2026-07-27,1,2,0.5,2,True,False,1,0,2026-07-31,True,True
film_theater,83811,The Bad Guys 2,amc-kent-station-14,AMC Kent Station 14,1,ordinary,catalog,high,standard,normal_first_run,source_film_id,2026-07-27,2026-07-29,2026-07-29,3,2,4,4,confirmed_complete,Wednesday,False,2026-07-13,True,2026-07-27,2026-07-27,1,2,0.5,2,True,False,1,0,2026-07-31,True,True
film_theater,83811,The Bad Guys 2,amc-southcenter-16,AMC Southcenter 16,1,ordinary,catalog,high,standard,normal_first_run,source_film_id,2026-07-27,2026-07-29,2026-07-29,3,2,4,4,confirmed_complete,Wednesday,False,2026-07-13,True,2026-07-27,2026-07-27,1,2,0.5,2,True,False,1,0,2026-07-31,True,True
film_theater,83811,The Bad Guys 2,amc-woodinville-12,AMC Woodinville 12,1,ordinary,catalog,high,standard,normal_first_run,source_film_id,2026-07-27,2026-07-29,2026-07-29,3,2,4,4,confirmed_complete,Wednesday,False,2026-07-13,True,2026-07-27,2026-07-27,1,2,0.5,2,True,False,1,0,2026-07-31,True,True
film_theater,84879,The Best Little Whorehouse In Texas,amc-alderwood-mall-16,AMC Alderwood Mall 16,1,ordinary,catalog,high,standard,normal_first_run,source_film_id,2026-08-28,2026-09-02,2026-09-02,6,6,6,6,confirmed_complete,Wednesday,False,2026-08-28,False,2026-08-28,2026-09-02,6,6,,,,,0,0,2026-09-04,True,True
film_theater,84879,The Best Little Whorehouse In Texas,amc-southcenter-16,AMC Southcenter 16,1,ordinary,catalog,high,standard,normal_first_run,source_film_id,2026-08-28,2026-09-02,2026-09-02,6,6,6,6,confirmed_complete,Wednesday,False,2026-08-28,False,2026-08-28,2026-09-02,6,6,,,,,0,0,2026-09-04,True,True
film_theater,83719,The Brink of War,amc-alderwood-mall-16,AMC Alderwood Mall 16,1,ordinary,catalog,high,standard,normal_first_run,source_film_id,2026-08-13,2026-08-26,2026-08-26,14,14,30,30,confirmed_complete,Wednesday,False,2026-07-30,True,2026-08-13,2026-08-13,1,3,0.1,13,True,False,13,0,2026-08-28,True,True
film_theater,83719,The Brink of War,amc-factoria-8,AMC Factoria 8,1,ordinary,catalog,high,standard,normal_first_run,source_film_id,2026-08-15,2026-08-15,2026-08-15,1,1,1,1,confirmed_complete,Saturday,False,2026-08-11,True,2026-08-15,2026-08-15,1,1,1.0,0,False,False,0,0,2026-08-21,True,True
film_theater,83719,The Brink of War,amc-kent-station-14,AMC Kent Station 14,1,ordinary,catalog,high,standard,normal_first_run,source_film_id,2026-08-13,2026-08-27,2026-08-27,15,15,42,42,confirmed_complete,Thursday,False,2026-08-05,True,2026-08-13,2026-08-19,7,15,0.3571,8,True,False,8,0,2026-08-28,True,True
film_theater,83719,The Brink of War,amc-pacific-place-11,AMC Pacific Place 11,1,ordinary,catalog,high,standard,normal_first_run,source_film_id,2026-08-15,2026-08-15,2026-08-15,1,1,1,1,confirmed_complete,Saturday,False,2026-08-11,True,2026-08-15,2026-08-15,1,1,1.0,0,False,False,0,0,2026-08-21,True,True
film_theater,83719,The Brink of War,amc-southcenter-16,AMC Southcenter 16,1,ordinary,catalog,high,standard,normal_first_run,source_film_id,2026-08-13,2026-08-26,2026-08-26,14,14,38,38,confirmed_complete,Wednesday,False,2026-07-30,True,2026-08-13,2026-08-13,1,4,0.1053,13,True,False,13,0,2026-08-28,True,True
film_theater,83719,The Brink of War,amc-woodinville-12,AMC Woodinville 12,1,ordinary,catalog,high,standard,normal_first_run,source_film_id,2026-08-15,2026-08-15,2026-08-15,1,1,1,1,confirmed_complete,Saturday,False,2026-08-11,True,2026-08-15,2026-08-15,1,1,1.0,0,False,False,0,0,2026-08-21,True,True
film_theater,84713,The Changeling + Star Trek: The Motion Picture - Director's Edition - 60th Anniversary Event,amc-alderwood-mall-16,AMC Alderwood Mall 16,1,rerelease,catalog,high,anniversary_or_rerelease,anniversary_re_release,source_film_id,2026-09-04,2026-09-04,2026-09-04,1,1,1,1,confirmed_complete,Friday,False,2026-08-21,True,2026-09-04,2026-09-04,1,1,1.0,0,False,False,0,0,2026-09-11,True,True
film_theater,84713,The Changeling + Star Trek: The Motion Picture - Director's Edition - 60th Anniversary Event,amc-southcenter-16,AMC Southcenter 16,1,rerelease,catalog,high,anniversary_or_rerelease,anniversary_re_release,source_film_id,2026-09-04,2026-09-04,2026-09-04,1,1,1,1,confirmed_complete,Friday,False,2026-08-21,True,2026-09-04,2026-09-04,1,1,1.0,0,False,False,0,0,2026-09-11,True,True
film_theater,84716,The City on The Edge of Forever + Star Trek IV: The Voyage Home 60th Anniversary Event,amc-alderwood-mall-16,AMC Alderwood Mall 16,1,rerelease,catalog,high,anniversary_or_rerelease,anniversary_re_release,source_film_id,2026-09-07,2026-09-08,2026-09-08,2,2,2,2,confirmed_complete,Tuesday,False,2026-08-24,True,2026-09-07,2026-09-07,1,1,0.5,1,True,False,1,0,2026-09-11,True,True
film_theater,84716,The City on The Edge of Forever + Star Trek IV: The Voyage Home 60th Anniversary Event,amc-southcenter-16,AMC Southcenter 16,1,rerelease,catalog,high,anniversary_or_rerelease,anniversary_re_release,source_film_id,2026-09-07,2026-09-08,2026-09-08,2,2,3,3,confirmed_complete,Tuesday,False,2026-08-24,True,2026-09-07,2026-09-07,1,1,0.3333,1,True,False,1,0,2026-09-11,True,True
film_theater,title:death-of-robin-hood,The Death of Robin Hood,amc-alderwood-mall-16,AMC Alderwood Mall 16,1,ordinary_title_only,title_only,low,unknown,normal_first_run,title_fallback,2026-06-29,2026-06-30,2026-06-30,2,2,4,4,confirmed_complete,Tuesday,True,2026-06-29,False,2026-06-29,2026-06-30,2,4,,,,,0,0,2026-07-03,True,True
film_theater,title:death-of-robin-hood,The Death of Robin Hood,amc-kent-station-14,AMC Kent Station 14,1,ordinary_title_only,title_only,low,unknown,normal_first_run,title_fallback,2026-06-29,2026-06-30,2026-06-30,2,2,6,6,confirmed_complete,Tuesday,True,2026-06-29,False,2026-06-29,2026-06-30,2,6,,,,,0,0,2026-07-03,True,True
film_theater,title:death-of-robin-hood,The Death of Robin Hood,amc-pacific-place-11,AMC Pacific Place 11,1,ordinary_title_only,title_only,low,unknown,normal_first_run,title_fallback,2026-06-29,2026-06-30,2026-06-30,2,2,2,2,confirmed_complete,Tuesday,True,2026-06-29,False,2026-06-29,2026-06-30,2,2,,,,,0,0,2026-07-03,True,True
film_theater,82802,The Death of Robin Hood,amc-pacific-place-11,AMC Pacific Place 11,1,ordinary_title_only,title_only,low,unknown,normal_first_run,source_film_id,2026-07-01,2026-07-02,2026-07-02,2,2,2,2,confirmed_complete,Thursday,True,2026-06-29,False,2026-07-01,2026-07-01,1,1,,,,,0,0,2026-07-03,True,True
film_theater,title:death-of-robin-hood,The Death of Robin Hood,amc-southcenter-16,AMC Southcenter 16,1,ordinary_title_only,title_only,low,unknown,normal_first_run,title_fallback,2026-06-29,2026-06-30,2026-06-30,2,2,3,3,confirmed_complete,Tuesday,True,2026-06-29,False,2026-06-29,2026-06-30,2,3,,,,,0,0,2026-07-03,True,True
film_theater,title:death-of-robin-hood,The Death of Robin Hood,amc-woodinville-12,AMC Woodinville 12,1,ordinary_title_only,title_only,low,unknown,normal_first_run,title_fallback,2026-06-29,2026-06-30,2026-06-30,2,2,2,2,confirmed_complete,Tuesday,True,2026-06-29,False,2026-06-29,2026-06-30,2,2,,,,,0,0,2026-07-03,True,True
film_theater,title:devil-wears-prada-20th-anniversary-double-feature,The Devil Wears Prada 20th Anniversary Double Feature,amc-alderwood-mall-16,AMC Alderwood Mall 16,1,rerelease_title_only,title_only,low,unknown,anniversary_re_release,title_fallback,2026-06-29,2026-06-30,2026-06-30,2,2,2,2,confirmed_complete,Tuesday,True,2026-06-29,False,2026-06-29,2026-06-30,2,2,,,,,0,0,2026-07-03,True,True
film_theater,72464,The Dog Stars,amc-alderwood-mall-16,AMC Alderwood Mall 16,1,ordinary,catalog,high,standard,normal_first_run,source_film_id,2026-08-27,2026-09-09,2026-09-09,14,14,74,74,confirmed_complete,Wednesday,False,2026-08-13,True,2026-08-27,2026-08-27,1,4,0.0541,13,True,False,13,0,2026-09-11,True,True
film_theater,72464,The Dog Stars,amc-factoria-8,AMC Factoria 8,1,ordinary,catalog,high,standard,normal_first_run,source_film_id,2026-08-27,2026-09-10,2026-09-10,15,15,61,61,confirmed_complete,Thursday,False,2026-08-13,True,2026-08-27,2026-08-27,1,3,0.0492,14,True,False,14,0,2026-09-11,True,True
film_theater,72464,The Dog Stars,amc-kent-station-14,AMC Kent Station 14,1,ordinary,catalog,high,standard,normal_first_run,source_film_id,2026-08-27,2026-09-10,2026-09-10,15,15,64,64,confirmed_complete,Thursday,False,2026-08-13,True,2026-08-27,2026-08-27,1,4,0.0625,14,True,False,14,0,2026-09-11,True,True
film_theater,72464,The Dog Stars,amc-oak-tree-6,AMC Oak Tree 6,1,ordinary,catalog,high,standard,normal_first_run,source_film_id,2026-08-27,2026-09-09,2026-09-09,14,14,62,62,confirmed_complete,Wednesday,False,2026-08-13,True,2026-08-27,2026-08-27,1,3,0.0484,13,True,False,13,0,2026-09-11,True,True
film_theater,72464,The Dog Stars,amc-pacific-place-11,AMC Pacific Place 11,1,ordinary,catalog,high,standard,normal_first_run,source_film_id,2026-08-27,2026-09-10,2026-09-10,15,15,63,63,confirmed_complete,Thursday,False,2026-08-13,True,2026-08-27,2026-08-27,1,4,0.0635,14,True,False,14,0,2026-09-11,True,True
film_theater,72464,The Dog Stars,amc-southcenter-16,AMC Southcenter 16,1,ordinary,catalog,high,standard,normal_first_run,source_film_id,2026-08-27,2026-09-16,2026-09-16,21,21,66,66,confirmed_complete,Wednesday,False,2026-08-13,True,2026-08-27,2026-08-27,1,4,0.0606,20,True,False,20,3,2026-09-18,True,True
film_theater,72464,The Dog Stars,amc-woodinville-12,AMC Woodinville 12,1,ordinary,catalog,high,standard,normal_first_run,source_film_id,2026-08-27,2026-09-17,2026-09-17,22,22,78,78,confirmed_complete,Thursday,False,2026-08-13,True,2026-08-27,2026-08-27,1,4,0.0513,21,True,False,21,0,2026-09-18,True,True
film_theater,83872,The End Of Evangelion (Evangelion 30th Movie Fest),amc-alderwood-mall-16,AMC Alderwood Mall 16,1,special_event,catalog,high,concert_or_event,normal_first_run,source_film_id,2026-07-22,2026-07-23,2026-07-23,2,2,3,3,confirmed_complete,Thursday,False,2026-07-08,True,2026-07-22,2026-07-22,1,2,0.6667,1,True,False,1,0,2026-07-24,True,True
film_theater,83872,The End Of Evangelion (Evangelion 30th Movie Fest),amc-kent-station-14,AMC Kent Station 14,1,special_event,catalog,high,concert_or_event,normal_first_run,source_film_id,2026-07-22,2026-07-23,2026-07-23,2,2,4,4,confirmed_complete,Thursday,False,2026-07-08,True,2026-07-22,2026-07-22,1,1,0.25,1,True,False,1,0,2026-07-24,True,True
film_theater,83872,The End Of Evangelion (Evangelion 30th Movie Fest),amc-southcenter-16,AMC Southcenter 16,1,special_event,catalog,high,concert_or_event,normal_first_run,source_film_id,2026-07-22,2026-07-23,2026-07-23,2,2,5,5,confirmed_complete,Thursday,False,2026-07-08,True,2026-07-22,2026-07-22,1,1,0.2,1,True,False,1,0,2026-07-24,True,True
film_theater,71226,The End of Oak Street,amc-alderwood-mall-16,AMC Alderwood Mall 16,1,ordinary,catalog,high,standard,normal_first_run,source_film_id,2026-08-13,2026-09-10,2026-09-10,29,29,123,123,confirmed_complete,Thursday,False,2026-07-30,True,2026-08-13,2026-08-13,1,3,0.0244,28,True,False,28,0,2026-09-11,True,True
film_theater,71226,The End of Oak Street,amc-factoria-8,AMC Factoria 8,1,ordinary,catalog,high,standard,normal_first_run,source_film_id,2026-08-13,2026-09-10,2026-09-10,29,29,118,118,confirmed_complete,Thursday,False,2026-07-30,True,2026-08-13,2026-08-13,1,4,0.0339,28,True,False,28,1,2026-09-11,True,True
film_theater,71226,The End of Oak Street,amc-kent-station-14,AMC Kent Station 14,1,ordinary,catalog,high,standard,normal_first_run,source_film_id,2026-08-13,2026-09-10,2026-09-10,29,29,186,186,confirmed_complete,Thursday,False,2026-07-30,True,2026-08-13,2026-08-13,1,4,0.0215,28,True,False,28,0,2026-09-11,True,True
film_theater,71226,The End of Oak Street,amc-oak-tree-6,AMC Oak Tree 6,1,ordinary,catalog,high,standard,normal_first_run,source_film_id,2026-08-13,2026-09-10,2026-09-10,29,29,92,92,confirmed_complete,Thursday,False,2026-07-30,True,2026-08-13,2026-08-13,1,4,0.0435,28,True,False,28,0,2026-09-11,True,True
film_theater,71226,The End of Oak Street,amc-pacific-place-11,AMC Pacific Place 11,1,ordinary,catalog,high,standard,normal_first_run,source_film_id,2026-08-13,2026-09-03,2026-09-03,22,22,86,86,confirmed_complete,Thursday,False,2026-07-30,True,2026-08-13,2026-08-13,1,4,0.0465,21,True,False,21,0,2026-09-04,True,True
film_theater,71226,The End of Oak Street,amc-southcenter-16,AMC Southcenter 16,1,ordinary,catalog,high,standard,normal_first_run,source_film_id,2026-08-13,2026-09-16,2026-09-16,35,35,155,155,confirmed_complete,Wednesday,False,2026-07-30,True,2026-08-13,2026-08-13,1,5,0.0323,34,True,False,34,1,2026-09-18,True,True
film_theater,71226,The End of Oak Street,amc-woodinville-12,AMC Woodinville 12,1,ordinary,catalog,high,standard,normal_first_run,source_film_id,2026-08-13,2026-09-09,2026-09-09,28,28,130,130,confirmed_complete,Wednesday,False,2026-07-30,True,2026-08-13,2026-08-13,1,4,0.0308,27,True,False,27,0,2026-09-11,True,True
film_theater,84170,The End of Oak Street: Sensory Friendly Screening,amc-kent-station-14,AMC Kent Station 14,1,accessibility_presentation,catalog,high,sensory_friendly,sensory_friendly,source_film_id,2026-08-26,2026-08-26,2026-08-26,1,1,1,1,confirmed_complete,Wednesday,False,2026-08-18,True,2026-08-26,2026-08-26,1,1,1.0,0,False,False,0,0,2026-08-28,True,True
film_theater,84356,The Eyes,amc-alderwood-mall-16,AMC Alderwood Mall 16,1,ordinary,catalog,high,standard,normal_first_run,source_film_id,2026-07-10,2026-07-15,2026-07-15,6,6,12,12,confirmed_complete,Wednesday,False,2026-07-08,True,2026-07-10,2026-07-15,6,12,1.0,0,False,False,0,0,2026-07-17,True,True
film_theater,84081,The Fast and the Furious 25th Anniversary,amc-alderwood-mall-16,AMC Alderwood Mall 16,1,rerelease,catalog,high,anniversary_or_rerelease,anniversary_re_release,source_film_id,2026-08-20,2026-09-02,2026-09-02,14,14,36,36,confirmed_complete,Wednesday,False,2026-08-06,True,2026-08-20,2026-08-20,1,2,0.0556,13,True,False,13,0,2026-09-04,True,True
film_theater,84081,The Fast and the Furious 25th Anniversary,amc-kent-station-14,AMC Kent Station 14,1,rerelease,catalog,high,anniversary_or_rerelease,anniversary_re_release,source_film_id,2026-08-20,2026-09-03,2026-09-03,15,15,35,35,confirmed_complete,Thursday,False,2026-08-06,True,2026-08-20,2026-08-20,1,3,0.0857,14,True,False,14,0,2026-09-04,True,True
film_theater,84081,The Fast and the Furious 25th Anniversary,amc-southcenter-16,AMC Southcenter 16,1,rerelease,catalog,high,anniversary_or_rerelease,anniversary_re_release,source_film_id,2026-08-20,2026-09-02,2026-09-02,14,14,45,45,confirmed_complete,Wednesday,False,2026-08-06,True,2026-08-20,2026-08-20,1,3,0.0667,13,True,False,13,0,2026-09-04,True,True
film_theater,84081,The Fast and the Furious 25th Anniversary,amc-woodinville-12,AMC Woodinville 12,1,rerelease,catalog,high,anniversary_or_rerelease,anniversary_re_release,source_film_id,2026-08-20,2026-08-27,2026-08-27,8,8,9,9,confirmed_complete,Thursday,False,2026-08-18,True,2026-08-20,2026-08-26,7,7,0.7778,1,True,False,1,0,2026-08-28,True,True
film_theater,82772,The Fifth Element (2026 Event),amc-alderwood-mall-16,AMC Alderwood Mall 16,1,special_event,catalog,high,concert_or_event,holiday_re_release,source_film_id,2026-07-26,2026-07-27,2026-07-27,2,2,2,2,confirmed_complete,Monday,False,2026-07-12,True,2026-07-26,2026-07-26,1,1,0.5,1,True,False,1,0,2026-07-31,True,True
film_theater,82772,The Fifth Element (2026 Event),amc-kent-station-14,AMC Kent Station 14,1,special_event,catalog,high,concert_or_event,holiday_re_release,source_film_id,2026-07-26,2026-07-27,2026-07-27,2,2,2,2,confirmed_complete,Monday,False,2026-07-12,True,2026-07-26,2026-07-26,1,1,0.5,1,True,False,1,0,2026-07-31,True,True
film_theater,82772,The Fifth Element (2026 Event),amc-southcenter-16,AMC Southcenter 16,1,special_event,catalog,high,concert_or_event,holiday_re_release,source_film_id,2026-07-26,2026-07-27,2026-07-27,2,2,2,2,confirmed_complete,Monday,False,2026-07-12,True,2026-07-26,2026-07-26,1,1,0.5,1,True,False,1,0,2026-07-31,True,True
film_theater,82772,The Fifth Element (2026 Event),amc-woodinville-12,AMC Woodinville 12,1,special_event,catalog,high,concert_or_event,holiday_re_release,source_film_id,2026-07-26,2026-07-27,2026-07-27,2,2,2,2,confirmed_complete,Monday,False,2026-07-12,True,2026-07-26,2026-07-26,1,1,0.5,1,True,False,1,0,2026-07-31,True,True
film_theater,84047,The Fix,amc-alderwood-mall-16,AMC Alderwood Mall 16,1,ordinary,catalog,high,standard,normal_first_run,source_film_id,2026-09-10,2026-09-16,2026-09-16,7,7,14,14,confirmed_complete,Wednesday,False,2026-09-05,True,2026-09-10,2026-09-16,7,6,0.4286,0,False,False,1,1,2026-09-18,True,True
film_theater,84047,The Fix,amc-kent-station-14,AMC Kent Station 14,1,ordinary,catalog,high,standard,normal_first_run,source_film_id,2026-09-10,2026-09-17,2026-09-17,8,8,13,13,confirmed_complete,Thursday,False,2026-09-03,True,2026-09-10,2026-09-16,7,7,0.5385,1,True,False,1,0,2026-09-18,True,True
film_theater,84047,The Fix,amc-pacific-place-11,AMC Pacific Place 11,1,ordinary,catalog,high,standard,normal_first_run,source_film_id,2026-09-10,2026-09-16,2026-09-16,7,7,7,7,confirmed_complete,Wednesday,False,2026-09-09,True,2026-09-11,2026-09-16,6,6,0.8571,0,False,False,1,0,2026-09-18,True,True
film_theater,84047,The Fix,amc-southcenter-16,AMC Southcenter 16,1,ordinary,catalog,high,standard,normal_first_run,source_film_id,2026-09-10,2026-09-23,2026-09-23,14,14,25,25,confirmed_complete,Wednesday,False,2026-08-27,True,2026-09-10,2026-09-10,1,1,0.04,13,True,False,13,0,2026-09-25,True,True
film_theater,title:furious,The Furious,amc-alderwood-mall-16,AMC Alderwood Mall 16,1,ordinary_title_only,title_only,low,unknown,normal_first_run,title_fallback,2026-06-29,2026-06-30,2026-06-30,2,2,4,4,confirmed_complete,Tuesday,True,2026-06-29,False,2026-06-29,2026-06-30,2,4,,,,,0,0,2026-07-03,True,True
film_theater,82946,The Furious,amc-alderwood-mall-16,AMC Alderwood Mall 16,1,ordinary_title_only,title_only,low,unknown,normal_first_run,source_film_id,2026-07-02,2026-07-08,2026-07-08,7,7,8,8,confirmed_complete,Wednesday,False,2026-07-01,True,2026-07-02,2026-07-08,7,8,1.0,0,False,False,0,0,2026-07-10,True,True
film_theater,title:furious,The Furious,amc-southcenter-16,AMC Southcenter 16,1,ordinary_title_only,title_only,low,unknown,normal_first_run,title_fallback,2026-06-29,2026-06-30,2026-06-30,2,2,4,4,confirmed_complete,Tuesday,True,2026-06-29,False,2026-06-29,2026-06-30,2,4,,,,,0,0,2026-07-03,True,True
film_theater,82946,The Furious,amc-southcenter-16,AMC Southcenter 16,1,ordinary_title_only,title_only,low,unknown,normal_first_run,source_film_id,2026-07-01,2026-07-08,2026-07-08,8,8,8,8,confirmed_complete,Wednesday,False,2026-07-01,False,2026-07-01,2026-07-08,8,8,,,,,0,0,2026-07-10,True,True
film_theater,84388,The Hunger Games (2026),amc-alderwood-mall-16,AMC Alderwood Mall 16,1,special_event,catalog,high,concert_or_event,normal_first_run,source_film_id,2026-09-03,2026-09-03,2026-09-03,1,1,1,1,confirmed_complete,Thursday,False,2026-08-20,True,2026-09-03,2026-09-03,1,1,1.0,0,False,False,0,0,2026-09-04,True,True
film_theater,84388,The Hunger Games (2026),amc-kent-station-14,AMC Kent Station 14,1,special_event,catalog,high,concert_or_event,normal_first_run,source_film_id,2026-09-03,2026-09-03,2026-09-03,1,1,1,1,confirmed_complete,Thursday,False,2026-08-20,True,2026-09-03,2026-09-03,1,1,1.0,0,False,False,0,0,2026-09-04,True,True
film_theater,84388,The Hunger Games (2026),amc-southcenter-16,AMC Southcenter 16,1,special_event,catalog,high,concert_or_event,normal_first_run,source_film_id,2026-09-03,2026-09-03,2026-09-03,1,1,1,1,confirmed_complete,Thursday,False,2026-08-20,True,2026-09-03,2026-09-03,1,1,1.0,0,False,False,0,0,2026-09-04,True,True
film_theater,84388,The Hunger Games (2026),amc-woodinville-12,AMC Woodinville 12,1,special_event,catalog,high,concert_or_event,normal_first_run,source_film_id,2026-09-03,2026-09-03,2026-09-03,1,1,1,1,confirmed_complete,Thursday,False,2026-08-20,True,2026-09-03,2026-09-03,1,1,1.0,0,False,False,0,0,2026-09-04,True,True
film_theater,84390,The Hunger Games: Catching Fire (2026),amc-alderwood-mall-16,AMC Alderwood Mall 16,1,special_event,catalog,high,concert_or_event,normal_first_run,source_film_id,2026-09-04,2026-09-04,2026-09-04,1,1,1,1,confirmed_complete,Friday,False,2026-08-21,True,2026-09-04,2026-09-04,1,1,1.0,0,False,False,0,0,2026-09-11,True,True
film_theater,84390,The Hunger Games: Catching Fire (2026),amc-kent-station-14,AMC Kent Station 14,1,special_event,catalog,high,concert_or_event,normal_first_run,source_film_id,2026-09-04,2026-09-04,2026-09-04,1,1,1,1,confirmed_complete,Friday,False,2026-08-21,True,2026-09-04,2026-09-04,1,1,1.0,0,False,False,0,0,2026-09-11,True,True
film_theater,84390,The Hunger Games: Catching Fire (2026),amc-southcenter-16,AMC Southcenter 16,1,special_event,catalog,high,concert_or_event,normal_first_run,source_film_id,2026-09-04,2026-09-04,2026-09-04,1,1,1,1,confirmed_complete,Friday,False,2026-08-21,True,2026-09-04,2026-09-04,1,1,1.0,0,False,False,0,0,2026-09-11,True,True
film_theater,84390,The Hunger Games: Catching Fire (2026),amc-woodinville-12,AMC Woodinville 12,1,special_event,catalog,high,concert_or_event,normal_first_run,source_film_id,2026-09-04,2026-09-04,2026-09-04,1,1,1,1,confirmed_complete,Friday,False,2026-08-21,True,2026-09-04,2026-09-04,1,1,1.0,0,False,False,0,0,2026-09-11,True,True
film_theater,84391,The Hunger Games: Mockingjay - Part 1 (2026),amc-alderwood-mall-16,AMC Alderwood Mall 16,1,special_event,catalog,high,concert_or_event,normal_first_run,source_film_id,2026-09-05,2026-09-05,2026-09-05,1,1,1,1,confirmed_complete,Saturday,False,2026-08-22,True,2026-09-05,2026-09-05,1,1,1.0,0,False,False,0,0,2026-09-11,True,True
film_theater,84391,The Hunger Games: Mockingjay - Part 1 (2026),amc-kent-station-14,AMC Kent Station 14,1,special_event,catalog,high,concert_or_event,normal_first_run,source_film_id,2026-09-05,2026-09-05,2026-09-05,1,1,1,1,confirmed_complete,Saturday,False,2026-08-22,True,2026-09-05,2026-09-05,1,1,1.0,0,False,False,0,0,2026-09-11,True,True
film_theater,84391,The Hunger Games: Mockingjay - Part 1 (2026),amc-southcenter-16,AMC Southcenter 16,1,special_event,catalog,high,concert_or_event,normal_first_run,source_film_id,2026-09-05,2026-09-05,2026-09-05,1,1,1,1,confirmed_complete,Saturday,False,2026-08-22,True,2026-09-05,2026-09-05,1,1,1.0,0,False,False,0,0,2026-09-11,True,True
film_theater,84391,The Hunger Games: Mockingjay - Part 1 (2026),amc-woodinville-12,AMC Woodinville 12,1,special_event,catalog,high,concert_or_event,normal_first_run,source_film_id,2026-09-05,2026-09-05,2026-09-05,1,1,1,1,confirmed_complete,Saturday,False,2026-08-22,True,2026-09-05,2026-09-05,1,1,1.0,0,False,False,0,0,2026-09-11,True,True
film_theater,84392,The Hunger Games: Mockingjay - Part 2 (2026),amc-alderwood-mall-16,AMC Alderwood Mall 16,1,special_event,catalog,high,concert_or_event,normal_first_run,source_film_id,2026-09-06,2026-09-06,2026-09-06,1,1,1,1,confirmed_complete,Sunday,False,2026-08-23,True,2026-09-06,2026-09-06,1,1,1.0,0,False,False,0,0,2026-09-11,True,True
film_theater,84392,The Hunger Games: Mockingjay - Part 2 (2026),amc-kent-station-14,AMC Kent Station 14,1,special_event,catalog,high,concert_or_event,normal_first_run,source_film_id,2026-09-06,2026-09-06,2026-09-06,1,1,1,1,confirmed_complete,Sunday,False,2026-08-23,True,2026-09-06,2026-09-06,1,1,1.0,0,False,False,0,0,2026-09-11,True,True
film_theater,84392,The Hunger Games: Mockingjay - Part 2 (2026),amc-southcenter-16,AMC Southcenter 16,1,special_event,catalog,high,concert_or_event,normal_first_run,source_film_id,2026-09-06,2026-09-06,2026-09-06,1,1,1,1,confirmed_complete,Sunday,False,2026-08-23,True,2026-09-06,2026-09-06,1,1,1.0,0,False,False,0,0,2026-09-11,True,True
film_theater,84392,The Hunger Games: Mockingjay - Part 2 (2026),amc-woodinville-12,AMC Woodinville 12,1,special_event,catalog,high,concert_or_event,normal_first_run,source_film_id,2026-09-06,2026-09-06,2026-09-06,1,1,1,1,confirmed_complete,Sunday,False,2026-08-23,True,2026-09-06,2026-09-06,1,1,1.0,0,False,False,0,0,2026-09-11,True,True
film_theater,84393,The Hunger Games: The Ballad of Songbirds & Snakes (2026),amc-alderwood-mall-16,AMC Alderwood Mall 16,1,special_event,catalog,high,concert_or_event,normal_first_run,source_film_id,2026-09-07,2026-09-07,2026-09-07,1,1,1,1,confirmed_complete,Monday,False,2026-08-24,True,2026-09-07,2026-09-07,1,1,1.0,0,False,False,0,0,2026-09-11,True,True
film_theater,84393,The Hunger Games: The Ballad of Songbirds & Snakes (2026),amc-kent-station-14,AMC Kent Station 14,1,special_event,catalog,high,concert_or_event,normal_first_run,source_film_id,2026-09-07,2026-09-07,2026-09-07,1,1,1,1,confirmed_complete,Monday,False,2026-08-24,True,2026-09-07,2026-09-07,1,1,1.0,0,False,False,0,0,2026-09-11,True,True
film_theater,84393,The Hunger Games: The Ballad of Songbirds & Snakes (2026),amc-southcenter-16,AMC Southcenter 16,1,special_event,catalog,high,concert_or_event,normal_first_run,source_film_id,2026-09-07,2026-09-07,2026-09-07,1,1,1,1,confirmed_complete,Monday,False,2026-08-24,True,2026-09-07,2026-09-07,1,1,1.0,0,False,False,0,0,2026-09-11,True,True
film_theater,82975,The Invite,amc-alderwood-mall-16,AMC Alderwood Mall 16,1,ordinary,catalog,high,standard,normal_first_run,source_film_id,2026-07-09,2026-08-06,2026-08-06,29,29,118,118,confirmed_complete,Thursday,True,2026-06-29,False,2026-07-09,2026-07-13,5,23,,,,,0,0,2026-08-07,True,True
film_theater,82975,The Invite,amc-factoria-8,AMC Factoria 8,1,ordinary,catalog,high,standard,normal_first_run,source_film_id,2026-07-09,2026-07-23,2026-07-23,15,15,75,75,confirmed_complete,Thursday,True,2026-06-29,False,2026-07-09,2026-07-13,5,23,,,,,0,0,2026-07-24,True,True
film_theater,82975,The Invite,amc-kent-station-14,AMC Kent Station 14,1,ordinary,catalog,high,standard,normal_first_run,source_film_id,2026-07-09,2026-07-29,2026-07-29,21,21,86,86,confirmed_complete,Wednesday,True,2026-06-29,False,2026-07-09,2026-07-13,5,19,,,,,0,0,2026-07-31,True,True
film_theater,82975,The Invite,amc-oak-tree-6,AMC Oak Tree 6,1,ordinary,catalog,high,standard,normal_first_run,source_film_id,2026-07-09,2026-07-29,2026-07-29,21,21,102,102,confirmed_complete,Wednesday,True,2026-06-29,False,2026-07-09,2026-07-13,5,19,,,,,0,0,2026-07-31,True,True
film_theater,82975,The Invite,amc-pacific-place-11,AMC Pacific Place 11,1,ordinary,catalog,high,standard,normal_first_run,source_film_id,2026-07-09,2026-08-20,2026-08-20,43,43,144,144,confirmed_complete,Thursday,True,2026-06-29,False,2026-07-09,2026-07-13,5,21,,,,,0,0,2026-08-21,True,True
film_theater,82975,The Invite,amc-southcenter-16,AMC Southcenter 16,1,ordinary,catalog,high,standard,normal_first_run,source_film_id,2026-07-09,2026-08-06,2026-08-06,29,29,122,122,confirmed_complete,Thursday,True,2026-06-29,False,2026-07-09,2026-07-13,5,27,,,,,0,0,2026-08-07,True,True
film_theater,82975,The Invite,amc-woodinville-12,AMC Woodinville 12,1,ordinary,catalog,high,standard,normal_first_run,source_film_id,2026-07-09,2026-07-29,2026-07-29,21,21,96,96,confirmed_complete,Wednesday,True,2026-06-29,False,2026-07-09,2026-07-13,5,24,,,,,0,0,2026-07-31,True,True
film_theater,title:invite,The Invite,amc-woodinville-12,AMC Woodinville 12,1,ordinary_title_only,title_only,low,unknown,normal_first_run,title_fallback,2026-07-11,2026-07-11,2026-07-11,1,1,1,1,confirmed_complete,Saturday,True,2026-06-29,False,2026-07-11,2026-07-11,1,1,,,,,0,0,2026-07-17,True,True
film_theater,83704,The Isolate Thief,amc-alderwood-mall-16,AMC Alderwood Mall 16,1,ordinary,catalog,high,standard,normal_first_run,source_film_id,2026-07-10,2026-07-15,2026-07-15,6,6,13,13,confirmed_complete,Wednesday,False,2026-07-08,True,2026-07-10,2026-07-15,6,13,1.0,0,False,False,0,0,2026-07-17,True,True
film_theater,84547,The King of Cannabis,amc-southcenter-16,AMC Southcenter 16,1,ordinary,catalog,high,standard,normal_first_run,source_film_id,2026-08-27,2026-09-02,2026-09-02,7,7,7,7,confirmed_complete,Wednesday,False,2026-08-13,True,2026-08-27,2026-08-27,1,1,0.1429,6,True,False,6,0,2026-09-04,True,True
film_theater,84140,The Last Blossom,amc-alderwood-mall-16,AMC Alderwood Mall 16,1,special_event,catalog,high,concert_or_event,normal_first_run,source_film_id,2026-08-30,2026-08-31,2026-08-31,2,2,2,2,confirmed_complete,Monday,False,2026-08-16,True,2026-08-30,2026-08-30,1,1,0.5,1,True,False,1,0,2026-09-04,True,True
film_theater,84140,The Last Blossom,amc-kent-station-14,AMC Kent Station 14,1,special_event,catalog,high,concert_or_event,normal_first_run,source_film_id,2026-08-30,2026-08-31,2026-08-31,2,2,2,2,confirmed_complete,Monday,False,2026-08-16,True,2026-08-30,2026-08-30,1,1,0.5,1,True,False,1,0,2026-09-04,True,True
film_theater,84140,The Last Blossom,amc-southcenter-16,AMC Southcenter 16,1,special_event,catalog,high,concert_or_event,normal_first_run,source_film_id,2026-08-30,2026-08-31,2026-08-31,2,2,2,2,confirmed_complete,Monday,False,2026-08-16,True,2026-08-30,2026-08-30,1,1,0.5,1,True,False,1,0,2026-09-04,True,True
film_theater,84558,The Lego Batman Movie,amc-alderwood-mall-16,AMC Alderwood Mall 16,1,ordinary,catalog,high,standard,normal_first_run,source_film_id,2026-09-19,2026-09-20,2026-09-20,2,2,2,2,confirmed_complete,Sunday,False,2026-09-03,True,2026-09-19,2026-09-20,2,2,1.0,0,False,False,0,0,2026-09-25,True,True
film_theater,84558,The Lego Batman Movie,amc-kent-station-14,AMC Kent Station 14,1,ordinary,catalog,high,standard,normal_first_run,source_film_id,2026-09-19,2026-09-20,2026-09-20,2,2,3,3,confirmed_complete,Sunday,False,2026-09-03,True,2026-09-19,2026-09-20,2,2,0.6667,0,False,False,0,0,2026-09-25,True,True
film_theater,84558,The Lego Batman Movie,amc-southcenter-16,AMC Southcenter 16,1,ordinary,catalog,high,standard,normal_first_run,source_film_id,2026-09-19,2026-09-20,2026-09-20,2,2,2,2,confirmed_complete,Sunday,False,2026-09-03,True,2026-09-19,2026-09-20,2,2,1.0,0,False,False,0,0,2026-09-25,True,True
film_theater,84558,The Lego Batman Movie,amc-woodinville-12,AMC Woodinville 12,1,ordinary,catalog,high,standard,normal_first_run,source_film_id,2026-09-19,2026-09-20,2026-09-20,2,2,2,2,confirmed_complete,Sunday,False,2026-09-03,True,2026-09-19,2026-09-20,2,2,1.0,0,False,False,0,0,2026-09-25,True,True
film_theater,83808,The Lego Movie,amc-alderwood-mall-16,AMC Alderwood Mall 16,1,ordinary,catalog,high,standard,normal_first_run,source_film_id,2026-07-13,2026-07-15,2026-07-15,3,2,4,4,confirmed_complete,Wednesday,True,2026-06-29,False,2026-07-13,2026-07-13,1,2,,,,,0,0,2026-07-17,True,True
film_theater,83808,The Lego Movie,amc-kent-station-14,AMC Kent Station 14,1,ordinary,catalog,high,standard,normal_first_run,source_film_id,2026-07-13,2026-07-15,2026-07-15,3,2,4,4,confirmed_complete,Wednesday,True,2026-06-29,False,2026-07-13,2026-07-13,1,2,,,,,0,0,2026-07-17,True,True
film_theater,83808,The Lego Movie,amc-southcenter-16,AMC Southcenter 16,1,ordinary,catalog,high,standard,normal_first_run,source_film_id,2026-07-13,2026-07-15,2026-07-15,3,2,4,4,confirmed_complete,Wednesday,True,2026-06-29,False,2026-07-13,2026-07-13,1,2,,,,,0,0,2026-07-17,True,True
film_theater,83808,The Lego Movie,amc-woodinville-12,AMC Woodinville 12,1,ordinary,catalog,high,standard,normal_first_run,source_film_id,2026-07-13,2026-07-15,2026-07-15,3,2,4,4,confirmed_complete,Wednesday,True,2026-06-29,False,2026-07-13,2026-07-13,1,2,,,,,0,0,2026-07-17,True,True
film_theater,83464,The Magic Faraway Tree,amc-alderwood-mall-16,AMC Alderwood Mall 16,1,ordinary,catalog,high,standard,normal_first_run,source_film_id,2026-08-20,2026-09-02,2026-09-02,14,14,47,47,confirmed_complete,Wednesday,False,2026-08-06,True,2026-08-20,2026-08-20,1,3,0.0638,13,True,False,13,0,2026-09-04,True,True
film_theater,83464,The Magic Faraway Tree,amc-kent-station-14,AMC Kent Station 14,1,ordinary,catalog,high,standard,normal_first_run,source_film_id,2026-08-20,2026-08-27,2026-08-27,8,8,16,16,confirmed_complete,Thursday,False,2026-08-18,True,2026-08-20,2026-08-26,7,15,0.9375,1,True,False,1,0,2026-08-28,True,True
film_theater,83464,The Magic Faraway Tree,amc-southcenter-16,AMC Southcenter 16,1,ordinary,catalog,high,standard,normal_first_run,source_film_id,2026-08-20,2026-09-09,2026-09-09,21,21,58,58,confirmed_complete,Wednesday,False,2026-08-06,True,2026-08-20,2026-08-20,1,3,0.0517,20,True,False,20,0,2026-09-11,True,True
film_theater,84708,The Musical,amc-alderwood-mall-16,AMC Alderwood Mall 16,1,ordinary,catalog,high,standard,normal_first_run,source_film_id,2026-09-17,2026-09-23,2026-09-23,7,7,13,13,confirmed_complete,Wednesday,False,2026-09-10,True,2026-09-18,2026-09-22,5,4,0.3077,1,True,False,3,2,2026-09-25,True,True
film_theater,84708,The Musical,amc-pacific-place-11,AMC Pacific Place 11,1,ordinary,catalog,high,standard,normal_first_run,source_film_id,2026-09-17,2026-09-24,2026-09-24,8,8,8,8,confirmed_complete,Thursday,False,2026-09-16,True,2026-09-17,2026-09-23,7,7,0.875,1,True,False,1,0,2026-09-25,True,True
film_theater,84448,The Nutty Professor: 30th Anniversary,amc-alderwood-mall-16,AMC Alderwood Mall 16,1,rerelease,catalog,high,anniversary_or_rerelease,anniversary_re_release,source_film_id,2026-09-06,2026-09-09,2026-09-09,4,2,2,2,confirmed_complete,Wednesday,False,2026-08-23,True,2026-09-06,2026-09-06,1,1,0.5,3,True,False,1,0,2026-09-11,True,True
film_theater,84448,The Nutty Professor: 30th Anniversary,amc-southcenter-16,AMC Southcenter 16,1,rerelease,catalog,high,anniversary_or_rerelease,anniversary_re_release,source_film_id,2026-09-06,2026-09-09,2026-09-09,4,2,2,2,confirmed_complete,Wednesday,False,2026-08-23,True,2026-09-06,2026-09-06,1,1,0.5,3,True,False,1,0,2026-09-11,True,True
film_theater,76238,The Odyssey,amc-factoria-8,AMC Factoria 8,1,ordinary,catalog,high,standard,normal_first_run,source_film_id,2026-07-16,2026-09-24,2026-09-24,71,71,412,412,confirmed_complete,Thursday,False,2026-07-02,True,2026-07-16,2026-07-16,1,3,0.0073,70,True,False,70,0,2026-09-25,True,True
film_theater,76238,The Odyssey,amc-oak-tree-6,AMC Oak Tree 6,1,ordinary,catalog,high,standard,normal_first_run,source_film_id,2026-07-16,2026-09-16,2026-09-16,63,63,327,327,confirmed_complete,Wednesday,False,2026-07-02,True,2026-07-16,2026-07-16,1,3,0.0092,62,True,False,62,0,2026-09-18,True,True
film_theater,83988,The Odyssey : Sensory Friendly Screening,amc-kent-station-14,AMC Kent Station 14,1,accessibility_presentation,catalog,high,sensory_friendly,sensory_friendly,source_film_id,2026-07-22,2026-07-22,2026-07-22,1,1,1,1,confirmed_complete,Wednesday,False,2026-07-14,True,2026-07-22,2026-07-22,1,1,1.0,0,False,False,0,0,2026-07-24,True,True
film_theater,83709,The Paradise (Telugu),amc-alderwood-mall-16,AMC Alderwood Mall 16,1,ambiguous_limited,catalog_title_disagreement,low,standard,foreign_language_limited,source_film_id,2026-09-23,2026-09-30,2026-09-30,8,8,9,9,confirmed_complete,Wednesday,False,2026-09-17,True,2026-09-23,2026-09-23,1,1,0.1111,7,True,False,7,0,2026-10-02,True,True
film_theater,83709,The Paradise (Telugu),amc-factoria-8,AMC Factoria 8,1,ambiguous_limited,catalog_title_disagreement,low,standard,foreign_language_limited,source_film_id,2026-09-23,2026-09-23,2026-09-23,1,1,1,1,confirmed_complete,Wednesday,False,2026-09-17,True,2026-09-23,2026-09-23,1,1,1.0,0,False,False,0,0,2026-09-25,True,True
film_theater,83709,The Paradise (Telugu),amc-pacific-place-11,AMC Pacific Place 11,1,ambiguous_limited,catalog_title_disagreement,low,standard,foreign_language_limited,source_film_id,2026-09-23,2026-09-23,2026-09-23,1,1,2,2,confirmed_complete,Wednesday,False,2026-09-17,True,2026-09-23,2026-09-23,1,1,0.5,0,False,False,0,0,2026-09-25,True,True
film_theater,83709,The Paradise (Telugu),amc-southcenter-16,AMC Southcenter 16,1,ambiguous_limited,catalog_title_disagreement,low,standard,foreign_language_limited,source_film_id,2026-09-23,2026-09-24,2026-09-24,2,2,2,2,confirmed_complete,Thursday,False,2026-09-18,True,2026-09-23,2026-09-24,2,2,1.0,0,False,False,0,0,2026-09-25,True,True
film_theater,83709,The Paradise (Telugu),amc-woodinville-12,AMC Woodinville 12,1,ambiguous_limited,catalog_title_disagreement,low,standard,foreign_language_limited,source_film_id,2026-09-23,2026-09-23,2026-09-23,1,1,1,1,confirmed_complete,Wednesday,False,2026-09-17,True,2026-09-23,2026-09-23,1,1,1.0,0,False,False,0,0,2026-09-25,True,True
film_theater,84018,The Passion of the Christ (2026 Event),amc-alderwood-mall-16,AMC Alderwood Mall 16,1,special_event,catalog,high,concert_or_event,holiday_re_release,source_film_id,2026-09-10,2026-09-16,2026-09-16,7,7,7,7,confirmed_complete,Wednesday,False,2026-08-27,True,2026-09-10,2026-09-10,1,1,0.1429,6,True,False,6,5,2026-09-18,True,True
film_theater,84018,The Passion of the Christ (2026 Event),amc-kent-station-14,AMC Kent Station 14,1,special_event,catalog,high,concert_or_event,holiday_re_release,source_film_id,2026-09-10,2026-09-13,2026-09-13,4,2,2,2,confirmed_complete,Sunday,False,2026-08-27,True,2026-09-10,2026-09-10,1,1,0.5,3,True,False,1,5,2026-09-18,True,True
film_theater,84018,The Passion of the Christ (2026 Event),amc-southcenter-16,AMC Southcenter 16,1,special_event,catalog,high,concert_or_event,holiday_re_release,source_film_id,2026-09-10,2026-09-15,2026-09-15,6,5,5,5,confirmed_complete,Tuesday,False,2026-08-27,True,2026-09-10,2026-09-10,1,1,0.2,5,True,False,4,5,2026-09-18,True,True
film_theater,84018,The Passion of the Christ (2026 Event),amc-woodinville-12,AMC Woodinville 12,1,special_event,catalog,high,concert_or_event,holiday_re_release,source_film_id,2026-09-10,2026-09-13,2026-09-13,4,2,2,2,confirmed_complete,Sunday,False,2026-08-27,False,,,,0,,,,,0,6,2026-09-18,True,True
film_theater,82596,The Rivals of Amziah King,amc-alderwood-mall-16,AMC Alderwood Mall 16,1,ordinary,catalog,high,standard,normal_first_run,source_film_id,2026-08-13,2026-08-19,2026-08-19,7,7,38,38,confirmed_complete,Wednesday,False,2026-07-30,True,2026-08-13,2026-08-13,1,2,0.0526,6,True,False,6,0,2026-08-21,True,True
film_theater,82596,The Rivals of Amziah King,amc-pacific-place-11,AMC Pacific Place 11,1,ordinary,catalog,high,standard,normal_first_run,source_film_id,2026-08-13,2026-08-20,2026-08-20,8,8,23,23,confirmed_complete,Thursday,False,2026-08-11,True,2026-08-13,2026-08-15,3,9,0.3913,5,True,False,5,0,2026-08-21,True,True
film_theater,82596,The Rivals of Amziah King,amc-southcenter-16,AMC Southcenter 16,1,ordinary,catalog,high,standard,normal_first_run,source_film_id,2026-08-13,2026-08-19,2026-08-19,7,7,31,31,confirmed_complete,Wednesday,False,2026-07-30,True,2026-08-13,2026-08-13,1,2,0.0645,6,True,False,6,0,2026-08-21,True,True
film_theater,82596,The Rivals of Amziah King,amc-woodinville-12,AMC Woodinville 12,1,ordinary,catalog,high,standard,normal_first_run,source_film_id,2026-08-13,2026-08-20,2026-08-20,8,8,26,26,confirmed_complete,Thursday,False,2026-08-11,True,2026-08-13,2026-08-19,7,24,0.9231,1,True,False,1,0,2026-08-21,True,True
film_theater,84006,The Salt Path,amc-alderwood-mall-16,AMC Alderwood Mall 16,1,ordinary,catalog,high,standard,normal_first_run,source_film_id,2026-09-03,2026-09-09,2026-09-09,7,7,7,7,confirmed_complete,Wednesday,False,2026-09-01,True,2026-09-03,2026-09-03,1,1,0.1429,6,True,False,6,0,2026-09-11,True,True
film_theater,84012,The Samurai and the Prisoner,amc-alderwood-mall-16,AMC Alderwood Mall 16,1,ordinary,catalog,high,standard,normal_first_run,source_film_id,2026-08-07,2026-08-19,2026-08-19,13,13,19,19,confirmed_complete,Wednesday,False,2026-08-06,True,2026-08-07,2026-08-12,6,12,0.6316,7,True,False,7,0,2026-08-21,True,True
film_theater,83812,The Spongebob Movie: Search for Squarepants,amc-alderwood-mall-16,AMC Alderwood Mall 16,1,ordinary,catalog,high,standard,normal_first_run,source_film_id,2026-08-03,2026-08-05,2026-08-05,3,2,4,4,confirmed_complete,Wednesday,False,2026-07-20,True,2026-08-03,2026-08-03,1,2,0.5,2,True,False,1,0,2026-08-07,True,True
film_theater,83812,The Spongebob Movie: Search for Squarepants,amc-kent-station-14,AMC Kent Station 14,1,ordinary,catalog,high,standard,normal_first_run,source_film_id,2026-08-03,2026-08-05,2026-08-05,3,2,5,5,confirmed_complete,Wednesday,False,2026-07-20,True,2026-08-03,2026-08-03,1,2,0.4,2,True,False,1,0,2026-08-07,True,True
film_theater,83812,The Spongebob Movie: Search for Squarepants,amc-southcenter-16,AMC Southcenter 16,1,ordinary,catalog,high,standard,normal_first_run,source_film_id,2026-08-03,2026-08-05,2026-08-05,3,2,4,4,confirmed_complete,Wednesday,False,2026-07-20,True,2026-08-03,2026-08-03,1,2,0.5,2,True,False,1,0,2026-08-07,True,True
film_theater,83812,The Spongebob Movie: Search for Squarepants,amc-woodinville-12,AMC Woodinville 12,1,ordinary,catalog,high,standard,normal_first_run,source_film_id,2026-08-03,2026-08-05,2026-08-05,3,2,4,4,confirmed_complete,Wednesday,False,2026-07-20,True,2026-08-03,2026-08-03,1,2,0.5,2,True,False,1,0,2026-08-07,True,True
film_theater,84617,The Stunt Driver,amc-pacific-place-11,AMC Pacific Place 11,1,ordinary,catalog,high,standard,normal_first_run,source_film_id,2026-09-24,2026-09-30,2026-09-30,7,7,10,10,confirmed_complete,Wednesday,False,2026-09-22,True,2026-09-24,2026-09-25,2,3,0.3,5,True,False,5,0,2026-10-02,True,True
film_theater,84482,The Sun Never Sets,amc-alderwood-mall-16,AMC Alderwood Mall 16,1,ordinary,catalog,high,standard,normal_first_run,source_film_id,2026-09-03,2026-09-09,2026-09-09,7,7,16,16,confirmed_complete,Wednesday,False,2026-09-01,True,2026-09-03,2026-09-03,1,1,0.0625,6,True,False,6,0,2026-09-11,True,True
film_theater,84482,The Sun Never Sets,amc-kent-station-14,AMC Kent Station 14,1,ordinary,catalog,high,standard,normal_first_run,source_film_id,2026-09-03,2026-09-08,2026-09-08,6,6,11,11,confirmed_complete,Tuesday,False,2026-09-01,True,2026-09-03,2026-09-08,6,11,1.0,0,False,False,0,0,2026-09-11,True,True
film_theater,84482,The Sun Never Sets,amc-pacific-place-11,AMC Pacific Place 11,1,ordinary,catalog,high,standard,normal_first_run,source_film_id,2026-09-03,2026-09-10,2026-09-10,8,8,14,14,confirmed_complete,Thursday,False,2026-09-01,True,2026-09-03,2026-09-04,2,3,0.2143,6,True,False,6,0,2026-09-11,True,True
film_theater,84517,The Transformers: The Movie 40th Anniversary,amc-pacific-place-11,AMC Pacific Place 11,1,special_event,catalog,high,concert_or_event,anniversary_re_release,source_film_id,2026-09-17,2026-09-30,2026-09-30,14,14,23,23,confirmed_complete,Wednesday,False,2026-09-11,True,2026-09-17,2026-09-21,5,7,0.3043,9,True,False,9,0,2026-10-02,True,True
film_theater,83716,The Uprising,amc-alderwood-mall-16,AMC Alderwood Mall 16,1,ordinary,catalog,high,standard,normal_first_run,source_film_id,2026-09-10,2026-09-23,2026-09-23,14,14,41,41,confirmed_complete,Wednesday,False,2026-08-27,True,2026-09-10,2026-09-10,1,4,0.0976,13,True,False,13,5,2026-09-25,True,True
film_theater,83716,The Uprising,amc-factoria-8,AMC Factoria 8,1,ordinary,catalog,high,standard,normal_first_run,source_film_id,2026-09-10,2026-09-24,2026-09-24,15,15,39,39,confirmed_complete,Thursday,False,2026-09-03,True,2026-09-10,2026-09-17,8,29,0.7436,7,True,False,7,1,2026-09-25,True,True
film_theater,83716,The Uprising,amc-kent-station-14,AMC Kent Station 14,1,ordinary,catalog,high,standard,normal_first_run,source_film_id,2026-09-10,2026-09-24,2026-09-24,15,15,36,36,confirmed_complete,Thursday,False,2026-08-27,True,2026-09-10,2026-09-10,1,4,0.1111,14,True,False,14,0,2026-09-25,True,True
film_theater,83716,The Uprising,amc-pacific-place-11,AMC Pacific Place 11,1,ordinary,catalog,high,standard,normal_first_run,source_film_id,2026-09-10,2026-09-23,2026-09-23,14,14,31,31,confirmed_complete,Wednesday,False,2026-08-27,True,2026-09-10,2026-09-10,1,3,0.0968,13,True,False,13,3,2026-09-25,True,True
film_theater,83716,The Uprising,amc-southcenter-16,AMC Southcenter 16,1,ordinary,catalog,high,standard,normal_first_run,source_film_id,2026-09-10,2026-09-23,2026-09-23,14,14,40,40,confirmed_complete,Wednesday,False,2026-08-27,True,2026-09-10,2026-09-10,1,4,0.1,13,True,False,13,0,2026-09-25,True,True
film_theater,83716,The Uprising,amc-woodinville-12,AMC Woodinville 12,1,ordinary,catalog,high,standard,normal_first_run,source_film_id,2026-09-10,2026-09-23,2026-09-23,14,14,51,51,confirmed_complete,Wednesday,False,2026-08-27,True,2026-09-10,2026-09-10,1,3,0.0588,13,True,False,13,0,2026-09-25,True,True
film_theater,84821,The Uprising: Early Access Live Q&A with Paul Greengrass and Andrew Garfield,amc-alderwood-mall-16,AMC Alderwood Mall 16,1,special_event,catalog,high,q_and_a,opening_night,source_film_id,2026-09-03,2026-09-03,2026-09-03,1,1,1,1,confirmed_complete,Thursday,False,2026-08-21,True,2026-09-03,2026-09-03,1,1,1.0,0,False,False,0,0,2026-09-04,True,True
film_theater,84821,The Uprising: Early Access Live Q&A with Paul Greengrass and Andrew Garfield,amc-factoria-8,AMC Factoria 8,1,special_event,catalog,high,q_and_a,opening_night,source_film_id,2026-09-03,2026-09-03,2026-09-03,1,1,1,1,confirmed_complete,Thursday,False,2026-08-21,True,2026-09-03,2026-09-03,1,1,1.0,0,False,False,0,0,2026-09-04,True,True
film_theater,84821,The Uprising: Early Access Live Q&A with Paul Greengrass and Andrew Garfield,amc-kent-station-14,AMC Kent Station 14,1,special_event,catalog,high,q_and_a,opening_night,source_film_id,2026-09-03,2026-09-03,2026-09-03,1,1,1,1,confirmed_complete,Thursday,False,2026-08-21,True,2026-09-03,2026-09-03,1,1,1.0,0,False,False,0,0,2026-09-04,True,True
film_theater,84821,The Uprising: Early Access Live Q&A with Paul Greengrass and Andrew Garfield,amc-oak-tree-6,AMC Oak Tree 6,1,special_event,catalog,high,q_and_a,opening_night,source_film_id,2026-09-03,2026-09-03,2026-09-03,1,1,1,1,confirmed_complete,Thursday,False,2026-08-21,True,2026-09-03,2026-09-03,1,1,1.0,0,False,False,0,0,2026-09-04,True,True
film_theater,84821,The Uprising: Early Access Live Q&A with Paul Greengrass and Andrew Garfield,amc-pacific-place-11,AMC Pacific Place 11,1,special_event,catalog,high,q_and_a,opening_night,source_film_id,2026-09-03,2026-09-03,2026-09-03,1,1,1,1,confirmed_complete,Thursday,False,2026-08-21,True,2026-09-03,2026-09-03,1,1,1.0,0,False,False,0,0,2026-09-04,True,True
film_theater,84821,The Uprising: Early Access Live Q&A with Paul Greengrass and Andrew Garfield,amc-southcenter-16,AMC Southcenter 16,1,special_event,catalog,high,q_and_a,opening_night,source_film_id,2026-09-03,2026-09-03,2026-09-03,1,1,1,1,confirmed_complete,Thursday,False,2026-08-21,True,2026-09-03,2026-09-03,1,1,1.0,0,False,False,0,0,2026-09-04,True,True
film_theater,84821,The Uprising: Early Access Live Q&A with Paul Greengrass and Andrew Garfield,amc-woodinville-12,AMC Woodinville 12,1,special_event,catalog,high,q_and_a,opening_night,source_film_id,2026-09-03,2026-09-03,2026-09-03,1,1,1,1,confirmed_complete,Thursday,False,2026-08-21,True,2026-09-03,2026-09-03,1,1,1.0,0,False,False,0,0,2026-09-04,True,True
film_theater,84835,The Vvaan: Force of the Forrest,amc-southcenter-16,AMC Southcenter 16,1,ordinary,catalog,high,standard,normal_first_run,source_film_id,2026-09-25,2026-09-30,2026-09-30,6,6,6,6,confirmed_complete,Wednesday,False,2026-09-23,True,2026-09-25,2026-09-30,6,6,1.0,0,False,False,0,0,2026-10-02,True,True
film_theater,83100,The Weight,amc-alderwood-mall-16,AMC Alderwood Mall 16,1,ordinary,catalog,high,standard,normal_first_run,source_film_id,2026-09-17,2026-09-30,2026-09-30,14,14,32,32,confirmed_complete,Wednesday,False,2026-09-03,True,2026-09-17,2026-09-23,7,13,0.4062,7,True,False,7,0,2026-10-02,True,True
film_theater,83100,The Weight,amc-kent-station-14,AMC Kent Station 14,1,ordinary,catalog,high,standard,normal_first_run,source_film_id,2026-09-17,2026-09-30,2026-09-30,14,14,37,37,confirmed_complete,Wednesday,False,2026-09-03,True,2026-09-17,2026-09-23,7,14,0.3784,7,True,False,7,0,2026-10-02,True,True
film_theater,83100,The Weight,amc-oak-tree-6,AMC Oak Tree 6,1,ordinary,catalog,high,standard,normal_first_run,source_film_id,2026-09-17,2026-09-23,2026-09-23,7,7,24,24,confirmed_complete,Wednesday,False,2026-09-16,True,2026-09-17,2026-09-23,7,24,1.0,0,False,False,0,0,2026-09-25,True,True
film_theater,83100,The Weight,amc-pacific-place-11,AMC Pacific Place 11,1,ordinary,catalog,high,standard,normal_first_run,source_film_id,2026-09-17,2026-09-24,2026-09-24,8,8,20,20,confirmed_complete,Thursday,False,2026-09-03,True,2026-09-17,2026-09-24,8,14,0.7,0,False,False,0,0,2026-09-25,True,True
film_theater,84856,The Weight Early Access,amc-alderwood-mall-16,AMC Alderwood Mall 16,1,special_event,catalog,high,concert_or_event,opening_night,source_film_id,2026-09-16,2026-09-16,2026-09-16,1,1,1,1,confirmed_complete,Wednesday,False,2026-09-02,True,2026-09-16,2026-09-16,1,1,1.0,0,False,False,0,0,2026-09-18,True,True
film_theater,84856,The Weight Early Access,amc-kent-station-14,AMC Kent Station 14,1,special_event,catalog,high,concert_or_event,opening_night,source_film_id,2026-09-16,2026-09-16,2026-09-16,1,1,1,1,confirmed_complete,Wednesday,False,2026-09-02,True,2026-09-16,2026-09-16,1,1,1.0,0,False,False,0,0,2026-09-18,True,True
film_theater,84856,The Weight Early Access,amc-southcenter-16,AMC Southcenter 16,1,special_event,catalog,high,concert_or_event,opening_night,source_film_id,2026-09-16,2026-09-16,2026-09-16,1,1,1,1,confirmed_complete,Wednesday,False,2026-09-02,True,2026-09-16,2026-09-16,1,1,1.0,0,False,False,0,0,2026-09-18,True,True
film_theater,84856,The Weight Early Access,amc-woodinville-12,AMC Woodinville 12,1,special_event,catalog,high,concert_or_event,opening_night,source_film_id,2026-09-16,2026-09-16,2026-09-16,1,1,1,1,confirmed_complete,Wednesday,False,2026-09-02,True,2026-09-16,2026-09-16,1,1,1.0,0,False,False,0,0,2026-09-18,True,True
film_theater,83781,The Wrong Girls,amc-alderwood-mall-16,AMC Alderwood Mall 16,1,ordinary,catalog,high,standard,normal_first_run,source_film_id,2026-08-13,2026-08-19,2026-08-19,7,7,13,13,confirmed_complete,Wednesday,False,2026-08-12,True,2026-08-13,2026-08-19,7,13,1.0,0,False,False,0,0,2026-08-21,True,True
film_theater,83781,The Wrong Girls,amc-kent-station-14,AMC Kent Station 14,1,ordinary,catalog,high,standard,normal_first_run,source_film_id,2026-08-13,2026-08-20,2026-08-20,8,8,14,14,confirmed_complete,Thursday,False,2026-08-11,True,2026-08-13,2026-08-19,7,13,0.9286,1,True,False,1,0,2026-08-21,True,True
film_theater,83781,The Wrong Girls,amc-pacific-place-11,AMC Pacific Place 11,1,ordinary,catalog,high,standard,normal_first_run,source_film_id,2026-08-13,2026-08-26,2026-08-26,14,14,31,31,confirmed_complete,Wednesday,False,2026-08-05,True,2026-08-13,2026-08-19,7,21,0.6774,7,True,False,7,0,2026-08-28,True,True
film_theater,83781,The Wrong Girls,amc-southcenter-16,AMC Southcenter 16,1,ordinary,catalog,high,standard,normal_first_run,source_film_id,2026-08-13,2026-08-19,2026-08-19,7,7,33,33,confirmed_complete,Wednesday,False,2026-08-05,True,2026-08-13,2026-08-19,7,21,0.6364,0,False,False,0,0,2026-08-21,True,True
film_theater,84336,Tiny Fugitives,amc-alderwood-mall-16,AMC Alderwood Mall 16,1,ordinary,catalog,high,standard,normal_first_run,source_film_id,2026-09-17,2026-09-23,2026-09-23,7,7,8,8,confirmed_complete,Wednesday,False,2026-09-16,True,2026-09-17,2026-09-23,7,8,1.0,0,False,False,0,0,2026-09-25,True,True
film_theater,84336,Tiny Fugitives,amc-southcenter-16,AMC Southcenter 16,1,ordinary,catalog,high,standard,normal_first_run,source_film_id,2026-09-17,2026-09-23,2026-09-23,7,7,12,12,confirmed_complete,Wednesday,False,2026-09-16,True,2026-09-17,2026-09-23,7,12,1.0,0,False,False,0,1,2026-09-25,True,True
film_theater,title:to-wong-foo-thanks-for-everything-julie-newmar,"To Wong Foo, Thanks for Everything, Julie Newmar",amc-alderwood-mall-16,AMC Alderwood Mall 16,1,ordinary_title_only,title_only,low,unknown,normal_first_run,title_fallback,2026-06-29,2026-06-30,2026-06-30,2,2,2,2,confirmed_complete,Tuesday,True,2026-06-29,False,2026-06-29,2026-06-30,2,2,,,,,0,0,2026-07-03,True,True
film_theater,83939,"To Wong Foo, Thanks for Everything, Julie Newmar",amc-alderwood-mall-16,AMC Alderwood Mall 16,1,ordinary_title_only,title_only,low,unknown,normal_first_run,source_film_id,2026-07-01,2026-07-01,2026-07-01,1,1,1,1,confirmed_complete,Wednesday,True,2026-06-29,False,2026-07-01,2026-07-01,1,1,,,,,0,0,2026-07-03,True,True
film_theater,title:to-wong-foo-thanks-for-everything-julie-newmar,"To Wong Foo, Thanks for Everything, Julie Newmar",amc-southcenter-16,AMC Southcenter 16,1,ordinary_title_only,title_only,low,unknown,normal_first_run,title_fallback,2026-06-29,2026-06-30,2026-06-30,2,2,2,2,confirmed_complete,Tuesday,True,2026-06-29,False,2026-06-29,2026-06-30,2,2,,,,,0,0,2026-07-03,True,True
film_theater,83939,"To Wong Foo, Thanks for Everything, Julie Newmar",amc-southcenter-16,AMC Southcenter 16,1,ordinary_title_only,title_only,low,unknown,normal_first_run,source_film_id,2026-07-01,2026-07-01,2026-07-01,1,1,1,1,confirmed_complete,Wednesday,True,2026-06-29,False,2026-07-01,2026-07-01,1,1,,,,,0,0,2026-07-03,True,True
film_theater,83488,Tom and Jerry: The Forbidden Compass,amc-southcenter-16,AMC Southcenter 16,1,ordinary,catalog,high,standard,normal_first_run,source_film_id,2026-09-03,2026-09-09,2026-09-09,7,7,7,7,confirmed_complete,Wednesday,False,2026-09-02,True,2026-09-03,2026-09-09,7,7,1.0,0,False,False,0,0,2026-09-11,True,True
film_theater,83859,Tony,amc-alderwood-mall-16,AMC Alderwood Mall 16,1,ordinary,catalog,high,standard,normal_first_run,source_film_id,2026-08-20,2026-09-10,2026-09-10,22,22,65,65,confirmed_complete,Thursday,False,2026-08-06,True,2026-08-20,2026-08-20,1,3,0.0462,21,True,False,21,0,2026-09-11,True,True
film_theater,83859,Tony,amc-kent-station-14,AMC Kent Station 14,1,ordinary,catalog,high,standard,normal_first_run,source_film_id,2026-08-20,2026-09-03,2026-09-03,15,15,46,46,confirmed_complete,Thursday,False,2026-08-06,True,2026-08-20,2026-08-20,1,3,0.0652,14,True,False,14,0,2026-09-04,True,True
film_theater,83859,Tony,amc-pacific-place-11,AMC Pacific Place 11,1,ordinary,catalog,high,standard,normal_first_run,source_film_id,2026-08-20,2026-09-10,2026-09-10,22,22,65,65,confirmed_complete,Thursday,False,2026-08-06,True,2026-08-20,2026-08-20,1,3,0.0462,21,True,False,21,0,2026-09-11,True,True
film_theater,83859,Tony,amc-southcenter-16,AMC Southcenter 16,1,ordinary,catalog,high,standard,normal_first_run,source_film_id,2026-08-20,2026-09-08,2026-09-08,20,20,63,63,confirmed_complete,Tuesday,False,2026-08-06,True,2026-08-20,2026-08-20,1,3,0.0476,19,True,False,19,0,2026-09-11,True,True
film_theater,83859,Tony,amc-woodinville-12,AMC Woodinville 12,1,ordinary,catalog,high,standard,normal_first_run,source_film_id,2026-08-20,2026-09-09,2026-09-09,21,21,73,73,confirmed_complete,Wednesday,False,2026-08-06,True,2026-08-20,2026-08-20,1,3,0.0411,20,True,False,20,0,2026-09-11,True,True
film_theater,title:toy-story-5,Toy Story 5,amc-alderwood-mall-16,AMC Alderwood Mall 16,1,ordinary_title_only,title_only,low,unknown,normal_first_run,title_fallback,2026-06-29,2026-07-02,2026-07-02,4,3,37,37,confirmed_complete,Thursday,True,2026-06-29,False,2026-06-29,2026-07-02,4,37,,,,,0,0,2026-07-03,True,True
film_theater,72482,Toy Story 5,amc-alderwood-mall-16,AMC Alderwood Mall 16,1,ordinary,catalog,high,standard,normal_first_run,source_film_id,2026-07-01,2026-08-27,2026-08-27,58,58,316,316,confirmed_complete,Thursday,True,2026-06-29,False,2026-07-01,2026-07-02,2,18,,,,,0,0,2026-08-28,True,True
film_theater,title:toy-story-5,Toy Story 5,amc-factoria-8,AMC Factoria 8,1,ordinary_title_only,title_only,low,unknown,normal_first_run,title_fallback,2026-06-29,2026-06-30,2026-06-30,2,2,27,27,confirmed_complete,Tuesday,True,2026-06-29,False,2026-06-29,2026-06-30,2,27,,,,,0,0,2026-07-03,True,True
film_theater,72482,Toy Story 5,amc-factoria-8,AMC Factoria 8,1,ordinary,catalog,high,standard,normal_first_run,source_film_id,2026-07-01,2026-08-06,2026-08-06,37,37,204,204,confirmed_complete,Thursday,True,2026-06-29,False,2026-07-01,2026-07-09,9,19,,,,,0,0,2026-08-07,True,True
film_theater,title:toy-story-5,Toy Story 5,amc-kent-station-14,AMC Kent Station 14,1,ordinary_title_only,title_only,low,unknown,normal_first_run,title_fallback,2026-06-29,2026-06-30,2026-06-30,2,2,39,39,confirmed_complete,Tuesday,True,2026-06-29,False,2026-06-29,2026-06-30,2,39,,,,,0,0,2026-07-03,True,True
film_theater,72482,Toy Story 5,amc-kent-station-14,AMC Kent Station 14,1,ordinary,catalog,high,standard,normal_first_run,source_film_id,2026-07-01,2026-09-10,2026-09-10,72,65,412,412,confirmed_complete,Thursday,True,2026-06-29,False,2026-07-01,2026-07-13,13,41,,,,,0,0,2026-09-11,True,True
film_theater,title:toy-story-5,Toy Story 5,amc-oak-tree-6,AMC Oak Tree 6,1,ordinary_title_only,title_only,low,unknown,normal_first_run,title_fallback,2026-06-29,2026-06-30,2026-06-30,2,2,14,14,confirmed_complete,Tuesday,True,2026-06-29,False,2026-06-29,2026-06-30,2,14,,,,,0,0,2026-07-03,True,True
film_theater,72482,Toy Story 5,amc-oak-tree-6,AMC Oak Tree 6,1,ordinary,catalog,high,standard,normal_first_run,source_film_id,2026-07-01,2026-07-29,2026-07-29,29,29,95,95,confirmed_complete,Wednesday,True,2026-06-29,False,2026-07-01,2026-07-01,1,5,,,,,0,0,2026-07-31,True,True
film_theater,title:toy-story-5,Toy Story 5,amc-pacific-place-11,AMC Pacific Place 11,1,ordinary_title_only,title_only,low,unknown,normal_first_run,title_fallback,2026-06-29,2026-07-06,2026-07-06,8,4,20,20,confirmed_complete,Monday,True,2026-06-29,False,2026-06-29,2026-07-06,8,18,,,,,0,0,2026-07-10,True,True
film_theater,72482,Toy Story 5,amc-pacific-place-11,AMC Pacific Place 11,1,ordinary,catalog,high,standard,normal_first_run,source_film_id,2026-07-01,2026-08-06,2026-08-06,37,37,173,173,confirmed_complete,Thursday,True,2026-06-29,False,2026-07-01,2026-07-13,13,32,,,,,0,0,2026-08-07,True,True
film_theater,title:toy-story-5,Toy Story 5,amc-southcenter-16,AMC Southcenter 16,1,ordinary_title_only,title_only,low,unknown,normal_first_run,title_fallback,2026-06-29,2026-06-30,2026-06-30,2,2,29,29,confirmed_complete,Tuesday,True,2026-06-29,False,2026-06-29,2026-06-30,2,29,,,,,0,0,2026-07-03,True,True
film_theater,72482,Toy Story 5,amc-southcenter-16,AMC Southcenter 16,1,ordinary,catalog,high,standard,normal_first_run,source_film_id,2026-07-01,2026-08-13,2026-08-13,44,44,291,291,confirmed_complete,Thursday,True,2026-06-29,False,2026-07-01,2026-07-13,13,23,,,,,0,0,2026-08-14,True,True
film_theater,72482,Toy Story 5,amc-southcenter-16,AMC Southcenter 16,2,ordinary,catalog,high,standard,normal_first_run,source_film_id,2026-09-04,2026-09-09,2026-09-09,6,6,6,6,confirmed_complete,Wednesday,False,2026-09-02,True,2026-09-04,2026-09-09,6,6,1.0,0,False,False,0,0,2026-09-11,True,True
film_theater,title:toy-story-5,Toy Story 5,amc-woodinville-12,AMC Woodinville 12,1,ordinary_title_only,title_only,low,unknown,normal_first_run,title_fallback,2026-06-29,2026-07-08,2026-07-08,10,5,34,34,confirmed_complete,Wednesday,True,2026-06-29,False,2026-06-29,2026-07-08,10,34,,,,,0,0,2026-07-10,True,True
film_theater,72482,Toy Story 5,amc-woodinville-12,AMC Woodinville 12,1,ordinary,catalog,high,standard,normal_first_run,source_film_id,2026-07-01,2026-08-27,2026-08-27,58,58,344,344,confirmed_complete,Thursday,True,2026-06-29,False,2026-07-01,2026-07-13,13,83,,,,,0,0,2026-08-28,True,True
film_theater,83345,Train to Busan - 10th Anniversary Remastered & Revived,amc-alderwood-mall-16,AMC Alderwood Mall 16,1,rerelease,catalog,high,anniversary_or_rerelease,anniversary_re_release,source_film_id,2026-08-14,2026-08-20,2026-08-20,7,7,21,21,confirmed_complete,Thursday,False,2026-07-31,True,2026-08-14,2026-08-14,1,2,0.0952,6,True,False,6,0,2026-08-21,True,True
film_theater,83345,Train to Busan - 10th Anniversary Remastered & Revived,amc-southcenter-16,AMC Southcenter 16,1,rerelease,catalog,high,anniversary_or_rerelease,anniversary_re_release,source_film_id,2026-08-13,2026-08-20,2026-08-20,8,8,23,23,confirmed_complete,Thursday,False,2026-07-31,True,2026-08-14,2026-08-14,1,2,0.087,6,True,False,7,0,2026-08-21,True,True
film_theater,82606,Tuner,amc-alderwood-mall-16,AMC Alderwood Mall 16,1,ordinary_title_only,title_only,low,unknown,normal_first_run,source_film_id,2026-07-03,2026-07-09,2026-07-09,7,7,8,8,confirmed_complete,Thursday,False,2026-07-01,True,2026-07-03,2026-07-08,6,7,0.875,1,True,False,1,0,2026-07-10,True,True
film_theater,84280,Twenty Years of the Met in Cinemas: An Anniversary Celebration,amc-alderwood-mall-16,AMC Alderwood Mall 16,1,rerelease,catalog,high,anniversary_or_rerelease,anniversary_re_release,source_film_id,2026-09-19,2026-09-19,2026-09-19,1,1,1,1,confirmed_complete,Saturday,False,2026-09-03,True,2026-09-19,2026-09-19,1,1,1.0,0,False,False,0,0,2026-09-25,True,True
film_theater,84280,Twenty Years of the Met in Cinemas: An Anniversary Celebration,amc-kent-station-14,AMC Kent Station 14,1,rerelease,catalog,high,anniversary_or_rerelease,anniversary_re_release,source_film_id,2026-09-19,2026-09-19,2026-09-19,1,1,1,1,confirmed_complete,Saturday,False,2026-09-03,True,2026-09-19,2026-09-19,1,1,1.0,0,False,False,0,0,2026-09-25,True,True
film_theater,84280,Twenty Years of the Met in Cinemas: An Anniversary Celebration,amc-oak-tree-6,AMC Oak Tree 6,1,rerelease,catalog,high,anniversary_or_rerelease,anniversary_re_release,source_film_id,2026-09-19,2026-09-19,2026-09-19,1,1,1,1,confirmed_complete,Saturday,False,2026-09-16,True,2026-09-19,2026-09-19,1,1,1.0,0,False,False,0,0,2026-09-25,True,True
film_theater,84280,Twenty Years of the Met in Cinemas: An Anniversary Celebration,amc-southcenter-16,AMC Southcenter 16,1,rerelease,catalog,high,anniversary_or_rerelease,anniversary_re_release,source_film_id,2026-09-19,2026-09-19,2026-09-19,1,1,1,1,confirmed_complete,Saturday,False,2026-09-03,True,2026-09-19,2026-09-19,1,1,1.0,0,False,False,0,0,2026-09-25,True,True
film_theater,83688,UFC 329: McGregor vs Holloway,amc-alderwood-mall-16,AMC Alderwood Mall 16,1,special_event_title_only,title_only,low,unknown,concert_live_encore,source_film_id,2026-07-11,2026-07-11,2026-07-11,1,1,1,1,confirmed_complete,Saturday,False,2026-07-01,True,2026-07-11,2026-07-11,1,1,1.0,0,False,False,0,0,2026-07-17,True,True
film_theater,84875,Verity Early Access,amc-alderwood-mall-16,AMC Alderwood Mall 16,1,special_event,catalog,high,concert_or_event,opening_night,source_film_id,2026-09-30,2026-09-30,2026-09-30,1,1,1,1,confirmed_complete,Wednesday,False,2026-09-05,True,2026-09-30,2026-09-30,1,1,1.0,0,False,False,0,0,2026-10-02,True,True
film_theater,84875,Verity Early Access,amc-factoria-8,AMC Factoria 8,1,special_event,catalog,high,concert_or_event,opening_night,source_film_id,2026-09-30,2026-09-30,2026-09-30,1,1,1,1,confirmed_complete,Wednesday,False,2026-09-05,True,2026-09-30,2026-09-30,1,1,1.0,0,False,False,0,0,2026-10-02,True,True
film_theater,84875,Verity Early Access,amc-kent-station-14,AMC Kent Station 14,1,special_event,catalog,high,concert_or_event,opening_night,source_film_id,2026-09-30,2026-09-30,2026-09-30,1,1,1,1,confirmed_complete,Wednesday,False,2026-09-05,True,2026-09-30,2026-09-30,1,1,1.0,0,False,False,0,0,2026-10-02,True,True
film_theater,84875,Verity Early Access,amc-oak-tree-6,AMC Oak Tree 6,1,special_event,catalog,high,concert_or_event,opening_night,source_film_id,2026-09-30,2026-09-30,2026-09-30,1,1,1,1,confirmed_complete,Wednesday,False,2026-09-05,True,2026-09-30,2026-09-30,1,1,1.0,0,False,False,0,0,2026-10-02,True,True
film_theater,84875,Verity Early Access,amc-pacific-place-11,AMC Pacific Place 11,1,special_event,catalog,high,concert_or_event,opening_night,source_film_id,2026-09-30,2026-09-30,2026-09-30,1,1,1,1,confirmed_complete,Wednesday,False,2026-09-05,True,2026-09-30,2026-09-30,1,1,1.0,0,False,False,0,0,2026-10-02,True,True
film_theater,84875,Verity Early Access,amc-southcenter-16,AMC Southcenter 16,1,special_event,catalog,high,concert_or_event,opening_night,source_film_id,2026-09-30,2026-09-30,2026-09-30,1,1,1,1,confirmed_complete,Wednesday,False,2026-09-05,True,2026-09-30,2026-09-30,1,1,1.0,0,False,False,0,0,2026-10-02,True,True
film_theater,84875,Verity Early Access,amc-woodinville-12,AMC Woodinville 12,1,special_event,catalog,high,concert_or_event,opening_night,source_film_id,2026-09-30,2026-09-30,2026-09-30,1,1,2,2,confirmed_complete,Wednesday,False,2026-09-05,True,2026-09-30,2026-09-30,1,1,0.5,0,False,False,0,0,2026-10-02,True,True
film_theater,84544,Virginia Woolf's Night & Day,amc-southcenter-16,AMC Southcenter 16,1,ordinary,catalog,high,standard,normal_first_run,source_film_id,2026-09-03,2026-09-09,2026-09-09,7,7,7,7,confirmed_complete,Wednesday,False,2026-09-02,True,2026-09-03,2026-09-09,7,7,1.0,0,False,False,0,1,2026-09-11,True,True
film_theater,title:welcome-to-the-jungle,Welcome To The Jungle,amc-southcenter-16,AMC Southcenter 16,1,ordinary_title_only,title_only,low,unknown,normal_first_run,title_fallback,2026-06-29,2026-06-30,2026-06-30,2,2,3,3,confirmed_complete,Tuesday,True,2026-06-29,False,2026-06-29,2026-06-30,2,3,,,,,0,0,2026-07-03,True,True
film_theater,84039,Wet Hot American Summer: 25th Anniversary,amc-alderwood-mall-16,AMC Alderwood Mall 16,1,rerelease,catalog,high,anniversary_or_rerelease,anniversary_re_release,source_film_id,2026-08-14,2026-08-19,2026-08-19,6,6,10,10,confirmed_complete,Wednesday,False,2026-07-31,True,2026-08-14,2026-08-14,1,1,0.1,5,True,False,5,0,2026-08-21,True,True
film_theater,84039,Wet Hot American Summer: 25th Anniversary,amc-southcenter-16,AMC Southcenter 16,1,rerelease,catalog,high,anniversary_or_rerelease,anniversary_re_release,source_film_id,2026-08-14,2026-08-19,2026-08-19,6,6,7,7,confirmed_complete,Wednesday,False,2026-07-31,True,2026-08-14,2026-08-14,1,1,0.1429,5,True,False,5,0,2026-08-21,True,True
film_theater,84099,WHAM! 10 Days In China,amc-alderwood-mall-16,AMC Alderwood Mall 16,1,special_event,catalog,high,concert_or_event,normal_first_run,source_film_id,2026-07-28,2026-07-28,2026-07-28,1,1,1,1,confirmed_complete,Tuesday,False,2026-07-14,True,2026-07-28,2026-07-28,1,1,1.0,0,False,False,0,0,2026-07-31,True,True
film_theater,84099,WHAM! 10 Days In China,amc-southcenter-16,AMC Southcenter 16,1,special_event,catalog,high,concert_or_event,normal_first_run,source_film_id,2026-07-28,2026-07-28,2026-07-28,1,1,1,1,confirmed_complete,Tuesday,False,2026-07-14,True,2026-07-28,2026-07-28,1,1,1.0,0,False,False,0,0,2026-07-31,True,True
film_theater,82774,Willy Wonka & the Chocolate Factory 55th Anniversary,amc-alderwood-mall-16,AMC Alderwood Mall 16,1,special_event,catalog,high,concert_or_event,anniversary_re_release,source_film_id,2026-08-02,2026-08-05,2026-08-05,4,2,2,2,confirmed_complete,Wednesday,False,2026-07-19,True,2026-08-02,2026-08-02,1,1,0.5,3,True,False,1,0,2026-08-07,True,True
film_theater,82774,Willy Wonka & the Chocolate Factory 55th Anniversary,amc-kent-station-14,AMC Kent Station 14,1,special_event,catalog,high,concert_or_event,anniversary_re_release,source_film_id,2026-08-02,2026-08-05,2026-08-05,4,2,2,2,confirmed_complete,Wednesday,False,2026-07-19,True,2026-08-02,2026-08-02,1,1,0.5,3,True,False,1,0,2026-08-07,True,True
film_theater,82774,Willy Wonka & the Chocolate Factory 55th Anniversary,amc-southcenter-16,AMC Southcenter 16,1,special_event,catalog,high,concert_or_event,anniversary_re_release,source_film_id,2026-08-02,2026-08-05,2026-08-05,4,2,2,2,confirmed_complete,Wednesday,False,2026-07-19,True,2026-08-02,2026-08-02,1,1,0.5,3,True,False,1,0,2026-08-07,True,True
film_theater,82774,Willy Wonka & the Chocolate Factory 55th Anniversary,amc-woodinville-12,AMC Woodinville 12,1,special_event,catalog,high,concert_or_event,anniversary_re_release,source_film_id,2026-08-02,2026-08-05,2026-08-05,4,2,2,2,confirmed_complete,Wednesday,False,2026-07-19,True,2026-08-02,2026-08-02,1,1,0.5,3,True,False,1,0,2026-08-07,True,True
film_theater,84478,Without Blood,amc-southcenter-16,AMC Southcenter 16,1,ordinary,catalog,high,standard,normal_first_run,source_film_id,2026-09-17,2026-09-23,2026-09-23,7,7,12,12,confirmed_complete,Wednesday,False,2026-09-16,True,2026-09-17,2026-09-23,7,12,1.0,0,False,False,0,0,2026-09-25,True,True
film_theater,84034,WWE SummerSlam 2026,amc-alderwood-mall-16,AMC Alderwood Mall 16,1,ambiguous_special,catalog_title_disagreement,low,standard,special_event,source_film_id,2026-08-01,2026-08-02,2026-08-02,2,2,2,2,confirmed_complete,Sunday,False,2026-07-18,True,2026-08-01,2026-08-01,1,1,0.5,1,True,False,1,0,2026-08-07,True,True
film_theater,84243,"You Had to Be There: How the Toronto Godspell Ignited the Comedy Revolution, Spread Love & Overalls.",amc-alderwood-mall-16,AMC Alderwood Mall 16,1,ordinary,catalog,high,standard,normal_first_run,source_film_id,2026-09-24,2026-09-30,2026-09-30,7,7,14,14,confirmed_complete,Wednesday,False,2026-09-23,True,2026-09-24,2026-09-30,7,14,1.0,0,False,False,0,0,2026-10-02,True,True
film_theater,84243,"You Had to Be There: How the Toronto Godspell Ignited the Comedy Revolution, Spread Love & Overalls.",amc-pacific-place-11,AMC Pacific Place 11,1,ordinary,catalog,high,standard,normal_first_run,source_film_id,2026-09-24,2026-09-30,2026-09-30,7,7,12,12,confirmed_complete,Wednesday,False,2026-09-22,True,2026-09-24,2026-09-25,2,3,0.25,5,True,False,5,0,2026-10-02,True,True
film_theater,80772,Young Washington,amc-alderwood-mall-16,AMC Alderwood Mall 16,1,ordinary,catalog,high,standard,normal_first_run,source_film_id,2026-07-02,2026-07-29,2026-07-29,28,28,95,95,confirmed_complete,Wednesday,True,2026-06-29,False,2026-07-02,2026-07-09,8,28,,,,,0,0,2026-07-31,True,True
film_theater,title:young-washington,Young Washington,amc-alderwood-mall-16,AMC Alderwood Mall 16,1,ordinary_title_only,title_only,low,unknown,normal_first_run,title_fallback,2026-07-06,2026-07-09,2026-07-09,4,4,4,4,confirmed_complete,Thursday,True,2026-06-29,False,2026-07-06,2026-07-09,4,4,,,,,0,0,2026-07-10,True,True
film_theater,80772,Young Washington,amc-factoria-8,AMC Factoria 8,1,ordinary,catalog,high,standard,normal_first_run,source_film_id,2026-07-02,2026-07-16,2026-07-16,15,15,22,22,confirmed_complete,Thursday,True,2026-06-29,False,2026-07-04,2026-07-04,1,1,,,,,0,0,2026-07-17,True,True
film_theater,80772,Young Washington,amc-kent-station-14,AMC Kent Station 14,1,ordinary,catalog,high,standard,normal_first_run,source_film_id,2026-07-02,2026-07-23,2026-07-23,22,22,89,89,confirmed_complete,Thursday,True,2026-06-29,False,2026-07-02,2026-07-08,7,21,,,,,0,0,2026-07-24,True,True
film_theater,80772,Young Washington,amc-oak-tree-6,AMC Oak Tree 6,1,ordinary,catalog,high,standard,normal_first_run,source_film_id,2026-07-09,2026-07-15,2026-07-15,7,7,14,14,confirmed_complete,Wednesday,False,2026-07-07,True,2026-07-09,2026-07-09,1,2,0.1429,6,True,False,6,0,2026-07-17,True,True
film_theater,80772,Young Washington,amc-pacific-place-11,AMC Pacific Place 11,1,ordinary,catalog,high,standard,normal_first_run,source_film_id,2026-07-02,2026-07-16,2026-07-16,15,15,16,16,confirmed_complete,Thursday,True,2026-06-29,False,2026-07-04,2026-07-04,1,1,,,,,0,0,2026-07-17,True,True
film_theater,80772,Young Washington,amc-southcenter-16,AMC Southcenter 16,1,ordinary,catalog,high,standard,normal_first_run,source_film_id,2026-07-02,2026-07-29,2026-07-29,28,28,102,102,confirmed_complete,Wednesday,True,2026-06-29,False,2026-07-02,2026-07-08,7,21,,,,,0,0,2026-07-31,True,True
film_theater,80772,Young Washington,amc-woodinville-12,AMC Woodinville 12,1,ordinary,catalog,high,standard,normal_first_run,source_film_id,2026-07-02,2026-07-29,2026-07-29,28,28,114,114,confirmed_complete,Wednesday,True,2026-06-29,False,2026-07-02,2026-07-08,7,28,,,,,0,0,2026-07-31,True,True
film_theater,84259,Your Letter,amc-alderwood-mall-16,AMC Alderwood Mall 16,1,ordinary,catalog,high,standard,normal_first_run,source_film_id,2026-08-17,2026-08-17,2026-08-17,1,1,1,1,confirmed_complete,Monday,False,2026-08-03,True,2026-08-17,2026-08-17,1,1,1.0,0,False,False,0,0,2026-08-21,True,True
film_theater,84259,Your Letter,amc-southcenter-16,AMC Southcenter 16,1,ordinary,catalog,high,standard,normal_first_run,source_film_id,2026-08-17,2026-08-17,2026-08-17,1,1,1,1,confirmed_complete,Monday,False,2026-08-03,True,2026-08-17,2026-08-17,1,1,1.0,0,False,False,0,0,2026-08-21,True,True
film_theater,83876,Your Name. 10th Anniversary,amc-alderwood-mall-16,AMC Alderwood Mall 16,1,rerelease,catalog,high,anniversary_or_rerelease,anniversary_re_release,source_film_id,2026-08-13,2026-08-26,2026-08-26,14,14,28,28,confirmed_complete,Wednesday,False,2026-07-30,True,2026-08-13,2026-08-13,1,2,0.0714,13,True,False,13,0,2026-08-28,True,True
film_theater,83876,Your Name. 10th Anniversary,amc-kent-station-14,AMC Kent Station 14,1,rerelease,catalog,high,anniversary_or_rerelease,anniversary_re_release,source_film_id,2026-08-13,2026-08-20,2026-08-20,8,8,21,21,confirmed_complete,Thursday,False,2026-08-11,True,2026-08-13,2026-08-19,7,18,0.8571,1,True,False,1,0,2026-08-21,True,True
film_theater,83876,Your Name. 10th Anniversary,amc-pacific-place-11,AMC Pacific Place 11,1,rerelease,catalog,high,anniversary_or_rerelease,anniversary_re_release,source_film_id,2026-08-13,2026-08-27,2026-08-27,15,15,30,30,confirmed_complete,Thursday,False,2026-08-11,True,2026-08-13,2026-08-15,3,8,0.2667,12,True,False,12,0,2026-08-28,True,True
film_theater,83876,Your Name. 10th Anniversary,amc-southcenter-16,AMC Southcenter 16,1,rerelease,catalog,high,anniversary_or_rerelease,anniversary_re_release,source_film_id,2026-08-13,2026-08-26,2026-08-26,14,14,31,31,confirmed_complete,Wednesday,False,2026-07-31,True,2026-08-14,2026-08-14,1,2,0.0645,12,True,False,13,0,2026-08-28,True,True
