title,film_id,catalog_category,segment,theater_id,theater_name,end_status,snapshot_date,observation_weekday,days_before_first_show,is_first_observed_snapshot,snapshot_completeness,announced_show_dates,announced_show_dates_label,visible_screening_count,earliest_visible_show_date,latest_visible_show_date,new_show_dates,new_show_dates_label,screenings_added,screenings_removed,removal_inferred,opening_date,eventual_final_show_date,theater_opening_week_screenings_known,theater_opening_week_screenings_eventual,theater_opening_week_completeness,theater_schedule_substantially_published
Amok Time + Star Trek III: The Search for Spock 60th Anniversary Event,84715,anniversary_or_rerelease,rerelease,amc-alderwood-mall-16,AMC Alderwood Mall 16,confirmed_complete,2026-08-23,Sunday,14,True,unknown,2026-09-06,Sep 6,1,2026-09-06,2026-09-06,2026-09-06,Sep 6,1,0,False,2026-09-06,2026-09-06,55,481,0.1143,False
Amok Time + Star Trek III: The Search for Spock 60th Anniversary Event,84715,anniversary_or_rerelease,rerelease,amc-alderwood-mall-16,AMC Alderwood Mall 16,confirmed_complete,2026-08-24,Monday,13,False,unknown,2026-09-06,Sep 6,1,2026-09-06,2026-09-06,,,0,0,False,2026-09-06,2026-09-06,74,481,0.1538,False
Amok Time + Star Trek III: The Search for Spock 60th Anniversary Event,84715,anniversary_or_rerelease,rerelease,amc-alderwood-mall-16,AMC Alderwood Mall 16,confirmed_complete,2026-08-25,Tuesday,12,False,unknown,2026-09-06,Sep 6,1,2026-09-06,2026-09-06,,,0,0,False,2026-09-06,2026-09-06,102,481,0.2121,False
Amok Time + Star Trek III: The Search for Spock 60th Anniversary Event,84715,anniversary_or_rerelease,rerelease,amc-alderwood-mall-16,AMC Alderwood Mall 16,confirmed_complete,2026-08-26,Wednesday,11,False,unknown,2026-09-06,Sep 6,1,2026-09-06,2026-09-06,,,0,0,False,2026-09-06,2026-09-06,124,481,0.2578,False
Amok Time + Star Trek III: The Search for Spock 60th Anniversary Event,84715,anniversary_or_rerelease,rerelease,amc-alderwood-mall-16,AMC Alderwood Mall 16,confirmed_complete,2026-08-27,Thursday,10,False,unknown,2026-09-06,Sep 6,1,2026-09-06,2026-09-06,,,0,0,False,2026-09-06,2026-09-06,157,481,0.3264,False
Amok Time + Star Trek III: The Search for Spock 60th Anniversary Event,84715,anniversary_or_rerelease,rerelease,amc-alderwood-mall-16,AMC Alderwood Mall 16,confirmed_complete,2026-08-28,Friday,9,False,unknown,2026-09-06,Sep 6,1,2026-09-06,2026-09-06,,,0,0,False,2026-09-06,2026-09-06,157,481,0.3264,False
Amok Time + Star Trek III: The Search for Spock 60th Anniversary Event,84715,anniversary_or_rerelease,rerelease,amc-alderwood-mall-16,AMC Alderwood Mall 16,confirmed_complete,2026-08-29,Saturday,8,False,unknown,2026-09-06,Sep 6,1,2026-09-06,2026-09-06,,,0,0,False,2026-09-06,2026-09-06,157,481,0.3264,False
Amok Time + Star Trek III: The Search for Spock 60th Anniversary Event,84715,anniversary_or_rerelease,rerelease,amc-alderwood-mall-16,AMC Alderwood Mall 16,confirmed_complete,2026-08-30,Sunday,7,False,unknown,2026-09-06,Sep 6,1,2026-09-06,2026-09-06,,,0,0,False,2026-09-06,2026-09-06,157,481,0.3264,False
Amok Time + Star Trek III: The Search for Spock 60th Anniversary Event,84715,anniversary_or_rerelease,rerelease,amc-alderwood-mall-16,AMC Alderwood Mall 16,confirmed_complete,2026-08-31,Monday,6,False,unknown,2026-09-06,Sep 6,1,2026-09-06,2026-09-06,,,0,0,False,2026-09-06,2026-09-06,157,481,0.3264,False
Amok Time + Star Trek III: The Search for Spock 60th Anniversary Event,84715,anniversary_or_rerelease,rerelease,amc-alderwood-mall-16,AMC Alderwood Mall 16,confirmed_complete,2026-09-01,Tuesday,5,False,unknown,2026-09-06,Sep 6,1,2026-09-06,2026-09-06,,,0,0,False,2026-09-06,2026-09-06,157,481,0.3264,False
Amok Time + Star Trek III: The Search for Spock 60th Anniversary Event,84715,anniversary_or_rerelease,rerelease,amc-alderwood-mall-16,AMC Alderwood Mall 16,confirmed_complete,2026-09-02,Wednesday,4,False,unknown,2026-09-06,Sep 6,1,2026-09-06,2026-09-06,,,0,0,False,2026-09-06,2026-09-06,436,481,0.9064,True
Amok Time + Star Trek III: The Search for Spock 60th Anniversary Event,84715,anniversary_or_rerelease,rerelease,amc-alderwood-mall-16,AMC Alderwood Mall 16,confirmed_complete,2026-09-03,Thursday,3,False,complete,2026-09-06,Sep 6,1,2026-09-06,2026-09-06,,,0,0,True,2026-09-06,2026-09-06,436,481,0.9064,True
Amok Time + Star Trek III: The Search for Spock 60th Anniversary Event,84715,anniversary_or_rerelease,rerelease,amc-alderwood-mall-16,AMC Alderwood Mall 16,confirmed_complete,2026-09-04,Friday,2,False,complete,2026-09-06,Sep 6,1,2026-09-06,2026-09-06,,,0,0,True,2026-09-06,2026-09-06,436,481,0.9064,True
Amok Time + Star Trek III: The Search for Spock 60th Anniversary Event,84715,anniversary_or_rerelease,rerelease,amc-alderwood-mall-16,AMC Alderwood Mall 16,confirmed_complete,2026-09-05,Saturday,1,False,complete,2026-09-06,Sep 6,1,2026-09-06,2026-09-06,,,0,0,True,2026-09-06,2026-09-06,440,481,0.9148,True
Amok Time + Star Trek III: The Search for Spock 60th Anniversary Event,84715,anniversary_or_rerelease,rerelease,amc-alderwood-mall-16,AMC Alderwood Mall 16,confirmed_complete,2026-09-06,Sunday,0,False,complete,2026-09-06,Sep 6,1,2026-09-06,2026-09-06,,,0,0,True,2026-09-06,2026-09-06,440,481,0.9148,True
Amok Time + Star Trek III: The Search for Spock 60th Anniversary Event,84715,anniversary_or_rerelease,rerelease,amc-southcenter-16,AMC Southcenter 16,confirmed_complete,2026-08-23,Sunday,14,True,unknown,2026-09-06,Sep 6,1,2026-09-06,2026-09-06,2026-09-06,Sep 6,1,0,False,2026-09-06,2026-09-06,60,478,0.1255,False
Amok Time + Star Trek III: The Search for Spock 60th Anniversary Event,84715,anniversary_or_rerelease,rerelease,amc-southcenter-16,AMC Southcenter 16,confirmed_complete,2026-08-24,Monday,13,False,unknown,2026-09-06,Sep 6,1,2026-09-06,2026-09-06,,,0,0,False,2026-09-06,2026-09-06,97,478,0.2029,False
Amok Time + Star Trek III: The Search for Spock 60th Anniversary Event,84715,anniversary_or_rerelease,rerelease,amc-southcenter-16,AMC Southcenter 16,confirmed_complete,2026-08-25,Tuesday,12,False,unknown,2026-09-06,Sep 6,1,2026-09-06,2026-09-06,,,0,0,False,2026-09-06,2026-09-06,132,478,0.2762,False
Amok Time + Star Trek III: The Search for Spock 60th Anniversary Event,84715,anniversary_or_rerelease,rerelease,amc-southcenter-16,AMC Southcenter 16,confirmed_complete,2026-08-26,Wednesday,11,False,unknown,2026-09-06,Sep 6,1,2026-09-06,2026-09-06,,,0,0,False,2026-09-06,2026-09-06,159,478,0.3326,False
Amok Time + Star Trek III: The Search for Spock 60th Anniversary Event,84715,anniversary_or_rerelease,rerelease,amc-southcenter-16,AMC Southcenter 16,confirmed_complete,2026-08-27,Thursday,10,False,unknown,2026-09-06,Sep 6,1,2026-09-06,2026-09-06,,,0,0,False,2026-09-06,2026-09-06,193,478,0.4038,False
Amok Time + Star Trek III: The Search for Spock 60th Anniversary Event,84715,anniversary_or_rerelease,rerelease,amc-southcenter-16,AMC Southcenter 16,confirmed_complete,2026-08-28,Friday,9,False,unknown,2026-09-06,Sep 6,1,2026-09-06,2026-09-06,,,0,0,False,2026-09-06,2026-09-06,193,478,0.4038,False
Amok Time + Star Trek III: The Search for Spock 60th Anniversary Event,84715,anniversary_or_rerelease,rerelease,amc-southcenter-16,AMC Southcenter 16,confirmed_complete,2026-08-29,Saturday,8,False,unknown,2026-09-06,Sep 6,1,2026-09-06,2026-09-06,,,0,0,False,2026-09-06,2026-09-06,193,478,0.4038,False
Amok Time + Star Trek III: The Search for Spock 60th Anniversary Event,84715,anniversary_or_rerelease,rerelease,amc-southcenter-16,AMC Southcenter 16,confirmed_complete,2026-08-30,Sunday,7,False,unknown,2026-09-06,Sep 6,1,2026-09-06,2026-09-06,,,0,0,False,2026-09-06,2026-09-06,193,478,0.4038,False
Amok Time + Star Trek III: The Search for Spock 60th Anniversary Event,84715,anniversary_or_rerelease,rerelease,amc-southcenter-16,AMC Southcenter 16,confirmed_complete,2026-08-31,Monday,6,False,unknown,2026-09-06,Sep 6,1,2026-09-06,2026-09-06,,,0,0,False,2026-09-06,2026-09-06,194,478,0.4059,False
Amok Time + Star Trek III: The Search for Spock 60th Anniversary Event,84715,anniversary_or_rerelease,rerelease,amc-southcenter-16,AMC Southcenter 16,confirmed_complete,2026-09-01,Tuesday,5,False,unknown,2026-09-06,Sep 6,1,2026-09-06,2026-09-06,,,0,0,False,2026-09-06,2026-09-06,194,478,0.4059,False
Amok Time + Star Trek III: The Search for Spock 60th Anniversary Event,84715,anniversary_or_rerelease,rerelease,amc-southcenter-16,AMC Southcenter 16,confirmed_complete,2026-09-02,Wednesday,4,False,unknown,2026-09-06,Sep 6,1,2026-09-06,2026-09-06,,,0,0,False,2026-09-06,2026-09-06,427,478,0.8933,True
Amok Time + Star Trek III: The Search for Spock 60th Anniversary Event,84715,anniversary_or_rerelease,rerelease,amc-southcenter-16,AMC Southcenter 16,confirmed_complete,2026-09-03,Thursday,3,False,complete,2026-09-06,Sep 6,1,2026-09-06,2026-09-06,,,0,0,True,2026-09-06,2026-09-06,433,478,0.9059,True
Amok Time + Star Trek III: The Search for Spock 60th Anniversary Event,84715,anniversary_or_rerelease,rerelease,amc-southcenter-16,AMC Southcenter 16,confirmed_complete,2026-09-04,Friday,2,False,complete,2026-09-06,Sep 6,1,2026-09-06,2026-09-06,,,0,0,True,2026-09-06,2026-09-06,436,478,0.9121,True
Amok Time + Star Trek III: The Search for Spock 60th Anniversary Event,84715,anniversary_or_rerelease,rerelease,amc-southcenter-16,AMC Southcenter 16,confirmed_complete,2026-09-05,Saturday,1,False,complete,2026-09-06,Sep 6,1,2026-09-06,2026-09-06,,,0,0,True,2026-09-06,2026-09-06,436,478,0.9121,True
Amok Time + Star Trek III: The Search for Spock 60th Anniversary Event,84715,anniversary_or_rerelease,rerelease,amc-southcenter-16,AMC Southcenter 16,confirmed_complete,2026-09-06,Sunday,0,False,complete,2026-09-06,Sep 6,1,2026-09-06,2026-09-06,,,0,0,True,2026-09-06,2026-09-06,441,478,0.9226,True
Batman (1989),84559,standard,ordinary,amc-alderwood-mall-16,AMC Alderwood Mall 16,confirmed_complete,2026-09-03,Thursday,15,True,complete,2026-09-18;2026-09-19,Sep 18–19,2,2026-09-18,2026-09-19,2026-09-18;2026-09-19,Sep 18–19,2,0,True,2026-09-18,2026-09-19,133,482,0.2759,False
Batman (1989),84559,standard,ordinary,amc-alderwood-mall-16,AMC Alderwood Mall 16,confirmed_complete,2026-09-04,Friday,14,False,complete,2026-09-18;2026-09-19,Sep 18–19,2,2026-09-18,2026-09-19,,,0,0,True,2026-09-18,2026-09-19,133,482,0.2759,False
Batman (1989),84559,standard,ordinary,amc-alderwood-mall-16,AMC Alderwood Mall 16,confirmed_complete,2026-09-05,Saturday,13,False,complete,2026-09-18;2026-09-19,Sep 18–19,2,2026-09-18,2026-09-19,,,0,0,True,2026-09-18,2026-09-19,133,482,0.2759,False
Batman (1989),84559,standard,ordinary,amc-alderwood-mall-16,AMC Alderwood Mall 16,confirmed_complete,2026-09-06,Sunday,12,False,complete,2026-09-18;2026-09-19,Sep 18–19,2,2026-09-18,2026-09-19,,,0,0,True,2026-09-18,2026-09-19,133,482,0.2759,False
Batman (1989),84559,standard,ordinary,amc-alderwood-mall-16,AMC Alderwood Mall 16,confirmed_complete,2026-09-07,Monday,11,False,complete,2026-09-18;2026-09-19,Sep 18–19,2,2026-09-18,2026-09-19,,,0,0,True,2026-09-18,2026-09-19,133,482,0.2759,False
Batman (1989),84559,standard,ordinary,amc-alderwood-mall-16,AMC Alderwood Mall 16,confirmed_complete,2026-09-08,Tuesday,10,False,complete,2026-09-18;2026-09-19,Sep 18–19,2,2026-09-18,2026-09-19,,,0,0,True,2026-09-18,2026-09-19,133,482,0.2759,False
Batman (1989),84559,standard,ordinary,amc-alderwood-mall-16,AMC Alderwood Mall 16,confirmed_complete,2026-09-09,Wednesday,9,False,complete,2026-09-18;2026-09-19,Sep 18–19,2,2026-09-18,2026-09-19,,,0,0,True,2026-09-18,2026-09-19,155,482,0.3216,False
Batman (1989),84559,standard,ordinary,amc-alderwood-mall-16,AMC Alderwood Mall 16,confirmed_complete,2026-09-10,Thursday,8,False,complete,2026-09-18;2026-09-19,Sep 18–19,2,2026-09-18,2026-09-19,,,0,0,True,2026-09-18,2026-09-19,159,482,0.3299,False
Batman (1989),84559,standard,ordinary,amc-alderwood-mall-16,AMC Alderwood Mall 16,confirmed_complete,2026-09-11,Friday,7,False,complete,2026-09-18;2026-09-19,Sep 18–19,2,2026-09-18,2026-09-19,,,0,0,True,2026-09-18,2026-09-19,159,482,0.3299,False
Batman (1989),84559,standard,ordinary,amc-alderwood-mall-16,AMC Alderwood Mall 16,confirmed_complete,2026-09-12,Saturday,6,False,complete,2026-09-18;2026-09-19,Sep 18–19,2,2026-09-18,2026-09-19,,,0,0,True,2026-09-18,2026-09-19,162,482,0.3361,False
Batman (1989),84559,standard,ordinary,amc-alderwood-mall-16,AMC Alderwood Mall 16,confirmed_complete,2026-09-13,Sunday,5,False,complete,2026-09-18;2026-09-19,Sep 18–19,2,2026-09-18,2026-09-19,,,0,0,True,2026-09-18,2026-09-19,162,482,0.3361,False
Batman (1989),84559,standard,ordinary,amc-alderwood-mall-16,AMC Alderwood Mall 16,confirmed_complete,2026-09-14,Monday,4,False,complete,2026-09-18;2026-09-19,Sep 18–19,2,2026-09-18,2026-09-19,,,0,0,True,2026-09-18,2026-09-19,162,482,0.3361,False
Batman (1989),84559,standard,ordinary,amc-alderwood-mall-16,AMC Alderwood Mall 16,confirmed_complete,2026-09-15,Tuesday,3,False,complete,2026-09-18;2026-09-19,Sep 18–19,2,2026-09-18,2026-09-19,,,0,0,True,2026-09-18,2026-09-19,162,482,0.3361,False
Batman (1989),84559,standard,ordinary,amc-alderwood-mall-16,AMC Alderwood Mall 16,confirmed_complete,2026-09-16,Wednesday,2,False,complete,2026-09-18;2026-09-19,Sep 18–19,2,2026-09-18,2026-09-19,,,0,0,True,2026-09-18,2026-09-19,436,482,0.9046,True
Batman (1989),84559,standard,ordinary,amc-alderwood-mall-16,AMC Alderwood Mall 16,confirmed_complete,2026-09-17,Thursday,1,False,complete,2026-09-18;2026-09-19,Sep 18–19,2,2026-09-18,2026-09-19,,,0,0,True,2026-09-18,2026-09-19,437,482,0.9066,True
Batman (1989),84559,standard,ordinary,amc-alderwood-mall-16,AMC Alderwood Mall 16,confirmed_complete,2026-09-18,Friday,0,False,complete,2026-09-18;2026-09-19,Sep 18–19,2,2026-09-18,2026-09-19,,,0,0,True,2026-09-18,2026-09-19,437,482,0.9066,True
Batman (1989),84559,standard,ordinary,amc-alderwood-mall-16,AMC Alderwood Mall 16,confirmed_complete,2026-09-19,Saturday,-1,False,complete,2026-09-18;2026-09-19,Sep 18–19,2,2026-09-18,2026-09-19,,,0,0,True,2026-09-18,2026-09-19,439,482,0.9108,True
Batman (1989),84559,standard,ordinary,amc-kent-station-14,AMC Kent Station 14,confirmed_complete,2026-09-03,Thursday,15,True,complete,2026-09-18;2026-09-19,Sep 18–19,2,2026-09-18,2026-09-19,2026-09-18;2026-09-19,Sep 18–19,2,0,True,2026-09-18,2026-09-19,106,440,0.2409,False
Batman (1989),84559,standard,ordinary,amc-kent-station-14,AMC Kent Station 14,confirmed_complete,2026-09-04,Friday,14,False,complete,2026-09-18;2026-09-19,Sep 18–19,2,2026-09-18,2026-09-19,,,0,0,True,2026-09-18,2026-09-19,106,440,0.2409,False
Batman (1989),84559,standard,ordinary,amc-kent-station-14,AMC Kent Station 14,confirmed_complete,2026-09-05,Saturday,13,False,complete,2026-09-18;2026-09-19,Sep 18–19,2,2026-09-18,2026-09-19,,,0,0,True,2026-09-18,2026-09-19,106,440,0.2409,False
Batman (1989),84559,standard,ordinary,amc-kent-station-14,AMC Kent Station 14,confirmed_complete,2026-09-06,Sunday,12,False,complete,2026-09-18;2026-09-19,Sep 18–19,2,2026-09-18,2026-09-19,,,0,0,True,2026-09-18,2026-09-19,106,440,0.2409,False
Batman (1989),84559,standard,ordinary,amc-kent-station-14,AMC Kent Station 14,confirmed_complete,2026-09-07,Monday,11,False,complete,2026-09-18;2026-09-19,Sep 18–19,2,2026-09-18,2026-09-19,,,0,0,True,2026-09-18,2026-09-19,106,440,0.2409,False
Batman (1989),84559,standard,ordinary,amc-kent-station-14,AMC Kent Station 14,confirmed_complete,2026-09-08,Tuesday,10,False,complete,2026-09-18;2026-09-19,Sep 18–19,2,2026-09-18,2026-09-19,,,0,0,True,2026-09-18,2026-09-19,124,440,0.2818,False
Batman (1989),84559,standard,ordinary,amc-kent-station-14,AMC Kent Station 14,confirmed_complete,2026-09-09,Wednesday,9,False,complete,2026-09-18;2026-09-19,Sep 18–19,2,2026-09-18,2026-09-19,,,0,0,True,2026-09-18,2026-09-19,130,440,0.2955,False
Batman (1989),84559,standard,ordinary,amc-kent-station-14,AMC Kent Station 14,confirmed_complete,2026-09-10,Thursday,8,False,complete,2026-09-18;2026-09-19,Sep 18–19,2,2026-09-18,2026-09-19,,,0,0,True,2026-09-18,2026-09-19,130,440,0.2955,False
Batman (1989),84559,standard,ordinary,amc-kent-station-14,AMC Kent Station 14,confirmed_complete,2026-09-11,Friday,7,False,complete,2026-09-18;2026-09-19,Sep 18–19,2,2026-09-18,2026-09-19,,,0,0,True,2026-09-18,2026-09-19,130,440,0.2955,False
Batman (1989),84559,standard,ordinary,amc-kent-station-14,AMC Kent Station 14,confirmed_complete,2026-09-12,Saturday,6,False,complete,2026-09-18;2026-09-19,Sep 18–19,2,2026-09-18,2026-09-19,,,0,0,True,2026-09-18,2026-09-19,136,440,0.3091,False
Batman (1989),84559,standard,ordinary,amc-kent-station-14,AMC Kent Station 14,confirmed_complete,2026-09-13,Sunday,5,False,complete,2026-09-18;2026-09-19,Sep 18–19,2,2026-09-18,2026-09-19,,,0,0,True,2026-09-18,2026-09-19,136,440,0.3091,False
Batman (1989),84559,standard,ordinary,amc-kent-station-14,AMC Kent Station 14,confirmed_complete,2026-09-14,Monday,4,False,complete,2026-09-18;2026-09-19,Sep 18–19,2,2026-09-18,2026-09-19,,,0,0,True,2026-09-18,2026-09-19,136,440,0.3091,False
Batman (1989),84559,standard,ordinary,amc-kent-station-14,AMC Kent Station 14,confirmed_complete,2026-09-15,Tuesday,3,False,complete,2026-09-18;2026-09-19,Sep 18–19,2,2026-09-18,2026-09-19,,,0,0,True,2026-09-18,2026-09-19,406,440,0.9227,True
Batman (1989),84559,standard,ordinary,amc-kent-station-14,AMC Kent Station 14,confirmed_complete,2026-09-16,Wednesday,2,False,complete,2026-09-18;2026-09-19,Sep 18–19,2,2026-09-18,2026-09-19,,,0,0,True,2026-09-18,2026-09-19,407,440,0.925,True
Batman (1989),84559,standard,ordinary,amc-kent-station-14,AMC Kent Station 14,confirmed_complete,2026-09-17,Thursday,1,False,complete,2026-09-18;2026-09-19,Sep 18–19,2,2026-09-18,2026-09-19,,,0,0,True,2026-09-18,2026-09-19,407,440,0.925,True
Batman (1989),84559,standard,ordinary,amc-kent-station-14,AMC Kent Station 14,confirmed_complete,2026-09-18,Friday,0,False,complete,2026-09-18;2026-09-19,Sep 18–19,2,2026-09-18,2026-09-19,,,0,0,True,2026-09-18,2026-09-19,407,440,0.925,True
Batman (1989),84559,standard,ordinary,amc-kent-station-14,AMC Kent Station 14,confirmed_complete,2026-09-19,Saturday,-1,False,complete,2026-09-18;2026-09-19,Sep 18–19,2,2026-09-18,2026-09-19,,,0,0,True,2026-09-18,2026-09-19,407,440,0.925,True
Batman (1989),84559,standard,ordinary,amc-southcenter-16,AMC Southcenter 16,confirmed_complete,2026-09-03,Thursday,15,True,complete,2026-09-18;2026-09-19,Sep 18–19,2,2026-09-18,2026-09-19,2026-09-18;2026-09-19,Sep 18–19,2,0,True,2026-09-18,2026-09-19,127,491,0.2587,False
Batman (1989),84559,standard,ordinary,amc-southcenter-16,AMC Southcenter 16,confirmed_complete,2026-09-04,Friday,14,False,complete,2026-09-18;2026-09-19,Sep 18–19,2,2026-09-18,2026-09-19,,,0,0,True,2026-09-18,2026-09-19,132,491,0.2688,False
Batman (1989),84559,standard,ordinary,amc-southcenter-16,AMC Southcenter 16,confirmed_complete,2026-09-05,Saturday,13,False,complete,2026-09-18;2026-09-19,Sep 18–19,2,2026-09-18,2026-09-19,,,0,0,True,2026-09-18,2026-09-19,137,491,0.279,False
Batman (1989),84559,standard,ordinary,amc-southcenter-16,AMC Southcenter 16,confirmed_complete,2026-09-06,Sunday,12,False,complete,2026-09-18;2026-09-19,Sep 18–19,2,2026-09-18,2026-09-19,,,0,0,True,2026-09-18,2026-09-19,137,491,0.279,False
Batman (1989),84559,standard,ordinary,amc-southcenter-16,AMC Southcenter 16,confirmed_complete,2026-09-07,Monday,11,False,complete,2026-09-18;2026-09-19,Sep 18–19,2,2026-09-18,2026-09-19,,,0,0,True,2026-09-18,2026-09-19,137,491,0.279,False
Batman (1989),84559,standard,ordinary,amc-southcenter-16,AMC Southcenter 16,confirmed_complete,2026-09-08,Tuesday,10,False,complete,2026-09-18;2026-09-19,Sep 18–19,2,2026-09-18,2026-09-19,,,0,0,True,2026-09-18,2026-09-19,163,491,0.332,False
Batman (1989),84559,standard,ordinary,amc-southcenter-16,AMC Southcenter 16,confirmed_complete,2026-09-09,Wednesday,9,False,complete,2026-09-18;2026-09-19,Sep 18–19,2,2026-09-18,2026-09-19,,,0,0,True,2026-09-18,2026-09-19,178,491,0.3625,False
Batman (1989),84559,standard,ordinary,amc-southcenter-16,AMC Southcenter 16,confirmed_complete,2026-09-10,Thursday,8,False,complete,2026-09-18;2026-09-19,Sep 18–19,2,2026-09-18,2026-09-19,,,0,0,True,2026-09-18,2026-09-19,178,491,0.3625,False
Batman (1989),84559,standard,ordinary,amc-southcenter-16,AMC Southcenter 16,confirmed_complete,2026-09-11,Friday,7,False,complete,2026-09-18;2026-09-19,Sep 18–19,2,2026-09-18,2026-09-19,,,0,0,True,2026-09-18,2026-09-19,178,491,0.3625,False
Batman (1989),84559,standard,ordinary,amc-southcenter-16,AMC Southcenter 16,confirmed_complete,2026-09-12,Saturday,6,False,complete,2026-09-18;2026-09-19,Sep 18–19,2,2026-09-18,2026-09-19,,,0,0,True,2026-09-18,2026-09-19,178,491,0.3625,False
Batman (1989),84559,standard,ordinary,amc-southcenter-16,AMC Southcenter 16,confirmed_complete,2026-09-13,Sunday,5,False,complete,2026-09-18;2026-09-19,Sep 18–19,2,2026-09-18,2026-09-19,,,0,0,True,2026-09-18,2026-09-19,178,491,0.3625,False
Batman (1989),84559,standard,ordinary,amc-southcenter-16,AMC Southcenter 16,confirmed_complete,2026-09-14,Monday,4,False,complete,2026-09-18;2026-09-19,Sep 18–19,2,2026-09-18,2026-09-19,,,0,0,True,2026-09-18,2026-09-19,178,491,0.3625,False
Batman (1989),84559,standard,ordinary,amc-southcenter-16,AMC Southcenter 16,confirmed_complete,2026-09-15,Tuesday,3,False,complete,2026-09-18;2026-09-19,Sep 18–19,2,2026-09-18,2026-09-19,,,0,0,True,2026-09-18,2026-09-19,178,491,0.3625,False
Batman (1989),84559,standard,ordinary,amc-southcenter-16,AMC Southcenter 16,confirmed_complete,2026-09-16,Wednesday,2,False,complete,2026-09-18;2026-09-19,Sep 18–19,2,2026-09-18,2026-09-19,,,0,0,True,2026-09-18,2026-09-19,434,491,0.8839,True
Batman (1989),84559,standard,ordinary,amc-southcenter-16,AMC Southcenter 16,confirmed_complete,2026-09-17,Thursday,1,False,complete,2026-09-18;2026-09-19,Sep 18–19,2,2026-09-18,2026-09-19,,,0,0,True,2026-09-18,2026-09-19,434,491,0.8839,True
Batman (1989),84559,standard,ordinary,amc-southcenter-16,AMC Southcenter 16,confirmed_complete,2026-09-18,Friday,0,False,complete,2026-09-18;2026-09-19,Sep 18–19,2,2026-09-18,2026-09-19,,,0,0,True,2026-09-18,2026-09-19,442,491,0.9002,True
Batman (1989),84559,standard,ordinary,amc-southcenter-16,AMC Southcenter 16,confirmed_complete,2026-09-19,Saturday,-1,False,complete,2026-09-18;2026-09-19,Sep 18–19,2,2026-09-18,2026-09-19,,,0,0,True,2026-09-18,2026-09-19,444,491,0.9043,True
Batman (1989),84559,standard,ordinary,amc-woodinville-12,AMC Woodinville 12,confirmed_complete,2026-09-03,Thursday,15,True,complete,2026-09-18;2026-09-19,Sep 18–19,2,2026-09-18,2026-09-19,2026-09-18;2026-09-19,Sep 18–19,2,0,True,2026-09-18,2026-09-19,67,325,0.2062,False
Batman (1989),84559,standard,ordinary,amc-woodinville-12,AMC Woodinville 12,confirmed_complete,2026-09-04,Friday,14,False,complete,2026-09-18;2026-09-19,Sep 18–19,2,2026-09-18,2026-09-19,,,0,0,True,2026-09-18,2026-09-19,67,325,0.2062,False
Batman (1989),84559,standard,ordinary,amc-woodinville-12,AMC Woodinville 12,confirmed_complete,2026-09-05,Saturday,13,False,complete,2026-09-18;2026-09-19,Sep 18–19,2,2026-09-18,2026-09-19,,,0,0,True,2026-09-18,2026-09-19,67,325,0.2062,False
Batman (1989),84559,standard,ordinary,amc-woodinville-12,AMC Woodinville 12,confirmed_complete,2026-09-06,Sunday,12,False,complete,2026-09-18;2026-09-19,Sep 18–19,2,2026-09-18,2026-09-19,,,0,0,True,2026-09-18,2026-09-19,67,325,0.2062,False
Batman (1989),84559,standard,ordinary,amc-woodinville-12,AMC Woodinville 12,confirmed_complete,2026-09-07,Monday,11,False,complete,2026-09-18;2026-09-19,Sep 18–19,2,2026-09-18,2026-09-19,,,0,0,True,2026-09-18,2026-09-19,67,325,0.2062,False
Batman (1989),84559,standard,ordinary,amc-woodinville-12,AMC Woodinville 12,confirmed_complete,2026-09-08,Tuesday,10,False,complete,2026-09-18;2026-09-19,Sep 18–19,2,2026-09-18,2026-09-19,,,0,0,True,2026-09-18,2026-09-19,67,325,0.2062,False
Batman (1989),84559,standard,ordinary,amc-woodinville-12,AMC Woodinville 12,confirmed_complete,2026-09-09,Wednesday,9,False,complete,2026-09-18;2026-09-19,Sep 18–19,2,2026-09-18,2026-09-19,,,0,0,True,2026-09-18,2026-09-19,73,325,0.2246,False
Batman (1989),84559,standard,ordinary,amc-woodinville-12,AMC Woodinville 12,confirmed_complete,2026-09-10,Thursday,8,False,complete,2026-09-18;2026-09-19,Sep 18–19,2,2026-09-18,2026-09-19,,,0,0,True,2026-09-18,2026-09-19,73,325,0.2246,False
Batman (1989),84559,standard,ordinary,amc-woodinville-12,AMC Woodinville 12,confirmed_complete,2026-09-11,Friday,7,False,complete,2026-09-18;2026-09-19,Sep 18–19,2,2026-09-18,2026-09-19,,,0,0,True,2026-09-18,2026-09-19,73,325,0.2246,False
Batman (1989),84559,standard,ordinary,amc-woodinville-12,AMC Woodinville 12,confirmed_complete,2026-09-12,Saturday,6,False,complete,2026-09-18;2026-09-19,Sep 18–19,2,2026-09-18,2026-09-19,,,0,0,True,2026-09-18,2026-09-19,73,325,0.2246,False
Batman (1989),84559,standard,ordinary,amc-woodinville-12,AMC Woodinville 12,confirmed_complete,2026-09-13,Sunday,5,False,complete,2026-09-18;2026-09-19,Sep 18–19,2,2026-09-18,2026-09-19,,,0,0,True,2026-09-18,2026-09-19,73,325,0.2246,False
Batman (1989),84559,standard,ordinary,amc-woodinville-12,AMC Woodinville 12,confirmed_complete,2026-09-14,Monday,4,False,complete,2026-09-18;2026-09-19,Sep 18–19,2,2026-09-18,2026-09-19,,,0,0,True,2026-09-18,2026-09-19,73,325,0.2246,False
Batman (1989),84559,standard,ordinary,amc-woodinville-12,AMC Woodinville 12,confirmed_complete,2026-09-15,Tuesday,3,False,complete,2026-09-18;2026-09-19,Sep 18–19,2,2026-09-18,2026-09-19,,,0,0,True,2026-09-18,2026-09-19,299,325,0.92,True
Batman (1989),84559,standard,ordinary,amc-woodinville-12,AMC Woodinville 12,confirmed_complete,2026-09-16,Wednesday,2,False,complete,2026-09-18;2026-09-19,Sep 18–19,2,2026-09-18,2026-09-19,,,0,0,True,2026-09-18,2026-09-19,300,325,0.9231,True
Batman (1989),84559,standard,ordinary,amc-woodinville-12,AMC Woodinville 12,confirmed_complete,2026-09-17,Thursday,1,False,complete,2026-09-18;2026-09-19,Sep 18–19,2,2026-09-18,2026-09-19,,,0,0,True,2026-09-18,2026-09-19,301,325,0.9262,True
Batman (1989),84559,standard,ordinary,amc-woodinville-12,AMC Woodinville 12,confirmed_complete,2026-09-18,Friday,0,False,complete,2026-09-18;2026-09-19,Sep 18–19,2,2026-09-18,2026-09-19,,,0,0,True,2026-09-18,2026-09-19,301,325,0.9262,True
Batman (1989),84559,standard,ordinary,amc-woodinville-12,AMC Woodinville 12,confirmed_complete,2026-09-19,Saturday,-1,False,complete,2026-09-18;2026-09-19,Sep 18–19,2,2026-09-18,2026-09-19,,,0,0,True,2026-09-18,2026-09-19,301,325,0.9262,True
Cars: 20th Anniversary,84149,anniversary_or_rerelease,rerelease,amc-alderwood-mall-16,AMC Alderwood Mall 16,confirmed_complete,2026-08-25,Tuesday,9,True,unknown,2026-09-03;2026-09-04;2026-09-05;2026-09-06;2026-09-07;2026-09-08,Sep 3–8,13,2026-09-03,2026-09-08,2026-09-03;2026-09-04;2026-09-05;2026-09-06;2026-09-07;2026-09-08,Sep 3–8,13,0,False,2026-09-03,2026-09-17,150,557,0.2693,False
Cars: 20th Anniversary,84149,anniversary_or_rerelease,rerelease,amc-alderwood-mall-16,AMC Alderwood Mall 16,confirmed_complete,2026-08-26,Wednesday,8,False,unknown,2026-09-03;2026-09-04;2026-09-05;2026-09-06;2026-09-07;2026-09-08;2026-09-09,Sep 3–9,15,2026-09-03,2026-09-09,2026-09-09,Sep 9,2,0,False,2026-09-03,2026-09-17,480,557,0.8618,True
Cars: 20th Anniversary,84149,anniversary_or_rerelease,rerelease,amc-alderwood-mall-16,AMC Alderwood Mall 16,confirmed_complete,2026-08-27,Thursday,7,False,unknown,2026-09-03;2026-09-04;2026-09-05;2026-09-06;2026-09-07;2026-09-08;2026-09-09,Sep 3–9,15,2026-09-03,2026-09-09,,,0,0,False,2026-09-03,2026-09-17,483,557,0.8671,True
Cars: 20th Anniversary,84149,anniversary_or_rerelease,rerelease,amc-alderwood-mall-16,AMC Alderwood Mall 16,confirmed_complete,2026-08-28,Friday,6,False,unknown,2026-09-03;2026-09-04;2026-09-05;2026-09-06;2026-09-07;2026-09-08;2026-09-09,Sep 3–9,15,2026-09-03,2026-09-09,,,0,0,False,2026-09-03,2026-09-17,498,557,0.8941,True
Cars: 20th Anniversary,84149,anniversary_or_rerelease,rerelease,amc-alderwood-mall-16,AMC Alderwood Mall 16,confirmed_complete,2026-08-29,Saturday,5,False,unknown,2026-09-03;2026-09-04;2026-09-05;2026-09-06;2026-09-07;2026-09-08;2026-09-09,Sep 3–9,15,2026-09-03,2026-09-09,,,0,0,False,2026-09-03,2026-09-17,500,557,0.8977,True
Cars: 20th Anniversary,84149,anniversary_or_rerelease,rerelease,amc-alderwood-mall-16,AMC Alderwood Mall 16,confirmed_complete,2026-08-30,Sunday,4,False,unknown,2026-09-03;2026-09-04;2026-09-05;2026-09-06;2026-09-07;2026-09-08;2026-09-09,Sep 3–9,15,2026-09-03,2026-09-09,,,0,0,False,2026-09-03,2026-09-17,501,557,0.8995,True
Cars: 20th Anniversary,84149,anniversary_or_rerelease,rerelease,amc-alderwood-mall-16,AMC Alderwood Mall 16,confirmed_complete,2026-08-31,Monday,3,False,unknown,2026-09-03;2026-09-04;2026-09-05;2026-09-06;2026-09-07;2026-09-08;2026-09-09,Sep 3–9,15,2026-09-03,2026-09-09,,,0,0,False,2026-09-03,2026-09-17,501,557,0.8995,True
Cars: 20th Anniversary,84149,anniversary_or_rerelease,rerelease,amc-alderwood-mall-16,AMC Alderwood Mall 16,confirmed_complete,2026-09-01,Tuesday,2,False,unknown,2026-09-03;2026-09-04;2026-09-05;2026-09-06;2026-09-07;2026-09-08;2026-09-09,Sep 3–9,15,2026-09-03,2026-09-09,,,0,0,False,2026-09-03,2026-09-17,557,557,1.0,True
Cars: 20th Anniversary,84149,anniversary_or_rerelease,rerelease,amc-alderwood-mall-16,AMC Alderwood Mall 16,confirmed_complete,2026-09-02,Wednesday,1,False,unknown,2026-09-03;2026-09-04;2026-09-05;2026-09-06;2026-09-07;2026-09-08;2026-09-09,Sep 3–9,19,2026-09-03,2026-09-09,,,4,0,False,2026-09-03,2026-09-17,557,557,1.0,True
Cars: 20th Anniversary,84149,anniversary_or_rerelease,rerelease,amc-alderwood-mall-16,AMC Alderwood Mall 16,confirmed_complete,2026-09-03,Thursday,0,False,complete,2026-09-03;2026-09-04;2026-09-05;2026-09-06;2026-09-07;2026-09-08;2026-09-09,Sep 3–9,19,2026-09-03,2026-09-09,,,0,0,True,2026-09-03,2026-09-17,557,557,1.0,True
Cars: 20th Anniversary,84149,anniversary_or_rerelease,rerelease,amc-alderwood-mall-16,AMC Alderwood Mall 16,confirmed_complete,2026-09-04,Friday,-1,False,complete,2026-09-03;2026-09-04;2026-09-05;2026-09-06;2026-09-07;2026-09-08;2026-09-09,Sep 3–9,19,2026-09-03,2026-09-09,,,0,0,True,2026-09-03,2026-09-17,557,557,1.0,True
Cars: 20th Anniversary,84149,anniversary_or_rerelease,rerelease,amc-alderwood-mall-16,AMC Alderwood Mall 16,confirmed_complete,2026-09-05,Saturday,-2,False,complete,2026-09-03;2026-09-04;2026-09-05;2026-09-06;2026-09-07;2026-09-08;2026-09-09,Sep 3–9,19,2026-09-03,2026-09-09,,,0,0,True,2026-09-03,2026-09-17,557,557,1.0,True
Cars: 20th Anniversary,84149,anniversary_or_rerelease,rerelease,amc-alderwood-mall-16,AMC Alderwood Mall 16,confirmed_complete,2026-09-06,Sunday,-3,False,complete,2026-09-03;2026-09-04;2026-09-05;2026-09-06;2026-09-07;2026-09-08;2026-09-09,Sep 3–9,19,2026-09-03,2026-09-09,,,0,0,True,2026-09-03,2026-09-17,557,557,1.0,True
Cars: 20th Anniversary,84149,anniversary_or_rerelease,rerelease,amc-alderwood-mall-16,AMC Alderwood Mall 16,confirmed_complete,2026-09-07,Monday,-4,False,complete,2026-09-03;2026-09-04;2026-09-05;2026-09-06;2026-09-07;2026-09-08;2026-09-09,Sep 3–9,19,2026-09-03,2026-09-09,,,0,0,True,2026-09-03,2026-09-17,557,557,1.0,True
Cars: 20th Anniversary,84149,anniversary_or_rerelease,rerelease,amc-alderwood-mall-16,AMC Alderwood Mall 16,confirmed_complete,2026-09-08,Tuesday,-5,False,complete,2026-09-03;2026-09-04;2026-09-05;2026-09-06;2026-09-07;2026-09-08;2026-09-09,Sep 3–9,19,2026-09-03,2026-09-09,,,0,0,True,2026-09-03,2026-09-17,557,557,1.0,True
Cars: 20th Anniversary,84149,anniversary_or_rerelease,rerelease,amc-alderwood-mall-16,AMC Alderwood Mall 16,confirmed_complete,2026-09-09,Wednesday,-6,False,complete,2026-09-03;2026-09-04;2026-09-05;2026-09-06;2026-09-07;2026-09-08;2026-09-09;2026-09-10;2026-09-11;2026-09-12;2026-09-13;2026-09-14;2026-09-15;2026-09-16,Sep 3–16,37,2026-09-03,2026-09-16,2026-09-10;2026-09-11;2026-09-12;2026-09-13;2026-09-14;2026-09-15;2026-09-16,Sep 10–16,18,0,True,2026-09-03,2026-09-17,557,557,1.0,True
Cars: 20th Anniversary,84149,anniversary_or_rerelease,rerelease,amc-alderwood-mall-16,AMC Alderwood Mall 16,confirmed_complete,2026-09-10,Thursday,-7,False,complete,2026-09-03;2026-09-04;2026-09-05;2026-09-06;2026-09-07;2026-09-08;2026-09-09;2026-09-10;2026-09-11;2026-09-12;2026-09-13;2026-09-14;2026-09-15;2026-09-16,Sep 3–16,37,2026-09-03,2026-09-16,,,0,0,True,2026-09-03,2026-09-17,557,557,1.0,True
Cars: 20th Anniversary,84149,anniversary_or_rerelease,rerelease,amc-alderwood-mall-16,AMC Alderwood Mall 16,confirmed_complete,2026-09-11,Friday,-8,False,complete,2026-09-03;2026-09-04;2026-09-05;2026-09-06;2026-09-07;2026-09-08;2026-09-09;2026-09-10;2026-09-11;2026-09-12;2026-09-13;2026-09-14;2026-09-15;2026-09-16,Sep 3–16,37,2026-09-03,2026-09-16,,,0,0,True,2026-09-03,2026-09-17,557,557,1.0,True
Cars: 20th Anniversary,84149,anniversary_or_rerelease,rerelease,amc-alderwood-mall-16,AMC Alderwood Mall 16,confirmed_complete,2026-09-12,Saturday,-9,False,complete,2026-09-03;2026-09-04;2026-09-05;2026-09-06;2026-09-07;2026-09-08;2026-09-09;2026-09-10;2026-09-11;2026-09-12;2026-09-13;2026-09-14;2026-09-15;2026-09-16,Sep 3–16,37,2026-09-03,2026-09-16,,,0,0,True,2026-09-03,2026-09-17,557,557,1.0,True
Cars: 20th Anniversary,84149,anniversary_or_rerelease,rerelease,amc-alderwood-mall-16,AMC Alderwood Mall 16,confirmed_complete,2026-09-13,Sunday,-10,False,complete,2026-09-03;2026-09-04;2026-09-05;2026-09-06;2026-09-07;2026-09-08;2026-09-09;2026-09-10;2026-09-11;2026-09-12;2026-09-13;2026-09-14;2026-09-15;2026-09-16,Sep 3–16,37,2026-09-03,2026-09-16,,,0,0,True,2026-09-03,2026-09-17,557,557,1.0,True
Cars: 20th Anniversary,84149,anniversary_or_rerelease,rerelease,amc-alderwood-mall-16,AMC Alderwood Mall 16,confirmed_complete,2026-09-14,Monday,-11,False,complete,2026-09-03;2026-09-04;2026-09-05;2026-09-06;2026-09-07;2026-09-08;2026-09-09;2026-09-10;2026-09-11;2026-09-12;2026-09-13;2026-09-14;2026-09-15;2026-09-16,Sep 3–16,37,2026-09-03,2026-09-16,,,0,0,True,2026-09-03,2026-09-17,557,557,1.0,True
Cars: 20th Anniversary,84149,anniversary_or_rerelease,rerelease,amc-alderwood-mall-16,AMC Alderwood Mall 16,confirmed_complete,2026-09-15,Tuesday,-12,False,complete,2026-09-03;2026-09-04;2026-09-05;2026-09-06;2026-09-07;2026-09-08;2026-09-09;2026-09-10;2026-09-11;2026-09-12;2026-09-13;2026-09-14;2026-09-15;2026-09-16,Sep 3–16,37,2026-09-03,2026-09-16,,,0,0,True,2026-09-03,2026-09-17,557,557,1.0,True
Cars: 20th Anniversary,84149,anniversary_or_rerelease,rerelease,amc-alderwood-mall-16,AMC Alderwood Mall 16,confirmed_complete,2026-09-16,Wednesday,-13,False,complete,2026-09-03;2026-09-04;2026-09-05;2026-09-06;2026-09-07;2026-09-08;2026-09-09;2026-09-10;2026-09-11;2026-09-12;2026-09-13;2026-09-14;2026-09-15;2026-09-16;2026-09-17,Sep 3–17,38,2026-09-03,2026-09-17,2026-09-17,Sep 17,1,0,True,2026-09-03,2026-09-17,557,557,1.0,True
Cars: 20th Anniversary,84149,anniversary_or_rerelease,rerelease,amc-alderwood-mall-16,AMC Alderwood Mall 16,confirmed_complete,2026-09-17,Thursday,-14,False,complete,2026-09-03;2026-09-04;2026-09-05;2026-09-06;2026-09-07;2026-09-08;2026-09-09;2026-09-10;2026-09-11;2026-09-12;2026-09-13;2026-09-14;2026-09-15;2026-09-16;2026-09-17,Sep 3–17,38,2026-09-03,2026-09-17,,,0,0,True,2026-09-03,2026-09-17,557,557,1.0,True
Cars: 20th Anniversary,84149,anniversary_or_rerelease,rerelease,amc-kent-station-14,AMC Kent Station 14,confirmed_complete,2026-09-01,Tuesday,2,True,unknown,2026-09-03;2026-09-04;2026-09-05;2026-09-06;2026-09-07;2026-09-08;2026-09-09,Sep 3–9,23,2026-09-03,2026-09-09,2026-09-03;2026-09-04;2026-09-05;2026-09-06;2026-09-07;2026-09-08;2026-09-09,Sep 3–9,23,0,False,2026-09-03,2026-09-17,477,479,0.9958,True
Cars: 20th Anniversary,84149,anniversary_or_rerelease,rerelease,amc-kent-station-14,AMC Kent Station 14,confirmed_complete,2026-09-02,Wednesday,1,False,unknown,2026-09-03;2026-09-04;2026-09-05;2026-09-06;2026-09-07;2026-09-08;2026-09-09,Sep 3–9,23,2026-09-03,2026-09-09,,,0,0,False,2026-09-03,2026-09-17,479,479,1.0,True
Cars: 20th Anniversary,84149,anniversary_or_rerelease,rerelease,amc-kent-station-14,AMC Kent Station 14,confirmed_complete,2026-09-03,Thursday,0,False,complete,2026-09-03;2026-09-04;2026-09-05;2026-09-06;2026-09-07;2026-09-08;2026-09-09,Sep 3–9,23,2026-09-03,2026-09-09,,,0,0,True,2026-09-03,2026-09-17,479,479,1.0,True
Cars: 20th Anniversary,84149,anniversary_or_rerelease,rerelease,amc-kent-station-14,AMC Kent Station 14,confirmed_complete,2026-09-04,Friday,-1,False,complete,2026-09-03;2026-09-04;2026-09-05;2026-09-06;2026-09-07;2026-09-08;2026-09-09,Sep 3–9,23,2026-09-03,2026-09-09,,,0,0,True,2026-09-03,2026-09-17,479,479,1.0,True
Cars: 20th Anniversary,84149,anniversary_or_rerelease,rerelease,amc-kent-station-14,AMC Kent Station 14,confirmed_complete,2026-09-05,Saturday,-2,False,complete,2026-09-03;2026-09-04;2026-09-05;2026-09-06;2026-09-07;2026-09-08;2026-09-09,Sep 3–9,23,2026-09-03,2026-09-09,,,0,0,True,2026-09-03,2026-09-17,479,479,1.0,True
Cars: 20th Anniversary,84149,anniversary_or_rerelease,rerelease,amc-kent-station-14,AMC Kent Station 14,confirmed_complete,2026-09-06,Sunday,-3,False,complete,2026-09-03;2026-09-04;2026-09-05;2026-09-06;2026-09-07;2026-09-08;2026-09-09,Sep 3–9,23,2026-09-03,2026-09-09,,,0,0,True,2026-09-03,2026-09-17,479,479,1.0,True
Cars: 20th Anniversary,84149,anniversary_or_rerelease,rerelease,amc-kent-station-14,AMC Kent Station 14,confirmed_complete,2026-09-07,Monday,-4,False,complete,2026-09-03;2026-09-04;2026-09-05;2026-09-06;2026-09-07;2026-09-08;2026-09-09,Sep 3–9,23,2026-09-03,2026-09-09,,,0,0,True,2026-09-03,2026-09-17,479,479,1.0,True
Cars: 20th Anniversary,84149,anniversary_or_rerelease,rerelease,amc-kent-station-14,AMC Kent Station 14,confirmed_complete,2026-09-08,Tuesday,-5,False,complete,2026-09-03;2026-09-04;2026-09-05;2026-09-06;2026-09-07;2026-09-08;2026-09-09,Sep 3–9,23,2026-09-03,2026-09-09,,,0,0,True,2026-09-03,2026-09-17,479,479,1.0,True
Cars: 20th Anniversary,84149,anniversary_or_rerelease,rerelease,amc-kent-station-14,AMC Kent Station 14,confirmed_complete,2026-09-09,Wednesday,-6,False,complete,2026-09-03;2026-09-04;2026-09-05;2026-09-06;2026-09-07;2026-09-08;2026-09-09;2026-09-10;2026-09-11;2026-09-12;2026-09-13;2026-09-14;2026-09-15;2026-09-16,Sep 3–16,41,2026-09-03,2026-09-16,2026-09-10;2026-09-11;2026-09-12;2026-09-13;2026-09-14;2026-09-15;2026-09-16,Sep 10–16,18,0,True,2026-09-03,2026-09-17,479,479,1.0,True
Cars: 20th Anniversary,84149,anniversary_or_rerelease,rerelease,amc-kent-station-14,AMC Kent Station 14,confirmed_complete,2026-09-10,Thursday,-7,False,complete,2026-09-03;2026-09-04;2026-09-05;2026-09-06;2026-09-07;2026-09-08;2026-09-09;2026-09-10;2026-09-11;2026-09-12;2026-09-13;2026-09-14;2026-09-15;2026-09-16,Sep 3–16,41,2026-09-03,2026-09-16,,,0,0,True,2026-09-03,2026-09-17,479,479,1.0,True
Cars: 20th Anniversary,84149,anniversary_or_rerelease,rerelease,amc-kent-station-14,AMC Kent Station 14,confirmed_complete,2026-09-11,Friday,-8,False,complete,2026-09-03;2026-09-04;2026-09-05;2026-09-06;2026-09-07;2026-09-08;2026-09-09;2026-09-10;2026-09-11;2026-09-12;2026-09-13;2026-09-14;2026-09-15;2026-09-16,Sep 3–16,41,2026-09-03,2026-09-16,,,0,0,True,2026-09-03,2026-09-17,479,479,1.0,True
Cars: 20th Anniversary,84149,anniversary_or_rerelease,rerelease,amc-kent-station-14,AMC Kent Station 14,confirmed_complete,2026-09-12,Saturday,-9,False,complete,2026-09-03;2026-09-04;2026-09-05;2026-09-06;2026-09-07;2026-09-08;2026-09-09;2026-09-10;2026-09-11;2026-09-12;2026-09-13;2026-09-14;2026-09-15;2026-09-16,Sep 3–16,41,2026-09-03,2026-09-16,,,0,0,True,2026-09-03,2026-09-17,479,479,1.0,True
Cars: 20th Anniversary,84149,anniversary_or_rerelease,rerelease,amc-kent-station-14,AMC Kent Station 14,confirmed_complete,2026-09-13,Sunday,-10,False,complete,2026-09-03;2026-09-04;2026-09-05;2026-09-06;2026-09-07;2026-09-08;2026-09-09;2026-09-10;2026-09-11;2026-09-12;2026-09-13;2026-09-14;2026-09-15;2026-09-16,Sep 3–16,41,2026-09-03,2026-09-16,,,0,0,True,2026-09-03,2026-09-17,479,479,1.0,True
Cars: 20th Anniversary,84149,anniversary_or_rerelease,rerelease,amc-kent-station-14,AMC Kent Station 14,confirmed_complete,2026-09-14,Monday,-11,False,complete,2026-09-03;2026-09-04;2026-09-05;2026-09-06;2026-09-07;2026-09-08;2026-09-09;2026-09-10;2026-09-11;2026-09-12;2026-09-13;2026-09-14;2026-09-15;2026-09-16,Sep 3–16,41,2026-09-03,2026-09-16,,,0,0,True,2026-09-03,2026-09-17,479,479,1.0,True
Cars: 20th Anniversary,84149,anniversary_or_rerelease,rerelease,amc-kent-station-14,AMC Kent Station 14,confirmed_complete,2026-09-15,Tuesday,-12,False,complete,2026-09-03;2026-09-04;2026-09-05;2026-09-06;2026-09-07;2026-09-08;2026-09-09;2026-09-10;2026-09-11;2026-09-12;2026-09-13;2026-09-14;2026-09-15;2026-09-16;2026-09-17,Sep 3–17,43,2026-09-03,2026-09-17,2026-09-17,Sep 17,2,0,True,2026-09-03,2026-09-17,479,479,1.0,True
Cars: 20th Anniversary,84149,anniversary_or_rerelease,rerelease,amc-kent-station-14,AMC Kent Station 14,confirmed_complete,2026-09-16,Wednesday,-13,False,complete,2026-09-03;2026-09-04;2026-09-05;2026-09-06;2026-09-07;2026-09-08;2026-09-09;2026-09-10;2026-09-11;2026-09-12;2026-09-13;2026-09-14;2026-09-15;2026-09-16;2026-09-17,Sep 3–17,43,2026-09-03,2026-09-17,,,0,0,True,2026-09-03,2026-09-17,479,479,1.0,True
Cars: 20th Anniversary,84149,anniversary_or_rerelease,rerelease,amc-kent-station-14,AMC Kent Station 14,confirmed_complete,2026-09-17,Thursday,-14,False,complete,2026-09-03;2026-09-04;2026-09-05;2026-09-06;2026-09-07;2026-09-08;2026-09-09;2026-09-10;2026-09-11;2026-09-12;2026-09-13;2026-09-14;2026-09-15;2026-09-16;2026-09-17,Sep 3–17,43,2026-09-03,2026-09-17,,,0,0,True,2026-09-03,2026-09-17,479,479,1.0,True
Cars: 20th Anniversary,84149,anniversary_or_rerelease,rerelease,amc-southcenter-16,AMC Southcenter 16,confirmed_complete,2026-08-25,Tuesday,9,True,unknown,2026-09-03;2026-09-04;2026-09-05;2026-09-06;2026-09-07;2026-09-08,Sep 3–8,15,2026-09-03,2026-09-08,2026-09-03;2026-09-04;2026-09-05;2026-09-06;2026-09-07;2026-09-08,Sep 3–8,15,0,False,2026-09-03,2026-09-16,231,507,0.4556,False
Cars: 20th Anniversary,84149,anniversary_or_rerelease,rerelease,amc-southcenter-16,AMC Southcenter 16,confirmed_complete,2026-08-26,Wednesday,8,False,unknown,2026-09-03;2026-09-04;2026-09-05;2026-09-06;2026-09-07;2026-09-08;2026-09-09,Sep 3–9,17,2026-09-03,2026-09-09,2026-09-09,Sep 9,2,0,False,2026-09-03,2026-09-16,439,507,0.8659,True
Cars: 20th Anniversary,84149,anniversary_or_rerelease,rerelease,amc-southcenter-16,AMC Southcenter 16,confirmed_complete,2026-08-27,Thursday,7,False,unknown,2026-09-03;2026-09-04;2026-09-05;2026-09-06;2026-09-07;2026-09-08;2026-09-09,Sep 3–9,17,2026-09-03,2026-09-09,,,0,0,False,2026-09-03,2026-09-16,443,507,0.8738,True
Cars: 20th Anniversary,84149,anniversary_or_rerelease,rerelease,amc-southcenter-16,AMC Southcenter 16,confirmed_complete,2026-08-28,Friday,6,False,unknown,2026-09-03;2026-09-04;2026-09-05;2026-09-06;2026-09-07;2026-09-08;2026-09-09,Sep 3–9,17,2026-09-03,2026-09-09,,,0,0,False,2026-09-03,2026-09-16,456,507,0.8994,True
Cars: 20th Anniversary,84149,anniversary_or_rerelease,rerelease,amc-southcenter-16,AMC Southcenter 16,confirmed_complete,2026-08-29,Saturday,5,False,unknown,2026-09-03;2026-09-04;2026-09-05;2026-09-06;2026-09-07;2026-09-08;2026-09-09,Sep 3–9,17,2026-09-03,2026-09-09,,,0,0,False,2026-09-03,2026-09-16,463,507,0.9132,True
Cars: 20th Anniversary,84149,anniversary_or_rerelease,rerelease,amc-southcenter-16,AMC Southcenter 16,confirmed_complete,2026-08-30,Sunday,4,False,unknown,2026-09-03;2026-09-04;2026-09-05;2026-09-06;2026-09-07;2026-09-08;2026-09-09,Sep 3–9,17,2026-09-03,2026-09-09,,,0,0,False,2026-09-03,2026-09-16,469,507,0.925,True
Cars: 20th Anniversary,84149,anniversary_or_rerelease,rerelease,amc-southcenter-16,AMC Southcenter 16,confirmed_complete,2026-08-31,Monday,3,False,unknown,2026-09-03;2026-09-04;2026-09-05;2026-09-06;2026-09-07;2026-09-08;2026-09-09,Sep 3–9,17,2026-09-03,2026-09-09,,,0,0,False,2026-09-03,2026-09-16,469,507,0.925,True
Cars: 20th Anniversary,84149,anniversary_or_rerelease,rerelease,amc-southcenter-16,AMC Southcenter 16,confirmed_complete,2026-09-01,Tuesday,2,False,unknown,2026-09-03;2026-09-04;2026-09-05;2026-09-06;2026-09-07;2026-09-08;2026-09-09,Sep 3–9,17,2026-09-03,2026-09-09,,,0,0,False,2026-09-03,2026-09-16,469,507,0.925,True
Cars: 20th Anniversary,84149,anniversary_or_rerelease,rerelease,amc-southcenter-16,AMC Southcenter 16,confirmed_complete,2026-09-02,Wednesday,1,False,unknown,2026-09-03;2026-09-04;2026-09-05;2026-09-06;2026-09-07;2026-09-08;2026-09-09,Sep 3–9,17,2026-09-03,2026-09-09,,,0,0,False,2026-09-03,2026-09-16,505,507,0.9961,True
Cars: 20th Anniversary,84149,anniversary_or_rerelease,rerelease,amc-southcenter-16,AMC Southcenter 16,confirmed_complete,2026-09-03,Thursday,0,False,complete,2026-09-03;2026-09-04;2026-09-05;2026-09-06;2026-09-07;2026-09-08;2026-09-09,Sep 3–9,17,2026-09-03,2026-09-09,,,0,0,True,2026-09-03,2026-09-16,507,507,1.0,True
Cars: 20th Anniversary,84149,anniversary_or_rerelease,rerelease,amc-southcenter-16,AMC Southcenter 16,confirmed_complete,2026-09-04,Friday,-1,False,complete,2026-09-03;2026-09-04;2026-09-05;2026-09-06;2026-09-07;2026-09-08;2026-09-09,Sep 3–9,17,2026-09-03,2026-09-09,,,0,0,True,2026-09-03,2026-09-16,507,507,1.0,True
Cars: 20th Anniversary,84149,anniversary_or_rerelease,rerelease,amc-southcenter-16,AMC Southcenter 16,confirmed_complete,2026-09-05,Saturday,-2,False,complete,2026-09-03;2026-09-04;2026-09-05;2026-09-06;2026-09-07;2026-09-08;2026-09-09,Sep 3–9,17,2026-09-03,2026-09-09,,,0,0,True,2026-09-03,2026-09-16,507,507,1.0,True
Cars: 20th Anniversary,84149,anniversary_or_rerelease,rerelease,amc-southcenter-16,AMC Southcenter 16,confirmed_complete,2026-09-06,Sunday,-3,False,complete,2026-09-03;2026-09-04;2026-09-05;2026-09-06;2026-09-07;2026-09-08;2026-09-09,Sep 3–9,20,2026-09-03,2026-09-09,,,3,0,True,2026-09-03,2026-09-16,507,507,1.0,True
Cars: 20th Anniversary,84149,anniversary_or_rerelease,rerelease,amc-southcenter-16,AMC Southcenter 16,confirmed_complete,2026-09-07,Monday,-4,False,complete,2026-09-03;2026-09-04;2026-09-05;2026-09-06;2026-09-07;2026-09-08;2026-09-09,Sep 3–9,20,2026-09-03,2026-09-09,,,0,0,True,2026-09-03,2026-09-16,507,507,1.0,True
Cars: 20th Anniversary,84149,anniversary_or_rerelease,rerelease,amc-southcenter-16,AMC Southcenter 16,confirmed_complete,2026-09-08,Tuesday,-5,False,complete,2026-09-03;2026-09-04;2026-09-05;2026-09-06;2026-09-07;2026-09-08;2026-09-09,Sep 3–9,20,2026-09-03,2026-09-09,,,0,0,True,2026-09-03,2026-09-16,507,507,1.0,True
Cars: 20th Anniversary,84149,anniversary_or_rerelease,rerelease,amc-southcenter-16,AMC Southcenter 16,confirmed_complete,2026-09-09,Wednesday,-6,False,complete,2026-09-03;2026-09-04;2026-09-05;2026-09-06;2026-09-07;2026-09-08;2026-09-09;2026-09-10;2026-09-11;2026-09-12;2026-09-13;2026-09-14;2026-09-15;2026-09-16,Sep 3–16,31,2026-09-03,2026-09-16,2026-09-10;2026-09-11;2026-09-12;2026-09-13;2026-09-14;2026-09-15;2026-09-16,Sep 10–16,11,0,True,2026-09-03,2026-09-16,507,507,1.0,True
Cars: 20th Anniversary,84149,anniversary_or_rerelease,rerelease,amc-southcenter-16,AMC Southcenter 16,confirmed_complete,2026-09-10,Thursday,-7,False,complete,2026-09-03;2026-09-04;2026-09-05;2026-09-06;2026-09-07;2026-09-08;2026-09-09;2026-09-10;2026-09-11;2026-09-12;2026-09-13;2026-09-14;2026-09-15;2026-09-16,Sep 3–16,31,2026-09-03,2026-09-16,,,0,0,True,2026-09-03,2026-09-16,507,507,1.0,True
Cars: 20th Anniversary,84149,anniversary_or_rerelease,rerelease,amc-southcenter-16,AMC Southcenter 16,confirmed_complete,2026-09-11,Friday,-8,False,complete,2026-09-03;2026-09-04;2026-09-05;2026-09-06;2026-09-07;2026-09-08;2026-09-09;2026-09-10;2026-09-11;2026-09-12;2026-09-13;2026-09-14;2026-09-15;2026-09-16,Sep 3–16,31,2026-09-03,2026-09-16,,,0,0,True,2026-09-03,2026-09-16,507,507,1.0,True
Cars: 20th Anniversary,84149,anniversary_or_rerelease,rerelease,amc-southcenter-16,AMC Southcenter 16,confirmed_complete,2026-09-12,Saturday,-9,False,complete,2026-09-03;2026-09-04;2026-09-05;2026-09-06;2026-09-07;2026-09-08;2026-09-09;2026-09-10;2026-09-11;2026-09-12;2026-09-13;2026-09-14;2026-09-15;2026-09-16,Sep 3–16,31,2026-09-03,2026-09-16,,,0,0,True,2026-09-03,2026-09-16,507,507,1.0,True
Cars: 20th Anniversary,84149,anniversary_or_rerelease,rerelease,amc-southcenter-16,AMC Southcenter 16,confirmed_complete,2026-09-13,Sunday,-10,False,complete,2026-09-03;2026-09-04;2026-09-05;2026-09-06;2026-09-07;2026-09-08;2026-09-09;2026-09-10;2026-09-11;2026-09-12;2026-09-13;2026-09-14;2026-09-15;2026-09-16,Sep 3–16,31,2026-09-03,2026-09-16,,,0,0,True,2026-09-03,2026-09-16,507,507,1.0,True
Cars: 20th Anniversary,84149,anniversary_or_rerelease,rerelease,amc-southcenter-16,AMC Southcenter 16,confirmed_complete,2026-09-14,Monday,-11,False,complete,2026-09-03;2026-09-04;2026-09-05;2026-09-06;2026-09-07;2026-09-08;2026-09-09;2026-09-10;2026-09-11;2026-09-12;2026-09-13;2026-09-14;2026-09-15;2026-09-16,Sep 3–16,31,2026-09-03,2026-09-16,,,0,0,True,2026-09-03,2026-09-16,507,507,1.0,True
Cars: 20th Anniversary,84149,anniversary_or_rerelease,rerelease,amc-southcenter-16,AMC Southcenter 16,confirmed_complete,2026-09-15,Tuesday,-12,False,complete,2026-09-03;2026-09-04;2026-09-05;2026-09-06;2026-09-07;2026-09-08;2026-09-09;2026-09-10;2026-09-11;2026-09-12;2026-09-13;2026-09-14;2026-09-15;2026-09-16,Sep 3–16,31,2026-09-03,2026-09-16,,,0,0,True,2026-09-03,2026-09-16,507,507,1.0,True
Cars: 20th Anniversary,84149,anniversary_or_rerelease,rerelease,amc-southcenter-16,AMC Southcenter 16,confirmed_complete,2026-09-16,Wednesday,-13,False,complete,2026-09-03;2026-09-04;2026-09-05;2026-09-06;2026-09-07;2026-09-08;2026-09-09;2026-09-10;2026-09-11;2026-09-12;2026-09-13;2026-09-14;2026-09-15;2026-09-16,Sep 3–16,31,2026-09-03,2026-09-16,,,0,0,True,2026-09-03,2026-09-16,507,507,1.0,True
Cars: 20th Anniversary,84149,anniversary_or_rerelease,rerelease,amc-woodinville-12,AMC Woodinville 12,confirmed_complete,2026-09-01,Tuesday,2,True,unknown,2026-09-03;2026-09-04;2026-09-05;2026-09-06;2026-09-07;2026-09-08;2026-09-09,Sep 3–9,7,2026-09-03,2026-09-09,2026-09-03;2026-09-04;2026-09-05;2026-09-06;2026-09-07;2026-09-08;2026-09-09,Sep 3–9,7,0,False,2026-09-03,2026-09-17,393,397,0.9899,True
Cars: 20th Anniversary,84149,anniversary_or_rerelease,rerelease,amc-woodinville-12,AMC Woodinville 12,confirmed_complete,2026-09-02,Wednesday,1,False,unknown,2026-09-03;2026-09-04;2026-09-05;2026-09-06;2026-09-07;2026-09-08;2026-09-09,Sep 3–9,7,2026-09-03,2026-09-09,,,0,0,False,2026-09-03,2026-09-17,395,397,0.995,True
Cars: 20th Anniversary,84149,anniversary_or_rerelease,rerelease,amc-woodinville-12,AMC Woodinville 12,confirmed_complete,2026-09-03,Thursday,0,False,complete,2026-09-03;2026-09-04;2026-09-05;2026-09-06;2026-09-07;2026-09-08;2026-09-09,Sep 3–9,7,2026-09-03,2026-09-09,,,0,0,True,2026-09-03,2026-09-17,397,397,1.0,True
Cars: 20th Anniversary,84149,anniversary_or_rerelease,rerelease,amc-woodinville-12,AMC Woodinville 12,confirmed_complete,2026-09-04,Friday,-1,False,complete,2026-09-03;2026-09-04;2026-09-05;2026-09-06;2026-09-07;2026-09-08;2026-09-09,Sep 3–9,7,2026-09-03,2026-09-09,,,0,0,True,2026-09-03,2026-09-17,397,397,1.0,True
Cars: 20th Anniversary,84149,anniversary_or_rerelease,rerelease,amc-woodinville-12,AMC Woodinville 12,confirmed_complete,2026-09-05,Saturday,-2,False,complete,2026-09-03;2026-09-04;2026-09-05;2026-09-06;2026-09-07;2026-09-08;2026-09-09,Sep 3–9,7,2026-09-03,2026-09-09,,,0,0,True,2026-09-03,2026-09-17,397,397,1.0,True
Cars: 20th Anniversary,84149,anniversary_or_rerelease,rerelease,amc-woodinville-12,AMC Woodinville 12,confirmed_complete,2026-09-06,Sunday,-3,False,complete,2026-09-03;2026-09-04;2026-09-05;2026-09-06;2026-09-07;2026-09-08;2026-09-09,Sep 3–9,7,2026-09-03,2026-09-09,,,0,0,True,2026-09-03,2026-09-17,397,397,1.0,True
Cars: 20th Anniversary,84149,anniversary_or_rerelease,rerelease,amc-woodinville-12,AMC Woodinville 12,confirmed_complete,2026-09-07,Monday,-4,False,complete,2026-09-03;2026-09-04;2026-09-05;2026-09-06;2026-09-07;2026-09-08;2026-09-09,Sep 3–9,7,2026-09-03,2026-09-09,,,0,0,True,2026-09-03,2026-09-17,397,397,1.0,True
Cars: 20th Anniversary,84149,anniversary_or_rerelease,rerelease,amc-woodinville-12,AMC Woodinville 12,confirmed_complete,2026-09-08,Tuesday,-5,False,complete,2026-09-03;2026-09-04;2026-09-05;2026-09-06;2026-09-07;2026-09-08;2026-09-09,Sep 3–9,7,2026-09-03,2026-09-09,,,0,0,True,2026-09-03,2026-09-17,397,397,1.0,True
Cars: 20th Anniversary,84149,anniversary_or_rerelease,rerelease,amc-woodinville-12,AMC Woodinville 12,confirmed_complete,2026-09-09,Wednesday,-6,False,complete,2026-09-03;2026-09-04;2026-09-05;2026-09-06;2026-09-07;2026-09-08;2026-09-09;2026-09-10;2026-09-11;2026-09-12;2026-09-13;2026-09-14;2026-09-15;2026-09-16,Sep 3–16,14,2026-09-03,2026-09-16,2026-09-10;2026-09-11;2026-09-12;2026-09-13;2026-09-14;2026-09-15;2026-09-16,Sep 10–16,7,0,True,2026-09-03,2026-09-17,397,397,1.0,True
Cars: 20th Anniversary,84149,anniversary_or_rerelease,rerelease,amc-woodinville-12,AMC Woodinville 12,confirmed_complete,2026-09-10,Thursday,-7,False,complete,2026-09-03;2026-09-04;2026-09-05;2026-09-06;2026-09-07;2026-09-08;2026-09-09;2026-09-10;2026-09-11;2026-09-12;2026-09-13;2026-09-14;2026-09-15;2026-09-16,Sep 3–16,14,2026-09-03,2026-09-16,,,0,0,True,2026-09-03,2026-09-17,397,397,1.0,True
Cars: 20th Anniversary,84149,anniversary_or_rerelease,rerelease,amc-woodinville-12,AMC Woodinville 12,confirmed_complete,2026-09-11,Friday,-8,False,complete,2026-09-03;2026-09-04;2026-09-05;2026-09-06;2026-09-07;2026-09-08;2026-09-09;2026-09-10;2026-09-11;2026-09-12;2026-09-13;2026-09-14;2026-09-15;2026-09-16,Sep 3–16,14,2026-09-03,2026-09-16,,,0,0,True,2026-09-03,2026-09-17,397,397,1.0,True
Cars: 20th Anniversary,84149,anniversary_or_rerelease,rerelease,amc-woodinville-12,AMC Woodinville 12,confirmed_complete,2026-09-12,Saturday,-9,False,complete,2026-09-03;2026-09-04;2026-09-05;2026-09-06;2026-09-07;2026-09-08;2026-09-09;2026-09-10;2026-09-11;2026-09-12;2026-09-13;2026-09-14;2026-09-15;2026-09-16,Sep 3–16,14,2026-09-03,2026-09-16,,,0,0,True,2026-09-03,2026-09-17,397,397,1.0,True
Cars: 20th Anniversary,84149,anniversary_or_rerelease,rerelease,amc-woodinville-12,AMC Woodinville 12,confirmed_complete,2026-09-13,Sunday,-10,False,complete,2026-09-03;2026-09-04;2026-09-05;2026-09-06;2026-09-07;2026-09-08;2026-09-09;2026-09-10;2026-09-11;2026-09-12;2026-09-13;2026-09-14;2026-09-15;2026-09-16,Sep 3–16,14,2026-09-03,2026-09-16,,,0,0,True,2026-09-03,2026-09-17,397,397,1.0,True
Cars: 20th Anniversary,84149,anniversary_or_rerelease,rerelease,amc-woodinville-12,AMC Woodinville 12,confirmed_complete,2026-09-14,Monday,-11,False,complete,2026-09-03;2026-09-04;2026-09-05;2026-09-06;2026-09-07;2026-09-08;2026-09-09;2026-09-10;2026-09-11;2026-09-12;2026-09-13;2026-09-14;2026-09-15;2026-09-16,Sep 3–16,14,2026-09-03,2026-09-16,,,0,0,True,2026-09-03,2026-09-17,397,397,1.0,True
Cars: 20th Anniversary,84149,anniversary_or_rerelease,rerelease,amc-woodinville-12,AMC Woodinville 12,confirmed_complete,2026-09-15,Tuesday,-12,False,complete,2026-09-03;2026-09-04;2026-09-05;2026-09-06;2026-09-07;2026-09-08;2026-09-09;2026-09-10;2026-09-11;2026-09-12;2026-09-13;2026-09-14;2026-09-15;2026-09-16;2026-09-17,Sep 3–17,15,2026-09-03,2026-09-17,2026-09-17,Sep 17,1,0,True,2026-09-03,2026-09-17,397,397,1.0,True
Cars: 20th Anniversary,84149,anniversary_or_rerelease,rerelease,amc-woodinville-12,AMC Woodinville 12,confirmed_complete,2026-09-16,Wednesday,-13,False,complete,2026-09-03;2026-09-04;2026-09-05;2026-09-06;2026-09-07;2026-09-08;2026-09-09;2026-09-10;2026-09-11;2026-09-12;2026-09-13;2026-09-14;2026-09-15;2026-09-16;2026-09-17,Sep 3–17,15,2026-09-03,2026-09-17,,,0,0,True,2026-09-03,2026-09-17,397,397,1.0,True
Cars: 20th Anniversary,84149,anniversary_or_rerelease,rerelease,amc-woodinville-12,AMC Woodinville 12,confirmed_complete,2026-09-17,Thursday,-14,False,complete,2026-09-03;2026-09-04;2026-09-05;2026-09-06;2026-09-07;2026-09-08;2026-09-09;2026-09-10;2026-09-11;2026-09-12;2026-09-13;2026-09-14;2026-09-15;2026-09-16;2026-09-17,Sep 3–17,15,2026-09-03,2026-09-17,,,0,0,True,2026-09-03,2026-09-17,397,397,1.0,True
Castle in the Sky 40th Anniversary - Studio Ghibli Fest 2026,83589,anniversary_or_rerelease,rerelease,amc-alderwood-mall-16,AMC Alderwood Mall 16,confirmed_complete,2026-08-08,Saturday,14,True,unknown,2026-08-22,Aug 22,1,2026-08-22,2026-08-22,2026-08-22,Aug 22,1,0,False,2026-08-22,2026-08-26,58,611,0.0949,False
Castle in the Sky 40th Anniversary - Studio Ghibli Fest 2026,83589,anniversary_or_rerelease,rerelease,amc-alderwood-mall-16,AMC Alderwood Mall 16,confirmed_complete,2026-08-09,Sunday,13,False,unknown,2026-08-22;2026-08-23,Aug 22–23,3,2026-08-22,2026-08-23,2026-08-23,Aug 23,2,0,False,2026-08-22,2026-08-26,90,611,0.1473,False
Castle in the Sky 40th Anniversary - Studio Ghibli Fest 2026,83589,anniversary_or_rerelease,rerelease,amc-alderwood-mall-16,AMC Alderwood Mall 16,confirmed_complete,2026-08-10,Monday,12,False,unknown,2026-08-22;2026-08-23;2026-08-24,Aug 22–24,4,2026-08-22,2026-08-24,2026-08-24,Aug 24,1,0,False,2026-08-22,2026-08-26,119,611,0.1948,False
Castle in the Sky 40th Anniversary - Studio Ghibli Fest 2026,83589,anniversary_or_rerelease,rerelease,amc-alderwood-mall-16,AMC Alderwood Mall 16,confirmed_complete,2026-08-11,Tuesday,11,False,unknown,2026-08-22;2026-08-23;2026-08-24;2026-08-25,Aug 22–25,5,2026-08-22,2026-08-25,2026-08-25,Aug 25,1,0,False,2026-08-22,2026-08-26,150,611,0.2455,False
Castle in the Sky 40th Anniversary - Studio Ghibli Fest 2026,83589,anniversary_or_rerelease,rerelease,amc-alderwood-mall-16,AMC Alderwood Mall 16,confirmed_complete,2026-08-12,Wednesday,10,False,unknown,2026-08-22;2026-08-23;2026-08-24;2026-08-25;2026-08-26,Aug 22–26,6,2026-08-22,2026-08-26,2026-08-26,Aug 26,1,0,False,2026-08-22,2026-08-26,209,611,0.3421,False
Castle in the Sky 40th Anniversary - Studio Ghibli Fest 2026,83589,anniversary_or_rerelease,rerelease,amc-alderwood-mall-16,AMC Alderwood Mall 16,confirmed_complete,2026-08-13,Thursday,9,False,unknown,2026-08-22;2026-08-23;2026-08-24;2026-08-25;2026-08-26,Aug 22–26,6,2026-08-22,2026-08-26,,,0,0,False,2026-08-22,2026-08-26,258,611,0.4223,False
Castle in the Sky 40th Anniversary - Studio Ghibli Fest 2026,83589,anniversary_or_rerelease,rerelease,amc-alderwood-mall-16,AMC Alderwood Mall 16,confirmed_complete,2026-08-14,Friday,8,False,unknown,2026-08-22;2026-08-23;2026-08-24;2026-08-25;2026-08-26,Aug 22–26,6,2026-08-22,2026-08-26,,,0,0,False,2026-08-22,2026-08-26,258,611,0.4223,False
Castle in the Sky 40th Anniversary - Studio Ghibli Fest 2026,83589,anniversary_or_rerelease,rerelease,amc-alderwood-mall-16,AMC Alderwood Mall 16,confirmed_complete,2026-08-15,Saturday,7,False,unknown,2026-08-22;2026-08-23;2026-08-24;2026-08-25;2026-08-26,Aug 22–26,6,2026-08-22,2026-08-26,,,0,0,False,2026-08-22,2026-08-26,259,611,0.4239,False
Castle in the Sky 40th Anniversary - Studio Ghibli Fest 2026,83589,anniversary_or_rerelease,rerelease,amc-alderwood-mall-16,AMC Alderwood Mall 16,confirmed_complete,2026-08-16,Sunday,6,False,unknown,2026-08-22;2026-08-23;2026-08-24;2026-08-25;2026-08-26,Aug 22–26,6,2026-08-22,2026-08-26,,,0,0,False,2026-08-22,2026-08-26,259,611,0.4239,False
Castle in the Sky 40th Anniversary - Studio Ghibli Fest 2026,83589,anniversary_or_rerelease,rerelease,amc-alderwood-mall-16,AMC Alderwood Mall 16,confirmed_complete,2026-08-17,Monday,5,False,unknown,2026-08-22;2026-08-23;2026-08-24;2026-08-25;2026-08-26,Aug 22–26,6,2026-08-22,2026-08-26,,,0,0,False,2026-08-22,2026-08-26,259,611,0.4239,False
Castle in the Sky 40th Anniversary - Studio Ghibli Fest 2026,83589,anniversary_or_rerelease,rerelease,amc-alderwood-mall-16,AMC Alderwood Mall 16,confirmed_complete,2026-08-18,Tuesday,4,False,unknown,2026-08-22;2026-08-23;2026-08-24;2026-08-25;2026-08-26,Aug 22–26,6,2026-08-22,2026-08-26,,,0,0,False,2026-08-22,2026-08-26,259,611,0.4239,False
Castle in the Sky 40th Anniversary - Studio Ghibli Fest 2026,83589,anniversary_or_rerelease,rerelease,amc-alderwood-mall-16,AMC Alderwood Mall 16,confirmed_complete,2026-08-19,Wednesday,3,False,unknown,2026-08-22;2026-08-23;2026-08-24;2026-08-25;2026-08-26,Aug 22–26,6,2026-08-22,2026-08-26,,,0,0,False,2026-08-22,2026-08-26,556,611,0.91,True
Castle in the Sky 40th Anniversary - Studio Ghibli Fest 2026,83589,anniversary_or_rerelease,rerelease,amc-alderwood-mall-16,AMC Alderwood Mall 16,confirmed_complete,2026-08-20,Thursday,2,False,unknown,2026-08-22;2026-08-23;2026-08-24;2026-08-25;2026-08-26,Aug 22–26,6,2026-08-22,2026-08-26,,,0,0,False,2026-08-22,2026-08-26,556,611,0.91,True
Castle in the Sky 40th Anniversary - Studio Ghibli Fest 2026,83589,anniversary_or_rerelease,rerelease,amc-alderwood-mall-16,AMC Alderwood Mall 16,confirmed_complete,2026-08-21,Friday,1,False,unknown,2026-08-22;2026-08-23;2026-08-24;2026-08-25;2026-08-26,Aug 22–26,6,2026-08-22,2026-08-26,,,0,0,False,2026-08-22,2026-08-26,556,611,0.91,True
Castle in the Sky 40th Anniversary - Studio Ghibli Fest 2026,83589,anniversary_or_rerelease,rerelease,amc-alderwood-mall-16,AMC Alderwood Mall 16,confirmed_complete,2026-08-22,Saturday,0,False,unknown,2026-08-22;2026-08-23;2026-08-24;2026-08-25;2026-08-26,Aug 22–26,6,2026-08-22,2026-08-26,,,0,0,False,2026-08-22,2026-08-26,560,611,0.9165,True
Castle in the Sky 40th Anniversary - Studio Ghibli Fest 2026,83589,anniversary_or_rerelease,rerelease,amc-alderwood-mall-16,AMC Alderwood Mall 16,confirmed_complete,2026-08-23,Sunday,-1,False,unknown,2026-08-22;2026-08-23;2026-08-24;2026-08-25;2026-08-26,Aug 22–26,6,2026-08-22,2026-08-26,,,0,0,False,2026-08-22,2026-08-26,560,611,0.9165,True
Castle in the Sky 40th Anniversary - Studio Ghibli Fest 2026,83589,anniversary_or_rerelease,rerelease,amc-alderwood-mall-16,AMC Alderwood Mall 16,confirmed_complete,2026-08-24,Monday,-2,False,unknown,2026-08-22;2026-08-23;2026-08-24;2026-08-25;2026-08-26,Aug 22–26,6,2026-08-22,2026-08-26,,,0,0,False,2026-08-22,2026-08-26,560,611,0.9165,True
Castle in the Sky 40th Anniversary - Studio Ghibli Fest 2026,83589,anniversary_or_rerelease,rerelease,amc-alderwood-mall-16,AMC Alderwood Mall 16,confirmed_complete,2026-08-25,Tuesday,-3,False,unknown,2026-08-22;2026-08-23;2026-08-24;2026-08-25;2026-08-26,Aug 22–26,6,2026-08-22,2026-08-26,,,0,0,False,2026-08-22,2026-08-26,560,611,0.9165,True
Castle in the Sky 40th Anniversary - Studio Ghibli Fest 2026,83589,anniversary_or_rerelease,rerelease,amc-alderwood-mall-16,AMC Alderwood Mall 16,confirmed_complete,2026-08-26,Wednesday,-4,False,unknown,2026-08-22;2026-08-23;2026-08-24;2026-08-25;2026-08-26,Aug 22–26,6,2026-08-22,2026-08-26,,,0,0,False,2026-08-22,2026-08-26,611,611,1.0,True
Castle in the Sky 40th Anniversary - Studio Ghibli Fest 2026,83589,anniversary_or_rerelease,rerelease,amc-kent-station-14,AMC Kent Station 14,confirmed_complete,2026-08-08,Saturday,14,True,unknown,2026-08-22,Aug 22,1,2026-08-22,2026-08-22,2026-08-22,Aug 22,1,0,False,2026-08-22,2026-08-26,33,523,0.0631,False
Castle in the Sky 40th Anniversary - Studio Ghibli Fest 2026,83589,anniversary_or_rerelease,rerelease,amc-kent-station-14,AMC Kent Station 14,confirmed_complete,2026-08-09,Sunday,13,False,unknown,2026-08-22;2026-08-23,Aug 22–23,3,2026-08-22,2026-08-23,2026-08-23,Aug 23,2,0,False,2026-08-22,2026-08-26,52,523,0.0994,False
Castle in the Sky 40th Anniversary - Studio Ghibli Fest 2026,83589,anniversary_or_rerelease,rerelease,amc-kent-station-14,AMC Kent Station 14,confirmed_complete,2026-08-10,Monday,12,False,unknown,2026-08-22;2026-08-23;2026-08-24,Aug 22–24,4,2026-08-22,2026-08-24,2026-08-24,Aug 24,1,0,False,2026-08-22,2026-08-26,69,523,0.1319,False
Castle in the Sky 40th Anniversary - Studio Ghibli Fest 2026,83589,anniversary_or_rerelease,rerelease,amc-kent-station-14,AMC Kent Station 14,confirmed_complete,2026-08-11,Tuesday,11,False,unknown,2026-08-22;2026-08-23;2026-08-24;2026-08-25,Aug 22–25,5,2026-08-22,2026-08-25,2026-08-25,Aug 25,1,0,False,2026-08-22,2026-08-26,87,523,0.1663,False
Castle in the Sky 40th Anniversary - Studio Ghibli Fest 2026,83589,anniversary_or_rerelease,rerelease,amc-kent-station-14,AMC Kent Station 14,confirmed_complete,2026-08-12,Wednesday,10,False,unknown,2026-08-22;2026-08-23;2026-08-24;2026-08-25;2026-08-26,Aug 22–26,6,2026-08-22,2026-08-26,2026-08-26,Aug 26,1,0,False,2026-08-22,2026-08-26,108,523,0.2065,False
Castle in the Sky 40th Anniversary - Studio Ghibli Fest 2026,83589,anniversary_or_rerelease,rerelease,amc-kent-station-14,AMC Kent Station 14,confirmed_complete,2026-08-13,Thursday,9,False,unknown,2026-08-22;2026-08-23;2026-08-24;2026-08-25;2026-08-26,Aug 22–26,6,2026-08-22,2026-08-26,,,0,0,False,2026-08-22,2026-08-26,155,523,0.2964,False
Castle in the Sky 40th Anniversary - Studio Ghibli Fest 2026,83589,anniversary_or_rerelease,rerelease,amc-kent-station-14,AMC Kent Station 14,confirmed_complete,2026-08-14,Friday,8,False,unknown,2026-08-22;2026-08-23;2026-08-24;2026-08-25;2026-08-26,Aug 22–26,6,2026-08-22,2026-08-26,,,0,0,False,2026-08-22,2026-08-26,155,523,0.2964,False
Castle in the Sky 40th Anniversary - Studio Ghibli Fest 2026,83589,anniversary_or_rerelease,rerelease,amc-kent-station-14,AMC Kent Station 14,confirmed_complete,2026-08-15,Saturday,7,False,unknown,2026-08-22;2026-08-23;2026-08-24;2026-08-25;2026-08-26,Aug 22–26,6,2026-08-22,2026-08-26,,,0,0,False,2026-08-22,2026-08-26,155,523,0.2964,False
Castle in the Sky 40th Anniversary - Studio Ghibli Fest 2026,83589,anniversary_or_rerelease,rerelease,amc-kent-station-14,AMC Kent Station 14,confirmed_complete,2026-08-16,Sunday,6,False,unknown,2026-08-22;2026-08-23;2026-08-24;2026-08-25;2026-08-26,Aug 22–26,6,2026-08-22,2026-08-26,,,0,0,False,2026-08-22,2026-08-26,155,523,0.2964,False
Castle in the Sky 40th Anniversary - Studio Ghibli Fest 2026,83589,anniversary_or_rerelease,rerelease,amc-kent-station-14,AMC Kent Station 14,confirmed_complete,2026-08-17,Monday,5,False,unknown,2026-08-22;2026-08-23;2026-08-24;2026-08-25;2026-08-26,Aug 22–26,6,2026-08-22,2026-08-26,,,0,0,False,2026-08-22,2026-08-26,155,523,0.2964,False
Castle in the Sky 40th Anniversary - Studio Ghibli Fest 2026,83589,anniversary_or_rerelease,rerelease,amc-kent-station-14,AMC Kent Station 14,confirmed_complete,2026-08-18,Tuesday,4,False,unknown,2026-08-22;2026-08-23;2026-08-24;2026-08-25;2026-08-26,Aug 22–26,6,2026-08-22,2026-08-26,,,0,0,False,2026-08-22,2026-08-26,467,523,0.8929,True
Castle in the Sky 40th Anniversary - Studio Ghibli Fest 2026,83589,anniversary_or_rerelease,rerelease,amc-kent-station-14,AMC Kent Station 14,confirmed_complete,2026-08-19,Wednesday,3,False,unknown,2026-08-22;2026-08-23;2026-08-24;2026-08-25;2026-08-26,Aug 22–26,6,2026-08-22,2026-08-26,,,0,0,False,2026-08-22,2026-08-26,467,523,0.8929,True
Castle in the Sky 40th Anniversary - Studio Ghibli Fest 2026,83589,anniversary_or_rerelease,rerelease,amc-kent-station-14,AMC Kent Station 14,confirmed_complete,2026-08-20,Thursday,2,False,unknown,2026-08-22;2026-08-23;2026-08-24;2026-08-25;2026-08-26,Aug 22–26,6,2026-08-22,2026-08-26,,,0,0,False,2026-08-22,2026-08-26,467,523,0.8929,True
Castle in the Sky 40th Anniversary - Studio Ghibli Fest 2026,83589,anniversary_or_rerelease,rerelease,amc-kent-station-14,AMC Kent Station 14,confirmed_complete,2026-08-21,Friday,1,False,unknown,2026-08-22;2026-08-23;2026-08-24;2026-08-25;2026-08-26,Aug 22–26,6,2026-08-22,2026-08-26,,,0,0,False,2026-08-22,2026-08-26,467,523,0.8929,True
Castle in the Sky 40th Anniversary - Studio Ghibli Fest 2026,83589,anniversary_or_rerelease,rerelease,amc-kent-station-14,AMC Kent Station 14,confirmed_complete,2026-08-22,Saturday,0,False,unknown,2026-08-22;2026-08-23;2026-08-24;2026-08-25;2026-08-26,Aug 22–26,6,2026-08-22,2026-08-26,,,0,0,False,2026-08-22,2026-08-26,469,523,0.8967,True
Castle in the Sky 40th Anniversary - Studio Ghibli Fest 2026,83589,anniversary_or_rerelease,rerelease,amc-kent-station-14,AMC Kent Station 14,confirmed_complete,2026-08-23,Sunday,-1,False,unknown,2026-08-22;2026-08-23;2026-08-24;2026-08-25;2026-08-26,Aug 22–26,6,2026-08-22,2026-08-26,,,0,0,False,2026-08-22,2026-08-26,471,523,0.9006,True
Castle in the Sky 40th Anniversary - Studio Ghibli Fest 2026,83589,anniversary_or_rerelease,rerelease,amc-kent-station-14,AMC Kent Station 14,confirmed_complete,2026-08-24,Monday,-2,False,unknown,2026-08-22;2026-08-23;2026-08-24;2026-08-25;2026-08-26,Aug 22–26,6,2026-08-22,2026-08-26,,,0,0,False,2026-08-22,2026-08-26,471,523,0.9006,True
Castle in the Sky 40th Anniversary - Studio Ghibli Fest 2026,83589,anniversary_or_rerelease,rerelease,amc-kent-station-14,AMC Kent Station 14,confirmed_complete,2026-08-25,Tuesday,-3,False,unknown,2026-08-22;2026-08-23;2026-08-24;2026-08-25;2026-08-26,Aug 22–26,6,2026-08-22,2026-08-26,,,0,0,False,2026-08-22,2026-08-26,522,523,0.9981,True
Castle in the Sky 40th Anniversary - Studio Ghibli Fest 2026,83589,anniversary_or_rerelease,rerelease,amc-kent-station-14,AMC Kent Station 14,confirmed_complete,2026-08-26,Wednesday,-4,False,unknown,2026-08-22;2026-08-23;2026-08-24;2026-08-25;2026-08-26,Aug 22–26,6,2026-08-22,2026-08-26,,,0,0,False,2026-08-22,2026-08-26,522,523,0.9981,True
Castle in the Sky 40th Anniversary - Studio Ghibli Fest 2026,83589,anniversary_or_rerelease,rerelease,amc-southcenter-16,AMC Southcenter 16,confirmed_complete,2026-08-08,Saturday,14,True,unknown,2026-08-22,Aug 22,1,2026-08-22,2026-08-22,2026-08-22,Aug 22,1,0,False,2026-08-22,2026-08-26,65,543,0.1197,False
Castle in the Sky 40th Anniversary - Studio Ghibli Fest 2026,83589,anniversary_or_rerelease,rerelease,amc-southcenter-16,AMC Southcenter 16,confirmed_complete,2026-08-09,Sunday,13,False,unknown,2026-08-22;2026-08-23,Aug 22–23,3,2026-08-22,2026-08-23,2026-08-23,Aug 23,2,0,False,2026-08-22,2026-08-26,102,543,0.1878,False
Castle in the Sky 40th Anniversary - Studio Ghibli Fest 2026,83589,anniversary_or_rerelease,rerelease,amc-southcenter-16,AMC Southcenter 16,confirmed_complete,2026-08-10,Monday,12,False,unknown,2026-08-22;2026-08-23;2026-08-24,Aug 22–24,4,2026-08-22,2026-08-24,2026-08-24,Aug 24,1,0,False,2026-08-22,2026-08-26,134,543,0.2468,False
Castle in the Sky 40th Anniversary - Studio Ghibli Fest 2026,83589,anniversary_or_rerelease,rerelease,amc-southcenter-16,AMC Southcenter 16,confirmed_complete,2026-08-11,Tuesday,11,False,unknown,2026-08-22;2026-08-23;2026-08-24;2026-08-25,Aug 22–25,5,2026-08-22,2026-08-25,2026-08-25,Aug 25,1,0,False,2026-08-22,2026-08-26,169,543,0.3112,False
Castle in the Sky 40th Anniversary - Studio Ghibli Fest 2026,83589,anniversary_or_rerelease,rerelease,amc-southcenter-16,AMC Southcenter 16,confirmed_complete,2026-08-12,Wednesday,10,False,unknown,2026-08-22;2026-08-23;2026-08-24;2026-08-25;2026-08-26,Aug 22–26,6,2026-08-22,2026-08-26,2026-08-26,Aug 26,1,0,False,2026-08-22,2026-08-26,233,543,0.4291,False
Castle in the Sky 40th Anniversary - Studio Ghibli Fest 2026,83589,anniversary_or_rerelease,rerelease,amc-southcenter-16,AMC Southcenter 16,confirmed_complete,2026-08-13,Thursday,9,False,unknown,2026-08-22;2026-08-23;2026-08-24;2026-08-25;2026-08-26,Aug 22–26,6,2026-08-22,2026-08-26,,,0,0,False,2026-08-22,2026-08-26,285,543,0.5249,False
Castle in the Sky 40th Anniversary - Studio Ghibli Fest 2026,83589,anniversary_or_rerelease,rerelease,amc-southcenter-16,AMC Southcenter 16,confirmed_complete,2026-08-14,Friday,8,False,unknown,2026-08-22;2026-08-23;2026-08-24;2026-08-25;2026-08-26,Aug 22–26,6,2026-08-22,2026-08-26,,,0,0,False,2026-08-22,2026-08-26,285,543,0.5249,False
Castle in the Sky 40th Anniversary - Studio Ghibli Fest 2026,83589,anniversary_or_rerelease,rerelease,amc-southcenter-16,AMC Southcenter 16,confirmed_complete,2026-08-15,Saturday,7,False,unknown,2026-08-22;2026-08-23;2026-08-24;2026-08-25;2026-08-26,Aug 22–26,6,2026-08-22,2026-08-26,,,0,0,False,2026-08-22,2026-08-26,287,543,0.5285,False
Castle in the Sky 40th Anniversary - Studio Ghibli Fest 2026,83589,anniversary_or_rerelease,rerelease,amc-southcenter-16,AMC Southcenter 16,confirmed_complete,2026-08-16,Sunday,6,False,unknown,2026-08-22;2026-08-23;2026-08-24;2026-08-25;2026-08-26,Aug 22–26,6,2026-08-22,2026-08-26,,,0,0,False,2026-08-22,2026-08-26,287,543,0.5285,False
Castle in the Sky 40th Anniversary - Studio Ghibli Fest 2026,83589,anniversary_or_rerelease,rerelease,amc-southcenter-16,AMC Southcenter 16,confirmed_complete,2026-08-17,Monday,5,False,unknown,2026-08-22;2026-08-23;2026-08-24;2026-08-25;2026-08-26,Aug 22–26,6,2026-08-22,2026-08-26,,,0,0,False,2026-08-22,2026-08-26,287,543,0.5285,False
Castle in the Sky 40th Anniversary - Studio Ghibli Fest 2026,83589,anniversary_or_rerelease,rerelease,amc-southcenter-16,AMC Southcenter 16,confirmed_complete,2026-08-18,Tuesday,4,False,unknown,2026-08-22;2026-08-23;2026-08-24;2026-08-25;2026-08-26,Aug 22–26,6,2026-08-22,2026-08-26,,,0,0,False,2026-08-22,2026-08-26,322,543,0.593,False
Castle in the Sky 40th Anniversary - Studio Ghibli Fest 2026,83589,anniversary_or_rerelease,rerelease,amc-southcenter-16,AMC Southcenter 16,confirmed_complete,2026-08-19,Wednesday,3,False,unknown,2026-08-22;2026-08-23;2026-08-24;2026-08-25;2026-08-26,Aug 22–26,6,2026-08-22,2026-08-26,,,0,0,False,2026-08-22,2026-08-26,478,543,0.8803,True
Castle in the Sky 40th Anniversary - Studio Ghibli Fest 2026,83589,anniversary_or_rerelease,rerelease,amc-southcenter-16,AMC Southcenter 16,confirmed_complete,2026-08-20,Thursday,2,False,unknown,2026-08-22;2026-08-23;2026-08-24;2026-08-25;2026-08-26,Aug 22–26,6,2026-08-22,2026-08-26,,,0,0,False,2026-08-22,2026-08-26,478,543,0.8803,True
Castle in the Sky 40th Anniversary - Studio Ghibli Fest 2026,83589,anniversary_or_rerelease,rerelease,amc-southcenter-16,AMC Southcenter 16,confirmed_complete,2026-08-21,Friday,1,False,unknown,2026-08-22;2026-08-23;2026-08-24;2026-08-25;2026-08-26,Aug 22–26,6,2026-08-22,2026-08-26,,,0,0,False,2026-08-22,2026-08-26,479,543,0.8821,True
Castle in the Sky 40th Anniversary - Studio Ghibli Fest 2026,83589,anniversary_or_rerelease,rerelease,amc-southcenter-16,AMC Southcenter 16,confirmed_complete,2026-08-22,Saturday,0,False,unknown,2026-08-22;2026-08-23;2026-08-24;2026-08-25;2026-08-26,Aug 22–26,6,2026-08-22,2026-08-26,,,0,0,False,2026-08-22,2026-08-26,487,543,0.8969,True
Castle in the Sky 40th Anniversary - Studio Ghibli Fest 2026,83589,anniversary_or_rerelease,rerelease,amc-southcenter-16,AMC Southcenter 16,confirmed_complete,2026-08-23,Sunday,-1,False,unknown,2026-08-22;2026-08-23;2026-08-24;2026-08-25;2026-08-26,Aug 22–26,6,2026-08-22,2026-08-26,,,0,0,False,2026-08-22,2026-08-26,488,543,0.8987,True
Castle in the Sky 40th Anniversary - Studio Ghibli Fest 2026,83589,anniversary_or_rerelease,rerelease,amc-southcenter-16,AMC Southcenter 16,confirmed_complete,2026-08-24,Monday,-2,False,unknown,2026-08-22;2026-08-23;2026-08-24;2026-08-25;2026-08-26,Aug 22–26,6,2026-08-22,2026-08-26,,,0,0,False,2026-08-22,2026-08-26,488,543,0.8987,True
Castle in the Sky 40th Anniversary - Studio Ghibli Fest 2026,83589,anniversary_or_rerelease,rerelease,amc-southcenter-16,AMC Southcenter 16,confirmed_complete,2026-08-25,Tuesday,-3,False,unknown,2026-08-22;2026-08-23;2026-08-24;2026-08-25;2026-08-26,Aug 22–26,6,2026-08-22,2026-08-26,,,0,0,False,2026-08-22,2026-08-26,503,543,0.9263,True
Castle in the Sky 40th Anniversary - Studio Ghibli Fest 2026,83589,anniversary_or_rerelease,rerelease,amc-southcenter-16,AMC Southcenter 16,confirmed_complete,2026-08-26,Wednesday,-4,False,unknown,2026-08-22;2026-08-23;2026-08-24;2026-08-25;2026-08-26,Aug 22–26,6,2026-08-22,2026-08-26,,,0,0,False,2026-08-22,2026-08-26,543,543,1.0,True
Castle in the Sky 40th Anniversary - Studio Ghibli Fest 2026,83589,anniversary_or_rerelease,rerelease,amc-woodinville-12,AMC Woodinville 12,confirmed_complete,2026-08-08,Saturday,14,True,unknown,2026-08-22,Aug 22,1,2026-08-22,2026-08-22,2026-08-22,Aug 22,1,0,False,2026-08-22,2026-08-26,32,390,0.0821,False
Castle in the Sky 40th Anniversary - Studio Ghibli Fest 2026,83589,anniversary_or_rerelease,rerelease,amc-woodinville-12,AMC Woodinville 12,confirmed_complete,2026-08-09,Sunday,13,False,unknown,2026-08-22;2026-08-23,Aug 22–23,3,2026-08-22,2026-08-23,2026-08-23,Aug 23,2,0,False,2026-08-22,2026-08-26,49,390,0.1256,False
Castle in the Sky 40th Anniversary - Studio Ghibli Fest 2026,83589,anniversary_or_rerelease,rerelease,amc-woodinville-12,AMC Woodinville 12,confirmed_complete,2026-08-10,Monday,12,False,unknown,2026-08-22;2026-08-23;2026-08-24,Aug 22–24,4,2026-08-22,2026-08-24,2026-08-24,Aug 24,1,0,False,2026-08-22,2026-08-26,65,390,0.1667,False
Castle in the Sky 40th Anniversary - Studio Ghibli Fest 2026,83589,anniversary_or_rerelease,rerelease,amc-woodinville-12,AMC Woodinville 12,confirmed_complete,2026-08-11,Tuesday,11,False,unknown,2026-08-22;2026-08-23;2026-08-24;2026-08-25,Aug 22–25,5,2026-08-22,2026-08-25,2026-08-25,Aug 25,1,0,False,2026-08-22,2026-08-26,82,390,0.2103,False
Castle in the Sky 40th Anniversary - Studio Ghibli Fest 2026,83589,anniversary_or_rerelease,rerelease,amc-woodinville-12,AMC Woodinville 12,confirmed_complete,2026-08-12,Wednesday,10,False,unknown,2026-08-22;2026-08-23;2026-08-24;2026-08-25;2026-08-26,Aug 22–26,6,2026-08-22,2026-08-26,2026-08-26,Aug 26,1,0,False,2026-08-22,2026-08-26,101,390,0.259,False
Castle in the Sky 40th Anniversary - Studio Ghibli Fest 2026,83589,anniversary_or_rerelease,rerelease,amc-woodinville-12,AMC Woodinville 12,confirmed_complete,2026-08-13,Thursday,9,False,unknown,2026-08-22;2026-08-23;2026-08-24;2026-08-25;2026-08-26,Aug 22–26,6,2026-08-22,2026-08-26,,,0,0,False,2026-08-22,2026-08-26,150,390,0.3846,False
Castle in the Sky 40th Anniversary - Studio Ghibli Fest 2026,83589,anniversary_or_rerelease,rerelease,amc-woodinville-12,AMC Woodinville 12,confirmed_complete,2026-08-14,Friday,8,False,unknown,2026-08-22;2026-08-23;2026-08-24;2026-08-25;2026-08-26,Aug 22–26,6,2026-08-22,2026-08-26,,,0,0,False,2026-08-22,2026-08-26,150,390,0.3846,False
Castle in the Sky 40th Anniversary - Studio Ghibli Fest 2026,83589,anniversary_or_rerelease,rerelease,amc-woodinville-12,AMC Woodinville 12,confirmed_complete,2026-08-15,Saturday,7,False,unknown,2026-08-22;2026-08-23;2026-08-24;2026-08-25;2026-08-26,Aug 22–26,6,2026-08-22,2026-08-26,,,0,0,False,2026-08-22,2026-08-26,150,390,0.3846,False
Castle in the Sky 40th Anniversary - Studio Ghibli Fest 2026,83589,anniversary_or_rerelease,rerelease,amc-woodinville-12,AMC Woodinville 12,confirmed_complete,2026-08-16,Sunday,6,False,unknown,2026-08-22;2026-08-23;2026-08-24;2026-08-25;2026-08-26,Aug 22–26,6,2026-08-22,2026-08-26,,,0,0,False,2026-08-22,2026-08-26,150,390,0.3846,False
Castle in the Sky 40th Anniversary - Studio Ghibli Fest 2026,83589,anniversary_or_rerelease,rerelease,amc-woodinville-12,AMC Woodinville 12,confirmed_complete,2026-08-17,Monday,5,False,unknown,2026-08-22;2026-08-23;2026-08-24;2026-08-25;2026-08-26,Aug 22–26,6,2026-08-22,2026-08-26,,,0,0,False,2026-08-22,2026-08-26,150,390,0.3846,False
Castle in the Sky 40th Anniversary - Studio Ghibli Fest 2026,83589,anniversary_or_rerelease,rerelease,amc-woodinville-12,AMC Woodinville 12,confirmed_complete,2026-08-18,Tuesday,4,False,unknown,2026-08-22;2026-08-23;2026-08-24;2026-08-25;2026-08-26,Aug 22–26,6,2026-08-22,2026-08-26,,,0,0,False,2026-08-22,2026-08-26,350,390,0.8974,True
Castle in the Sky 40th Anniversary - Studio Ghibli Fest 2026,83589,anniversary_or_rerelease,rerelease,amc-woodinville-12,AMC Woodinville 12,confirmed_complete,2026-08-19,Wednesday,3,False,unknown,2026-08-22;2026-08-23;2026-08-24;2026-08-25;2026-08-26,Aug 22–26,6,2026-08-22,2026-08-26,,,0,0,False,2026-08-22,2026-08-26,350,390,0.8974,True
Castle in the Sky 40th Anniversary - Studio Ghibli Fest 2026,83589,anniversary_or_rerelease,rerelease,amc-woodinville-12,AMC Woodinville 12,confirmed_complete,2026-08-20,Thursday,2,False,unknown,2026-08-22;2026-08-23;2026-08-24;2026-08-25;2026-08-26,Aug 22–26,6,2026-08-22,2026-08-26,,,0,0,False,2026-08-22,2026-08-26,350,390,0.8974,True
Castle in the Sky 40th Anniversary - Studio Ghibli Fest 2026,83589,anniversary_or_rerelease,rerelease,amc-woodinville-12,AMC Woodinville 12,confirmed_complete,2026-08-21,Friday,1,False,unknown,2026-08-22;2026-08-23;2026-08-24;2026-08-25;2026-08-26,Aug 22–26,6,2026-08-22,2026-08-26,,,0,0,False,2026-08-22,2026-08-26,350,390,0.8974,True
Castle in the Sky 40th Anniversary - Studio Ghibli Fest 2026,83589,anniversary_or_rerelease,rerelease,amc-woodinville-12,AMC Woodinville 12,confirmed_complete,2026-08-22,Saturday,0,False,unknown,2026-08-22;2026-08-23;2026-08-24;2026-08-25;2026-08-26,Aug 22–26,6,2026-08-22,2026-08-26,,,0,0,False,2026-08-22,2026-08-26,350,390,0.8974,True
Castle in the Sky 40th Anniversary - Studio Ghibli Fest 2026,83589,anniversary_or_rerelease,rerelease,amc-woodinville-12,AMC Woodinville 12,confirmed_complete,2026-08-23,Sunday,-1,False,unknown,2026-08-22;2026-08-23;2026-08-24;2026-08-25;2026-08-26,Aug 22–26,6,2026-08-22,2026-08-26,,,0,0,False,2026-08-22,2026-08-26,352,390,0.9026,True
Castle in the Sky 40th Anniversary - Studio Ghibli Fest 2026,83589,anniversary_or_rerelease,rerelease,amc-woodinville-12,AMC Woodinville 12,confirmed_complete,2026-08-24,Monday,-2,False,unknown,2026-08-22;2026-08-23;2026-08-24;2026-08-25;2026-08-26,Aug 22–26,6,2026-08-22,2026-08-26,,,0,0,False,2026-08-22,2026-08-26,352,390,0.9026,True
Castle in the Sky 40th Anniversary - Studio Ghibli Fest 2026,83589,anniversary_or_rerelease,rerelease,amc-woodinville-12,AMC Woodinville 12,confirmed_complete,2026-08-25,Tuesday,-3,False,unknown,2026-08-22;2026-08-23;2026-08-24;2026-08-25;2026-08-26,Aug 22–26,6,2026-08-22,2026-08-26,,,0,0,False,2026-08-22,2026-08-26,352,390,0.9026,True
Castle in the Sky 40th Anniversary - Studio Ghibli Fest 2026,83589,anniversary_or_rerelease,rerelease,amc-woodinville-12,AMC Woodinville 12,confirmed_complete,2026-08-26,Wednesday,-4,False,unknown,2026-08-22;2026-08-23;2026-08-24;2026-08-25;2026-08-26,Aug 22–26,6,2026-08-22,2026-08-26,,,0,0,False,2026-08-22,2026-08-26,388,390,0.9949,True
Ghost in the Shell 30th Anniversary,84779,anniversary_or_rerelease,rerelease,amc-alderwood-mall-16,AMC Alderwood Mall 16,confirmed_complete,2026-09-03,Thursday,14,True,complete,2026-09-17;2026-09-18;2026-09-19;2026-09-20;2026-09-21;2026-09-22;2026-09-23,Sep 17–23,7,2026-09-17,2026-09-23,2026-09-17;2026-09-18;2026-09-19;2026-09-20;2026-09-21;2026-09-22;2026-09-23,Sep 17–23,7,0,True,2026-09-17,2026-09-30,125,456,0.2741,False
Ghost in the Shell 30th Anniversary,84779,anniversary_or_rerelease,rerelease,amc-alderwood-mall-16,AMC Alderwood Mall 16,confirmed_complete,2026-09-04,Friday,13,False,complete,2026-09-17;2026-09-18;2026-09-19;2026-09-20;2026-09-21;2026-09-22;2026-09-23,Sep 17–23,7,2026-09-17,2026-09-23,,,0,0,True,2026-09-17,2026-09-30,125,456,0.2741,False
Ghost in the Shell 30th Anniversary,84779,anniversary_or_rerelease,rerelease,amc-alderwood-mall-16,AMC Alderwood Mall 16,confirmed_complete,2026-09-05,Saturday,12,False,complete,2026-09-17;2026-09-18;2026-09-19;2026-09-20;2026-09-21;2026-09-22;2026-09-23,Sep 17–23,7,2026-09-17,2026-09-23,,,0,0,True,2026-09-17,2026-09-30,163,456,0.3575,False
Ghost in the Shell 30th Anniversary,84779,anniversary_or_rerelease,rerelease,amc-alderwood-mall-16,AMC Alderwood Mall 16,confirmed_complete,2026-09-06,Sunday,11,False,complete,2026-09-17;2026-09-18;2026-09-19;2026-09-20;2026-09-21;2026-09-22;2026-09-23,Sep 17–23,7,2026-09-17,2026-09-23,,,0,0,True,2026-09-17,2026-09-30,163,456,0.3575,False
Ghost in the Shell 30th Anniversary,84779,anniversary_or_rerelease,rerelease,amc-alderwood-mall-16,AMC Alderwood Mall 16,confirmed_complete,2026-09-07,Monday,10,False,complete,2026-09-17;2026-09-18;2026-09-19;2026-09-20;2026-09-21;2026-09-22;2026-09-23,Sep 17–23,7,2026-09-17,2026-09-23,,,0,0,True,2026-09-17,2026-09-30,163,456,0.3575,False
Ghost in the Shell 30th Anniversary,84779,anniversary_or_rerelease,rerelease,amc-alderwood-mall-16,AMC Alderwood Mall 16,confirmed_complete,2026-09-08,Tuesday,9,False,complete,2026-09-17;2026-09-18;2026-09-19;2026-09-20;2026-09-21;2026-09-22;2026-09-23,Sep 17–23,7,2026-09-17,2026-09-23,,,0,0,True,2026-09-17,2026-09-30,163,456,0.3575,False
Ghost in the Shell 30th Anniversary,84779,anniversary_or_rerelease,rerelease,amc-alderwood-mall-16,AMC Alderwood Mall 16,confirmed_complete,2026-09-09,Wednesday,8,False,complete,2026-09-17;2026-09-18;2026-09-19;2026-09-20;2026-09-21;2026-09-22;2026-09-23,Sep 17–23,7,2026-09-17,2026-09-23,,,0,0,True,2026-09-17,2026-09-30,412,456,0.9035,True
Ghost in the Shell 30th Anniversary,84779,anniversary_or_rerelease,rerelease,amc-alderwood-mall-16,AMC Alderwood Mall 16,confirmed_complete,2026-09-10,Thursday,7,False,complete,2026-09-17;2026-09-18;2026-09-19;2026-09-20;2026-09-21;2026-09-22;2026-09-23,Sep 17–23,7,2026-09-17,2026-09-23,,,0,0,True,2026-09-17,2026-09-30,412,456,0.9035,True
Ghost in the Shell 30th Anniversary,84779,anniversary_or_rerelease,rerelease,amc-alderwood-mall-16,AMC Alderwood Mall 16,confirmed_complete,2026-09-11,Friday,6,False,complete,2026-09-17;2026-09-18;2026-09-19;2026-09-20;2026-09-21;2026-09-22;2026-09-23,Sep 17–23,7,2026-09-17,2026-09-23,,,0,0,True,2026-09-17,2026-09-30,414,456,0.9079,True
Ghost in the Shell 30th Anniversary,84779,anniversary_or_rerelease,rerelease,amc-alderwood-mall-16,AMC Alderwood Mall 16,confirmed_complete,2026-09-12,Saturday,5,False,complete,2026-09-17;2026-09-18;2026-09-19;2026-09-20;2026-09-21;2026-09-22;2026-09-23,Sep 17–23,7,2026-09-17,2026-09-23,,,0,0,True,2026-09-17,2026-09-30,419,456,0.9189,True
Ghost in the Shell 30th Anniversary,84779,anniversary_or_rerelease,rerelease,amc-alderwood-mall-16,AMC Alderwood Mall 16,confirmed_complete,2026-09-13,Sunday,4,False,complete,2026-09-17;2026-09-18;2026-09-19;2026-09-20;2026-09-21;2026-09-22;2026-09-23,Sep 17–23,7,2026-09-17,2026-09-23,,,0,0,True,2026-09-17,2026-09-30,419,456,0.9189,True
Ghost in the Shell 30th Anniversary,84779,anniversary_or_rerelease,rerelease,amc-alderwood-mall-16,AMC Alderwood Mall 16,confirmed_complete,2026-09-14,Monday,3,False,complete,2026-09-17;2026-09-18;2026-09-19;2026-09-20;2026-09-21;2026-09-22;2026-09-23,Sep 17–23,7,2026-09-17,2026-09-23,,,0,0,True,2026-09-17,2026-09-30,419,456,0.9189,True
Ghost in the Shell 30th Anniversary,84779,anniversary_or_rerelease,rerelease,amc-alderwood-mall-16,AMC Alderwood Mall 16,confirmed_complete,2026-09-15,Tuesday,2,False,complete,2026-09-17;2026-09-18;2026-09-19;2026-09-20;2026-09-21;2026-09-22;2026-09-23,Sep 17–23,7,2026-09-17,2026-09-23,,,0,0,True,2026-09-17,2026-09-30,419,456,0.9189,True
Ghost in the Shell 30th Anniversary,84779,anniversary_or_rerelease,rerelease,amc-alderwood-mall-16,AMC Alderwood Mall 16,confirmed_complete,2026-09-16,Wednesday,1,False,complete,2026-09-17;2026-09-18;2026-09-19;2026-09-20;2026-09-21;2026-09-22;2026-09-23,Sep 17–23,7,2026-09-17,2026-09-23,,,0,0,True,2026-09-17,2026-09-30,456,456,1.0,True
Ghost in the Shell 30th Anniversary,84779,anniversary_or_rerelease,rerelease,amc-alderwood-mall-16,AMC Alderwood Mall 16,confirmed_complete,2026-09-17,Thursday,0,False,complete,2026-09-17;2026-09-18;2026-09-19;2026-09-20;2026-09-21;2026-09-22;2026-09-23,Sep 17–23,7,2026-09-17,2026-09-23,,,0,0,True,2026-09-17,2026-09-30,456,456,1.0,True
Ghost in the Shell 30th Anniversary,84779,anniversary_or_rerelease,rerelease,amc-alderwood-mall-16,AMC Alderwood Mall 16,confirmed_complete,2026-09-18,Friday,-1,False,complete,2026-09-17;2026-09-18;2026-09-19;2026-09-20;2026-09-21;2026-09-22;2026-09-23,Sep 17–23,7,2026-09-17,2026-09-23,,,0,0,True,2026-09-17,2026-09-30,456,456,1.0,True
Ghost in the Shell 30th Anniversary,84779,anniversary_or_rerelease,rerelease,amc-alderwood-mall-16,AMC Alderwood Mall 16,confirmed_complete,2026-09-19,Saturday,-2,False,complete,2026-09-17;2026-09-18;2026-09-19;2026-09-20;2026-09-21;2026-09-22;2026-09-23,Sep 17–23,7,2026-09-17,2026-09-23,,,0,0,True,2026-09-17,2026-09-30,456,456,1.0,True
Ghost in the Shell 30th Anniversary,84779,anniversary_or_rerelease,rerelease,amc-alderwood-mall-16,AMC Alderwood Mall 16,confirmed_complete,2026-09-20,Sunday,-3,False,complete,2026-09-17;2026-09-18;2026-09-19;2026-09-20;2026-09-21;2026-09-22;2026-09-23,Sep 17–23,7,2026-09-17,2026-09-23,,,0,0,True,2026-09-17,2026-09-30,456,456,1.0,True
Ghost in the Shell 30th Anniversary,84779,anniversary_or_rerelease,rerelease,amc-alderwood-mall-16,AMC Alderwood Mall 16,confirmed_complete,2026-09-21,Monday,-4,False,complete,2026-09-17;2026-09-18;2026-09-19;2026-09-20;2026-09-21;2026-09-22;2026-09-23,Sep 17–23,7,2026-09-17,2026-09-23,,,0,0,True,2026-09-17,2026-09-30,456,456,1.0,True
Ghost in the Shell 30th Anniversary,84779,anniversary_or_rerelease,rerelease,amc-alderwood-mall-16,AMC Alderwood Mall 16,confirmed_complete,2026-09-22,Tuesday,-5,False,complete,2026-09-17;2026-09-18;2026-09-19;2026-09-20;2026-09-21;2026-09-22;2026-09-23,Sep 17–23,7,2026-09-17,2026-09-23,,,0,0,True,2026-09-17,2026-09-30,456,456,1.0,True
Ghost in the Shell 30th Anniversary,84779,anniversary_or_rerelease,rerelease,amc-alderwood-mall-16,AMC Alderwood Mall 16,confirmed_complete,2026-09-23,Wednesday,-6,False,complete,2026-09-17;2026-09-18;2026-09-19;2026-09-20;2026-09-21;2026-09-22;2026-09-23;2026-09-24;2026-09-25;2026-09-26;2026-09-27;2026-09-28;2026-09-29;2026-09-30,Sep 17–30,14,2026-09-17,2026-09-30,2026-09-24;2026-09-25;2026-09-26;2026-09-27;2026-09-28;2026-09-29;2026-09-30,Sep 24–30,7,0,True,2026-09-17,2026-09-30,456,456,1.0,True
Ghost in the Shell 30th Anniversary,84779,anniversary_or_rerelease,rerelease,amc-alderwood-mall-16,AMC Alderwood Mall 16,confirmed_complete,2026-09-24,Thursday,-7,False,complete,2026-09-17;2026-09-18;2026-09-19;2026-09-20;2026-09-21;2026-09-22;2026-09-23;2026-09-24;2026-09-25;2026-09-26;2026-09-27;2026-09-28;2026-09-29;2026-09-30,Sep 17–30,14,2026-09-17,2026-09-30,,,0,0,True,2026-09-17,2026-09-30,456,456,1.0,True
Ghost in the Shell 30th Anniversary,84779,anniversary_or_rerelease,rerelease,amc-alderwood-mall-16,AMC Alderwood Mall 16,confirmed_complete,2026-09-25,Friday,-8,False,complete,2026-09-17;2026-09-18;2026-09-19;2026-09-20;2026-09-21;2026-09-22;2026-09-23;2026-09-24;2026-09-25;2026-09-26;2026-09-27;2026-09-28;2026-09-29;2026-09-30,Sep 17–30,14,2026-09-17,2026-09-30,,,0,0,True,2026-09-17,2026-09-30,456,456,1.0,True
Ghost in the Shell 30th Anniversary,84779,anniversary_or_rerelease,rerelease,amc-alderwood-mall-16,AMC Alderwood Mall 16,confirmed_complete,2026-09-26,Saturday,-9,False,complete,2026-09-17;2026-09-18;2026-09-19;2026-09-20;2026-09-21;2026-09-22;2026-09-23;2026-09-24;2026-09-25;2026-09-26;2026-09-27;2026-09-28;2026-09-29;2026-09-30,Sep 17–30,14,2026-09-17,2026-09-30,,,0,0,True,2026-09-17,2026-09-30,456,456,1.0,True
Ghost in the Shell 30th Anniversary,84779,anniversary_or_rerelease,rerelease,amc-alderwood-mall-16,AMC Alderwood Mall 16,confirmed_complete,2026-09-27,Sunday,-10,False,complete,2026-09-17;2026-09-18;2026-09-19;2026-09-20;2026-09-21;2026-09-22;2026-09-23;2026-09-24;2026-09-25;2026-09-26;2026-09-27;2026-09-28;2026-09-29;2026-09-30,Sep 17–30,14,2026-09-17,2026-09-30,,,0,0,True,2026-09-17,2026-09-30,456,456,1.0,True
Ghost in the Shell 30th Anniversary,84779,anniversary_or_rerelease,rerelease,amc-alderwood-mall-16,AMC Alderwood Mall 16,confirmed_complete,2026-09-28,Monday,-11,False,complete,2026-09-17;2026-09-18;2026-09-19;2026-09-20;2026-09-21;2026-09-22;2026-09-23;2026-09-24;2026-09-25;2026-09-26;2026-09-27;2026-09-28;2026-09-29;2026-09-30,Sep 17–30,14,2026-09-17,2026-09-30,,,0,0,True,2026-09-17,2026-09-30,456,456,1.0,True
Ghost in the Shell 30th Anniversary,84779,anniversary_or_rerelease,rerelease,amc-alderwood-mall-16,AMC Alderwood Mall 16,confirmed_complete,2026-09-29,Tuesday,-12,False,complete,2026-09-17;2026-09-18;2026-09-19;2026-09-20;2026-09-21;2026-09-22;2026-09-23;2026-09-24;2026-09-25;2026-09-26;2026-09-27;2026-09-28;2026-09-29;2026-09-30,Sep 17–30,14,2026-09-17,2026-09-30,,,0,0,True,2026-09-17,2026-09-30,456,456,1.0,True
Ghost in the Shell 30th Anniversary,84779,anniversary_or_rerelease,rerelease,amc-alderwood-mall-16,AMC Alderwood Mall 16,confirmed_complete,2026-09-30,Wednesday,-13,False,complete,2026-09-17;2026-09-18;2026-09-19;2026-09-20;2026-09-21;2026-09-22;2026-09-23;2026-09-24;2026-09-25;2026-09-26;2026-09-27;2026-09-28;2026-09-29;2026-09-30,Sep 17–30,14,2026-09-17,2026-09-30,,,0,0,True,2026-09-17,2026-09-30,456,456,1.0,True
Ghost in the Shell 30th Anniversary,84779,anniversary_or_rerelease,rerelease,amc-southcenter-16,AMC Southcenter 16,confirmed_complete,2026-09-03,Thursday,14,True,complete,2026-09-17;2026-09-18;2026-09-19;2026-09-20;2026-09-21;2026-09-22;2026-09-23,Sep 17–23,7,2026-09-17,2026-09-23,2026-09-17;2026-09-18;2026-09-19;2026-09-20;2026-09-21;2026-09-22;2026-09-23,Sep 17–23,7,0,True,2026-09-17,2026-09-23,122,449,0.2717,False
Ghost in the Shell 30th Anniversary,84779,anniversary_or_rerelease,rerelease,amc-southcenter-16,AMC Southcenter 16,confirmed_complete,2026-09-04,Friday,13,False,complete,2026-09-17;2026-09-18;2026-09-19;2026-09-20;2026-09-21;2026-09-22;2026-09-23,Sep 17–23,7,2026-09-17,2026-09-23,,,0,0,True,2026-09-17,2026-09-23,122,449,0.2717,False
Ghost in the Shell 30th Anniversary,84779,anniversary_or_rerelease,rerelease,amc-southcenter-16,AMC Southcenter 16,confirmed_complete,2026-09-05,Saturday,12,False,complete,2026-09-17;2026-09-18;2026-09-19;2026-09-20;2026-09-21;2026-09-22;2026-09-23,Sep 17–23,7,2026-09-17,2026-09-23,,,0,0,True,2026-09-17,2026-09-23,136,449,0.3029,False
Ghost in the Shell 30th Anniversary,84779,anniversary_or_rerelease,rerelease,amc-southcenter-16,AMC Southcenter 16,confirmed_complete,2026-09-06,Sunday,11,False,complete,2026-09-17;2026-09-18;2026-09-19;2026-09-20;2026-09-21;2026-09-22;2026-09-23,Sep 17–23,7,2026-09-17,2026-09-23,,,0,0,True,2026-09-17,2026-09-23,144,449,0.3207,False
Ghost in the Shell 30th Anniversary,84779,anniversary_or_rerelease,rerelease,amc-southcenter-16,AMC Southcenter 16,confirmed_complete,2026-09-07,Monday,10,False,complete,2026-09-17;2026-09-18;2026-09-19;2026-09-20;2026-09-21;2026-09-22;2026-09-23,Sep 17–23,7,2026-09-17,2026-09-23,,,0,0,True,2026-09-17,2026-09-23,144,449,0.3207,False
Ghost in the Shell 30th Anniversary,84779,anniversary_or_rerelease,rerelease,amc-southcenter-16,AMC Southcenter 16,confirmed_complete,2026-09-08,Tuesday,9,False,complete,2026-09-17;2026-09-18;2026-09-19;2026-09-20;2026-09-21;2026-09-22;2026-09-23,Sep 17–23,7,2026-09-17,2026-09-23,,,0,0,True,2026-09-17,2026-09-23,180,449,0.4009,False
Ghost in the Shell 30th Anniversary,84779,anniversary_or_rerelease,rerelease,amc-southcenter-16,AMC Southcenter 16,confirmed_complete,2026-09-09,Wednesday,8,False,complete,2026-09-17;2026-09-18;2026-09-19;2026-09-20;2026-09-21;2026-09-22;2026-09-23,Sep 17–23,7,2026-09-17,2026-09-23,,,0,0,True,2026-09-17,2026-09-23,413,449,0.9198,True
Ghost in the Shell 30th Anniversary,84779,anniversary_or_rerelease,rerelease,amc-southcenter-16,AMC Southcenter 16,confirmed_complete,2026-09-10,Thursday,7,False,complete,2026-09-17;2026-09-18;2026-09-19;2026-09-20;2026-09-21;2026-09-22;2026-09-23,Sep 17–23,7,2026-09-17,2026-09-23,,,0,0,True,2026-09-17,2026-09-23,413,449,0.9198,True
Ghost in the Shell 30th Anniversary,84779,anniversary_or_rerelease,rerelease,amc-southcenter-16,AMC Southcenter 16,confirmed_complete,2026-09-11,Friday,6,False,complete,2026-09-17;2026-09-18;2026-09-19;2026-09-20;2026-09-21;2026-09-22;2026-09-23,Sep 17–23,7,2026-09-17,2026-09-23,,,0,0,True,2026-09-17,2026-09-23,415,449,0.9243,True
Ghost in the Shell 30th Anniversary,84779,anniversary_or_rerelease,rerelease,amc-southcenter-16,AMC Southcenter 16,confirmed_complete,2026-09-12,Saturday,5,False,complete,2026-09-17;2026-09-18;2026-09-19;2026-09-20;2026-09-21;2026-09-22;2026-09-23,Sep 17–23,7,2026-09-17,2026-09-23,,,0,0,True,2026-09-17,2026-09-23,415,449,0.9243,True
Ghost in the Shell 30th Anniversary,84779,anniversary_or_rerelease,rerelease,amc-southcenter-16,AMC Southcenter 16,confirmed_complete,2026-09-13,Sunday,4,False,complete,2026-09-17;2026-09-18;2026-09-19;2026-09-20;2026-09-21;2026-09-22;2026-09-23,Sep 17–23,7,2026-09-17,2026-09-23,,,0,0,True,2026-09-17,2026-09-23,415,449,0.9243,True
Ghost in the Shell 30th Anniversary,84779,anniversary_or_rerelease,rerelease,amc-southcenter-16,AMC Southcenter 16,confirmed_complete,2026-09-14,Monday,3,False,complete,2026-09-17;2026-09-18;2026-09-19;2026-09-20;2026-09-21;2026-09-22;2026-09-23,Sep 17–23,7,2026-09-17,2026-09-23,,,0,0,True,2026-09-17,2026-09-23,415,449,0.9243,True
Ghost in the Shell 30th Anniversary,84779,anniversary_or_rerelease,rerelease,amc-southcenter-16,AMC Southcenter 16,confirmed_complete,2026-09-15,Tuesday,2,False,complete,2026-09-17;2026-09-18;2026-09-19;2026-09-20;2026-09-21;2026-09-22;2026-09-23,Sep 17–23,7,2026-09-17,2026-09-23,,,0,0,True,2026-09-17,2026-09-23,416,449,0.9265,True
Ghost in the Shell 30th Anniversary,84779,anniversary_or_rerelease,rerelease,amc-southcenter-16,AMC Southcenter 16,confirmed_complete,2026-09-16,Wednesday,1,False,complete,2026-09-17;2026-09-18;2026-09-19;2026-09-20;2026-09-21;2026-09-22;2026-09-23,Sep 17–23,9,2026-09-17,2026-09-23,,,2,0,True,2026-09-17,2026-09-23,449,449,1.0,True
Ghost in the Shell 30th Anniversary,84779,anniversary_or_rerelease,rerelease,amc-southcenter-16,AMC Southcenter 16,confirmed_complete,2026-09-17,Thursday,0,False,complete,2026-09-17;2026-09-18;2026-09-19;2026-09-20;2026-09-21;2026-09-22;2026-09-23,Sep 17–23,9,2026-09-17,2026-09-23,,,0,0,True,2026-09-17,2026-09-23,449,449,1.0,True
Ghost in the Shell 30th Anniversary,84779,anniversary_or_rerelease,rerelease,amc-southcenter-16,AMC Southcenter 16,confirmed_complete,2026-09-18,Friday,-1,False,complete,2026-09-17;2026-09-18;2026-09-19;2026-09-20;2026-09-21;2026-09-22;2026-09-23,Sep 17–23,11,2026-09-17,2026-09-23,,,2,0,True,2026-09-17,2026-09-23,449,449,1.0,True
Ghost in the Shell 30th Anniversary,84779,anniversary_or_rerelease,rerelease,amc-southcenter-16,AMC Southcenter 16,confirmed_complete,2026-09-19,Saturday,-2,False,complete,2026-09-17;2026-09-18;2026-09-19;2026-09-20;2026-09-21;2026-09-22;2026-09-23,Sep 17–23,11,2026-09-17,2026-09-23,,,0,0,True,2026-09-17,2026-09-23,449,449,1.0,True
Ghost in the Shell 30th Anniversary,84779,anniversary_or_rerelease,rerelease,amc-southcenter-16,AMC Southcenter 16,confirmed_complete,2026-09-20,Sunday,-3,False,complete,2026-09-17;2026-09-18;2026-09-19;2026-09-20;2026-09-21;2026-09-22;2026-09-23,Sep 17–23,13,2026-09-17,2026-09-23,,,2,0,True,2026-09-17,2026-09-23,449,449,1.0,True
Ghost in the Shell 30th Anniversary,84779,anniversary_or_rerelease,rerelease,amc-southcenter-16,AMC Southcenter 16,confirmed_complete,2026-09-21,Monday,-4,False,complete,2026-09-17;2026-09-18;2026-09-19;2026-09-20;2026-09-21;2026-09-22;2026-09-23,Sep 17–23,13,2026-09-17,2026-09-23,,,0,0,True,2026-09-17,2026-09-23,449,449,1.0,True
Ghost in the Shell 30th Anniversary,84779,anniversary_or_rerelease,rerelease,amc-southcenter-16,AMC Southcenter 16,confirmed_complete,2026-09-22,Tuesday,-5,False,complete,2026-09-17;2026-09-18;2026-09-19;2026-09-20;2026-09-21;2026-09-22;2026-09-23,Sep 17–23,13,2026-09-17,2026-09-23,,,0,0,True,2026-09-17,2026-09-23,449,449,1.0,True
Ghost in the Shell 30th Anniversary,84779,anniversary_or_rerelease,rerelease,amc-southcenter-16,AMC Southcenter 16,confirmed_complete,2026-09-23,Wednesday,-6,False,complete,2026-09-17;2026-09-18;2026-09-19;2026-09-20;2026-09-21;2026-09-22;2026-09-23,Sep 17–23,13,2026-09-17,2026-09-23,,,0,0,True,2026-09-17,2026-09-23,449,449,1.0,True
The Fast and the Furious 25th Anniversary,84081,anniversary_or_rerelease,rerelease,amc-alderwood-mall-16,AMC Alderwood Mall 16,confirmed_complete,2026-08-06,Thursday,14,True,unknown,2026-08-20,Aug 20,2,2026-08-20,2026-08-20,2026-08-20,Aug 20,2,0,False,2026-08-20,2026-09-02,249,579,0.4301,False
The Fast and the Furious 25th Anniversary,84081,anniversary_or_rerelease,rerelease,amc-alderwood-mall-16,AMC Alderwood Mall 16,confirmed_complete,2026-08-07,Friday,13,False,unknown,2026-08-20;2026-08-21,Aug 20–21,4,2026-08-20,2026-08-21,2026-08-21,Aug 21,2,0,False,2026-08-20,2026-09-02,249,579,0.4301,False
The Fast and the Furious 25th Anniversary,84081,anniversary_or_rerelease,rerelease,amc-alderwood-mall-16,AMC Alderwood Mall 16,confirmed_complete,2026-08-08,Saturday,12,False,unknown,2026-08-20;2026-08-21;2026-08-22,Aug 20–22,6,2026-08-20,2026-08-22,2026-08-22,Aug 22,2,0,False,2026-08-20,2026-09-02,249,579,0.4301,False
The Fast and the Furious 25th Anniversary,84081,anniversary_or_rerelease,rerelease,amc-alderwood-mall-16,AMC Alderwood Mall 16,confirmed_complete,2026-08-09,Sunday,11,False,unknown,2026-08-20;2026-08-21;2026-08-22;2026-08-23,Aug 20–23,8,2026-08-20,2026-08-23,2026-08-23,Aug 23,2,0,False,2026-08-20,2026-09-02,249,579,0.4301,False
The Fast and the Furious 25th Anniversary,84081,anniversary_or_rerelease,rerelease,amc-alderwood-mall-16,AMC Alderwood Mall 16,confirmed_complete,2026-08-10,Monday,10,False,unknown,2026-08-20;2026-08-21;2026-08-22;2026-08-23;2026-08-24,Aug 20–24,10,2026-08-20,2026-08-24,2026-08-24,Aug 24,2,0,False,2026-08-20,2026-09-02,249,579,0.4301,False
The Fast and the Furious 25th Anniversary,84081,anniversary_or_rerelease,rerelease,amc-alderwood-mall-16,AMC Alderwood Mall 16,confirmed_complete,2026-08-11,Tuesday,9,False,unknown,2026-08-20;2026-08-21;2026-08-22;2026-08-23;2026-08-24;2026-08-25,Aug 20–25,12,2026-08-20,2026-08-25,2026-08-25,Aug 25,2,0,False,2026-08-20,2026-09-02,249,579,0.4301,False
The Fast and the Furious 25th Anniversary,84081,anniversary_or_rerelease,rerelease,amc-alderwood-mall-16,AMC Alderwood Mall 16,confirmed_complete,2026-08-12,Wednesday,8,False,unknown,2026-08-20;2026-08-21;2026-08-22;2026-08-23;2026-08-24;2026-08-25;2026-08-26,Aug 20–26,14,2026-08-20,2026-08-26,2026-08-26,Aug 26,2,0,False,2026-08-20,2026-09-02,518,579,0.8946,True
The Fast and the Furious 25th Anniversary,84081,anniversary_or_rerelease,rerelease,amc-alderwood-mall-16,AMC Alderwood Mall 16,confirmed_complete,2026-08-13,Thursday,7,False,unknown,2026-08-20;2026-08-21;2026-08-22;2026-08-23;2026-08-24;2026-08-25;2026-08-26,Aug 20–26,14,2026-08-20,2026-08-26,,,0,0,False,2026-08-20,2026-09-02,522,579,0.9016,True
The Fast and the Furious 25th Anniversary,84081,anniversary_or_rerelease,rerelease,amc-alderwood-mall-16,AMC Alderwood Mall 16,confirmed_complete,2026-08-14,Friday,6,False,unknown,2026-08-20;2026-08-21;2026-08-22;2026-08-23;2026-08-24;2026-08-25;2026-08-26,Aug 20–26,14,2026-08-20,2026-08-26,,,0,0,False,2026-08-20,2026-09-02,526,579,0.9085,True
The Fast and the Furious 25th Anniversary,84081,anniversary_or_rerelease,rerelease,amc-alderwood-mall-16,AMC Alderwood Mall 16,confirmed_complete,2026-08-15,Saturday,5,False,unknown,2026-08-20;2026-08-21;2026-08-22;2026-08-23;2026-08-24;2026-08-25;2026-08-26,Aug 20–26,14,2026-08-20,2026-08-26,,,0,0,False,2026-08-20,2026-09-02,534,579,0.9223,True
The Fast and the Furious 25th Anniversary,84081,anniversary_or_rerelease,rerelease,amc-alderwood-mall-16,AMC Alderwood Mall 16,confirmed_complete,2026-08-16,Sunday,4,False,unknown,2026-08-20;2026-08-21;2026-08-22;2026-08-23;2026-08-24;2026-08-25;2026-08-26,Aug 20–26,14,2026-08-20,2026-08-26,,,0,0,False,2026-08-20,2026-09-02,534,579,0.9223,True
The Fast and the Furious 25th Anniversary,84081,anniversary_or_rerelease,rerelease,amc-alderwood-mall-16,AMC Alderwood Mall 16,confirmed_complete,2026-08-17,Monday,3,False,unknown,2026-08-20;2026-08-21;2026-08-22;2026-08-23;2026-08-24;2026-08-25;2026-08-26,Aug 20–26,14,2026-08-20,2026-08-26,,,0,0,False,2026-08-20,2026-09-02,534,579,0.9223,True
The Fast and the Furious 25th Anniversary,84081,anniversary_or_rerelease,rerelease,amc-alderwood-mall-16,AMC Alderwood Mall 16,confirmed_complete,2026-08-18,Tuesday,2,False,unknown,2026-08-20;2026-08-21;2026-08-22;2026-08-23;2026-08-24;2026-08-25;2026-08-26,Aug 20–26,14,2026-08-20,2026-08-26,,,0,0,False,2026-08-20,2026-09-02,534,579,0.9223,True
The Fast and the Furious 25th Anniversary,84081,anniversary_or_rerelease,rerelease,amc-alderwood-mall-16,AMC Alderwood Mall 16,confirmed_complete,2026-08-19,Wednesday,1,False,unknown,2026-08-20;2026-08-21;2026-08-22;2026-08-23;2026-08-24;2026-08-25;2026-08-26,Aug 20–26,19,2026-08-20,2026-08-26,,,5,0,False,2026-08-20,2026-09-02,579,579,1.0,True
The Fast and the Furious 25th Anniversary,84081,anniversary_or_rerelease,rerelease,amc-alderwood-mall-16,AMC Alderwood Mall 16,confirmed_complete,2026-08-20,Thursday,0,False,unknown,2026-08-20;2026-08-21;2026-08-22;2026-08-23;2026-08-24;2026-08-25;2026-08-26,Aug 20–26,19,2026-08-20,2026-08-26,,,0,0,False,2026-08-20,2026-09-02,579,579,1.0,True
The Fast and the Furious 25th Anniversary,84081,anniversary_or_rerelease,rerelease,amc-alderwood-mall-16,AMC Alderwood Mall 16,confirmed_complete,2026-08-21,Friday,-1,False,unknown,2026-08-20;2026-08-21;2026-08-22;2026-08-23;2026-08-24;2026-08-25;2026-08-26,Aug 20–26,19,2026-08-20,2026-08-26,,,0,0,False,2026-08-20,2026-09-02,579,579,1.0,True
The Fast and the Furious 25th Anniversary,84081,anniversary_or_rerelease,rerelease,amc-alderwood-mall-16,AMC Alderwood Mall 16,confirmed_complete,2026-08-22,Saturday,-2,False,unknown,2026-08-20;2026-08-21;2026-08-22;2026-08-23;2026-08-24;2026-08-25;2026-08-26,Aug 20–26,19,2026-08-20,2026-08-26,,,0,0,False,2026-08-20,2026-09-02,579,579,1.0,True
The Fast and the Furious 25th Anniversary,84081,anniversary_or_rerelease,rerelease,amc-alderwood-mall-16,AMC Alderwood Mall 16,confirmed_complete,2026-08-23,Sunday,-3,False,unknown,2026-08-20;2026-08-21;2026-08-22;2026-08-23;2026-08-24;2026-08-25;2026-08-26,Aug 20–26,19,2026-08-20,2026-08-26,,,0,0,False,2026-08-20,2026-09-02,579,579,1.0,True
The Fast and the Furious 25th Anniversary,84081,anniversary_or_rerelease,rerelease,amc-alderwood-mall-16,AMC Alderwood Mall 16,confirmed_complete,2026-08-24,Monday,-4,False,unknown,2026-08-20;2026-08-21;2026-08-22;2026-08-23;2026-08-24;2026-08-25;2026-08-26,Aug 20–26,19,2026-08-20,2026-08-26,,,0,0,False,2026-08-20,2026-09-02,579,579,1.0,True
The Fast and the Furious 25th Anniversary,84081,anniversary_or_rerelease,rerelease,amc-alderwood-mall-16,AMC Alderwood Mall 16,confirmed_complete,2026-08-25,Tuesday,-5,False,unknown,2026-08-20;2026-08-21;2026-08-22;2026-08-23;2026-08-24;2026-08-25;2026-08-26,Aug 20–26,19,2026-08-20,2026-08-26,,,0,0,False,2026-08-20,2026-09-02,579,579,1.0,True
The Fast and the Furious 25th Anniversary,84081,anniversary_or_rerelease,rerelease,amc-alderwood-mall-16,AMC Alderwood Mall 16,confirmed_complete,2026-08-26,Wednesday,-6,False,unknown,2026-08-20;2026-08-21;2026-08-22;2026-08-23;2026-08-24;2026-08-25;2026-08-26;2026-08-27;2026-08-28;2026-08-29;2026-08-30;2026-08-31;2026-09-01;2026-09-02,Aug 20–Sep 2,36,2026-08-20,2026-09-02,2026-08-27;2026-08-28;2026-08-29;2026-08-30;2026-08-31;2026-09-01;2026-09-02,Aug 27–Sep 2,17,0,False,2026-08-20,2026-09-02,579,579,1.0,True
The Fast and the Furious 25th Anniversary,84081,anniversary_or_rerelease,rerelease,amc-alderwood-mall-16,AMC Alderwood Mall 16,confirmed_complete,2026-08-27,Thursday,-7,False,unknown,2026-08-20;2026-08-21;2026-08-22;2026-08-23;2026-08-24;2026-08-25;2026-08-26;2026-08-27;2026-08-28;2026-08-29;2026-08-30;2026-08-31;2026-09-01;2026-09-02,Aug 20–Sep 2,36,2026-08-20,2026-09-02,,,0,0,False,2026-08-20,2026-09-02,579,579,1.0,True
The Fast and the Furious 25th Anniversary,84081,anniversary_or_rerelease,rerelease,amc-alderwood-mall-16,AMC Alderwood Mall 16,confirmed_complete,2026-08-28,Friday,-8,False,unknown,2026-08-20;2026-08-21;2026-08-22;2026-08-23;2026-08-24;2026-08-25;2026-08-26;2026-08-27;2026-08-28;2026-08-29;2026-08-30;2026-08-31;2026-09-01;2026-09-02,Aug 20–Sep 2,36,2026-08-20,2026-09-02,,,0,0,False,2026-08-20,2026-09-02,579,579,1.0,True
The Fast and the Furious 25th Anniversary,84081,anniversary_or_rerelease,rerelease,amc-alderwood-mall-16,AMC Alderwood Mall 16,confirmed_complete,2026-08-29,Saturday,-9,False,unknown,2026-08-20;2026-08-21;2026-08-22;2026-08-23;2026-08-24;2026-08-25;2026-08-26;2026-08-27;2026-08-28;2026-08-29;2026-08-30;2026-08-31;2026-09-01;2026-09-02,Aug 20–Sep 2,36,2026-08-20,2026-09-02,,,0,0,False,2026-08-20,2026-09-02,579,579,1.0,True
The Fast and the Furious 25th Anniversary,84081,anniversary_or_rerelease,rerelease,amc-alderwood-mall-16,AMC Alderwood Mall 16,confirmed_complete,2026-08-30,Sunday,-10,False,unknown,2026-08-20;2026-08-21;2026-08-22;2026-08-23;2026-08-24;2026-08-25;2026-08-26;2026-08-27;2026-08-28;2026-08-29;2026-08-30;2026-08-31;2026-09-01;2026-09-02,Aug 20–Sep 2,36,2026-08-20,2026-09-02,,,0,0,False,2026-08-20,2026-09-02,579,579,1.0,True
The Fast and the Furious 25th Anniversary,84081,anniversary_or_rerelease,rerelease,amc-alderwood-mall-16,AMC Alderwood Mall 16,confirmed_complete,2026-08-31,Monday,-11,False,unknown,2026-08-20;2026-08-21;2026-08-22;2026-08-23;2026-08-24;2026-08-25;2026-08-26;2026-08-27;2026-08-28;2026-08-29;2026-08-30;2026-08-31;2026-09-01;2026-09-02,Aug 20–Sep 2,36,2026-08-20,2026-09-02,,,0,0,False,2026-08-20,2026-09-02,579,579,1.0,True
The Fast and the Furious 25th Anniversary,84081,anniversary_or_rerelease,rerelease,amc-alderwood-mall-16,AMC Alderwood Mall 16,confirmed_complete,2026-09-01,Tuesday,-12,False,unknown,2026-08-20;2026-08-21;2026-08-22;2026-08-23;2026-08-24;2026-08-25;2026-08-26;2026-08-27;2026-08-28;2026-08-29;2026-08-30;2026-08-31;2026-09-01;2026-09-02,Aug 20–Sep 2,36,2026-08-20,2026-09-02,,,0,0,False,2026-08-20,2026-09-02,579,579,1.0,True
The Fast and the Furious 25th Anniversary,84081,anniversary_or_rerelease,rerelease,amc-alderwood-mall-16,AMC Alderwood Mall 16,confirmed_complete,2026-09-02,Wednesday,-13,False,unknown,2026-08-20;2026-08-21;2026-08-22;2026-08-23;2026-08-24;2026-08-25;2026-08-26;2026-08-27;2026-08-28;2026-08-29;2026-08-30;2026-08-31;2026-09-01;2026-09-02,Aug 20–Sep 2,36,2026-08-20,2026-09-02,,,0,0,False,2026-08-20,2026-09-02,579,579,1.0,True
The Fast and the Furious 25th Anniversary,84081,anniversary_or_rerelease,rerelease,amc-kent-station-14,AMC Kent Station 14,confirmed_complete,2026-08-06,Thursday,14,True,unknown,2026-08-20,Aug 20,3,2026-08-20,2026-08-20,2026-08-20,Aug 20,3,0,False,2026-08-20,2026-09-03,127,555,0.2288,False
The Fast and the Furious 25th Anniversary,84081,anniversary_or_rerelease,rerelease,amc-kent-station-14,AMC Kent Station 14,confirmed_complete,2026-08-07,Friday,13,False,unknown,2026-08-20;2026-08-21,Aug 20–21,5,2026-08-20,2026-08-21,2026-08-21,Aug 21,2,0,False,2026-08-20,2026-09-03,127,555,0.2288,False
The Fast and the Furious 25th Anniversary,84081,anniversary_or_rerelease,rerelease,amc-kent-station-14,AMC Kent Station 14,confirmed_complete,2026-08-08,Saturday,12,False,unknown,2026-08-20;2026-08-21;2026-08-22,Aug 20–22,7,2026-08-20,2026-08-22,2026-08-22,Aug 22,2,0,False,2026-08-20,2026-09-03,127,555,0.2288,False
The Fast and the Furious 25th Anniversary,84081,anniversary_or_rerelease,rerelease,amc-kent-station-14,AMC Kent Station 14,confirmed_complete,2026-08-09,Sunday,11,False,unknown,2026-08-20;2026-08-21;2026-08-22;2026-08-23,Aug 20–23,9,2026-08-20,2026-08-23,2026-08-23,Aug 23,2,0,False,2026-08-20,2026-09-03,127,555,0.2288,False
The Fast and the Furious 25th Anniversary,84081,anniversary_or_rerelease,rerelease,amc-kent-station-14,AMC Kent Station 14,confirmed_complete,2026-08-10,Monday,10,False,unknown,2026-08-20;2026-08-21;2026-08-22;2026-08-23;2026-08-24,Aug 20–24,11,2026-08-20,2026-08-24,2026-08-24,Aug 24,2,0,False,2026-08-20,2026-09-03,127,555,0.2288,False
The Fast and the Furious 25th Anniversary,84081,anniversary_or_rerelease,rerelease,amc-kent-station-14,AMC Kent Station 14,confirmed_complete,2026-08-11,Tuesday,9,False,unknown,2026-08-20;2026-08-21;2026-08-22;2026-08-23;2026-08-24;2026-08-25,Aug 20–25,13,2026-08-20,2026-08-25,2026-08-25,Aug 25,2,0,False,2026-08-20,2026-09-03,482,555,0.8685,True
The Fast and the Furious 25th Anniversary,84081,anniversary_or_rerelease,rerelease,amc-kent-station-14,AMC Kent Station 14,confirmed_complete,2026-08-12,Wednesday,8,False,unknown,2026-08-20;2026-08-21;2026-08-22;2026-08-23;2026-08-24;2026-08-25;2026-08-26,Aug 20–26,15,2026-08-20,2026-08-26,2026-08-26,Aug 26,2,0,False,2026-08-20,2026-09-03,489,555,0.8811,True
The Fast and the Furious 25th Anniversary,84081,anniversary_or_rerelease,rerelease,amc-kent-station-14,AMC Kent Station 14,confirmed_complete,2026-08-13,Thursday,7,False,unknown,2026-08-20;2026-08-21;2026-08-22;2026-08-23;2026-08-24;2026-08-25;2026-08-26,Aug 20–26,15,2026-08-20,2026-08-26,,,0,0,False,2026-08-20,2026-09-03,494,555,0.8901,True
The Fast and the Furious 25th Anniversary,84081,anniversary_or_rerelease,rerelease,amc-kent-station-14,AMC Kent Station 14,confirmed_complete,2026-08-14,Friday,6,False,unknown,2026-08-20;2026-08-21;2026-08-22;2026-08-23;2026-08-24;2026-08-25;2026-08-26,Aug 20–26,15,2026-08-20,2026-08-26,,,0,0,False,2026-08-20,2026-09-03,494,555,0.8901,True
The Fast and the Furious 25th Anniversary,84081,anniversary_or_rerelease,rerelease,amc-kent-station-14,AMC Kent Station 14,confirmed_complete,2026-08-15,Saturday,5,False,unknown,2026-08-20;2026-08-21;2026-08-22;2026-08-23;2026-08-24;2026-08-25;2026-08-26,Aug 20–26,15,2026-08-20,2026-08-26,,,0,0,False,2026-08-20,2026-09-03,502,555,0.9045,True
The Fast and the Furious 25th Anniversary,84081,anniversary_or_rerelease,rerelease,amc-kent-station-14,AMC Kent Station 14,confirmed_complete,2026-08-16,Sunday,4,False,unknown,2026-08-20;2026-08-21;2026-08-22;2026-08-23;2026-08-24;2026-08-25;2026-08-26,Aug 20–26,15,2026-08-20,2026-08-26,,,0,0,False,2026-08-20,2026-09-03,502,555,0.9045,True
The Fast and the Furious 25th Anniversary,84081,anniversary_or_rerelease,rerelease,amc-kent-station-14,AMC Kent Station 14,confirmed_complete,2026-08-17,Monday,3,False,unknown,2026-08-20;2026-08-21;2026-08-22;2026-08-23;2026-08-24;2026-08-25;2026-08-26,Aug 20–26,15,2026-08-20,2026-08-26,,,0,0,False,2026-08-20,2026-09-03,502,555,0.9045,True
The Fast and the Furious 25th Anniversary,84081,anniversary_or_rerelease,rerelease,amc-kent-station-14,AMC Kent Station 14,confirmed_complete,2026-08-18,Tuesday,2,False,unknown,2026-08-20;2026-08-21;2026-08-22;2026-08-23;2026-08-24;2026-08-25;2026-08-26,Aug 20–26,22,2026-08-20,2026-08-26,,,7,0,False,2026-08-20,2026-09-03,555,555,1.0,True
The Fast and the Furious 25th Anniversary,84081,anniversary_or_rerelease,rerelease,amc-kent-station-14,AMC Kent Station 14,confirmed_complete,2026-08-19,Wednesday,1,False,unknown,2026-08-20;2026-08-21;2026-08-22;2026-08-23;2026-08-24;2026-08-25;2026-08-26,Aug 20–26,22,2026-08-20,2026-08-26,,,0,0,False,2026-08-20,2026-09-03,555,555,1.0,True
The Fast and the Furious 25th Anniversary,84081,anniversary_or_rerelease,rerelease,amc-kent-station-14,AMC Kent Station 14,confirmed_complete,2026-08-20,Thursday,0,False,unknown,2026-08-20;2026-08-21;2026-08-22;2026-08-23;2026-08-24;2026-08-25;2026-08-26,Aug 20–26,22,2026-08-20,2026-08-26,,,0,0,False,2026-08-20,2026-09-03,555,555,1.0,True
The Fast and the Furious 25th Anniversary,84081,anniversary_or_rerelease,rerelease,amc-kent-station-14,AMC Kent Station 14,confirmed_complete,2026-08-21,Friday,-1,False,unknown,2026-08-20;2026-08-21;2026-08-22;2026-08-23;2026-08-24;2026-08-25;2026-08-26,Aug 20–26,22,2026-08-20,2026-08-26,,,0,0,False,2026-08-20,2026-09-03,555,555,1.0,True
The Fast and the Furious 25th Anniversary,84081,anniversary_or_rerelease,rerelease,amc-kent-station-14,AMC Kent Station 14,confirmed_complete,2026-08-22,Saturday,-2,False,unknown,2026-08-20;2026-08-21;2026-08-22;2026-08-23;2026-08-24;2026-08-25;2026-08-26,Aug 20–26,22,2026-08-20,2026-08-26,,,0,0,False,2026-08-20,2026-09-03,555,555,1.0,True
The Fast and the Furious 25th Anniversary,84081,anniversary_or_rerelease,rerelease,amc-kent-station-14,AMC Kent Station 14,confirmed_complete,2026-08-23,Sunday,-3,False,unknown,2026-08-20;2026-08-21;2026-08-22;2026-08-23;2026-08-24;2026-08-25;2026-08-26,Aug 20–26,22,2026-08-20,2026-08-26,,,0,0,False,2026-08-20,2026-09-03,555,555,1.0,True
The Fast and the Furious 25th Anniversary,84081,anniversary_or_rerelease,rerelease,amc-kent-station-14,AMC Kent Station 14,confirmed_complete,2026-08-24,Monday,-4,False,unknown,2026-08-20;2026-08-21;2026-08-22;2026-08-23;2026-08-24;2026-08-25;2026-08-26,Aug 20–26,22,2026-08-20,2026-08-26,,,0,0,False,2026-08-20,2026-09-03,555,555,1.0,True
The Fast and the Furious 25th Anniversary,84081,anniversary_or_rerelease,rerelease,amc-kent-station-14,AMC Kent Station 14,confirmed_complete,2026-08-25,Tuesday,-5,False,unknown,2026-08-20;2026-08-21;2026-08-22;2026-08-23;2026-08-24;2026-08-25;2026-08-26;2026-08-27;2026-08-28;2026-08-29;2026-08-30;2026-08-31;2026-09-01;2026-09-02,Aug 20–Sep 2,34,2026-08-20,2026-09-02,2026-08-27;2026-08-28;2026-08-29;2026-08-30;2026-08-31;2026-09-01;2026-09-02,Aug 27–Sep 2,12,0,False,2026-08-20,2026-09-03,555,555,1.0,True
The Fast and the Furious 25th Anniversary,84081,anniversary_or_rerelease,rerelease,amc-kent-station-14,AMC Kent Station 14,confirmed_complete,2026-08-26,Wednesday,-6,False,unknown,2026-08-20;2026-08-21;2026-08-22;2026-08-23;2026-08-24;2026-08-25;2026-08-26;2026-08-27;2026-08-28;2026-08-29;2026-08-30;2026-08-31;2026-09-01;2026-09-02,Aug 20–Sep 2,34,2026-08-20,2026-09-02,,,0,0,False,2026-08-20,2026-09-03,555,555,1.0,True
The Fast and the Furious 25th Anniversary,84081,anniversary_or_rerelease,rerelease,amc-kent-station-14,AMC Kent Station 14,confirmed_complete,2026-08-27,Thursday,-7,False,unknown,2026-08-20;2026-08-21;2026-08-22;2026-08-23;2026-08-24;2026-08-25;2026-08-26;2026-08-27;2026-08-28;2026-08-29;2026-08-30;2026-08-31;2026-09-01;2026-09-02,Aug 20–Sep 2,34,2026-08-20,2026-09-02,,,0,0,False,2026-08-20,2026-09-03,555,555,1.0,True
The Fast and the Furious 25th Anniversary,84081,anniversary_or_rerelease,rerelease,amc-kent-station-14,AMC Kent Station 14,confirmed_complete,2026-08-28,Friday,-8,False,unknown,2026-08-20;2026-08-21;2026-08-22;2026-08-23;2026-08-24;2026-08-25;2026-08-26;2026-08-27;2026-08-28;2026-08-29;2026-08-30;2026-08-31;2026-09-01;2026-09-02,Aug 20–Sep 2,34,2026-08-20,2026-09-02,,,0,0,False,2026-08-20,2026-09-03,555,555,1.0,True
The Fast and the Furious 25th Anniversary,84081,anniversary_or_rerelease,rerelease,amc-kent-station-14,AMC Kent Station 14,confirmed_complete,2026-08-29,Saturday,-9,False,unknown,2026-08-20;2026-08-21;2026-08-22;2026-08-23;2026-08-24;2026-08-25;2026-08-26;2026-08-27;2026-08-28;2026-08-29;2026-08-30;2026-08-31;2026-09-01;2026-09-02,Aug 20–Sep 2,34,2026-08-20,2026-09-02,,,0,0,False,2026-08-20,2026-09-03,555,555,1.0,True
The Fast and the Furious 25th Anniversary,84081,anniversary_or_rerelease,rerelease,amc-kent-station-14,AMC Kent Station 14,confirmed_complete,2026-08-30,Sunday,-10,False,unknown,2026-08-20;2026-08-21;2026-08-22;2026-08-23;2026-08-24;2026-08-25;2026-08-26;2026-08-27;2026-08-28;2026-08-29;2026-08-30;2026-08-31;2026-09-01;2026-09-02,Aug 20–Sep 2,34,2026-08-20,2026-09-02,,,0,0,False,2026-08-20,2026-09-03,555,555,1.0,True
The Fast and the Furious 25th Anniversary,84081,anniversary_or_rerelease,rerelease,amc-kent-station-14,AMC Kent Station 14,confirmed_complete,2026-08-31,Monday,-11,False,unknown,2026-08-20;2026-08-21;2026-08-22;2026-08-23;2026-08-24;2026-08-25;2026-08-26;2026-08-27;2026-08-28;2026-08-29;2026-08-30;2026-08-31;2026-09-01;2026-09-02,Aug 20–Sep 2,34,2026-08-20,2026-09-02,,,0,0,False,2026-08-20,2026-09-03,555,555,1.0,True
The Fast and the Furious 25th Anniversary,84081,anniversary_or_rerelease,rerelease,amc-kent-station-14,AMC Kent Station 14,confirmed_complete,2026-09-01,Tuesday,-12,False,unknown,2026-08-20;2026-08-21;2026-08-22;2026-08-23;2026-08-24;2026-08-25;2026-08-26;2026-08-27;2026-08-28;2026-08-29;2026-08-30;2026-08-31;2026-09-01;2026-09-02;2026-09-03,Aug 20–Sep 3,35,2026-08-20,2026-09-03,2026-09-03,Sep 3,1,0,False,2026-08-20,2026-09-03,555,555,1.0,True
The Fast and the Furious 25th Anniversary,84081,anniversary_or_rerelease,rerelease,amc-kent-station-14,AMC Kent Station 14,confirmed_complete,2026-09-02,Wednesday,-13,False,unknown,2026-08-20;2026-08-21;2026-08-22;2026-08-23;2026-08-24;2026-08-25;2026-08-26;2026-08-27;2026-08-28;2026-08-29;2026-08-30;2026-08-31;2026-09-01;2026-09-02;2026-09-03,Aug 20–Sep 3,35,2026-08-20,2026-09-03,,,0,0,False,2026-08-20,2026-09-03,555,555,1.0,True
The Fast and the Furious 25th Anniversary,84081,anniversary_or_rerelease,rerelease,amc-kent-station-14,AMC Kent Station 14,confirmed_complete,2026-09-03,Thursday,-14,False,complete,2026-08-20;2026-08-21;2026-08-22;2026-08-23;2026-08-24;2026-08-25;2026-08-26;2026-08-27;2026-08-28;2026-08-29;2026-08-30;2026-08-31;2026-09-01;2026-09-02;2026-09-03,Aug 20–Sep 3,35,2026-08-20,2026-09-03,,,0,0,True,2026-08-20,2026-09-03,555,555,1.0,True
The Fast and the Furious 25th Anniversary,84081,anniversary_or_rerelease,rerelease,amc-southcenter-16,AMC Southcenter 16,confirmed_complete,2026-08-06,Thursday,14,True,unknown,2026-08-20,Aug 20,3,2026-08-20,2026-08-20,2026-08-20,Aug 20,3,0,False,2026-08-20,2026-09-02,240,551,0.4356,False
The Fast and the Furious 25th Anniversary,84081,anniversary_or_rerelease,rerelease,amc-southcenter-16,AMC Southcenter 16,confirmed_complete,2026-08-07,Friday,13,False,unknown,2026-08-20;2026-08-21,Aug 20–21,6,2026-08-20,2026-08-21,2026-08-21,Aug 21,3,0,False,2026-08-20,2026-09-02,240,551,0.4356,False
The Fast and the Furious 25th Anniversary,84081,anniversary_or_rerelease,rerelease,amc-southcenter-16,AMC Southcenter 16,confirmed_complete,2026-08-08,Saturday,12,False,unknown,2026-08-20;2026-08-21;2026-08-22,Aug 20–22,9,2026-08-20,2026-08-22,2026-08-22,Aug 22,3,0,False,2026-08-20,2026-09-02,240,551,0.4356,False
The Fast and the Furious 25th Anniversary,84081,anniversary_or_rerelease,rerelease,amc-southcenter-16,AMC Southcenter 16,confirmed_complete,2026-08-09,Sunday,11,False,unknown,2026-08-20;2026-08-21;2026-08-22;2026-08-23,Aug 20–23,12,2026-08-20,2026-08-23,2026-08-23,Aug 23,3,0,False,2026-08-20,2026-09-02,240,551,0.4356,False
The Fast and the Furious 25th Anniversary,84081,anniversary_or_rerelease,rerelease,amc-southcenter-16,AMC Southcenter 16,confirmed_complete,2026-08-10,Monday,10,False,unknown,2026-08-20;2026-08-21;2026-08-22;2026-08-23;2026-08-24,Aug 20–24,15,2026-08-20,2026-08-24,2026-08-24,Aug 24,3,0,False,2026-08-20,2026-09-02,240,551,0.4356,False
The Fast and the Furious 25th Anniversary,84081,anniversary_or_rerelease,rerelease,amc-southcenter-16,AMC Southcenter 16,confirmed_complete,2026-08-11,Tuesday,9,False,unknown,2026-08-20;2026-08-21;2026-08-22;2026-08-23;2026-08-24;2026-08-25,Aug 20–25,18,2026-08-20,2026-08-25,2026-08-25,Aug 25,3,0,False,2026-08-20,2026-09-02,240,551,0.4356,False
The Fast and the Furious 25th Anniversary,84081,anniversary_or_rerelease,rerelease,amc-southcenter-16,AMC Southcenter 16,confirmed_complete,2026-08-12,Wednesday,8,False,unknown,2026-08-20;2026-08-21;2026-08-22;2026-08-23;2026-08-24;2026-08-25;2026-08-26,Aug 20–26,20,2026-08-20,2026-08-26,2026-08-26,Aug 26,2,0,False,2026-08-20,2026-09-02,499,551,0.9056,True
The Fast and the Furious 25th Anniversary,84081,anniversary_or_rerelease,rerelease,amc-southcenter-16,AMC Southcenter 16,confirmed_complete,2026-08-13,Thursday,7,False,unknown,2026-08-20;2026-08-21;2026-08-22;2026-08-23;2026-08-24;2026-08-25;2026-08-26,Aug 20–26,20,2026-08-20,2026-08-26,,,0,0,False,2026-08-20,2026-09-02,503,551,0.9129,True
The Fast and the Furious 25th Anniversary,84081,anniversary_or_rerelease,rerelease,amc-southcenter-16,AMC Southcenter 16,confirmed_complete,2026-08-14,Friday,6,False,unknown,2026-08-20;2026-08-21;2026-08-22;2026-08-23;2026-08-24;2026-08-25;2026-08-26,Aug 20–26,20,2026-08-20,2026-08-26,,,0,0,False,2026-08-20,2026-09-02,503,551,0.9129,True
The Fast and the Furious 25th Anniversary,84081,anniversary_or_rerelease,rerelease,amc-southcenter-16,AMC Southcenter 16,confirmed_complete,2026-08-15,Saturday,5,False,unknown,2026-08-20;2026-08-21;2026-08-22;2026-08-23;2026-08-24;2026-08-25;2026-08-26,Aug 20–26,20,2026-08-20,2026-08-26,,,0,0,False,2026-08-20,2026-09-02,509,551,0.9238,True
The Fast and the Furious 25th Anniversary,84081,anniversary_or_rerelease,rerelease,amc-southcenter-16,AMC Southcenter 16,confirmed_complete,2026-08-16,Sunday,4,False,unknown,2026-08-20;2026-08-21;2026-08-22;2026-08-23;2026-08-24;2026-08-25;2026-08-26,Aug 20–26,20,2026-08-20,2026-08-26,,,0,0,False,2026-08-20,2026-09-02,510,551,0.9256,True
The Fast and the Furious 25th Anniversary,84081,anniversary_or_rerelease,rerelease,amc-southcenter-16,AMC Southcenter 16,confirmed_complete,2026-08-17,Monday,3,False,unknown,2026-08-20;2026-08-21;2026-08-22;2026-08-23;2026-08-24;2026-08-25;2026-08-26,Aug 20–26,20,2026-08-20,2026-08-26,,,0,0,False,2026-08-20,2026-09-02,510,551,0.9256,True
The Fast and the Furious 25th Anniversary,84081,anniversary_or_rerelease,rerelease,amc-southcenter-16,AMC Southcenter 16,confirmed_complete,2026-08-18,Tuesday,2,False,unknown,2026-08-20;2026-08-21;2026-08-22;2026-08-23;2026-08-24;2026-08-25;2026-08-26;2026-08-27,Aug 20–27,23,2026-08-20,2026-08-27,2026-08-27,Aug 27,3,0,False,2026-08-20,2026-09-02,510,551,0.9256,True
The Fast and the Furious 25th Anniversary,84081,anniversary_or_rerelease,rerelease,amc-southcenter-16,AMC Southcenter 16,confirmed_complete,2026-08-19,Wednesday,1,False,unknown,2026-08-20;2026-08-21;2026-08-22;2026-08-23;2026-08-24;2026-08-25;2026-08-26;2026-08-27,Aug 20–27,35,2026-08-20,2026-08-27,,,12,0,False,2026-08-20,2026-09-02,551,551,1.0,True
The Fast and the Furious 25th Anniversary,84081,anniversary_or_rerelease,rerelease,amc-southcenter-16,AMC Southcenter 16,confirmed_complete,2026-08-20,Thursday,0,False,unknown,2026-08-20;2026-08-21;2026-08-22;2026-08-23;2026-08-24;2026-08-25;2026-08-26;2026-08-27,Aug 20–27,35,2026-08-20,2026-08-27,,,0,0,False,2026-08-20,2026-09-02,551,551,1.0,True
The Fast and the Furious 25th Anniversary,84081,anniversary_or_rerelease,rerelease,amc-southcenter-16,AMC Southcenter 16,confirmed_complete,2026-08-21,Friday,-1,False,unknown,2026-08-20;2026-08-21;2026-08-22;2026-08-23;2026-08-24;2026-08-25;2026-08-26;2026-08-27,Aug 20–27,35,2026-08-20,2026-08-27,,,0,0,False,2026-08-20,2026-09-02,551,551,1.0,True
The Fast and the Furious 25th Anniversary,84081,anniversary_or_rerelease,rerelease,amc-southcenter-16,AMC Southcenter 16,confirmed_complete,2026-08-22,Saturday,-2,False,unknown,2026-08-20;2026-08-21;2026-08-22;2026-08-23;2026-08-24;2026-08-25;2026-08-26;2026-08-27,Aug 20–27,36,2026-08-20,2026-08-27,,,1,0,False,2026-08-20,2026-09-02,551,551,1.0,True
The Fast and the Furious 25th Anniversary,84081,anniversary_or_rerelease,rerelease,amc-southcenter-16,AMC Southcenter 16,confirmed_complete,2026-08-23,Sunday,-3,False,unknown,2026-08-20;2026-08-21;2026-08-22;2026-08-23;2026-08-24;2026-08-25;2026-08-26;2026-08-27,Aug 20–27,36,2026-08-20,2026-08-27,,,0,0,False,2026-08-20,2026-09-02,551,551,1.0,True
The Fast and the Furious 25th Anniversary,84081,anniversary_or_rerelease,rerelease,amc-southcenter-16,AMC Southcenter 16,confirmed_complete,2026-08-24,Monday,-4,False,unknown,2026-08-20;2026-08-21;2026-08-22;2026-08-23;2026-08-24;2026-08-25;2026-08-26;2026-08-27,Aug 20–27,36,2026-08-20,2026-08-27,,,0,0,False,2026-08-20,2026-09-02,551,551,1.0,True
The Fast and the Furious 25th Anniversary,84081,anniversary_or_rerelease,rerelease,amc-southcenter-16,AMC Southcenter 16,confirmed_complete,2026-08-25,Tuesday,-5,False,unknown,2026-08-20;2026-08-21;2026-08-22;2026-08-23;2026-08-24;2026-08-25;2026-08-26;2026-08-27;2026-08-28,Aug 20–28,38,2026-08-20,2026-08-28,2026-08-28,Aug 28,2,0,False,2026-08-20,2026-09-02,551,551,1.0,True
The Fast and the Furious 25th Anniversary,84081,anniversary_or_rerelease,rerelease,amc-southcenter-16,AMC Southcenter 16,confirmed_complete,2026-08-26,Wednesday,-6,False,unknown,2026-08-20;2026-08-21;2026-08-22;2026-08-23;2026-08-24;2026-08-25;2026-08-26;2026-08-27;2026-08-28;2026-08-29;2026-08-30;2026-08-31;2026-09-01;2026-09-02,Aug 20–Sep 2,45,2026-08-20,2026-09-02,2026-08-29;2026-08-30;2026-08-31;2026-09-01;2026-09-02,Aug 29–Sep 2,7,0,False,2026-08-20,2026-09-02,551,551,1.0,True
The Fast and the Furious 25th Anniversary,84081,anniversary_or_rerelease,rerelease,amc-southcenter-16,AMC Southcenter 16,confirmed_complete,2026-08-27,Thursday,-7,False,unknown,2026-08-20;2026-08-21;2026-08-22;2026-08-23;2026-08-24;2026-08-25;2026-08-26;2026-08-27;2026-08-28;2026-08-29;2026-08-30;2026-08-31;2026-09-01;2026-09-02,Aug 20–Sep 2,45,2026-08-20,2026-09-02,,,0,0,False,2026-08-20,2026-09-02,551,551,1.0,True
The Fast and the Furious 25th Anniversary,84081,anniversary_or_rerelease,rerelease,amc-southcenter-16,AMC Southcenter 16,confirmed_complete,2026-08-28,Friday,-8,False,unknown,2026-08-20;2026-08-21;2026-08-22;2026-08-23;2026-08-24;2026-08-25;2026-08-26;2026-08-27;2026-08-28;2026-08-29;2026-08-30;2026-08-31;2026-09-01;2026-09-02,Aug 20–Sep 2,45,2026-08-20,2026-09-02,,,0,0,False,2026-08-20,2026-09-02,551,551,1.0,True
The Fast and the Furious 25th Anniversary,84081,anniversary_or_rerelease,rerelease,amc-southcenter-16,AMC Southcenter 16,confirmed_complete,2026-08-29,Saturday,-9,False,unknown,2026-08-20;2026-08-21;2026-08-22;2026-08-23;2026-08-24;2026-08-25;2026-08-26;2026-08-27;2026-08-28;2026-08-29;2026-08-30;2026-08-31;2026-09-01;2026-09-02,Aug 20–Sep 2,45,2026-08-20,2026-09-02,,,0,0,False,2026-08-20,2026-09-02,551,551,1.0,True
The Fast and the Furious 25th Anniversary,84081,anniversary_or_rerelease,rerelease,amc-southcenter-16,AMC Southcenter 16,confirmed_complete,2026-08-30,Sunday,-10,False,unknown,2026-08-20;2026-08-21;2026-08-22;2026-08-23;2026-08-24;2026-08-25;2026-08-26;2026-08-27;2026-08-28;2026-08-29;2026-08-30;2026-08-31;2026-09-01;2026-09-02,Aug 20–Sep 2,45,2026-08-20,2026-09-02,,,0,0,False,2026-08-20,2026-09-02,551,551,1.0,True
The Fast and the Furious 25th Anniversary,84081,anniversary_or_rerelease,rerelease,amc-southcenter-16,AMC Southcenter 16,confirmed_complete,2026-08-31,Monday,-11,False,unknown,2026-08-20;2026-08-21;2026-08-22;2026-08-23;2026-08-24;2026-08-25;2026-08-26;2026-08-27;2026-08-28;2026-08-29;2026-08-30;2026-08-31;2026-09-01;2026-09-02,Aug 20–Sep 2,45,2026-08-20,2026-09-02,,,0,0,False,2026-08-20,2026-09-02,551,551,1.0,True
The Fast and the Furious 25th Anniversary,84081,anniversary_or_rerelease,rerelease,amc-southcenter-16,AMC Southcenter 16,confirmed_complete,2026-09-01,Tuesday,-12,False,unknown,2026-08-20;2026-08-21;2026-08-22;2026-08-23;2026-08-24;2026-08-25;2026-08-26;2026-08-27;2026-08-28;2026-08-29;2026-08-30;2026-08-31;2026-09-01;2026-09-02,Aug 20–Sep 2,45,2026-08-20,2026-09-02,,,0,0,False,2026-08-20,2026-09-02,551,551,1.0,True
The Fast and the Furious 25th Anniversary,84081,anniversary_or_rerelease,rerelease,amc-southcenter-16,AMC Southcenter 16,confirmed_complete,2026-09-02,Wednesday,-13,False,unknown,2026-08-20;2026-08-21;2026-08-22;2026-08-23;2026-08-24;2026-08-25;2026-08-26;2026-08-27;2026-08-28;2026-08-29;2026-08-30;2026-08-31;2026-09-01;2026-09-02,Aug 20–Sep 2,45,2026-08-20,2026-09-02,,,0,0,False,2026-08-20,2026-09-02,551,551,1.0,True
The Fast and the Furious 25th Anniversary,84081,anniversary_or_rerelease,rerelease,amc-woodinville-12,AMC Woodinville 12,confirmed_complete,2026-08-18,Tuesday,2,True,unknown,2026-08-20;2026-08-21;2026-08-22;2026-08-23;2026-08-24;2026-08-25;2026-08-26,Aug 20–26,7,2026-08-20,2026-08-26,2026-08-20;2026-08-21;2026-08-22;2026-08-23;2026-08-24;2026-08-25;2026-08-26,Aug 20–26,7,0,False,2026-08-20,2026-08-27,395,395,1.0,True
The Fast and the Furious 25th Anniversary,84081,anniversary_or_rerelease,rerelease,amc-woodinville-12,AMC Woodinville 12,confirmed_complete,2026-08-19,Wednesday,1,False,unknown,2026-08-20;2026-08-21;2026-08-22;2026-08-23;2026-08-24;2026-08-25;2026-08-26,Aug 20–26,7,2026-08-20,2026-08-26,,,0,0,False,2026-08-20,2026-08-27,395,395,1.0,True
The Fast and the Furious 25th Anniversary,84081,anniversary_or_rerelease,rerelease,amc-woodinville-12,AMC Woodinville 12,confirmed_complete,2026-08-20,Thursday,0,False,unknown,2026-08-20;2026-08-21;2026-08-22;2026-08-23;2026-08-24;2026-08-25;2026-08-26,Aug 20–26,7,2026-08-20,2026-08-26,,,0,0,False,2026-08-20,2026-08-27,395,395,1.0,True
The Fast and the Furious 25th Anniversary,84081,anniversary_or_rerelease,rerelease,amc-woodinville-12,AMC Woodinville 12,confirmed_complete,2026-08-21,Friday,-1,False,unknown,2026-08-20;2026-08-21;2026-08-22;2026-08-23;2026-08-24;2026-08-25;2026-08-26,Aug 20–26,7,2026-08-20,2026-08-26,,,0,0,False,2026-08-20,2026-08-27,395,395,1.0,True
The Fast and the Furious 25th Anniversary,84081,anniversary_or_rerelease,rerelease,amc-woodinville-12,AMC Woodinville 12,confirmed_complete,2026-08-22,Saturday,-2,False,unknown,2026-08-20;2026-08-21;2026-08-22;2026-08-23;2026-08-24;2026-08-25;2026-08-26,Aug 20–26,7,2026-08-20,2026-08-26,,,0,0,False,2026-08-20,2026-08-27,395,395,1.0,True
The Fast and the Furious 25th Anniversary,84081,anniversary_or_rerelease,rerelease,amc-woodinville-12,AMC Woodinville 12,confirmed_complete,2026-08-23,Sunday,-3,False,unknown,2026-08-20;2026-08-21;2026-08-22;2026-08-23;2026-08-24;2026-08-25;2026-08-26,Aug 20–26,7,2026-08-20,2026-08-26,,,0,0,False,2026-08-20,2026-08-27,395,395,1.0,True
The Fast and the Furious 25th Anniversary,84081,anniversary_or_rerelease,rerelease,amc-woodinville-12,AMC Woodinville 12,confirmed_complete,2026-08-24,Monday,-4,False,unknown,2026-08-20;2026-08-21;2026-08-22;2026-08-23;2026-08-24;2026-08-25;2026-08-26,Aug 20–26,7,2026-08-20,2026-08-26,,,0,0,False,2026-08-20,2026-08-27,395,395,1.0,True
The Fast and the Furious 25th Anniversary,84081,anniversary_or_rerelease,rerelease,amc-woodinville-12,AMC Woodinville 12,confirmed_complete,2026-08-25,Tuesday,-5,False,unknown,2026-08-20;2026-08-21;2026-08-22;2026-08-23;2026-08-24;2026-08-25;2026-08-26,Aug 20–26,7,2026-08-20,2026-08-26,,,0,0,False,2026-08-20,2026-08-27,395,395,1.0,True
The Fast and the Furious 25th Anniversary,84081,anniversary_or_rerelease,rerelease,amc-woodinville-12,AMC Woodinville 12,confirmed_complete,2026-08-26,Wednesday,-6,False,unknown,2026-08-20;2026-08-21;2026-08-22;2026-08-23;2026-08-24;2026-08-25;2026-08-26,Aug 20–26,7,2026-08-20,2026-08-26,,,0,0,False,2026-08-20,2026-08-27,395,395,1.0,True
The Fast and the Furious 25th Anniversary,84081,anniversary_or_rerelease,rerelease,amc-woodinville-12,AMC Woodinville 12,confirmed_complete,2026-08-27,Thursday,-7,False,unknown,2026-08-20;2026-08-21;2026-08-22;2026-08-23;2026-08-24;2026-08-25;2026-08-26;2026-08-27,Aug 20–27,9,2026-08-20,2026-08-27,2026-08-27,Aug 27,2,0,False,2026-08-20,2026-08-27,395,395,1.0,True
