theater_id,theater_name,show_date,weekday,screenings,distinct_films,morning,afternoon,prime,late,inferred_auditoria,screenings_per_inferred_auditorium,holiday_note,dense,occurred_day
amc-alderwood-mall-16,AMC Alderwood Mall 16,2026-06-29,Monday,80,20,0,23,26,10,16,5.0,,True,True
amc-alderwood-mall-16,AMC Alderwood Mall 16,2026-06-30,Tuesday,79,19,0,22,26,10,16,4.94,,True,True
amc-alderwood-mall-16,AMC Alderwood Mall 16,2026-07-01,Wednesday,86,17,1,24,29,10,16,5.38,,True,True
amc-alderwood-mall-16,AMC Alderwood Mall 16,2026-07-02,Thursday,91,17,0,25,28,13,16,5.69,,True,True
amc-alderwood-mall-16,AMC Alderwood Mall 16,2026-07-03,Friday,86,16,0,26,24,11,16,5.38,day before Independence Day,True,True
amc-alderwood-mall-16,AMC Alderwood Mall 16,2026-07-04,Saturday,88,16,0,25,28,11,16,5.5,Independence Day,True,True
amc-alderwood-mall-16,AMC Alderwood Mall 16,2026-07-05,Sunday,87,18,0,24,28,11,16,5.44,day after Independence Day,True,True
amc-alderwood-mall-16,AMC Alderwood Mall 16,2026-07-06,Monday,79,20,0,22,29,10,16,4.94,,True,True
amc-alderwood-mall-16,AMC Alderwood Mall 16,2026-07-07,Tuesday,80,19,0,25,27,10,16,5.0,,True,True
amc-alderwood-mall-16,AMC Alderwood Mall 16,2026-07-08,Wednesday,81,20,0,25,29,10,16,5.06,,True,True
amc-alderwood-mall-16,AMC Alderwood Mall 16,2026-07-09,Thursday,82,18,0,25,28,13,16,5.12,,True,True
amc-alderwood-mall-16,AMC Alderwood Mall 16,2026-07-10,Friday,82,15,0,25,25,10,16,5.12,,True,True
amc-alderwood-mall-16,AMC Alderwood Mall 16,2026-07-11,Saturday,83,17,0,25,27,10,16,5.19,,True,True
amc-alderwood-mall-16,AMC Alderwood Mall 16,2026-07-12,Sunday,81,15,0,27,25,10,16,5.06,,True,True
amc-alderwood-mall-16,AMC Alderwood Mall 16,2026-07-13,Monday,82,16,0,23,26,12,16,5.12,,True,True
amc-alderwood-mall-16,AMC Alderwood Mall 16,2026-07-14,Tuesday,85,16,0,24,26,14,16,5.31,,True,True
amc-alderwood-mall-16,AMC Alderwood Mall 16,2026-07-15,Wednesday,81,17,0,23,27,11,16,5.06,,True,True
amc-alderwood-mall-16,AMC Alderwood Mall 16,2026-07-16,Thursday,78,13,0,25,25,10,16,4.88,,True,True
amc-alderwood-mall-16,AMC Alderwood Mall 16,2026-07-17,Friday,79,13,0,21,24,12,16,4.94,,True,True
amc-alderwood-mall-16,AMC Alderwood Mall 16,2026-07-18,Saturday,80,14,0,22,25,12,16,5.0,,True,True
amc-alderwood-mall-16,AMC Alderwood Mall 16,2026-07-19,Sunday,81,14,0,21,24,13,16,5.06,,True,True
amc-alderwood-mall-16,AMC Alderwood Mall 16,2026-07-20,Monday,77,16,0,21,26,13,16,4.81,,True,True
amc-alderwood-mall-16,AMC Alderwood Mall 16,2026-07-21,Tuesday,76,14,0,21,26,12,16,4.75,,True,True
amc-alderwood-mall-16,AMC Alderwood Mall 16,2026-07-22,Wednesday,74,16,0,19,25,12,16,4.62,,True,True
amc-alderwood-mall-16,AMC Alderwood Mall 16,2026-07-23,Thursday,85,20,0,24,25,12,16,5.31,,True,True
amc-alderwood-mall-16,AMC Alderwood Mall 16,2026-07-24,Friday,73,17,0,22,24,11,16,4.56,,True,True
amc-alderwood-mall-16,AMC Alderwood Mall 16,2026-07-25,Saturday,73,17,0,21,25,11,16,4.56,,True,True
amc-alderwood-mall-16,AMC Alderwood Mall 16,2026-07-26,Sunday,80,19,0,24,25,13,16,5.0,,True,True
amc-alderwood-mall-16,AMC Alderwood Mall 16,2026-07-27,Monday,82,20,0,25,25,12,16,5.12,,True,True
amc-alderwood-mall-16,AMC Alderwood Mall 16,2026-07-28,Tuesday,75,17,0,21,24,11,16,4.69,,True,True
amc-alderwood-mall-16,AMC Alderwood Mall 16,2026-07-29,Wednesday,72,18,0,22,20,12,16,4.5,,True,True
amc-alderwood-mall-16,AMC Alderwood Mall 16,2026-07-30,Thursday,74,12,0,19,22,14,16,4.62,,True,True
amc-alderwood-mall-16,AMC Alderwood Mall 16,2026-07-31,Friday,88,11,4,18,23,11,16,5.5,,True,True
amc-alderwood-mall-16,AMC Alderwood Mall 16,2026-08-01,Saturday,81,12,0,19,23,12,16,5.06,,True,True
amc-alderwood-mall-16,AMC Alderwood Mall 16,2026-08-02,Sunday,82,13,0,20,24,11,16,5.12,,True,True
amc-alderwood-mall-16,AMC Alderwood Mall 16,2026-08-03,Monday,81,13,0,20,24,10,16,5.06,,True,True
amc-alderwood-mall-16,AMC Alderwood Mall 16,2026-08-04,Tuesday,81,12,0,17,23,13,16,5.06,,True,True
amc-alderwood-mall-16,AMC Alderwood Mall 16,2026-08-05,Wednesday,81,13,0,20,24,10,16,5.06,,True,True
amc-alderwood-mall-16,AMC Alderwood Mall 16,2026-08-06,Thursday,85,18,0,21,26,10,16,5.31,,True,True
amc-alderwood-mall-16,AMC Alderwood Mall 16,2026-08-07,Friday,85,13,0,20,24,12,16,5.31,,True,True
amc-alderwood-mall-16,AMC Alderwood Mall 16,2026-08-08,Saturday,87,17,0,25,23,12,16,5.44,,True,True
amc-alderwood-mall-16,AMC Alderwood Mall 16,2026-08-09,Sunday,91,14,0,20,28,13,16,5.69,,True,True
amc-alderwood-mall-16,AMC Alderwood Mall 16,2026-08-10,Monday,88,17,0,23,28,9,16,5.5,,True,True
amc-alderwood-mall-16,AMC Alderwood Mall 16,2026-08-11,Tuesday,86,16,0,22,25,12,16,5.38,,True,True
amc-alderwood-mall-16,AMC Alderwood Mall 16,2026-08-12,Wednesday,84,15,0,19,25,10,16,5.25,,True,True
amc-alderwood-mall-16,AMC Alderwood Mall 16,2026-08-13,Thursday,88,21,0,21,29,9,16,5.5,,True,True
amc-alderwood-mall-16,AMC Alderwood Mall 16,2026-08-14,Friday,84,22,0,25,29,8,16,5.25,,True,True
amc-alderwood-mall-16,AMC Alderwood Mall 16,2026-08-15,Saturday,88,21,0,27,28,10,16,5.5,,True,True
amc-alderwood-mall-16,AMC Alderwood Mall 16,2026-08-16,Sunday,92,23,0,26,30,12,16,5.75,,True,True
amc-alderwood-mall-16,AMC Alderwood Mall 16,2026-08-17,Monday,82,23,0,26,30,10,16,5.12,,True,True
amc-alderwood-mall-16,AMC Alderwood Mall 16,2026-08-18,Tuesday,82,22,0,25,29,11,16,5.12,,True,True
amc-alderwood-mall-16,AMC Alderwood Mall 16,2026-08-19,Wednesday,74,23,0,21,26,12,16,4.62,,True,True
amc-alderwood-mall-16,AMC Alderwood Mall 16,2026-08-20,Thursday,77,23,0,25,28,12,16,4.81,,True,True
amc-alderwood-mall-16,AMC Alderwood Mall 16,2026-08-21,Friday,85,22,0,29,28,13,16,5.31,,True,True
amc-alderwood-mall-16,AMC Alderwood Mall 16,2026-08-22,Saturday,92,23,0,30,30,12,16,5.75,,True,True
amc-alderwood-mall-16,AMC Alderwood Mall 16,2026-08-23,Sunday,89,25,0,31,29,11,16,5.56,,True,True
amc-alderwood-mall-16,AMC Alderwood Mall 16,2026-08-24,Monday,89,23,0,31,30,12,16,5.56,,True,True
amc-alderwood-mall-16,AMC Alderwood Mall 16,2026-08-25,Tuesday,87,25,0,30,31,11,16,5.44,,True,True
amc-alderwood-mall-16,AMC Alderwood Mall 16,2026-08-26,Wednesday,89,25,0,32,30,11,16,5.56,,True,True
amc-alderwood-mall-16,AMC Alderwood Mall 16,2026-08-27,Thursday,80,26,0,26,26,11,16,5.0,,True,True
amc-alderwood-mall-16,AMC Alderwood Mall 16,2026-08-28,Friday,79,24,0,27,24,12,16,4.94,,True,True
amc-alderwood-mall-16,AMC Alderwood Mall 16,2026-08-29,Saturday,77,25,0,28,24,12,16,4.81,,True,True
amc-alderwood-mall-16,AMC Alderwood Mall 16,2026-08-30,Sunday,80,25,0,25,27,14,16,5.0,,True,True
amc-alderwood-mall-16,AMC Alderwood Mall 16,2026-08-31,Monday,81,25,0,26,29,11,16,5.06,,True,True
amc-alderwood-mall-16,AMC Alderwood Mall 16,2026-09-01,Tuesday,77,24,0,29,26,8,16,4.81,,True,True
amc-alderwood-mall-16,AMC Alderwood Mall 16,2026-09-02,Wednesday,85,26,0,28,28,14,16,5.31,,True,True
amc-alderwood-mall-16,AMC Alderwood Mall 16,2026-09-03,Thursday,78,23,0,22,26,12,16,4.88,,True,True
amc-alderwood-mall-16,AMC Alderwood Mall 16,2026-09-04,Friday,67,24,0,23,23,14,16,4.19,,True,True
amc-alderwood-mall-16,AMC Alderwood Mall 16,2026-09-05,Saturday,71,24,0,23,24,12,16,4.44,,True,True
amc-alderwood-mall-16,AMC Alderwood Mall 16,2026-09-06,Sunday,72,25,0,24,23,13,16,4.5,day before Labor Day,True,True
amc-alderwood-mall-16,AMC Alderwood Mall 16,2026-09-07,Monday,69,26,0,19,25,13,16,4.31,Labor Day,True,True
amc-alderwood-mall-16,AMC Alderwood Mall 16,2026-09-08,Tuesday,68,24,0,23,24,13,16,4.25,day after Labor Day,True,True
amc-alderwood-mall-16,AMC Alderwood Mall 16,2026-09-09,Wednesday,70,23,0,23,27,12,16,4.38,,True,True
amc-alderwood-mall-16,AMC Alderwood Mall 16,2026-09-10,Thursday,64,22,0,19,25,10,16,4.0,,True,True
amc-alderwood-mall-16,AMC Alderwood Mall 16,2026-09-11,Friday,66,22,0,22,24,12,16,4.12,,True,True
amc-alderwood-mall-16,AMC Alderwood Mall 16,2026-09-12,Saturday,69,22,0,20,22,15,16,4.31,,True,True
amc-alderwood-mall-16,AMC Alderwood Mall 16,2026-09-13,Sunday,67,24,0,21,23,13,16,4.19,,True,True
amc-alderwood-mall-16,AMC Alderwood Mall 16,2026-09-14,Monday,62,23,0,22,19,13,16,3.88,,True,True
amc-alderwood-mall-16,AMC Alderwood Mall 16,2026-09-15,Tuesday,63,23,0,23,21,11,16,3.94,,True,True
amc-alderwood-mall-16,AMC Alderwood Mall 16,2026-09-16,Wednesday,64,24,0,21,19,13,16,4.0,,True,True
amc-alderwood-mall-16,AMC Alderwood Mall 16,2026-09-17,Thursday,65,25,0,24,27,7,16,4.06,,True,True
amc-alderwood-mall-16,AMC Alderwood Mall 16,2026-09-18,Friday,70,24,0,19,27,11,16,4.38,,True,True
amc-alderwood-mall-16,AMC Alderwood Mall 16,2026-09-19,Saturday,75,27,0,24,26,12,16,4.69,,True,True
amc-alderwood-mall-16,AMC Alderwood Mall 16,2026-09-20,Sunday,75,27,0,24,27,11,16,4.69,,True,True
amc-alderwood-mall-16,AMC Alderwood Mall 16,2026-09-21,Monday,66,25,0,29,25,12,16,4.12,,True,True
amc-alderwood-mall-16,AMC Alderwood Mall 16,2026-09-22,Tuesday,65,23,0,28,24,13,16,4.06,,True,True
amc-alderwood-mall-16,AMC Alderwood Mall 16,2026-09-23,Wednesday,67,25,0,31,24,12,16,4.19,,True,True
amc-alderwood-mall-16,AMC Alderwood Mall 16,2026-09-24,Thursday,64,23,0,27,24,13,16,4.0,,True,True
amc-alderwood-mall-16,AMC Alderwood Mall 16,2026-09-25,Friday,65,21,0,25,23,12,16,4.06,,True,True
amc-alderwood-mall-16,AMC Alderwood Mall 16,2026-09-26,Saturday,75,23,0,23,23,12,16,4.69,,True,True
amc-alderwood-mall-16,AMC Alderwood Mall 16,2026-09-27,Sunday,77,23,0,24,23,12,16,4.81,,True,True
amc-alderwood-mall-16,AMC Alderwood Mall 16,2026-09-28,Monday,62,22,0,29,23,10,16,3.88,,True,True
amc-alderwood-mall-16,AMC Alderwood Mall 16,2026-09-29,Tuesday,62,22,0,28,22,12,16,3.88,,True,True
amc-alderwood-mall-16,AMC Alderwood Mall 16,2026-09-30,Wednesday,63,24,0,29,23,11,16,3.94,,True,True
amc-alderwood-mall-16,AMC Alderwood Mall 16,2026-10-01,Thursday,62,21,0,26,25,11,16,3.88,,True,False
amc-alderwood-mall-16,AMC Alderwood Mall 16,2026-10-02,Friday,72,23,0,23,23,11,16,4.5,,True,False
amc-alderwood-mall-16,AMC Alderwood Mall 16,2026-10-03,Saturday,77,24,0,21,26,8,16,4.81,,True,False
amc-alderwood-mall-16,AMC Alderwood Mall 16,2026-10-04,Sunday,73,24,0,23,26,9,16,4.56,,True,False
amc-alderwood-mall-16,AMC Alderwood Mall 16,2026-10-05,Monday,61,24,0,27,23,11,16,3.81,,True,False
amc-alderwood-mall-16,AMC Alderwood Mall 16,2026-10-06,Tuesday,64,23,0,26,20,13,16,4.0,,True,False
amc-alderwood-mall-16,AMC Alderwood Mall 16,2026-10-07,Wednesday,64,23,0,23,22,12,16,4.0,,True,False
amc-alderwood-mall-16,AMC Alderwood Mall 16,2026-10-08,Thursday,17,10,0,6,9,2,16,1.06,,False,False
amc-alderwood-mall-16,AMC Alderwood Mall 16,2026-10-09,Friday,15,8,0,8,5,2,16,0.94,,False,False
amc-alderwood-mall-16,AMC Alderwood Mall 16,2026-10-10,Saturday,16,8,0,7,5,2,16,1.0,,False,False
amc-alderwood-mall-16,AMC Alderwood Mall 16,2026-10-11,Sunday,18,10,0,7,7,2,16,1.12,,False,False
amc-alderwood-mall-16,AMC Alderwood Mall 16,2026-10-12,Monday,18,11,0,8,8,2,16,1.12,,False,False
amc-alderwood-mall-16,AMC Alderwood Mall 16,2026-10-13,Tuesday,16,9,0,8,6,2,16,1.0,,False,False
amc-alderwood-mall-16,AMC Alderwood Mall 16,2026-10-14,Wednesday,18,11,0,8,8,2,16,1.12,,False,False
amc-alderwood-mall-16,AMC Alderwood Mall 16,2026-10-15,Thursday,26,8,0,8,10,8,16,1.62,,False,False
amc-alderwood-mall-16,AMC Alderwood Mall 16,2026-10-16,Friday,30,7,0,10,12,6,16,1.88,,False,False
amc-alderwood-mall-16,AMC Alderwood Mall 16,2026-10-17,Saturday,37,8,0,12,10,7,16,2.31,,False,False
amc-alderwood-mall-16,AMC Alderwood Mall 16,2026-10-18,Sunday,31,7,0,11,12,6,16,1.94,,False,False
amc-alderwood-mall-16,AMC Alderwood Mall 16,2026-10-19,Monday,31,10,0,10,14,7,16,1.94,,False,False
amc-alderwood-mall-16,AMC Alderwood Mall 16,2026-10-20,Tuesday,30,8,0,10,13,7,16,1.88,,False,False
amc-alderwood-mall-16,AMC Alderwood Mall 16,2026-10-21,Wednesday,31,8,0,12,12,7,16,1.94,,False,False
amc-alderwood-mall-16,AMC Alderwood Mall 16,2026-10-22,Thursday,8,4,0,2,5,1,16,0.5,,False,False
amc-alderwood-mall-16,AMC Alderwood Mall 16,2026-10-23,Friday,7,3,0,2,4,0,16,0.44,,False,False
amc-alderwood-mall-16,AMC Alderwood Mall 16,2026-10-24,Saturday,9,5,0,4,3,0,16,0.56,,False,False
amc-alderwood-mall-16,AMC Alderwood Mall 16,2026-10-25,Sunday,10,6,0,4,4,0,16,0.62,,False,False
amc-alderwood-mall-16,AMC Alderwood Mall 16,2026-10-26,Monday,8,4,0,2,5,0,16,0.5,,False,False
amc-alderwood-mall-16,AMC Alderwood Mall 16,2026-10-27,Tuesday,9,5,0,2,6,0,16,0.56,,False,False
amc-alderwood-mall-16,AMC Alderwood Mall 16,2026-10-28,Wednesday,9,5,0,2,6,0,16,0.56,,False,False
amc-alderwood-mall-16,AMC Alderwood Mall 16,2026-10-29,Thursday,3,3,0,0,3,0,16,0.19,,False,False
amc-alderwood-mall-16,AMC Alderwood Mall 16,2026-10-30,Friday,4,4,0,2,1,0,16,0.25,,False,False
amc-alderwood-mall-16,AMC Alderwood Mall 16,2026-10-31,Saturday,4,4,0,1,2,0,16,0.25,,False,False
amc-alderwood-mall-16,AMC Alderwood Mall 16,2026-11-01,Sunday,2,1,0,1,1,0,16,0.12,,False,False
amc-alderwood-mall-16,AMC Alderwood Mall 16,2026-11-04,Wednesday,1,1,0,0,1,0,16,0.06,,False,False
amc-alderwood-mall-16,AMC Alderwood Mall 16,2026-11-05,Thursday,3,3,0,1,2,0,16,0.19,,False,False
amc-alderwood-mall-16,AMC Alderwood Mall 16,2026-11-06,Friday,3,2,0,2,1,0,16,0.19,,False,False
amc-alderwood-mall-16,AMC Alderwood Mall 16,2026-11-07,Saturday,5,4,0,4,1,0,16,0.31,,False,False
amc-alderwood-mall-16,AMC Alderwood Mall 16,2026-11-08,Sunday,4,3,0,3,1,0,16,0.25,,False,False
amc-alderwood-mall-16,AMC Alderwood Mall 16,2026-11-09,Monday,4,3,0,2,2,0,16,0.25,,False,False
amc-alderwood-mall-16,AMC Alderwood Mall 16,2026-11-10,Tuesday,4,3,0,2,2,0,16,0.25,,False,False
amc-alderwood-mall-16,AMC Alderwood Mall 16,2026-11-11,Wednesday,4,3,0,2,2,0,16,0.25,,False,False
amc-alderwood-mall-16,AMC Alderwood Mall 16,2026-11-14,Saturday,1,1,0,1,0,0,16,0.06,,False,False
amc-alderwood-mall-16,AMC Alderwood Mall 16,2026-11-16,Monday,1,1,0,0,1,0,16,0.06,,False,False
amc-alderwood-mall-16,AMC Alderwood Mall 16,2026-11-22,Sunday,1,1,0,1,0,0,16,0.06,,False,False
amc-alderwood-mall-16,AMC Alderwood Mall 16,2026-11-23,Monday,2,2,0,0,2,0,16,0.12,,False,False
amc-alderwood-mall-16,AMC Alderwood Mall 16,2026-11-24,Tuesday,2,1,0,1,0,0,16,0.12,,False,False
amc-alderwood-mall-16,AMC Alderwood Mall 16,2026-11-25,Wednesday,2,1,0,2,0,0,16,0.12,,False,False
amc-alderwood-mall-16,AMC Alderwood Mall 16,2026-11-26,Thursday,2,1,0,2,0,0,16,0.12,,False,False
amc-alderwood-mall-16,AMC Alderwood Mall 16,2026-11-27,Friday,2,1,0,2,0,0,16,0.12,,False,False
amc-alderwood-mall-16,AMC Alderwood Mall 16,2026-11-28,Saturday,2,1,0,2,0,0,16,0.12,,False,False
amc-alderwood-mall-16,AMC Alderwood Mall 16,2026-11-29,Sunday,2,1,0,2,0,0,16,0.12,,False,False
amc-alderwood-mall-16,AMC Alderwood Mall 16,2026-11-30,Monday,2,1,0,2,0,0,16,0.12,,False,False
amc-alderwood-mall-16,AMC Alderwood Mall 16,2026-12-01,Tuesday,2,1,0,2,0,0,16,0.12,,False,False
amc-alderwood-mall-16,AMC Alderwood Mall 16,2026-12-02,Wednesday,2,1,0,2,0,0,16,0.12,,False,False
amc-alderwood-mall-16,AMC Alderwood Mall 16,2026-12-05,Saturday,1,1,0,0,0,0,16,0.06,,False,False
amc-alderwood-mall-16,AMC Alderwood Mall 16,2026-12-06,Sunday,1,1,0,1,0,0,16,0.06,,False,False
amc-alderwood-mall-16,AMC Alderwood Mall 16,2026-12-09,Wednesday,1,1,0,0,1,0,16,0.06,,False,False
amc-alderwood-mall-16,AMC Alderwood Mall 16,2026-12-12,Saturday,1,1,0,1,0,0,16,0.06,,False,False
amc-alderwood-mall-16,AMC Alderwood Mall 16,2026-12-15,Tuesday,5,1,0,0,4,1,16,0.31,,False,False
amc-alderwood-mall-16,AMC Alderwood Mall 16,2026-12-17,Thursday,21,2,0,8,9,4,16,1.31,,False,False
amc-alderwood-mall-16,AMC Alderwood Mall 16,2026-12-18,Friday,37,3,2,8,11,5,16,2.31,,False,False
amc-alderwood-mall-16,AMC Alderwood Mall 16,2026-12-19,Saturday,44,3,1,9,10,5,16,2.75,,False,False
amc-alderwood-mall-16,AMC Alderwood Mall 16,2026-12-20,Sunday,36,4,0,9,10,5,16,2.25,,False,False
amc-alderwood-mall-16,AMC Alderwood Mall 16,2026-12-21,Monday,30,3,0,7,10,5,16,1.88,,False,False
amc-alderwood-mall-16,AMC Alderwood Mall 16,2026-12-22,Tuesday,30,3,0,8,9,5,16,1.88,,False,False
amc-alderwood-mall-16,AMC Alderwood Mall 16,2026-12-23,Wednesday,30,3,0,7,10,5,16,1.88,,False,False
amc-alderwood-mall-16,AMC Alderwood Mall 16,2026-12-24,Thursday,26,3,0,7,8,4,16,1.62,,False,False
amc-alderwood-mall-16,AMC Alderwood Mall 16,2026-12-25,Friday,20,2,0,5,7,3,16,1.25,,False,False
amc-alderwood-mall-16,AMC Alderwood Mall 16,2026-12-26,Saturday,20,2,0,5,7,3,16,1.25,,False,False
amc-alderwood-mall-16,AMC Alderwood Mall 16,2026-12-27,Sunday,20,2,0,5,7,3,16,1.25,,False,False
amc-alderwood-mall-16,AMC Alderwood Mall 16,2026-12-28,Monday,20,2,0,5,7,3,16,1.25,,False,False
amc-alderwood-mall-16,AMC Alderwood Mall 16,2026-12-29,Tuesday,20,2,0,5,7,3,16,1.25,,False,False
amc-alderwood-mall-16,AMC Alderwood Mall 16,2026-12-30,Wednesday,20,2,0,5,7,3,16,1.25,,False,False
amc-alderwood-mall-16,AMC Alderwood Mall 16,2026-12-31,Thursday,19,2,0,5,7,2,16,1.19,,False,False
amc-alderwood-mall-16,AMC Alderwood Mall 16,2027-01-01,Friday,14,2,0,3,5,2,16,0.88,,False,False
amc-alderwood-mall-16,AMC Alderwood Mall 16,2027-01-02,Saturday,14,2,0,3,5,2,16,0.88,,False,False
amc-alderwood-mall-16,AMC Alderwood Mall 16,2027-01-03,Sunday,14,2,0,3,5,2,16,0.88,,False,False
amc-alderwood-mall-16,AMC Alderwood Mall 16,2027-01-04,Monday,11,2,0,3,5,1,16,0.69,,False,False
amc-alderwood-mall-16,AMC Alderwood Mall 16,2027-01-05,Tuesday,11,2,0,3,5,1,16,0.69,,False,False
amc-alderwood-mall-16,AMC Alderwood Mall 16,2027-01-06,Wednesday,11,2,0,3,5,1,16,0.69,,False,False
amc-alderwood-mall-16,AMC Alderwood Mall 16,2027-01-07,Thursday,11,2,0,3,5,1,16,0.69,,False,False
amc-alderwood-mall-16,AMC Alderwood Mall 16,2027-01-23,Saturday,1,1,0,0,0,0,16,0.06,,False,False
amc-alderwood-mall-16,AMC Alderwood Mall 16,2027-03-20,Saturday,1,1,0,0,0,0,16,0.06,,False,False
amc-alderwood-mall-16,AMC Alderwood Mall 16,2027-04-03,Saturday,1,1,0,0,0,0,16,0.06,,False,False
amc-alderwood-mall-16,AMC Alderwood Mall 16,2027-04-24,Saturday,1,1,0,0,0,0,16,0.06,,False,False
amc-alderwood-mall-16,AMC Alderwood Mall 16,2027-05-08,Saturday,1,1,0,1,0,0,16,0.06,,False,False
amc-alderwood-mall-16,AMC Alderwood Mall 16,2027-06-05,Saturday,1,1,0,0,0,0,16,0.06,,False,False
amc-factoria-8,AMC Factoria 8,2026-06-29,Monday,40,7,0,12,13,5,8,5.0,,True,True
amc-factoria-8,AMC Factoria 8,2026-06-30,Tuesday,40,6,0,13,13,5,8,5.0,,True,True
amc-factoria-8,AMC Factoria 8,2026-07-01,Wednesday,41,6,0,14,13,6,8,5.12,,True,True
amc-factoria-8,AMC Factoria 8,2026-07-02,Thursday,41,7,0,13,13,6,8,5.12,,True,True
amc-factoria-8,AMC Factoria 8,2026-07-03,Friday,41,8,0,13,12,6,8,5.12,day before Independence Day,True,True
amc-factoria-8,AMC Factoria 8,2026-07-04,Saturday,41,8,0,13,12,6,8,5.12,Independence Day,True,True
amc-factoria-8,AMC Factoria 8,2026-07-05,Sunday,42,8,0,13,12,6,8,5.25,day after Independence Day,True,True
amc-factoria-8,AMC Factoria 8,2026-07-06,Monday,41,8,0,13,12,6,8,5.12,,True,True
amc-factoria-8,AMC Factoria 8,2026-07-07,Tuesday,42,8,0,13,13,6,8,5.25,,True,True
amc-factoria-8,AMC Factoria 8,2026-07-08,Wednesday,41,8,0,13,13,5,8,5.12,,True,True
amc-factoria-8,AMC Factoria 8,2026-07-09,Thursday,41,11,0,13,12,8,8,5.12,,True,True
amc-factoria-8,AMC Factoria 8,2026-07-10,Friday,40,9,0,12,12,7,8,5.0,,True,True
amc-factoria-8,AMC Factoria 8,2026-07-11,Saturday,41,9,0,12,13,7,8,5.12,,True,True
amc-factoria-8,AMC Factoria 8,2026-07-12,Sunday,41,9,0,12,13,7,8,5.12,,True,True
amc-factoria-8,AMC Factoria 8,2026-07-13,Monday,40,9,0,12,12,7,8,5.0,,True,True
amc-factoria-8,AMC Factoria 8,2026-07-14,Tuesday,39,9,0,11,12,8,8,4.88,,True,True
amc-factoria-8,AMC Factoria 8,2026-07-15,Wednesday,40,9,0,12,12,7,8,5.0,,True,True
amc-factoria-8,AMC Factoria 8,2026-07-16,Thursday,44,10,0,14,12,7,8,5.5,,True,True
amc-factoria-8,AMC Factoria 8,2026-07-17,Friday,39,7,0,11,11,7,8,4.88,,True,True
amc-factoria-8,AMC Factoria 8,2026-07-18,Saturday,39,7,0,11,12,6,8,4.88,,True,True
amc-factoria-8,AMC Factoria 8,2026-07-19,Sunday,39,7,0,11,12,6,8,4.88,,True,True
amc-factoria-8,AMC Factoria 8,2026-07-20,Monday,38,8,0,11,11,6,8,4.75,,True,True
amc-factoria-8,AMC Factoria 8,2026-07-21,Tuesday,35,7,0,10,11,6,8,4.38,,True,True
amc-factoria-8,AMC Factoria 8,2026-07-22,Wednesday,44,8,0,11,15,8,8,5.5,,True,True
amc-factoria-8,AMC Factoria 8,2026-07-23,Thursday,40,10,0,12,13,7,8,5.0,,True,True
amc-factoria-8,AMC Factoria 8,2026-07-24,Friday,34,6,0,10,12,4,8,4.25,,True,True
amc-factoria-8,AMC Factoria 8,2026-07-25,Saturday,35,6,0,10,13,4,8,4.38,,True,True
amc-factoria-8,AMC Factoria 8,2026-07-26,Sunday,35,6,0,11,12,4,8,4.38,,True,True
amc-factoria-8,AMC Factoria 8,2026-07-27,Monday,34,7,0,10,13,3,8,4.25,,True,True
amc-factoria-8,AMC Factoria 8,2026-07-28,Tuesday,34,6,0,10,12,4,8,4.25,,True,True
amc-factoria-8,AMC Factoria 8,2026-07-29,Wednesday,34,6,0,10,12,4,8,4.25,,True,True
amc-factoria-8,AMC Factoria 8,2026-07-30,Thursday,30,5,0,9,10,5,8,3.75,,True,True
amc-factoria-8,AMC Factoria 8,2026-07-31,Friday,37,5,0,11,9,8,8,4.62,,True,True
amc-factoria-8,AMC Factoria 8,2026-08-01,Saturday,37,5,0,11,9,8,8,4.62,,True,True
amc-factoria-8,AMC Factoria 8,2026-08-02,Sunday,36,5,0,11,10,6,8,4.5,,True,True
amc-factoria-8,AMC Factoria 8,2026-08-03,Monday,39,6,0,12,11,6,8,4.88,,True,True
amc-factoria-8,AMC Factoria 8,2026-08-04,Tuesday,38,5,0,11,11,6,8,4.75,,True,True
amc-factoria-8,AMC Factoria 8,2026-08-05,Wednesday,38,5,0,11,11,6,8,4.75,,True,True
amc-factoria-8,AMC Factoria 8,2026-08-06,Thursday,35,8,0,9,13,4,8,4.38,,True,True
amc-factoria-8,AMC Factoria 8,2026-08-07,Friday,38,5,0,10,10,7,8,4.75,,True,True
amc-factoria-8,AMC Factoria 8,2026-08-08,Saturday,39,5,0,10,10,8,8,4.88,,True,True
amc-factoria-8,AMC Factoria 8,2026-08-09,Sunday,40,5,0,10,12,7,8,5.0,,True,True
amc-factoria-8,AMC Factoria 8,2026-08-10,Monday,37,6,0,10,11,6,8,4.62,,True,True
amc-factoria-8,AMC Factoria 8,2026-08-11,Tuesday,37,5,0,10,12,6,8,4.62,,True,True
amc-factoria-8,AMC Factoria 8,2026-08-12,Wednesday,38,5,0,10,12,6,8,4.75,,True,True
amc-factoria-8,AMC Factoria 8,2026-08-13,Thursday,42,7,0,12,14,6,8,5.25,,True,True
amc-factoria-8,AMC Factoria 8,2026-08-14,Friday,42,6,0,13,13,7,8,5.25,,True,True
amc-factoria-8,AMC Factoria 8,2026-08-15,Saturday,42,8,0,13,14,6,8,5.25,,True,True
amc-factoria-8,AMC Factoria 8,2026-08-16,Sunday,41,7,0,12,14,6,8,5.12,,True,True
amc-factoria-8,AMC Factoria 8,2026-08-17,Monday,41,7,0,13,13,6,8,5.12,,True,True
amc-factoria-8,AMC Factoria 8,2026-08-18,Tuesday,41,6,0,13,11,8,8,5.12,,True,True
amc-factoria-8,AMC Factoria 8,2026-08-19,Wednesday,36,7,0,11,11,6,8,4.5,,True,True
amc-factoria-8,AMC Factoria 8,2026-08-20,Thursday,42,9,0,12,14,7,8,5.25,,True,True
amc-factoria-8,AMC Factoria 8,2026-08-21,Friday,51,7,0,16,17,7,8,6.38,,True,True
amc-factoria-8,AMC Factoria 8,2026-08-22,Saturday,49,7,0,15,15,8,8,6.12,,True,True
amc-factoria-8,AMC Factoria 8,2026-08-23,Sunday,51,7,0,16,16,7,8,6.38,,True,True
amc-factoria-8,AMC Factoria 8,2026-08-24,Monday,45,8,0,14,15,7,8,5.62,,True,True
amc-factoria-8,AMC Factoria 8,2026-08-25,Tuesday,46,7,0,13,17,6,8,5.75,,True,True
amc-factoria-8,AMC Factoria 8,2026-08-26,Wednesday,44,7,0,14,15,6,8,5.5,,True,True
amc-factoria-8,AMC Factoria 8,2026-08-27,Thursday,36,9,0,14,9,6,8,4.5,,True,True
amc-factoria-8,AMC Factoria 8,2026-08-28,Friday,35,9,0,12,9,7,8,4.38,,True,True
amc-factoria-8,AMC Factoria 8,2026-08-29,Saturday,35,9,0,12,9,7,8,4.38,,True,True
amc-factoria-8,AMC Factoria 8,2026-08-30,Sunday,35,9,0,12,9,7,8,4.38,,True,True
amc-factoria-8,AMC Factoria 8,2026-08-31,Monday,29,10,0,10,11,4,8,3.62,,True,True
amc-factoria-8,AMC Factoria 8,2026-09-01,Tuesday,34,9,0,11,13,5,8,4.25,,True,True
amc-factoria-8,AMC Factoria 8,2026-09-02,Wednesday,29,9,0,10,10,5,8,3.62,,True,True
amc-factoria-8,AMC Factoria 8,2026-09-03,Thursday,34,12,0,10,12,7,8,4.25,,True,True
amc-factoria-8,AMC Factoria 8,2026-09-04,Friday,38,9,0,12,11,7,8,4.75,,True,True
amc-factoria-8,AMC Factoria 8,2026-09-05,Saturday,38,9,0,12,11,7,8,4.75,,True,True
amc-factoria-8,AMC Factoria 8,2026-09-06,Sunday,38,9,0,12,11,7,8,4.75,day before Labor Day,True,True
amc-factoria-8,AMC Factoria 8,2026-09-07,Monday,30,10,0,11,11,0,8,3.75,Labor Day,True,True
amc-factoria-8,AMC Factoria 8,2026-09-08,Tuesday,29,9,0,9,12,0,8,3.62,day after Labor Day,True,True
amc-factoria-8,AMC Factoria 8,2026-09-09,Wednesday,29,9,0,9,12,0,8,3.62,,True,True
amc-factoria-8,AMC Factoria 8,2026-09-10,Thursday,35,12,0,12,12,5,8,4.38,,True,True
amc-factoria-8,AMC Factoria 8,2026-09-11,Friday,36,8,0,10,12,6,8,4.5,,True,True
amc-factoria-8,AMC Factoria 8,2026-09-12,Saturday,36,8,0,10,12,6,8,4.5,,True,True
amc-factoria-8,AMC Factoria 8,2026-09-13,Sunday,36,9,0,11,12,6,8,4.5,,True,True
amc-factoria-8,AMC Factoria 8,2026-09-14,Monday,26,9,0,11,10,0,8,3.25,,True,True
amc-factoria-8,AMC Factoria 8,2026-09-15,Tuesday,26,8,0,12,10,0,8,3.25,,True,True
amc-factoria-8,AMC Factoria 8,2026-09-16,Wednesday,25,8,0,10,9,0,8,3.12,,True,True
amc-factoria-8,AMC Factoria 8,2026-09-17,Thursday,32,9,0,12,12,4,8,4.0,,True,True
amc-factoria-8,AMC Factoria 8,2026-09-18,Friday,38,9,0,11,13,6,8,4.75,,True,True
amc-factoria-8,AMC Factoria 8,2026-09-19,Saturday,38,9,0,11,13,6,8,4.75,,True,True
amc-factoria-8,AMC Factoria 8,2026-09-20,Sunday,36,10,0,12,13,3,8,4.5,,True,True
amc-factoria-8,AMC Factoria 8,2026-09-21,Monday,29,10,0,10,13,0,8,3.62,,True,True
amc-factoria-8,AMC Factoria 8,2026-09-22,Tuesday,29,9,0,10,13,0,8,3.62,,True,True
amc-factoria-8,AMC Factoria 8,2026-09-23,Wednesday,29,10,0,11,13,0,8,3.62,,True,True
amc-factoria-8,AMC Factoria 8,2026-09-24,Thursday,29,13,0,10,12,0,8,3.62,,True,True
amc-factoria-8,AMC Factoria 8,2026-09-25,Friday,39,9,0,13,11,6,8,4.88,,True,True
amc-factoria-8,AMC Factoria 8,2026-09-26,Saturday,38,9,0,14,10,6,8,4.75,,True,True
amc-factoria-8,AMC Factoria 8,2026-09-27,Sunday,38,9,0,13,10,6,8,4.75,,True,True
amc-factoria-8,AMC Factoria 8,2026-09-28,Monday,26,9,0,12,10,0,8,3.25,,True,True
amc-factoria-8,AMC Factoria 8,2026-09-29,Tuesday,26,9,0,12,10,0,8,3.25,,True,True
amc-factoria-8,AMC Factoria 8,2026-09-30,Wednesday,26,10,0,12,10,0,8,3.25,,True,True
amc-factoria-8,AMC Factoria 8,2026-10-01,Thursday,29,11,0,10,12,0,8,3.62,,True,False
amc-factoria-8,AMC Factoria 8,2026-10-02,Friday,33,8,0,10,12,5,8,4.12,,True,False
amc-factoria-8,AMC Factoria 8,2026-10-03,Saturday,33,8,0,10,12,5,8,4.12,,True,False
amc-factoria-8,AMC Factoria 8,2026-10-04,Sunday,33,8,0,10,12,5,8,4.12,,True,False
amc-factoria-8,AMC Factoria 8,2026-10-05,Monday,24,8,0,12,9,0,8,3.0,,True,False
amc-factoria-8,AMC Factoria 8,2026-10-06,Tuesday,24,8,0,12,9,0,8,3.0,,True,False
amc-factoria-8,AMC Factoria 8,2026-10-07,Wednesday,24,8,0,12,9,0,8,3.0,,True,False
amc-factoria-8,AMC Factoria 8,2026-10-08,Thursday,13,6,0,6,6,0,8,1.62,,False,False
amc-factoria-8,AMC Factoria 8,2026-10-09,Friday,17,5,0,7,5,3,8,2.12,,False,False
amc-factoria-8,AMC Factoria 8,2026-10-10,Saturday,17,5,0,7,5,3,8,2.12,,False,False
amc-factoria-8,AMC Factoria 8,2026-10-11,Sunday,14,5,0,7,5,0,8,1.75,,False,False
amc-factoria-8,AMC Factoria 8,2026-10-12,Monday,15,7,0,6,8,0,8,1.88,,False,False
amc-factoria-8,AMC Factoria 8,2026-10-13,Tuesday,13,5,0,6,6,0,8,1.62,,False,False
amc-factoria-8,AMC Factoria 8,2026-10-14,Wednesday,14,6,0,6,7,0,8,1.75,,False,False
amc-factoria-8,AMC Factoria 8,2026-10-15,Thursday,18,7,0,7,10,0,8,2.25,,False,False
amc-factoria-8,AMC Factoria 8,2026-10-16,Friday,19,5,0,5,6,4,8,2.38,,False,False
amc-factoria-8,AMC Factoria 8,2026-10-17,Saturday,19,5,0,6,5,4,8,2.38,,False,False
amc-factoria-8,AMC Factoria 8,2026-10-18,Sunday,19,5,0,5,6,4,8,2.38,,False,False
amc-factoria-8,AMC Factoria 8,2026-10-19,Monday,15,5,0,4,7,0,8,1.88,,False,False
amc-factoria-8,AMC Factoria 8,2026-10-20,Tuesday,15,5,0,4,7,0,8,1.88,,False,False
amc-factoria-8,AMC Factoria 8,2026-10-21,Wednesday,15,5,0,4,7,0,8,1.88,,False,False
amc-factoria-8,AMC Factoria 8,2026-10-22,Thursday,6,2,0,3,2,0,8,0.75,,False,False
amc-factoria-8,AMC Factoria 8,2026-10-23,Friday,4,1,0,2,1,1,8,0.5,,False,False
amc-factoria-8,AMC Factoria 8,2026-10-24,Saturday,4,1,0,2,1,1,8,0.5,,False,False
amc-factoria-8,AMC Factoria 8,2026-10-25,Sunday,4,1,0,2,1,1,8,0.5,,False,False
amc-factoria-8,AMC Factoria 8,2026-10-26,Monday,3,1,0,2,1,0,8,0.38,,False,False
amc-factoria-8,AMC Factoria 8,2026-10-27,Tuesday,3,1,0,2,1,0,8,0.38,,False,False
amc-factoria-8,AMC Factoria 8,2026-10-28,Wednesday,3,1,0,2,1,0,8,0.38,,False,False
amc-factoria-8,AMC Factoria 8,2026-12-17,Thursday,6,1,0,2,2,2,8,0.75,,False,False
amc-factoria-8,AMC Factoria 8,2026-12-18,Friday,9,1,1,2,2,2,8,1.12,,False,False
amc-factoria-8,AMC Factoria 8,2026-12-19,Saturday,9,1,1,2,2,2,8,1.12,,False,False
amc-factoria-8,AMC Factoria 8,2026-12-20,Sunday,9,1,1,2,2,2,8,1.12,,False,False
amc-factoria-8,AMC Factoria 8,2026-12-21,Monday,8,1,0,2,2,2,8,1.0,,False,False
amc-factoria-8,AMC Factoria 8,2026-12-22,Tuesday,8,1,0,2,2,2,8,1.0,,False,False
amc-factoria-8,AMC Factoria 8,2026-12-23,Wednesday,8,1,0,2,2,2,8,1.0,,False,False
amc-factoria-8,AMC Factoria 8,2026-12-24,Thursday,8,1,0,2,2,2,8,1.0,,False,False
amc-factoria-8,AMC Factoria 8,2026-12-25,Friday,8,1,0,2,2,2,8,1.0,,False,False
amc-factoria-8,AMC Factoria 8,2026-12-26,Saturday,8,1,0,2,2,2,8,1.0,,False,False
amc-factoria-8,AMC Factoria 8,2026-12-27,Sunday,8,1,0,2,2,2,8,1.0,,False,False
amc-factoria-8,AMC Factoria 8,2026-12-28,Monday,8,1,0,2,2,2,8,1.0,,False,False
amc-factoria-8,AMC Factoria 8,2026-12-29,Tuesday,8,1,0,2,2,2,8,1.0,,False,False
amc-factoria-8,AMC Factoria 8,2026-12-30,Wednesday,8,1,0,2,2,2,8,1.0,,False,False
amc-factoria-8,AMC Factoria 8,2026-12-31,Thursday,8,1,0,2,2,2,8,1.0,,False,False
amc-factoria-8,AMC Factoria 8,2027-01-01,Friday,8,1,0,2,2,2,8,1.0,,False,False
amc-factoria-8,AMC Factoria 8,2027-01-02,Saturday,8,1,0,2,2,2,8,1.0,,False,False
amc-factoria-8,AMC Factoria 8,2027-01-03,Sunday,8,1,0,2,2,2,8,1.0,,False,False
amc-factoria-8,AMC Factoria 8,2027-01-04,Monday,6,1,0,2,2,0,8,0.75,,False,False
amc-factoria-8,AMC Factoria 8,2027-01-05,Tuesday,6,1,0,2,2,0,8,0.75,,False,False
amc-factoria-8,AMC Factoria 8,2027-01-06,Wednesday,6,1,0,2,2,0,8,0.75,,False,False
amc-factoria-8,AMC Factoria 8,2027-01-07,Thursday,6,1,0,2,2,0,8,0.75,,False,False
amc-kent-station-14,AMC Kent Station 14,2026-06-29,Monday,73,15,0,23,27,7,14,5.21,,True,True
amc-kent-station-14,AMC Kent Station 14,2026-06-30,Tuesday,75,13,0,21,27,9,14,5.36,,True,True
amc-kent-station-14,AMC Kent Station 14,2026-07-01,Wednesday,85,11,5,23,28,9,14,6.07,,True,True
amc-kent-station-14,AMC Kent Station 14,2026-07-02,Thursday,82,11,0,22,29,10,14,5.86,,True,True
amc-kent-station-14,AMC Kent Station 14,2026-07-03,Friday,85,11,0,22,29,9,14,6.07,day before Independence Day,True,True
amc-kent-station-14,AMC Kent Station 14,2026-07-04,Saturday,79,11,0,23,29,3,14,5.64,Independence Day,True,True
amc-kent-station-14,AMC Kent Station 14,2026-07-05,Sunday,81,11,0,20,31,6,14,5.79,day after Independence Day,True,True
amc-kent-station-14,AMC Kent Station 14,2026-07-06,Monday,80,12,0,22,29,7,14,5.71,,True,True
amc-kent-station-14,AMC Kent Station 14,2026-07-07,Tuesday,79,11,0,21,30,6,14,5.64,,True,True
amc-kent-station-14,AMC Kent Station 14,2026-07-08,Wednesday,79,14,0,21,30,6,14,5.64,,True,True
amc-kent-station-14,AMC Kent Station 14,2026-07-09,Thursday,67,16,0,19,26,10,14,4.79,,True,True
amc-kent-station-14,AMC Kent Station 14,2026-07-10,Friday,72,13,0,21,24,12,14,5.14,,True,True
amc-kent-station-14,AMC Kent Station 14,2026-07-11,Saturday,78,15,0,21,25,11,14,5.57,,True,True
amc-kent-station-14,AMC Kent Station 14,2026-07-12,Sunday,77,14,0,21,27,9,14,5.5,,True,True
amc-kent-station-14,AMC Kent Station 14,2026-07-13,Monday,70,15,0,22,26,8,14,5.0,,True,True
amc-kent-station-14,AMC Kent Station 14,2026-07-14,Tuesday,69,14,0,22,25,9,14,4.93,,True,True
amc-kent-station-14,AMC Kent Station 14,2026-07-15,Wednesday,68,15,0,23,25,9,14,4.86,,True,True
amc-kent-station-14,AMC Kent Station 14,2026-07-16,Thursday,65,14,0,21,23,8,14,4.64,,True,True
amc-kent-station-14,AMC Kent Station 14,2026-07-17,Friday,81,10,0,19,23,7,14,5.79,,True,True
amc-kent-station-14,AMC Kent Station 14,2026-07-18,Saturday,83,10,0,19,23,8,14,5.93,,True,True
amc-kent-station-14,AMC Kent Station 14,2026-07-19,Sunday,83,10,0,19,23,8,14,5.93,,True,True
amc-kent-station-14,AMC Kent Station 14,2026-07-20,Monday,72,12,0,22,25,8,14,5.14,,True,True
amc-kent-station-14,AMC Kent Station 14,2026-07-21,Tuesday,66,11,0,22,22,6,14,4.71,,True,True
amc-kent-station-14,AMC Kent Station 14,2026-07-22,Wednesday,68,14,0,22,25,6,14,4.86,,True,True
amc-kent-station-14,AMC Kent Station 14,2026-07-23,Thursday,64,17,0,18,24,7,14,4.57,,True,True
amc-kent-station-14,AMC Kent Station 14,2026-07-24,Friday,82,15,0,18,22,10,14,5.86,,True,True
amc-kent-station-14,AMC Kent Station 14,2026-07-25,Saturday,83,16,0,18,24,9,14,5.93,,True,True
amc-kent-station-14,AMC Kent Station 14,2026-07-26,Sunday,82,16,0,19,24,8,14,5.86,,True,True
amc-kent-station-14,AMC Kent Station 14,2026-07-27,Monday,64,18,0,21,21,8,14,4.57,,True,True
amc-kent-station-14,AMC Kent Station 14,2026-07-28,Tuesday,64,14,0,18,22,9,14,4.57,,True,True
amc-kent-station-14,AMC Kent Station 14,2026-07-29,Wednesday,65,15,0,19,24,7,14,4.64,,True,True
amc-kent-station-14,AMC Kent Station 14,2026-07-30,Thursday,65,9,0,17,24,10,14,4.64,,True,True
amc-kent-station-14,AMC Kent Station 14,2026-07-31,Friday,110,8,3,20,22,14,14,7.86,,True,True
amc-kent-station-14,AMC Kent Station 14,2026-08-01,Saturday,101,8,4,19,23,13,14,7.21,,True,True
amc-kent-station-14,AMC Kent Station 14,2026-08-02,Sunday,107,9,4,20,25,12,14,7.64,,True,True
amc-kent-station-14,AMC Kent Station 14,2026-08-03,Monday,74,10,0,21,27,6,14,5.29,,True,True
amc-kent-station-14,AMC Kent Station 14,2026-08-04,Tuesday,71,8,0,20,25,9,14,5.07,,True,True
amc-kent-station-14,AMC Kent Station 14,2026-08-05,Wednesday,80,11,0,21,25,8,14,5.71,,True,True
amc-kent-station-14,AMC Kent Station 14,2026-08-06,Thursday,74,13,0,19,22,6,14,5.29,,True,True
amc-kent-station-14,AMC Kent Station 14,2026-08-07,Friday,78,8,0,18,22,10,14,5.57,,True,True
amc-kent-station-14,AMC Kent Station 14,2026-08-08,Saturday,93,12,6,19,23,11,14,6.64,,True,True
amc-kent-station-14,AMC Kent Station 14,2026-08-09,Sunday,93,9,5,19,24,8,14,6.64,,True,True
amc-kent-station-14,AMC Kent Station 14,2026-08-10,Monday,82,12,0,20,25,7,14,5.86,,True,True
amc-kent-station-14,AMC Kent Station 14,2026-08-11,Tuesday,86,11,0,20,25,11,14,6.14,,True,True
amc-kent-station-14,AMC Kent Station 14,2026-08-12,Wednesday,93,11,0,24,31,9,14,6.64,,True,True
amc-kent-station-14,AMC Kent Station 14,2026-08-13,Thursday,82,15,0,21,27,6,14,5.86,,True,True
amc-kent-station-14,AMC Kent Station 14,2026-08-14,Friday,80,14,0,20,27,6,14,5.71,,True,True
amc-kent-station-14,AMC Kent Station 14,2026-08-15,Saturday,84,14,0,21,27,8,14,6.0,,True,True
amc-kent-station-14,AMC Kent Station 14,2026-08-16,Sunday,88,16,0,21,28,9,14,6.29,,True,True
amc-kent-station-14,AMC Kent Station 14,2026-08-17,Monday,83,15,0,24,30,6,14,5.93,,True,True
amc-kent-station-14,AMC Kent Station 14,2026-08-18,Tuesday,76,14,0,21,30,4,14,5.43,,True,True
amc-kent-station-14,AMC Kent Station 14,2026-08-19,Wednesday,71,14,0,18,29,4,14,5.07,,True,True
amc-kent-station-14,AMC Kent Station 14,2026-08-20,Thursday,73,21,0,20,26,9,14,5.21,,True,True
amc-kent-station-14,AMC Kent Station 14,2026-08-21,Friday,74,16,0,21,24,11,14,5.29,,True,True
amc-kent-station-14,AMC Kent Station 14,2026-08-22,Saturday,74,18,0,22,24,11,14,5.29,,True,True
amc-kent-station-14,AMC Kent Station 14,2026-08-23,Sunday,76,18,0,23,26,10,14,5.43,,True,True
amc-kent-station-14,AMC Kent Station 14,2026-08-24,Monday,74,18,0,19,26,10,14,5.29,,True,True
amc-kent-station-14,AMC Kent Station 14,2026-08-25,Tuesday,74,18,0,19,26,10,14,5.29,,True,True
amc-kent-station-14,AMC Kent Station 14,2026-08-26,Wednesday,76,20,0,24,27,7,14,5.43,,True,True
amc-kent-station-14,AMC Kent Station 14,2026-08-27,Thursday,75,25,0,23,25,10,14,5.36,,True,True
amc-kent-station-14,AMC Kent Station 14,2026-08-28,Friday,64,18,0,21,23,11,14,4.57,,True,True
amc-kent-station-14,AMC Kent Station 14,2026-08-29,Saturday,74,19,0,20,24,9,14,5.29,,True,True
amc-kent-station-14,AMC Kent Station 14,2026-08-30,Sunday,76,19,0,22,25,10,14,5.43,,True,True
amc-kent-station-14,AMC Kent Station 14,2026-08-31,Monday,64,19,0,22,26,8,14,4.57,,True,True
amc-kent-station-14,AMC Kent Station 14,2026-09-01,Tuesday,68,19,0,22,28,9,14,4.86,,True,True
amc-kent-station-14,AMC Kent Station 14,2026-09-02,Wednesday,71,19,0,24,29,10,14,5.07,,True,True
amc-kent-station-14,AMC Kent Station 14,2026-09-03,Thursday,62,22,0,23,23,7,14,4.43,,True,True
amc-kent-station-14,AMC Kent Station 14,2026-09-04,Friday,64,18,0,20,25,9,14,4.57,,True,True
amc-kent-station-14,AMC Kent Station 14,2026-09-05,Saturday,76,18,0,20,26,8,14,5.43,,True,True
amc-kent-station-14,AMC Kent Station 14,2026-09-06,Sunday,75,18,0,22,25,7,14,5.36,day before Labor Day,True,True
amc-kent-station-14,AMC Kent Station 14,2026-09-07,Monday,61,20,0,22,23,8,14,4.36,Labor Day,True,True
amc-kent-station-14,AMC Kent Station 14,2026-09-08,Tuesday,62,17,0,22,23,9,14,4.43,day after Labor Day,True,True
amc-kent-station-14,AMC Kent Station 14,2026-09-09,Wednesday,61,17,0,19,24,9,14,4.36,,True,True
amc-kent-station-14,AMC Kent Station 14,2026-09-10,Thursday,59,21,0,19,22,10,14,4.21,,True,True
amc-kent-station-14,AMC Kent Station 14,2026-09-11,Friday,62,16,0,17,23,10,14,4.43,,True,True
amc-kent-station-14,AMC Kent Station 14,2026-09-12,Saturday,62,16,0,17,23,10,14,4.43,,True,True
amc-kent-station-14,AMC Kent Station 14,2026-09-13,Sunday,61,19,0,20,23,9,14,4.36,,True,True
amc-kent-station-14,AMC Kent Station 14,2026-09-14,Monday,52,17,0,23,22,7,14,3.71,,True,True
amc-kent-station-14,AMC Kent Station 14,2026-09-15,Tuesday,59,17,0,18,23,9,14,4.21,,True,True
amc-kent-station-14,AMC Kent Station 14,2026-09-16,Wednesday,57,18,0,20,20,8,14,4.07,,True,True
amc-kent-station-14,AMC Kent Station 14,2026-09-17,Thursday,65,20,0,21,24,11,14,4.64,,True,True
amc-kent-station-14,AMC Kent Station 14,2026-09-18,Friday,61,16,0,26,25,10,14,4.36,,True,True
amc-kent-station-14,AMC Kent Station 14,2026-09-19,Saturday,75,19,0,23,27,10,14,5.36,,True,True
amc-kent-station-14,AMC Kent Station 14,2026-09-20,Sunday,69,18,0,24,27,3,14,4.93,,True,True
amc-kent-station-14,AMC Kent Station 14,2026-09-21,Monday,59,16,0,23,26,5,14,4.21,,True,True
amc-kent-station-14,AMC Kent Station 14,2026-09-22,Tuesday,59,15,0,23,25,7,14,4.21,,True,True
amc-kent-station-14,AMC Kent Station 14,2026-09-23,Wednesday,59,16,0,23,25,7,14,4.21,,True,True
amc-kent-station-14,AMC Kent Station 14,2026-09-24,Thursday,58,21,0,20,23,8,14,4.14,,True,True
amc-kent-station-14,AMC Kent Station 14,2026-09-25,Friday,60,14,0,18,23,9,14,4.29,,True,True
amc-kent-station-14,AMC Kent Station 14,2026-09-26,Saturday,66,15,0,18,24,11,14,4.71,,True,True
amc-kent-station-14,AMC Kent Station 14,2026-09-27,Sunday,64,15,0,18,23,10,14,4.57,,True,True
amc-kent-station-14,AMC Kent Station 14,2026-09-28,Monday,57,15,0,18,25,6,14,4.07,,True,True
amc-kent-station-14,AMC Kent Station 14,2026-09-29,Tuesday,57,15,0,18,25,6,14,4.07,,True,True
amc-kent-station-14,AMC Kent Station 14,2026-09-30,Wednesday,57,16,0,18,25,5,14,4.07,,True,True
amc-kent-station-14,AMC Kent Station 14,2026-10-01,Thursday,60,19,0,19,23,7,14,4.29,,True,False
amc-kent-station-14,AMC Kent Station 14,2026-10-02,Friday,60,18,0,18,24,8,14,4.29,,True,False
amc-kent-station-14,AMC Kent Station 14,2026-10-03,Saturday,68,18,0,18,25,8,14,4.86,,True,False
amc-kent-station-14,AMC Kent Station 14,2026-10-04,Sunday,61,18,0,17,25,8,14,4.36,,True,False
amc-kent-station-14,AMC Kent Station 14,2026-10-05,Monday,54,17,0,24,21,9,14,3.86,,True,False
amc-kent-station-14,AMC Kent Station 14,2026-10-06,Tuesday,54,18,0,23,23,8,14,3.86,,True,False
amc-kent-station-14,AMC Kent Station 14,2026-10-07,Wednesday,56,16,0,23,23,7,14,4.0,,True,False
amc-kent-station-14,AMC Kent Station 14,2026-10-08,Thursday,17,8,0,7,10,0,14,1.21,,False,False
amc-kent-station-14,AMC Kent Station 14,2026-10-09,Friday,19,8,0,6,9,2,14,1.36,,False,False
amc-kent-station-14,AMC Kent Station 14,2026-10-10,Saturday,19,8,0,7,8,2,14,1.36,,False,False
amc-kent-station-14,AMC Kent Station 14,2026-10-11,Sunday,19,8,0,7,8,2,14,1.36,,False,False
amc-kent-station-14,AMC Kent Station 14,2026-10-12,Monday,21,10,0,7,12,2,14,1.5,,False,False
amc-kent-station-14,AMC Kent Station 14,2026-10-13,Tuesday,19,9,0,7,10,2,14,1.36,,False,False
amc-kent-station-14,AMC Kent Station 14,2026-10-14,Wednesday,20,10,0,7,11,2,14,1.43,,False,False
amc-kent-station-14,AMC Kent Station 14,2026-10-15,Thursday,27,9,0,8,16,3,14,1.93,,False,False
amc-kent-station-14,AMC Kent Station 14,2026-10-16,Friday,27,7,0,7,14,3,14,1.93,,False,False
amc-kent-station-14,AMC Kent Station 14,2026-10-17,Saturday,29,8,0,9,13,2,14,2.07,,False,False
amc-kent-station-14,AMC Kent Station 14,2026-10-18,Sunday,28,7,0,8,14,3,14,2.0,,False,False
amc-kent-station-14,AMC Kent Station 14,2026-10-19,Monday,27,8,0,6,14,3,14,1.93,,False,False
amc-kent-station-14,AMC Kent Station 14,2026-10-20,Tuesday,28,8,0,6,15,3,14,2.0,,False,False
amc-kent-station-14,AMC Kent Station 14,2026-10-21,Wednesday,29,8,0,7,15,3,14,2.07,,False,False
amc-kent-station-14,AMC Kent Station 14,2026-10-22,Thursday,6,3,0,1,4,1,14,0.43,,False,False
amc-kent-station-14,AMC Kent Station 14,2026-10-23,Friday,7,3,0,2,4,1,14,0.5,,False,False
amc-kent-station-14,AMC Kent Station 14,2026-10-24,Saturday,7,3,0,3,3,1,14,0.5,,False,False
amc-kent-station-14,AMC Kent Station 14,2026-10-25,Sunday,8,4,0,4,3,1,14,0.57,,False,False
amc-kent-station-14,AMC Kent Station 14,2026-10-26,Monday,6,2,0,2,3,1,14,0.43,,False,False
amc-kent-station-14,AMC Kent Station 14,2026-10-27,Tuesday,7,3,0,2,4,1,14,0.5,,False,False
amc-kent-station-14,AMC Kent Station 14,2026-10-28,Wednesday,6,2,0,2,3,1,14,0.43,,False,False
amc-kent-station-14,AMC Kent Station 14,2026-10-29,Thursday,2,1,0,1,1,0,14,0.14,,False,False
amc-kent-station-14,AMC Kent Station 14,2026-10-30,Friday,2,2,0,1,1,0,14,0.14,,False,False
amc-kent-station-14,AMC Kent Station 14,2026-10-31,Saturday,2,2,0,1,1,0,14,0.14,,False,False
amc-kent-station-14,AMC Kent Station 14,2026-11-01,Sunday,2,1,0,1,1,0,14,0.14,,False,False
amc-kent-station-14,AMC Kent Station 14,2026-11-05,Thursday,3,3,0,1,2,0,14,0.21,,False,False
amc-kent-station-14,AMC Kent Station 14,2026-11-06,Friday,3,2,0,2,1,0,14,0.21,,False,False
amc-kent-station-14,AMC Kent Station 14,2026-11-07,Saturday,4,3,0,3,1,0,14,0.29,,False,False
amc-kent-station-14,AMC Kent Station 14,2026-11-08,Sunday,3,2,0,2,1,0,14,0.21,,False,False
amc-kent-station-14,AMC Kent Station 14,2026-11-09,Monday,3,2,0,2,1,0,14,0.21,,False,False
amc-kent-station-14,AMC Kent Station 14,2026-11-10,Tuesday,3,2,0,2,1,0,14,0.21,,False,False
amc-kent-station-14,AMC Kent Station 14,2026-11-11,Wednesday,4,3,0,2,2,0,14,0.29,,False,False
amc-kent-station-14,AMC Kent Station 14,2026-11-12,Thursday,2,1,0,1,1,0,14,0.14,,False,False
amc-kent-station-14,AMC Kent Station 14,2026-11-14,Saturday,1,1,0,1,0,0,14,0.07,,False,False
amc-kent-station-14,AMC Kent Station 14,2026-11-22,Sunday,1,1,0,1,0,0,14,0.07,,False,False
amc-kent-station-14,AMC Kent Station 14,2026-11-23,Monday,1,1,0,0,1,0,14,0.07,,False,False
amc-kent-station-14,AMC Kent Station 14,2026-11-24,Tuesday,2,1,0,1,0,0,14,0.14,,False,False
amc-kent-station-14,AMC Kent Station 14,2026-11-25,Wednesday,2,1,0,0,0,0,14,0.14,,False,False
amc-kent-station-14,AMC Kent Station 14,2026-11-26,Thursday,2,1,0,0,0,0,14,0.14,,False,False
amc-kent-station-14,AMC Kent Station 14,2026-11-27,Friday,2,1,0,0,0,0,14,0.14,,False,False
amc-kent-station-14,AMC Kent Station 14,2026-11-28,Saturday,2,1,0,0,0,0,14,0.14,,False,False
amc-kent-station-14,AMC Kent Station 14,2026-11-29,Sunday,2,1,0,0,0,0,14,0.14,,False,False
amc-kent-station-14,AMC Kent Station 14,2026-11-30,Monday,2,1,0,1,0,0,14,0.14,,False,False
amc-kent-station-14,AMC Kent Station 14,2026-12-01,Tuesday,2,1,0,1,0,0,14,0.14,,False,False
amc-kent-station-14,AMC Kent Station 14,2026-12-02,Wednesday,2,1,0,1,0,0,14,0.14,,False,False
amc-kent-station-14,AMC Kent Station 14,2026-12-05,Saturday,1,1,0,0,0,0,14,0.07,,False,False
amc-kent-station-14,AMC Kent Station 14,2026-12-06,Sunday,1,1,0,1,0,0,14,0.07,,False,False
amc-kent-station-14,AMC Kent Station 14,2026-12-09,Wednesday,1,1,0,0,1,0,14,0.07,,False,False
amc-kent-station-14,AMC Kent Station 14,2026-12-12,Saturday,1,1,0,1,0,0,14,0.07,,False,False
amc-kent-station-14,AMC Kent Station 14,2026-12-15,Tuesday,4,1,0,0,3,1,14,0.29,,False,False
amc-kent-station-14,AMC Kent Station 14,2026-12-17,Thursday,19,2,0,7,8,4,14,1.36,,False,False
amc-kent-station-14,AMC Kent Station 14,2026-12-18,Friday,34,2,1,6,7,2,14,2.43,,False,False
amc-kent-station-14,AMC Kent Station 14,2026-12-19,Saturday,30,2,2,6,6,3,14,2.14,,False,False
amc-kent-station-14,AMC Kent Station 14,2026-12-20,Sunday,29,3,1,6,6,4,14,2.07,,False,False
amc-kent-station-14,AMC Kent Station 14,2026-12-21,Monday,23,3,0,6,7,3,14,1.64,,False,False
amc-kent-station-14,AMC Kent Station 14,2026-12-22,Tuesday,23,3,0,7,6,3,14,1.64,,False,False
amc-kent-station-14,AMC Kent Station 14,2026-12-23,Wednesday,23,3,0,6,7,3,14,1.64,,False,False
amc-kent-station-14,AMC Kent Station 14,2026-12-24,Thursday,20,3,0,7,7,1,14,1.43,,False,False
amc-kent-station-14,AMC Kent Station 14,2026-12-25,Friday,17,2,0,5,5,3,14,1.21,,False,False
amc-kent-station-14,AMC Kent Station 14,2026-12-26,Saturday,20,2,0,5,5,3,14,1.43,,False,False
amc-kent-station-14,AMC Kent Station 14,2026-12-27,Sunday,20,2,0,5,5,3,14,1.43,,False,False
amc-kent-station-14,AMC Kent Station 14,2026-12-28,Monday,20,2,0,5,5,3,14,1.43,,False,False
amc-kent-station-14,AMC Kent Station 14,2026-12-29,Tuesday,20,2,0,5,5,3,14,1.43,,False,False
amc-kent-station-14,AMC Kent Station 14,2026-12-30,Wednesday,20,2,0,5,5,3,14,1.43,,False,False
amc-kent-station-14,AMC Kent Station 14,2026-12-31,Thursday,16,2,0,4,6,1,14,1.14,,False,False
amc-kent-station-14,AMC Kent Station 14,2027-01-01,Friday,17,2,0,5,5,3,14,1.21,,False,False
amc-kent-station-14,AMC Kent Station 14,2027-01-02,Saturday,20,2,0,5,5,3,14,1.43,,False,False
amc-kent-station-14,AMC Kent Station 14,2027-01-03,Sunday,20,2,0,5,5,3,14,1.43,,False,False
amc-kent-station-14,AMC Kent Station 14,2027-01-04,Monday,14,2,0,5,5,2,14,1.0,,False,False
amc-kent-station-14,AMC Kent Station 14,2027-01-05,Tuesday,14,2,0,5,5,2,14,1.0,,False,False
amc-kent-station-14,AMC Kent Station 14,2027-01-06,Wednesday,10,2,0,4,4,1,14,0.71,,False,False
amc-kent-station-14,AMC Kent Station 14,2027-01-07,Thursday,6,1,0,2,3,0,14,0.43,,False,False
amc-kent-station-14,AMC Kent Station 14,2027-01-23,Saturday,1,1,0,0,0,0,14,0.07,,False,False
amc-kent-station-14,AMC Kent Station 14,2027-03-20,Saturday,1,1,0,0,0,0,14,0.07,,False,False
amc-kent-station-14,AMC Kent Station 14,2027-04-03,Saturday,1,1,0,0,0,0,14,0.07,,False,False
amc-kent-station-14,AMC Kent Station 14,2027-04-24,Saturday,1,1,0,0,0,0,14,0.07,,False,False
amc-kent-station-14,AMC Kent Station 14,2027-05-08,Saturday,1,1,0,1,0,0,14,0.07,,False,False
amc-kent-station-14,AMC Kent Station 14,2027-06-05,Saturday,1,1,0,0,0,0,14,0.07,,False,False
amc-oak-tree-6,AMC Oak Tree 6,2026-06-29,Monday,24,6,0,9,10,2,6,4.0,,True,True
amc-oak-tree-6,AMC Oak Tree 6,2026-06-30,Tuesday,26,5,0,9,10,2,6,4.33,,True,True
amc-oak-tree-6,AMC Oak Tree 6,2026-07-01,Wednesday,27,5,0,10,10,2,6,4.5,,True,True
amc-oak-tree-6,AMC Oak Tree 6,2026-07-02,Thursday,33,9,0,13,14,5,6,5.5,,True,True
amc-oak-tree-6,AMC Oak Tree 6,2026-07-03,Friday,37,8,0,12,15,4,6,6.17,day before Independence Day,True,True
amc-oak-tree-6,AMC Oak Tree 6,2026-07-04,Saturday,44,8,0,15,16,3,6,7.33,Independence Day,True,True
amc-oak-tree-6,AMC Oak Tree 6,2026-07-05,Sunday,45,8,0,15,15,6,6,7.5,day after Independence Day,True,True
amc-oak-tree-6,AMC Oak Tree 6,2026-07-06,Monday,32,8,0,14,15,0,6,5.33,,True,True
amc-oak-tree-6,AMC Oak Tree 6,2026-07-07,Tuesday,33,8,0,13,14,2,6,5.5,,True,True
amc-oak-tree-6,AMC Oak Tree 6,2026-07-08,Wednesday,34,8,0,13,15,2,6,5.67,,True,True
amc-oak-tree-6,AMC Oak Tree 6,2026-07-09,Thursday,28,9,0,10,14,2,6,4.67,,True,True
amc-oak-tree-6,AMC Oak Tree 6,2026-07-10,Friday,32,8,0,11,10,6,6,5.33,,True,True
amc-oak-tree-6,AMC Oak Tree 6,2026-07-11,Saturday,40,8,0,14,11,8,6,6.67,,True,True
amc-oak-tree-6,AMC Oak Tree 6,2026-07-12,Sunday,37,7,0,12,13,5,6,6.17,,True,True
amc-oak-tree-6,AMC Oak Tree 6,2026-07-13,Monday,35,8,0,16,12,6,6,5.83,,True,True
amc-oak-tree-6,AMC Oak Tree 6,2026-07-14,Tuesday,34,8,0,18,12,3,6,5.67,,True,True
amc-oak-tree-6,AMC Oak Tree 6,2026-07-15,Wednesday,38,8,0,19,15,3,6,6.33,,True,True
amc-oak-tree-6,AMC Oak Tree 6,2026-07-16,Thursday,28,6,0,14,10,4,6,4.67,,True,True
amc-oak-tree-6,AMC Oak Tree 6,2026-07-17,Friday,31,6,0,10,10,5,6,5.17,,True,True
amc-oak-tree-6,AMC Oak Tree 6,2026-07-18,Saturday,34,6,0,11,11,5,6,5.67,,True,True
amc-oak-tree-6,AMC Oak Tree 6,2026-07-19,Sunday,38,6,0,12,13,4,6,6.33,,True,True
amc-oak-tree-6,AMC Oak Tree 6,2026-07-20,Monday,31,7,0,10,13,3,6,5.17,,True,True
amc-oak-tree-6,AMC Oak Tree 6,2026-07-21,Tuesday,29,6,0,12,10,3,6,4.83,,True,True
amc-oak-tree-6,AMC Oak Tree 6,2026-07-22,Wednesday,30,7,0,11,13,2,6,5.0,,True,True
amc-oak-tree-6,AMC Oak Tree 6,2026-07-23,Thursday,22,6,0,9,8,3,6,3.67,,True,True
amc-oak-tree-6,AMC Oak Tree 6,2026-07-24,Friday,24,6,0,7,10,3,6,4.0,,True,True
amc-oak-tree-6,AMC Oak Tree 6,2026-07-25,Saturday,27,6,0,7,10,4,6,4.5,,True,True
amc-oak-tree-6,AMC Oak Tree 6,2026-07-26,Sunday,27,6,0,8,9,4,6,4.5,,True,True
amc-oak-tree-6,AMC Oak Tree 6,2026-07-27,Monday,23,7,0,7,10,2,6,3.83,,True,True
amc-oak-tree-6,AMC Oak Tree 6,2026-07-28,Tuesday,25,6,0,9,10,3,6,4.17,,True,True
amc-oak-tree-6,AMC Oak Tree 6,2026-07-29,Wednesday,22,6,0,8,9,2,6,3.67,,True,True
amc-oak-tree-6,AMC Oak Tree 6,2026-07-30,Thursday,22,4,0,7,7,5,6,3.67,,True,True
amc-oak-tree-6,AMC Oak Tree 6,2026-07-31,Friday,24,4,0,6,8,4,6,4.0,,True,True
amc-oak-tree-6,AMC Oak Tree 6,2026-08-01,Saturday,26,4,0,7,8,5,6,4.33,,True,True
amc-oak-tree-6,AMC Oak Tree 6,2026-08-02,Sunday,27,4,0,7,9,5,6,4.5,,True,True
amc-oak-tree-6,AMC Oak Tree 6,2026-08-03,Monday,26,5,0,8,10,2,6,4.33,,True,True
amc-oak-tree-6,AMC Oak Tree 6,2026-08-04,Tuesday,25,4,0,7,9,3,6,4.17,,True,True
amc-oak-tree-6,AMC Oak Tree 6,2026-08-05,Wednesday,27,5,0,8,9,4,6,4.5,,True,True
amc-oak-tree-6,AMC Oak Tree 6,2026-08-06,Thursday,26,5,0,8,7,5,6,4.33,,True,True
amc-oak-tree-6,AMC Oak Tree 6,2026-08-07,Friday,26,3,0,8,7,5,6,4.33,,True,True
amc-oak-tree-6,AMC Oak Tree 6,2026-08-08,Saturday,27,3,0,8,7,6,6,4.5,,True,True
amc-oak-tree-6,AMC Oak Tree 6,2026-08-09,Sunday,28,3,0,9,8,4,6,4.67,,True,True
amc-oak-tree-6,AMC Oak Tree 6,2026-08-10,Monday,30,4,0,11,9,4,6,5.0,,True,True
amc-oak-tree-6,AMC Oak Tree 6,2026-08-11,Tuesday,28,3,0,9,9,4,6,4.67,,True,True
amc-oak-tree-6,AMC Oak Tree 6,2026-08-12,Wednesday,31,3,0,11,10,4,6,5.17,,True,True
amc-oak-tree-6,AMC Oak Tree 6,2026-08-13,Thursday,25,5,0,7,9,3,6,4.17,,True,True
amc-oak-tree-6,AMC Oak Tree 6,2026-08-14,Friday,26,5,0,10,9,4,6,4.33,,True,True
amc-oak-tree-6,AMC Oak Tree 6,2026-08-15,Saturday,26,6,0,9,10,4,6,4.33,,True,True
amc-oak-tree-6,AMC Oak Tree 6,2026-08-16,Sunday,28,6,0,9,11,3,6,4.67,,True,True
amc-oak-tree-6,AMC Oak Tree 6,2026-08-17,Monday,28,6,0,11,11,1,6,4.67,,True,True
amc-oak-tree-6,AMC Oak Tree 6,2026-08-18,Tuesday,26,5,0,11,11,1,6,4.33,,True,True
amc-oak-tree-6,AMC Oak Tree 6,2026-08-19,Wednesday,24,6,0,9,10,1,6,4.0,,True,True
amc-oak-tree-6,AMC Oak Tree 6,2026-08-20,Thursday,26,6,0,10,12,2,6,4.33,,True,True
amc-oak-tree-6,AMC Oak Tree 6,2026-08-21,Friday,30,6,0,10,11,6,6,5.0,,True,True
amc-oak-tree-6,AMC Oak Tree 6,2026-08-22,Saturday,27,6,0,8,12,4,6,4.5,,True,True
amc-oak-tree-6,AMC Oak Tree 6,2026-08-23,Sunday,29,6,0,9,14,1,6,4.83,,True,True
amc-oak-tree-6,AMC Oak Tree 6,2026-08-24,Monday,27,7,0,10,12,2,6,4.5,,True,True
amc-oak-tree-6,AMC Oak Tree 6,2026-08-25,Tuesday,25,6,0,10,9,2,6,4.17,,True,True
amc-oak-tree-6,AMC Oak Tree 6,2026-08-26,Wednesday,26,6,0,9,11,2,6,4.33,,True,True
amc-oak-tree-6,AMC Oak Tree 6,2026-08-27,Thursday,21,6,0,8,9,4,6,3.5,,True,True
amc-oak-tree-6,AMC Oak Tree 6,2026-08-28,Friday,24,7,0,8,8,4,6,4.0,,True,True
amc-oak-tree-6,AMC Oak Tree 6,2026-08-29,Saturday,27,7,0,8,9,6,6,4.5,,True,True
amc-oak-tree-6,AMC Oak Tree 6,2026-08-30,Sunday,29,7,0,7,13,2,6,4.83,,True,True
amc-oak-tree-6,AMC Oak Tree 6,2026-08-31,Monday,19,7,0,6,9,4,6,3.17,,True,True
amc-oak-tree-6,AMC Oak Tree 6,2026-09-01,Tuesday,20,7,0,9,9,0,6,3.33,,True,True
amc-oak-tree-6,AMC Oak Tree 6,2026-09-02,Wednesday,20,7,0,8,10,0,6,3.33,,True,True
amc-oak-tree-6,AMC Oak Tree 6,2026-09-03,Thursday,22,8,0,12,8,0,6,3.67,,True,True
amc-oak-tree-6,AMC Oak Tree 6,2026-09-04,Friday,22,7,0,7,8,7,6,3.67,,True,True
amc-oak-tree-6,AMC Oak Tree 6,2026-09-05,Saturday,31,7,0,11,11,5,6,5.17,,True,True
amc-oak-tree-6,AMC Oak Tree 6,2026-09-06,Sunday,31,7,0,11,11,4,6,5.17,day before Labor Day,True,True
amc-oak-tree-6,AMC Oak Tree 6,2026-09-07,Monday,26,8,0,11,11,0,6,4.33,Labor Day,True,True
amc-oak-tree-6,AMC Oak Tree 6,2026-09-08,Tuesday,22,7,0,12,10,0,6,3.67,day after Labor Day,True,True
amc-oak-tree-6,AMC Oak Tree 6,2026-09-09,Wednesday,22,7,0,12,10,0,6,3.67,,True,True
amc-oak-tree-6,AMC Oak Tree 6,2026-09-10,Thursday,16,7,0,7,9,0,6,2.67,,True,True
amc-oak-tree-6,AMC Oak Tree 6,2026-09-11,Friday,18,7,0,6,7,5,6,3.0,,True,True
amc-oak-tree-6,AMC Oak Tree 6,2026-09-12,Saturday,23,7,0,8,7,5,6,3.83,,True,True
amc-oak-tree-6,AMC Oak Tree 6,2026-09-13,Sunday,22,8,0,8,10,0,6,3.67,,True,True
amc-oak-tree-6,AMC Oak Tree 6,2026-09-14,Monday,16,8,0,8,8,0,6,2.67,,True,True
amc-oak-tree-6,AMC Oak Tree 6,2026-09-15,Tuesday,18,7,0,7,7,0,6,3.0,,True,True
amc-oak-tree-6,AMC Oak Tree 6,2026-09-16,Wednesday,18,7,0,7,8,0,6,3.0,,True,True
amc-oak-tree-6,AMC Oak Tree 6,2026-09-17,Thursday,21,6,0,9,7,5,6,3.5,,True,True
amc-oak-tree-6,AMC Oak Tree 6,2026-09-18,Friday,20,6,0,6,8,6,6,3.33,,True,True
amc-oak-tree-6,AMC Oak Tree 6,2026-09-19,Saturday,24,7,0,9,8,4,6,4.0,,True,True
amc-oak-tree-6,AMC Oak Tree 6,2026-09-20,Sunday,24,6,0,7,9,3,6,4.0,,True,True
amc-oak-tree-6,AMC Oak Tree 6,2026-09-21,Monday,17,7,0,6,11,0,6,2.83,,True,True
amc-oak-tree-6,AMC Oak Tree 6,2026-09-22,Tuesday,19,6,0,6,13,0,6,3.17,,True,True
amc-oak-tree-6,AMC Oak Tree 6,2026-09-23,Wednesday,19,6,0,8,11,0,6,3.17,,True,True
amc-oak-tree-6,AMC Oak Tree 6,2026-09-24,Thursday,20,6,0,8,10,2,6,3.33,,True,True
amc-oak-tree-6,AMC Oak Tree 6,2026-09-25,Friday,24,6,0,8,9,4,6,4.0,,True,True
amc-oak-tree-6,AMC Oak Tree 6,2026-09-26,Saturday,25,6,0,8,9,4,6,4.17,,True,True
amc-oak-tree-6,AMC Oak Tree 6,2026-09-27,Sunday,25,6,0,9,10,2,6,4.17,,True,True
amc-oak-tree-6,AMC Oak Tree 6,2026-09-28,Monday,18,6,0,9,7,0,6,3.0,,True,True
amc-oak-tree-6,AMC Oak Tree 6,2026-09-29,Tuesday,18,6,0,10,6,0,6,3.0,,True,True
amc-oak-tree-6,AMC Oak Tree 6,2026-09-30,Wednesday,20,7,0,10,8,0,6,3.33,,True,True
amc-oak-tree-6,AMC Oak Tree 6,2026-10-01,Thursday,18,7,0,8,8,0,6,3.0,,True,False
amc-oak-tree-6,AMC Oak Tree 6,2026-10-02,Friday,23,6,0,10,10,2,6,3.83,,True,False
amc-oak-tree-6,AMC Oak Tree 6,2026-10-03,Saturday,29,7,0,11,8,4,6,4.83,,True,False
amc-oak-tree-6,AMC Oak Tree 6,2026-10-04,Sunday,24,6,0,8,10,2,6,4.0,,True,False
amc-oak-tree-6,AMC Oak Tree 6,2026-10-05,Monday,15,7,0,5,10,0,6,2.5,,True,False
amc-oak-tree-6,AMC Oak Tree 6,2026-10-06,Tuesday,19,6,0,8,11,0,6,3.17,,True,False
amc-oak-tree-6,AMC Oak Tree 6,2026-10-07,Wednesday,18,6,0,9,9,0,6,3.0,,True,False
amc-oak-tree-6,AMC Oak Tree 6,2026-10-08,Thursday,7,5,0,3,4,0,6,1.17,,True,False
amc-oak-tree-6,AMC Oak Tree 6,2026-10-09,Friday,10,4,0,3,6,1,6,1.67,,True,False
amc-oak-tree-6,AMC Oak Tree 6,2026-10-10,Saturday,13,4,0,5,7,1,6,2.17,,True,False
amc-oak-tree-6,AMC Oak Tree 6,2026-10-11,Sunday,10,4,0,5,4,0,6,1.67,,False,False
amc-oak-tree-6,AMC Oak Tree 6,2026-10-12,Monday,9,6,0,3,6,0,6,1.5,,False,False
amc-oak-tree-6,AMC Oak Tree 6,2026-10-13,Tuesday,7,4,0,3,4,0,6,1.17,,False,False
amc-oak-tree-6,AMC Oak Tree 6,2026-10-14,Wednesday,7,4,0,3,4,0,6,1.17,,False,False
amc-oak-tree-6,AMC Oak Tree 6,2026-10-15,Thursday,5,3,0,2,3,0,6,0.83,,False,False
amc-oak-tree-6,AMC Oak Tree 6,2026-10-16,Friday,6,3,0,2,3,1,6,1.0,,False,False
amc-oak-tree-6,AMC Oak Tree 6,2026-10-17,Saturday,8,4,0,3,3,1,6,1.33,,False,False
amc-oak-tree-6,AMC Oak Tree 6,2026-10-18,Sunday,5,3,0,2,3,0,6,0.83,,False,False
amc-oak-tree-6,AMC Oak Tree 6,2026-10-19,Monday,5,3,0,2,3,0,6,0.83,,False,False
amc-oak-tree-6,AMC Oak Tree 6,2026-10-20,Tuesday,5,3,0,2,3,0,6,0.83,,False,False
amc-oak-tree-6,AMC Oak Tree 6,2026-10-21,Wednesday,5,3,0,2,3,0,6,0.83,,False,False
amc-oak-tree-6,AMC Oak Tree 6,2026-10-22,Thursday,2,1,0,1,1,0,6,0.33,,False,False
amc-oak-tree-6,AMC Oak Tree 6,2026-10-23,Friday,3,1,0,1,1,1,6,0.5,,False,False
amc-oak-tree-6,AMC Oak Tree 6,2026-10-24,Saturday,4,1,0,2,1,1,6,0.67,,False,False
amc-oak-tree-6,AMC Oak Tree 6,2026-10-25,Sunday,3,1,0,2,1,0,6,0.5,,False,False
amc-oak-tree-6,AMC Oak Tree 6,2026-10-26,Monday,2,1,0,1,1,0,6,0.33,,False,False
amc-oak-tree-6,AMC Oak Tree 6,2026-10-27,Tuesday,2,1,0,1,1,0,6,0.33,,False,False
amc-oak-tree-6,AMC Oak Tree 6,2026-10-28,Wednesday,2,1,0,1,1,0,6,0.33,,False,False
amc-oak-tree-6,AMC Oak Tree 6,2026-10-29,Thursday,0,0,0,0,0,0,6,0.0,,False,False
amc-oak-tree-6,AMC Oak Tree 6,2026-10-30,Friday,0,0,0,0,0,0,6,0.0,,False,False
amc-oak-tree-6,AMC Oak Tree 6,2026-10-31,Saturday,0,0,0,0,0,0,6,0.0,,False,False
amc-oak-tree-6,AMC Oak Tree 6,2026-11-14,Saturday,1,1,0,0,0,0,6,0.17,,False,False
amc-oak-tree-6,AMC Oak Tree 6,2026-12-05,Saturday,1,1,0,0,0,0,6,0.17,,False,False
amc-oak-tree-6,AMC Oak Tree 6,2026-12-12,Saturday,1,1,0,0,0,0,6,0.17,,False,False
amc-oak-tree-6,AMC Oak Tree 6,2026-12-17,Thursday,6,1,0,2,3,1,6,1.0,,False,False
amc-oak-tree-6,AMC Oak Tree 6,2026-12-18,Friday,8,1,0,2,3,1,6,1.33,,False,False
amc-oak-tree-6,AMC Oak Tree 6,2026-12-19,Saturday,8,1,0,2,3,1,6,1.33,,False,False
amc-oak-tree-6,AMC Oak Tree 6,2026-12-20,Sunday,8,1,0,2,3,1,6,1.33,,False,False
amc-oak-tree-6,AMC Oak Tree 6,2026-12-21,Monday,7,1,0,2,3,1,6,1.17,,False,False
amc-oak-tree-6,AMC Oak Tree 6,2026-12-22,Tuesday,8,1,0,2,3,1,6,1.33,,False,False
amc-oak-tree-6,AMC Oak Tree 6,2026-12-23,Wednesday,8,1,0,2,3,1,6,1.33,,False,False
amc-oak-tree-6,AMC Oak Tree 6,2026-12-24,Thursday,7,1,0,2,3,0,6,1.17,,False,False
amc-oak-tree-6,AMC Oak Tree 6,2026-12-25,Friday,8,1,0,2,3,1,6,1.33,,False,False
amc-oak-tree-6,AMC Oak Tree 6,2026-12-26,Saturday,8,1,0,2,3,1,6,1.33,,False,False
amc-oak-tree-6,AMC Oak Tree 6,2026-12-27,Sunday,8,1,0,2,3,1,6,1.33,,False,False
amc-oak-tree-6,AMC Oak Tree 6,2026-12-28,Monday,8,1,0,2,3,1,6,1.33,,False,False
amc-oak-tree-6,AMC Oak Tree 6,2026-12-29,Tuesday,8,1,0,2,3,1,6,1.33,,False,False
amc-oak-tree-6,AMC Oak Tree 6,2026-12-30,Wednesday,8,1,0,2,3,1,6,1.33,,False,False
amc-oak-tree-6,AMC Oak Tree 6,2026-12-31,Thursday,6,1,0,2,2,0,6,1.0,,False,False
amc-oak-tree-6,AMC Oak Tree 6,2027-01-01,Friday,7,1,0,2,3,1,6,1.17,,False,False
amc-oak-tree-6,AMC Oak Tree 6,2027-01-02,Saturday,8,1,0,2,3,1,6,1.33,,False,False
amc-oak-tree-6,AMC Oak Tree 6,2027-01-03,Sunday,7,1,0,2,3,0,6,1.17,,False,False
amc-oak-tree-6,AMC Oak Tree 6,2027-01-04,Monday,4,1,0,2,2,0,6,0.67,,False,False
amc-oak-tree-6,AMC Oak Tree 6,2027-01-05,Tuesday,4,1,0,2,2,0,6,0.67,,False,False
amc-oak-tree-6,AMC Oak Tree 6,2027-01-06,Wednesday,4,1,0,2,2,0,6,0.67,,False,False
amc-oak-tree-6,AMC Oak Tree 6,2027-01-07,Thursday,4,1,0,2,2,0,6,0.67,,False,False
amc-pacific-place-11,AMC Pacific Place 11,2026-06-29,Monday,40,12,0,17,18,3,11,3.64,,True,True
amc-pacific-place-11,AMC Pacific Place 11,2026-06-30,Tuesday,52,11,0,17,21,4,11,4.73,,True,True
amc-pacific-place-11,AMC Pacific Place 11,2026-07-01,Wednesday,52,14,0,17,20,5,11,4.73,,True,True
amc-pacific-place-11,AMC Pacific Place 11,2026-07-02,Thursday,40,12,0,15,18,5,11,3.64,,True,True
amc-pacific-place-11,AMC Pacific Place 11,2026-07-03,Friday,43,11,0,14,19,4,11,3.91,day before Independence Day,True,True
amc-pacific-place-11,AMC Pacific Place 11,2026-07-04,Saturday,47,12,0,17,18,4,11,4.27,Independence Day,True,True
amc-pacific-place-11,AMC Pacific Place 11,2026-07-05,Sunday,46,12,0,17,17,3,11,4.18,day after Independence Day,True,True
amc-pacific-place-11,AMC Pacific Place 11,2026-07-06,Monday,37,12,0,19,17,1,11,3.36,,True,True
amc-pacific-place-11,AMC Pacific Place 11,2026-07-07,Tuesday,39,12,0,16,17,3,11,3.55,,True,True
amc-pacific-place-11,AMC Pacific Place 11,2026-07-08,Wednesday,40,13,0,15,18,3,11,3.64,,True,True
amc-pacific-place-11,AMC Pacific Place 11,2026-07-09,Thursday,42,16,0,16,20,4,11,3.82,,True,True
amc-pacific-place-11,AMC Pacific Place 11,2026-07-10,Friday,47,14,0,22,17,6,11,4.27,,True,True
amc-pacific-place-11,AMC Pacific Place 11,2026-07-11,Saturday,54,14,0,19,19,6,11,4.91,,True,True
amc-pacific-place-11,AMC Pacific Place 11,2026-07-12,Sunday,55,14,0,19,21,4,11,5.0,,True,True
amc-pacific-place-11,AMC Pacific Place 11,2026-07-13,Monday,39,14,0,18,19,2,11,3.55,,True,True
amc-pacific-place-11,AMC Pacific Place 11,2026-07-14,Tuesday,46,14,0,18,18,6,11,4.18,,True,True
amc-pacific-place-11,AMC Pacific Place 11,2026-07-15,Wednesday,43,14,0,15,18,6,11,3.91,,True,True
amc-pacific-place-11,AMC Pacific Place 11,2026-07-16,Thursday,43,15,0,16,18,4,11,3.91,,True,True
amc-pacific-place-11,AMC Pacific Place 11,2026-07-17,Friday,54,12,0,18,15,7,11,4.91,,True,True
amc-pacific-place-11,AMC Pacific Place 11,2026-07-18,Saturday,50,12,0,16,16,5,11,4.55,,True,True
amc-pacific-place-11,AMC Pacific Place 11,2026-07-19,Sunday,50,12,0,16,17,4,11,4.55,,True,True
amc-pacific-place-11,AMC Pacific Place 11,2026-07-20,Monday,49,13,0,18,17,3,11,4.45,,True,True
amc-pacific-place-11,AMC Pacific Place 11,2026-07-21,Tuesday,48,12,0,18,18,2,11,4.36,,True,True
amc-pacific-place-11,AMC Pacific Place 11,2026-07-22,Wednesday,49,13,0,18,16,2,11,4.45,,True,True
amc-pacific-place-11,AMC Pacific Place 11,2026-07-23,Thursday,49,15,0,18,18,2,11,4.45,,True,True
amc-pacific-place-11,AMC Pacific Place 11,2026-07-24,Friday,52,9,0,15,20,3,11,4.73,,True,True
amc-pacific-place-11,AMC Pacific Place 11,2026-07-25,Saturday,52,9,0,14,20,3,11,4.73,,True,True
amc-pacific-place-11,AMC Pacific Place 11,2026-07-26,Sunday,52,9,0,15,19,3,11,4.73,,True,True
amc-pacific-place-11,AMC Pacific Place 11,2026-07-27,Monday,46,11,0,16,17,2,11,4.18,,True,True
amc-pacific-place-11,AMC Pacific Place 11,2026-07-28,Tuesday,46,9,0,17,15,4,11,4.18,,True,True
amc-pacific-place-11,AMC Pacific Place 11,2026-07-29,Wednesday,45,9,0,15,14,4,11,4.09,,True,True
amc-pacific-place-11,AMC Pacific Place 11,2026-07-30,Thursday,44,7,0,15,14,3,11,4.0,,True,True
amc-pacific-place-11,AMC Pacific Place 11,2026-07-31,Friday,46,7,0,14,15,5,11,4.18,,True,True
amc-pacific-place-11,AMC Pacific Place 11,2026-08-01,Saturday,49,7,0,14,16,5,11,4.45,,True,True
amc-pacific-place-11,AMC Pacific Place 11,2026-08-02,Sunday,46,7,0,13,17,3,11,4.18,,True,True
amc-pacific-place-11,AMC Pacific Place 11,2026-08-03,Monday,44,8,0,14,16,2,11,4.0,,True,True
amc-pacific-place-11,AMC Pacific Place 11,2026-08-04,Tuesday,46,7,0,14,16,3,11,4.18,,True,True
amc-pacific-place-11,AMC Pacific Place 11,2026-08-05,Wednesday,44,8,0,14,16,3,11,4.0,,True,True
amc-pacific-place-11,AMC Pacific Place 11,2026-08-06,Thursday,47,13,0,13,18,4,11,4.27,,True,True
amc-pacific-place-11,AMC Pacific Place 11,2026-08-07,Friday,49,10,0,15,17,6,11,4.45,,True,True
amc-pacific-place-11,AMC Pacific Place 11,2026-08-08,Saturday,51,11,0,16,16,7,11,4.64,,True,True
amc-pacific-place-11,AMC Pacific Place 11,2026-08-09,Sunday,55,10,0,17,16,9,11,5.0,,True,True
amc-pacific-place-11,AMC Pacific Place 11,2026-08-10,Monday,40,12,0,16,18,2,11,3.64,,True,True
amc-pacific-place-11,AMC Pacific Place 11,2026-08-11,Tuesday,44,11,0,16,14,5,11,4.0,,True,True
amc-pacific-place-11,AMC Pacific Place 11,2026-08-12,Wednesday,49,10,0,19,17,4,11,4.45,,True,True
amc-pacific-place-11,AMC Pacific Place 11,2026-08-13,Thursday,43,16,0,17,19,3,11,3.91,,True,True
amc-pacific-place-11,AMC Pacific Place 11,2026-08-14,Friday,48,12,0,18,18,6,11,4.36,,True,True
amc-pacific-place-11,AMC Pacific Place 11,2026-08-15,Saturday,50,13,0,18,18,7,11,4.55,,True,True
amc-pacific-place-11,AMC Pacific Place 11,2026-08-16,Sunday,52,12,0,18,18,5,11,4.73,,True,True
amc-pacific-place-11,AMC Pacific Place 11,2026-08-17,Monday,48,13,0,19,21,3,11,4.36,,True,True
amc-pacific-place-11,AMC Pacific Place 11,2026-08-18,Tuesday,45,13,0,20,18,4,11,4.09,,True,True
amc-pacific-place-11,AMC Pacific Place 11,2026-08-19,Wednesday,43,12,0,19,17,3,11,3.91,,True,True
amc-pacific-place-11,AMC Pacific Place 11,2026-08-20,Thursday,41,17,0,16,19,3,11,3.73,,True,True
amc-pacific-place-11,AMC Pacific Place 11,2026-08-21,Friday,46,14,0,20,16,6,11,4.18,,True,True
amc-pacific-place-11,AMC Pacific Place 11,2026-08-22,Saturday,41,14,0,17,16,5,11,3.73,,True,True
amc-pacific-place-11,AMC Pacific Place 11,2026-08-23,Sunday,46,15,0,16,19,2,11,4.18,,True,True
amc-pacific-place-11,AMC Pacific Place 11,2026-08-24,Monday,42,15,0,19,20,1,11,3.82,,True,True
amc-pacific-place-11,AMC Pacific Place 11,2026-08-25,Tuesday,39,14,0,18,18,1,11,3.55,,True,True
amc-pacific-place-11,AMC Pacific Place 11,2026-08-26,Wednesday,40,14,0,18,19,1,11,3.64,,True,True
amc-pacific-place-11,AMC Pacific Place 11,2026-08-27,Thursday,42,16,0,19,19,2,11,3.82,,True,True
amc-pacific-place-11,AMC Pacific Place 11,2026-08-28,Friday,43,14,0,19,15,6,11,3.91,,True,True
amc-pacific-place-11,AMC Pacific Place 11,2026-08-29,Saturday,42,14,0,16,15,7,11,3.82,,True,True
amc-pacific-place-11,AMC Pacific Place 11,2026-08-30,Sunday,41,14,0,17,19,1,11,3.73,,True,True
amc-pacific-place-11,AMC Pacific Place 11,2026-08-31,Monday,39,15,0,17,19,0,11,3.55,,True,True
amc-pacific-place-11,AMC Pacific Place 11,2026-09-01,Tuesday,39,14,0,17,18,0,11,3.55,,True,True
amc-pacific-place-11,AMC Pacific Place 11,2026-09-02,Wednesday,39,15,0,17,18,0,11,3.55,,True,True
amc-pacific-place-11,AMC Pacific Place 11,2026-09-03,Thursday,40,20,0,19,18,0,11,3.64,,True,True
amc-pacific-place-11,AMC Pacific Place 11,2026-09-04,Friday,46,16,0,19,17,7,11,4.18,,True,True
amc-pacific-place-11,AMC Pacific Place 11,2026-09-05,Saturday,48,16,0,19,18,8,11,4.36,,True,True
amc-pacific-place-11,AMC Pacific Place 11,2026-09-06,Sunday,46,16,0,15,22,2,11,4.18,day before Labor Day,True,True
amc-pacific-place-11,AMC Pacific Place 11,2026-09-07,Monday,41,17,0,16,19,0,11,3.73,Labor Day,True,True
amc-pacific-place-11,AMC Pacific Place 11,2026-09-08,Tuesday,42,16,0,16,20,0,11,3.82,day after Labor Day,True,True
amc-pacific-place-11,AMC Pacific Place 11,2026-09-09,Wednesday,41,16,0,17,20,0,11,3.73,,True,True
amc-pacific-place-11,AMC Pacific Place 11,2026-09-10,Thursday,44,19,0,18,23,0,11,4.0,,True,True
amc-pacific-place-11,AMC Pacific Place 11,2026-09-11,Friday,42,15,0,15,16,5,11,3.82,,True,True
amc-pacific-place-11,AMC Pacific Place 11,2026-09-12,Saturday,44,15,0,16,18,5,11,4.0,,True,True
amc-pacific-place-11,AMC Pacific Place 11,2026-09-13,Sunday,42,16,0,15,19,2,11,3.82,,True,True
amc-pacific-place-11,AMC Pacific Place 11,2026-09-14,Monday,27,16,0,10,17,0,11,2.45,,True,True
amc-pacific-place-11,AMC Pacific Place 11,2026-09-15,Tuesday,35,15,0,18,16,0,11,3.18,,True,True
amc-pacific-place-11,AMC Pacific Place 11,2026-09-16,Wednesday,27,15,0,10,17,0,11,2.45,,True,True
amc-pacific-place-11,AMC Pacific Place 11,2026-09-17,Thursday,29,16,0,11,16,2,11,2.64,,True,True
amc-pacific-place-11,AMC Pacific Place 11,2026-09-18,Friday,31,15,0,11,15,5,11,2.82,,True,True
amc-pacific-place-11,AMC Pacific Place 11,2026-09-19,Saturday,42,15,0,18,16,4,11,3.82,,True,True
amc-pacific-place-11,AMC Pacific Place 11,2026-09-20,Sunday,41,15,0,16,19,1,11,3.73,,True,True
amc-pacific-place-11,AMC Pacific Place 11,2026-09-21,Monday,28,16,0,11,17,0,11,2.55,,True,True
amc-pacific-place-11,AMC Pacific Place 11,2026-09-22,Tuesday,27,15,0,11,16,0,11,2.45,,True,True
amc-pacific-place-11,AMC Pacific Place 11,2026-09-23,Wednesday,29,16,0,11,18,0,11,2.64,,True,True
amc-pacific-place-11,AMC Pacific Place 11,2026-09-24,Thursday,40,18,0,18,18,2,11,3.64,,True,True
amc-pacific-place-11,AMC Pacific Place 11,2026-09-25,Friday,44,14,0,19,16,7,11,4.0,,True,True
amc-pacific-place-11,AMC Pacific Place 11,2026-09-26,Saturday,44,14,0,19,16,6,11,4.0,,True,True
amc-pacific-place-11,AMC Pacific Place 11,2026-09-27,Sunday,43,14,0,17,17,2,11,3.91,,True,True
amc-pacific-place-11,AMC Pacific Place 11,2026-09-28,Monday,28,14,0,11,17,0,11,2.55,,True,True
amc-pacific-place-11,AMC Pacific Place 11,2026-09-29,Tuesday,38,14,0,20,18,0,11,3.45,,True,True
amc-pacific-place-11,AMC Pacific Place 11,2026-09-30,Wednesday,27,15,0,11,16,0,11,2.45,,True,True
amc-pacific-place-11,AMC Pacific Place 11,2026-10-01,Thursday,28,14,0,10,17,1,11,2.55,,True,False
amc-pacific-place-11,AMC Pacific Place 11,2026-10-02,Friday,41,13,0,21,15,5,11,3.73,,True,False
amc-pacific-place-11,AMC Pacific Place 11,2026-10-03,Saturday,42,13,0,21,16,5,11,3.82,,True,False
amc-pacific-place-11,AMC Pacific Place 11,2026-10-04,Sunday,41,13,0,17,18,2,11,3.73,,True,False
amc-pacific-place-11,AMC Pacific Place 11,2026-10-05,Monday,28,14,0,11,17,0,11,2.55,,True,False
amc-pacific-place-11,AMC Pacific Place 11,2026-10-06,Tuesday,36,13,0,19,17,0,11,3.27,,True,False
amc-pacific-place-11,AMC Pacific Place 11,2026-10-07,Wednesday,28,13,0,11,17,0,11,2.55,,True,False
amc-pacific-place-11,AMC Pacific Place 11,2026-10-08,Thursday,13,6,0,5,8,0,11,1.18,,False,False
amc-pacific-place-11,AMC Pacific Place 11,2026-10-09,Friday,15,6,0,8,5,2,11,1.36,,False,False
amc-pacific-place-11,AMC Pacific Place 11,2026-10-10,Saturday,15,6,0,8,5,2,11,1.36,,False,False
amc-pacific-place-11,AMC Pacific Place 11,2026-10-11,Sunday,15,6,0,6,5,2,11,1.36,,False,False
amc-pacific-place-11,AMC Pacific Place 11,2026-10-12,Monday,14,8,0,4,10,0,11,1.27,,False,False
amc-pacific-place-11,AMC Pacific Place 11,2026-10-13,Tuesday,15,6,0,7,8,0,11,1.36,,False,False
amc-pacific-place-11,AMC Pacific Place 11,2026-10-14,Wednesday,13,7,0,4,9,0,11,1.18,,False,False
amc-pacific-place-11,AMC Pacific Place 11,2026-10-15,Thursday,25,10,0,7,17,1,11,2.27,,False,False
amc-pacific-place-11,AMC Pacific Place 11,2026-10-16,Friday,23,7,0,9,11,3,11,2.09,,False,False
amc-pacific-place-11,AMC Pacific Place 11,2026-10-17,Saturday,22,7,0,10,9,3,11,2.0,,False,False
amc-pacific-place-11,AMC Pacific Place 11,2026-10-18,Sunday,22,7,0,7,11,1,11,2.0,,False,False
amc-pacific-place-11,AMC Pacific Place 11,2026-10-19,Monday,21,7,0,10,11,0,11,1.91,,False,False
amc-pacific-place-11,AMC Pacific Place 11,2026-10-20,Tuesday,21,7,0,10,11,0,11,1.91,,False,False
amc-pacific-place-11,AMC Pacific Place 11,2026-10-21,Wednesday,21,7,0,10,11,0,11,1.91,,False,False
amc-pacific-place-11,AMC Pacific Place 11,2026-10-22,Thursday,20,7,0,10,10,0,11,1.82,,False,False
amc-pacific-place-11,AMC Pacific Place 11,2026-10-23,Friday,5,2,0,2,2,1,11,0.45,,False,False
amc-pacific-place-11,AMC Pacific Place 11,2026-10-24,Saturday,6,3,0,3,2,1,11,0.55,,False,False
amc-pacific-place-11,AMC Pacific Place 11,2026-10-25,Sunday,7,4,0,3,3,0,11,0.64,,False,False
amc-pacific-place-11,AMC Pacific Place 11,2026-10-26,Monday,4,2,0,1,3,0,11,0.36,,False,False
amc-pacific-place-11,AMC Pacific Place 11,2026-10-27,Tuesday,5,2,0,2,3,0,11,0.45,,False,False
amc-pacific-place-11,AMC Pacific Place 11,2026-10-28,Wednesday,5,2,0,2,3,0,11,0.45,,False,False
amc-pacific-place-11,AMC Pacific Place 11,2026-10-29,Thursday,5,2,0,2,3,0,11,0.45,,False,False
amc-pacific-place-11,AMC Pacific Place 11,2026-10-30,Friday,1,1,0,1,0,0,11,0.09,,False,False
amc-pacific-place-11,AMC Pacific Place 11,2026-10-31,Saturday,1,1,0,1,0,0,11,0.09,,False,False
amc-pacific-place-11,AMC Pacific Place 11,2026-11-05,Thursday,2,1,0,1,1,0,11,0.18,,False,False
amc-pacific-place-11,AMC Pacific Place 11,2026-11-06,Friday,3,1,0,1,1,1,11,0.27,,False,False
amc-pacific-place-11,AMC Pacific Place 11,2026-11-07,Saturday,4,1,0,2,1,1,11,0.36,,False,False
amc-pacific-place-11,AMC Pacific Place 11,2026-11-08,Sunday,4,1,0,1,2,0,11,0.36,,False,False
amc-pacific-place-11,AMC Pacific Place 11,2026-11-09,Monday,3,2,0,1,2,0,11,0.27,,False,False
amc-pacific-place-11,AMC Pacific Place 11,2026-11-10,Tuesday,3,1,0,2,1,0,11,0.27,,False,False
amc-pacific-place-11,AMC Pacific Place 11,2026-11-11,Wednesday,3,1,0,2,1,0,11,0.27,,False,False
amc-pacific-place-11,AMC Pacific Place 11,2026-11-19,Thursday,1,1,0,0,1,0,11,0.09,,False,False
amc-pacific-place-11,AMC Pacific Place 11,2026-11-22,Sunday,1,1,0,0,0,0,11,0.09,,False,False
amc-pacific-place-11,AMC Pacific Place 11,2026-12-17,Thursday,10,1,0,4,5,1,11,0.91,,False,False
amc-pacific-place-11,AMC Pacific Place 11,2026-12-18,Friday,14,1,0,4,5,2,11,1.27,,False,False
amc-pacific-place-11,AMC Pacific Place 11,2026-12-19,Saturday,15,1,0,4,5,2,11,1.36,,False,False
amc-pacific-place-11,AMC Pacific Place 11,2026-12-20,Sunday,15,2,0,4,6,1,11,1.36,,False,False
amc-pacific-place-11,AMC Pacific Place 11,2026-12-21,Monday,14,1,0,4,6,1,11,1.27,,False,False
amc-pacific-place-11,AMC Pacific Place 11,2026-12-22,Tuesday,14,1,0,4,6,1,11,1.27,,False,False
amc-pacific-place-11,AMC Pacific Place 11,2026-12-23,Wednesday,14,1,0,4,6,1,11,1.27,,False,False
amc-pacific-place-11,AMC Pacific Place 11,2026-12-24,Thursday,13,1,0,4,6,0,11,1.18,,False,False
amc-pacific-place-11,AMC Pacific Place 11,2026-12-25,Friday,8,1,0,2,3,0,11,0.73,,False,False
amc-pacific-place-11,AMC Pacific Place 11,2026-12-26,Saturday,8,1,0,3,2,1,11,0.73,,False,False
amc-pacific-place-11,AMC Pacific Place 11,2026-12-27,Sunday,8,1,0,3,2,1,11,0.73,,False,False
amc-pacific-place-11,AMC Pacific Place 11,2026-12-28,Monday,7,1,0,3,2,1,11,0.64,,False,False
amc-pacific-place-11,AMC Pacific Place 11,2026-12-29,Tuesday,7,1,0,3,2,1,11,0.64,,False,False
amc-pacific-place-11,AMC Pacific Place 11,2026-12-30,Wednesday,7,1,0,3,2,1,11,0.64,,False,False
amc-pacific-place-11,AMC Pacific Place 11,2026-12-31,Thursday,7,1,0,3,3,0,11,0.64,,False,False
amc-pacific-place-11,AMC Pacific Place 11,2027-01-01,Friday,8,1,0,2,3,0,11,0.73,,False,False
amc-pacific-place-11,AMC Pacific Place 11,2027-01-02,Saturday,8,1,0,3,2,1,11,0.73,,False,False
amc-pacific-place-11,AMC Pacific Place 11,2027-01-03,Sunday,8,1,0,3,3,0,11,0.73,,False,False
amc-pacific-place-11,AMC Pacific Place 11,2027-01-04,Monday,5,1,0,1,4,0,11,0.45,,False,False
amc-pacific-place-11,AMC Pacific Place 11,2027-01-05,Tuesday,6,1,0,3,3,0,11,0.55,,False,False
amc-pacific-place-11,AMC Pacific Place 11,2027-01-06,Wednesday,6,1,0,3,3,0,11,0.55,,False,False
amc-pacific-place-11,AMC Pacific Place 11,2027-01-07,Thursday,6,1,0,3,3,0,11,0.55,,False,False
amc-southcenter-16,AMC Southcenter 16,2026-06-29,Monday,80,19,0,28,27,5,16,5.0,,True,True
amc-southcenter-16,AMC Southcenter 16,2026-06-30,Tuesday,86,19,0,26,27,11,16,5.38,,True,True
amc-southcenter-16,AMC Southcenter 16,2026-07-01,Wednesday,102,22,5,27,30,11,16,6.38,,True,True
amc-southcenter-16,AMC Southcenter 16,2026-07-02,Thursday,90,16,0,28,30,8,16,5.62,,True,True
amc-southcenter-16,AMC Southcenter 16,2026-07-03,Friday,96,18,0,26,28,12,16,6.0,day before Independence Day,True,True
amc-southcenter-16,AMC Southcenter 16,2026-07-04,Saturday,99,19,0,28,27,14,16,6.19,Independence Day,True,True
amc-southcenter-16,AMC Southcenter 16,2026-07-05,Sunday,96,19,0,27,29,10,16,6.0,day after Independence Day,True,True
amc-southcenter-16,AMC Southcenter 16,2026-07-06,Monday,92,18,0,23,29,9,16,5.75,,True,True
amc-southcenter-16,AMC Southcenter 16,2026-07-07,Tuesday,96,18,0,24,30,11,16,6.0,,True,True
amc-southcenter-16,AMC Southcenter 16,2026-07-08,Wednesday,85,17,0,22,30,11,16,5.31,,True,True
amc-southcenter-16,AMC Southcenter 16,2026-07-09,Thursday,80,20,0,27,29,9,16,5.0,,True,True
amc-southcenter-16,AMC Southcenter 16,2026-07-10,Friday,94,15,0,27,34,9,16,5.88,,True,True
amc-southcenter-16,AMC Southcenter 16,2026-07-11,Saturday,105,17,0,25,39,10,16,6.56,,True,True
amc-southcenter-16,AMC Southcenter 16,2026-07-12,Sunday,93,15,0,23,32,8,16,5.81,,True,True
amc-southcenter-16,AMC Southcenter 16,2026-07-13,Monday,89,16,0,26,31,11,16,5.56,,True,True
amc-southcenter-16,AMC Southcenter 16,2026-07-14,Tuesday,84,16,0,25,30,7,16,5.25,,True,True
amc-southcenter-16,AMC Southcenter 16,2026-07-15,Wednesday,85,17,0,23,32,9,16,5.31,,True,True
amc-southcenter-16,AMC Southcenter 16,2026-07-16,Thursday,77,13,0,22,26,10,16,4.81,,True,True
amc-southcenter-16,AMC Southcenter 16,2026-07-17,Friday,75,11,0,20,23,12,16,4.69,,True,True
amc-southcenter-16,AMC Southcenter 16,2026-07-18,Saturday,80,12,0,21,24,11,16,5.0,,True,True
amc-southcenter-16,AMC Southcenter 16,2026-07-19,Sunday,85,12,0,19,26,12,16,5.31,,True,True
amc-southcenter-16,AMC Southcenter 16,2026-07-20,Monday,75,14,0,22,24,10,16,4.69,,True,True
amc-southcenter-16,AMC Southcenter 16,2026-07-21,Tuesday,75,12,0,22,23,10,16,4.69,,True,True
amc-southcenter-16,AMC Southcenter 16,2026-07-22,Wednesday,72,13,0,21,25,10,16,4.5,,True,True
amc-southcenter-16,AMC Southcenter 16,2026-07-23,Thursday,76,19,0,24,28,7,16,4.75,,True,True
amc-southcenter-16,AMC Southcenter 16,2026-07-24,Friday,78,16,0,21,28,8,16,4.88,,True,True
amc-southcenter-16,AMC Southcenter 16,2026-07-25,Saturday,84,16,0,22,25,11,16,5.25,,True,True
amc-southcenter-16,AMC Southcenter 16,2026-07-26,Sunday,82,18,0,22,26,10,16,5.12,,True,True
amc-southcenter-16,AMC Southcenter 16,2026-07-27,Monday,79,19,0,25,25,10,16,4.94,,True,True
amc-southcenter-16,AMC Southcenter 16,2026-07-28,Tuesday,77,16,0,23,25,11,16,4.81,,True,True
amc-southcenter-16,AMC Southcenter 16,2026-07-29,Wednesday,74,17,0,23,23,10,16,4.62,,True,True
amc-southcenter-16,AMC Southcenter 16,2026-07-30,Thursday,77,12,0,21,24,12,16,4.81,,True,True
amc-southcenter-16,AMC Southcenter 16,2026-07-31,Friday,102,11,3,21,27,9,16,6.38,,True,True
amc-southcenter-16,AMC Southcenter 16,2026-08-01,Saturday,100,11,2,20,29,13,16,6.25,,True,True
amc-southcenter-16,AMC Southcenter 16,2026-08-02,Sunday,94,12,3,22,27,12,16,5.88,,True,True
amc-southcenter-16,AMC Southcenter 16,2026-08-03,Monday,95,13,3,25,26,9,16,5.94,,True,True
amc-southcenter-16,AMC Southcenter 16,2026-08-04,Tuesday,92,11,0,25,25,9,16,5.75,,True,True
amc-southcenter-16,AMC Southcenter 16,2026-08-05,Wednesday,100,13,0,23,31,12,16,6.25,,True,True
amc-southcenter-16,AMC Southcenter 16,2026-08-06,Thursday,79,15,0,22,25,8,16,4.94,,True,True
amc-southcenter-16,AMC Southcenter 16,2026-08-07,Friday,89,12,0,22,24,13,16,5.56,,True,True
amc-southcenter-16,AMC Southcenter 16,2026-08-08,Saturday,103,16,5,25,26,11,16,6.44,,True,True
amc-southcenter-16,AMC Southcenter 16,2026-08-09,Sunday,104,13,6,20,28,11,16,6.5,,True,True
amc-southcenter-16,AMC Southcenter 16,2026-08-10,Monday,90,16,0,25,27,9,16,5.62,,True,True
amc-southcenter-16,AMC Southcenter 16,2026-08-11,Tuesday,85,15,0,22,24,13,16,5.31,,True,True
amc-southcenter-16,AMC Southcenter 16,2026-08-12,Wednesday,87,14,0,23,25,10,16,5.44,,True,True
amc-southcenter-16,AMC Southcenter 16,2026-08-13,Thursday,92,24,0,25,31,10,16,5.75,,True,True
amc-southcenter-16,AMC Southcenter 16,2026-08-14,Friday,75,19,0,24,32,9,16,4.69,,True,True
amc-southcenter-16,AMC Southcenter 16,2026-08-15,Saturday,91,19,0,27,33,10,16,5.69,,True,True
amc-southcenter-16,AMC Southcenter 16,2026-08-16,Sunday,81,21,0,24,35,10,16,5.06,,True,True
amc-southcenter-16,AMC Southcenter 16,2026-08-17,Monday,80,21,0,27,32,13,16,5.0,,True,True
amc-southcenter-16,AMC Southcenter 16,2026-08-18,Tuesday,81,19,0,27,33,10,16,5.06,,True,True
amc-southcenter-16,AMC Southcenter 16,2026-08-19,Wednesday,75,19,0,22,33,9,16,4.69,,True,True
amc-southcenter-16,AMC Southcenter 16,2026-08-20,Thursday,68,19,0,22,29,10,16,4.25,,True,True
amc-southcenter-16,AMC Southcenter 16,2026-08-21,Friday,76,17,0,25,27,8,16,4.75,,True,True
amc-southcenter-16,AMC Southcenter 16,2026-08-22,Saturday,77,18,0,24,26,9,16,4.81,,True,True
amc-southcenter-16,AMC Southcenter 16,2026-08-23,Sunday,82,21,0,27,32,7,16,5.12,,True,True
amc-southcenter-16,AMC Southcenter 16,2026-08-24,Monday,71,19,0,26,30,9,16,4.44,,True,True
amc-southcenter-16,AMC Southcenter 16,2026-08-25,Tuesday,82,21,0,27,31,11,16,5.12,,True,True
amc-southcenter-16,AMC Southcenter 16,2026-08-26,Wednesday,76,21,0,28,33,9,16,4.75,,True,True
amc-southcenter-16,AMC Southcenter 16,2026-08-27,Thursday,79,26,0,26,26,10,16,4.94,,True,True
amc-southcenter-16,AMC Southcenter 16,2026-08-28,Friday,75,29,0,22,27,14,16,4.69,,True,True
amc-southcenter-16,AMC Southcenter 16,2026-08-29,Saturday,80,30,0,27,26,12,16,5.0,,True,True
amc-southcenter-16,AMC Southcenter 16,2026-08-30,Sunday,83,30,0,28,31,9,16,5.19,,True,True
amc-southcenter-16,AMC Southcenter 16,2026-08-31,Monday,68,30,0,31,30,7,16,4.25,,True,True
amc-southcenter-16,AMC Southcenter 16,2026-09-01,Tuesday,68,29,0,30,30,8,16,4.25,,True,True
amc-southcenter-16,AMC Southcenter 16,2026-09-02,Wednesday,70,31,0,30,31,9,16,4.38,,True,True
amc-southcenter-16,AMC Southcenter 16,2026-09-03,Thursday,63,24,0,28,24,11,16,3.94,,True,True
amc-southcenter-16,AMC Southcenter 16,2026-09-04,Friday,66,25,0,25,26,10,16,4.12,,True,True
amc-southcenter-16,AMC Southcenter 16,2026-09-05,Saturday,76,25,0,25,27,9,16,4.75,,True,True
amc-southcenter-16,AMC Southcenter 16,2026-09-06,Sunday,79,26,0,28,24,12,16,4.94,day before Labor Day,True,True
amc-southcenter-16,AMC Southcenter 16,2026-09-07,Monday,66,27,0,30,25,11,16,4.12,Labor Day,True,True
amc-southcenter-16,AMC Southcenter 16,2026-09-08,Tuesday,65,25,0,29,25,11,16,4.06,day after Labor Day,True,True
amc-southcenter-16,AMC Southcenter 16,2026-09-09,Wednesday,66,25,0,28,30,8,16,4.12,,True,True
amc-southcenter-16,AMC Southcenter 16,2026-09-10,Thursday,60,22,0,26,24,10,16,3.75,,True,True
amc-southcenter-16,AMC Southcenter 16,2026-09-11,Friday,68,21,0,19,24,11,16,4.25,,True,True
amc-southcenter-16,AMC Southcenter 16,2026-09-12,Saturday,67,22,0,20,23,11,16,4.19,,True,True
amc-southcenter-16,AMC Southcenter 16,2026-09-13,Sunday,67,24,0,20,24,11,16,4.19,,True,True
amc-southcenter-16,AMC Southcenter 16,2026-09-14,Monday,62,23,0,28,23,11,16,3.88,,True,True
amc-southcenter-16,AMC Southcenter 16,2026-09-15,Tuesday,68,23,0,21,25,11,16,4.25,,True,True
amc-southcenter-16,AMC Southcenter 16,2026-09-16,Wednesday,60,23,0,26,23,11,16,3.75,,True,True
amc-southcenter-16,AMC Southcenter 16,2026-09-17,Thursday,57,20,0,22,26,9,16,3.56,,True,True
amc-southcenter-16,AMC Southcenter 16,2026-09-18,Friday,71,23,0,26,25,13,16,4.44,,True,True
amc-southcenter-16,AMC Southcenter 16,2026-09-19,Saturday,75,26,2,26,28,6,16,4.69,,True,True
amc-southcenter-16,AMC Southcenter 16,2026-09-20,Sunday,86,26,0,24,29,6,16,5.38,,True,True
amc-southcenter-16,AMC Southcenter 16,2026-09-21,Monday,68,24,0,24,27,8,16,4.25,,True,True
amc-southcenter-16,AMC Southcenter 16,2026-09-22,Tuesday,71,22,0,22,27,9,16,4.44,,True,True
amc-southcenter-16,AMC Southcenter 16,2026-09-23,Wednesday,59,24,0,24,26,9,16,3.69,,True,True
amc-southcenter-16,AMC Southcenter 16,2026-09-24,Thursday,61,22,0,27,26,8,16,3.81,,True,True
amc-southcenter-16,AMC Southcenter 16,2026-09-25,Friday,65,20,0,24,26,10,16,4.06,,True,True
amc-southcenter-16,AMC Southcenter 16,2026-09-26,Saturday,75,21,0,28,22,13,16,4.69,,True,True
amc-southcenter-16,AMC Southcenter 16,2026-09-27,Sunday,64,21,0,24,26,8,16,4.0,,True,True
amc-southcenter-16,AMC Southcenter 16,2026-09-28,Monday,60,21,0,29,22,9,16,3.75,,True,True
amc-southcenter-16,AMC Southcenter 16,2026-09-29,Tuesday,63,21,0,31,22,10,16,3.94,,True,True
amc-southcenter-16,AMC Southcenter 16,2026-09-30,Wednesday,61,22,0,30,24,7,16,3.81,,True,True
amc-southcenter-16,AMC Southcenter 16,2026-10-01,Thursday,62,26,0,28,23,11,16,3.88,,True,False
amc-southcenter-16,AMC Southcenter 16,2026-10-02,Friday,68,23,0,21,26,10,16,4.25,,True,False
amc-southcenter-16,AMC Southcenter 16,2026-10-03,Saturday,77,24,0,24,25,9,16,4.81,,True,False
amc-southcenter-16,AMC Southcenter 16,2026-10-04,Sunday,66,24,0,23,27,8,16,4.12,,True,False
amc-southcenter-16,AMC Southcenter 16,2026-10-05,Monday,63,25,0,30,23,10,16,3.94,,True,False
amc-southcenter-16,AMC Southcenter 16,2026-10-06,Tuesday,63,24,0,23,25,7,16,3.94,,True,False
amc-southcenter-16,AMC Southcenter 16,2026-10-07,Wednesday,63,24,0,29,26,8,16,3.94,,True,False
amc-southcenter-16,AMC Southcenter 16,2026-10-08,Thursday,14,8,0,3,9,2,16,0.88,,False,False
amc-southcenter-16,AMC Southcenter 16,2026-10-09,Friday,17,8,0,7,8,2,16,1.06,,False,False
amc-southcenter-16,AMC Southcenter 16,2026-10-10,Saturday,20,9,0,10,8,1,16,1.25,,False,False
amc-southcenter-16,AMC Southcenter 16,2026-10-11,Sunday,20,9,0,9,8,1,16,1.25,,False,False
amc-southcenter-16,AMC Southcenter 16,2026-10-12,Monday,19,10,0,8,11,0,16,1.19,,False,False
amc-southcenter-16,AMC Southcenter 16,2026-10-13,Tuesday,19,9,0,9,10,0,16,1.19,,False,False
amc-southcenter-16,AMC Southcenter 16,2026-10-14,Wednesday,20,10,0,9,11,0,16,1.25,,False,False
amc-southcenter-16,AMC Southcenter 16,2026-10-15,Thursday,30,12,0,8,14,8,16,1.88,,False,False
amc-southcenter-16,AMC Southcenter 16,2026-10-16,Friday,35,10,0,10,17,3,16,2.19,,False,False
amc-southcenter-16,AMC Southcenter 16,2026-10-17,Saturday,44,11,0,14,15,6,16,2.75,,False,False
amc-southcenter-16,AMC Southcenter 16,2026-10-18,Sunday,42,10,0,14,14,6,16,2.62,,False,False
amc-southcenter-16,AMC Southcenter 16,2026-10-19,Monday,38,12,0,12,17,6,16,2.38,,False,False
amc-southcenter-16,AMC Southcenter 16,2026-10-20,Tuesday,36,11,0,12,17,5,16,2.25,,False,False
amc-southcenter-16,AMC Southcenter 16,2026-10-21,Wednesday,37,11,0,15,16,5,16,2.31,,False,False
amc-southcenter-16,AMC Southcenter 16,2026-10-22,Thursday,7,3,0,2,3,2,16,0.44,,False,False
amc-southcenter-16,AMC Southcenter 16,2026-10-23,Friday,9,3,0,4,4,1,16,0.56,,False,False
amc-southcenter-16,AMC Southcenter 16,2026-10-24,Saturday,12,5,0,7,3,1,16,0.75,,False,False
amc-southcenter-16,AMC Southcenter 16,2026-10-25,Sunday,12,6,0,6,4,1,16,0.75,,False,False
amc-southcenter-16,AMC Southcenter 16,2026-10-26,Monday,8,4,0,2,6,0,16,0.5,,False,False
amc-southcenter-16,AMC Southcenter 16,2026-10-27,Tuesday,9,5,0,2,7,0,16,0.56,,False,False
amc-southcenter-16,AMC Southcenter 16,2026-10-28,Wednesday,9,5,0,2,7,0,16,0.56,,False,False
amc-southcenter-16,AMC Southcenter 16,2026-10-29,Thursday,3,3,0,0,3,0,16,0.19,,False,False
amc-southcenter-16,AMC Southcenter 16,2026-10-30,Friday,4,4,0,2,1,0,16,0.25,,False,False
amc-southcenter-16,AMC Southcenter 16,2026-10-31,Saturday,4,4,0,1,2,0,16,0.25,,False,False
amc-southcenter-16,AMC Southcenter 16,2026-11-01,Sunday,2,1,0,1,1,0,16,0.12,,False,False
amc-southcenter-16,AMC Southcenter 16,2026-11-05,Thursday,4,3,0,1,2,1,16,0.25,,False,False
amc-southcenter-16,AMC Southcenter 16,2026-11-06,Friday,5,2,0,3,2,0,16,0.31,,False,False
amc-southcenter-16,AMC Southcenter 16,2026-11-07,Saturday,6,3,0,4,1,1,16,0.38,,False,False
amc-southcenter-16,AMC Southcenter 16,2026-11-08,Sunday,6,3,0,4,2,0,16,0.38,,False,False
amc-southcenter-16,AMC Southcenter 16,2026-11-09,Monday,6,3,0,3,3,0,16,0.38,,False,False
amc-southcenter-16,AMC Southcenter 16,2026-11-10,Tuesday,6,3,0,3,3,0,16,0.38,,False,False
amc-southcenter-16,AMC Southcenter 16,2026-11-11,Wednesday,6,3,0,2,4,0,16,0.38,,False,False
amc-southcenter-16,AMC Southcenter 16,2026-11-14,Saturday,1,1,0,1,0,0,16,0.06,,False,False
amc-southcenter-16,AMC Southcenter 16,2026-11-16,Monday,1,1,0,0,1,0,16,0.06,,False,False
amc-southcenter-16,AMC Southcenter 16,2026-11-22,Sunday,1,1,0,1,0,0,16,0.06,,False,False
amc-southcenter-16,AMC Southcenter 16,2026-11-23,Monday,2,2,0,0,2,0,16,0.12,,False,False
amc-southcenter-16,AMC Southcenter 16,2026-11-25,Wednesday,3,1,0,1,0,0,16,0.19,,False,False
amc-southcenter-16,AMC Southcenter 16,2026-11-26,Thursday,3,1,0,1,0,0,16,0.19,,False,False
amc-southcenter-16,AMC Southcenter 16,2026-11-27,Friday,3,1,0,1,0,0,16,0.19,,False,False
amc-southcenter-16,AMC Southcenter 16,2026-11-28,Saturday,2,1,0,1,0,0,16,0.12,,False,False
amc-southcenter-16,AMC Southcenter 16,2026-11-29,Sunday,2,1,0,1,0,0,16,0.12,,False,False
amc-southcenter-16,AMC Southcenter 16,2026-11-30,Monday,2,1,0,1,1,0,16,0.12,,False,False
amc-southcenter-16,AMC Southcenter 16,2026-12-01,Tuesday,2,1,0,2,0,0,16,0.12,,False,False
amc-southcenter-16,AMC Southcenter 16,2026-12-02,Wednesday,2,1,0,2,0,0,16,0.12,,False,False
amc-southcenter-16,AMC Southcenter 16,2026-12-05,Saturday,1,1,0,0,0,0,16,0.06,,False,False
amc-southcenter-16,AMC Southcenter 16,2026-12-06,Sunday,1,1,0,1,0,0,16,0.06,,False,False
amc-southcenter-16,AMC Southcenter 16,2026-12-09,Wednesday,1,1,0,0,1,0,16,0.06,,False,False
amc-southcenter-16,AMC Southcenter 16,2026-12-12,Saturday,1,1,0,1,0,0,16,0.06,,False,False
amc-southcenter-16,AMC Southcenter 16,2026-12-15,Tuesday,6,1,0,0,5,1,16,0.38,,False,False
amc-southcenter-16,AMC Southcenter 16,2026-12-17,Thursday,22,2,0,8,11,3,16,1.38,,False,False
amc-southcenter-16,AMC Southcenter 16,2026-12-18,Friday,39,3,3,10,10,4,16,2.44,,False,False
amc-southcenter-16,AMC Southcenter 16,2026-12-19,Saturday,41,3,2,10,10,4,16,2.56,,False,False
amc-southcenter-16,AMC Southcenter 16,2026-12-20,Sunday,42,4,2,10,10,5,16,2.62,,False,False
amc-southcenter-16,AMC Southcenter 16,2026-12-21,Monday,31,3,0,9,10,5,16,1.94,,False,False
amc-southcenter-16,AMC Southcenter 16,2026-12-22,Tuesday,29,3,0,9,10,4,16,1.81,,False,False
amc-southcenter-16,AMC Southcenter 16,2026-12-23,Wednesday,29,3,0,9,10,4,16,1.81,,False,False
amc-southcenter-16,AMC Southcenter 16,2026-12-24,Thursday,21,3,0,8,7,1,16,1.31,,False,False
amc-southcenter-16,AMC Southcenter 16,2026-12-25,Friday,25,2,0,7,5,4,16,1.56,,False,False
amc-southcenter-16,AMC Southcenter 16,2026-12-26,Saturday,26,2,1,7,5,4,16,1.62,,False,False
amc-southcenter-16,AMC Southcenter 16,2026-12-27,Sunday,26,2,1,7,5,4,16,1.62,,False,False
amc-southcenter-16,AMC Southcenter 16,2026-12-28,Monday,26,2,1,7,5,4,16,1.62,,False,False
amc-southcenter-16,AMC Southcenter 16,2026-12-29,Tuesday,26,2,1,7,5,4,16,1.62,,False,False
amc-southcenter-16,AMC Southcenter 16,2026-12-30,Wednesday,26,2,1,7,5,4,16,1.62,,False,False
amc-southcenter-16,AMC Southcenter 16,2026-12-31,Thursday,23,2,1,7,5,1,16,1.44,,False,False
amc-southcenter-16,AMC Southcenter 16,2027-01-01,Friday,16,2,0,6,4,3,16,1.0,,False,False
amc-southcenter-16,AMC Southcenter 16,2027-01-02,Saturday,21,2,1,6,4,3,16,1.31,,False,False
amc-southcenter-16,AMC Southcenter 16,2027-01-03,Sunday,19,2,1,6,4,1,16,1.19,,False,False
amc-southcenter-16,AMC Southcenter 16,2027-01-04,Monday,14,2,0,4,5,2,16,0.88,,False,False
amc-southcenter-16,AMC Southcenter 16,2027-01-05,Tuesday,14,2,0,4,5,2,16,0.88,,False,False
amc-southcenter-16,AMC Southcenter 16,2027-01-06,Wednesday,10,2,0,3,4,1,16,0.62,,False,False
amc-southcenter-16,AMC Southcenter 16,2027-01-07,Thursday,6,1,0,2,3,0,16,0.38,,False,False
amc-southcenter-16,AMC Southcenter 16,2027-01-23,Saturday,1,1,0,0,0,0,16,0.06,,False,False
amc-southcenter-16,AMC Southcenter 16,2027-03-20,Saturday,1,1,0,0,0,0,16,0.06,,False,False
amc-southcenter-16,AMC Southcenter 16,2027-04-03,Saturday,1,1,0,0,0,0,16,0.06,,False,False
amc-southcenter-16,AMC Southcenter 16,2027-04-24,Saturday,1,1,0,0,0,0,16,0.06,,False,False
amc-southcenter-16,AMC Southcenter 16,2027-05-08,Saturday,1,1,0,1,0,0,16,0.06,,False,False
amc-southcenter-16,AMC Southcenter 16,2027-06-05,Saturday,1,1,0,0,0,0,16,0.06,,False,False
amc-woodinville-12,AMC Woodinville 12,2026-06-29,Monday,59,12,0,18,18,7,12,4.92,,True,True
amc-woodinville-12,AMC Woodinville 12,2026-06-30,Tuesday,57,10,0,19,17,6,12,4.75,,True,True
amc-woodinville-12,AMC Woodinville 12,2026-07-01,Wednesday,59,8,0,20,19,6,12,4.92,,True,True
amc-woodinville-12,AMC Woodinville 12,2026-07-02,Thursday,59,9,0,17,20,6,12,4.92,,True,True
amc-woodinville-12,AMC Woodinville 12,2026-07-03,Friday,63,9,0,18,21,5,12,5.25,day before Independence Day,True,True
amc-woodinville-12,AMC Woodinville 12,2026-07-04,Saturday,64,9,0,19,21,5,12,5.33,Independence Day,True,True
amc-woodinville-12,AMC Woodinville 12,2026-07-05,Sunday,66,10,0,18,22,5,12,5.5,day after Independence Day,True,True
amc-woodinville-12,AMC Woodinville 12,2026-07-06,Monday,63,12,0,20,21,6,12,5.25,,True,True
amc-woodinville-12,AMC Woodinville 12,2026-07-07,Tuesday,63,10,0,21,20,7,12,5.25,,True,True
amc-woodinville-12,AMC Woodinville 12,2026-07-08,Wednesday,62,11,0,20,20,7,12,5.17,,True,True
amc-woodinville-12,AMC Woodinville 12,2026-07-09,Thursday,58,13,0,18,20,5,12,4.83,,True,True
amc-woodinville-12,AMC Woodinville 12,2026-07-10,Friday,64,11,0,19,20,8,12,5.33,,True,True
amc-woodinville-12,AMC Woodinville 12,2026-07-11,Saturday,67,14,0,19,23,7,12,5.58,,True,True
amc-woodinville-12,AMC Woodinville 12,2026-07-12,Sunday,65,12,0,19,21,8,12,5.42,,True,True
amc-woodinville-12,AMC Woodinville 12,2026-07-13,Monday,59,13,0,20,19,6,12,4.92,,True,True
amc-woodinville-12,AMC Woodinville 12,2026-07-14,Tuesday,59,12,0,20,19,6,12,4.92,,True,True
amc-woodinville-12,AMC Woodinville 12,2026-07-15,Wednesday,60,13,0,21,19,6,12,5.0,,True,True
amc-woodinville-12,AMC Woodinville 12,2026-07-16,Thursday,57,12,0,18,17,8,12,4.75,,True,True
amc-woodinville-12,AMC Woodinville 12,2026-07-17,Friday,54,10,0,17,17,7,12,4.5,,True,True
amc-woodinville-12,AMC Woodinville 12,2026-07-18,Saturday,61,10,0,17,19,9,12,5.08,,True,True
amc-woodinville-12,AMC Woodinville 12,2026-07-19,Sunday,64,10,0,18,20,8,12,5.33,,True,True
amc-woodinville-12,AMC Woodinville 12,2026-07-20,Monday,67,12,0,23,21,7,12,5.58,,True,True
amc-woodinville-12,AMC Woodinville 12,2026-07-21,Tuesday,56,10,0,17,19,6,12,4.67,,True,True
amc-woodinville-12,AMC Woodinville 12,2026-07-22,Wednesday,56,11,0,17,19,5,12,4.67,,True,True
amc-woodinville-12,AMC Woodinville 12,2026-07-23,Thursday,50,14,0,15,18,4,12,4.17,,True,True
amc-woodinville-12,AMC Woodinville 12,2026-07-24,Friday,51,11,0,16,17,6,12,4.25,,True,True
amc-woodinville-12,AMC Woodinville 12,2026-07-25,Saturday,57,12,0,15,19,7,12,4.75,,True,True
amc-woodinville-12,AMC Woodinville 12,2026-07-26,Sunday,59,12,0,18,18,6,12,4.92,,True,True
amc-woodinville-12,AMC Woodinville 12,2026-07-27,Monday,54,14,0,16,19,5,12,4.5,,True,True
amc-woodinville-12,AMC Woodinville 12,2026-07-28,Tuesday,50,10,0,15,18,3,12,4.17,,True,True
amc-woodinville-12,AMC Woodinville 12,2026-07-29,Wednesday,48,11,0,17,15,5,12,4.0,,True,True
amc-woodinville-12,AMC Woodinville 12,2026-07-30,Thursday,48,7,0,13,17,7,12,4.0,,True,True
amc-woodinville-12,AMC Woodinville 12,2026-07-31,Friday,58,6,1,14,16,8,12,4.83,,True,True
amc-woodinville-12,AMC Woodinville 12,2026-08-01,Saturday,58,6,0,14,15,8,12,4.83,,True,True
amc-woodinville-12,AMC Woodinville 12,2026-08-02,Sunday,65,7,2,16,15,11,12,5.42,,True,True
amc-woodinville-12,AMC Woodinville 12,2026-08-03,Monday,57,8,0,16,18,5,12,4.75,,True,True
amc-woodinville-12,AMC Woodinville 12,2026-08-04,Tuesday,57,6,0,17,17,6,12,4.75,,True,True
amc-woodinville-12,AMC Woodinville 12,2026-08-05,Wednesday,56,8,0,16,17,6,12,4.67,,True,True
amc-woodinville-12,AMC Woodinville 12,2026-08-06,Thursday,55,11,0,14,17,7,12,4.58,,True,True
amc-woodinville-12,AMC Woodinville 12,2026-08-07,Friday,54,7,0,11,18,7,12,4.5,,True,True
amc-woodinville-12,AMC Woodinville 12,2026-08-08,Saturday,59,10,0,14,18,8,12,4.92,,True,True
amc-woodinville-12,AMC Woodinville 12,2026-08-09,Sunday,59,8,0,14,18,7,12,4.92,,True,True
amc-woodinville-12,AMC Woodinville 12,2026-08-10,Monday,56,10,0,15,17,6,12,4.67,,True,True
amc-woodinville-12,AMC Woodinville 12,2026-08-11,Tuesday,55,9,0,14,18,6,12,4.58,,True,True
amc-woodinville-12,AMC Woodinville 12,2026-08-12,Wednesday,55,8,0,13,18,6,12,4.58,,True,True
amc-woodinville-12,AMC Woodinville 12,2026-08-13,Thursday,61,11,0,17,21,7,12,5.08,,True,True
amc-woodinville-12,AMC Woodinville 12,2026-08-14,Friday,62,10,0,17,20,7,12,5.17,,True,True
amc-woodinville-12,AMC Woodinville 12,2026-08-15,Saturday,65,11,0,17,20,8,12,5.42,,True,True
amc-woodinville-12,AMC Woodinville 12,2026-08-16,Sunday,62,11,0,15,20,6,12,5.17,,True,True
amc-woodinville-12,AMC Woodinville 12,2026-08-17,Monday,55,12,0,17,21,5,12,4.58,,True,True
amc-woodinville-12,AMC Woodinville 12,2026-08-18,Tuesday,50,11,0,16,19,4,12,4.17,,True,True
amc-woodinville-12,AMC Woodinville 12,2026-08-19,Wednesday,50,10,0,16,19,4,12,4.17,,True,True
amc-woodinville-12,AMC Woodinville 12,2026-08-20,Thursday,51,15,0,16,19,6,12,4.25,,True,True
amc-woodinville-12,AMC Woodinville 12,2026-08-21,Friday,54,13,0,17,18,6,12,4.5,,True,True
amc-woodinville-12,AMC Woodinville 12,2026-08-22,Saturday,58,15,0,18,19,6,12,4.83,,True,True
amc-woodinville-12,AMC Woodinville 12,2026-08-23,Sunday,57,15,0,18,19,6,12,4.75,,True,True
amc-woodinville-12,AMC Woodinville 12,2026-08-24,Monday,54,15,0,15,21,6,12,4.5,,True,True
amc-woodinville-12,AMC Woodinville 12,2026-08-25,Tuesday,53,15,0,14,19,8,12,4.42,,True,True
amc-woodinville-12,AMC Woodinville 12,2026-08-26,Wednesday,57,15,0,17,22,7,12,4.75,,True,True
amc-woodinville-12,AMC Woodinville 12,2026-08-27,Thursday,57,19,0,16,21,8,12,4.75,,True,True
amc-woodinville-12,AMC Woodinville 12,2026-08-28,Friday,57,15,0,17,20,6,12,4.75,,True,True
amc-woodinville-12,AMC Woodinville 12,2026-08-29,Saturday,62,15,0,19,22,8,12,5.17,,True,True
amc-woodinville-12,AMC Woodinville 12,2026-08-30,Sunday,62,15,0,18,21,8,12,5.17,,True,True
amc-woodinville-12,AMC Woodinville 12,2026-08-31,Monday,52,15,0,16,19,8,12,4.33,,True,True
amc-woodinville-12,AMC Woodinville 12,2026-09-01,Tuesday,53,15,0,15,19,8,12,4.42,,True,True
amc-woodinville-12,AMC Woodinville 12,2026-09-02,Wednesday,62,16,0,20,25,8,12,5.17,,True,True
amc-woodinville-12,AMC Woodinville 12,2026-09-03,Thursday,49,18,0,18,18,7,12,4.08,,True,True
amc-woodinville-12,AMC Woodinville 12,2026-09-04,Friday,48,16,0,14,18,9,12,4.0,,True,True
amc-woodinville-12,AMC Woodinville 12,2026-09-05,Saturday,54,16,0,17,17,9,12,4.5,,True,True
amc-woodinville-12,AMC Woodinville 12,2026-09-06,Sunday,54,16,0,17,17,9,12,4.5,day before Labor Day,True,True
amc-woodinville-12,AMC Woodinville 12,2026-09-07,Monday,53,18,0,17,18,9,12,4.42,Labor Day,True,True
amc-woodinville-12,AMC Woodinville 12,2026-09-08,Tuesday,46,15,0,18,18,5,12,3.83,day after Labor Day,True,True
amc-woodinville-12,AMC Woodinville 12,2026-09-09,Wednesday,44,15,0,18,19,3,12,3.67,,True,True
amc-woodinville-12,AMC Woodinville 12,2026-09-10,Thursday,43,15,0,20,19,4,12,3.58,,True,True
amc-woodinville-12,AMC Woodinville 12,2026-09-11,Friday,44,15,0,21,17,6,12,3.67,,True,True
amc-woodinville-12,AMC Woodinville 12,2026-09-12,Saturday,54,15,0,17,16,8,12,4.5,,True,True
amc-woodinville-12,AMC Woodinville 12,2026-09-13,Sunday,53,18,0,17,21,3,12,4.42,,True,True
amc-woodinville-12,AMC Woodinville 12,2026-09-14,Monday,43,16,0,17,18,6,12,3.58,,True,True
amc-woodinville-12,AMC Woodinville 12,2026-09-15,Tuesday,43,15,0,20,17,6,12,3.58,,True,True
amc-woodinville-12,AMC Woodinville 12,2026-09-16,Wednesday,46,16,0,18,17,7,12,3.83,,True,True
amc-woodinville-12,AMC Woodinville 12,2026-09-17,Thursday,50,20,0,19,19,3,12,4.17,,True,True
amc-woodinville-12,AMC Woodinville 12,2026-09-18,Friday,50,16,0,17,18,8,12,4.17,,True,True
amc-woodinville-12,AMC Woodinville 12,2026-09-19,Saturday,51,18,0,18,18,6,12,4.25,,True,True
amc-woodinville-12,AMC Woodinville 12,2026-09-20,Sunday,51,18,0,17,18,7,12,4.25,,True,True
amc-woodinville-12,AMC Woodinville 12,2026-09-21,Monday,43,16,0,20,21,2,12,3.58,,True,True
amc-woodinville-12,AMC Woodinville 12,2026-09-22,Tuesday,45,15,0,21,21,3,12,3.75,,True,True
amc-woodinville-12,AMC Woodinville 12,2026-09-23,Wednesday,44,17,0,22,20,2,12,3.67,,True,True
amc-woodinville-12,AMC Woodinville 12,2026-09-24,Thursday,41,13,0,18,17,6,12,3.42,,True,True
amc-woodinville-12,AMC Woodinville 12,2026-09-25,Friday,49,12,0,15,18,7,12,4.08,,True,True
amc-woodinville-12,AMC Woodinville 12,2026-09-26,Saturday,53,13,0,16,18,7,12,4.42,,True,True
amc-woodinville-12,AMC Woodinville 12,2026-09-27,Sunday,52,13,0,16,19,5,12,4.33,,True,True
amc-woodinville-12,AMC Woodinville 12,2026-09-28,Monday,45,13,0,16,19,2,12,3.75,,True,True
amc-woodinville-12,AMC Woodinville 12,2026-09-29,Tuesday,45,13,0,16,19,2,12,3.75,,True,True
amc-woodinville-12,AMC Woodinville 12,2026-09-30,Wednesday,47,14,0,14,19,4,12,3.92,,True,True
amc-woodinville-12,AMC Woodinville 12,2026-10-01,Thursday,45,15,0,17,19,2,12,3.75,,True,False
amc-woodinville-12,AMC Woodinville 12,2026-10-02,Friday,44,13,0,20,18,6,12,3.67,,True,False
amc-woodinville-12,AMC Woodinville 12,2026-10-03,Saturday,48,13,0,17,17,7,12,4.0,,True,False
amc-woodinville-12,AMC Woodinville 12,2026-10-04,Sunday,49,15,0,16,18,7,12,4.08,,True,False
amc-woodinville-12,AMC Woodinville 12,2026-10-05,Monday,43,14,0,21,17,5,12,3.58,,True,False
amc-woodinville-12,AMC Woodinville 12,2026-10-06,Tuesday,44,14,0,21,18,5,12,3.67,,True,False
amc-woodinville-12,AMC Woodinville 12,2026-10-07,Wednesday,44,13,0,21,17,6,12,3.67,,True,False
amc-woodinville-12,AMC Woodinville 12,2026-10-08,Thursday,13,6,0,5,6,2,12,1.08,,False,False
amc-woodinville-12,AMC Woodinville 12,2026-10-09,Friday,15,5,0,5,8,2,12,1.25,,False,False
amc-woodinville-12,AMC Woodinville 12,2026-10-10,Saturday,19,6,0,6,6,3,12,1.58,,False,False
amc-woodinville-12,AMC Woodinville 12,2026-10-11,Sunday,19,6,0,7,6,3,12,1.58,,False,False
amc-woodinville-12,AMC Woodinville 12,2026-10-12,Monday,18,7,0,8,8,2,12,1.5,,False,False
amc-woodinville-12,AMC Woodinville 12,2026-10-13,Tuesday,17,6,0,8,7,2,12,1.42,,False,False
amc-woodinville-12,AMC Woodinville 12,2026-10-14,Wednesday,19,8,0,8,9,2,12,1.58,,False,False
amc-woodinville-12,AMC Woodinville 12,2026-10-15,Thursday,17,7,0,5,8,4,12,1.42,,False,False
amc-woodinville-12,AMC Woodinville 12,2026-10-16,Friday,21,6,0,9,7,4,12,1.75,,False,False
amc-woodinville-12,AMC Woodinville 12,2026-10-17,Saturday,27,7,0,10,8,4,12,2.25,,False,False
amc-woodinville-12,AMC Woodinville 12,2026-10-18,Sunday,29,7,0,10,11,3,12,2.42,,False,False
amc-woodinville-12,AMC Woodinville 12,2026-10-19,Monday,22,7,0,7,9,3,12,1.83,,False,False
amc-woodinville-12,AMC Woodinville 12,2026-10-20,Tuesday,22,6,0,7,9,3,12,1.83,,False,False
amc-woodinville-12,AMC Woodinville 12,2026-10-21,Wednesday,22,6,0,7,9,3,12,1.83,,False,False
amc-woodinville-12,AMC Woodinville 12,2026-10-22,Thursday,7,2,0,3,3,1,12,0.58,,False,False
amc-woodinville-12,AMC Woodinville 12,2026-10-23,Friday,8,2,0,4,2,2,12,0.67,,False,False
amc-woodinville-12,AMC Woodinville 12,2026-10-24,Saturday,10,3,0,4,3,1,12,0.83,,False,False
amc-woodinville-12,AMC Woodinville 12,2026-10-25,Sunday,10,3,0,4,3,1,12,0.83,,False,False
amc-woodinville-12,AMC Woodinville 12,2026-10-26,Monday,8,2,0,4,3,1,12,0.67,,False,False
amc-woodinville-12,AMC Woodinville 12,2026-10-27,Tuesday,8,2,0,4,3,1,12,0.67,,False,False
amc-woodinville-12,AMC Woodinville 12,2026-10-28,Wednesday,8,2,0,4,3,1,12,0.67,,False,False
amc-woodinville-12,AMC Woodinville 12,2026-10-30,Friday,1,1,0,1,0,0,12,0.08,,False,False
amc-woodinville-12,AMC Woodinville 12,2026-10-31,Saturday,1,1,0,1,0,0,12,0.08,,False,False
amc-woodinville-12,AMC Woodinville 12,2026-11-07,Saturday,1,1,0,1,0,0,12,0.08,,False,False
amc-woodinville-12,AMC Woodinville 12,2026-11-22,Sunday,1,1,0,1,0,0,12,0.08,,False,False
amc-woodinville-12,AMC Woodinville 12,2026-11-23,Monday,1,1,0,0,1,0,12,0.08,,False,False
amc-woodinville-12,AMC Woodinville 12,2026-11-24,Tuesday,2,1,0,1,0,0,12,0.17,,False,False
amc-woodinville-12,AMC Woodinville 12,2026-11-25,Wednesday,2,1,0,1,0,0,12,0.17,,False,False
amc-woodinville-12,AMC Woodinville 12,2026-11-26,Thursday,2,1,0,1,0,0,12,0.17,,False,False
amc-woodinville-12,AMC Woodinville 12,2026-11-27,Friday,2,1,0,1,0,0,12,0.17,,False,False
amc-woodinville-12,AMC Woodinville 12,2026-11-28,Saturday,2,1,0,1,0,0,12,0.17,,False,False
amc-woodinville-12,AMC Woodinville 12,2026-11-29,Sunday,2,1,0,1,0,0,12,0.17,,False,False
amc-woodinville-12,AMC Woodinville 12,2026-11-30,Monday,2,1,0,2,0,0,12,0.17,,False,False
amc-woodinville-12,AMC Woodinville 12,2026-12-01,Tuesday,2,1,0,2,0,0,12,0.17,,False,False
amc-woodinville-12,AMC Woodinville 12,2026-12-02,Wednesday,2,1,0,2,0,0,12,0.17,,False,False
amc-woodinville-12,AMC Woodinville 12,2026-12-06,Sunday,1,1,0,1,0,0,12,0.08,,False,False
amc-woodinville-12,AMC Woodinville 12,2026-12-09,Wednesday,1,1,0,0,1,0,12,0.08,,False,False
amc-woodinville-12,AMC Woodinville 12,2026-12-15,Tuesday,2,1,0,0,2,0,12,0.17,,False,False
amc-woodinville-12,AMC Woodinville 12,2026-12-17,Thursday,12,1,0,5,5,2,12,1.0,,False,False
amc-woodinville-12,AMC Woodinville 12,2026-12-18,Friday,21,2,1,5,5,3,12,1.75,,False,False
amc-woodinville-12,AMC Woodinville 12,2026-12-19,Saturday,20,2,0,5,5,3,12,1.67,,False,False
amc-woodinville-12,AMC Woodinville 12,2026-12-20,Sunday,20,3,0,5,5,3,12,1.67,,False,False
amc-woodinville-12,AMC Woodinville 12,2026-12-21,Monday,20,2,0,5,5,3,12,1.67,,False,False
amc-woodinville-12,AMC Woodinville 12,2026-12-22,Tuesday,20,2,0,5,5,3,12,1.67,,False,False
amc-woodinville-12,AMC Woodinville 12,2026-12-23,Wednesday,20,2,0,5,5,3,12,1.67,,False,False
amc-woodinville-12,AMC Woodinville 12,2026-12-24,Thursday,19,2,0,5,5,2,12,1.58,,False,False
amc-woodinville-12,AMC Woodinville 12,2026-12-25,Friday,12,1,0,3,5,2,12,1.0,,False,False
amc-woodinville-12,AMC Woodinville 12,2026-12-26,Saturday,12,1,0,3,5,2,12,1.0,,False,False
amc-woodinville-12,AMC Woodinville 12,2026-12-27,Sunday,12,1,0,3,5,2,12,1.0,,False,False
amc-woodinville-12,AMC Woodinville 12,2026-12-28,Monday,12,1,0,3,5,2,12,1.0,,False,False
amc-woodinville-12,AMC Woodinville 12,2026-12-29,Tuesday,12,1,0,3,5,2,12,1.0,,False,False
amc-woodinville-12,AMC Woodinville 12,2026-12-30,Wednesday,12,1,0,3,5,2,12,1.0,,False,False
amc-woodinville-12,AMC Woodinville 12,2026-12-31,Thursday,11,1,0,3,5,1,12,0.92,,False,False
amc-woodinville-12,AMC Woodinville 12,2027-01-01,Friday,7,1,0,2,3,1,12,0.58,,False,False
amc-woodinville-12,AMC Woodinville 12,2027-01-02,Saturday,7,1,0,2,3,1,12,0.58,,False,False
amc-woodinville-12,AMC Woodinville 12,2027-01-03,Sunday,7,1,0,2,3,1,12,0.58,,False,False
amc-woodinville-12,AMC Woodinville 12,2027-01-04,Monday,5,1,0,2,3,0,12,0.42,,False,False
amc-woodinville-12,AMC Woodinville 12,2027-01-05,Tuesday,5,1,0,2,3,0,12,0.42,,False,False
amc-woodinville-12,AMC Woodinville 12,2027-01-06,Wednesday,5,1,0,2,3,0,12,0.42,,False,False
amc-woodinville-12,AMC Woodinville 12,2027-01-07,Thursday,5,1,0,2,3,0,12,0.42,,False,False
