observation_date,title,theater_name,segment,bucket,censored,current_week_screenings,opening_week_screenings,distinct_auditoriums,dominant_auditorium,dominant_layout_id,mean_auditorium_score,best_auditorium_score,high_tier_share,prime_high_tier_share,tier,opening_auditorium_score,opening_to_current_score,auditorium_score_change,peak_to_current_score,current_over_peak_auditorium,consecutive_weeks_same_tier,moved_to_weaker,moved_to_stronger,premium_retained,premium_lost_since_prior_week,mean_adult_price,price_vs_theater_median,price_vs_format_median,price_vs_daypart_median
2026-06-30,David,AMC Alderwood Mall 16,ordinary_title_only,0,0,2.0,,,,,,,,,unknown,,,,,,,,,,,,,,
2026-06-30,David,AMC Alderwood Mall 16,ordinary_title_only,0,0,2.0,,,,,,,,,unknown,,,,,,,,,,,,,,
2026-06-30,Young Washington,AMC Alderwood Mall 16,ordinary,3,0,4.0,,,,,,,,,unknown,,,,,,,,,,,,,,
2026-06-30,Bleach: Thousand-Year Blood War - The Calamity,AMC Alderwood Mall 16,ordinary_title_only,0,0,4.0,,,,,,,,,unknown,,,,,,,,,,,,,,
2026-06-30,Toy Story 5,AMC Alderwood Mall 16,ordinary_title_only,0,0,37.0,,,,,,,,,unknown,,,,,,,,,,,,,,
2026-06-30,Toy Story 5,AMC Alderwood Mall 16,ordinary,3,0,18.0,,,,,,,,,unknown,,,,,,,,,,,,,,
2026-06-30,"To Wong Foo, Thanks for Everything, Julie Newmar",AMC Alderwood Mall 16,ordinary_title_only,0,0,2.0,,,,,,,,,unknown,,,,,,,,,,,,,,
2026-06-30,"To Wong Foo, Thanks for Everything, Julie Newmar",AMC Alderwood Mall 16,ordinary_title_only,0,0,1.0,,,,,,,,,unknown,,,,,,,,,,,,,,
2026-06-30,Talladega Nights: Ballad of Ricky Bobby,AMC Alderwood Mall 16,rerelease_title_only,0,0,1.0,,,,,,,,,unknown,,,,,,,,,,,,,,
2026-06-30,Talladega Nights: Ballad of Ricky Bobby,AMC Alderwood Mall 16,rerelease_title_only,0,0,1.0,,,,,,,,,unknown,,,,,,,,,,,,,,
2026-06-30,Supergirl,AMC Alderwood Mall 16,ordinary_title_only,1,0,43.0,,,,,,,,,unknown,,,,,,,,,,,,,,
2026-06-30,Supergirl,AMC Alderwood Mall 16,ordinary,3,0,15.0,,,,,,,,,unknown,,,,,,,,,,,,,,
2026-06-30,Minions & Monsters,AMC Alderwood Mall 16,ordinary,3,0,47.0,,,,,,,,,unknown,,,,,,,,,,,,,,
2026-06-30,Minions & Monsters,AMC Alderwood Mall 16,ordinary_title_only,1,0,1.0,,,,,,,,,unknown,,,,,,,,,,,,,,
2026-06-30,Francia vs Suecia - Telemundo presenta la Copa Mundial de la FIFA 2026,AMC Alderwood Mall 16,special_event_title_only,0,0,1.0,,,,,,,,,unknown,,,,,,,,,,,,,,
2026-06-30,Bélgica vs Senegal - Telemundo presenta la Copa Mundial de la FIFA 2026,AMC Alderwood Mall 16,special_event_title_only,0,0,1.0,,,,,,,,,unknown,,,,,,,,,,,,,,
2026-06-30,Portugal vs Croacia - Telemundo presenta la Copa Mundial de la FIFA 2026,AMC Alderwood Mall 16,special_event_title_only,0,0,1.0,,,,,,,,,unknown,,,,,,,,,,,,,,
2026-06-30,Alemania vs Paraguay - Telemundo presenta la Copa Mundial de la FIFA 2026,AMC Alderwood Mall 16,special_event_title_only,0,0,1.0,,,,,,,,,unknown,,,,,,,,,,,,,,
2026-06-30,Jackass: Best and Last,AMC Alderwood Mall 16,ordinary,2,0,10.0,,,,,,,,,unknown,,,,,,,,,,,,,,
2026-06-30,Jackass: Best and Last,AMC Alderwood Mall 16,ordinary_title_only,0,0,10.0,,,,,,,,,unknown,,,,,,,,,,,,,,
2026-06-30,Lucky Strike,AMC Alderwood Mall 16,ordinary_title_only,0,0,4.0,,,,,,,,,unknown,,,,,,,,,,,,,,
2026-06-30,AMC,AMC Alderwood Mall 16,special_event_title_only,0,0,1.0,,,,,,,,,unknown,,,,,,,,,,,,,,
2026-06-30,Bleach: Thousand-Year Blood War - The Calamity,AMC Alderwood Mall 16,ordinary_title_only,1,0,3.0,,,,,,,,,unknown,,,,,,,,,,,,,,
2026-06-30,The Death of Robin Hood,AMC Alderwood Mall 16,ordinary_title_only,0,0,4.0,,,,,,,,,unknown,,,,,,,,,,,,,,
2026-06-30,Disclosure Day,AMC Alderwood Mall 16,ordinary_title_only,0,0,9.0,,,,,,,,,unknown,,,,,,,,,,,,,,
2026-06-30,The Devil Wears Prada 20th Anniversary Double Feature,AMC Alderwood Mall 16,rerelease_title_only,0,0,2.0,,,,,,,,,unknown,,,,,,,,,,,,,,
2026-06-30,Backrooms,AMC Alderwood Mall 16,ordinary_title_only,0,0,10.0,,,,,,,,,unknown,,,,,,,,,,,,,,
2026-06-30,Backrooms,AMC Alderwood Mall 16,ordinary_title_only,0,0,2.0,,,,,,,,,unknown,,,,,,,,,,,,,,
2026-06-30,Scary Movie,AMC Alderwood Mall 16,ordinary_title_only,0,0,7.0,,,,,,,,,unknown,,,,,,,,,,,,,,
2026-06-30,The Furious,AMC Alderwood Mall 16,ordinary_title_only,0,0,4.0,,,,,,,,,unknown,,,,,,,,,,,,,,
2026-06-30,Girls Like Girls,AMC Alderwood Mall 16,ordinary_title_only,0,0,4.0,,,,,,,,,unknown,,,,,,,,,,,,,,
2026-06-30,Leviticus,AMC Alderwood Mall 16,ordinary_title_only,0,0,2.0,,,,,,,,,unknown,,,,,,,,,,,,,,
2026-06-30,Disclosure Day,AMC Alderwood Mall 16,ordinary,3,0,4.0,,,,,,,,,unknown,,,,,,,,,,,,,,
2026-06-30,Obsession,AMC Alderwood Mall 16,ordinary_title_only,0,0,10.0,,,,,,,,,unknown,,,,,,,,,,,,,,
2026-06-30,Obsession,AMC Alderwood Mall 16,ordinary,3,0,5.0,,,,,,,,,unknown,,,,,,,,,,,,,,
2026-06-30,Star Wars: The Mandalorian and Grogu,AMC Alderwood Mall 16,ordinary_title_only,0,0,1.0,,,,,,,,,unknown,,,,,,,,,,,,,,
2026-06-30,Masters of the Universe,AMC Alderwood Mall 16,ordinary_title_only,0,0,3.0,,,,,,,,,unknown,,,,,,,,,,,,,,
2026-06-30,Star Wars: The Mandalorian and Grogu,AMC Alderwood Mall 16,ordinary_title_only,0,0,2.0,,,,,,,,,unknown,,,,,,,,,,,,,,
2026-06-30,Girls Like Girls,AMC Alderwood Mall 16,ordinary_title_only,0,0,2.0,,,,,,,,,unknown,,,,,,,,,,,,,,
2026-06-30,Leviticus,AMC Alderwood Mall 16,ordinary,1,0,2.0,,,,,,,,,unknown,,,,,,,,,,,,,,
2026-06-30,Masters of the Universe,AMC Alderwood Mall 16,ordinary_title_only,1,0,1.0,,,,,,,,,unknown,,,,,,,,,,,,,,
2026-07-07,Citizen Kane,AMC Alderwood Mall 16,rerelease_title_only,0,0,2.0,,,,,,,,,unknown,,,,,,,,,,,,,,
2026-07-07,How to Train Your Dragon,AMC Alderwood Mall 16,ordinary_title_only,0,0,4.0,,,,,,,,,unknown,,,,,,,,,,,,,,
2026-07-07,Young Washington,AMC Alderwood Mall 16,ordinary,3,0,34.0,,,,,,,,,unknown,,,,,,,,,,,,,,
2026-07-07,Young Washington,AMC Alderwood Mall 16,ordinary_title_only,0,0,4.0,,,,,,,,,unknown,,,,,,,,,,,,,,
2026-07-07,Toy Story 5,AMC Alderwood Mall 16,ordinary,3,0,75.0,,,,,,,,,unknown,,,,,,,,,,,,,,
2026-07-07,Supergirl,AMC Alderwood Mall 16,ordinary_title_only,0,0,5.0,,,,,,,,,unknown,,,,,,,,,,,,,,
2026-07-07,Supergirl,AMC Alderwood Mall 16,ordinary,2,0,39.0,,,,,,,,,unknown,,,,,,,,,,,,,,
2026-07-07,Minions & Monsters,AMC Alderwood Mall 16,ordinary,3,0,162.0,,,,,,,,,unknown,,,,,,,,,,,,,,
2026-07-07,Minions & Monsters,AMC Alderwood Mall 16,ordinary_title_only,0,0,10.0,,,,,,,,,unknown,,,,,,,,,,,,,,
2026-07-07,España vs Portugal - Octavos de Final - Telemundo presenta la Copa Mundial de la FIFA 2026,AMC Alderwood Mall 16,special_event_title_only,0,0,1.0,,,,,,,,,unknown,,,,,,,,,,,,,,
2026-07-07,Suiza vs Colombia - Octavos de Final - Telemundo presenta la Copa Mundial de la FIFA 2026,AMC Alderwood Mall 16,special_event_title_only,0,0,1.0,,,,,,,,,unknown,,,,,,,,,,,,,,
2026-07-07,Marruecos vs Francia - Cuartos de Final - Telemundo presenta la Copa Mundial de la FIFA 2026,AMC Alderwood Mall 16,special_event_title_only,0,0,1.0,,,,,,,,,unknown,,,,,,,,,,,,,,
2026-07-07,Argentina vs Cabo Verde - Telemundo presenta la Copa Mundial de la FIFA 2026,AMC Alderwood Mall 16,special_event_title_only,0,0,1.0,,,,,,,,,unknown,,,,,,,,,,,,,,
2026-07-07,Paraguay vs Francia - Octavos de Final - Telemundo presenta la Copa Mundial de la FIFA 2026,AMC Alderwood Mall 16,special_event_title_only,0,0,1.0,,,,,,,,,unknown,,,,,,,,,,,,,,
2026-07-07,Brasil vs Noruega - Octavos de Final - Telemundo presenta la Copa Mundial de la FIFA 2026,AMC Alderwood Mall 16,special_event_title_only,0,0,1.0,,,,,,,,,unknown,,,,,,,,,,,,,,
2026-07-07,MOANA,AMC Alderwood Mall 16,special_event_title_only,0,0,1.0,,,,,,,,,unknown,,,,,,,,,,,,,,
2026-07-07,Moana,AMC Alderwood Mall 16,ordinary,3,0,11.0,,,,,,,,,unknown,,,,,,,,,,,,,,
2026-07-07,Jackass: Best and Last,AMC Alderwood Mall 16,ordinary,1,0,33.0,,,,,,,,,unknown,,,,,,,,,,,,,,
2026-07-07,Gail Daughtry and the Celebrity Sex Pass,AMC Alderwood Mall 16,ordinary,2,0,2.0,,,,,,,,,unknown,,,,,,,,,,,,,,
2026-07-07,Bleach: Thousand-Year Blood War - The Calamity,AMC Alderwood Mall 16,ordinary_title_only,0,0,11.0,,,,,,,,,unknown,,,,,,,,,,,,,,
2026-07-07,Evil Dead Burn,AMC Alderwood Mall 16,ordinary,3,0,4.0,,,,,,,,,unknown,,,,,,,,,,,,,,
2026-07-07,Disclosure Day,AMC Alderwood Mall 16,ordinary,3,0,27.0,,,,,,,,,unknown,,,,,,,,,,,,,,
2026-07-07,Obsession,AMC Alderwood Mall 16,ordinary,3,0,29.0,,,,,,,,,unknown,,,,,,,,,,,,,,
2026-07-07,The Invite,AMC Alderwood Mall 16,ordinary,3,0,3.0,,,,,,,,,unknown,,,,,,,,,,,,,,
2026-07-07,Leviticus,AMC Alderwood Mall 16,ordinary,0,0,6.0,,,,,,,,,unknown,,,,,,,,,,,,,,
2026-07-07,Masters of the Universe,AMC Alderwood Mall 16,ordinary_title_only,0,0,6.0,,,,,,,,,unknown,,,,,,,,,,,,,,
2026-07-07,Scary Movie,AMC Alderwood Mall 16,ordinary,0,0,23.0,5.0,,,,,,,,unknown,,,,,,,,,,,,,,
2026-07-07,I Know Who You Are,AMC Alderwood Mall 16,ordinary_title_only,0,0,6.0,1.0,,,,,,,,unknown,,,,,,,,,,,,,,
2026-07-07,Backrooms: Everything Must Go Edition w/ Bonus Footage,AMC Alderwood Mall 16,ordinary,3,0,22.0,22.0,,,,,,,,unknown,,,,,,,,,,,,,,
2026-07-07,Tuner,AMC Alderwood Mall 16,ordinary_title_only,0,0,7.0,7.0,,,,,,,,unknown,,,,,,,,,,,,,,
2026-07-07,The Furious,AMC Alderwood Mall 16,ordinary_title_only,0,0,6.0,2.0,,,,,,,,unknown,,,,,,,,,,,,,,
2026-07-14,The Lego Movie,AMC Alderwood Mall 16,ordinary,0,0,4.0,,,,,,,,,unknown,,,,,,,,,,,,,,
2026-07-14,Young Washington,AMC Alderwood Mall 16,ordinary,2,0,29.0,,,,,,,,,unknown,,,,,,,,,,,,,,
2026-07-14,My Neighbor Totoro - Studio Ghibli Fest 2026,AMC Alderwood Mall 16,special_event,0,0,6.0,,,,,,,,,unknown,,,,,,,,,,,,,,
2026-07-14,Toy Story 5,AMC Alderwood Mall 16,ordinary,3,0,38.0,,,,,,,,,unknown,,,,,,,,,,,,,,
2026-07-14,Supergirl,AMC Alderwood Mall 16,ordinary,1,0,29.0,,,,,,,,,unknown,,,,,,,,,,,,,,
2026-07-14,Minions & Monsters,AMC Alderwood Mall 16,ordinary,3,0,77.0,,,,,,,,,unknown,,,,,,,,,,,,,,
2026-07-14,Inglaterra vs Argentina - Semifinales - Telemundo presenta la Copa Mundial de la FIFA 2026,AMC Alderwood Mall 16,special_event,0,0,1.0,1.0,,,,,,,,unknown,,,,,,,,,,,,,,
2026-07-14,España vs Bélgica - Cuartos de Final - Telemundo presenta la Copa Mundial de la FIFA 2026,AMC Alderwood Mall 16,special_event_title_only,0,0,1.0,,,,,,,,,unknown,,,,,,,,,,,,,,
2026-07-14,Noruega vs Inglaterra - Cuartos de Final - Telemundo presenta la Copa Mundial de la FIFA 2026,AMC Alderwood Mall 16,special_event_title_only,0,0,1.0,,,,,,,,,unknown,,,,,,,,,,,,,,
2026-07-14,Francia vs España - Semifinales - Telemundo presenta la Copa Mundial de la FIFA 2026,AMC Alderwood Mall 16,special_event_title_only,0,0,1.0,1.0,,,,,,,,unknown,,,,,,,,,,,,,,
2026-07-14,The Odyssey,AMC Alderwood Mall 16,ordinary,3,0,9.0,9.0,,,,,,,,unknown,,,,,,,,,,,,,,
2026-07-14,Moana,AMC Alderwood Mall 16,ordinary,3,0,125.0,,,,,,,,,unknown,,,,,,,,,,,,,,
2026-07-14,Jackass: Best and Last,AMC Alderwood Mall 16,ordinary,0,0,6.0,,,,,,,,,unknown,,,,,,,,,,,,,,
2026-07-14,Gail Daughtry and the Celebrity Sex Pass,AMC Alderwood Mall 16,ordinary,1,0,32.0,,,,,,,,,unknown,,,,,,,,,,,,,,
2026-07-14,Evil Dead Burn,AMC Alderwood Mall 16,ordinary,3,0,45.0,,,,,,,,,unknown,,,,,,,,,,,,,,
2026-07-14,Disclosure Day,AMC Alderwood Mall 16,ordinary,2,0,12.0,,,,,,,,,unknown,,,,,,,,,,,,,,
2026-07-14,Obsession,AMC Alderwood Mall 16,ordinary,3,0,27.0,,,,,,,,,unknown,,,,,,,,,,,,,,
2026-07-14,The Invite,AMC Alderwood Mall 16,ordinary,3,0,32.0,,,,,,,,,unknown,,,,,,,,,,,,,,
2026-07-14,UFC 329: McGregor vs Holloway,AMC Alderwood Mall 16,special_event_title_only,0,0,1.0,1.0,,,,,,,,unknown,,,,,,,,,,,,,,
2026-07-14,Backrooms: Everything Must Go Edition w/ Bonus Footage,AMC Alderwood Mall 16,ordinary,2,0,19.0,27.0,,,,,,,,unknown,,,,,,,,,,,,,,
2026-07-14,The Eyes,AMC Alderwood Mall 16,ordinary,0,0,12.0,12.0,,,,,,,,unknown,,,,,,,,,,,,,,
2026-07-14,The Isolate Thief,AMC Alderwood Mall 16,ordinary,0,0,13.0,13.0,,,,,,,,unknown,,,,,,,,,,,,,,
2026-07-21,Sonic The Hedgehog 3,AMC Alderwood Mall 16,accessibility_presentation,0,0,4.0,4.0,1.0,4,115,,,0.0,,unknown,,,,,,,,,,,3.15,0.19372693726937268,0.19372693726937268,0.2207428170988087
2026-07-21,Young Washington,AMC Alderwood Mall 16,ordinary,1,0,15.0,,5.0,3,128,,,0.0,,unknown,,,,,,,,,,,14.22875,0.8750768757687576,0.8750768757687576,0.9971093202522775
2026-07-21,Bad Counselors,AMC Alderwood Mall 16,special_event,1,0,1.0,1.0,1.0,4,115,,,0.0,0.0,unknown,,,,,,,,,,,18.9,1.162361623616236,1.162361623616236,1.0594170403587444
2026-07-21,Toy Story 5,AMC Alderwood Mall 16,ordinary,3,0,32.0,,8.0,3,128,,,0.0,0.0,unknown,,,,,,,,,,,16.753478260869564,1.0303492165356434,1.0303492165356434,1.1740349166692057
2026-07-21,Supergirl,AMC Alderwood Mall 16,ordinary,0,0,14.0,,7.0,4,115,,,0.0,0.0,unknown,,,,,,,,,,,17.84,1.097170971709717,1.097170971709717,1.0
2026-07-21,Minions & Monsters,AMC Alderwood Mall 16,ordinary,3,0,62.0,,9.0,2,113,,,0.0,0.0,unknown,,,,,,,,,,,17.76840909090909,1.0927680867717766,0.8061891602045866,0.9959870566653076
2026-07-21,Francia vs Inglaterra Partido por el tercer lugar Telemundo presenta la Copa Mundial de la FIFA 2026,AMC Alderwood Mall 16,special_event,0,0,1.0,1.0,1.0,13,124,,,0.0,,unknown,,,,,,,,,,,13.01,0.8001230012300122,0.8001230012300122,0.9117028731604765
2026-07-21,España vs Argentina - Gran Final - Telemundo presenta la Copa Mundial de la FIFA 2026,AMC Alderwood Mall 16,special_event,0,0,1.0,1.0,,,,,,,,unknown,,,,,,,,,,,,,,
2026-07-21,The Odyssey,AMC Alderwood Mall 16,ordinary,3,0,146.0,16.0,13.0,9,120,,,0.0,0.0,unknown,,,,,,,,,,,19.18209090909091,1.179710388012971,0.8703308034977727,1.0752293110476967
2026-07-21,Moana,AMC Alderwood Mall 16,ordinary,3,0,81.0,,11.0,14,125,,,0.0,0.0,unknown,,,,,,,,,,,18.394262295081965,1.1312584437319781,0.834585403588111,1.0310685142983165
2026-07-21,Hadestown: The Musical,AMC Alderwood Mall 16,ordinary,3,0,3.0,3.0,1.0,3,128,,,0.0,0.0,unknown,,,,,,,,,,,14.635000000000002,0.9000615006150061,0.9000615006150061,1.0255781359495446
2026-07-21,Mob Psycho 100 Celebrates Its 10th Anniversary,AMC Alderwood Mall 16,rerelease,0,0,1.0,1.0,1.0,3,128,,,0.0,0.0,unknown,,,,,,,,,,,16.26,1.0,1.0,0.9114349775784755
2026-07-21,Gail Daughtry and the Celebrity Sex Pass,AMC Alderwood Mall 16,ordinary,0,0,6.0,,2.0,14,125,,,0.0,0.0,unknown,,,,,,,,,,,16.26,1.0,1.0,0.9114349775784755
2026-07-21,Sia: Nostalgic For The Present,AMC Alderwood Mall 16,special_event,1,0,1.0,1.0,1.0,10,121,,,0.0,0.0,unknown,,,,,,,,,,,18.9,1.162361623616236,1.162361623616236,1.0594170403587444
2026-07-21,Evil Dead Burn,AMC Alderwood Mall 16,ordinary,2,0,36.0,,3.0,11,122,,,0.0,0.0,unknown,,,,,,,,,,,15.447500000000002,0.9500307503075031,0.9500307503075031,0.8658912556053813
2026-07-21,Evangelion: Death (True)2 & Rebirth (EVANGELION 30th Movie Fest),AMC Alderwood Mall 16,special_event,0,0,1.0,1.0,1.0,2,113,,,0.0,0.0,unknown,,,,,,,,,,,18.9,1.162361623616236,1.162361623616236,1.0594170403587444
2026-07-21,The End Of Evangelion (Evangelion 30th Movie Fest),AMC Alderwood Mall 16,special_event,0,0,2.0,2.0,2.0,2,113,,,0.0,0.0,unknown,,,,,,,,,,,18.9,1.162361623616236,1.162361623616236,1.0594170403587444
2026-07-21,Disclosure Day,AMC Alderwood Mall 16,ordinary,1,0,11.0,,2.0,13,124,,,0.0,0.0,unknown,,,,,,,,,,,16.055,0.9873923739237391,0.9873923739237391,1.1250875963559916
2026-07-21,Obsession,AMC Alderwood Mall 16,ordinary,2,0,26.0,,7.0,5,129,,,0.0,0.0,unknown,,,,,,,,,,,15.447500000000002,0.9500307503075031,0.9500307503075031,1.0825157673440786
2026-07-21,The Invite,AMC Alderwood Mall 16,ordinary,2,0,28.0,,8.0,10,121,,,0.0,0.0,unknown,,,,,,,,,,,15.521363636363638,0.9545734093704573,0.9545734093704573,1.0876919156526728
2026-07-21,Backrooms: Everything Must Go Edition w/ Bonus Footage,AMC Alderwood Mall 16,ordinary,1,0,12.0,27.0,4.0,4,115,,,0.0,0.0,unknown,,,,,,,,,,,16.26,1.0,1.0,0.9114349775784755
2026-07-21,Motor City,AMC Alderwood Mall 16,ordinary,2,0,2.0,2.0,1.0,6,117,,,0.0,0.0,unknown,,,,,,,,,,,16.26,1.0,1.0,1.1394533987386126
2026-07-21,AMC Screen Unseen: July 20,AMC Alderwood Mall 16,special_event,0,0,1.0,1.0,1.0,2,113,,,0.0,0.0,unknown,,,,,,,,,,,8.14,0.5006150061500615,0.5006150061500615,0.45627802690582964
2026-07-21,Summer Tour,AMC Alderwood Mall 16,special_event,0,0,1.0,1.0,1.0,2,113,,,0.0,0.0,unknown,,,,,,,,,,,18.9,1.162361623616236,1.162361623616236,1.0594170403587444
2026-07-21,Her Private Hell,AMC Alderwood Mall 16,ordinary,1,0,2.0,2.0,1.0,13,124,,,0.0,0.0,unknown,,,,,,,,,,,16.26,1.0,1.0,0.9114349775784755
2026-07-21,Oh Sukumari,AMC Alderwood Mall 16,ordinary,0,0,8.0,1.0,6.0,4,115,,,0.0,0.0,unknown,,,,,,,,,,,16.26,1.0,1.0,0.9114349775784755
2026-07-28,The Fifth Element (2026 Event),AMC Alderwood Mall 16,special_event,0,0,2.0,2.0,1.0,2,113,1.0,1.0,1.0,1.0,top,1.0,0.0,,0.0,1.0,1.0,,,,,18.9,1.162361623616236,1.162361623616236,1.324456902592852
2026-07-28,The Bad Guys 2,AMC Alderwood Mall 16,ordinary,0,0,4.0,4.0,1.0,4,115,0.8,0.8,1.0,,top,0.8,0.0,,0.0,1.0,1.0,,,,,3.15,0.19372693726937268,0.19372693726937268,0.2207428170988087
2026-07-28,Young Washington,AMC Alderwood Mall 16,ordinary,0,0,6.0,,1.0,13,124,0.9333333333333333,0.9333333333333333,1.0,,top,,,0.25,0.0,1.0,1.0,0.0,1.0,0.0,0.0,13.01,0.8001230012300122,0.8001230012300122,0.9117028731604765
2026-07-28,Bad Counselors,AMC Alderwood Mall 16,special_event,0,0,4.0,1.0,1.0,11,122,0.8666666666666667,0.8666666666666667,1.0,1.0,top,,,0.06666666666666665,0.0,1.0,1.0,0.0,0.0,0.0,0.0,18.9,1.162361623616236,1.162361623616236,1.0594170403587444
2026-07-28,Toy Story 5,AMC Alderwood Mall 16,ordinary,3,0,33.0,,10.0,7,118,0.625,1.0,0.4166666666666667,0.23076923076923078,upper-middle,,,0.007051282051282026,0.0,1.0,1.0,0.0,0.0,0.0,0.0,16.798750000000002,1.0331334563345633,1.0331334563345633,0.9416339686098656
2026-07-28,Minions & Monsters,AMC Alderwood Mall 16,ordinary,3,0,38.0,,7.0,14,125,0.4761904761904762,0.8666666666666667,0.14285714285714285,0.18181818181818182,lower-middle,,,-0.22103174603174608,0.0,1.0,1.0,1.0,0.0,0.0,1.0,16.82,1.034440344403444,1.034440344403444,1.1786965662228452
2026-07-28,The Odyssey,AMC Alderwood Mall 16,ordinary,3,0,119.0,16.0,12.0,1,112,0.26014492753623186,1.0,0.07608695652173914,0.05714285714285714,lower-middle,,,0.002673663168415774,0.0,1.0,1.0,0.0,0.0,1.0,0.0,19.935434782608695,1.22604149954543,0.904511560009469,1.1174571066484695
2026-07-28,Moana,AMC Alderwood Mall 16,ordinary,2,0,34.0,,7.0,7,118,0.6,1.0,0.20833333333333334,0.4444444444444444,upper-middle,,,0.16354166666666664,0.0,1.0,1.0,0.0,1.0,0.0,1.0,16.3525,1.0056888068880687,1.0056888068880687,1.1459355290819901
2026-07-28,Hadestown: The Musical,AMC Alderwood Mall 16,ordinary,2,0,68.0,9.0,9.0,16,127,0.5055555555555555,0.9333333333333333,0.0625,0.10526315789473684,upper-middle,,,-0.05634920634920637,0.0,1.0,1.0,0.0,0.0,0.0,0.0,16.158958333333334,0.9937858753587535,0.9937858753587535,1.132372693295959
2026-07-28,Spider-Man: Brand New Day Dolby Opening Night Fan Event,AMC Alderwood Mall 16,special_event,0,0,1.0,1.0,1.0,8,119,0.0,0.0,0.0,0.0,low,,,,0.0,,1.0,,,,,24.14,1.4846248462484624,1.0952813067150635,1.3531390134529149
2026-07-28,Spider-Man: Brand New Day,AMC Alderwood Mall 16,ordinary,3,0,38.0,38.0,12.0,5,129,0.4372549019607843,1.0,0.08823529411764706,0.07142857142857142,lower-middle,,,,0.0,1.0,1.0,,,,,18.84058823529412,1.1587077635482237,0.854836126828227,1.0560867844895807
2026-07-28,Sia: Nostalgic For The Present,AMC Alderwood Mall 16,special_event,0,0,1.0,1.0,1.0,10,121,0.6,0.6,0.0,,upper-middle,,,0.0,0.0,1.0,1.0,0.0,0.0,0.0,0.0,18.9,1.162361623616236,1.162361623616236,1.324456902592852
2026-07-28,Evil Dead Burn,AMC Alderwood Mall 16,ordinary,1,0,27.0,,9.0,4,115,0.7133333333333334,1.0,0.6,0.6666666666666666,upper-middle,,,-0.16222222222222216,0.0,1.0,1.0,1.0,0.0,0.0,0.0,15.935000000000002,0.9800123001230012,0.9800123001230012,0.8932174887892378
2026-07-28,WHAM! 10 Days In China,AMC Alderwood Mall 16,special_event,0,0,1.0,1.0,1.0,2,113,1.0,1.0,1.0,1.0,top,,,,0.0,1.0,1.0,,,,,18.9,1.162361623616236,1.162361623616236,1.0594170403587444
2026-07-28,Disclosure Day,AMC Alderwood Mall 16,ordinary,0,0,9.0,,1.0,11,122,0.8666666666666667,0.8666666666666667,1.0,1.0,top,,,-0.07777777777777783,0.0,1.0,1.0,0.0,0.0,0.0,0.0,15.459999999999999,0.9507995079950798,0.9507995079950798,1.0833917309039944
2026-07-28,Obsession,AMC Alderwood Mall 16,ordinary,1,0,23.0,,7.0,6,117,0.7592592592592592,1.0,0.5,0.6,top,,,0.21986531986531976,0.0,1.0,1.0,0.0,1.0,0.0,0.0,15.357222222222223,0.9444786114527811,0.9444786114527811,0.8608308420528152
2026-07-28,The Invite,AMC Alderwood Mall 16,ordinary,1,0,31.0,,7.0,10,121,0.7014492753623188,0.9333333333333333,0.4782608695652174,0.14285714285714285,upper-middle,,,0.10411594202898544,0.0,1.0,1.0,0.0,0.0,0.0,0.0,15.412173913043478,0.9478581742339162,0.9478581742339162,1.0800402181530118
2026-07-28,Backrooms: Everything Must Go Edition w/ Bonus Footage,AMC Alderwood Mall 16,ordinary,0,0,14.0,27.0,5.0,6,117,0.5888888888888889,1.0,0.16666666666666666,0.6666666666666666,upper-middle,,,-0.07301587301587309,0.0,1.0,1.0,0.0,0.0,0.0,0.0,8.14,0.5006150061500615,0.5006150061500615,0.570427470217239
2026-07-28,Motor City,AMC Alderwood Mall 16,ordinary,1,0,26.0,3.0,5.0,14,125,0.52,1.0,0.2,0.25,upper-middle,,,-0.03555555555555545,0.0,1.0,1.0,0.0,0.0,0.0,0.0,15.935000000000002,0.9800123001230012,0.9800123001230012,0.8932174887892378
2026-07-28,I Want Your Sex,AMC Alderwood Mall 16,ordinary,1,0,3.0,3.0,1.0,4,115,0.8000000000000002,0.8,1.0,1.0,top,,,,0.0,1.0,1.0,,,,,16.26,1.0,1.0,0.9114349775784755
2026-07-28,Her Private Hell,AMC Alderwood Mall 16,ordinary,0,0,21.0,3.0,2.0,13,124,0.9047619047619048,0.9333333333333333,0.9523809523809523,0.9285714285714286,top,,,-0.006349206349206327,0.0,1.0,1.0,0.0,0.0,0.0,0.0,15.486190476190478,0.9524102383880981,0.9524102383880981,0.8680600042707667
2026-07-28,AMC Screen Unseen: July 27,AMC Alderwood Mall 16,special_event,0,0,1.0,1.0,1.0,10,121,0.6,0.6,0.0,0.0,upper-middle,0.6,0.0,,0.0,1.0,1.0,,,,,8.14,0.5006150061500615,0.5006150061500615,0.45627802690582964
2026-07-28,Above and Below,AMC Alderwood Mall 16,special_event,0,0,1.0,1.0,1.0,2,113,1.0,1.0,1.0,1.0,top,,,,0.0,1.0,1.0,,,,,16.26,1.0,1.0,0.9114349775784755
2026-07-28,Reading Lolita in Tehran,AMC Alderwood Mall 16,ordinary,0,0,6.0,6.0,2.0,2,113,0.7999999999999999,1.0,0.5,1.0,top,0.7999999999999999,0.0,,0.0,1.0,1.0,,,,,14.093333333333334,0.8667486674866748,0.8667486674866748,0.9876197150198552
2026-07-28,Pinocchio Unstrung,AMC Alderwood Mall 16,ordinary,0,0,6.0,2.0,4.0,5,129,0.4666666666666666,0.7333333333333333,0.0,,lower-middle,,,-0.3,0.0,1.0,1.0,1.0,0.0,0.0,0.0,16.26,1.0,1.0,0.9114349775784755
2026-07-28,Jana Nayagan,AMC Alderwood Mall 16,ordinary,0,0,11.0,2.0,3.0,10,121,0.5888888888888889,0.7333333333333333,0.0,0.0,upper-middle,,,0.022222222222222254,0.0,1.0,1.0,0.0,0.0,0.0,0.0,17.84,1.097170971709717,1.097170971709717,1.0
2026-08-04,Willy Wonka & the Chocolate Factory 55th Anniversary,AMC Alderwood Mall 16,special_event,0,0,2.0,2.0,1.0,2,113,1.0,1.0,1.0,1.0,top,1.0,0.0,,0.0,1.0,1.0,,,,,18.9,1.162361623616236,1.162361623616236,1.324456902592852
2026-08-04,The Spongebob Movie: Search for Squarepants,AMC Alderwood Mall 16,ordinary,0,0,4.0,4.0,1.0,4,115,0.9333333333333333,0.9333333333333333,1.0,,top,0.9333333333333333,0.0,,0.0,1.0,1.0,,,,,3.15,0.19372693726937268,0.19372693726937268,0.2207428170988087
2026-08-04,Toy Story 5,AMC Alderwood Mall 16,ordinary,3,0,31.0,,5.0,13,124,0.7861111111111111,1.0,0.4166666666666667,0.4,top,,,0.2222222222222222,0.0,1.0,1.0,0.0,1.0,0.0,0.0,16.650000000000002,1.0239852398523985,1.0239852398523985,0.9332959641255607
2026-08-04,Minions & Monsters,AMC Alderwood Mall 16,ordinary,3,0,32.0,,5.0,2,113,0.8844444444444445,1.0,0.9333333333333333,0.8333333333333334,top,,,0.35111111111111115,0.0,1.0,1.0,0.0,1.0,0.0,0.0,16.174,0.9947109471094709,0.9947109471094709,1.133426769446391
2026-08-04,The Odyssey,AMC Alderwood Mall 16,ordinary,3,0,92.0,16.0,8.0,9,120,0.4546448087431694,1.0,0.32786885245901637,0.375,lower-middle,,,0.17855785222143034,0.0,1.0,2.0,0.0,1.0,1.0,0.0,18.690327868852457,1.149466658601012,0.8480185058463002,1.3097636908796395
2026-08-04,Moana,AMC Alderwood Mall 16,ordinary,1,0,32.0,,6.0,10,121,0.8037037037037037,1.0,0.7222222222222222,0.6875,top,,,0.3898148148148148,0.0,1.0,1.0,0.0,1.0,0.0,0.0,17.641666666666666,1.0849733497334972,1.0849733497334972,0.9888826606875933
2026-08-04,Hadestown: The Musical,AMC Alderwood Mall 16,ordinary,1,0,24.0,9.0,4.0,7,118,0.3380952380952381,0.8,0.07142857142857142,0.0,lower-middle,,,-0.11746031746031743,-0.11468253968253966,0.7467134092900964,2.0,0.0,0.0,0.0,0.0,14.402857142857144,0.8857845721314356,0.8857845721314356,1.009310241265392
2026-08-04,Spider-Man: Brand New Day,AMC Alderwood Mall 16,ordinary,3,0,255.0,38.0,15.0,5,129,0.3789272030651341,1.0,0.040229885057471264,0.02666666666666667,lower-middle,0.4980392156862745,-0.1191120126211404,-0.12303358124859137,-0.1191120126211404,0.7608380848945606,2.0,0.0,0.0,1.0,0.0,19.408965517241377,1.193663315943504,0.8806245697477939,1.0879464976032163
2026-08-04,"DCI 2026: Big, Loud and Live",AMC Alderwood Mall 16,special_event,0,0,1.0,1.0,1.0,6,117,0.8666666666666667,0.8666666666666667,1.0,,top,,,,0.0,1.0,1.0,,,,,21.0,1.2915129151291511,1.2915129151291511,1.4716187806587246
2026-08-04,Evil Dead Burn,AMC Alderwood Mall 16,ordinary,0,0,6.0,,2.0,10,121,0.7888888888888889,0.8,0.8333333333333334,,top,,,-0.02111111111111108,0.0,1.0,2.0,0.0,0.0,0.0,0.0,16.26,1.0,1.0,0.9114349775784755
2026-08-04,Obsession,AMC Alderwood Mall 16,ordinary,0,0,6.0,,2.0,7,118,0.2888888888888889,0.7333333333333333,0.0,,lower-middle,,,-0.537037037037037,-0.4925925925925925,0.3696682464454977,1.0,1.0,0.0,0.0,0.0,16.26,1.0,1.0,0.9114349775784755
2026-08-04,The Invite,AMC Alderwood Mall 16,ordinary,0,0,13.0,,,,,,,,,unknown,,,,,,,,,0.0,0.0,,,,
2026-08-04,Super Troopers 3,AMC Alderwood Mall 16,ordinary,2,0,4.0,4.0,1.0,10,121,0.8,0.8,1.0,1.0,top,,,,0.0,1.0,1.0,,,,,15.447500000000002,0.9500307503075031,0.9500307503075031,1.0825157673440786
2026-08-04,Ateez: Light the Way in Cinemas,AMC Alderwood Mall 16,special_event,1,0,2.0,2.0,2.0,4,115,0.8333333333333333,0.9333333333333333,0.5,0.5,top,,,,0.0,1.0,1.0,,,,,18.9,1.162361623616236,1.162361623616236,1.0594170403587444
2026-08-04,Motor City,AMC Alderwood Mall 16,ordinary,0,0,6.0,3.0,3.0,13,124,0.7,0.9333333333333333,0.25,,upper-middle,,,0.15666666666666662,0.0,1.0,1.0,0.0,1.0,0.0,0.0,16.26,1.0,1.0,0.9114349775784755
2026-08-04,WWE SummerSlam 2026,AMC Alderwood Mall 16,ambiguous_special,0,0,2.0,2.0,1.0,6,117,0.8666666666666667,0.8666666666666667,1.0,,top,0.8666666666666667,0.0,,0.0,1.0,1.0,,,,,15.75,0.9686346863468633,0.9686346863468633,1.1037140854940435
2026-08-04,Super Troopers 3: Special Broken Lizard Fan Event,AMC Alderwood Mall 16,special_event,0,0,1.0,1.0,1.0,7,118,0.2,0.2,0.0,0.0,low,,,,0.0,1.0,1.0,,,,,16.26,1.0,1.0,0.9114349775784755
2026-08-04,Ice Cream Man,AMC Alderwood Mall 16,ordinary,2,0,2.0,2.0,1.0,2,113,1.0,1.0,1.0,1.0,top,,,,0.0,1.0,1.0,,,,,16.26,1.0,1.0,0.9114349775784755
2026-08-04,I Want Your Sex,AMC Alderwood Mall 16,ordinary,0,0,18.0,3.0,1.0,4,115,0.9333333333333333,0.9333333333333333,1.0,1.0,top,0.9333333333333332,1.1102230246251565e-16,1.1102230246251565e-16,0.0,1.0,2.0,0.0,0.0,0.0,0.0,16.26,1.0,1.0,0.9114349775784755
2026-08-04,Cookie Queens,AMC Alderwood Mall 16,ordinary,1,0,4.0,4.0,1.0,11,122,0.5333333333333333,0.5333333333333333,0.0,0.0,upper-middle,,,,0.0,1.0,1.0,,,,,15.447500000000002,0.9500307503075031,0.9500307503075031,1.0825157673440786
2026-08-04,AMC Scream Unseen: August 3,AMC Alderwood Mall 16,special_event,0,0,1.0,1.0,1.0,2,113,1.0,1.0,1.0,1.0,top,1.0,0.0,,0.0,1.0,1.0,,,,,8.14,0.5006150061500615,0.5006150061500615,0.45627802690582964
2026-08-04,Boyhood 12th Anniversary,AMC Alderwood Mall 16,rerelease,0,0,1.0,1.0,1.0,15,131,0.4,0.4,0.0,0.0,lower-middle,,,,0.0,1.0,1.0,,,,,16.26,1.0,1.0,0.9114349775784755
2026-08-04,One Night Only,AMC Alderwood Mall 16,ambiguous_special,2,0,4.0,4.0,2.0,15,131,0.43333333333333335,0.5333333333333333,0.0,0.0,lower-middle,,,,0.0,1.0,1.0,,,,,15.447500000000002,0.9500307503075031,0.9500307503075031,1.0825157673440786
2026-08-11,Muppet Treasure Island,AMC Alderwood Mall 16,ordinary,0,0,4.0,4.0,1.0,4,115,0.9333333333333333,0.9333333333333333,1.0,,top,0.9333333333333333,0.0,,0.0,1.0,1.0,,,,,3.15,0.19372693726937268,0.19372693726937268,0.2207428170988087
2026-08-11,Tales from Earthsea 20th Anniversary - Studio Ghibli Fest 2026,AMC Alderwood Mall 16,rerelease,0,0,2.0,2.0,1.0,7,118,0.6666666666666666,0.6666666666666666,0.0,0.0,upper-middle,0.6666666666666666,0.0,,0.0,1.0,1.0,,,,,18.9,1.162361623616236,1.162361623616236,1.324456902592852
2026-08-11,Only Yesterday 35th Anniversary - Studio Ghibli Fest 2026,AMC Alderwood Mall 16,rerelease,0,0,3.0,3.0,2.0,7,118,0.7333333333333334,0.8666666666666667,0.3333333333333333,0.5,upper-middle,0.7333333333333334,0.0,,0.0,1.0,1.0,,,,,18.9,1.162361623616236,1.162361623616236,1.0594170403587444
2026-08-11,Toy Story 5,AMC Alderwood Mall 16,ordinary,2,0,21.0,,5.0,4,115,0.7333333333333333,0.9333333333333333,0.4,,upper-middle,,,-0.005333333333333412,-0.029333333333333322,0.9615384615384616,1.0,0.0,0.0,0.0,0.0,16.055,0.9873923739237391,0.9873923739237391,1.1250875963559916
2026-08-11,Minions & Monsters,AMC Alderwood Mall 16,ordinary,2,0,19.0,,4.0,13,124,0.7481481481481481,0.9333333333333333,0.5555555555555556,1.0,upper-middle,,,-0.1028322440087146,-0.1263616557734205,0.8555057299451918,1.0,0.0,0.0,0.0,0.0,16.253333333333334,0.9995899958999589,0.9995899958999589,1.1389862181733241
2026-08-11,The Odyssey,AMC Alderwood Mall 16,ordinary,3,0,82.0,16.0,10.0,1,112,0.47283950617283954,1.0,0.24074074074074073,0.24,lower-middle,,,-0.07225853304284668,-0.06147421931735653,0.8849473326537548,1.0,0.0,0.0,0.0,1.0,17.482222222222223,1.07516741834085,1.07516741834085,0.9799451918286
2026-08-11,Moana,AMC Alderwood Mall 16,ordinary,0,0,12.0,,2.0,4,115,0.8333333333333333,0.9333333333333333,0.5,,top,,,0.05925925925925912,0.0,1.0,2.0,0.0,0.0,0.0,0.0,14.27,0.8776137761377613,0.8776137761377613,1.0
2026-08-11,Hadestown: The Musical,AMC Alderwood Mall 16,ordinary,0,0,6.0,9.0,,,,,,,,unknown,,,,,,,,,0.0,0.0,,,,
2026-08-11,Spider-Man: Brand New Day,AMC Alderwood Mall 16,ordinary,3,0,194.0,38.0,13.0,14,125,0.29198966408268734,1.0,0.031007751937984496,0.0,lower-middle,0.4980392156862745,-0.20604955160358718,-0.031174177725222296,-0.20604955160358718,0.5862784593786242,3.0,0.0,0.0,1.0,0.0,20.392558139534884,1.2541548671300666,0.9913737549603735,1.143080613202628
2026-08-11,The Brink of War,AMC Alderwood Mall 16,ordinary,2,0,3.0,3.0,1.0,6,117,0.6,0.6,0.0,0.0,upper-middle,,,,0.0,1.0,1.0,,,,,14.635000000000002,0.9000615006150061,0.9000615006150061,0.8203475336322871
2026-08-11,Super Troopers 3,AMC Alderwood Mall 16,ordinary,1,0,44.0,4.0,5.0,11,122,0.5458333333333334,0.9333333333333333,0.21875,0.13333333333333333,upper-middle,0.8666666666666667,-0.3208333333333333,-0.3208333333333333,-0.3208333333333333,0.6298076923076924,1.0,1.0,0.0,0.0,0.0,15.447500000000002,0.9500307503075031,0.9500307503075031,0.8658912556053813
2026-08-11,Ateez: Light the Way in Cinemas,AMC Alderwood Mall 16,special_event,0,0,2.0,2.0,2.0,4,115,0.7333333333333334,0.9333333333333333,0.5,,upper-middle,0.8333333333333333,-0.09999999999999987,-0.1333333333333333,-0.09999999999999987,0.8800000000000001,1.0,0.0,0.0,0.0,0.0,18.9,1.162361623616236,1.162361623616236,1.324456902592852
2026-08-11,Ice Cream Man,AMC Alderwood Mall 16,ordinary,1,0,23.0,3.0,6.0,2,113,0.8956521739130435,1.0,0.8260869565217391,0.9166666666666666,top,0.7999999999999999,0.09565217391304359,0.09565217391304359,0.0,1.0,2.0,0.0,0.0,0.0,0.0,16.26,1.0,1.0,0.9114349775784755
2026-08-11,Cookie Queens,AMC Alderwood Mall 16,ordinary,0,0,37.0,5.0,5.0,6,117,0.6076923076923076,0.9333333333333333,0.07692307692307693,0.07692307692307693,upper-middle,0.5466666666666666,0.06102564102564101,0.12769230769230766,0.0,1.0,2.0,0.0,0.0,0.0,0.0,15.385000000000002,0.9461869618696187,0.9461869618696187,0.8623878923766817
2026-08-11,Nimrods Early Access – Green Day Intro + Bonus Performance,AMC Alderwood Mall 16,special_event,0,0,1.0,1.0,1.0,10,121,0.8666666666666667,0.8666666666666667,1.0,1.0,top,,,,0.0,1.0,1.0,,,,,16.26,1.0,1.0,0.9114349775784755
2026-08-11,KATSEYE: WILD HEARTS,AMC Alderwood Mall 16,special_event,2,0,3.0,3.0,2.0,15,131,0.6222222222222222,0.7333333333333333,0.0,0.0,upper-middle,,,,0.0,1.0,1.0,,,,,18.9,1.162361623616236,1.162361623616236,1.0594170403587444
2026-08-11,PAW Patrol: The Dino Movie - Early Access,AMC Alderwood Mall 16,special_event,0,0,1.0,1.0,1.0,13,124,0.8,0.8,1.0,,top,0.8,0.0,,0.0,1.0,1.0,,,,,13.01,0.8001230012300122,0.8001230012300122,0.9117028731604765
2026-08-11,Sheep in the Box,AMC Alderwood Mall 16,ordinary,0,0,18.0,1.0,6.0,4,115,0.8703703703703705,1.0,0.8888888888888888,0.8888888888888888,top,0.7333333333333333,0.13703703703703718,0.07037037037037042,0.0,1.0,1.0,0.0,0.0,0.0,0.0,15.357222222222223,0.9444786114527811,0.9444786114527811,0.8608308420528152
2026-08-11,Nimrods,AMC Alderwood Mall 16,ordinary,1,0,2.0,2.0,1.0,4,115,0.9333333333333333,0.9333333333333333,1.0,1.0,top,,,,0.0,1.0,1.0,,,,,16.26,1.0,1.0,0.9114349775784755
2026-08-11,PAW Patrol: The Dino Movie,AMC Alderwood Mall 16,ordinary,3,0,3.0,3.0,1.0,7,118,0.6666666666666666,0.6666666666666666,0.0,0.0,upper-middle,,,,0.0,1.0,1.0,,,,,15.176666666666668,0.9333743337433374,0.9333743337433374,1.0635365568792339
2026-08-11,The End of Oak Street,AMC Alderwood Mall 16,ordinary,3,0,3.0,3.0,1.0,12,130,0.13333333333333333,0.13333333333333333,0.0,0.0,low,,,,0.0,1.0,1.0,,,,,15.176666666666668,0.9333743337433374,0.9333743337433374,0.8507100149476832
2026-08-11,AMC Screen Unseen: August 10,AMC Alderwood Mall 16,special_event,0,0,1.0,1.0,1.0,5,129,0.4,0.4,0.0,0.0,lower-middle,0.4,0.0,,0.0,1.0,1.0,,,,,8.14,0.5006150061500615,0.5006150061500615,0.45627802690582964
2026-08-11,Grateful Dead Meet-Up At The Movies 2026,AMC Alderwood Mall 16,special_event,0,0,2.0,2.0,2.0,10,121,0.8,0.8666666666666667,0.5,0.0,top,0.8,0.0,,0.0,1.0,1.0,,,,,18.9,1.162361623616236,1.162361623616236,1.324456902592852
2026-08-11,One Night Only,AMC Alderwood Mall 16,ambiguous_special,1,0,37.0,4.0,4.0,15,131,0.7972222222222222,1.0,0.4166666666666667,0.3333333333333333,top,0.6333333333333333,0.16388888888888886,0.13055555555555554,0.0,1.0,1.0,0.0,0.0,0.0,0.0,15.4475,0.950030750307503,0.950030750307503,1.0825157673440784
2026-08-11,Practical Magic,AMC Alderwood Mall 16,special_event,0,0,1.0,1.0,1.0,13,124,0.8,0.8,1.0,1.0,top,,,,0.0,1.0,1.0,,,,,16.26,1.0,1.0,0.9114349775784755
2026-08-11,2026 CORTIS TOUR <PUT YOUR PHONE DOWN> IN LA: LIVE VIEWING,AMC Alderwood Mall 16,special_event,0,0,1.0,1.0,1.0,5,129,0.4,0.4,0.0,0.0,lower-middle,,,,0.0,1.0,1.0,,,,,26.25,1.614391143911439,1.614391143911439,1.4714125560538116
2026-08-11,Elijah Peel,AMC Alderwood Mall 16,ordinary,1,0,2.0,2.0,2.0,4,115,0.8666666666666667,0.9333333333333333,1.0,1.0,top,,,,0.0,1.0,1.0,,,,,14.635000000000002,0.9000615006150061,0.9000615006150061,1.0255781359495446
2026-08-11,Your Name. 10th Anniversary,AMC Alderwood Mall 16,rerelease,2,0,2.0,2.0,1.0,2,113,1.0,1.0,1.0,1.0,top,,,,0.0,1.0,1.0,,,,,16.26,1.0,1.0,0.9114349775784755
2026-08-11,The Rivals of Amziah King,AMC Alderwood Mall 16,ordinary,1,0,2.0,2.0,1.0,10,121,0.8666666666666667,0.8666666666666667,1.0,1.0,top,,,,0.0,1.0,1.0,,,,,16.26,1.0,1.0,0.9114349775784755
2026-08-11,DC,AMC Alderwood Mall 16,ordinary,1,0,6.0,1.0,3.0,13,124,0.7777777777777778,0.9333333333333333,0.6666666666666666,0.5,top,0.3333333333333333,0.4444444444444445,0.11111111111111116,0.0,1.0,1.0,0.0,0.0,0.0,0.0,16.26,1.0,1.0,0.9114349775784755
2026-08-11,The Samurai and the Prisoner,AMC Alderwood Mall 16,ordinary,1,0,12.0,12.0,3.0,13,124,0.8083333333333333,0.9333333333333333,0.875,0.75,top,0.8083333333333333,0.0,,0.0,1.0,1.0,,,,,15.447500000000002,0.9500307503075031,0.9500307503075031,0.8658912556053813
2026-08-18,Six: The Musical Live!,AMC Alderwood Mall 16,special_event,1,0,9.0,9.0,3.0,3,128,0.6666666666666666,1.0,0.14285714285714285,,upper-middle,0.6666666666666666,0.0,,0.0,1.0,1.0,,,,,15.795714285714286,0.9714461430328588,0.9714461430328588,1.1069176093703075
2026-08-18,Toy Story 5,AMC Alderwood Mall 16,ordinary,1,0,19.0,,6.0,14,125,0.6222222222222222,1.0,0.3333333333333333,0.5,upper-middle,,,-0.1777777777777777,-0.14044444444444437,0.815850815850816,2.0,1.0,0.0,0.0,0.0,15.1625,0.9325030750307503,0.9325030750307503,1.0625437981779957
2026-08-18,Minions & Monsters,AMC Alderwood Mall 16,ordinary,1,0,19.0,,6.0,10,121,0.8,1.0,0.7272727272727273,1.0,top,,,-0.018181818181818188,-0.07450980392156858,0.914798206278027,3.0,0.0,0.0,0.0,0.0,15.568181818181818,0.9574527563457452,0.9574527563457452,1.090972797349812
2026-08-18,The Odyssey,AMC Alderwood Mall 16,ordinary,3,0,36.0,16.0,3.0,1,112,0.0896551724137931,0.2,0.0,0.0,low,,,-0.3136781609195402,-0.44465855307640295,0.16779500158177793,1.0,1.0,0.0,1.0,0.0,20.17896551724138,1.2410187894982398,0.9809900591755654,1.4140830775922482
2026-08-18,Spider-Man: Brand New Day,AMC Alderwood Mall 16,ordinary,3,0,110.0,38.0,11.0,5,129,0.29282700421940927,0.8666666666666667,0.05063291139240506,0.03125,lower-middle,0.4980392156862745,-0.20521221146686525,-0.01652551376620226,-0.20521221146686525,0.5879597328814911,4.0,0.0,0.0,1.0,0.0,19.788481012658227,1.217003752316004,0.9620068552580567,1.1092197877050576
2026-08-18,The Fast and the Furious 25th Anniversary,AMC Alderwood Mall 16,rerelease,2,0,2.0,2.0,1.0,2,113,0.8666666666666667,0.8666666666666667,1.0,1.0,top,,,,0.0,1.0,1.0,,,,,16.26,1.0,1.0,0.9114349775784755
2026-08-18,The Brink of War,AMC Alderwood Mall 16,ordinary,1,0,19.0,4.0,5.0,6,117,0.615686274509804,0.7333333333333333,0.0,0.0,upper-middle,0.6,0.015686274509803977,-0.050980392156862675,0.0,1.0,2.0,0.0,0.0,0.0,0.0,14.157058823529413,0.8706678243253021,0.8706678243253021,0.9920854115998188
2026-08-18,Your Letter,AMC Alderwood Mall 16,ordinary,0,0,1.0,1.0,1.0,14,125,0.26666666666666666,0.26666666666666666,0.0,0.0,lower-middle,0.26666666666666666,0.0,,0.0,1.0,1.0,,,,,16.26,1.0,1.0,0.9114349775784755
2026-08-18,Wet Hot American Summer: 25th Anniversary,AMC Alderwood Mall 16,rerelease,0,0,10.0,10.0,3.0,7,118,0.8857142857142858,0.9333333333333333,0.8571428571428571,1.0,top,0.8857142857142858,0.0,,0.0,1.0,1.0,,,,,8.14,0.5006150061500615,0.5006150061500615,0.570427470217239
2026-08-18,Super Troopers 3,AMC Alderwood Mall 16,ordinary,0,0,44.0,4.0,8.0,10,121,0.7616161616161616,1.0,0.7575757575757576,0.7857142857142857,top,0.8666666666666667,-0.10505050505050506,0.2282828282828283,-0.10505050505050506,0.8787878787878788,1.0,0.0,1.0,0.0,0.0,15.373636363636365,0.9454880912445488,0.9454880912445488,1.0773396190354847
2026-08-18,Point Break 35th Anniversary,AMC Alderwood Mall 16,special_event,0,0,3.0,3.0,1.0,11,122,0.4666666666666666,0.4666666666666667,0.0,0.0,lower-middle,0.4666666666666666,0.0,,0.0,1.0,1.0,,,,,18.9,1.162361623616236,1.162361623616236,1.0594170403587444
2026-08-18,Texas Chainsaw Day (2026),AMC Alderwood Mall 16,special_event,0,0,1.0,1.0,1.0,3,128,0.6,0.6,0.0,0.0,upper-middle,,,,0.0,1.0,1.0,,,,,18.9,1.162361623616236,1.162361623616236,1.0594170403587444
2026-08-18,Ice Cream Man,AMC Alderwood Mall 16,ordinary,0,0,6.0,3.0,1.0,4,115,1.0,1.0,1.0,,top,0.7999999999999999,0.20000000000000007,0.1777777777777777,0.0,1.0,3.0,0.0,1.0,0.0,0.0,16.26,1.0,1.0,0.9114349775784755
2026-08-18,La La Land 10th Anniversary,AMC Alderwood Mall 16,rerelease,1,0,8.0,8.0,1.0,8,119,0.06666666666666667,0.06666666666666667,0.0,0.0,low,0.06666666666666667,0.0,,0.0,1.0,1.0,,,,,22.15375,1.3624692496924966,1.0769931939718036,1.5524702172389628
2026-08-18,KATSEYE: WILD HEARTS,AMC Alderwood Mall 16,special_event,1,0,7.0,3.0,3.0,15,131,0.5599999999999999,0.9333333333333333,0.2,0.0,upper-middle,0.6,-0.040000000000000036,0.07111111111111101,-0.040000000000000036,0.9333333333333332,2.0,0.0,0.0,0.0,0.0,18.9,1.162361623616236,1.162361623616236,1.324456902592852
2026-08-18,Train to Busan - 10th Anniversary Remastered & Revived,AMC Alderwood Mall 16,rerelease,0,0,21.0,21.0,8.0,7,118,0.7428571428571429,0.9333333333333333,0.5238095238095238,0.5,upper-middle,0.7428571428571429,0.0,,0.0,1.0,1.0,,,,,16.105238095238096,0.9904820476776196,0.9904820476776196,0.9027599829169337
2026-08-18,Nimrods,AMC Alderwood Mall 16,ordinary,0,0,12.0,2.0,1.0,4,115,1.0,1.0,1.0,1.0,top,1.0,0.0,0.0,0.0,1.0,2.0,0.0,0.0,0.0,0.0,16.26,1.0,1.0,0.9114349775784755
2026-08-18,PAW Patrol: The Dino Movie,AMC Alderwood Mall 16,ordinary,3,0,35.0,4.0,4.0,11,122,0.4777777777777778,0.6666666666666666,0.0,0.0,lower-middle,0.8,-0.32222222222222224,-0.45555555555555555,-0.32222222222222224,0.5972222222222222,1.0,1.0,0.0,0.0,0.0,15.4475,0.950030750307503,0.950030750307503,0.8658912556053812
2026-08-18,The End of Oak Street,AMC Alderwood Mall 16,ordinary,3,0,30.0,4.0,2.0,12,130,0.37222222222222223,0.8,0.08333333333333333,0.08333333333333333,lower-middle,0.5,-0.12777777777777777,-0.12777777777777777,-0.12777777777777777,0.7444444444444445,1.0,0.0,0.0,0.0,0.0,15.4475,0.950030750307503,0.950030750307503,0.8658912556053812
2026-08-18,Insidious: Out of the Further,AMC Alderwood Mall 16,ordinary,3,0,4.0,4.0,2.0,1,112,0.11666666666666667,0.13333333333333333,0.0,0.0,low,,,,0.0,1.0,1.0,,,,,18.5975,1.1437576875768756,0.9041079241614001,1.3032585844428872
2026-08-18,One Night Only,AMC Alderwood Mall 16,ambiguous_special,0,0,30.0,4.0,7.0,10,121,0.6696969696969698,1.0,0.45454545454545453,0.3076923076923077,upper-middle,0.6333333333333333,0.03636363636363649,0.003030303030303161,-0.08092031425364743,0.8921949760765552,1.0,0.0,0.0,0.0,0.0,15.66909090909091,0.9636587274963658,0.9636587274963658,0.8783122706889523
2026-08-18,Elijah Peel,AMC Alderwood Mall 16,ordinary,0,0,13.0,2.0,4.0,13,124,0.7025641025641025,0.9333333333333333,0.07692307692307693,0.1111111111111111,upper-middle,0.8666666666666667,-0.16410256410256419,-0.16410256410256419,-0.16410256410256419,0.8106508875739644,1.0,1.0,0.0,0.0,0.0,16.26,1.0,1.0,0.9114349775784755
2026-08-18,Your Name. 10th Anniversary,AMC Alderwood Mall 16,rerelease,1,0,14.0,3.0,4.0,15,131,0.680952380952381,0.9333333333333333,0.35714285714285715,0.3333333333333333,upper-middle,0.7777777777777778,-0.09682539682539681,-0.030158730158730163,-0.09682539682539681,0.8755102040816327,1.0,0.0,0.0,0.0,0.0,16.26,1.0,1.0,0.9114349775784755
2026-08-18,The Magic Faraway Tree,AMC Alderwood Mall 16,ordinary,2,0,3.0,3.0,1.0,4,115,1.0,1.0,1.0,1.0,top,,,,0.0,1.0,1.0,,,,,14.093333333333334,0.8667486674866748,0.8667486674866748,0.9876197150198552
2026-08-18,Mutiny,AMC Alderwood Mall 16,ordinary,3,0,3.0,3.0,1.0,7,118,0.9333333333333332,0.9333333333333333,1.0,1.0,top,,,,0.0,1.0,1.0,,,,,16.26,1.0,1.0,0.9114349775784755
2026-08-18,The Rivals of Amziah King,AMC Alderwood Mall 16,ordinary,0,0,33.0,5.0,5.0,2,113,0.7653333333333333,0.9333333333333333,0.8,0.625,top,0.7999999999999999,-0.03466666666666662,0.05422222222222217,-0.03466666666666662,0.9566666666666667,2.0,0.0,0.0,0.0,0.0,15.610000000000003,0.9600246002460026,0.9600246002460026,1.0939032936229856
2026-08-18,AMC Scream Unseen: August 17,AMC Alderwood Mall 16,special_event,0,0,1.0,1.0,1.0,10,121,0.8,0.8,1.0,1.0,top,0.8,0.0,,0.0,1.0,1.0,,,,,8.14,0.5006150061500615,0.5006150061500615,0.45627802690582964
2026-08-18,DC,AMC Alderwood Mall 16,ordinary,0,0,7.0,1.0,4.0,6,117,0.6476190476190476,0.8,0.14285714285714285,0.14285714285714285,upper-middle,0.3333333333333333,0.31428571428571433,-0.17142857142857137,-0.12380952380952381,0.8395061728395061,1.0,1.0,0.0,0.0,0.0,16.26,1.0,1.0,0.9114349775784755
2026-08-18,The Samurai and the Prisoner,AMC Alderwood Mall 16,ordinary,0,0,6.0,13.0,,,,,,,,unknown,0.7916666666666666,,,,,,,,0.0,0.0,,,,
2026-08-18,Never Stop Chasing,AMC Alderwood Mall 16,ordinary,1,0,2.0,2.0,1.0,15,131,0.5333333333333333,0.5333333333333333,0.0,0.0,upper-middle,,,,0.0,1.0,1.0,,,,,16.26,1.0,1.0,0.9114349775784755
2026-08-18,Paper Flowers,AMC Alderwood Mall 16,ordinary,1,0,1.0,1.0,1.0,4,115,1.0,1.0,1.0,1.0,top,,,,0.0,1.0,1.0,,,,,16.26,1.0,1.0,0.9114349775784755
2026-08-18,Tony,AMC Alderwood Mall 16,ordinary,3,0,3.0,3.0,1.0,13,124,0.7333333333333333,0.7333333333333333,0.0,0.0,upper-middle,,,,0.0,1.0,1.0,,,,,16.26,1.0,1.0,0.9114349775784755
2026-08-18,Spa Weekend,AMC Alderwood Mall 16,ordinary,3,0,3.0,3.0,1.0,11,122,0.4666666666666666,0.4666666666666667,0.0,0.0,lower-middle,,,,0.0,1.0,1.0,,,,,16.26,1.0,1.0,0.9114349775784755
2026-08-18,The Wrong Girls,AMC Alderwood Mall 16,ordinary,0,0,12.0,1.0,5.0,15,131,0.5904761904761904,0.8,0.14285714285714285,0.0,upper-middle,0.9333333333333333,-0.34285714285714297,-0.2761904761904763,-0.34285714285714297,0.6326530612244897,1.0,1.0,0.0,0.0,0.0,15.795714285714286,0.9714461430328588,0.9714461430328588,0.8854099935938501
2026-08-18,Hot Spot,AMC Alderwood Mall 16,ordinary,1,0,4.0,4.0,1.0,14,125,0.26666666666666666,0.26666666666666666,0.0,0.0,lower-middle,,,,0.0,1.0,1.0,,,,,15.447500000000002,0.9500307503075031,0.9500307503075031,1.0825157673440786
2026-08-18,Hushar Pittalu,AMC Alderwood Mall 16,ordinary,0,0,1.0,1.0,1.0,3,128,0.6,0.6,0.0,0.0,upper-middle,,,,0.0,1.0,1.0,,,,,16.26,1.0,1.0,0.9114349775784755
2026-08-18,Panchali Pancha Bhartruka,AMC Alderwood Mall 16,ordinary,0,0,2.0,2.0,1.0,6,117,0.6666666666666666,0.6666666666666666,0.0,0.0,upper-middle,0.6666666666666666,0.0,,0.0,1.0,1.0,,,,,16.26,1.0,1.0,0.9114349775784755
2026-08-25,Six: The Musical Live!,AMC Alderwood Mall 16,special_event,0,0,7.0,11.0,2.0,6,117,0.5777777777777778,0.6666666666666666,0.0,0.0,upper-middle,0.7416666666666667,-0.16388888888888886,-0.18888888888888888,-0.16388888888888886,0.7790262172284644,2.0,1.0,0.0,0.0,0.0,15.176666666666668,0.9333743337433374,0.9333743337433374,1.0635365568792339
2026-08-25,Castle in the Sky 40th Anniversary - Studio Ghibli Fest 2026,AMC Alderwood Mall 16,rerelease,0,0,6.0,6.0,2.0,7,118,0.9444444444444445,1.0,0.8333333333333334,0.75,top,0.9444444444444445,0.0,,0.0,1.0,1.0,,,,,18.9,1.162361623616236,1.162361623616236,1.0594170403587444
2026-08-25,Toy Story 5,AMC Alderwood Mall 16,ordinary,0,0,6.0,,1.0,13,124,0.6,0.6,0.0,,upper-middle,,,-0.06153846153846154,-0.16266666666666663,0.7867132867132868,3.0,0.0,0.0,0.0,0.0,14.27,0.8776137761377613,0.8776137761377613,1.0
2026-08-25,Minions & Monsters,AMC Alderwood Mall 16,ordinary,0,0,8.0,,2.0,7,118,0.7666666666666666,1.0,0.5,0.0,top,,,-0.02777777777777779,-0.10784313725490202,0.8766816143497758,4.0,0.0,0.0,0.0,0.0,16.055,0.9873923739237391,0.9873923739237391,1.1250875963559916
2026-08-25,The Odyssey,AMC Alderwood Mall 16,ordinary,3,0,24.0,16.0,2.0,9,120,0.018518518518518517,0.3333333333333333,0.0,0.0,low,,,-0.031481481481481485,-0.5157952069716776,0.034658511722731905,2.0,0.0,0.0,1.0,0.0,22.6,1.3899138991389914,1.0986874088478367,1.2668161434977578
2026-08-25,Spider-Man: Brand New Day,AMC Alderwood Mall 16,ordinary,3,0,74.0,38.0,9.0,16,127,0.3258064516129032,1.0,0.1774193548387097,0.3333333333333333,lower-middle,0.4980392156862745,-0.1722327640733713,0.05517153097798255,-0.1722327640733713,0.6541783083566167,1.0,0.0,0.0,1.0,0.0,19.313387096774196,1.187785184303456,0.9389104082048709,1.0825889628236658
2026-08-25,The Fast and the Furious 25th Anniversary,AMC Alderwood Mall 16,rerelease,1,0,16.0,3.0,5.0,2,113,0.8333333333333334,0.9333333333333333,0.8125,0.8571428571428571,top,0.7555555555555555,0.07777777777777783,0.03333333333333344,0.0,1.0,2.0,0.0,0.0,0.0,0.0,16.26,1.0,1.0,0.9114349775784755
2026-08-25,The Brink of War,AMC Alderwood Mall 16,ordinary,0,0,6.0,4.0,2.0,13,124,0.6799999999999999,1.0,0.2,0.0,upper-middle,0.6,0.07999999999999996,0.1207407407407407,0.0,1.0,3.0,0.0,0.0,0.0,0.0,13.66,0.8400984009840098,0.8400984009840098,0.9572529782761038
2026-08-25,American Martyr: The Stanley Rother Story,AMC Alderwood Mall 16,special_event,0,0,3.0,3.0,1.0,6,117,0.5333333333333333,0.5333333333333333,0.0,0.0,upper-middle,,,,0.0,1.0,1.0,,,,,18.9,1.162361623616236,1.162361623616236,1.0594170403587444
2026-08-25,La La Land 10th Anniversary,AMC Alderwood Mall 16,rerelease,0,0,8.0,9.0,1.0,8,119,0.13333333333333333,0.13333333333333333,0.0,,low,0.2,-0.06666666666666668,0.0,-0.06666666666666668,0.6666666666666666,2.0,0.0,0.0,1.0,0.0,19.31,1.1875768757687575,0.9387457462323772,1.3531885073580938
2026-08-25,KATSEYE: WILD HEARTS,AMC Alderwood Mall 16,special_event,0,0,3.0,3.0,2.0,3,128,0.6000000000000001,0.8,0.5,0.5,upper-middle,0.6,1.1102230246251565e-16,-0.11999999999999988,-0.1466666666666666,0.8035714285714286,3.0,0.0,0.0,0.0,0.0,18.9,1.162361623616236,1.162361623616236,1.0594170403587444
2026-08-25,PAW Patrol: The Dino Movie,AMC Alderwood Mall 16,ordinary,3,0,29.0,4.0,10.0,10,121,0.6303030303030304,1.0,0.3181818181818182,0.25,upper-middle,0.8,-0.16969696969696968,0.07792207792207795,-0.16969696969696968,0.787878787878788,2.0,0.0,0.0,0.0,0.0,14.191818181818183,0.8728055462372806,0.8728055462372806,0.9945212460979806
2026-08-25,The End of Oak Street,AMC Alderwood Mall 16,ordinary,2,0,32.0,4.0,10.0,3,128,0.6453333333333333,1.0,0.36,0.3333333333333333,upper-middle,0.5,0.14533333333333331,0.23342857142857143,0.0,1.0,1.0,0.0,1.0,0.0,0.0,15.35,0.9440344403444033,0.9440344403444033,1.0756832515767345
2026-08-25,If I Tell You,AMC Alderwood Mall 16,ordinary,0,0,1.0,1.0,1.0,2,113,0.9333333333333333,0.9333333333333333,1.0,1.0,top,,,,0.0,1.0,1.0,,,,,16.26,1.0,1.0,0.9114349775784755
2026-08-25,GHOST: 2 Big To Rig,AMC Alderwood Mall 16,special_event,1,0,2.0,2.0,1.0,9,120,0.0,0.0,0.0,0.0,low,,,,0.0,,1.0,,,,,24.15,1.4852398523985237,1.174039863879436,1.3536995515695067
2026-08-25,Insidious: Out of the Further,AMC Alderwood Mall 16,ordinary,3,0,75.0,9.0,12.0,1,112,0.2835978835978836,1.0,0.14285714285714285,0.25,lower-middle,0.34814814814814815,-0.06455026455026452,-0.02751322751322749,-0.06455026455026452,0.8145896656534956,2.0,0.0,0.0,1.0,0.0,17.304444444444446,1.06423397567309,0.8412466915140713,1.2126450206338084
2026-08-25,Coyote vs. Acme,AMC Alderwood Mall 16,ambiguous_special,3,0,6.0,6.0,3.0,7,118,0.7333333333333333,1.0,0.6,0.6666666666666666,upper-middle,,,,0.0,1.0,1.0,,,,,16.220000000000002,0.997539975399754,0.7885269810403501,0.9091928251121077
2026-08-25,Coyote vs. Acme Early Access,AMC Alderwood Mall 16,special_event,0,0,1.0,1.0,1.0,2,113,0.9333333333333333,0.9333333333333333,1.0,,top,0.9333333333333333,0.0,,0.0,1.0,1.0,,,,,13.01,0.8001230012300122,0.8001230012300122,0.9117028731604765
2026-08-25,House of Worship,AMC Alderwood Mall 16,special_event,0,0,4.0,4.0,2.0,15,131,0.6666666666666666,0.7333333333333333,0.0,0.0,upper-middle,0.6666666666666666,0.0,,0.0,1.0,1.0,,,,,15.447500000000002,0.9500307503075031,0.9500307503075031,0.8658912556053813
2026-08-25,Harry Potter And The Philosopher's Stone: 25th Anniversary,AMC Alderwood Mall 16,rerelease,1,0,1.0,1.0,,,,,,,,unknown,,,,,,,,,,,,,,
2026-08-25,Your Name. 10th Anniversary,AMC Alderwood Mall 16,rerelease,0,0,9.0,3.0,5.0,7,118,0.6777777777777777,1.0,0.5,0.6666666666666666,upper-middle,0.7777777777777778,-0.10000000000000009,-0.12222222222222234,-0.14000000000000012,0.8288043478260868,1.0,0.0,0.0,0.0,0.0,15.718333333333334,0.9666871668716687,0.9666871668716687,0.8810724962630793
2026-08-25,The Magic Faraway Tree,AMC Alderwood Mall 16,ordinary,1,0,28.0,4.0,1.0,4,115,0.8666666666666667,0.8666666666666667,1.0,1.0,top,0.9166666666666667,-0.050000000000000044,-0.016666666666666607,-0.050000000000000044,0.9454545454545454,2.0,0.0,0.0,0.0,0.0,15.4475,0.950030750307503,0.950030750307503,1.0825157673440784
2026-08-25,The Dog Stars,AMC Alderwood Mall 16,ordinary,2,0,4.0,4.0,4.0,5,129,0.21666666666666667,0.4666666666666667,0.0,0.0,low,,,,0.0,1.0,1.0,,,,,18.5975,1.1437576875768756,0.9041079241614001,1.3032585844428872
2026-08-25,Mutiny,AMC Alderwood Mall 16,ordinary,2,0,35.0,3.0,5.0,6,117,0.5897435897435896,0.9333333333333333,0.07692307692307693,0.07142857142857142,upper-middle,1.0,-0.41025641025641035,-0.41025641025641035,-0.41025641025641035,0.5897435897435896,1.0,1.0,0.0,0.0,0.0,15.385000000000002,0.9461869618696187,0.9461869618696187,0.8623878923766817
2026-08-25,Harry Potter And The Chamber of Secrets,AMC Alderwood Mall 16,special_event,0,0,1.0,1.0,1.0,11,122,0.4666666666666667,0.4666666666666667,0.0,0.0,lower-middle,,,,0.0,1.0,1.0,,,,,8.14,0.5006150061500615,0.5006150061500615,0.45627802690582964
2026-08-25,Idiots,AMC Alderwood Mall 16,ordinary,1,0,1.0,1.0,1.0,2,113,0.9333333333333333,0.9333333333333333,1.0,,top,,,,0.0,1.0,1.0,,,,,16.26,1.0,1.0,0.9114349775784755
2026-08-25,Never Stop Chasing,AMC Alderwood Mall 16,ordinary,0,0,29.0,3.0,7.0,2,113,0.8166666666666667,1.0,0.7857142857142857,0.8461538461538461,top,0.8000000000000002,0.016666666666666496,0.08333333333333337,0.0,1.0,2.0,0.0,0.0,0.0,0.0,15.331428571428573,0.9428922860657178,0.9428922860657178,1.0743818200020023
2026-08-25,Paper Flowers,AMC Alderwood Mall 16,ordinary,0,0,6.0,1.0,1.0,13,124,0.6,0.6,0.0,,upper-middle,0.9333333333333333,-0.33333333333333337,-0.2666666666666667,-0.33333333333333337,0.6428571428571428,1.0,1.0,0.0,0.0,0.0,16.26,1.0,1.0,1.1394533987386126
2026-08-25,Tony,AMC Alderwood Mall 16,ordinary,2,0,30.0,3.0,6.0,15,131,0.7000000000000001,1.0,0.041666666666666664,0.0,upper-middle,0.6666666666666666,0.03333333333333344,0.10000000000000009,0.0,1.0,2.0,0.0,0.0,0.0,0.0,15.4475,0.950030750307503,0.950030750307503,1.0825157673440784
2026-08-25,Spa Weekend,AMC Alderwood Mall 16,ordinary,2,0,31.0,3.0,4.0,11,122,0.47222222222222227,0.6666666666666666,0.0,0.0,lower-middle,0.4666666666666666,0.005555555555555647,0.005555555555555647,0.0,1.0,2.0,0.0,0.0,0.0,0.0,15.4475,0.950030750307503,0.950030750307503,0.8658912556053812
2026-08-25,Finding Emily,AMC Alderwood Mall 16,ordinary,2,0,4.0,4.0,1.0,15,131,0.7333333333333333,0.7333333333333333,0.0,0.0,upper-middle,,,,0.0,1.0,1.0,,,,,15.447500000000002,0.9500307503075031,0.9500307503075031,1.0825157673440786
2026-08-25,AMC Scream Unseen: August 24,AMC Alderwood Mall 16,special_event,0,0,1.0,1.0,1.0,14,125,0.4,0.4,0.0,0.0,lower-middle,0.4,0.0,,0.0,1.0,1.0,,,,,8.14,0.5006150061500615,0.5006150061500615,0.45627802690582964
2026-08-25,Colony,AMC Alderwood Mall 16,ordinary,2,0,1.0,1.0,1.0,14,125,0.4,0.4,0.0,,lower-middle,,,,0.0,1.0,1.0,,,,,16.26,1.0,1.0,0.9114349775784755
2026-08-25,Hot Spot,AMC Alderwood Mall 16,ordinary,0,0,43.0,4.0,5.0,14,125,0.45087719298245615,0.6,0.0,0.0,lower-middle,0.3333333333333333,0.11754385964912284,0.05087719298245613,0.0,1.0,2.0,0.0,0.0,0.0,0.0,15.148157894736842,0.9316210267365831,0.9316210267365831,0.8491119896152939
2026-08-25,Idiots Early Access,AMC Alderwood Mall 16,special_event,0,0,1.0,1.0,1.0,15,131,0.7333333333333333,0.7333333333333333,0.0,0.0,upper-middle,,,,0.0,1.0,1.0,,,,,16.26,1.0,1.0,0.9114349775784755
2026-08-25,Irumudi,AMC Alderwood Mall 16,ordinary,0,0,6.0,1.0,5.0,2,113,0.7000000000000001,1.0,0.5,1.0,upper-middle,0.6,0.10000000000000009,0.03333333333333344,0.0,1.0,2.0,0.0,0.0,0.0,0.0,16.26,1.0,1.0,0.9114349775784755
2026-08-25,Teenage Sex and Death at Camp Miasma,AMC Alderwood Mall 16,ordinary,1,0,18.0,3.0,8.0,7,118,0.6111111111111112,1.0,0.2222222222222222,0.2857142857142857,upper-middle,0.4444444444444445,0.16666666666666669,0.2111111111111112,0.0,1.0,1.0,0.0,1.0,0.0,0.0,16.26,1.0,1.0,0.9114349775784755
2026-09-01,The Odyssey,AMC Alderwood Mall 16,ordinary,3,0,30.0,16.0,8.0,9,120,0.24545454545454548,1.0,0.09090909090909091,0.125,low,,,0.20101010101010103,-0.2888591800356506,0.4593828190158466,3.0,0.0,1.0,1.0,0.0,19.978181818181817,1.2286704685228669,0.9712290626242983,1.2286704685228669
2026-09-01,Spider-Man: Brand New Day,AMC Alderwood Mall 16,ordinary,3,0,46.0,38.0,5.0,16,127,0.12792792792792793,0.9333333333333333,0.02702702702702703,0.0,low,0.4980392156862745,-0.37011128775834656,-0.14498873873873871,-0.37011128775834656,0.25686316237497336,1.0,0.0,0.0,1.0,0.0,21.097837837837837,1.2975300023270502,1.0256605657675175,1.2975300023270502
2026-09-01,The Fast and the Furious 25th Anniversary,AMC Alderwood Mall 16,rerelease,0,0,15.0,3.0,7.0,3,128,0.680952380952381,0.9333333333333333,0.2857142857142857,0.0,upper-middle,0.7555555555555555,-0.07460317460317456,-0.126890756302521,-0.1504201680672268,0.8190700808625337,1.0,0.0,0.0,0.0,0.0,14.635000000000002,0.9000615006150061,0.9000615006150061,1.0255781359495446
2026-09-01,Legend of the White Dragon,AMC Alderwood Mall 16,ordinary,0,0,4.0,4.0,1.0,2,113,0.9333333333333333,0.9333333333333333,1.0,1.0,top,0.9333333333333333,0.0,,0.0,1.0,1.0,,,,,18.9,1.162361623616236,1.162361623616236,1.162361623616236
2026-09-01,Terminator 2: Judgment Day 35th Anniversary,AMC Alderwood Mall 16,rerelease,0,0,12.0,12.0,2.0,15,131,0.8388888888888889,0.8666666666666667,1.0,1.0,top,0.8388888888888889,0.0,,0.0,1.0,1.0,,,,,20.650000000000002,1.2699876998769988,1.003889158969373,1.2699876998769988
2026-09-01,The Hunger Games (2026),AMC Alderwood Mall 16,special_event,0,0,1.0,1.0,1.0,2,113,0.9333333333333333,0.9333333333333333,1.0,1.0,top,,,,0.0,1.0,1.0,,,,,18.9,1.162361623616236,1.162361623616236,1.162361623616236
2026-09-01,PAW Patrol: The Dino Movie,AMC Alderwood Mall 16,ordinary,3,0,32.0,4.0,5.0,14,125,0.4454545454545455,0.8,0.13636363636363635,0.14285714285714285,lower-middle,0.8,-0.35454545454545455,-0.12634032634032627,-0.35454545454545455,0.5568181818181819,1.0,0.0,0.0,0.0,0.0,14.930454545454547,0.9182321368668231,0.9182321368668231,1.0462827291839205
2026-09-01,The End of Oak Street,AMC Alderwood Mall 16,ordinary,1,0,35.0,4.0,9.0,13,124,0.6666666666666666,1.0,0.37037037037037035,0.2727272727272727,upper-middle,0.5,0.16666666666666663,0.055172413793103336,0.0,1.0,2.0,0.0,0.0,0.0,0.0,15.417407407407408,0.948180037355929,0.948180037355929,1.080406966181318
2026-09-01,GHOST: 2 Big To Rig,AMC Alderwood Mall 16,special_event,0,0,1.0,2.0,1.0,7,118,1.0,1.0,1.0,,top,0.0,1.0,1.0,0.0,1.0,1.0,0.0,1.0,0.0,1.0,18.9,1.162361623616236,1.162361623616236,1.324456902592852
2026-09-01,Insidious: Out of the Further,AMC Alderwood Mall 16,ordinary,3,0,42.0,9.0,3.0,1,112,0.22095238095238096,0.4,0.0,0.0,low,0.34814814814814815,-0.1271957671957672,-0.10430014430014428,-0.1271957671957672,0.6346504559270517,1.0,0.0,0.0,0.0,1.0,17.41,1.0707257072570724,1.0707257072570724,1.0707257072570724
2026-09-01,Coyote vs. Acme,AMC Alderwood Mall 16,ambiguous_special,3,0,55.0,6.0,9.0,6,117,0.5627906976744186,0.7333333333333333,0.0,0.0,upper-middle,0.7866666666666666,-0.22387596899224804,-0.21054263565891473,-0.22387596899224804,0.7154119038234135,1.0,1.0,0.0,1.0,0.0,15.978604651162792,0.9826940129866415,0.776791669964161,1.119734033017715
2026-09-01,The Last Blossom,AMC Alderwood Mall 16,special_event,0,0,2.0,2.0,1.0,11,122,0.4666666666666667,0.4666666666666667,0.0,0.0,lower-middle,0.4666666666666667,0.0,,0.0,1.0,1.0,,,,,18.9,1.162361623616236,1.162361623616236,1.324456902592852
2026-09-01,Katy Perry: The Lifetimes Tour - Live From Paris,AMC Alderwood Mall 16,special_event,0,0,1.0,1.0,1.0,9,120,0.0,0.0,0.0,0.0,low,,,,0.0,,1.0,,,,,24.15,1.4852398523985237,1.174039863879436,1.4852398523985237
2026-09-01,Harry Potter And The Philosopher's Stone: 25th Anniversary,AMC Alderwood Mall 16,rerelease,0,0,3.0,1.0,,,,,,,,unknown,,,,,,,,,,,,,,
2026-09-01,Harry Potter & Deathly Hallows: Part 2 (HPD26),AMC Alderwood Mall 16,special_event,0,0,2.0,2.0,2.0,2,113,0.9,0.9333333333333333,1.0,1.0,top,,,,0.0,1.0,1.0,,,,,12.34,0.7589175891758917,0.5999027710257656,0.7589175891758917
2026-09-01,Harry Potter And The Goblet Of Fire,AMC Alderwood Mall 16,special_event,0,0,1.0,1.0,1.0,2,113,0.9333333333333333,0.9333333333333333,1.0,1.0,top,0.9333333333333333,0.0,,0.0,1.0,1.0,,,,,8.14,0.5006150061500615,0.5006150061500615,0.5006150061500615
2026-09-01,Harry Potter And The Half Blood Prince,AMC Alderwood Mall 16,special_event,0,0,1.0,1.0,1.0,2,113,0.9333333333333333,0.9333333333333333,1.0,1.0,top,0.9333333333333333,0.0,,0.0,1.0,1.0,,,,,8.14,0.5006150061500615,0.5006150061500615,0.5006150061500615
2026-09-01,The Magic Faraway Tree,AMC Alderwood Mall 16,ordinary,0,0,13.0,4.0,5.0,4,115,0.6285714285714287,0.8,0.2857142857142857,,upper-middle,0.9166666666666667,-0.28809523809523807,-0.15542857142857136,-0.28809523809523807,0.6857142857142857,2.0,1.0,0.0,0.0,0.0,13.93857142857143,0.8572307151642945,0.8572307151642945,0.976774451897087
2026-09-01,The Dog Stars,AMC Alderwood Mall 16,ordinary,1,0,43.0,5.0,8.0,5,129,0.26126126126126126,0.6666666666666666,0.0,0.0,lower-middle,0.2666666666666667,-0.005405405405405461,0.007927927927927958,-0.005405405405405461,0.9797297297297295,2.0,0.0,0.0,1.0,0.0,17.424864864864865,1.071639905588245,0.8471008684912429,1.2210837326464516
2026-09-01,Mutiny,AMC Alderwood Mall 16,ordinary,1,0,31.0,3.0,6.0,13,124,0.638888888888889,1.0,0.20833333333333334,0.2727272727272727,upper-middle,1.0,-0.36111111111111105,-0.0477777777777777,-0.36111111111111105,0.638888888888889,2.0,0.0,0.0,0.0,0.0,15.4475,0.950030750307503,0.950030750307503,0.950030750307503
2026-09-01,Harry Potter and the Sorcerer’s Stone: 25th Anniversary,AMC Alderwood Mall 16,rerelease,0,0,3.0,3.0,3.0,7,118,0.7777777777777778,1.0,0.6666666666666666,0.6666666666666666,top,0.7777777777777778,0.0,,0.0,1.0,1.0,,,,,16.26,1.0,1.0,1.0
2026-09-01,Harry Potter & Deathly Hallows: Part 1 (HPD26),AMC Alderwood Mall 16,special_event,0,0,1.0,1.0,1.0,7,118,1.0,1.0,1.0,,top,,,,0.0,1.0,1.0,,,,,8.14,0.5006150061500615,0.5006150061500615,0.570427470217239
2026-09-01,Harry Potter And The Prisoner Of Azkaban (HPD26),AMC Alderwood Mall 16,ordinary,0,0,1.0,1.0,1.0,11,122,0.4666666666666667,0.4666666666666667,0.0,,lower-middle,0.4666666666666667,0.0,,0.0,1.0,1.0,,,,,8.14,0.5006150061500615,0.5006150061500615,0.570427470217239
2026-09-01,Harry Potter And The Order Of The Phoenix (HPD26),AMC Alderwood Mall 16,special_event,0,0,1.0,1.0,1.0,14,125,0.4,0.4,0.0,,lower-middle,0.4,0.0,,0.0,1.0,1.0,,,,,8.14,0.5006150061500615,0.5006150061500615,0.570427470217239
2026-09-01,Idiots,AMC Alderwood Mall 16,ordinary,0,0,6.0,3.0,3.0,4,115,0.8444444444444444,0.9333333333333333,1.0,,top,0.6222222222222222,0.2222222222222222,0.2222222222222222,0.0,1.0,1.0,0.0,1.0,0.0,0.0,16.26,1.0,1.0,1.0
2026-09-01,Tony,AMC Alderwood Mall 16,ordinary,1,0,20.0,3.0,8.0,15,131,0.6791666666666667,0.9333333333333333,0.5625,0.5714285714285714,upper-middle,0.6666666666666666,0.012500000000000067,-0.07797619047619042,-0.035119047619047605,0.9508333333333333,3.0,0.0,0.0,0.0,0.0,14.838125000000002,0.9125538130381304,0.9125538130381304,1.0398125437981782
2026-09-01,Spa Weekend,AMC Alderwood Mall 16,ordinary,1,0,20.0,3.0,8.0,2,113,0.5629629629629629,1.0,0.3333333333333333,0.45454545454545453,upper-middle,0.4666666666666666,0.09629629629629627,0.09096296296296286,0.0,1.0,1.0,0.0,0.0,0.0,0.0,16.26,1.0,1.0,1.0
2026-09-01,Finding Emily,AMC Alderwood Mall 16,ordinary,1,0,32.0,4.0,4.0,7,118,0.7916666666666666,1.0,0.6666666666666666,0.6666666666666666,top,0.8,-0.008333333333333415,-0.07500000000000007,-0.008333333333333415,0.9895833333333333,2.0,0.0,0.0,0.0,0.0,15.4475,0.950030750307503,0.950030750307503,1.0825157673440784
2026-09-01,AMC Screen Unseen: August 31,AMC Alderwood Mall 16,special_event,0,0,1.0,1.0,1.0,4,115,0.8,0.8,1.0,1.0,top,0.8,0.0,,0.0,1.0,1.0,,,,,8.14,0.5006150061500615,0.5006150061500615,0.5006150061500615
2026-09-01,By Any Means,AMC Alderwood Mall 16,ordinary,2,0,5.0,5.0,3.0,10,121,0.44000000000000006,0.5333333333333333,0.0,0.0,lower-middle,,,,0.0,1.0,1.0,,,,,16.87,1.0375153751537516,0.8201263976665046,1.182200420462509
2026-09-01,Colony,AMC Alderwood Mall 16,ordinary,1,0,19.0,2.0,8.0,5,129,0.5666666666666667,1.0,0.2222222222222222,0.0,upper-middle,0.6333333333333333,-0.06666666666666665,0.033333333333333326,-0.06666666666666665,0.8947368421052632,2.0,0.0,0.0,0.0,0.0,15.537777777777778,0.9555828891622249,0.9555828891622249,0.9555828891622249
2026-09-01,Sara Bareilles: Good Grief,AMC Alderwood Mall 16,special_event,0,0,3.0,3.0,3.0,4,115,0.7777777777777778,0.8666666666666667,0.6666666666666666,0.6666666666666666,top,,,,0.0,1.0,1.0,,,,,18.9,1.162361623616236,1.162361623616236,1.162361623616236
2026-09-01,Onslaught,AMC Alderwood Mall 16,ordinary,2,0,4.0,4.0,2.0,6,117,0.7166666666666666,0.7333333333333333,0.0,0.0,upper-middle,,,,0.0,1.0,1.0,,,,,16.26,1.0,1.0,1.0
2026-09-01,Akira,AMC Alderwood Mall 16,ordinary,2,0,4.0,4.0,2.0,9,120,0.23333333333333334,0.9333333333333333,0.25,0.0,low,,,,0.0,1.0,1.0,,,,,20.1725,1.2406211562115619,0.9806757413709285,1.2406211562115619
2026-09-01,Teenage Sex and Death at Camp Miasma,AMC Alderwood Mall 16,ordinary,0,0,6.0,3.0,4.0,2,113,0.6777777777777777,0.9333333333333333,0.3333333333333333,0.5,upper-middle,0.4444444444444445,0.23333333333333323,0.032163742690058506,0.0,1.0,2.0,0.0,0.0,0.0,0.0,16.26,1.0,1.0,1.0
2026-09-01,Cars: 20th Anniversary,AMC Alderwood Mall 16,rerelease,2,0,3.0,3.0,1.0,15,131,0.8666666666666667,0.8666666666666667,1.0,1.0,top,,,,0.0,1.0,1.0,,,,,16.926666666666666,1.0410004100041,0.8228812186031437,1.0410004100041
2026-09-01,The Uprising: Early Access Live Q&A with Paul Greengrass and Andrew Garfield,AMC Alderwood Mall 16,special_event,0,0,1.0,1.0,1.0,7,118,1.0,1.0,1.0,1.0,top,,,,0.0,1.0,1.0,,,,,16.26,1.0,1.0,1.0
2026-09-01,Buddy,AMC Alderwood Mall 16,ordinary,3,0,24.0,2.0,8.0,14,125,0.5192982456140351,1.0,0.21052631578947367,0.0,upper-middle,0.7333333333333334,-0.21403508771929824,-0.11403508771929816,-0.21403508771929824,0.7081339712918661,2.0,0.0,0.0,0.0,0.0,15.404736842105264,0.9474007897973716,0.9474007897973716,1.0795190499022609
2026-09-01,It Ends,AMC Alderwood Mall 16,ordinary,0,0,14.0,2.0,7.0,4,115,0.6222222222222222,1.0,0.4444444444444444,,upper-middle,0.26666666666666666,0.35555555555555557,0.35555555555555557,0.0,1.0,1.0,0.0,1.0,0.0,0.0,14.815555555555555,0.9111657783244498,0.9111657783244498,1.0382309429261076
2026-09-01,Fall 2: Deadpoint,AMC Alderwood Mall 16,ordinary,2,0,4.0,4.0,4.0,11,122,0.5833333333333334,0.8666666666666667,0.25,0.0,upper-middle,,,,0.0,1.0,1.0,,,,,16.26,1.0,1.0,1.0
2026-09-01,Steel Magnolias,AMC Alderwood Mall 16,ordinary,0,0,6.0,6.0,4.0,2,113,0.65,0.9333333333333333,0.5,,upper-middle,0.65,0.0,,0.0,1.0,1.0,,,,,8.14,0.5006150061500615,0.5006150061500615,0.570427470217239
2026-09-01,The Best Little Whorehouse In Texas,AMC Alderwood Mall 16,ordinary,0,0,6.0,6.0,2.0,4,115,0.7,0.8,0.5,,upper-middle,0.7,0.0,,0.0,1.0,1.0,,,,,8.14,0.5006150061500615,0.5006150061500615,0.570427470217239
2026-09-01,The Salt Path,AMC Alderwood Mall 16,ordinary,1,0,1.0,1.0,1.0,3,128,0.6666666666666666,0.6666666666666666,0.0,0.0,upper-middle,,,,0.0,1.0,1.0,,,,,16.26,1.0,1.0,1.0
2026-09-01,cocoon - One Summer of Girlhood,AMC Alderwood Mall 16,ordinary,1,0,1.0,1.0,1.0,3,128,0.6666666666666666,0.6666666666666666,0.0,0.0,upper-middle,,,,0.0,1.0,1.0,,,,,16.26,1.0,1.0,1.0
2026-09-01,The Sun Never Sets,AMC Alderwood Mall 16,ordinary,1,0,1.0,1.0,1.0,13,124,0.6,0.6,0.0,,upper-middle,,,,0.0,1.0,1.0,,,,,16.26,1.0,1.0,1.1394533987386126
2026-09-08,The Odyssey,AMC Alderwood Mall 16,ordinary,3,0,28.0,16.0,7.0,9,120,0.3391304347826087,1.0,0.13043478260869565,0.3333333333333333,lower-middle,,,0.08761528326745716,-0.1951832907075874,0.6347028320702034,2.0,0.0,0.0,1.0,0.0,20.07695652173913,1.2347451735386918,0.9333778020334323,1.4069345845647605
2026-09-08,Spider-Man: Brand New Day,AMC Alderwood Mall 16,ordinary,3,0,44.0,38.0,4.0,16,127,0.1824561403508772,0.6666666666666666,0.0,0.0,low,0.4980392156862745,-0.3155830753353973,0.04011379800853487,-0.3155830753353973,0.36634894322420225,2.0,0.0,0.0,1.0,0.0,21.52605263157895,1.3238654754968602,1.000746286916734,1.3238654754968602
2026-09-08,The Hunger Games: Catching Fire (2026),AMC Alderwood Mall 16,special_event,0,0,1.0,1.0,1.0,2,113,0.8666666666666667,0.8666666666666667,1.0,1.0,top,0.8666666666666667,0.0,,0.0,1.0,1.0,,,,,18.9,1.162361623616236,1.162361623616236,1.162361623616236
2026-09-08,The Hunger Games: Mockingjay - Part 1 (2026),AMC Alderwood Mall 16,special_event,0,0,1.0,1.0,1.0,2,113,0.8666666666666667,0.8666666666666667,1.0,1.0,top,0.8666666666666667,0.0,,0.0,1.0,1.0,,,,,18.9,1.162361623616236,1.162361623616236,1.162361623616236
2026-09-08,The Hunger Games: Mockingjay - Part 2 (2026),AMC Alderwood Mall 16,special_event,0,0,1.0,1.0,1.0,2,113,0.8666666666666667,0.8666666666666667,1.0,1.0,top,0.8666666666666667,0.0,,0.0,1.0,1.0,,,,,18.9,1.162361623616236,1.162361623616236,1.162361623616236
2026-09-08,The Hunger Games: The Ballad of Songbirds & Snakes (2026),AMC Alderwood Mall 16,special_event,0,0,1.0,1.0,1.0,2,113,0.8666666666666667,0.8666666666666667,1.0,1.0,top,0.8666666666666667,0.0,,0.0,1.0,1.0,,,,,18.9,1.162361623616236,1.162361623616236,1.162361623616236
2026-09-08,Runner,AMC Alderwood Mall 16,ordinary,3,0,3.0,3.0,1.0,6,117,0.8000000000000002,0.8,1.0,1.0,top,,,,0.0,1.0,1.0,,,,,15.176666666666668,0.9333743337433374,0.9333743337433374,1.0635365568792339
2026-09-08,MST3K: The RiffTrax Experiments - Sting of Death,AMC Alderwood Mall 16,special_event,1,0,2.0,2.0,2.0,4,115,0.5,0.7333333333333333,0.0,0.0,upper-middle,,,,0.0,1.0,1.0,,,,,18.9,1.162361623616236,1.162361623616236,1.162361623616236
2026-09-08,PAW Patrol: The Dino Movie,AMC Alderwood Mall 16,ordinary,2,0,18.0,4.0,5.0,13,124,0.7025641025641025,1.0,0.38461538461538464,0.8,upper-middle,0.8,-0.09743589743589753,0.257109557109557,-0.09743589743589753,0.8782051282051281,1.0,0.0,1.0,0.0,0.0,15.510000000000002,0.9538745387453874,0.9538745387453874,1.0868955851436581
2026-09-08,The End of Oak Street,AMC Alderwood Mall 16,ordinary,0,0,11.0,4.0,3.0,13,124,0.5515151515151515,1.0,0.09090909090909091,0.16666666666666666,upper-middle,0.5,0.051515151515151514,-0.08305274971941634,-0.10280583613916949,0.8428816466552316,3.0,0.0,0.0,0.0,0.0,16.26,1.0,1.0,1.0
2026-09-08,The Passion of the Christ (2026 Event),AMC Alderwood Mall 16,special_event,1,0,1.0,1.0,1.0,2,113,0.8666666666666667,0.8666666666666667,1.0,1.0,top,,,,0.0,1.0,1.0,,,,,18.9,1.162361623616236,1.162361623616236,1.162361623616236
2026-09-08,Insidious: Out of the Further,AMC Alderwood Mall 16,ordinary,2,0,25.0,9.0,6.0,12,130,0.525,0.8666666666666667,0.25,0.0,upper-middle,0.34814814814814815,0.17685185185185187,0.30404761904761907,0.0,1.0,1.0,0.0,1.0,0.0,0.0,15.4475,0.950030750307503,0.950030750307503,1.0825157673440784
2026-09-08,Coyote vs. Acme,AMC Alderwood Mall 16,ambiguous_special,3,0,32.0,6.0,2.0,1,112,0.22133333333333333,0.7333333333333333,0.0,0.0,low,0.7866666666666666,-0.5653333333333332,-0.374015503875969,-0.5653333333333332,0.28135593220338984,1.0,1.0,0.0,0.0,1.0,17.496,1.0760147601476013,1.0760147601476013,1.0760147601476013
2026-09-08,The Dog Stars,AMC Alderwood Mall 16,ordinary,0,0,26.0,5.0,2.0,5,129,0.2777777777777778,0.5333333333333333,0.0,0.0,lower-middle,0.2666666666666667,0.011111111111111072,0.030930930930930967,0.0,1.0,3.0,0.0,0.0,0.0,1.0,15.4475,0.950030750307503,0.950030750307503,1.0825157673440784
2026-09-08,Mutiny,AMC Alderwood Mall 16,ordinary,0,0,5.0,3.0,3.0,4,115,0.7111111111111111,1.0,0.3333333333333333,,upper-middle,1.0,-0.28888888888888886,0.13055555555555554,-0.28888888888888886,0.7111111111111111,3.0,0.0,0.0,0.0,0.0,15.176666666666668,0.9333743337433374,0.9333743337433374,1.0635365568792339
2026-09-08,Practical Magic 2,AMC Alderwood Mall 16,ordinary,3,0,4.0,4.0,2.0,8,119,0.13333333333333333,0.3333333333333333,0.0,0.0,low,,,,0.0,1.0,1.0,,,,,20.1725,1.2406211562115619,0.9378196187819617,1.2406211562115619
2026-09-08,Tony,AMC Alderwood Mall 16,ordinary,0,0,6.0,3.0,1.0,7,118,1.0,1.0,1.0,1.0,top,0.6666666666666666,0.33333333333333337,0.30000000000000004,0.0,1.0,1.0,0.0,1.0,0.0,0.0,16.26,1.0,1.0,1.0
2026-09-08,Spa Weekend,AMC Alderwood Mall 16,ordinary,0,0,5.0,3.0,2.0,11,122,0.52,0.5333333333333333,0.0,0.0,upper-middle,0.4666666666666666,0.0533333333333334,-0.0318518518518518,-0.02444444444444449,0.9551020408163264,2.0,0.0,0.0,0.0,0.0,16.26,1.0,1.0,1.0
2026-09-08,Finding Emily,AMC Alderwood Mall 16,ordinary,0,0,5.0,4.0,4.0,7,118,0.7866666666666667,1.0,0.6,1.0,top,0.8,-0.013333333333333308,-0.03555555555555556,-0.013333333333333308,0.9833333333333334,3.0,0.0,0.0,0.0,0.0,14.309999999999999,0.8800738007380072,0.8800738007380072,1.0028030833917307
2026-09-08,The Nutty Professor: 30th Anniversary,AMC Alderwood Mall 16,rerelease,0,0,2.0,2.0,2.0,4,115,0.6666666666666666,0.7333333333333333,0.0,0.0,upper-middle,0.6666666666666666,0.0,,0.0,1.0,1.0,,,,,8.14,0.5006150061500615,0.5006150061500615,0.570427470217239
2026-09-08,Oasis: Don’t Look Back In Anger IMAX Early Access,AMC Alderwood Mall 16,special_event,0,0,1.0,1.0,1.0,9,120,0.0,0.0,0.0,0.0,low,,,,0.0,,1.0,,,,,22.56,1.3874538745387452,1.0488145048814503,1.3874538745387452
2026-09-08,By Any Means,AMC Alderwood Mall 16,ordinary,1,0,36.0,5.0,7.0,11,122,0.4980392156862745,1.0,0.029411764705882353,0.07142857142857142,lower-middle,0.44000000000000006,0.05803921568627446,0.018039215686274535,0.0,1.0,2.0,0.0,0.0,1.0,0.0,16.421764705882353,1.0099486288980537,0.7634479175212623,1.0099486288980537
2026-09-08,Colony,AMC Alderwood Mall 16,ordinary,0,0,6.0,2.0,2.0,3,128,0.6999999999999998,0.7333333333333333,0.0,0.0,upper-middle,0.6333333333333333,0.06666666666666654,0.12592592592592577,0.0,1.0,3.0,0.0,0.0,0.0,0.0,16.26,1.0,1.0,1.0
2026-09-08,Oasis: Don't Look Back in Anger,AMC Alderwood Mall 16,ordinary,2,0,3.0,3.0,3.0,9,120,0.37777777777777777,0.6,0.0,0.0,lower-middle,,,,0.0,1.0,1.0,,,,,17.276666666666667,1.0625256252562525,0.8031923136525647,1.0625256252562525
2026-09-08,HOPE Premium Early Access,AMC Alderwood Mall 16,special_event,0,0,1.0,1.0,1.0,8,119,0.06666666666666667,0.06666666666666667,0.0,0.0,low,0.06666666666666667,0.0,,0.0,1.0,1.0,,,,,22.56,1.3874538745387452,1.0488145048814503,1.3874538745387452
2026-09-08,Space Seed + Star Trek II: The Wrath of Khan - Director's Cut 60th Anniversary Event,AMC Alderwood Mall 16,rerelease,0,0,2.0,2.0,2.0,14,125,0.5,0.6,0.0,,upper-middle,0.5,0.0,,0.0,1.0,1.0,,,,,16.26,1.0,1.0,1.1394533987386126
2026-09-08,The City on The Edge of Forever + Star Trek IV: The Voyage Home 60th Anniversary Event,AMC Alderwood Mall 16,rerelease,0,0,2.0,2.0,2.0,4,115,0.6333333333333333,0.7333333333333333,0.0,0.0,upper-middle,0.6333333333333333,0.0,,0.0,1.0,1.0,,,,,16.26,1.0,1.0,1.0
2026-09-08,The Changeling + Star Trek: The Motion Picture - Director's Edition - 60th Anniversary Event,AMC Alderwood Mall 16,rerelease,0,0,1.0,1.0,1.0,10,121,0.6,0.6,0.0,,upper-middle,0.6,0.0,,0.0,1.0,1.0,,,,,16.26,1.0,1.0,1.1394533987386126
2026-09-08,Amok Time + Star Trek III: The Search for Spock 60th Anniversary Event,AMC Alderwood Mall 16,rerelease,0,0,1.0,1.0,1.0,10,121,0.6,0.6,0.0,,upper-middle,0.6,0.0,,0.0,1.0,1.0,,,,,16.26,1.0,1.0,1.1394533987386126
2026-09-08,Onslaught,AMC Alderwood Mall 16,ordinary,1,0,32.0,4.0,4.0,6,117,0.78,0.8666666666666667,0.9,1.0,top,0.7666666666666667,0.013333333333333308,0.013333333333333308,0.0,1.0,2.0,0.0,0.0,0.0,0.0,15.285,0.9400369003690036,0.9400369003690036,0.9400369003690036
2026-09-08,Akira,AMC Alderwood Mall 16,ordinary,1,0,32.0,4.0,7.0,9,120,0.49230769230769234,1.0,0.38461538461538464,0.2857142857142857,lower-middle,0.26666666666666666,0.22564102564102567,0.27564102564102566,0.0,1.0,2.0,0.0,1.0,1.0,0.0,18.175384615384615,1.1177973318194718,0.8449737152666023,1.27367796884265
2026-09-08,The Uprising,AMC Alderwood Mall 16,ordinary,2,0,4.0,4.0,2.0,15,131,0.9166666666666667,0.9333333333333333,1.0,1.0,top,,,,0.0,1.0,1.0,,,,,15.447500000000002,0.9500307503075031,0.9500307503075031,0.9500307503075031
2026-09-08,Hope,AMC Alderwood Mall 16,ordinary,3,0,6.0,6.0,2.0,6,117,0.8800000000000001,1.0,1.0,1.0,top,,,,0.0,1.0,1.0,,,,,15.610000000000003,0.9600246002460026,0.9600246002460026,0.9600246002460026
2026-09-08,Cars: 20th Anniversary,AMC Alderwood Mall 16,rerelease,1,0,16.0,3.0,2.0,15,131,0.8923076923076922,0.9333333333333333,0.9230769230769231,,top,0.9333333333333332,-0.04102564102564099,-0.04102564102564099,-0.04102564102564099,0.9560439560439561,2.0,0.0,0.0,1.0,0.0,16.933076923076925,1.0413946447156779,0.7872188248757287,1.1866206673494692
2026-09-08,AMC Screen Unseen: September 7,AMC Alderwood Mall 16,special_event,0,0,1.0,1.0,1.0,14,125,0.4,0.4,0.0,0.0,lower-middle,0.4,0.0,,0.0,1.0,1.0,,,,,8.14,0.5006150061500615,0.5006150061500615,0.5006150061500615
2026-09-08,Buddy,AMC Alderwood Mall 16,ordinary,3,0,30.0,2.0,4.0,14,125,0.39166666666666666,0.5333333333333333,0.0,0.0,lower-middle,0.7333333333333334,-0.34166666666666673,-0.12763157894736848,-0.34166666666666673,0.5340909090909091,1.0,0.0,0.0,0.0,0.0,15.4475,0.950030750307503,0.950030750307503,0.950030750307503
2026-09-08,Fall 2: Deadpoint,AMC Alderwood Mall 16,ordinary,1,0,12.0,4.0,1.0,15,131,0.9333333333333332,0.9333333333333333,1.0,1.0,top,0.6,0.33333333333333326,0.34999999999999987,0.0,1.0,1.0,0.0,1.0,0.0,0.0,16.26,1.0,1.0,1.0
2026-09-08,The Salt Path,AMC Alderwood Mall 16,ordinary,0,0,6.0,1.0,3.0,3,128,0.7733333333333333,1.0,0.4,0.0,top,0.6666666666666666,0.10666666666666669,0.10666666666666669,0.0,1.0,1.0,0.0,0.0,0.0,0.0,16.26,1.0,1.0,1.0
2026-09-08,cocoon - One Summer of Girlhood,AMC Alderwood Mall 16,ordinary,0,0,6.0,1.0,4.0,2,113,0.6933333333333334,0.8666666666666667,0.4,0.5,upper-middle,0.6666666666666666,0.026666666666666727,0.026666666666666727,0.0,1.0,2.0,0.0,0.0,0.0,0.0,16.26,1.0,1.0,1.0
2026-09-08,The Sun Never Sets,AMC Alderwood Mall 16,ordinary,0,0,15.0,1.0,5.0,4,115,0.6484848484848484,0.7333333333333333,0.0,,upper-middle,0.6,0.048484848484848464,0.18181818181818177,0.0,1.0,2.0,0.0,1.0,0.0,0.0,13.600909090909092,0.8364642737336464,0.8364642737336464,0.9531120596292286
2026-09-08,Sahaa,AMC Alderwood Mall 16,ordinary,0,0,6.0,6.0,2.0,11,122,0.4666666666666666,0.5333333333333333,0.0,,lower-middle,0.4666666666666666,0.0,,0.0,1.0,1.0,,,,,16.26,1.0,1.0,1.0
2026-09-08,The Fix,AMC Alderwood Mall 16,ordinary,1,0,1.0,1.0,1.0,13,124,0.4666666666666667,0.4666666666666667,0.0,,lower-middle,,,,0.0,1.0,1.0,,,,,16.26,1.0,1.0,1.1394533987386126
2026-09-15,The Odyssey,AMC Alderwood Mall 16,ordinary,3,0,24.0,16.0,6.0,9,120,0.22727272727272727,0.6666666666666666,0.0,0.0,low,,,-0.119949494949495,-0.3070409982174688,0.42535446205170974,1.0,0.0,0.0,1.0,0.0,19.978181818181817,1.2286704685228669,0.9064510806797558,1.4000127412881442
2026-09-15,Spider-Man: Brand New Day,AMC Alderwood Mall 16,ordinary,3,0,25.0,38.0,3.0,16,127,0.11515151515151514,0.7333333333333333,0.0,0.0,low,0.4980392156862745,-0.3828877005347594,-0.052328159645232825,-0.3828877005347594,0.231209735146743,3.0,0.0,0.0,1.0,0.0,19.529545454545456,1.201079056245108,0.8860955287906287,1.3685736127922534
2026-09-15,Runner,AMC Alderwood Mall 16,ordinary,,1,24.0,4.0,1.0,6,117,0.8000000000000002,0.8,1.0,1.0,top,0.8166666666666667,-0.016666666666666496,0.050000000000000155,-0.016666666666666496,0.9795918367346941,2.0,0.0,0.0,0.0,0.0,15.04125,0.9250461254612545,0.9250461254612545,1.0540469516468116
2026-09-15,MST3K: The RiffTrax Experiments - Sting of Death,AMC Alderwood Mall 16,special_event,0,0,1.0,2.0,1.0,4,115,0.7333333333333333,0.7333333333333333,0.0,,upper-middle,0.5,0.23333333333333328,0.23333333333333328,0.0,1.0,2.0,0.0,1.0,0.0,0.0,18.9,1.162361623616236,1.162361623616236,1.324456902592852
2026-09-15,PAW Patrol: The Dino Movie,AMC Alderwood Mall 16,ordinary,1,0,9.0,4.0,4.0,7,118,0.6533333333333333,0.9333333333333333,0.4,0.0,upper-middle,0.8,-0.14666666666666672,-0.03384615384615386,-0.14666666666666672,0.8166666666666667,2.0,0.0,0.0,0.0,0.0,15.610000000000003,0.9600246002460026,0.9600246002460026,1.0939032936229856
2026-09-15,The Passion of the Christ (2026 Event),AMC Alderwood Mall 16,special_event,0,0,6.0,1.0,3.0,4,115,0.6799999999999999,0.8666666666666667,0.2,1.0,upper-middle,0.8,-0.1200000000000001,-0.18666666666666676,-0.1200000000000001,0.8499999999999999,1.0,1.0,0.0,0.0,0.0,18.9,1.162361623616236,1.162361623616236,1.324456902592852
2026-09-15,Insidious: Out of the Further,AMC Alderwood Mall 16,ordinary,1,0,11.0,9.0,7.0,13,124,0.5272727272727272,1.0,0.09090909090909091,0.0,upper-middle,0.34814814814814815,0.17912457912457908,0.01260606060606051,0.0,1.0,1.0,0.0,0.0,0.0,0.0,15.66909090909091,0.9636587274963658,0.9636587274963658,0.9636587274963658
2026-09-15,Coyote vs. Acme,AMC Alderwood Mall 16,ambiguous_special,3,0,28.0,6.0,2.0,1,112,0.23030303030303034,0.8666666666666667,0.045454545454545456,0.0,low,0.7866666666666666,-0.5563636363636363,0.011912225705329182,-0.5563636363636363,0.2927580893682589,2.0,0.0,0.0,0.0,0.0,17.821363636363635,1.0960248238846024,1.0960248238846024,1.0960248238846024
2026-09-15,The Transformers: The Movie 40th Anniversary,AMC Alderwood Mall 16,special_event,,1,5.0,5.0,2.0,14,125,0.5066666666666666,0.6666666666666666,0.0,0.0,upper-middle,,,,0.0,1.0,1.0,,,,,18.9,1.162361623616236,1.162361623616236,1.162361623616236
2026-09-15,Juan Gabriel: Mi Primer Bellas Artes,AMC Alderwood Mall 16,special_event,0,0,2.0,2.0,2.0,12,130,0.3,0.3333333333333333,0.0,0.0,lower-middle,,,,0.0,1.0,1.0,,,,,18.9,1.162361623616236,1.162361623616236,1.162361623616236
2026-09-15,Practical Magic 2,AMC Alderwood Mall 16,ordinary,3,0,55.0,9.0,9.0,5,129,0.2870748299319728,0.8666666666666667,0.04081632653061224,0.09523809523809523,lower-middle,0.3407407407407408,-0.05366591080876798,-0.024036281179138308,-0.05366591080876798,0.8425022182786157,2.0,0.0,0.0,1.0,0.0,17.255918367346936,1.0612495920877574,0.7829364050520389,1.2092444546143615
2026-09-15,By Any Means,AMC Alderwood Mall 16,ordinary,0,0,24.0,5.0,8.0,4,115,0.7233333333333334,1.0,0.25,0.2857142857142857,upper-middle,0.44000000000000006,0.2833333333333333,0.21745098039215693,0.0,1.0,2.0,0.0,1.0,0.0,1.0,15.610000000000003,0.9600246002460026,0.9600246002460026,1.0939032936229856
2026-09-15,Oasis: Don't Look Back in Anger,AMC Alderwood Mall 16,ordinary,1,0,25.0,4.0,8.0,9,120,0.41111111111111115,0.9333333333333333,0.16666666666666666,0.09090909090909091,lower-middle,0.48333333333333334,-0.07222222222222219,-0.10555555555555546,-0.07222222222222219,0.8505747126436782,2.0,0.0,0.0,1.0,0.0,17.99888888888889,1.1069427360940274,0.8166465013107481,1.1069427360940274
2026-09-15,Onslaught,AMC Alderwood Mall 16,ordinary,0,0,7.0,4.0,5.0,10,121,0.6095238095238095,1.0,0.14285714285714285,1.0,upper-middle,0.7666666666666667,-0.15714285714285725,-0.15089285714285727,-0.16339285714285723,0.7886022333461685,1.0,1.0,0.0,0.0,0.0,16.26,1.0,1.0,1.0
2026-09-15,Akira,AMC Alderwood Mall 16,ordinary,0,0,10.0,4.0,4.0,11,122,0.62,0.8666666666666667,0.3,0.5,upper-middle,0.26666666666666666,0.35333333333333333,0.14098765432098764,0.0,1.0,1.0,0.0,0.0,0.0,1.0,15.610000000000003,0.9600246002460026,0.9600246002460026,0.9600246002460026
2026-09-15,The Uprising,AMC Alderwood Mall 16,ordinary,1,0,26.0,4.0,5.0,10,121,0.5233333333333333,1.0,0.15,0.16666666666666666,upper-middle,0.95,-0.42666666666666664,-0.44333333333333336,-0.42666666666666664,0.5508771929824562,1.0,1.0,0.0,0.0,0.0,17.5,1.076260762607626,0.794010889292196,1.076260762607626
2026-09-15,Daniel and the Fiery Furnace,AMC Alderwood Mall 16,ordinary,,1,2.0,2.0,2.0,4,115,0.7666666666666666,0.8,0.5,1.0,top,,,,0.0,1.0,1.0,,,,,14.635000000000002,0.9000615006150061,0.9000615006150061,1.0255781359495446
2026-09-15,Hope,AMC Alderwood Mall 16,ordinary,,1,24.0,8.0,4.0,7,118,0.837037037037037,0.9333333333333333,0.7777777777777778,1.0,top,0.9,-0.062962962962963,-0.029629629629629672,-0.062962962962963,0.9300411522633745,2.0,0.0,0.0,0.0,0.0,15.357222222222223,0.9444786114527811,0.9444786114527811,0.9444786114527811
2026-09-15,Cars: 20th Anniversary,AMC Alderwood Mall 16,rerelease,0,0,15.0,3.0,6.0,2,113,0.62,0.9333333333333333,0.4,,upper-middle,0.9333333333333332,-0.31333333333333324,-0.2733333333333333,-0.31333333333333324,0.6642857142857144,1.0,1.0,0.0,1.0,0.0,16.285,1.0015375153751536,0.7388838475499093,1.1412053258584443
2026-09-15,Shaun the Sheep: The Beast of Mossy Bottom,AMC Alderwood Mall 16,ordinary,3,0,2.0,2.0,1.0,10,121,0.6,0.6,0.0,0.0,upper-middle,,,,0.0,1.0,1.0,,,,,16.26,1.0,1.0,1.1394533987386126
2026-09-15,Buddy,AMC Alderwood Mall 16,ordinary,,1,25.0,2.0,10.0,3,128,0.6666666666666667,1.0,0.30434782608695654,0.3,upper-middle,0.7333333333333334,-0.06666666666666665,0.2500000000000001,-0.06666666666666665,0.9090909090909092,1.0,0.0,1.0,0.0,0.0,15.412173913043478,0.9478581742339162,0.9478581742339162,0.9478581742339162
2026-09-15,Resident Evil,AMC Alderwood Mall 16,ordinary,3,0,12.0,12.0,4.0,8,119,0.15555555555555556,0.5333333333333333,0.0,0.0,low,,,,0.0,1.0,1.0,,,,,21.1475,1.3005842558425584,0.9595054446460981,1.3005842558425584
2026-09-15,Ghost in the Shell 30th Anniversary,AMC Alderwood Mall 16,rerelease,,1,1.0,1.0,1.0,7,118,0.9333333333333333,0.9333333333333333,1.0,1.0,top,,,,0.0,1.0,1.0,,,,,16.26,1.0,1.0,1.0
2026-09-15,The Weight,AMC Alderwood Mall 16,ordinary,,1,1.0,1.0,1.0,15,131,1.0,1.0,1.0,1.0,top,,,,0.0,1.0,1.0,,,,,16.26,1.0,1.0,1.0
2026-09-15,Fall 2: Deadpoint,AMC Alderwood Mall 16,ordinary,0,0,8.0,4.0,3.0,11,122,0.6933333333333334,1.0,0.4,0.0,upper-middle,0.6,0.09333333333333338,-0.2733333333333333,-0.2638095238095238,0.7243781094527363,1.0,1.0,0.0,0.0,0.0,14.309999999999999,0.8800738007380072,0.8800738007380072,1.0028030833917307
2026-09-15,AMC Screen Unseen: September 13,AMC Alderwood Mall 16,special_event,0,0,1.0,1.0,1.0,14,125,0.4,0.4,0.0,,lower-middle,0.4,0.0,,0.0,1.0,1.0,,,,,8.14,0.5006150061500615,0.5006150061500615,0.570427470217239
2026-09-15,AMC Screen Unseen: September 14,AMC Alderwood Mall 16,special_event,0,0,1.0,1.0,1.0,14,125,0.4,0.4,0.0,0.0,lower-middle,0.4,0.0,,0.0,1.0,1.0,,,,,8.14,0.5006150061500615,0.5006150061500615,0.5006150061500615
2026-09-15,The Weight Early Access,AMC Alderwood Mall 16,special_event,0,0,1.0,1.0,1.0,8,119,0.13333333333333333,0.13333333333333333,0.0,0.0,low,,,,0.0,1.0,1.0,,,,,22.56,1.3874538745387452,1.0235934664246824,1.3874538745387452
2026-09-15,The Fix,AMC Alderwood Mall 16,ordinary,0,0,13.0,1.0,6.0,4,115,0.6,0.8666666666666667,0.08333333333333333,0.16666666666666666,upper-middle,0.4666666666666667,0.1333333333333333,0.1333333333333333,0.0,1.0,1.0,0.0,0.0,0.0,0.0,15.4475,0.950030750307503,0.950030750307503,0.950030750307503
2026-09-15,Haiwaan,AMC Alderwood Mall 16,ordinary,0,0,6.0,6.0,4.0,14,125,0.5866666666666667,0.8666666666666667,0.2,0.2,upper-middle,0.5866666666666667,0.0,,0.0,1.0,1.0,,,,,16.26,1.0,1.0,1.0
2026-09-15,Sardar 2,AMC Alderwood Mall 16,ordinary,0,0,6.0,1.0,3.0,15,131,0.8888888888888888,1.0,0.6666666666666666,,top,0.7333333333333333,0.15555555555555556,0.15555555555555556,0.0,1.0,1.0,0.0,1.0,0.0,0.0,13.551666666666668,0.8334358343583436,0.8334358343583436,0.949661294090166
2026-09-15,Hanuman Ansh,AMC Alderwood Mall 16,ordinary,1,0,13.0,13.0,7.0,13,124,0.6222222222222222,1.0,0.3333333333333333,0.2222222222222222,upper-middle,0.6222222222222222,0.0,,0.0,1.0,1.0,,,,,15.989166666666668,0.9833435834358343,0.9833435834358343,0.9833435834358343
2026-09-15,Don't Move,AMC Alderwood Mall 16,ordinary,0,0,6.0,1.0,4.0,12,130,0.6666666666666666,1.0,0.5,,upper-middle,0.4666666666666667,0.19999999999999996,0.19999999999999996,0.0,1.0,1.0,0.0,1.0,0.0,0.0,16.26,1.0,1.0,1.0
2026-09-22,The Odyssey,AMC Alderwood Mall 16,ordinary,,1,24.0,16.0,8.0,3,128,0.653968253968254,0.8666666666666667,0.23809523809523808,0.4,upper-middle,,,0.29663492063492064,0.0,1.0,1.0,0.0,1.0,0.0,1.0,16.31,1.0030750307503074,1.0030750307503074,1.0030750307503074
2026-09-22,Spider-Man: Brand New Day,AMC Alderwood Mall 16,ordinary,,1,24.0,38.0,2.0,16,127,0.012698412698412698,0.06666666666666667,0.0,0.0,low,0.4980392156862745,-0.4853408029878618,-0.025763125763125765,-0.4853408029878618,0.0254968128983877,4.0,0.0,0.0,1.0,0.0,19.41,1.1937269372693726,0.8806715063520871,1.3601962158374212
2026-09-22,Runner,AMC Alderwood Mall 16,ordinary,,1,20.0,4.0,7.0,11,122,0.5529411764705883,0.9333333333333333,0.17647058823529413,0.1111111111111111,upper-middle,0.8166666666666667,-0.2637254901960784,-0.22483660130718952,-0.2637254901960784,0.6770708283313326,1.0,1.0,0.0,0.0,0.0,15.112941176470589,0.9294551769047101,0.9294551769047101,0.9294551769047101
2026-09-22,Heaven in Stone and Glass,AMC Alderwood Mall 16,special_event,0,0,3.0,3.0,2.0,4,115,0.7555555555555555,0.8,0.3333333333333333,0.5,top,0.7555555555555555,0.0,,0.0,1.0,1.0,,,,,18.9,1.162361623616236,1.162361623616236,1.162361623616236
2026-09-22,Twenty Years of the Met in Cinemas: An Anniversary Celebration,AMC Alderwood Mall 16,rerelease,0,0,1.0,1.0,1.0,2,113,0.9333333333333333,0.9333333333333333,1.0,,top,0.9333333333333333,0.0,,0.0,1.0,1.0,,,,,28.35,1.743542435424354,1.743542435424354,1.9866853538892784
2026-09-22,PAW Patrol: The Dino Movie,AMC Alderwood Mall 16,ordinary,0,0,6.0,4.0,3.0,7,118,0.64,0.9333333333333333,0.6,,upper-middle,0.8,-0.16000000000000003,0.06666666666666665,-0.16000000000000003,0.7999999999999999,3.0,0.0,0.0,0.0,0.0,13.01,0.8001230012300122,0.8001230012300122,0.9117028731604765
2026-09-22,Insidious: Out of the Further,AMC Alderwood Mall 16,ordinary,0,0,6.0,9.0,3.0,2,113,0.9111111111111111,1.0,1.0,1.0,top,0.34814814814814815,0.5629629629629629,0.4222222222222222,0.0,1.0,1.0,0.0,1.0,0.0,0.0,16.26,1.0,1.0,1.0
2026-09-22,Coyote vs. Acme,AMC Alderwood Mall 16,ambiguous_special,,1,27.0,6.0,8.0,1,112,0.4444444444444444,1.0,0.25,0.375,lower-middle,0.7866666666666666,-0.3422222222222222,0.3431111111111111,-0.3422222222222222,0.5649717514124294,1.0,0.0,1.0,0.0,0.0,16.235000000000003,0.9984624846248463,0.9984624846248463,1.137701471618781
2026-09-22,The Transformers: The Movie 40th Anniversary,AMC Alderwood Mall 16,special_event,,1,25.0,7.0,8.0,14,125,0.5833333333333334,0.9333333333333333,0.20833333333333334,0.25,upper-middle,0.6888888888888888,-0.1055555555555554,-0.07222222222222219,-0.1055555555555554,0.8467741935483873,2.0,0.0,0.0,0.0,0.0,18.9,1.162361623616236,1.162361623616236,1.162361623616236
2026-09-22,Practical Magic 2,AMC Alderwood Mall 16,ordinary,,1,24.0,9.0,8.0,13,124,0.5301587301587302,1.0,0.23809523809523808,0.2,upper-middle,0.3407407407407408,0.18941798941798937,0.20634920634920634,0.0,1.0,1.0,0.0,1.0,0.0,1.0,15.795714285714288,0.9714461430328589,0.9714461430328589,0.9714461430328589
2026-09-22,Oasis: Don't Look Back in Anger,AMC Alderwood Mall 16,ordinary,0,0,6.0,4.0,3.0,2,113,0.7999999999999999,0.9333333333333333,0.6666666666666666,0.0,top,0.48333333333333334,0.3166666666666666,0.3157894736842105,0.0,1.0,1.0,0.0,1.0,0.0,1.0,15.176666666666668,0.9333743337433374,0.9333743337433374,1.0635365568792339
2026-09-22,Crunchyroll Anime Nights Sneak Peek - September '26,AMC Alderwood Mall 16,special_event,0,0,1.0,1.0,1.0,2,113,0.9333333333333333,0.9333333333333333,1.0,1.0,top,0.9333333333333333,0.0,,0.0,1.0,1.0,,,,,16.26,1.0,1.0,1.0
2026-09-22,The Uprising,AMC Alderwood Mall 16,ordinary,0,0,9.0,4.0,5.0,13,124,0.5666666666666667,1.0,0.375,0.75,upper-middle,0.95,-0.3833333333333333,0.08181818181818185,-0.3833333333333333,0.5964912280701754,2.0,0.0,0.0,0.0,1.0,16.26,1.0,1.0,1.0
2026-09-22,Daniel and the Fiery Furnace,AMC Alderwood Mall 16,ordinary,,1,12.0,2.0,5.0,7,118,0.7878787878787878,0.9333333333333333,0.6363636363636364,,top,0.7666666666666666,0.021212121212121238,0.021212121212121238,0.0,1.0,2.0,0.0,0.0,0.0,0.0,13.305454545454547,0.8182936374818294,0.8182936374818294,0.9324074663948526
2026-09-22,Hope,AMC Alderwood Mall 16,ordinary,,1,24.0,8.0,8.0,1,112,0.34285714285714286,1.0,0.19047619047619047,0.0,lower-middle,0.9,-0.5571428571428572,-0.47619047619047616,-0.5571428571428572,0.38095238095238093,1.0,1.0,0.0,0.0,0.0,16.68619047619048,1.0262109763954783,1.0262109763954783,1.169319584876698
2026-09-22,Avengers Endgame: Encore,AMC Alderwood Mall 16,ambiguous_special,,1,6.0,6.0,4.0,1,112,0.07777777777777778,0.2,0.0,0.0,low,,,,0.0,1.0,1.0,,,,,19.376666666666665,1.1916769167691674,0.8791591046581971,1.3578603130109788
2026-09-22,Shaun the Sheep: The Beast of Mossy Bottom,AMC Alderwood Mall 16,ordinary,,1,15.0,2.0,4.0,10,121,0.5333333333333333,1.0,0.16666666666666666,0.0,upper-middle,0.5333333333333333,0.0,0.06666666666666665,0.0,1.0,2.0,0.0,0.0,0.0,0.0,14.635,0.900061500615006,0.900061500615006,1.0255781359495446
2026-09-22,Batman (1989),AMC Alderwood Mall 16,ordinary,0,0,2.0,2.0,1.0,11,122,0.6,0.6,0.0,0.0,upper-middle,0.6,0.0,,0.0,1.0,1.0,,,,,8.14,0.5006150061500615,0.5006150061500615,0.5006150061500615
2026-09-22,Batman: Mask of the Phantasm (2026BD),AMC Alderwood Mall 16,ordinary,0,0,1.0,1.0,1.0,11,122,0.6,0.6,0.0,,upper-middle,0.6,0.0,,0.0,1.0,1.0,,,,,8.14,0.5006150061500615,0.5006150061500615,0.570427470217239
2026-09-22,The Lego Batman Movie,AMC Alderwood Mall 16,ordinary,0,0,2.0,2.0,1.0,15,131,1.0,1.0,1.0,,top,1.0,0.0,,0.0,1.0,1.0,,,,,12.34,0.7589175891758917,0.5598911070780399,0.8647512263489839
2026-09-22,NCT 127 5TH TOUR `NEO CITY : SEOUL - THE REDLINE' in CINEMAS,AMC Alderwood Mall 16,special_event,0,0,1.0,1.0,1.0,5,129,0.3333333333333333,0.3333333333333333,0.0,,lower-middle,0.3333333333333333,0.0,,0.0,1.0,1.0,,,,,21.0,1.2915129151291511,1.2915129151291511,1.4716187806587246
2026-09-22,Buddy,AMC Alderwood Mall 16,ordinary,,1,12.0,2.0,6.0,12,130,0.4611111111111111,0.8666666666666667,0.08333333333333333,0.0,lower-middle,0.7333333333333334,-0.2722222222222223,-0.23333333333333345,-0.2722222222222223,0.6287878787878787,1.0,1.0,0.0,0.0,0.0,16.26,1.0,1.0,1.0
2026-09-22,Heart of the Beast,AMC Alderwood Mall 16,ordinary,,1,3.0,3.0,3.0,8,119,0.6666666666666666,1.0,0.6666666666666666,1.0,upper-middle,,,,0.0,1.0,1.0,,,,,18.36,1.129151291512915,0.8330308529945554,1.286615276804485
2026-09-22,Resident Evil,AMC Alderwood Mall 16,ordinary,,1,91.0,12.0,11.0,9,120,0.2682170542635659,1.0,0.03488372093023256,0.05263157894736842,lower-middle,0.19444444444444445,0.07377260981912145,0.023772609819121465,0.0,1.0,1.0,0.0,0.0,1.0,0.0,20.60418604651163,1.2671701135616007,0.9348541763390031,1.2671701135616007
2026-09-22,Ghost in the Shell 30th Anniversary,AMC Alderwood Mall 16,rerelease,,1,6.0,1.0,4.0,6,117,0.7444444444444445,0.9333333333333333,0.6666666666666666,,upper-middle,0.9333333333333333,-0.18888888888888888,-0.12222222222222223,-0.18888888888888888,0.7976190476190477,1.0,0.0,0.0,0.0,0.0,16.26,1.0,1.0,1.1394533987386126
2026-09-22,The Weight,AMC Alderwood Mall 16,ordinary,,1,24.0,1.0,8.0,15,131,0.8260869565217391,1.0,0.6956521739130435,1.0,top,1.0,-0.17391304347826086,-0.17391304347826086,-0.17391304347826086,0.8260869565217391,2.0,1.0,0.0,0.0,0.0,15.270869565217392,0.9391678699395689,0.9391678699395689,0.9391678699395689
2026-09-22,Primetime,AMC Alderwood Mall 16,ordinary,,1,3.0,3.0,1.0,10,121,0.4666666666666666,0.4666666666666667,0.0,0.0,lower-middle,,,,0.0,1.0,1.0,,,,,16.26,1.0,1.0,1.1394533987386126
2026-09-22,Forgotten Island - Friendship Opening Night Event,AMC Alderwood Mall 16,special_event,0,0,1.0,1.0,1.0,8,119,0.2,0.2,0.0,0.0,low,,,,0.0,1.0,1.0,,,,,22.56,1.3874538745387452,1.0235934664246824,1.3874538745387452
2026-09-22,Forgotten Island,AMC Alderwood Mall 16,ordinary,,1,6.0,6.0,4.0,14,125,0.3444444444444444,0.5333333333333333,0.0,0.0,lower-middle,,,,0.0,1.0,1.0,,,,,17.61,1.0830258302583025,0.7990018148820327,1.2340574632095305
2026-09-22,Dora and the Lost City of Gold,AMC Alderwood Mall 16,ordinary,0,0,7.0,7.0,3.0,4,115,0.7428571428571428,0.9333333333333333,0.14285714285714285,,upper-middle,0.7428571428571428,0.0,,0.0,1.0,1.0,,,,,8.14,0.5006150061500615,0.5006150061500615,0.570427470217239
2026-09-22,AMC Screen Unseen: September 21,AMC Alderwood Mall 16,special_event,0,0,1.0,1.0,1.0,12,130,0.26666666666666666,0.26666666666666666,0.0,0.0,lower-middle,0.26666666666666666,0.0,,0.0,1.0,1.0,,,,,8.14,0.5006150061500615,0.5006150061500615,0.5006150061500615
2026-09-22,The Musical,AMC Alderwood Mall 16,ordinary,0,0,12.0,1.0,5.0,4,115,0.6962962962962963,0.8666666666666667,0.2222222222222222,0.16666666666666666,upper-middle,0.4666666666666667,0.22962962962962963,0.09629629629629632,0.0,1.0,1.0,0.0,0.0,0.0,0.0,15.176666666666668,0.9333743337433374,0.9333743337433374,0.9333743337433374
2026-09-22,Charlie Harper,AMC Alderwood Mall 16,ordinary,,1,2.0,2.0,1.0,11,122,0.6,0.6,0.0,0.0,upper-middle,,,,0.0,1.0,1.0,,,,,16.26,1.0,1.0,1.1394533987386126
2026-09-22,Hanuman Ansh,AMC Alderwood Mall 16,ordinary,0,0,12.0,15.0,6.0,3,128,0.5111111111111111,0.8,0.08333333333333333,0.1111111111111111,upper-middle,0.6285714285714287,-0.1174603174603176,-0.13174603174603183,-0.1174603174603176,0.8131313131313129,2.0,0.0,0.0,0.0,0.0,16.26,1.0,1.0,1.0
2026-09-22,Forgotten Island - Early Access Screening with Cast Member Q&A,AMC Alderwood Mall 16,special_event,0,0,1.0,1.0,1.0,16,127,0.0,0.0,0.0,,low,0.0,0.0,,0.0,,1.0,,,,,15.11,0.9292742927429273,0.9292742927429273,1.058864751226349
2026-09-22,Tiny Fugitives,AMC Alderwood Mall 16,ordinary,0,0,6.0,2.0,5.0,10,121,0.5666666666666667,0.9333333333333333,0.16666666666666666,1.0,upper-middle,0.5666666666666667,0.0,0.0,0.0,1.0,2.0,0.0,0.0,0.0,0.0,16.26,1.0,1.0,1.0
2026-09-22,Daayra,AMC Alderwood Mall 16,ordinary,0,0,6.0,6.0,5.0,2,113,0.8444444444444444,1.0,0.6666666666666666,0.5,top,0.8444444444444444,0.0,,0.0,1.0,1.0,,,,,16.26,1.0,1.0,1.0
2026-09-22,If I Go Will They Miss Me,AMC Alderwood Mall 16,ordinary,0,0,12.0,1.0,6.0,2,113,0.6799999999999999,0.9333333333333333,0.4,0.0,upper-middle,0.5333333333333333,0.1466666666666666,0.21333333333333326,0.0,1.0,2.0,0.0,1.0,0.0,0.0,15.285000000000002,0.9400369003690037,0.9400369003690037,1.071128241065172
2026-09-22,The Paradise (Telugu),AMC Alderwood Mall 16,ambiguous_limited,,1,1.0,1.0,1.0,15,131,1.0,1.0,1.0,1.0,top,,,,0.0,1.0,1.0,,,,,21.0,1.2915129151291511,1.2915129151291511,1.2915129151291511
2026-06-29,Toy Story 5,AMC Factoria 8,ordinary_title_only,0,0,27.0,,,,,,,,,unknown,,,,,,,,,,,,,,
2026-06-29,Toy Story 5,AMC Factoria 8,ordinary,3,0,12.0,,,,,,,,,unknown,,,,,,,,,,,,,,
2026-06-29,Supergirl,AMC Factoria 8,ordinary,2,0,8.0,,,,,,,,,unknown,,,,,,,,,,,,,,
2026-06-29,Minions & Monsters,AMC Factoria 8,ordinary,3,0,22.0,,,,,,,,,unknown,,,,,,,,,,,,,,
2026-06-29,Supergirl,AMC Factoria 8,ordinary_title_only,0,0,20.0,,,,,,,,,unknown,,,,,,,,,,,,,,
2026-06-29,Jackass: Best and Last,AMC Factoria 8,ordinary_title_only,0,0,10.0,,,,,,,,,unknown,,,,,,,,,,,,,,
2026-06-29,Jackass: Best and Last,AMC Factoria 8,ordinary,1,0,10.0,,,,,,,,,unknown,,,,,,,,,,,,,,
2026-06-29,AMC,AMC Factoria 8,special_event_title_only,0,0,1.0,,,,,,,,,unknown,,,,,,,,,,,,,,
2026-06-29,Obsession,AMC Factoria 8,ordinary_title_only,0,0,10.0,,,,,,,,,unknown,,,,,,,,,,,,,,
2026-06-29,Disclosure Day,AMC Factoria 8,ordinary_title_only,0,0,10.0,,,,,,,,,unknown,,,,,,,,,,,,,,
2026-06-29,Backrooms,AMC Factoria 8,ordinary_title_only,0,0,2.0,,,,,,,,,unknown,,,,,,,,,,,,,,
2026-06-29,Disclosure Day,AMC Factoria 8,ordinary,3,0,5.0,,,,,,,,,unknown,,,,,,,,,,,,,,
2026-07-06,Toy Story 5,AMC Factoria 8,ordinary,3,0,61.0,,,,,,,,,unknown,,,,,,,,,,,,,,
2026-07-06,Supergirl,AMC Factoria 8,ordinary,1,0,34.0,,,,,,,,,unknown,,,,,,,,,,,,,,
2026-07-06,Minions & Monsters,AMC Factoria 8,ordinary,3,0,77.0,,,,,,,,,unknown,,,,,,,,,,,,,,
2026-07-06,Jackass: Best and Last,AMC Factoria 8,ordinary,0,0,30.0,,,,,,,,,unknown,,,,,,,,,,,,,,
2026-07-06,Moana,AMC Factoria 8,ordinary,3,0,4.0,,,,,,,,,unknown,,,,,,,,,,,,,,
2026-07-06,Evil Dead Burn,AMC Factoria 8,ordinary,2,0,3.0,,,,,,,,,unknown,,,,,,,,,,,,,,
2026-07-06,Disclosure Day,AMC Factoria 8,ordinary,2,0,24.0,,,,,,,,,unknown,,,,,,,,,,,,,,
2026-07-06,The Invite,AMC Factoria 8,ordinary,2,0,3.0,,,,,,,,,unknown,,,,,,,,,,,,,,
2026-07-06,Young Washington,AMC Factoria 8,ordinary,1,0,7.0,,,,,,,,,unknown,,,,,,,,,,,,,,
2026-07-06,Obsession,AMC Factoria 8,ordinary,1,0,24.0,9.0,,,,,,,,unknown,,,,,,,,,,,,,,
2026-07-06,Backrooms: Everything Must Go Edition w/ Bonus Footage,AMC Factoria 8,ordinary,0,0,6.0,6.0,,,,,,,,unknown,,,,,,,,,,,,,,
2026-07-13,Toy Story 5,AMC Factoria 8,ordinary,3,0,30.0,,,,,,,,,unknown,,,,,,,,,,,,,,
2026-07-13,Supergirl,AMC Factoria 8,ordinary,0,0,18.0,,,,,,,,,unknown,,,,,,,,,,,,,,
2026-07-13,Minions & Monsters,AMC Factoria 8,ordinary,3,0,40.0,,,,,,,,,unknown,,,,,,,,,,,,,,
2026-07-13,Moana,AMC Factoria 8,ordinary,2,0,63.0,,,,,,,,,unknown,,,,,,,,,,,,,,
2026-07-13,The Odyssey,AMC Factoria 8,ordinary,3,0,3.0,3.0,,,,,,,,unknown,,,,,,,,,,,,,,
2026-07-13,Evil Dead Burn,AMC Factoria 8,ordinary,1,0,35.0,,,,,,,,,unknown,,,,,,,,,,,,,,
2026-07-13,Disclosure Day,AMC Factoria 8,ordinary,1,0,24.0,,,,,,,,,unknown,,,,,,,,,,,,,,
2026-07-13,The Invite,AMC Factoria 8,ordinary,1,0,37.0,,,,,,,,,unknown,,,,,,,,,,,,,,
2026-07-13,Young Washington,AMC Factoria 8,ordinary,0,0,12.0,,,,,,,,,unknown,,,,,,,,,,,,,,
2026-07-13,Obsession,AMC Factoria 8,ordinary,0,0,6.0,9.0,,,,,,,,unknown,,,,,,,,,,,,,,
2026-07-20,Toy Story 5,AMC Factoria 8,ordinary,2,0,35.0,,4.0,3,71,,,0.0,0.0,unknown,,,,,,,,,,,15.152499999999998,1.0515267175572518,1.0515267175572518,0.95
2026-07-20,Minions & Monsters,AMC Factoria 8,ordinary,3,0,36.0,,1.0,7,75,,,0.0,0.0,unknown,,,,,,,,,,,17.727500000000003,1.2302220680083278,0.8401658767772513,1.1114420062695927
2026-07-20,Moana,AMC Factoria 8,ordinary,1,0,33.0,,2.0,2,70,,,0.0,0.0,unknown,,,,,,,,,,,15.241111111111111,1.0576759966072944,1.0576759966072944,1.1944444444444444
2026-07-20,The Odyssey,AMC Factoria 8,ordinary,3,0,71.0,9.0,5.0,1,69,,,0.0,0.0,unknown,,,,,,,,,,,15.166491228070175,1.0524976563546269,1.0524976563546269,0.9508771929824561
2026-07-20,Evil Dead Burn,AMC Factoria 8,ordinary,0,0,35.0,,3.0,6,74,,,0.0,0.0,unknown,,,,,,,,,,,13.69,0.9500346981263011,0.9500346981263011,1.072884012539185
2026-07-20,Disclosure Day,AMC Factoria 8,ordinary,0,0,7.0,,,,,,,,,unknown,,,,,,,,,,,,,,
2026-07-20,The Invite,AMC Factoria 8,ordinary,0,0,33.0,,3.0,4,72,,,0.0,0.0,unknown,,,,,,,,,,,13.533478260869565,0.9391726759798449,0.9391726759798449,1.0606174185634456
2026-07-20,Hadestown: The Musical,AMC Factoria 8,ordinary,2,0,2.0,2.0,1.0,3,71,,,0.0,0.0,unknown,,,,,,,,,,,12.969999999999999,0.9000693962526023,0.9000693962526023,1.0164576802507836
2026-07-20,AMC Screen Unseen: July 20,AMC Factoria 8,special_event,0,0,1.0,1.0,1.0,3,71,,,0.0,0.0,unknown,,,,,,,,,,,7.21,0.5003469812630118,0.5003469812630118,0.45203761755485894
2026-07-20,Jana Nayagan,AMC Factoria 8,ordinary,0,0,3.0,3.0,3.0,4,72,,,0.0,0.0,unknown,,,,,,,,,,,15.949999999999998,1.1068702290076333,1.1068702290076333,0.9999999999999999
2026-07-27,Toy Story 5,AMC Factoria 8,ordinary,1,0,30.0,,5.0,2,70,0.45138888888888884,1.0,0.08333333333333333,0.0,lower-middle,,,-0.029003267973856217,0.0,1.0,1.0,0.0,0.0,0.0,0.0,15.152499999999998,1.0515267175572518,1.0515267175572518,0.95
2026-07-27,Minions & Monsters,AMC Factoria 8,ordinary,2,0,36.0,,2.0,7,75,0.6666666666666666,0.8333333333333334,0.75,1.0,upper-middle,,,-0.16666666666666674,-0.33333333333333337,0.6666666666666666,1.0,1.0,0.0,1.0,0.0,17.727500000000003,1.2302220680083278,0.8401658767772513,1.1114420062695927
2026-07-27,Moana,AMC Factoria 8,ordinary,0,0,30.0,,3.0,6,74,0.611111111111111,0.8333333333333334,0.2916666666666667,0.0,upper-middle,,,0.3209876543209876,0.0,1.0,1.0,0.0,1.0,0.0,0.0,14.354999999999999,0.9961832061068702,0.9961832061068702,1.125
2026-07-27,The Odyssey,AMC Factoria 8,ordinary,3,0,73.0,9.0,6.0,1,69,0.4475308641975309,1.0,0.2727272727272727,0.3333333333333333,lower-middle,,,-0.020417853751187043,0.0,1.0,1.0,0.0,0.0,0.0,0.0,15.196,1.0545454545454545,1.0545454545454545,0.9527272727272728
2026-07-27,Spider-Man: Brand New Day,AMC Factoria 8,ordinary,3,0,14.0,14.0,4.0,2,70,0.4487179487179487,1.0,0.23076923076923078,0.3333333333333333,lower-middle,,,,0.0,1.0,1.0,,,,,16.553076923076922,1.1487215075001334,0.7845060153117024,1.0378104653966722
2026-07-27,Hadestown: The Musical,AMC Factoria 8,ordinary,1,0,18.0,3.0,1.0,3,71,,,0.0,0.0,unknown,,,,,,,0.0,0.0,0.0,0.0,12.969999999999999,0.9000693962526023,0.9000693962526023,0.8131661442006269
2026-07-27,AMC Screen Unseen: July 27,AMC Factoria 8,special_event,0,0,1.0,1.0,1.0,5,73,1.0,1.0,1.0,1.0,top,,,,0.0,1.0,1.0,,,,,7.21,0.5003469812630118,0.5003469812630118,0.45203761755485894
2026-07-27,Her Private Hell,AMC Factoria 8,ordinary,0,0,18.0,1.0,3.0,4,72,0.23076923076923078,1.0,0.05555555555555555,0.14285714285714285,low,,,-0.2692307692307692,0.0,1.0,1.0,1.0,0.0,0.0,0.0,14.41,1.0,1.0,0.903448275862069
2026-08-03,Toy Story 5,AMC Factoria 8,ordinary,0,0,12.0,,1.0,4,72,0.0,0.0,0.0,,low,,,-0.48214285714285715,-0.5178571428571429,0.0,1.0,1.0,0.0,0.0,0.0,12.76,0.8854961832061069,0.8854961832061069,1.0
2026-08-03,Minions & Monsters,AMC Factoria 8,ordinary,1,0,36.0,,3.0,7,75,0.23809523809523805,0.5714285714285714,0.0,0.0,low,,,0.015873015873015844,-0.761904761904762,0.23809523809523805,2.0,0.0,0.0,1.0,0.0,17.08375,1.1855482303955585,0.8096563981042653,1.3388518808777428
2026-08-03,The Odyssey,AMC Factoria 8,ordinary,3,0,48.0,9.0,5.0,6,74,0.47619047619047616,0.8571428571428571,0.1388888888888889,0.0,lower-middle,,,-0.08292282430213471,-0.05336617405582922,0.8992248062015504,1.0,0.0,0.0,0.0,0.0,15.063888888888888,1.0453774385072094,1.0453774385072094,0.9444444444444444
2026-08-03,Spider-Man: Brand New Day,AMC Factoria 8,ordinary,3,0,137.0,18.0,7.0,1,69,0.5794392523364486,1.0,0.3364485981308411,0.32558139534883723,upper-middle,0.5546218487394958,0.024817403596952725,0.01641404225241494,0.0,1.0,2.0,0.0,0.0,1.0,0.0,16.256728971962616,1.1281560702264133,0.7704610887186073,1.0192306565493803
2026-08-03,Super Troopers 3,AMC Factoria 8,ordinary,2,0,2.0,2.0,1.0,6,74,0.5714285714285714,0.5714285714285714,0.0,0.0,upper-middle,,,,0.0,1.0,1.0,,,,,12.969999999999999,0.9000693962526023,0.9000693962526023,1.0164576802507836
2026-08-03,Hadestown: The Musical,AMC Factoria 8,ordinary,0,0,6.0,3.0,1.0,4,72,0.0,0.0,0.0,,low,,,-0.7912087912087912,-0.7912087912087912,0.0,1.0,1.0,0.0,0.0,0.0,13.93,0.9666897987508675,0.9666897987508675,1.091692789968652
2026-08-03,Super Troopers 3: Special Broken Lizard Fan Event,AMC Factoria 8,special_event,0,0,1.0,1.0,1.0,6,74,0.5714285714285714,0.5714285714285714,0.0,0.0,upper-middle,,,,0.0,1.0,1.0,,,,,14.41,1.0,1.0,0.903448275862069
2026-08-03,AMC Scream Unseen: August 3,AMC Factoria 8,special_event,0,0,1.0,1.0,1.0,3,71,0.8571428571428571,0.8571428571428571,1.0,1.0,top,,,,0.0,1.0,1.0,,,,,7.21,0.5003469812630118,0.5003469812630118,0.45203761755485894
2026-08-03,One Night Only,AMC Factoria 8,ambiguous_special,2,0,4.0,4.0,1.0,4,72,0.0,0.0,0.0,0.0,low,,,,0.0,,1.0,,,,,13.69,0.9500346981263011,0.9500346981263011,0.858307210031348
2026-08-10,Minions & Monsters,AMC Factoria 8,ordinary,0,0,12.0,,,,,,,,,unknown,,,,,,,,,0.0,1.0,,,,
2026-08-10,The Odyssey,AMC Factoria 8,ordinary,3,0,42.0,9.0,3.0,7,75,0.36190476190476184,0.5714285714285714,0.0,0.0,lower-middle,,,-0.23673469387755108,-0.18231292517006814,0.6649999999999998,1.0,1.0,0.0,0.0,0.0,15.312,1.0625954198473282,1.0625954198473282,0.96
2026-08-10,Spider-Man: Brand New Day,AMC Factoria 8,ordinary,3,0,119.0,18.0,5.0,5,73,0.5425531914893617,0.8571428571428571,0.2553191489361702,0.17142857142857143,upper-middle,0.5546218487394958,-0.012068657250134174,0.01384825156946845,-0.012068657250134174,0.9782398452611217,3.0,0.0,0.0,1.0,0.0,16.25212765957447,1.1278367563896232,0.770243017041444,1.2736777162675916
2026-08-10,Super Troopers 3,AMC Factoria 8,ordinary,1,0,35.0,3.0,2.0,4,72,0.5,1.0,0.5,1.0,upper-middle,0.8571428571428571,-0.3571428571428571,-0.5,-0.3571428571428571,0.5833333333333334,1.0,1.0,0.0,0.0,0.0,13.69,0.9500346981263011,0.9500346981263011,1.072884012539185
2026-08-10,PAW Patrol: The Dino Movie,AMC Factoria 8,ordinary,3,0,3.0,3.0,1.0,3,71,0.5714285714285714,0.5714285714285714,0.0,0.0,upper-middle,,,,0.0,1.0,1.0,,,,,13.450000000000001,0.9333795975017349,0.9333795975017349,1.054075235109718
2026-08-10,The End of Oak Street,AMC Factoria 8,ordinary,3,0,4.0,4.0,3.0,7,75,0.3571428571428571,0.8571428571428571,0.25,0.5,lower-middle,,,,0.0,1.0,1.0,,,,,13.69,0.9500346981263011,0.9500346981263011,0.858307210031348
2026-08-10,AMC Screen Unseen: August 10,AMC Factoria 8,special_event,0,0,1.0,1.0,1.0,8,76,0.7142857142857143,0.7142857142857143,0.0,0.0,upper-middle,,,,0.0,1.0,1.0,,,,,7.21,0.5003469812630118,0.5003469812630118,0.45203761755485894
2026-08-10,One Night Only,AMC Factoria 8,ambiguous_special,1,0,36.0,4.0,3.0,6,74,0.5824175824175823,1.0,0.5384615384615384,0.5384615384615384,upper-middle,0.0,0.5824175824175823,0.5824175824175823,0.0,1.0,1.0,0.0,1.0,0.0,0.0,13.634615384615385,0.9461912133667859,0.9461912133667859,0.8548348203520618
2026-08-17,The Odyssey,AMC Factoria 8,ordinary,3,0,26.0,9.0,5.0,5,73,0.42857142857142855,0.8571428571428571,0.1,0.1,lower-middle,,,0.012987012987012991,-0.11564625850340143,0.7874999999999999,2.0,0.0,0.0,0.0,0.0,14.993,1.0404580152671756,1.0404580152671756,0.9400000000000001
2026-08-17,Spider-Man: Brand New Day,AMC Factoria 8,ordinary,3,0,80.0,18.0,5.0,1,69,0.44047619047619047,0.8571428571428571,0.21666666666666667,0.26666666666666666,lower-middle,0.5546218487394958,-0.11414565826330536,-0.08235149729995095,-0.11414565826330536,0.7941919191919191,1.0,0.0,0.0,1.0,0.0,16.848666666666666,1.169234328012954,0.7985150078988941,1.056342737722048
2026-08-17,Super Troopers 3,AMC Factoria 8,ordinary,0,0,50.0,3.0,4.0,4,72,0.44642857142857145,1.0,0.375,0.8,lower-middle,0.8571428571428571,-0.41071428571428564,-0.05357142857142855,-0.41071428571428564,0.5208333333333334,1.0,0.0,0.0,0.0,0.0,13.690000000000001,0.9500346981263013,0.9500346981263013,1.072884012539185
2026-08-17,PAW Patrol: The Dino Movie,AMC Factoria 8,ordinary,3,0,34.0,4.0,5.0,3,71,0.6137566137566138,1.0,0.037037037037037035,0.1,upper-middle,0.5714285714285714,0.04232804232804244,-0.10052910052910047,0.0,1.0,2.0,0.0,0.0,0.0,0.0,13.663333333333334,0.9481841313902383,0.9481841313902383,1.0707941483803554
2026-08-17,The End of Oak Street,AMC Factoria 8,ordinary,3,0,35.0,4.0,5.0,6,74,0.8520408163265306,1.0,0.6785714285714286,0.46153846153846156,top,0.3214285714285714,0.5306122448979592,0.5663265306122449,0.0,1.0,1.0,0.0,1.0,0.0,0.0,13.69,0.9500346981263011,0.9500346981263011,0.858307210031348
2026-08-17,One Night Only,AMC Factoria 8,ambiguous_special,0,0,30.0,4.0,4.0,4,72,0.26785714285714285,1.0,0.16666666666666666,0.6666666666666666,lower-middle,0.0,0.26785714285714285,-0.2933673469387755,-0.2933673469387755,0.4772727272727273,1.0,1.0,0.0,0.0,0.0,13.69,0.9500346981263011,0.9500346981263011,1.072884012539185
2026-08-17,Insidious: Out of the Further,AMC Factoria 8,ordinary,3,0,4.0,4.0,2.0,8,76,0.7142857142857142,0.8571428571428571,0.75,1.0,upper-middle,,,,0.0,1.0,1.0,,,,,13.69,0.9500346981263011,0.9500346981263011,0.858307210031348
2026-08-17,Mutiny,AMC Factoria 8,ordinary,2,0,3.0,3.0,2.0,4,72,0.3333333333333333,1.0,0.3333333333333333,0.3333333333333333,lower-middle,,,,0.0,1.0,1.0,,,,,14.410000000000002,1.0000000000000002,1.0000000000000002,0.9034482758620691
2026-08-17,AMC Scream Unseen: August 17,AMC Factoria 8,special_event,0,0,1.0,1.0,1.0,8,76,0.8571428571428571,0.8571428571428571,1.0,1.0,top,,,,0.0,1.0,1.0,,,,,7.21,0.5003469812630118,0.5003469812630118,0.45203761755485894
2026-08-17,Six: The Musical Live!,AMC Factoria 8,special_event,0,0,3.0,3.0,2.0,3,71,0.35714285714285715,0.7142857142857143,0.0,0.0,lower-middle,0.35714285714285715,0.0,,0.0,1.0,1.0,,,,,14.41,1.0,1.0,0.903448275862069
2026-08-17,The Brink of War,AMC Factoria 8,ordinary,0,0,1.0,1.0,1.0,7,75,0.2857142857142857,0.2857142857142857,0.0,,lower-middle,0.2857142857142857,0.0,,0.0,1.0,1.0,,,,,11.53,0.8001387925052047,0.8001387925052047,0.9036050156739811
2026-08-24,The Odyssey,AMC Factoria 8,ordinary,3,0,37.0,9.0,5.0,2,70,0.46543778801843316,1.0,0.12903225806451613,0.17647058823529413,lower-middle,,,-0.025245441795231416,-0.07877989905639682,0.8552419354838708,3.0,0.0,0.0,0.0,0.0,15.126774193548387,1.0497414429943364,1.0497414429943364,0.9483870967741936
2026-08-24,Spider-Man: Brand New Day,AMC Factoria 8,ordinary,3,0,67.0,18.0,8.0,1,69,0.41208791208791207,1.0,0.23076923076923078,0.11764705882352941,lower-middle,0.5546218487394958,-0.14253393665158376,0.017530088958660373,-0.14253393665158376,0.7430069930069929,2.0,0.0,0.0,1.0,0.0,16.11923076923077,1.1186142102172638,0.7639445862194678,1.2632625994694962
2026-08-24,PAW Patrol: The Dino Movie,AMC Factoria 8,ordinary,2,0,50.0,4.0,4.0,2,70,0.5612244897959183,1.0,0.19047619047619047,0.2608695652173913,upper-middle,0.5714285714285714,-0.010204081632653073,-0.07142857142857151,-0.056122448979591844,0.9090909090909091,3.0,0.0,0.0,0.0,0.0,13.655714285714286,0.9476553980370774,0.9476553980370774,0.8561576354679803
2026-08-24,The End of Oak Street,AMC Factoria 8,ordinary,2,0,41.0,4.0,6.0,6,74,0.7991071428571428,1.0,0.5625,0.4444444444444444,top,0.3214285714285714,0.4776785714285714,-0.05293367346938782,0.0,1.0,2.0,0.0,0.0,0.0,0.0,13.51,0.9375433726578765,0.9375433726578765,1.0587774294670846
2026-08-24,Insidious: Out of the Further,AMC Factoria 8,ordinary,2,0,39.0,4.0,3.0,5,73,0.7190476190476189,1.0,0.36666666666666664,0.07692307692307693,upper-middle,0.8214285714285714,-0.10238095238095246,0.004761904761904745,-0.10238095238095246,0.8753623188405796,1.0,0.0,0.0,0.0,0.0,13.546,0.9400416377515614,0.9400416377515614,0.8492789968652038
2026-08-24,The Dog Stars,AMC Factoria 8,ordinary,2,0,4.0,4.0,3.0,3,71,0.5357142857142857,0.7142857142857143,0.0,0.0,upper-middle,,,,0.0,1.0,1.0,,,,,13.69,0.9500346981263011,0.9500346981263011,1.072884012539185
2026-08-24,Mutiny,AMC Factoria 8,ordinary,1,0,35.0,3.0,3.0,4,72,0.4897959183673469,0.8571428571428571,0.4642857142857143,1.0,lower-middle,0.2857142857142857,0.20408163265306123,0.06122448979591838,0.0,1.0,2.0,0.0,0.0,0.0,0.0,13.69,0.9500346981263011,0.9500346981263011,1.072884012539185
2026-08-24,AMC Scream Unseen: August 24,AMC Factoria 8,special_event,0,0,1.0,1.0,1.0,3,71,0.7142857142857143,0.7142857142857143,0.0,0.0,upper-middle,,,,0.0,1.0,1.0,,,,,7.21,0.5003469812630118,0.5003469812630118,0.45203761755485894
2026-08-24,Spa Weekend,AMC Factoria 8,ordinary,1,0,32.0,5.0,3.0,7,75,0.2922077922077922,1.0,0.09090909090909091,0.0,lower-middle,0.3571428571428571,-0.0649350649350649,-0.13636363636363635,-0.0649350649350649,0.8181818181818182,2.0,0.0,0.0,0.0,0.0,13.493636363636364,0.9364077976152925,0.9364077976152925,0.8459960102593332
2026-08-31,The Odyssey,AMC Factoria 8,ordinary,3,0,24.0,9.0,4.0,4,72,0.40476190476190477,0.8571428571428571,0.16666666666666666,0.0,lower-middle,,,-0.12337662337662336,-0.1394557823129252,0.7437499999999999,1.0,0.0,0.0,0.0,0.0,14.886666666666665,1.0330788804071245,1.0330788804071245,0.9333333333333332
2026-08-31,Spider-Man: Brand New Day,AMC Factoria 8,ordinary,3,0,27.0,18.0,3.0,8,76,0.7959183673469388,1.0,0.42857142857142855,0.3333333333333333,top,0.5546218487394958,0.24129651860744294,0.3920722135007849,0.0,1.0,1.0,0.0,1.0,0.0,1.0,15.494285714285715,1.0752453653217011,1.0752453653217011,0.9714285714285715
2026-08-31,PAW Patrol: The Dino Movie,AMC Factoria 8,ordinary,1,0,18.0,4.0,1.0,2,70,0.5714285714285714,0.5714285714285714,0.0,0.0,upper-middle,0.5714285714285714,0.0,-0.08116883116883111,-0.04591836734693877,0.9256198347107438,4.0,0.0,0.0,0.0,0.0,12.969999999999999,0.9000693962526023,0.9000693962526023,1.0164576802507836
2026-08-31,The End of Oak Street,AMC Factoria 8,ordinary,1,0,21.0,4.0,3.0,4,72,0.30952380952380953,0.8571428571428571,0.16666666666666666,0.3333333333333333,lower-middle,0.3214285714285714,-0.011904761904761862,-0.4593837535014005,-0.45578231292517,0.4044444444444445,1.0,1.0,0.0,0.0,0.0,13.45,0.9333795975017348,0.9333795975017348,0.8432601880877743
2026-08-31,Insidious: Out of the Further,AMC Factoria 8,ordinary,1,0,28.0,4.0,4.0,6,74,0.7085714285714286,1.0,0.64,0.7,upper-middle,0.8214285714285714,-0.11285714285714277,0.08952380952380967,-0.11285714285714277,0.862608695652174,2.0,0.0,0.0,0.0,0.0,13.718800000000002,0.9520333102012493,0.9520333102012493,0.8601128526645769
2026-08-31,The Dog Stars,AMC Factoria 8,ordinary,1,0,31.0,4.0,1.0,5,73,0.42857142857142855,0.42857142857142855,0.0,0.0,lower-middle,0.6428571428571428,-0.21428571428571425,-0.14285714285714285,-0.21428571428571425,0.6666666666666667,1.0,0.0,0.0,0.0,0.0,13.69,0.9500346981263011,0.9500346981263011,1.072884012539185
2026-08-31,Mutiny,AMC Factoria 8,ordinary,0,0,14.0,3.0,5.0,4,72,0.5306122448979592,1.0,0.21428571428571427,0.0,upper-middle,0.2857142857142857,0.24489795918367352,0.11224489795918374,0.0,1.0,1.0,0.0,0.0,0.0,0.0,14.41,1.0,1.0,0.903448275862069
2026-08-31,AMC Screen Unseen: August 31,AMC Factoria 8,special_event,0,0,1.0,1.0,1.0,8,76,0.7142857142857143,0.7142857142857143,0.0,0.0,upper-middle,,,,0.0,1.0,1.0,,,,,7.21,0.5003469812630118,0.5003469812630118,0.45203761755485894
2026-08-31,By Any Means,AMC Factoria 8,ordinary,2,0,4.0,4.0,2.0,6,74,0.8214285714285714,1.0,0.75,0.5,top,,,,0.0,1.0,1.0,,,,,13.69,0.9500346981263011,0.9500346981263011,0.858307210031348
2026-08-31,Spa Weekend,AMC Factoria 8,ordinary,0,0,6.0,5.0,3.0,6,74,0.6904761904761904,1.0,0.5,0.75,upper-middle,0.3571428571428571,0.33333333333333326,0.40476190476190466,0.0,1.0,1.0,0.0,1.0,0.0,0.0,13.450000000000001,0.9333795975017349,0.9333795975017349,0.8432601880877744
2026-08-31,The Uprising: Early Access Live Q&A with Paul Greengrass and Andrew Garfield,AMC Factoria 8,special_event,0,0,1.0,1.0,1.0,2,70,0.5714285714285714,0.5714285714285714,0.0,0.0,upper-middle,,,,0.0,1.0,1.0,,,,,14.41,1.0,1.0,0.903448275862069
2026-08-31,Coyote vs. Acme,AMC Factoria 8,ambiguous_special,3,0,27.0,5.0,5.0,3,71,0.5510204081632653,0.8571428571428571,0.2857142857142857,0.0,upper-middle,0.7857142857142857,-0.23469387755102045,-0.16326530612244894,-0.23469387755102045,0.7012987012987012,1.0,1.0,0.0,0.0,0.0,13.998571428571429,0.971448398929315,0.971448398929315,1.0970667263770713
2026-09-08,The Odyssey,AMC Factoria 8,ordinary,2,0,21.0,9.0,4.0,1,69,0.4285714285714286,0.8571428571428571,0.2,0.5,lower-middle,,,0.02857142857142858,-0.11564625850340138,0.7875,2.0,0.0,0.0,0.0,0.0,14.674,1.0183206106870228,1.0183206106870228,1.15
2026-09-08,Spider-Man: Brand New Day,AMC Factoria 8,ordinary,3,0,21.0,18.0,3.0,1,69,0.24761904761904763,0.7142857142857143,0.0,0.0,low,0.5546218487394958,-0.3070028011204482,-0.5142857142857142,-0.5142857142857142,0.325,1.0,1.0,0.0,0.0,0.0,15.95,1.1068702290076335,1.1068702290076335,1.0
2026-09-08,PAW Patrol: The Dino Movie,AMC Factoria 8,ordinary,0,0,15.0,4.0,2.0,6,74,0.7142857142857143,1.0,0.6666666666666666,,upper-middle,0.5714285714285714,0.1428571428571429,0.1428571428571429,0.0,1.0,5.0,0.0,0.0,0.0,0.0,12.49,0.8667591950034699,0.8667591950034699,0.9788401253918496
2026-09-08,The End of Oak Street,AMC Factoria 8,ordinary,0,0,11.0,4.0,2.0,4,72,0.1948051948051948,0.42857142857142855,0.0,0.0,low,0.3214285714285714,-0.1266233766233766,-0.1453308596165739,-0.5705009276437848,0.2545454545454545,1.0,0.0,0.0,0.0,0.0,14.409999999999998,0.9999999999999999,0.9999999999999999,0.9034482758620689
2026-09-08,Insidious: Out of the Further,AMC Factoria 8,ordinary,0,0,27.0,4.0,2.0,7,75,0.25850340136054417,0.2857142857142857,0.0,0.0,lower-middle,0.8214285714285714,-0.5629251700680272,-0.3894557823129252,-0.5629251700680272,0.31469979296066247,1.0,1.0,0.0,0.0,0.0,13.587142857142856,0.9428967978586299,0.9428967978586299,0.851858486341245
2026-09-08,The Dog Stars,AMC Factoria 8,ordinary,0,0,25.0,4.0,5.0,5,73,0.4661654135338346,0.8571428571428571,0.10526315789473684,0.16666666666666666,lower-middle,0.6428571428571428,-0.17669172932330818,0.03759398496240607,-0.17669172932330818,0.7251461988304094,2.0,0.0,0.0,0.0,0.0,13.803684210526315,0.9579239563168851,0.9579239563168851,0.8654347467414618
2026-09-08,Practical Magic 2,AMC Factoria 8,ordinary,3,0,4.0,4.0,2.0,1,69,0.14285714285714285,0.5714285714285714,0.0,0.0,low,,,,0.0,1.0,1.0,,,,,13.69,0.9500346981263011,0.9500346981263011,1.072884012539185
2026-09-08,By Any Means,AMC Factoria 8,ordinary,1,0,32.0,4.0,5.0,6,74,0.8186813186813187,1.0,0.7307692307692307,1.0,top,0.8571428571428571,-0.038461538461538436,-0.0027472527472527375,-0.038461538461538436,0.9551282051282052,2.0,0.0,0.0,0.0,0.0,13.634615384615385,0.9461912133667859,0.9461912133667859,1.0685435254400772
2026-09-08,AMC Screen Unseen: September 7,AMC Factoria 8,special_event,0,0,1.0,1.0,1.0,8,76,0.8571428571428571,0.8571428571428571,1.0,1.0,top,0.8571428571428571,0.0,,0.0,1.0,1.0,,,,,7.21,0.5003469812630118,0.5003469812630118,0.45203761755485894
2026-09-08,Coyote vs. Acme,AMC Factoria 8,ambiguous_special,3,0,27.0,5.0,4.0,3,71,0.6598639455782314,1.0,0.09523809523809523,0.0,upper-middle,0.7857142857142857,-0.12585034013605434,0.08843537414965996,-0.12585034013605434,0.8398268398268399,2.0,0.0,0.0,0.0,0.0,13.587142857142856,0.9428967978586299,0.9428967978586299,1.0648231079265562
2026-09-08,Runner,AMC Factoria 8,ordinary,2,0,5.0,5.0,2.0,7,75,0.34285714285714286,0.42857142857142855,0.0,0.0,lower-middle,,,,0.0,1.0,1.0,,,,,13.258,0.9200555170020818,0.9200555170020818,1.0390282131661441
2026-09-08,Buddy,AMC Factoria 8,ordinary,1,0,27.0,2.0,4.0,8,76,0.6870748299319727,1.0,0.6190476190476191,0.25,upper-middle,0.5,0.18707482993197266,0.18707482993197266,0.0,1.0,2.0,0.0,1.0,0.0,0.0,13.587142857142856,0.9428967978586299,0.9428967978586299,1.0648231079265562
2026-09-08,The Uprising,AMC Factoria 8,ordinary,2,0,3.0,3.0,1.0,3,71,0.7142857142857143,0.7142857142857143,0.0,0.0,upper-middle,,,,0.0,1.0,1.0,,,,,13.450000000000001,0.9333795975017349,0.9333795975017349,0.8432601880877744
2026-09-14,The Odyssey,AMC Factoria 8,ordinary,1,0,21.0,9.0,6.0,3,71,0.6218487394957983,1.0,0.47058823529411764,0.6666666666666666,upper-middle,,,0.18487394957983194,0.0,1.0,1.0,0.0,1.0,0.0,0.0,14.448823529411765,1.002694207453974,1.002694207453974,0.9058823529411766
2026-09-14,Spider-Man: Brand New Day,AMC Factoria 8,ordinary,,1,21.0,18.0,3.0,2,70,0.5904761904761905,1.0,0.26666666666666666,0.16666666666666666,upper-middle,0.5546218487394958,0.03585434173669466,0.3523809523809524,-0.17142857142857137,0.775,1.0,0.0,1.0,0.0,0.0,15.95,1.1068702290076335,1.1068702290076335,1.0
2026-09-14,Practical Magic 2,AMC Factoria 8,ordinary,,1,25.0,4.0,2.0,1,69,0.04081632653061224,0.2857142857142857,0.0,0.0,low,0.07142857142857142,-0.030612244897959183,-0.030612244897959183,-0.030612244897959183,0.5714285714285714,2.0,0.0,0.0,0.0,0.0,13.86142857142857,0.9619311985724198,0.9619311985724198,1.0863188535602328
2026-09-14,By Any Means,AMC Factoria 8,ordinary,0,0,26.0,4.0,2.0,7,75,0.48571428571428565,0.5714285714285714,0.0,0.0,lower-middle,0.8571428571428571,-0.37142857142857144,-0.29450549450549457,-0.37142857142857144,0.5666666666666667,1.0,1.0,0.0,0.0,0.0,13.546000000000001,0.9400416377515615,0.9400416377515615,0.8492789968652039
2026-09-14,Coyote vs. Acme,AMC Factoria 8,ambiguous_special,,1,27.0,5.0,5.0,8,76,0.6054421768707483,1.0,0.19047619047619047,0.08333333333333333,upper-middle,0.7857142857142857,-0.1802721088435374,-0.00170068027210879,-0.1802721088435374,0.7705627705627706,3.0,0.0,0.0,0.0,0.0,13.587142857142856,0.9428967978586299,0.9428967978586299,0.851858486341245
2026-09-14,Resident Evil,AMC Factoria 8,ordinary,3,0,5.0,5.0,2.0,2,70,0.3142857142857143,0.42857142857142855,0.0,0.0,lower-middle,,,,0.0,1.0,1.0,,,,,15.312000000000001,1.0625954198473284,1.0625954198473284,1.2000000000000002
2026-09-14,Runner,AMC Factoria 8,ordinary,1,0,27.0,5.0,4.0,6,74,0.7261904761904762,0.8571428571428571,0.7083333333333334,0.8,upper-middle,0.48571428571428565,0.2404761904761905,0.21190476190476193,0.0,1.0,1.0,0.0,1.0,0.0,0.0,13.57,0.9417071478140181,0.9417071478140181,1.0634796238244515
2026-09-14,AMC Screen Unseen: September 13,AMC Factoria 8,special_event,0,0,1.0,1.0,1.0,3,71,1.0,1.0,1.0,,top,1.0,0.0,,0.0,1.0,1.0,,,,,7.21,0.5003469812630118,0.5003469812630118,0.5650470219435737
2026-09-14,AMC Screen Unseen: September 14,AMC Factoria 8,special_event,0,0,1.0,1.0,1.0,3,71,1.0,1.0,1.0,1.0,top,,,,0.0,1.0,1.0,,,,,7.21,0.5003469812630118,0.5003469812630118,0.45203761755485894
2026-09-14,Buddy,AMC Factoria 8,ordinary,0,0,18.0,2.0,2.0,4,72,0.2747252747252747,0.5714285714285714,0.0,0.0,lower-middle,0.5,-0.2252747252747253,-0.2842809364548496,-0.3401815575728619,0.4467754467754468,1.0,1.0,0.0,0.0,0.0,13.745384615384616,0.9538781828858165,0.9538781828858165,0.8617795997106342
2026-09-14,The Uprising,AMC Factoria 8,ordinary,1,0,27.0,3.0,4.0,5,73,0.5389610389610389,1.0,0.18181818181818182,0.0,upper-middle,0.8571428571428571,-0.31818181818181823,-0.46103896103896114,-0.31818181818181823,0.6287878787878787,1.0,1.0,0.0,0.0,0.0,13.755454545454546,0.9545769982966374,0.9545769982966374,1.0780136791108579
2026-09-21,The Odyssey,AMC Factoria 8,ordinary,0,0,6.0,9.0,4.0,6,74,0.5,0.7142857142857143,0.0,0.0,upper-middle,,,-0.1507936507936507,-0.19841269841269837,0.7159090909090909,2.0,1.0,0.0,0.0,0.0,15.949999999999998,1.1068702290076333,1.1068702290076333,1.1068702290076333
2026-09-21,Spider-Man: Brand New Day,AMC Factoria 8,ordinary,,1,22.0,18.0,5.0,5,73,0.5966386554621849,1.0,0.4117647058823529,0.25,upper-middle,0.5546218487394958,0.04201680672268904,-0.12558356676003735,-0.165266106442577,0.7830882352941176,2.0,0.0,0.0,0.0,0.0,15.387058823529411,1.0678042209250111,1.0678042209250111,1.0678042209250111
2026-09-21,Practical Magic 2,AMC Factoria 8,ordinary,,1,21.0,4.0,5.0,8,76,0.7714285714285715,1.0,0.6,0.7777777777777778,top,0.07142857142857142,0.7000000000000001,0.6935064935064935,0.0,1.0,1.0,0.0,1.0,0.0,0.0,13.45,0.9333795975017348,0.9333795975017348,0.9333795975017348
2026-09-21,Coyote vs. Acme,AMC Factoria 8,ambiguous_special,,1,20.0,5.0,5.0,6,74,0.6224489795918366,0.8571428571428571,0.2857142857142857,0.3333333333333333,upper-middle,0.7857142857142857,-0.16326530612244905,-0.14773735581189007,-0.16326530612244905,0.7922077922077921,4.0,0.0,0.0,0.0,0.0,13.175714285714287,0.914345196787945,0.914345196787945,1.0325794894760414
2026-09-21,Resident Evil,AMC Factoria 8,ordinary,,1,55.0,8.0,5.0,1,69,0.3074534161490683,1.0,0.08695652173913043,0.08333333333333333,lower-middle,0.6428571428571428,-0.3354037267080745,-0.3889751552795031,-0.3354037267080745,0.4782608695652174,1.0,1.0,0.0,0.0,0.0,14.840434782608694,1.0298705609027545,1.0298705609027545,1.0298705609027545
2026-09-21,Heart of the Beast,AMC Factoria 8,ordinary,,1,3.0,3.0,3.0,2,70,0.8095238095238094,1.0,0.6666666666666666,1.0,top,,,,0.0,1.0,1.0,,,,,13.450000000000001,0.9333795975017349,0.9333795975017349,0.9333795975017349
2026-09-21,Runner,AMC Factoria 8,ordinary,0,0,27.0,5.0,5.0,6,74,0.6142857142857142,0.8571428571428571,0.2,0.125,upper-middle,0.48571428571428565,0.12857142857142856,0.008571428571428563,0.0,1.0,2.0,0.0,0.0,0.0,0.0,13.113999999999999,0.9100624566273421,0.9100624566273421,1.0277429467084638
2026-09-21,Forgotten Island,AMC Factoria 8,ordinary,,1,3.0,3.0,2.0,7,75,0.5714285714285714,0.8571428571428571,0.3333333333333333,0.0,upper-middle,,,,0.0,1.0,1.0,,,,,15.166666666666666,1.0525098311357852,0.7187993680884676,1.1886102403343783
2026-09-21,Avengers Endgame: Encore,AMC Factoria 8,ambiguous_special,,1,3.0,3.0,2.0,1,69,0.19047619047619047,0.5714285714285714,0.0,0.0,low,,,,0.0,1.0,1.0,,,,,15.166666666666666,1.0525098311357852,0.7187993680884676,1.1886102403343783
2026-09-21,The Uprising,AMC Factoria 8,ordinary,0,0,8.0,3.0,3.0,7,75,0.5714285714285714,0.8571428571428571,0.25,0.3333333333333333,upper-middle,0.8571428571428571,-0.2857142857142857,0.18831168831168826,-0.2857142857142857,0.6666666666666666,1.0,0.0,1.0,0.0,0.0,14.41,1.0,1.0,1.0
2026-09-21,AMC Screen Unseen: September 21,AMC Factoria 8,special_event,0,0,1.0,1.0,1.0,1,69,0.0,0.0,0.0,0.0,low,,,,0.0,,1.0,,,,,7.21,0.5003469812630118,0.5003469812630118,0.5003469812630118
2026-09-21,Primetime,AMC Factoria 8,ordinary,,1,2.0,2.0,2.0,3,71,0.7857142857142857,0.8571428571428571,0.5,0.5,top,,,,0.0,1.0,1.0,,,,,14.41,1.0,1.0,1.0
2026-09-21,The Weight,AMC Factoria 8,ordinary,,1,24.0,4.0,4.0,4,72,0.2857142857142857,0.8571428571428571,0.15,0.16666666666666666,lower-middle,0.42857142857142855,-0.14285714285714285,-0.09523809523809523,-0.14285714285714285,0.6666666666666666,2.0,0.0,0.0,0.0,0.0,13.546000000000001,0.9400416377515615,0.9400416377515615,1.0615987460815048
2026-09-21,Shaun the Sheep: The Beast of Mossy Bottom,AMC Factoria 8,ordinary,0,0,17.0,1.0,4.0,7,75,0.5476190476190476,0.8571428571428571,0.16666666666666666,0.2,upper-middle,0.14285714285714285,0.4047619047619047,0.4047619047619047,0.0,1.0,1.0,0.0,1.0,0.0,0.0,12.729999999999999,0.883414295628036,0.883414295628036,0.9976489028213166
2026-09-21,The Paradise (Telugu),AMC Factoria 8,ambiguous_limited,0,0,1.0,1.0,1.0,8,76,1.0,1.0,1.0,1.0,top,,,,0.0,1.0,1.0,,,,,20.6,1.4295628036086052,1.4295628036086052,1.4295628036086052
2026-09-21,Forgotten Island - Early Access Screening,AMC Factoria 8,special_event,0,0,1.0,1.0,1.0,8,76,1.0,1.0,1.0,,top,1.0,0.0,,0.0,1.0,1.0,,,,,11.53,0.8001387925052047,0.8001387925052047,0.9036050156739811
2026-06-29,David,AMC Kent Station 14,ordinary_title_only,0,0,2.0,,,,,,,,,unknown,,,,,,,,,,,,,,
2026-06-29,David,AMC Kent Station 14,ordinary_title_only,0,0,2.0,,,,,,,,,unknown,,,,,,,,,,,,,,
2026-06-29,Bleach: Thousand-Year Blood War - The Calamity,AMC Kent Station 14,ordinary_title_only,0,0,6.0,,,,,,,,,unknown,,,,,,,,,,,,,,
2026-06-29,Toy Story 5,AMC Kent Station 14,ordinary_title_only,0,0,39.0,,,,,,,,,unknown,,,,,,,,,,,,,,
2026-06-29,Young Washington,AMC Kent Station 14,ordinary,3,0,3.0,,,,,,,,,unknown,,,,,,,,,,,,,,
2026-06-29,Minions & Monsters,AMC Kent Station 14,ordinary_title_only,0,0,4.0,,,,,,,,,unknown,,,,,,,,,,,,,,
2026-06-29,Supergirl,AMC Kent Station 14,ordinary,3,0,18.0,,,,,,,,,unknown,,,,,,,,,,,,,,
2026-06-29,Minions & Monsters,AMC Kent Station 14,ordinary,3,0,47.0,,,,,,,,,unknown,,,,,,,,,,,,,,
2026-06-29,Supergirl,AMC Kent Station 14,ordinary_title_only,0,0,33.0,,,,,,,,,unknown,,,,,,,,,,,,,,
2026-06-29,Jackass: Best and Last,AMC Kent Station 14,ordinary,2,0,12.0,,,,,,,,,unknown,,,,,,,,,,,,,,
2026-06-29,Jackass: Best and Last,AMC Kent Station 14,ordinary_title_only,0,0,12.0,,,,,,,,,unknown,,,,,,,,,,,,,,
2026-06-29,Toy Story 5,AMC Kent Station 14,ordinary,3,0,19.0,,,,,,,,,unknown,,,,,,,,,,,,,,
2026-06-29,AMC,AMC Kent Station 14,special_event_title_only,0,0,1.0,,,,,,,,,unknown,,,,,,,,,,,,,,
2026-06-29,Bleach: Thousand-Year Blood War - The Calamity,AMC Kent Station 14,ordinary_title_only,1,0,2.0,,,,,,,,,unknown,,,,,,,,,,,,,,
2026-06-29,Backrooms,AMC Kent Station 14,ordinary_title_only,0,0,9.0,,,,,,,,,unknown,,,,,,,,,,,,,,
2026-06-29,Scary Movie,AMC Kent Station 14,ordinary_title_only,0,0,4.0,,,,,,,,,unknown,,,,,,,,,,,,,,
2026-06-29,Star Wars: The Mandalorian and Grogu,AMC Kent Station 14,ordinary_title_only,0,0,4.0,,,,,,,,,unknown,,,,,,,,,,,,,,
2026-06-29,Masters of the Universe,AMC Kent Station 14,ordinary_title_only,0,0,5.0,,,,,,,,,unknown,,,,,,,,,,,,,,
2026-06-29,Leviticus,AMC Kent Station 14,ordinary_title_only,0,0,4.0,,,,,,,,,unknown,,,,,,,,,,,,,,
2026-06-29,The Death of Robin Hood,AMC Kent Station 14,ordinary_title_only,0,0,6.0,,,,,,,,,unknown,,,,,,,,,,,,,,
2026-06-29,Disclosure Day,AMC Kent Station 14,ordinary_title_only,0,0,10.0,,,,,,,,,unknown,,,,,,,,,,,,,,
2026-06-29,Girls Like Girls,AMC Kent Station 14,ordinary_title_only,0,0,4.0,,,,,,,,,unknown,,,,,,,,,,,,,,
2026-06-29,Obsession,AMC Kent Station 14,ordinary_title_only,0,0,10.0,,,,,,,,,unknown,,,,,,,,,,,,,,
2026-06-29,Disclosure Day,AMC Kent Station 14,ordinary,3,0,5.0,,,,,,,,,unknown,,,,,,,,,,,,,,
2026-06-29,Obsession,AMC Kent Station 14,ordinary,3,0,6.0,,,,,,,,,unknown,,,,,,,,,,,,,,
2026-06-29,Backrooms,AMC Kent Station 14,ordinary_title_only,0,0,4.0,,,,,,,,,unknown,,,,,,,,,,,,,,
2026-07-06,Citizen Kane,AMC Kent Station 14,rerelease_title_only,0,0,1.0,,,,,,,,,unknown,,,,,,,,,,,,,,
2026-07-06,How to Train Your Dragon,AMC Kent Station 14,ordinary_title_only,0,0,4.0,,,,,,,,,unknown,,,,,,,,,,,,,,
2026-07-06,Young Washington,AMC Kent Station 14,ordinary,2,0,31.0,,,,,,,,,unknown,,,,,,,,,,,,,,
2026-07-06,Supergirl,AMC Kent Station 14,ordinary,3,0,59.0,,,,,,,,,unknown,,,,,,,,,,,,,,
2026-07-06,Minions & Monsters,AMC Kent Station 14,ordinary,3,0,134.0,,,,,,,,,unknown,,,,,,,,,,,,,,
2026-07-06,Jackass: Best and Last,AMC Kent Station 14,ordinary,1,0,30.0,,,,,,,,,unknown,,,,,,,,,,,,,,
2026-07-06,Moana,AMC Kent Station 14,ordinary,3,0,15.0,,,,,,,,,unknown,,,,,,,,,,,,,,
2026-07-06,Gail Daughtry and the Celebrity Sex Pass,AMC Kent Station 14,ordinary,1,0,2.0,,,,,,,,,unknown,,,,,,,,,,,,,,
2026-07-06,Toy Story 5,AMC Kent Station 14,ordinary,3,0,107.0,,,,,,,,,unknown,,,,,,,,,,,,,,
2026-07-06,Bleach: Thousand-Year Blood War - The Calamity,AMC Kent Station 14,ordinary_title_only,0,0,12.0,,,,,,,,,unknown,,,,,,,,,,,,,,
2026-07-06,Evil Dead Burn,AMC Kent Station 14,ordinary,3,0,5.0,,,,,,,,,unknown,,,,,,,,,,,,,,
2026-07-06,Disclosure Day,AMC Kent Station 14,ordinary,3,0,27.0,,,,,,,,,unknown,,,,,,,,,,,,,,
2026-07-06,Obsession,AMC Kent Station 14,ordinary,3,0,35.0,,,,,,,,,unknown,,,,,,,,,,,,,,
2026-07-06,The Invite,AMC Kent Station 14,ordinary,3,0,3.0,,,,,,,,,unknown,,,,,,,,,,,,,,
2026-07-06,Backrooms: Everything Must Go Edition w/ Bonus Footage,AMC Kent Station 14,ordinary,1,0,19.0,19.0,,,,,,,,unknown,,,,,,,,,,,,,,
2026-07-06,Scary Movie,AMC Kent Station 14,ordinary,0,0,20.0,3.0,,,,,,,,unknown,,,,,,,,,,,,,,
2026-07-06,Masters of the Universe,AMC Kent Station 14,ordinary_title_only,0,0,11.0,2.0,,,,,,,,unknown,,,,,,,,,,,,,,
2026-07-06,Supergirl,AMC Kent Station 14,other,0,0,1.0,1.0,,,,,,,,unknown,,,,,,,,,,,,,,
2026-07-13,The Lego Movie,AMC Kent Station 14,ordinary,0,0,4.0,,,,,,,,,unknown,,,,,,,,,,,,,,
2026-07-13,My Neighbor Totoro - Studio Ghibli Fest 2026,AMC Kent Station 14,special_event,0,0,6.0,,,,,,,,,unknown,,,,,,,,,,,,,,
2026-07-13,Young Washington,AMC Kent Station 14,ordinary,1,0,29.0,,,,,,,,,unknown,,,,,,,,,,,,,,
2026-07-13,Supergirl,AMC Kent Station 14,ordinary,2,0,30.0,,,,,,,,,unknown,,,,,,,,,,,,,,
2026-07-13,Minions & Monsters,AMC Kent Station 14,ordinary,3,0,48.0,,,,,,,,,unknown,,,,,,,,,,,,,,
2026-07-13,The Odyssey,AMC Kent Station 14,ordinary,3,0,8.0,8.0,,,,,,,,unknown,,,,,,,,,,,,,,
2026-07-13,Jackass: Best and Last,AMC Kent Station 14,ordinary,0,0,6.0,,,,,,,,,unknown,,,,,,,,,,,,,,
2026-07-13,Moana,AMC Kent Station 14,ordinary,3,0,123.0,,,,,,,,,unknown,,,,,,,,,,,,,,
2026-07-13,Gail Daughtry and the Celebrity Sex Pass,AMC Kent Station 14,ordinary,0,0,26.0,,,,,,,,,unknown,,,,,,,,,,,,,,
2026-07-13,Toy Story 5,AMC Kent Station 14,ordinary,3,0,46.0,,,,,,,,,unknown,,,,,,,,,,,,,,
2026-07-13,Evil Dead Burn,AMC Kent Station 14,ordinary,3,0,49.0,,,,,,,,,unknown,,,,,,,,,,,,,,
2026-07-13,Disclosure Day,AMC Kent Station 14,ordinary,2,0,26.0,,,,,,,,,unknown,,,,,,,,,,,,,,
2026-07-13,Obsession,AMC Kent Station 14,ordinary,2,0,10.0,,,,,,,,,unknown,,,,,,,,,,,,,,
2026-07-13,The Invite,AMC Kent Station 14,ordinary,2,0,32.0,,,,,,,,,unknown,,,,,,,,,,,,,,
2026-07-13,Backrooms: Everything Must Go Edition w/ Bonus Footage,AMC Kent Station 14,ordinary,0,0,6.0,21.0,,,,,,,,unknown,,,,,,,,,,,,,,
2026-07-13,Night Nurse,AMC Kent Station 14,ordinary,0,0,6.0,1.0,,,,,,,,unknown,,,,,,,,,,,,,,
2026-07-13,Minions & Monsters,AMC Kent Station 14,other,0,0,1.0,1.0,,,,,,,,unknown,,,,,,,,,,,,,,
2026-07-20,Sonic The Hedgehog 3,AMC Kent Station 14,accessibility_presentation,0,0,4.0,4.0,1.0,12,127,,,0.0,,unknown,,,,,,,,,,,3.15,0.19372693726937268,0.2207428170988087,0.2207428170988087
2026-07-20,Bad Counselors,AMC Kent Station 14,special_event,1,0,1.0,1.0,1.0,1,105,,,0.0,0.0,unknown,,,,,,,,,,,18.9,1.162361623616236,1.324456902592852,1.0594170403587444
2026-07-20,Met Summer Encore: The Merry Widow (2026),AMC Kent Station 14,special_event,0,0,2.0,2.0,2.0,3,125,,,0.0,0.0,unknown,,,,,,,,,,,18.9,1.162361623616236,1.324456902592852,1.324456902592852
2026-07-20,Young Washington,AMC Kent Station 14,ordinary,0,0,16.0,,3.0,4,126,,,0.0,,unknown,,,,,,,,,,,13.8225,0.8500922509225092,0.9686405045550105,0.9686405045550105
2026-07-20,Supergirl,AMC Kent Station 14,ordinary,1,0,35.0,,1.0,14,118,,,0.0,0.0,unknown,,,,,,,,,,,16.9475,1.0422816728167281,1.1876313945339876,0.9499719730941705
2026-07-20,Minions & Monsters,AMC Kent Station 14,ordinary,3,0,64.0,,7.0,3,125,,,0.0,0.0,unknown,,,,,,,,,,,16.558461538461536,1.018355568171066,1.1603687132769123,1.1603687132769123
2026-07-20,The Odyssey,AMC Kent Station 14,ordinary,3,0,117.0,12.0,8.0,7,111,,,0.0,0.0,unknown,,,,,,,,,,,19.557499999999997,1.2027982779827795,1.001921106557377,1.0962724215246635
2026-07-20,Moana,AMC Kent Station 14,ordinary,3,0,70.0,,4.0,5,109,,,0.0,0.0,unknown,,,,,,,,,,,17.16,1.055350553505535,0.8790983606557378,1.2025227750525578
2026-07-20,Hadestown: The Musical,AMC Kent Station 14,ordinary,2,0,4.0,4.0,3.0,11,115,,,0.0,0.0,unknown,,,,,,,,,,,15.176666666666668,0.9333743337433374,1.0635365568792339,0.8507100149476832
2026-07-20,Toy Story 5,AMC Kent Station 14,ordinary,3,0,41.0,,5.0,11,115,,,0.0,0.0,unknown,,,,,,,,,,,16.74153846153846,1.0296149115337305,1.1731982103390652,1.1731982103390652
2026-07-20,Evil Dead Burn,AMC Kent Station 14,ordinary,2,0,43.0,,3.0,10,114,,,0.0,0.0,unknown,,,,,,,,,,,15.501666666666667,0.9533620336203361,1.0863116094370475,0.8689275037369208
2026-07-20,Evangelion: Death (True)2 & Rebirth (EVANGELION 30th Movie Fest),AMC Kent Station 14,special_event,0,0,1.0,1.0,1.0,4,126,,,0.0,0.0,unknown,,,,,,,,,,,18.9,1.162361623616236,1.324456902592852,1.0594170403587444
2026-07-20,The End Of Evangelion (Evangelion 30th Movie Fest),AMC Kent Station 14,special_event,0,0,2.0,2.0,1.0,4,126,,,0.0,0.0,unknown,,,,,,,,,,,18.9,1.162361623616236,1.324456902592852,1.0594170403587444
2026-07-20,Disclosure Day,AMC Kent Station 14,ordinary,1,0,17.0,,4.0,13,117,,,0.0,0.0,unknown,,,,,,,,,,,16.055,0.9873923739237391,1.1250875963559916,1.1250875963559916
2026-07-20,Obsession,AMC Kent Station 14,ordinary,1,0,21.0,,5.0,2,106,,,0.0,0.0,unknown,,,,,,,,,,,16.26,1.0,1.1394533987386126,0.9114349775784755
2026-07-20,The Invite,AMC Kent Station 14,ordinary,1,0,32.0,,3.0,1,105,,,0.0,0.0,unknown,,,,,,,,,,,14.86714285714286,0.9143384290985768,1.0418460306336972,0.8333600256245998
2026-07-20,Motor City,AMC Kent Station 14,ordinary,1,0,2.0,2.0,1.0,14,118,,,0.0,0.0,unknown,,,,,,,,,,,16.26,1.0,1.1394533987386126,0.9114349775784755
2026-07-20,AMC Screen Unseen: July 20,AMC Kent Station 14,special_event,0,0,2.0,2.0,1.0,3,125,,,0.0,0.0,unknown,,,,,,,,,,,8.14,0.5006150061500615,0.570427470217239,0.45627802690582964
2026-07-20,The Odyssey : Sensory Friendly Screening,AMC Kent Station 14,accessibility_presentation,0,0,1.0,1.0,1.0,2,106,,,0.0,0.0,unknown,,,,,,,,,,,16.26,1.0,1.1394533987386126,0.9114349775784755
2026-07-20,Her Private Hell,AMC Kent Station 14,ordinary,1,0,2.0,2.0,1.0,2,106,,,0.0,0.0,unknown,,,,,,,,,,,16.26,1.0,1.1394533987386126,0.9114349775784755
2026-07-27,The Fifth Element (2026 Event),AMC Kent Station 14,special_event,0,0,2.0,2.0,1.0,4,126,0.6666666666666666,0.6666666666666666,0.0,0.0,upper-middle,0.6666666666666666,0.0,,0.0,1.0,1.0,,,,,18.9,1.162361623616236,1.324456902592852,1.324456902592852
2026-07-27,The Bad Guys 2,AMC Kent Station 14,ordinary,0,0,4.0,4.0,2.0,12,127,0.4166666666666667,0.5833333333333334,0.0,,lower-middle,,,,0.0,1.0,1.0,,,,,3.15,0.19372693726937268,0.2207428170988087,0.2207428170988087
2026-07-27,Bad Counselors,AMC Kent Station 14,special_event,0,0,4.0,1.0,1.0,1,105,0.5,0.5,0.0,0.0,upper-middle,1.0,-0.5,0.0,-0.5,0.5,1.0,0.0,0.0,0.0,0.0,18.9,1.162361623616236,1.324456902592852,1.0594170403587444
2026-07-27,Supergirl,AMC Kent Station 14,ordinary,0,0,18.0,,1.0,14,118,0.4166666666666667,0.4166666666666667,0.0,,lower-middle,,,0.0064102564102563875,0.0,1.0,2.0,0.0,0.0,0.0,0.0,14.27,0.8776137761377613,1.0,1.0
2026-07-27,Minions & Monsters,AMC Kent Station 14,ordinary,2,0,53.0,,6.0,1,105,0.5592105263157895,0.75,0.23684210526315788,0.14285714285714285,upper-middle,,,-0.0165470494417862,-0.13377192982456132,0.8069620253164558,2.0,0.0,0.0,0.0,0.0,16.806578947368422,1.033614941412572,1.1777560579795672,1.1777560579795672
2026-07-27,The Odyssey,AMC Kent Station 14,ordinary,3,0,118.0,12.0,8.0,7,111,0.5648148148148148,1.0,0.47619047619047616,0.5909090909090909,upper-middle,,,-0.06895711500974655,-0.02777777777777779,0.953125,2.0,0.0,0.0,1.0,0.0,19.494999999999997,1.1989544895448951,0.9477394263490518,1.092769058295964
2026-07-27,Moana,AMC Kent Station 14,ordinary,2,0,47.0,,7.0,5,109,0.28888888888888886,0.8333333333333334,0.1,0.2727272727272727,lower-middle,,,0.03501291989664079,0.0,1.0,1.0,0.0,0.0,0.0,1.0,16.412,1.0093480934809347,1.15010511562719,1.15010511562719
2026-07-27,Hadestown: The Musical,AMC Kent Station 14,ordinary,1,0,32.0,5.0,4.0,3,125,0.6742424242424243,0.8333333333333334,0.5909090909090909,0.5,upper-middle,0.6666666666666667,0.007575757575757569,-0.07575757575757569,0.0,1.0,2.0,0.0,0.0,0.0,0.0,15.373636363636365,0.9454880912445488,1.0773396190354847,0.8617509172441908
2026-07-27,Spider-Man: Brand New Day Dolby Opening Night Fan Event,AMC Kent Station 14,special_event,0,0,1.0,1.0,1.0,8,112,0.0,0.0,0.0,0.0,low,,,,0.0,,1.0,,,,,24.14,1.4846248462484624,1.1735537190082646,1.3531390134529149
2026-07-27,Toy Story 5,AMC Kent Station 14,ordinary,3,0,41.0,,6.0,12,127,0.5256410256410257,0.8333333333333334,0.23076923076923078,0.375,upper-middle,,,-0.10607940446650121,-0.02197802197802201,0.9598662207357859,2.0,0.0,0.0,0.0,0.0,17.01615384615385,1.0465039265777274,1.192442455932295,1.192442455932295
2026-07-27,Spider-Man: Brand New Day,AMC Kent Station 14,ordinary,3,0,34.0,34.0,11.0,9,113,0.49137931034482757,0.9166666666666666,0.3125,0.38461538461538464,lower-middle,,,,0.0,1.0,1.0,,,,,17.8859375,1.099996156211562,0.8695156781720953,1.0025749719730943
2026-07-27,Evil Dead Burn,AMC Kent Station 14,ordinary,1,0,24.0,,3.0,13,117,0.4791666666666667,0.8333333333333334,0.4,0.375,lower-middle,,,0.125,0.0,1.0,2.0,0.0,0.0,0.0,0.0,15.935000000000002,0.9800123001230012,1.116678346180799,0.8932174887892378
2026-07-27,Disclosure Day,AMC Kent Station 14,ordinary,0,0,13.0,,2.0,2,106,0.39285714285714285,0.75,0.14285714285714285,,lower-middle,,,-0.04985119047619052,0.0,1.0,2.0,0.0,0.0,0.0,0.0,14.27,0.8776137761377613,1.0,1.0
2026-07-27,Obsession,AMC Kent Station 14,ordinary,0,0,17.0,,4.0,5,109,0.3425925925925926,0.8333333333333334,0.2222222222222222,0.3333333333333333,lower-middle,,,-0.09161793372319688,-0.12615740740740738,0.7308641975308643,2.0,0.0,0.0,0.0,0.0,15.176666666666668,0.9333743337433374,1.0635365568792339,0.8507100149476832
2026-07-27,The Invite,AMC Kent Station 14,ordinary,0,0,16.0,,2.0,4,126,0.6527777777777778,0.6666666666666666,0.0,0.0,upper-middle,,,0.17929292929292934,-0.2714646464646464,0.7062841530054645,1.0,0.0,1.0,0.0,0.0,15.176666666666668,0.9333743337433374,1.0635365568792339,0.8507100149476832
2026-07-27,Motor City,AMC Kent Station 14,ordinary,0,0,18.0,3.0,1.0,14,118,0.4166666666666667,0.4166666666666667,0.0,0.0,lower-middle,0.3333333333333333,0.08333333333333337,0.0,0.0,1.0,2.0,0.0,0.0,0.0,0.0,16.26,1.0,1.1394533987386126,0.9114349775784755
2026-07-27,AMC Screen Unseen: July 27,AMC Kent Station 14,special_event,0,0,1.0,1.0,1.0,5,109,0.08333333333333333,0.08333333333333333,0.0,0.0,low,,,,0.0,1.0,1.0,,,,,8.14,0.5006150061500615,0.570427470217239,0.45627802690582964
2026-07-27,I Want Your Sex,AMC Kent Station 14,ordinary,1,0,4.0,4.0,1.0,1,105,0.5,0.5,0.0,0.0,upper-middle,,,,0.0,1.0,1.0,,,,,16.26,1.0,1.1394533987386126,0.9114349775784755
2026-07-27,Her Private Hell,AMC Kent Station 14,ordinary,0,0,23.0,2.0,1.0,2,106,0.3333333333333333,0.3333333333333333,0.0,0.0,lower-middle,0.6666666666666666,-0.3333333333333333,0.0,-0.3333333333333333,0.5,1.0,0.0,0.0,0.0,0.0,16.26,1.0,1.1394533987386126,0.9114349775784755
2026-07-27,Haunted Heist,AMC Kent Station 14,ordinary,0,0,6.0,1.0,2.0,12,127,0.47222222222222227,0.5833333333333334,0.0,,lower-middle,1.0,-0.5277777777777777,-0.027777777777777735,-0.5277777777777777,0.47222222222222227,1.0,0.0,0.0,0.0,0.0,16.26,1.0,1.1394533987386126,0.9114349775784755
2026-07-27,Pinocchio Unstrung,AMC Kent Station 14,ordinary,0,0,6.0,1.0,2.0,1,105,0.513888888888889,0.5833333333333334,0.0,,upper-middle,0.0,0.513888888888889,0.26388888888888895,0.0,1.0,1.0,0.0,1.0,0.0,0.0,16.26,1.0,1.1394533987386126,0.9114349775784755
2026-07-27,Moana: Sensory Friendly Screening,AMC Kent Station 14,accessibility_presentation,0,0,1.0,1.0,,,,,,,,unknown,,,,,,,,,,,,,,
2026-08-03,Willy Wonka & the Chocolate Factory 55th Anniversary,AMC Kent Station 14,special_event,0,0,2.0,2.0,2.0,13,117,0.34615384615384615,0.46153846153846156,0.0,0.0,lower-middle,0.34615384615384615,0.0,,0.0,1.0,1.0,,,,,18.9,1.162361623616236,1.162361623616236,1.324456902592852
2026-08-03,The Spongebob Movie: Search for Squarepants,AMC Kent Station 14,ordinary,0,0,5.0,5.0,2.0,12,127,0.5,0.6153846153846154,0.0,,upper-middle,,,,0.0,1.0,1.0,,,,,3.15,0.19372693726937268,0.19372693726937268,0.2207428170988087
2026-08-03,MET Summer Encore: Aida (2026),AMC Kent Station 14,special_event,0,0,2.0,2.0,2.0,13,117,0.6538461538461539,0.8461538461538461,0.5,1.0,upper-middle,,,,0.0,1.0,1.0,,,,,18.9,1.162361623616236,1.162361623616236,1.324456902592852
2026-08-03,Minions & Monsters,AMC Kent Station 14,ordinary,1,0,31.0,,4.0,2,106,0.4479638009049774,0.8461538461538461,0.29411764705882354,0.3333333333333333,lower-middle,,,-0.17333797424295155,-0.24501865523537342,0.6464287759894611,1.0,1.0,0.0,0.0,0.0,17.0,1.0455104551045509,1.0455104551045509,1.1913104414856341
2026-08-03,The Odyssey,AMC Kent Station 14,ordinary,3,0,85.0,12.0,8.0,7,111,0.6153846153846153,0.8461538461538461,0.37735849056603776,0.4583333333333333,upper-middle,,,0.12466843501326252,0.0,1.0,3.0,0.0,0.0,1.0,0.0,18.72188679245283,1.151407551811367,0.910154924280643,1.0494331161688806
2026-08-03,Moana,AMC Kent Station 14,ordinary,1,0,37.0,,4.0,14,118,0.5311355311355311,0.8461538461538461,0.2857142857142857,0.5,upper-middle,,,0.21103627555240456,0.0,1.0,1.0,0.0,1.0,0.0,0.0,17.16,1.055350553505535,1.055350553505535,0.9618834080717489
2026-08-03,Hadestown: The Musical,AMC Kent Station 14,ordinary,0,0,16.0,5.0,3.0,1,105,0.5934065934065934,0.8461538461538461,0.42857142857142855,,upper-middle,0.6666666666666667,-0.07326007326007333,-0.052078356426182526,-0.07326007326007333,0.8901098901098901,3.0,0.0,0.0,0.0,0.0,13.01,0.8001230012300122,0.8001230012300122,0.9117028731604765
2026-08-03,Toy Story 5,AMC Kent Station 14,ordinary,3,0,34.0,,6.0,2,106,0.3626373626373627,0.8461538461538461,0.09523809523809523,0.1,lower-middle,,,-0.18152218152218147,-0.21286121286121285,0.6301272984441302,1.0,1.0,0.0,0.0,0.0,16.990000000000002,1.0448954489544895,1.0448954489544895,0.9523542600896863
2026-08-03,Spider-Man: Brand New Day,AMC Kent Station 14,ordinary,3,0,305.0,38.0,13.0,5,109,0.4432789432789433,1.0,0.21717171717171718,0.26744186046511625,lower-middle,0.4886877828054299,-0.04540883952648661,-0.01825951825951827,-0.04540883952648661,0.9070800598578376,2.0,0.0,0.0,1.0,0.0,18.313030303030303,1.126262626262626,0.8902785757428441,1.0265151515151516
2026-08-03,"DCI 2026: Big, Loud and Live",AMC Kent Station 14,special_event,0,0,1.0,1.0,1.0,3,125,0.5384615384615384,0.5384615384615384,0.0,,upper-middle,,,,0.0,1.0,1.0,,,,,21.0,1.2915129151291511,1.2915129151291511,1.4716187806587246
2026-08-03,Evil Dead Burn,AMC Kent Station 14,ordinary,0,0,13.0,,2.0,1,105,0.6410256410256411,0.8461538461538461,0.6666666666666666,,upper-middle,,,-0.0219780219780219,0.0,1.0,2.0,0.0,0.0,0.0,0.0,16.26,1.0,1.0,0.9114349775784755
2026-08-03,Super Troopers 3,AMC Kent Station 14,ordinary,2,0,4.0,4.0,1.0,2,106,0.23076923076923078,0.23076923076923078,0.0,0.0,low,,,,0.0,1.0,1.0,,,,,15.447500000000002,0.9500307503075031,0.9500307503075031,1.0825157673440786
2026-08-03,Super Troopers 3: Special Broken Lizard Fan Event,AMC Kent Station 14,special_event,0,0,1.0,1.0,1.0,10,114,0.15384615384615385,0.15384615384615385,0.0,0.0,low,,,,0.0,1.0,1.0,,,,,16.26,1.0,1.0,0.9114349775784755
2026-08-03,Ice Cream Man,AMC Kent Station 14,ordinary,2,0,2.0,2.0,2.0,1,105,0.6153846153846154,0.8461538461538461,0.5,1.0,upper-middle,,,,0.0,1.0,1.0,,,,,16.26,1.0,1.0,0.9114349775784755
2026-08-03,I Want Your Sex,AMC Kent Station 14,ordinary,0,0,36.0,5.0,6.0,1,105,0.5783475783475783,0.8461538461538461,0.4444444444444444,0.4444444444444444,upper-middle,0.7692307692307693,-0.19088319088319095,-0.2678062678062678,-0.19088319088319095,0.7518518518518518,1.0,1.0,0.0,0.0,0.0,16.26,1.0,1.0,0.9114349775784755
2026-08-03,AMC Scream Unseen: August 3,AMC Kent Station 14,special_event,0,0,2.0,2.0,1.0,3,125,0.5384615384615384,0.5384615384615384,0.0,0.0,upper-middle,,,,0.0,1.0,1.0,,,,,8.14,0.5006150061500615,0.5006150061500615,0.45627802690582964
2026-08-03,One Night Only,AMC Kent Station 14,ambiguous_special,3,0,4.0,4.0,1.0,13,117,0.46153846153846156,0.46153846153846156,0.0,0.0,lower-middle,,,,0.0,1.0,1.0,,,,,15.447500000000002,0.9500307503075031,0.9500307503075031,1.0825157673440786
2026-08-10,Muppet Treasure Island,AMC Kent Station 14,ordinary,0,0,4.0,4.0,1.0,11,115,0.6153846153846154,0.6153846153846154,0.0,,upper-middle,,,,0.0,1.0,1.0,,,,,3.15,0.19372693726937268,0.19372693726937268,0.2207428170988087
2026-08-10,Tales from Earthsea 20th Anniversary - Studio Ghibli Fest 2026,AMC Kent Station 14,rerelease,0,0,2.0,2.0,1.0,2,106,0.7692307692307693,0.7692307692307693,1.0,1.0,top,0.7692307692307693,0.0,,0.0,1.0,1.0,,,,,18.9,1.162361623616236,1.162361623616236,1.324456902592852
2026-08-10,Only Yesterday 35th Anniversary - Studio Ghibli Fest 2026,AMC Kent Station 14,rerelease,0,0,5.0,5.0,2.0,2,106,0.8615384615384615,1.0,1.0,1.0,top,0.8615384615384615,0.0,,0.0,1.0,1.0,,,,,18.9,1.162361623616236,1.162361623616236,1.0594170403587444
2026-08-10,Minions & Monsters,AMC Kent Station 14,ordinary,0,0,20.0,,3.0,1,105,0.7948717948717948,1.0,0.6666666666666666,0.0,top,,,-0.01666666666666672,0.0,1.0,2.0,0.0,0.0,0.0,0.0,15.459999999999999,0.9507995079950798,0.9507995079950798,1.0833917309039944
2026-08-10,The Odyssey,AMC Kent Station 14,ordinary,3,0,78.0,12.0,8.0,7,111,0.5384615384615384,1.0,0.3023255813953488,0.4444444444444444,upper-middle,,,0.022546419098143256,-0.054131054131054124,0.9086538461538461,4.0,0.0,0.0,1.0,0.0,19.342093023255813,1.1895506164363967,0.9403059320979977,1.084198039420169
2026-08-10,Moana,AMC Kent Station 14,ordinary,0,0,14.0,,6.0,14,118,0.5384615384615384,1.0,0.375,,upper-middle,,,-0.04761904761904767,-0.04029304029304026,0.9303797468354431,2.0,0.0,0.0,0.0,0.0,16.50125,1.0148370233702335,1.0148370233702335,1.1563594954449894
2026-08-10,Toy Story 5,AMC Kent Station 14,ordinary,2,0,27.0,,4.0,14,118,0.6666666666666666,1.0,0.4444444444444444,0.3333333333333333,upper-middle,,,-0.022296544035674493,0.0,1.0,4.0,0.0,0.0,0.0,0.0,16.253333333333334,0.9995899958999589,0.9995899958999589,0.9110612855007474
2026-08-10,Spider-Man: Brand New Day,AMC Kent Station 14,ordinary,3,0,239.0,38.0,12.0,6,110,0.3948717948717949,1.0,0.20666666666666667,0.2608695652173913,lower-middle,0.4886877828054299,-0.09381598793363499,-0.021040723981900433,-0.09381598793363499,0.8080246913580247,3.0,0.0,0.0,1.0,0.0,19.1854,1.1799138991389913,0.932688381137579,1.075414798206278
2026-08-10,Super Troopers 3,AMC Kent Station 14,ordinary,1,0,51.0,4.0,6.0,13,117,0.5724508050089446,1.0,0.3488372093023256,0.35,upper-middle,0.6153846153846154,-0.04293381037567079,-0.19677996422182464,-0.04293381037567079,0.930232558139535,2.0,1.0,0.0,0.0,0.0,15.504186046511629,0.9535169770302354,0.9535169770302354,0.8690687245802483
2026-08-10,Ice Cream Man,AMC Kent Station 14,ordinary,1,0,39.0,2.0,4.0,1,105,0.798076923076923,1.0,0.75,0.875,top,0.7307692307692308,0.06730769230769218,0.06730769230769218,0.0,1.0,1.0,0.0,0.0,0.0,0.0,16.26,1.0,1.0,1.1394533987386126
2026-08-10,Nimrods Early Access – Green Day Intro + Bonus Performance,AMC Kent Station 14,special_event,0,0,1.0,1.0,1.0,4,126,0.5384615384615384,0.5384615384615384,0.0,0.0,upper-middle,,,,0.0,1.0,1.0,,,,,16.26,1.0,1.0,0.9114349775784755
2026-08-10,KATSEYE: WILD HEARTS,AMC Kent Station 14,special_event,1,0,3.0,3.0,2.0,2,106,0.8461538461538461,1.0,1.0,1.0,top,,,,0.0,1.0,1.0,,,,,18.9,1.162361623616236,1.162361623616236,1.0594170403587444
2026-08-10,PAW Patrol: The Dino Movie - Early Access,AMC Kent Station 14,special_event,0,0,1.0,1.0,1.0,4,126,0.5384615384615384,0.5384615384615384,0.0,,upper-middle,0.5384615384615384,0.0,,0.0,1.0,1.0,,,,,13.01,0.8001230012300122,0.8001230012300122,0.9117028731604765
2026-08-10,PAW Patrol: The Dino Movie,AMC Kent Station 14,ordinary,3,0,3.0,3.0,1.0,4,126,0.5384615384615384,0.5384615384615384,0.0,0.0,upper-middle,,,,0.0,1.0,1.0,,,,,15.176666666666668,0.9333743337433374,0.9333743337433374,1.0635365568792339
2026-08-10,The End of Oak Street,AMC Kent Station 14,ordinary,3,0,4.0,4.0,1.0,11,115,0.6153846153846154,0.6153846153846154,0.0,0.0,upper-middle,,,,0.0,1.0,1.0,,,,,15.447500000000002,0.9500307503075031,0.9500307503075031,0.8658912556053813
2026-08-10,AMC Screen Unseen: August 10,AMC Kent Station 14,special_event,0,0,2.0,2.0,1.0,4,126,0.5384615384615384,0.5384615384615384,0.0,0.0,upper-middle,,,,0.0,1.0,1.0,,,,,8.14,0.5006150061500615,0.5006150061500615,0.45627802690582964
2026-08-10,Grateful Dead Meet-Up At The Movies 2026,AMC Kent Station 14,special_event,0,0,2.0,2.0,1.0,14,118,0.46153846153846156,0.46153846153846156,0.0,0.0,lower-middle,0.46153846153846156,0.0,,0.0,1.0,1.0,,,,,18.9,1.162361623616236,1.162361623616236,1.324456902592852
2026-08-10,One Night Only,AMC Kent Station 14,ambiguous_special,2,0,47.0,4.0,4.0,3,125,0.6108597285067874,0.8461538461538461,0.14705882352941177,0.1875,upper-middle,0.3076923076923077,0.30316742081447967,0.30316742081447967,0.0,1.0,1.0,0.0,1.0,0.0,0.0,15.590882352941177,0.9588488531944143,0.9588488531944143,0.8739283830123978
2026-08-10,Practical Magic,AMC Kent Station 14,special_event,0,0,1.0,1.0,1.0,13,117,0.3076923076923077,0.3076923076923077,0.0,0.0,lower-middle,,,,0.0,1.0,1.0,,,,,16.26,1.0,1.0,0.9114349775784755
2026-08-10,Spider-Man: Brand New Day: Sensory Friendly Screening,AMC Kent Station 14,accessibility_presentation,0,0,2.0,2.0,1.0,14,118,0.46153846153846156,0.46153846153846156,0.0,0.0,lower-middle,0.46153846153846156,0.0,,0.0,1.0,1.0,,,,,16.26,1.0,1.0,0.9114349775784755
2026-08-10,The Brink of War,AMC Kent Station 14,ordinary,2,0,3.0,3.0,1.0,1,105,1.0,1.0,1.0,1.0,top,,,,0.0,1.0,1.0,,,,,14.635000000000002,0.9000615006150061,0.9000615006150061,0.8203475336322871
2026-08-17,Six: The Musical Live!,AMC Kent Station 14,special_event,1,0,15.0,2.0,4.0,5,109,0.3230769230769231,0.6923076923076923,0.0,0.0,lower-middle,0.7692307692307693,-0.4461538461538462,-0.2923076923076923,-0.4461538461538462,0.42,1.0,1.0,0.0,0.0,0.0,14.960000000000003,0.920049200492005,0.920049200492005,1.0483531885073583
2026-08-17,The Odyssey,AMC Kent Station 14,ordinary,3,0,44.0,12.0,8.0,7,111,0.40942928039702237,0.9230769230769231,0.16129032258064516,0.1875,lower-middle,,,-0.07251734440674534,-0.1831633121955702,0.6909119106699753,2.0,0.0,0.0,1.0,0.0,19.223225806451612,1.182240209498869,0.9345272633180172,1.0775350788369737
2026-08-17,Toy Story 5,AMC Kent Station 14,ordinary,1,0,15.0,,3.0,13,117,0.5256410256410257,0.9230769230769231,0.16666666666666666,,upper-middle,,,-0.16666666666666663,-0.15047233468286103,0.7774451097804391,5.0,1.0,0.0,0.0,0.0,14.865,0.9142066420664205,0.9142066420664205,1.0416958654519972
2026-08-17,Spider-Man: Brand New Day,AMC Kent Station 14,ordinary,3,0,156.0,38.0,11.0,6,110,0.30973451327433627,1.0,0.07079646017699115,0.06557377049180328,lower-middle,0.4886877828054299,-0.17895326953109364,-0.07206661242922852,-0.17895326953109364,0.6338085873484103,4.0,0.0,0.0,1.0,0.0,18.914778761061946,1.1632705265105747,0.9195322684035948,1.060245446247867
2026-08-17,The Fast and the Furious 25th Anniversary,AMC Kent Station 14,rerelease,2,0,3.0,3.0,2.0,12,127,0.5897435897435898,0.6923076923076923,0.0,0.0,upper-middle,,,,0.0,1.0,1.0,,,,,15.176666666666668,0.9333743337433374,0.9333743337433374,0.8507100149476832
2026-08-17,Super Troopers 3,AMC Kent Station 14,ordinary,0,0,23.0,4.0,5.0,13,117,0.5128205128205129,0.9230769230769231,0.13333333333333333,0.0,upper-middle,0.6153846153846154,-0.10256410256410253,-0.07036374478234941,-0.10256410256410253,0.8333333333333334,3.0,0.0,0.0,0.0,0.0,16.043333333333337,0.9866748667486676,0.9866748667486676,1.124270030366737
2026-08-17,Point Break 35th Anniversary,AMC Kent Station 14,special_event,0,0,3.0,3.0,1.0,4,126,0.923076923076923,0.9230769230769231,1.0,1.0,top,0.923076923076923,0.0,,0.0,1.0,1.0,,,,,18.9,1.162361623616236,1.162361623616236,1.0594170403587444
2026-08-17,Texas Chainsaw Day (2026),AMC Kent Station 14,special_event,0,0,1.0,1.0,1.0,4,126,0.9230769230769231,0.9230769230769231,1.0,1.0,top,,,,0.0,1.0,1.0,,,,,18.9,1.162361623616236,1.162361623616236,1.0594170403587444
2026-08-17,Ice Cream Man,AMC Kent Station 14,ordinary,0,0,9.0,2.0,4.0,14,118,0.6153846153846153,1.0,0.16666666666666666,,upper-middle,0.7307692307692308,-0.11538461538461553,-0.16987179487179493,-0.1923076923076923,0.7619047619047619,1.0,1.0,0.0,0.0,0.0,16.26,1.0,1.0,0.9114349775784755
2026-08-17,La La Land 10th Anniversary,AMC Kent Station 14,rerelease,1,0,7.0,7.0,1.0,8,112,0.15384615384615388,0.15384615384615385,0.0,0.0,low,0.15384615384615388,0.0,,0.0,1.0,1.0,,,,,22.095714285714283,1.358900017571604,1.0741718174873254,1.5484032435679247
2026-08-17,KATSEYE: WILD HEARTS,AMC Kent Station 14,special_event,0,0,3.0,3.0,1.0,2,106,0.6153846153846154,0.6153846153846154,0.0,0.0,upper-middle,0.8461538461538461,-0.23076923076923073,-0.1282051282051282,-0.23076923076923073,0.7272727272727273,1.0,0.0,0.0,0.0,0.0,18.9,1.162361623616236,1.162361623616236,1.324456902592852
2026-08-17,PAW Patrol: The Dino Movie,AMC Kent Station 14,ordinary,3,0,44.0,4.0,7.0,4,126,0.7518610421836228,0.9230769230769231,0.6774193548387096,0.6666666666666666,top,0.8076923076923077,-0.05583126550868489,-0.07506203473945416,-0.05583126550868489,0.9308755760368663,2.0,0.0,0.0,0.0,0.0,15.526129032258066,0.9548664841487124,0.9548664841487124,0.8702987125705194
2026-08-17,The End of Oak Street,AMC Kent Station 14,ordinary,3,0,66.0,8.0,10.0,7,111,0.5824175824175825,1.0,0.5306122448979592,0.48148148148148145,upper-middle,0.8461538461538461,-0.2637362637362637,-0.2637362637362637,-0.2637362637362637,0.6883116883116883,1.0,1.0,0.0,0.0,0.0,17.36530612244898,1.0679770063006753,0.8442054507753515,0.9733915987919832
2026-08-17,One Night Only,AMC Kent Station 14,ambiguous_special,1,0,30.0,4.0,5.0,2,106,0.5641025641025641,0.7692307692307693,0.047619047619047616,0.0,upper-middle,0.3076923076923077,0.2564102564102564,-0.09176788124156543,-0.04925775978407554,0.9196919691969198,2.0,0.0,0.0,0.0,0.0,15.640952380952383,0.9619281907104785,0.9619281907104785,0.8767349989323084
2026-08-17,Insidious: Out of the Further,AMC Kent Station 14,ordinary,3,0,4.0,4.0,2.0,6,110,0.09615384615384616,0.15384615384615385,0.0,0.0,low,,,,0.0,1.0,1.0,,,,,17.0225,1.0468942189421895,0.8275401069518716,1.192887175893483
2026-08-17,Tony,AMC Kent Station 14,ordinary,2,0,3.0,3.0,1.0,1,105,1.0,1.0,1.0,1.0,top,,,,0.0,1.0,1.0,,,,,16.26,1.0,1.0,0.9114349775784755
2026-08-17,Hot Spot,AMC Kent Station 14,ordinary,1,0,4.0,4.0,1.0,14,118,0.5384615384615384,0.5384615384615384,0.0,0.0,upper-middle,,,,0.0,1.0,1.0,,,,,15.447500000000002,0.9500307503075031,0.9500307503075031,0.8658912556053813
2026-08-17,AMC Scream Unseen: August 17,AMC Kent Station 14,special_event,0,0,2.0,2.0,1.0,3,125,0.7692307692307693,0.7692307692307693,1.0,1.0,top,,,,0.0,1.0,1.0,,,,,8.14,0.5006150061500615,0.5006150061500615,0.45627802690582964
2026-08-17,The Brink of War,AMC Kent Station 14,ordinary,1,0,28.0,5.0,5.0,1,105,0.8461538461538461,1.0,0.7368421052631579,0.7,top,0.7948717948717948,0.05128205128205132,0.05128205128205132,0.0,1.0,2.0,0.0,0.0,0.0,0.0,15.233684210526315,0.9368809477568458,0.9368809477568458,0.8539060656124616
2026-08-17,Nimrods,AMC Kent Station 14,ordinary,0,0,12.0,2.0,2.0,1,105,0.8571428571428571,1.0,0.8571428571428571,1.0,top,1.0,-0.1428571428571429,-0.1428571428571429,-0.1428571428571429,0.8571428571428571,2.0,0.0,0.0,0.0,0.0,15.795714285714286,0.9714461430328588,0.9714461430328588,0.8854099935938501
2026-08-17,The Wrong Girls,AMC Kent Station 14,ordinary,0,0,12.0,1.0,3.0,14,118,0.5384615384615384,0.8461538461538461,0.16666666666666666,0.0,upper-middle,,,,0.0,1.0,1.0,,,,,15.176666666666668,0.9333743337433374,0.9333743337433374,1.0635365568792339
2026-08-17,Your Name. 10th Anniversary,AMC Kent Station 14,rerelease,0,0,18.0,2.0,2.0,14,118,0.5897435897435898,0.8461538461538461,0.16666666666666666,0.18181818181818182,upper-middle,0.8076923076923077,-0.21794871794871795,-0.2564102564102565,-0.21794871794871795,0.7301587301587301,1.0,1.0,0.0,0.0,0.0,15.989166666666668,0.9833435834358343,0.9833435834358343,0.8962537369207774
2026-08-24,Six: The Musical Live!,AMC Kent Station 14,special_event,0,0,7.0,2.0,1.0,13,117,0.5384615384615384,0.5384615384615384,0.0,,upper-middle,0.7692307692307693,-0.23076923076923084,0.19999999999999996,-0.23076923076923084,0.7,1.0,0.0,1.0,0.0,0.0,13.01,0.8001230012300122,0.8001230012300122,0.9117028731604765
2026-08-24,Castle in the Sky 40th Anniversary - Studio Ghibli Fest 2026,AMC Kent Station 14,rerelease,0,0,6.0,6.0,2.0,2,106,0.7948717948717948,0.8461538461538461,0.8333333333333334,0.75,top,0.7948717948717948,0.0,,0.0,1.0,1.0,,,,,18.9,1.162361623616236,1.162361623616236,1.0594170403587444
2026-08-24,The Odyssey,AMC Kent Station 14,ordinary,3,0,38.0,12.0,4.0,7,111,0.3516483516483517,0.6923076923076923,0.0,0.0,lower-middle,,,-0.03736263736263734,-0.24094424094424088,0.5934065934065935,3.0,0.0,0.0,1.0,0.0,20.784285714285716,1.2782463538921103,0.9430256676173192,1.1650384368994235
2026-08-24,Toy Story 5,AMC Kent Station 14,ordinary,0,0,18.0,,5.0,5,109,0.46153846153846156,0.9230769230769231,0.3333333333333333,0.0,lower-middle,,,-0.15384615384615374,-0.2417582417582418,0.65625,1.0,1.0,0.0,0.0,0.0,15.459999999999999,0.9507995079950798,0.9507995079950798,1.0833917309039944
2026-08-24,Spider-Man: Brand New Day,AMC Kent Station 14,ordinary,3,0,98.0,38.0,11.0,9,113,0.3627858627858628,1.0,0.17567567567567569,0.12903225806451613,lower-middle,0.4886877828054299,-0.12590192001956713,0.05571390248809599,-0.12590192001956713,0.7423673673673673,5.0,0.0,0.0,1.0,0.0,19.0772972972973,1.1732655164389483,0.8655761024182078,1.069355229669131
2026-08-24,The Fast and the Furious 25th Anniversary,AMC Kent Station 14,rerelease,1,0,18.0,4.0,2.0,12,127,0.6538461538461537,0.6923076923076923,0.0,0.0,upper-middle,0.75,-0.09615384615384626,-1.1102230246251565e-16,-0.09615384615384626,0.8717948717948717,1.0,0.0,0.0,0.0,0.0,16.26,1.0,1.0,0.9114349775784755
2026-08-24,American Martyr: The Stanley Rother Story,AMC Kent Station 14,special_event,0,0,3.0,3.0,2.0,5,109,0.3333333333333333,1.0,0.3333333333333333,0.3333333333333333,lower-middle,,,,0.0,1.0,1.0,,,,,18.9,1.162361623616236,1.162361623616236,1.0594170403587444
2026-08-24,La La Land 10th Anniversary,AMC Kent Station 14,rerelease,0,0,6.0,8.0,1.0,8,112,0.07692307692307693,0.07692307692307693,0.0,,low,0.15384615384615385,-0.07692307692307693,0.0,-0.07692307692307693,0.5,2.0,0.0,0.0,1.0,0.0,19.31,1.1875768757687575,0.8761343012704174,1.3531885073580938
2026-08-24,PAW Patrol: The Dino Movie,AMC Kent Station 14,ordinary,2,0,33.0,4.0,7.0,12,127,0.7132867132867133,1.0,0.36363636363636365,0.3333333333333333,upper-middle,0.8076923076923077,-0.09440559440559437,-0.04236939531057171,-0.09440559440559437,0.8831168831168832,1.0,0.0,0.0,0.0,0.0,15.07818181818182,0.9273174549927318,0.9273174549927318,1.0566350258011086
2026-08-24,The End of Oak Street,AMC Kent Station 14,ordinary,2,0,35.0,8.0,5.0,11,115,0.6804733727810651,0.9230769230769231,0.7692307692307693,0.6875,upper-middle,0.8461538461538461,-0.16568047337278102,0.1492687283688735,-0.16568047337278102,0.8041958041958043,1.0,0.0,0.0,0.0,1.0,15.010000000000002,0.9231242312423125,0.9231242312423125,0.8413677130044844
2026-08-24,Coyote vs. Acme,AMC Kent Station 14,ambiguous_special,3,0,4.0,4.0,1.0,4,126,0.9230769230769231,0.9230769230769231,1.0,1.0,top,,,,0.0,1.0,1.0,,,,,15.447500000000002,0.9500307503075031,0.9500307503075031,0.8658912556053813
2026-08-24,One Night Only,AMC Kent Station 14,ambiguous_special,0,0,6.0,4.0,3.0,2,106,0.8333333333333334,0.9230769230769231,0.8333333333333334,0.8333333333333334,top,0.3076923076923077,0.5256410256410257,0.0990675990675991,0.0,1.0,1.0,0.0,0.0,0.0,0.0,16.26,1.0,1.0,0.9114349775784755
2026-08-24,Insidious: Out of the Further,AMC Kent Station 14,ordinary,3,0,43.0,5.0,4.0,6,110,0.14705882352941177,0.8461538461538461,0.029411764705882353,0.07692307692307693,low,0.09230769230769231,0.05475113122171946,0.0085972850678733,0.0,1.0,2.0,0.0,0.0,1.0,0.0,16.798235294117646,1.0331018016062512,0.7621703853955375,0.9416051173832761
2026-08-24,GHOST: 2 Big To Rig,AMC Kent Station 14,special_event,1,0,2.0,2.0,1.0,13,117,0.5384615384615384,0.5384615384615384,0.0,0.0,upper-middle,,,,0.0,1.0,1.0,,,,,18.9,1.162361623616236,1.162361623616236,1.0594170403587444
2026-08-24,Coyote vs. Acme Early Access,AMC Kent Station 14,special_event,0,0,1.0,1.0,1.0,4,126,0.9230769230769231,0.9230769230769231,1.0,,top,0.9230769230769231,0.0,,0.0,1.0,1.0,,,,,13.01,0.8001230012300122,0.8001230012300122,0.9117028731604765
2026-08-24,Mutiny,AMC Kent Station 14,ordinary,2,0,33.0,3.0,4.0,3,125,0.6353276353276353,0.9230769230769231,0.3333333333333333,0.5555555555555556,upper-middle,0.6153846153846154,0.019943019943019835,0.019943019943019835,0.0,1.0,2.0,0.0,0.0,0.0,0.0,15.537777777777778,0.9555828891622249,0.9555828891622249,1.0888421708323601
2026-08-24,Finding Emily,AMC Kent Station 14,ordinary,2,0,4.0,4.0,1.0,3,125,0.6153846153846154,0.6153846153846154,0.0,0.0,upper-middle,,,,0.0,1.0,1.0,,,,,15.447500000000002,0.9500307503075031,0.9500307503075031,1.0825157673440786
2026-08-24,The Dog Stars,AMC Kent Station 14,ordinary,2,0,4.0,4.0,4.0,6,110,0.21153846153846156,0.38461538461538464,0.0,0.0,low,,,,0.0,1.0,1.0,,,,,18.4675,1.1357626076260763,0.8379083484573504,1.2941485634197618
2026-08-24,Tony,AMC Kent Station 14,ordinary,1,0,30.0,3.0,4.0,1,105,0.9487179487179488,1.0,0.9166666666666666,1.0,top,1.0,-0.05128205128205121,-0.05128205128205121,-0.05128205128205121,0.9487179487179488,2.0,0.0,0.0,0.0,0.0,15.312083333333334,0.9417025420254201,0.9417025420254201,0.8583006352765322
2026-08-24,Hot Spot,AMC Kent Station 14,ordinary,0,0,34.0,5.0,2.0,14,118,0.4731934731934732,0.5384615384615384,0.0,0.0,lower-middle,0.5384615384615384,-0.06526806526806522,0.011655011655011649,-0.06526806526806522,0.8787878787878789,1.0,0.0,0.0,0.0,0.0,15.66909090909091,0.9636587274963658,0.9636587274963658,0.8783122706889523
2026-08-24,Harry Potter and the Sorcerer’s Stone: 25th Anniversary,AMC Kent Station 14,rerelease,1,0,1.0,1.0,1.0,11,115,0.7692307692307693,0.7692307692307693,1.0,1.0,top,,,,0.0,1.0,1.0,,,,,16.26,1.0,1.0,0.9114349775784755
2026-08-24,The Brink of War,AMC Kent Station 14,ordinary,0,0,6.0,5.0,1.0,2,106,0.8461538461538461,0.8461538461538461,1.0,,top,0.7948717948717948,0.05128205128205132,-0.03238866396761142,-0.06072874493927127,0.9330357142857143,3.0,0.0,0.0,0.0,0.0,13.01,0.8001230012300122,0.8001230012300122,0.9117028731604765
2026-08-24,AMC Scream Unseen: August 24,AMC Kent Station 14,special_event,0,0,2.0,2.0,1.0,4,126,0.9230769230769231,0.9230769230769231,1.0,1.0,top,,,,0.0,1.0,1.0,,,,,8.14,0.5006150061500615,0.5006150061500615,0.45627802690582964
2026-08-24,The Magic Faraway Tree,AMC Kent Station 14,ordinary,0,0,13.0,2.0,2.0,13,117,0.6263736263736263,0.8461538461538461,0.2857142857142857,,upper-middle,0.7307692307692308,-0.10439560439560458,-0.18131868131868145,-0.10439560439560458,0.8571428571428569,2.0,1.0,0.0,0.0,0.0,15.795714285714286,0.9714461430328588,0.9714461430328588,1.1069176093703075
2026-08-24,Spa Weekend,AMC Kent Station 14,ordinary,0,0,24.0,4.0,4.0,2,106,0.7692307692307693,0.9230769230769231,0.6666666666666666,0.6666666666666666,top,0.5641025641025641,0.20512820512820518,0.20512820512820518,0.0,1.0,1.0,0.0,1.0,0.0,0.0,15.176666666666668,0.9333743337433374,0.9333743337433374,0.8507100149476832
2026-08-24,PAW Patrol: The Dino Movie: Sensory Friendly Screening,AMC Kent Station 14,accessibility_presentation,0,0,1.0,1.0,,,,,,,,unknown,,,,,,,,,,,,,,
2026-08-24,The End of Oak Street: Sensory Friendly Screening,AMC Kent Station 14,accessibility_presentation,0,0,1.0,1.0,1.0,1,105,1.0,1.0,1.0,1.0,top,,,,0.0,1.0,1.0,,,,,16.26,1.0,1.0,0.9114349775784755
2026-08-31,The Odyssey,AMC Kent Station 14,ordinary,3,0,31.0,12.0,6.0,7,111,0.38461538461538464,1.0,0.21739130434782608,0.2727272727272727,lower-middle,,,0.01357466063348417,-0.20797720797720792,0.6490384615384616,4.0,0.0,0.0,1.0,0.0,19.76391304347826,1.215492807101984,0.8967292669454747,1.107842659387795
2026-08-31,Spider-Man: Brand New Day,AMC Kent Station 14,ordinary,3,0,58.0,38.0,6.0,9,113,0.2368024132730015,1.0,0.0196078431372549,0.038461538461538464,low,0.4886877828054299,-0.2518853695324284,-0.10507792860734039,-0.2518853695324284,0.48456790123456783,1.0,0.0,0.0,1.0,0.0,18.41235294117647,1.1323710295926486,0.8354062133020177,1.0320825639672908
2026-08-31,The Fast and the Furious 25th Anniversary,AMC Kent Station 14,rerelease,0,0,11.0,4.0,4.0,4,126,0.5641025641025641,1.0,0.3333333333333333,,upper-middle,0.75,-0.1858974358974359,0.0013495276653170407,-0.1858974358974359,0.7521367521367521,1.0,0.0,0.0,0.0,0.0,15.176666666666668,0.9333743337433374,0.9333743337433374,1.0635365568792339
2026-08-31,Legend of the White Dragon,AMC Kent Station 14,ordinary,0,0,4.0,4.0,2.0,4,126,0.9230769230769231,1.0,1.0,1.0,top,0.9230769230769231,0.0,,0.0,1.0,1.0,,,,,18.9,1.162361623616236,1.162361623616236,1.0594170403587444
2026-08-31,Terminator 2: Judgment Day 35th Anniversary,AMC Kent Station 14,rerelease,0,0,12.0,12.0,2.0,1,105,0.5,0.9230769230769231,0.5,0.5,upper-middle,0.5,0.0,,0.0,1.0,1.0,,,,,21.0,1.2915129151291511,0.9528130671506353,1.1771300448430493
2026-08-31,The Hunger Games (2026),AMC Kent Station 14,special_event,0,0,1.0,1.0,1.0,5,109,0.07692307692307693,0.07692307692307693,0.0,0.0,low,,,,0.0,1.0,1.0,,,,,18.9,1.162361623616236,1.162361623616236,1.0594170403587444
2026-08-31,PAW Patrol: The Dino Movie,AMC Kent Station 14,ordinary,1,0,26.0,4.0,6.0,3,125,0.6837606837606838,1.0,0.5,0.3333333333333333,upper-middle,0.8076923076923077,-0.12393162393162394,-0.07623931623931623,-0.12393162393162394,0.8465608465608465,2.0,0.0,0.0,0.0,0.0,14.815555555555555,0.9111657783244498,0.9111657783244498,1.0382309429261076
2026-08-31,The End of Oak Street,AMC Kent Station 14,ordinary,1,0,33.0,8.0,4.0,3,125,0.6538461538461539,1.0,0.5769230769230769,0.5714285714285714,upper-middle,0.8461538461538461,-0.1923076923076923,0.10769230769230775,-0.1923076923076923,0.7727272727272727,2.0,0.0,0.0,0.0,0.0,15.385000000000002,0.9461869618696187,0.9461869618696187,0.8623878923766817
2026-08-31,Coyote vs. Acme,AMC Kent Station 14,ambiguous_special,3,0,50.0,6.0,10.0,11,115,0.5183150183150184,1.0,0.19047619047619047,0.23809523809523808,upper-middle,0.8153846153846154,-0.297069597069597,-0.2816849816849817,-0.297069597069597,0.6356693620844565,1.0,1.0,0.0,1.0,0.0,15.70404761904762,0.9658085866572951,0.7125248465992569,0.8802717275250908
2026-08-31,Insidious: Out of the Further,AMC Kent Station 14,ordinary,3,0,32.0,5.0,10.0,12,127,0.5256410256410257,1.0,0.16666666666666666,0.23076923076923078,upper-middle,0.09230769230769231,0.43333333333333335,0.3678500986193294,0.0,1.0,1.0,0.0,1.0,0.0,1.0,15.501666666666667,0.9533620336203361,0.9533620336203361,0.8689275037369208
2026-08-31,GHOST: 2 Big To Rig,AMC Kent Station 14,special_event,0,0,1.0,2.0,1.0,13,117,0.6923076923076923,0.6923076923076923,0.0,,upper-middle,0.6923076923076923,0.0,0.0,0.0,1.0,2.0,0.0,0.0,0.0,0.0,18.9,1.162361623616236,1.162361623616236,1.324456902592852
2026-08-31,The Last Blossom,AMC Kent Station 14,special_event,0,0,2.0,2.0,2.0,13,117,0.8076923076923077,0.9230769230769231,0.5,1.0,top,0.8076923076923077,0.0,,0.0,1.0,1.0,,,,,18.9,1.162361623616236,1.162361623616236,1.324456902592852
2026-08-31,Katy Perry: The Lifetimes Tour - Live From Paris,AMC Kent Station 14,special_event,0,0,1.0,1.0,1.0,7,111,0.23076923076923078,0.23076923076923078,0.0,0.0,low,,,,0.0,1.0,1.0,,,,,24.15,1.4852398523985237,1.0957350272232305,1.3536995515695067
2026-08-31,Mutiny,AMC Kent Station 14,ordinary,1,0,30.0,3.0,4.0,13,117,0.7603550295857988,0.9230769230769231,0.34615384615384615,0.2222222222222222,top,0.6153846153846154,0.1449704142011834,0.0378275570583263,0.0,1.0,1.0,0.0,0.0,0.0,0.0,15.135000000000002,0.9308118081180812,0.9308118081180812,1.060616678346181
2026-08-31,Finding Emily,AMC Kent Station 14,ordinary,1,0,27.0,4.0,3.0,2,106,0.8173076923076924,0.8461538461538461,0.875,0.8333333333333334,top,0.7692307692307693,0.04807692307692313,0.04807692307692313,0.0,1.0,2.0,0.0,0.0,0.0,0.0,15.4475,0.950030750307503,0.950030750307503,0.8658912556053812
2026-08-31,The Dog Stars,AMC Kent Station 14,ordinary,1,0,32.0,4.0,10.0,8,112,0.29395604395604397,1.0,0.07142857142857142,0.1,lower-middle,0.19230769230769232,0.10164835164835165,0.1208791208791209,0.0,1.0,1.0,0.0,0.0,1.0,0.0,18.268214285714286,1.1235064136355648,0.8288663469017372,1.2801832015216739
2026-08-31,Tony,AMC Kent Station 14,ordinary,0,0,9.0,3.0,4.0,14,118,0.5076923076923078,0.9230769230769231,0.2,,upper-middle,1.0,-0.4923076923076922,-0.33550295857988155,-0.4923076923076922,0.5076923076923078,1.0,1.0,0.0,0.0,0.0,14.960000000000003,0.920049200492005,0.920049200492005,0.8385650224215249
2026-08-31,Harry Potter and the Sorcerer’s Stone: 25th Anniversary,AMC Kent Station 14,rerelease,0,0,5.0,1.0,3.0,11,115,0.7076923076923076,1.0,0.4,0.4,upper-middle,0.6153846153846154,0.0923076923076922,0.16923076923076918,0.0,1.0,2.0,0.0,1.0,0.0,0.0,16.26,1.0,1.0,0.9114349775784755
2026-08-31,Harry Potter And The Philosopher's Stone: 25th Anniversary,AMC Kent Station 14,rerelease,0,0,3.0,3.0,,,,,,,,unknown,,,,,,,,,,,,,,
2026-08-31,AMC Screen Unseen: August 31,AMC Kent Station 14,special_event,0,0,2.0,2.0,1.0,3,125,0.7692307692307693,0.7692307692307693,1.0,1.0,top,,,,0.0,1.0,1.0,,,,,8.14,0.5006150061500615,0.5006150061500615,0.45627802690582964
2026-08-31,By Any Means,AMC Kent Station 14,ordinary,3,0,3.0,3.0,1.0,3,125,0.7692307692307693,0.7692307692307693,1.0,1.0,top,,,,0.0,1.0,1.0,,,,,16.26,1.0,1.0,0.9114349775784755
2026-08-31,Onslaught,AMC Kent Station 14,ordinary,2,0,3.0,3.0,2.0,11,115,0.6923076923076922,1.0,0.3333333333333333,0.0,upper-middle,,,,0.0,1.0,1.0,,,,,16.26,1.0,1.0,0.9114349775784755
2026-08-31,The Uprising: Early Access Live Q&A with Paul Greengrass and Andrew Garfield,AMC Kent Station 14,special_event,0,0,1.0,1.0,1.0,10,114,0.38461538461538464,0.38461538461538464,0.0,0.0,lower-middle,,,,0.0,1.0,1.0,,,,,16.26,1.0,1.0,0.9114349775784755
2026-08-31,Colony,AMC Kent Station 14,ordinary,0,0,6.0,1.0,4.0,1,105,0.576923076923077,0.9230769230769231,0.3333333333333333,0.0,upper-middle,0.9230769230769231,-0.34615384615384615,-0.34615384615384615,-0.34615384615384615,0.625,1.0,1.0,0.0,0.0,0.0,16.26,1.0,1.0,0.9114349775784755
2026-08-31,Buddy,AMC Kent Station 14,ordinary,3,0,18.0,1.0,9.0,12,127,0.5976331360946745,0.9230769230769231,0.23076923076923078,0.0,upper-middle,0.6923076923076923,-0.09467455621301779,-0.09467455621301779,-0.09467455621301779,0.8632478632478632,2.0,0.0,0.0,0.0,0.0,15.510000000000002,0.9538745387453874,0.9538745387453874,0.8693946188340808
2026-08-31,It Ends,AMC Kent Station 14,ordinary,0,0,10.0,1.0,5.0,5,109,0.42857142857142855,0.6923076923076923,0.0,0.0,lower-middle,,,,0.0,1.0,1.0,,,,,15.331428571428573,0.9428922860657178,0.9428922860657178,1.0743818200020023
2026-08-31,Idiots,AMC Kent Station 14,ordinary,0,0,11.0,1.0,3.0,14,118,0.49230769230769234,0.6923076923076923,0.0,0.0,lower-middle,0.3076923076923077,0.18461538461538463,0.18461538461538463,0.0,1.0,2.0,0.0,1.0,0.0,0.0,14.309999999999999,0.8800738007380072,0.8800738007380072,1.0028030833917307
2026-08-31,Fall 2: Deadpoint,AMC Kent Station 14,ordinary,2,0,4.0,4.0,2.0,3,125,0.6923076923076923,0.7692307692307693,0.5,0.6666666666666666,upper-middle,,,,0.0,1.0,1.0,,,,,16.26,1.0,1.0,0.9114349775784755
2026-09-08,The Odyssey,AMC Kent Station 14,ordinary,3,0,28.0,12.0,5.0,7,111,0.15769230769230771,0.9230769230769231,0.05,0.1,low,,,-0.2062130177514793,-0.4349002849002849,0.2661057692307693,1.0,1.0,0.0,1.0,0.0,21.681,1.3333948339483395,0.9837114337568059,1.2153026905829598
2026-09-08,Toy Story 5,AMC Kent Station 14,ordinary,0,0,13.0,,2.0,12,127,0.5128205128205128,0.5384615384615384,0.0,0.0,upper-middle,,,,-0.19047619047619058,0.7291666666666665,1.0,,,,,8.14,0.5006150061500615,0.5006150061500615,0.45627802690582964
2026-09-08,Spider-Man: Brand New Day,AMC Kent Station 14,ordinary,3,0,47.0,38.0,6.0,9,113,0.20997920997921,1.0,0.02702702702702703,0.058823529411764705,low,0.4886877828054299,-0.2787085728262199,-0.042382463435095,-0.2787085728262199,0.4296796796796797,1.0,0.0,0.0,1.0,0.0,18.895675675675676,1.162095675010804,0.8573355569725806,1.3241538665505028
2026-09-08,The Hunger Games: Catching Fire (2026),AMC Kent Station 14,special_event,0,0,1.0,1.0,1.0,5,109,0.3076923076923077,0.3076923076923077,0.0,0.0,lower-middle,0.3076923076923077,0.0,,0.0,1.0,1.0,,,,,18.9,1.162361623616236,1.162361623616236,1.0594170403587444
2026-09-08,The Hunger Games: Mockingjay - Part 1 (2026),AMC Kent Station 14,special_event,0,0,1.0,1.0,1.0,5,109,0.3076923076923077,0.3076923076923077,0.0,0.0,lower-middle,0.3076923076923077,0.0,,0.0,1.0,1.0,,,,,18.9,1.162361623616236,1.162361623616236,1.0594170403587444
2026-09-08,The Hunger Games: Mockingjay - Part 2 (2026),AMC Kent Station 14,special_event,0,0,1.0,1.0,1.0,5,109,0.3076923076923077,0.3076923076923077,0.0,0.0,lower-middle,0.3076923076923077,0.0,,0.0,1.0,1.0,,,,,18.9,1.162361623616236,1.162361623616236,1.0594170403587444
2026-09-08,The Hunger Games: The Ballad of Songbirds & Snakes (2026),AMC Kent Station 14,special_event,0,0,1.0,1.0,1.0,5,109,0.3076923076923077,0.3076923076923077,0.0,0.0,lower-middle,0.3076923076923077,0.0,,0.0,1.0,1.0,,,,,18.9,1.162361623616236,1.162361623616236,1.0594170403587444
2026-09-08,Runner,AMC Kent Station 14,ordinary,3,0,4.0,4.0,2.0,4,126,0.9038461538461539,1.0,0.75,1.0,top,,,,0.0,1.0,1.0,,,,,14.635000000000002,0.9000615006150061,0.9000615006150061,1.0255781359495446
2026-09-08,MST3K: The RiffTrax Experiments - Sting of Death,AMC Kent Station 14,special_event,1,0,1.0,1.0,1.0,3,125,0.8461538461538461,0.8461538461538461,1.0,1.0,top,,,,0.0,1.0,1.0,,,,,18.9,1.162361623616236,1.162361623616236,1.0594170403587444
2026-09-08,PAW Patrol: The Dino Movie,AMC Kent Station 14,ordinary,0,0,10.0,4.0,2.0,11,115,0.5384615384615385,0.8461538461538461,0.2,,upper-middle,0.8076923076923077,-0.26923076923076916,-0.13765182186234814,-0.26923076923076916,0.6666666666666667,3.0,0.0,0.0,0.0,0.0,13.01,0.8001230012300122,0.8001230012300122,0.9117028731604765
2026-09-08,The End of Oak Street,AMC Kent Station 14,ordinary,0,0,27.0,8.0,5.0,14,118,0.5668016194331984,1.0,0.2631578947368421,0.2,upper-middle,0.8461538461538461,-0.27935222672064774,-0.06184559542091295,-0.27935222672064774,0.6698564593301436,3.0,0.0,0.0,0.0,0.0,15.746842105263157,0.9684404738784229,0.9684404738784229,0.8826705215954684
2026-09-08,The Passion of the Christ (2026 Event),AMC Kent Station 14,special_event,1,0,1.0,1.0,1.0,11,115,0.46153846153846156,0.46153846153846156,0.0,0.0,lower-middle,,,,0.0,1.0,1.0,,,,,18.9,1.162361623616236,1.162361623616236,1.0594170403587444
2026-09-08,Coyote vs. Acme,AMC Kent Station 14,ambiguous_special,3,0,39.0,6.0,6.0,6,110,0.46386946386946387,1.0,0.2727272727272727,0.3157894736842105,lower-middle,0.8153846153846154,-0.3515151515151515,-0.08113871943659184,-0.3515151515151515,0.5688965122927387,1.0,0.0,0.0,0.0,1.0,15.07818181818182,0.9273174549927318,0.9273174549927318,0.8451895637994293
2026-09-08,Insidious: Out of the Further,AMC Kent Station 14,ordinary,2,0,27.0,5.0,9.0,12,127,0.6025641025641025,1.0,0.2916666666666667,0.3,upper-middle,0.09230769230769231,0.5102564102564102,0.08672699849170429,0.0,1.0,2.0,0.0,0.0,0.0,0.0,15.4475,0.950030750307503,0.950030750307503,1.0825157673440784
2026-09-08,Mutiny,AMC Kent Station 14,ordinary,0,0,9.0,3.0,2.0,1,105,0.7076923076923077,0.9230769230769231,0.6,,upper-middle,0.6153846153846154,0.09230769230769231,-0.010256410256410331,-0.05584045584045583,0.926865671641791,1.0,0.0,0.0,0.0,0.0,16.26,1.0,1.0,1.0
2026-09-08,Finding Emily,AMC Kent Station 14,ordinary,0,0,9.0,4.0,2.0,1,105,0.7435897435897436,0.9230769230769231,0.6666666666666666,,upper-middle,0.7692307692307693,-0.02564102564102566,0.017435897435897463,-0.02564102564102566,0.9666666666666667,2.0,0.0,0.0,0.0,0.0,13.01,0.8001230012300122,0.8001230012300122,0.9117028731604765
2026-09-08,The Dog Stars,AMC Kent Station 14,ordinary,0,0,26.0,4.0,2.0,13,117,0.5944055944055945,0.6153846153846154,0.0,0.0,upper-middle,0.19230769230769232,0.4020979020979022,0.31589100554617805,0.0,1.0,1.0,0.0,1.0,0.0,1.0,15.373636363636365,0.9454880912445488,0.9454880912445488,1.0773396190354847
2026-09-08,Practical Magic 2,AMC Kent Station 14,ordinary,3,0,7.0,7.0,2.0,8,112,0.0989010989010989,0.23076923076923078,0.0,0.0,low,,,,0.0,1.0,1.0,,,,,18.931428571428572,1.164294500087858,0.8589577391755251,1.3266593252577836
2026-09-08,Oasis: Don’t Look Back In Anger IMAX Early Access,AMC Kent Station 14,special_event,0,0,1.0,1.0,1.0,7,111,0.15384615384615385,0.15384615384615385,0.0,0.0,low,,,,0.0,1.0,1.0,,,,,22.04,1.3554735547355472,1.0,1.2354260089686098
2026-09-08,By Any Means,AMC Kent Station 14,ordinary,2,0,26.0,3.0,6.0,3,125,0.8127090301003345,1.0,0.8695652173913043,0.8461538461538461,top,0.8461538461538461,-0.03344481605351168,-0.03344481605351168,-0.03344481605351168,0.9604743083003953,2.0,0.0,0.0,0.0,0.0,15.553478260869566,0.9565484785282635,0.9565484785282635,0.8718317410801326
2026-09-08,Oasis: Don't Look Back in Anger,AMC Kent Station 14,ordinary,2,0,3.0,3.0,3.0,4,126,0.5641025641025641,1.0,0.3333333333333333,0.0,upper-middle,,,,0.0,1.0,1.0,,,,,17.103333333333335,1.0518655186551866,0.7760133091349064,1.0518655186551866
2026-09-08,HOPE Premium Early Access,AMC Kent Station 14,special_event,0,0,1.0,1.0,1.0,8,112,0.0,0.0,0.0,0.0,low,0.0,0.0,,0.0,,1.0,,,,,22.56,1.3874538745387452,1.0235934664246824,1.26457399103139
2026-09-08,Onslaught,AMC Kent Station 14,ordinary,1,0,35.0,3.0,6.0,4,126,0.7771883289124669,1.0,0.6206896551724138,0.6666666666666666,top,0.6410256410256411,0.13616268788682584,0.13616268788682584,0.0,1.0,1.0,0.0,0.0,0.0,0.0,15.36344827586207,0.9448615175806929,0.9448615175806929,0.8611798360909232
2026-09-08,Hope,AMC Kent Station 14,ordinary,3,0,5.0,5.0,3.0,2,106,0.7692307692307693,0.8461538461538461,0.75,0.5,top,,,,0.0,1.0,1.0,,,,,15.447500000000002,0.9500307503075031,0.9500307503075031,0.8658912556053813
2026-09-08,The Uprising,AMC Kent Station 14,ordinary,2,0,4.0,4.0,4.0,3,125,0.5,0.8461538461538461,0.25,0.0,upper-middle,,,,0.0,1.0,1.0,,,,,15.447500000000002,0.9500307503075031,0.9500307503075031,1.0825157673440786
2026-09-08,AMC Screen Unseen: September 7,AMC Kent Station 14,special_event,0,0,2.0,2.0,1.0,4,126,1.0,1.0,1.0,1.0,top,1.0,0.0,,0.0,1.0,1.0,,,,,8.14,0.5006150061500615,0.5006150061500615,0.45627802690582964
2026-09-08,Buddy,AMC Kent Station 14,ordinary,2,0,27.0,1.0,7.0,5,109,0.3507692307692308,1.0,0.04,0.09090909090909091,lower-middle,0.6923076923076923,-0.3415384615384615,-0.24996336996336993,-0.3415384615384615,0.5066666666666667,1.0,1.0,0.0,0.0,0.0,15.48,0.9520295202952029,0.9520295202952029,0.867713004484305
2026-09-08,Akira,AMC Kent Station 14,ordinary,1,0,28.0,4.0,6.0,7,111,0.4615384615384615,1.0,0.4166666666666667,0.4,lower-middle,0.5,-0.03846153846153849,-5.551115123125783e-17,-0.03846153846153849,0.923076923076923,1.0,0.0,0.0,1.0,0.0,17.96125,1.1046279212792127,0.8149387477313975,1.0067965246636772
2026-09-08,Fall 2: Deadpoint,AMC Kent Station 14,ordinary,1,0,12.0,4.0,3.0,1,105,0.7564102564102564,0.9230769230769231,0.6666666666666666,0.8333333333333334,top,0.7307692307692308,0.02564102564102555,0.0641025641025641,0.0,1.0,1.0,0.0,0.0,0.0,0.0,16.26,1.0,1.0,1.0
2026-09-08,The Sun Never Sets,AMC Kent Station 14,ordinary,0,0,10.0,1.0,3.0,13,117,0.6057692307692308,0.9230769230769231,0.25,0.0,upper-middle,0.9230769230769231,-0.3173076923076923,-0.3173076923076923,-0.3173076923076923,0.65625,1.0,1.0,0.0,0.0,0.0,15.041250000000002,0.9250461254612546,0.9250461254612546,1.0540469516468116
2026-09-08,Cars: 20th Anniversary,AMC Kent Station 14,rerelease,1,0,20.0,3.0,7.0,10,114,0.497737556561086,0.8461538461538461,0.11764705882352941,0.3333333333333333,lower-middle,0.5128205128205129,-0.015082956259426905,-0.040723981900452455,-0.015082956259426905,0.9705882352941175,1.0,0.0,0.0,1.0,0.0,16.539411764705882,1.0171839953693653,0.7504270310665101,1.1590337606661445
2026-09-08,The Fix,AMC Kent Station 14,ordinary,1,0,1.0,1.0,1.0,2,106,0.7692307692307693,0.7692307692307693,1.0,,top,,,,0.0,1.0,1.0,,,,,16.26,1.0,1.0,1.1394533987386126
2026-09-14,The Odyssey,AMC Kent Station 14,ordinary,3,0,24.0,12.0,3.0,7,111,0.3481781376518219,0.8461538461538461,0.10526315789473684,0.16666666666666666,lower-middle,,,0.17967996915365336,-0.2444144549407707,0.5875506072874495,1.0,0.0,1.0,1.0,0.0,20.356842105263155,1.2519583090567745,0.9236316744674753,1.1410785933443472
2026-09-14,Spider-Man: Brand New Day,AMC Kent Station 14,ordinary,3,0,32.0,38.0,6.0,6,110,0.16987179487179485,0.9230769230769231,0.125,0.15384615384615385,low,0.4886877828054299,-0.3188159879336351,-0.12243589743589747,-0.3188159879336351,0.34760802469135793,1.0,0.0,0.0,0.0,1.0,17.39375,1.0697263222632225,1.0697263222632225,0.9749859865470852
2026-09-14,Runner,AMC Kent Station 14,ordinary,,1,30.0,5.0,2.0,4,126,0.9815384615384616,1.0,0.96,1.0,top,0.8,0.18153846153846154,0.19692307692307698,0.0,1.0,2.0,0.0,1.0,0.0,0.0,15.35,0.9440344403444033,0.9440344403444033,0.8604260089686099
2026-09-14,MST3K: The RiffTrax Experiments - Sting of Death,AMC Kent Station 14,special_event,0,0,1.0,1.0,1.0,3,125,0.8461538461538461,0.8461538461538461,1.0,,top,0.8461538461538461,0.0,0.0,0.0,1.0,2.0,0.0,0.0,0.0,0.0,18.9,1.162361623616236,1.162361623616236,1.324456902592852
2026-09-14,The Passion of the Christ (2026 Event),AMC Kent Station 14,special_event,0,0,1.0,1.0,1.0,11,115,0.6153846153846154,0.6153846153846154,0.0,0.0,upper-middle,0.6153846153846154,0.0,0.0,0.0,1.0,2.0,0.0,0.0,0.0,0.0,18.9,1.162361623616236,1.162361623616236,1.0594170403587444
2026-09-14,Coyote vs. Acme,AMC Kent Station 14,ambiguous_special,3,0,29.0,6.0,7.0,13,117,0.6762820512820512,0.9230769230769231,0.3333333333333333,0.2222222222222222,upper-middle,0.8153846153846154,-0.13910256410256416,0.2254273504273504,-0.13910256410256416,0.8294025157232704,1.0,0.0,1.0,0.0,0.0,15.312083333333334,0.9417025420254201,0.9417025420254201,1.0730261621116561
2026-09-14,Insidious: Out of the Further,AMC Kent Station 14,ordinary,1,0,12.0,5.0,3.0,2,106,0.75,0.9230769230769231,0.9166666666666666,0.8333333333333334,top,0.09230769230769231,0.6576923076923077,0.187869822485207,0.0,1.0,1.0,0.0,1.0,0.0,0.0,16.26,1.0,1.0,0.9114349775784755
2026-09-14,The Transformers: The Movie 40th Anniversary,AMC Kent Station 14,special_event,,1,4.0,4.0,1.0,5,109,0.23076923076923078,0.23076923076923078,0.0,0.0,low,,,,0.0,1.0,1.0,,,,,18.9,1.162361623616236,1.162361623616236,1.0594170403587444
2026-09-14,Juan Gabriel: Mi Primer Bellas Artes,AMC Kent Station 14,special_event,0,0,3.0,3.0,2.0,12,127,0.3333333333333333,0.38461538461538464,0.0,0.0,lower-middle,,,,0.0,1.0,1.0,,,,,18.9,1.162361623616236,1.162361623616236,1.0594170403587444
2026-09-14,Practical Magic 2,AMC Kent Station 14,ordinary,3,0,56.0,7.0,5.0,8,112,0.2603550295857988,0.7692307692307693,0.019230769230769232,0.0,lower-middle,0.17582417582417584,0.08453085376162298,0.08453085376162298,0.0,1.0,1.0,0.0,0.0,1.0,0.0,18.175384615384615,1.1177973318194718,0.8246544743822422,1.01879958606416
2026-09-14,By Any Means,AMC Kent Station 14,ordinary,1,0,24.0,3.0,2.0,13,117,0.5,0.5384615384615384,0.0,0.0,upper-middle,0.8461538461538461,-0.34615384615384615,-0.2869822485207101,-0.34615384615384615,0.5909090909090909,1.0,1.0,0.0,0.0,0.0,14.782727272727273,0.9091468187409146,0.9091468187409146,1.0359304325667325
2026-09-14,Oasis: Don't Look Back in Anger,AMC Kent Station 14,ordinary,1,0,24.0,4.0,6.0,1,105,0.5506072874493927,0.9230769230769231,0.42105263157894735,0.4,upper-middle,0.5,0.05060728744939269,0.05060728744939269,0.0,1.0,2.0,0.0,0.0,1.0,0.0,17.40105263157895,1.0701754385964912,0.7895214442640177,0.9753953268822281
2026-09-14,Onslaught,AMC Kent Station 14,ordinary,0,0,6.0,3.0,3.0,13,117,0.576923076923077,0.6923076923076923,0.0,,upper-middle,0.6410256410256411,-0.0641025641025641,-0.22934472934472927,-0.22934472934472927,0.7155477031802121,1.0,1.0,0.0,0.0,0.0,16.26,1.0,1.0,1.0
2026-09-14,Hope,AMC Kent Station 14,ordinary,,1,26.0,8.0,6.0,5,109,0.43589743589743585,0.8461538461538461,0.14285714285714285,0.0,lower-middle,0.6282051282051282,-0.19230769230769235,-0.19230769230769235,-0.19230769230769235,0.693877551020408,1.0,1.0,0.0,0.0,0.0,14.86714285714286,0.9143384290985768,0.9143384290985768,1.0418460306336972
2026-09-14,The Uprising,AMC Kent Station 14,ordinary,1,0,24.0,4.0,3.0,12,127,0.5096153846153847,0.8461538461538461,0.25,0.3333333333333333,upper-middle,0.5,0.009615384615384692,0.009615384615384692,0.0,1.0,2.0,0.0,0.0,0.0,0.0,15.4475,0.950030750307503,0.950030750307503,1.0825157673440784
2026-09-14,The Weight,AMC Kent Station 14,ordinary,,1,2.0,2.0,1.0,1,105,0.9230769230769231,0.9230769230769231,1.0,1.0,top,,,,0.0,1.0,1.0,,,,,16.26,1.0,1.0,1.1394533987386126
2026-09-14,Buddy,AMC Kent Station 14,ordinary,1,0,11.0,1.0,6.0,3,125,0.6993006993006993,0.9230769230769231,0.6363636363636364,0.6,upper-middle,0.6923076923076923,0.006993006993006978,0.32608132608132606,0.0,1.0,1.0,0.0,1.0,0.0,0.0,15.66909090909091,0.9636587274963658,0.9636587274963658,0.8783122706889523
2026-09-14,Resident Evil,AMC Kent Station 14,ordinary,3,0,13.0,13.0,3.0,8,112,0.1715976331360947,0.3076923076923077,0.0,0.0,low,,,,0.0,1.0,1.0,,,,,21.214615384615385,1.3047118932727788,0.9625506072874495,1.1891600551914454
2026-09-14,Akira,AMC Kent Station 14,ordinary,0,0,13.0,4.0,3.0,2,106,0.7132867132867133,0.9230769230769231,0.5454545454545454,1.0,upper-middle,0.5,0.21328671328671334,0.23328671328671335,0.0,1.0,1.0,0.0,1.0,0.0,1.0,15.964545454545457,0.981829363748183,0.981829363748183,1.1187488055042367
2026-09-14,AMC Screen Unseen: September 13,AMC Kent Station 14,special_event,0,0,2.0,2.0,1.0,1,105,0.9230769230769231,0.9230769230769231,1.0,,top,0.9230769230769231,0.0,,0.0,1.0,1.0,,,,,8.14,0.5006150061500615,0.5006150061500615,0.570427470217239
2026-09-14,AMC Screen Unseen: September 14,AMC Kent Station 14,special_event,0,0,2.0,2.0,1.0,1,105,0.9230769230769231,0.9230769230769231,1.0,1.0,top,,,,0.0,1.0,1.0,,,,,8.14,0.5006150061500615,0.5006150061500615,0.45627802690582964
2026-09-14,Fall 2: Deadpoint,AMC Kent Station 14,ordinary,0,0,7.0,4.0,4.0,2,106,0.6794871794871796,0.9230769230769231,0.6666666666666666,,upper-middle,0.7307692307692308,-0.05128205128205121,-0.006903353057199135,-0.05128205128205121,0.9298245614035089,3.0,0.0,0.0,0.0,0.0,13.551666666666668,0.8334358343583436,0.8334358343583436,0.949661294090166
2026-09-14,The Weight Early Access,AMC Kent Station 14,special_event,0,0,1.0,1.0,1.0,8,112,0.07692307692307693,0.07692307692307693,0.0,0.0,low,,,,0.0,1.0,1.0,,,,,22.56,1.3874538745387452,1.0235934664246824,1.26457399103139
2026-09-14,Cars: 20th Anniversary,AMC Kent Station 14,rerelease,0,0,15.0,3.0,4.0,14,118,0.48461538461538467,0.6923076923076923,0.0,0.0,lower-middle,0.5128205128205129,-0.028205128205128216,0.02712550607287456,-0.028205128205128216,0.945,2.0,0.0,0.0,1.0,0.0,14.51,0.8923739237392373,0.6583484573502723,1.0168185003503853
2026-09-14,The Fix,AMC Kent Station 14,ordinary,0,0,10.0,2.0,2.0,1,105,0.6923076923076924,0.9230769230769231,0.5,0.5,upper-middle,0.7692307692307693,-0.07692307692307687,-0.07692307692307687,-0.07692307692307687,0.9,1.0,0.0,0.0,0.0,0.0,16.26,1.0,1.0,0.9114349775784755
2026-09-21,The Odyssey,AMC Kent Station 14,ordinary,,1,24.0,12.0,8.0,10,114,0.5734265734265734,0.9230769230769231,0.09090909090909091,0.1,upper-middle,,,0.14198844633627244,-0.01916601916601912,0.9676573426573427,1.0,0.0,0.0,0.0,1.0,16.541818181818183,1.0173319915017331,1.0173319915017331,0.927231960864248
2026-09-21,Spider-Man: Brand New Day,AMC Kent Station 14,ordinary,,1,27.0,38.0,7.0,4,126,0.7832167832167832,1.0,0.5909090909090909,0.42857142857142855,top,0.4886877828054299,0.2945290004113533,0.48613455510007236,0.0,1.0,1.0,0.0,1.0,0.0,0.0,16.866363636363637,1.037291736553729,1.037291736553729,0.945423970648186
2026-09-21,Runner,AMC Kent Station 14,ordinary,,1,26.0,5.0,7.0,1,105,0.7916666666666666,0.9230769230769231,0.6666666666666666,0.5714285714285714,top,0.8,-0.008333333333333415,-0.11549513704686121,-0.11549513704686121,0.8726851851851851,3.0,0.0,0.0,0.0,0.0,15.312083333333334,0.9417025420254201,0.9417025420254201,1.0730261621116561
2026-09-21,Heaven in Stone and Glass,AMC Kent Station 14,special_event,0,0,3.0,3.0,2.0,3,125,0.6923076923076924,0.8461538461538461,0.6666666666666666,1.0,upper-middle,0.6923076923076924,0.0,,0.0,1.0,1.0,,,,,18.9,1.162361623616236,1.162361623616236,1.0594170403587444
2026-09-21,Twenty Years of the Met in Cinemas: An Anniversary Celebration,AMC Kent Station 14,rerelease,0,0,1.0,1.0,1.0,3,125,0.8461538461538461,0.8461538461538461,1.0,,top,0.8461538461538461,0.0,,0.0,1.0,1.0,,,,,28.35,1.743542435424354,1.743542435424354,1.9866853538892784
2026-09-21,Coyote vs. Acme,AMC Kent Station 14,ambiguous_special,,1,25.0,6.0,7.0,3,125,0.7123745819397993,1.0,0.6956521739130435,0.8181818181818182,upper-middle,0.8153846153846154,-0.10301003344481607,0.06127568084089818,-0.10301003344481607,0.8736669401148482,2.0,0.0,0.0,0.0,0.0,14.705652173913045,0.9044066527621798,0.9044066527621798,1.030529234331678
2026-09-21,Insidious: Out of the Further,AMC Kent Station 14,ordinary,0,0,6.0,5.0,4.0,5,109,0.5384615384615384,1.0,0.16666666666666666,,upper-middle,0.09230769230769231,0.4461538461538461,-0.18343195266272194,-0.18343195266272194,0.7459016393442622,4.0,1.0,0.0,0.0,0.0,16.26,1.0,1.0,1.0
2026-09-21,The Transformers: The Movie 40th Anniversary,AMC Kent Station 14,special_event,,1,27.0,4.0,4.0,5,109,0.4440559440559441,0.7692307692307693,0.045454545454545456,0.0,lower-middle,0.3076923076923077,0.1363636363636364,0.1363636363636364,0.0,1.0,2.0,0.0,0.0,0.0,0.0,18.9,1.162361623616236,1.162361623616236,1.0594170403587444
2026-09-21,Practical Magic 2,AMC Kent Station 14,ordinary,,1,28.0,7.0,6.0,11,115,0.6597633136094674,1.0,0.46153846153846156,0.7857142857142857,upper-middle,0.17582417582417584,0.4839391377852915,0.42762045646661023,0.0,1.0,1.0,0.0,1.0,0.0,1.0,15.510000000000002,0.9538745387453874,0.9538745387453874,0.8693946188340808
2026-09-21,By Any Means,AMC Kent Station 14,ordinary,0,0,6.0,3.0,2.0,10,114,0.6538461538461539,0.6923076923076923,0.0,,upper-middle,0.8461538461538461,-0.1923076923076923,0.15217391304347827,-0.1923076923076923,0.7727272727272727,2.0,0.0,1.0,0.0,0.0,13.01,0.8001230012300122,0.8001230012300122,0.9117028731604765
2026-09-21,Oasis: Don't Look Back in Anger,AMC Kent Station 14,ordinary,0,0,6.0,4.0,2.0,5,109,0.5128205128205129,0.9230769230769231,0.3333333333333333,,upper-middle,0.5,0.012820512820512886,-0.08119658119658124,-0.08119658119658124,0.8633093525179856,3.0,0.0,0.0,0.0,1.0,13.01,0.8001230012300122,0.8001230012300122,0.9117028731604765
2026-09-21,Hope,AMC Kent Station 14,ordinary,,1,24.0,8.0,7.0,10,114,0.5991902834008097,0.8461538461538461,0.21052631578947367,0.2857142857142857,upper-middle,0.6282051282051282,-0.029014844804318485,0.08636977058029682,-0.029014844804318485,0.9538131041890441,3.0,0.0,0.0,0.0,0.0,15.57578947368421,0.9579206318378972,0.9579206318378972,1.0915059196695311
2026-09-21,The Uprising,AMC Kent Station 14,ordinary,0,0,6.0,4.0,2.0,12,127,0.6538461538461539,0.9230769230769231,0.5,0.75,upper-middle,0.5,0.15384615384615385,0.14615384615384608,0.0,1.0,3.0,0.0,0.0,0.0,0.0,15.176666666666668,0.9333743337433374,0.9333743337433374,0.8507100149476832
2026-09-21,Batman (1989),AMC Kent Station 14,ordinary,0,0,2.0,2.0,1.0,1,105,0.9230769230769231,0.9230769230769231,1.0,1.0,top,0.9230769230769231,0.0,,0.0,1.0,1.0,,,,,8.14,0.5006150061500615,0.5006150061500615,0.45627802690582964
2026-09-21,Batman: Mask of the Phantasm (2026BD),AMC Kent Station 14,ordinary,0,0,2.0,2.0,2.0,13,117,0.7692307692307692,1.0,0.5,1.0,top,0.7692307692307692,0.0,,0.0,1.0,1.0,,,,,8.14,0.5006150061500615,0.5006150061500615,0.570427470217239
2026-09-21,The Lego Batman Movie,AMC Kent Station 14,ordinary,0,0,3.0,3.0,1.0,10,114,0.6923076923076922,0.6923076923076923,0.0,,upper-middle,0.6923076923076922,0.0,,0.0,1.0,1.0,,,,,12.339999999999998,0.7589175891758916,0.5598911070780399,0.8647512263489838
2026-09-21,Avengers Endgame: Encore,AMC Kent Station 14,ambiguous_special,,1,7.0,7.0,6.0,7,111,0.46153846153846156,1.0,0.2857142857142857,0.3333333333333333,lower-middle,,,,0.0,1.0,1.0,,,,,18.631428571428575,1.1458443155860132,0.8453461239305161,1.305636199819802
2026-09-21,The Weight,AMC Kent Station 14,ordinary,,1,26.0,4.0,2.0,14,118,0.467948717948718,0.5384615384615384,0.0,0.0,lower-middle,0.8717948717948718,-0.4038461538461538,-0.4038461538461538,-0.4038461538461538,0.536764705882353,1.0,1.0,0.0,0.0,0.0,15.4475,0.950030750307503,0.950030750307503,1.0825157673440784
2026-09-21,Buddy,AMC Kent Station 14,ordinary,0,0,10.0,1.0,3.0,13,117,0.7461538461538462,1.0,0.6,0.8,upper-middle,0.6923076923076923,0.05384615384615388,0.08934911242603549,0.0,1.0,2.0,0.0,0.0,0.0,0.0,16.26,1.0,1.0,1.0
2026-09-21,Primetime,AMC Kent Station 14,ordinary,,1,3.0,3.0,1.0,6,110,0.0,0.0,0.0,0.0,low,,,,0.0,,1.0,,,,,16.26,1.0,1.0,0.9114349775784755
2026-09-21,Resident Evil,AMC Kent Station 14,ordinary,,1,123.0,17.0,6.0,8,112,0.13804945054945056,0.8461538461538461,0.008928571428571428,0.0,low,0.11312217194570136,0.0249272786037492,0.0249272786037492,0.0,1.0,2.0,0.0,0.0,1.0,0.0,19.95,1.2269372693726937,0.9051724137931034,1.1182735426008967
2026-09-21,Heart of the Beast,AMC Kent Station 14,ordinary,,1,5.0,5.0,4.0,4,126,0.6307692307692307,1.0,0.4,1.0,upper-middle,,,,0.0,1.0,1.0,,,,,16.22,0.9975399753997538,0.735934664246824,1.1366503153468814
2026-09-21,Forgotten Island - Friendship Opening Night Event,AMC Kent Station 14,special_event,0,0,1.0,1.0,1.0,8,112,0.07692307692307693,0.07692307692307693,0.0,0.0,low,,,,0.0,1.0,1.0,,,,,22.56,1.3874538745387452,1.0235934664246824,1.26457399103139
2026-09-21,Forgotten Island,AMC Kent Station 14,ordinary,,1,4.0,4.0,3.0,5,109,0.3653846153846154,0.7692307692307693,0.25,0.0,lower-middle,,,,0.0,1.0,1.0,,,,,17.5225,1.0776445264452643,0.7950317604355718,1.2279257182901193
2026-09-21,AMC Screen Unseen: September 21,AMC Kent Station 14,special_event,0,0,2.0,2.0,1.0,4,126,1.0,1.0,1.0,1.0,top,,,,0.0,1.0,1.0,,,,,8.14,0.5006150061500615,0.5006150061500615,0.45627802690582964
2026-09-21,Shaun the Sheep: The Beast of Mossy Bottom,AMC Kent Station 14,ordinary,0,0,10.0,1.0,3.0,3,125,0.7788461538461539,0.8461538461538461,0.75,0.0,top,0.7692307692307693,0.009615384615384581,0.009615384615384581,0.0,1.0,2.0,0.0,0.0,0.0,0.0,13.8225,0.8500922509225092,0.8500922509225092,0.9686405045550105
2026-09-21,Forgotten Island - Early Access Screening,AMC Kent Station 14,special_event,0,0,1.0,1.0,1.0,1,105,0.9230769230769231,0.9230769230769231,1.0,,top,0.9230769230769231,0.0,,0.0,1.0,1.0,,,,,13.01,0.8001230012300122,0.8001230012300122,0.9117028731604765
2026-06-30,Toy Story 5,AMC Oak Tree 6,ordinary_title_only,0,0,14.0,,,,,,,,,unknown,,,,,,,,,,,,,,
2026-06-30,Toy Story 5,AMC Oak Tree 6,ordinary,3,0,9.0,,,,,,,,,unknown,,,,,,,,,,,,,,
2026-06-30,Minions & Monsters,AMC Oak Tree 6,ordinary,3,0,16.0,,,,,,,,,unknown,,,,,,,,,,,,,,
2026-06-30,Minions & Monsters,AMC Oak Tree 6,ordinary_title_only,1,0,5.0,,,,,,,,,unknown,,,,,,,,,,,,,,
2026-06-30,Supergirl,AMC Oak Tree 6,ordinary,2,0,9.0,,,,,,,,,unknown,,,,,,,,,,,,,,
2026-06-30,Supergirl,AMC Oak Tree 6,ordinary_title_only,1,0,11.0,,,,,,,,,unknown,,,,,,,,,,,,,,
2026-06-30,AMC,AMC Oak Tree 6,special_event_title_only,0,0,1.0,,,,,,,,,unknown,,,,,,,,,,,,,,
2026-06-30,Jackass: Best and Last,AMC Oak Tree 6,ordinary_title_only,0,0,12.0,,,,,,,,,unknown,,,,,,,,,,,,,,
2026-06-30,Jackass: Best and Last,AMC Oak Tree 6,ordinary,1,0,8.0,,,,,,,,,unknown,,,,,,,,,,,,,,
2026-06-30,Obsession,AMC Oak Tree 6,ordinary_title_only,0,0,8.0,,,,,,,,,unknown,,,,,,,,,,,,,,
2026-06-30,Disclosure Day,AMC Oak Tree 6,ordinary_title_only,0,0,8.0,,,,,,,,,unknown,,,,,,,,,,,,,,
2026-06-30,Disclosure Day,AMC Oak Tree 6,ordinary,2,0,7.0,,,,,,,,,unknown,,,,,,,,,,,,,,
2026-06-30,Obsession,AMC Oak Tree 6,ordinary,1,0,2.0,2.0,,,,,,,,unknown,,,,,,,,,,,,,,
2026-07-07,Toy Story 5,AMC Oak Tree 6,ordinary,3,0,31.0,,,,,,,,,unknown,,,,,,,,,,,,,,
2026-07-07,Minions & Monsters,AMC Oak Tree 6,ordinary,3,0,52.0,,,,,,,,,unknown,,,,,,,,,,,,,,
2026-07-07,Minions & Monsters,AMC Oak Tree 6,ordinary_title_only,0,0,40.0,,,,,,,,,unknown,,,,,,,,,,,,,,
2026-07-07,Supergirl,AMC Oak Tree 6,ordinary,1,0,28.0,,,,,,,,,unknown,,,,,,,,,,,,,,
2026-07-07,Supergirl,AMC Oak Tree 6,ordinary_title_only,0,0,20.0,,,,,,,,,unknown,,,,,,,,,,,,,,
2026-07-07,Moana,AMC Oak Tree 6,ordinary,2,0,5.0,,,,,,,,,unknown,,,,,,,,,,,,,,
2026-07-07,Evil Dead Burn,AMC Oak Tree 6,ordinary,2,0,4.0,,,,,,,,,unknown,,,,,,,,,,,,,,
2026-07-07,Jackass: Best and Last,AMC Oak Tree 6,ordinary,0,0,28.0,,,,,,,,,unknown,,,,,,,,,,,,,,
2026-07-07,The Invite,AMC Oak Tree 6,ordinary,3,0,4.0,,,,,,,,,unknown,,,,,,,,,,,,,,
2026-07-07,Disclosure Day,AMC Oak Tree 6,ordinary,1,0,26.0,,,,,,,,,unknown,,,,,,,,,,,,,,
2026-07-07,Obsession,AMC Oak Tree 6,ordinary,0,0,13.0,2.0,,,,,,,,unknown,,,,,,,,,,,,,,
2026-07-07,Young Washington,AMC Oak Tree 6,ordinary,1,0,2.0,2.0,,,,,,,,unknown,,,,,,,,,,,,,,
2026-07-14,Toy Story 5,AMC Oak Tree 6,ordinary,2,0,28.0,,,,,,,,,unknown,,,,,,,,,,,,,,
2026-07-14,Minions & Monsters,AMC Oak Tree 6,ordinary,3,0,48.0,,,,,,,,,unknown,,,,,,,,,,,,,,
2026-07-14,Supergirl,AMC Oak Tree 6,ordinary,0,0,5.0,,,,,,,,,unknown,,,,,,,,,,,,,,
2026-07-14,Moana,AMC Oak Tree 6,ordinary,1,0,51.0,,,,,,,,,unknown,,,,,,,,,,,,,,
2026-07-14,The Odyssey,AMC Oak Tree 6,ordinary,3,0,6.0,6.0,,,,,,,,unknown,,,,,,,,,,,,,,
2026-07-14,Evil Dead Burn,AMC Oak Tree 6,ordinary,1,0,44.0,,,,,,,,,unknown,,,,,,,,,,,,,,
2026-07-14,The Invite,AMC Oak Tree 6,ordinary,2,0,44.0,,,,,,,,,unknown,,,,,,,,,,,,,,
2026-07-14,Disclosure Day,AMC Oak Tree 6,ordinary,0,0,6.0,,,,,,,,,unknown,,,,,,,,,,,,,,
2026-07-14,Young Washington,AMC Oak Tree 6,ordinary,0,0,12.0,2.0,,,,,,,,unknown,,,,,,,,,,,,,,
2026-07-21,Toy Story 5,AMC Oak Tree 6,ordinary,1,0,13.0,,3.0,5,67,,,0.0,0.0,unknown,,,,,,,,,,,15.856666666666667,0.9751947519475195,0.9751947519475195,1.1111889745386592
2026-07-21,Met Summer Encore: The Merry Widow (2026),AMC Oak Tree 6,special_event,0,0,1.0,1.0,1.0,4,66,,,0.0,,unknown,,,,,,,,,,,18.9,1.162361623616236,1.162361623616236,1.324456902592852
2026-07-21,Minions & Monsters,AMC Oak Tree 6,ordinary,2,0,27.0,,5.0,5,67,,,0.0,0.0,unknown,,,,,,,,,,,17.028636363636362,1.047271609079727,1.047271609079727,0.9545199755401549
2026-07-21,Moana,AMC Oak Tree 6,ordinary,0,0,43.0,,5.0,2,64,,,0.0,0.0,unknown,,,,,,,,,,,17.244999999999997,1.0605781057810575,1.0605781057810575,0.9666479820627801
2026-07-21,The Odyssey,AMC Oak Tree 6,ordinary,3,0,52.0,6.0,6.0,3,65,,,0.0,0.0,unknown,,,,,,,,,,,16.466923076923077,1.012725896489734,1.012725896489734,0.9230338047602622
2026-07-21,Evil Dead Burn,AMC Oak Tree 6,ordinary,0,0,31.0,,3.0,5,67,,,0.0,0.0,unknown,,,,,,,,,,,16.26,1.0,1.0,0.9536656891495602
2026-07-21,The Invite,AMC Oak Tree 6,ordinary,1,0,28.0,,5.0,1,63,,,0.0,0.0,unknown,,,,,,,,,,,15.486190476190478,0.9524102383880981,0.9524102383880981,0.8680600042707667
2026-07-21,AMC Screen Unseen: July 20,AMC Oak Tree 6,special_event,0,0,1.0,1.0,1.0,4,66,,,0.0,0.0,unknown,,,,,,,,,,,8.14,0.5006150061500615,0.5006150061500615,0.45627802690582964
2026-07-21,Hadestown: The Musical,AMC Oak Tree 6,ordinary,2,0,2.0,2.0,1.0,5,67,,,0.0,0.0,unknown,,,,,,,,,,,14.635000000000002,0.9000615006150061,0.9000615006150061,0.8203475336322871
2026-07-27,Toy Story 5,AMC Oak Tree 6,ordinary,0,0,12.0,,2.0,4,66,1.0,1.0,0.625,1.0,top,,,0.5555555555555556,0.0,1.0,1.0,0.0,1.0,0.0,0.0,16.50125,1.0148370233702335,1.0148370233702335,1.1563594954449894
2026-07-27,Minions & Monsters,AMC Oak Tree 6,ordinary,1,0,24.0,,5.0,1,63,0.8571428571428571,1.0,0.22727272727272727,0.2857142857142857,top,,,0.532142857142857,0.0,1.0,1.0,0.0,1.0,0.0,0.0,17.19090909090909,1.057251481605725,1.057251481605725,1.2046887940370772
2026-07-27,The Odyssey,AMC Oak Tree 6,ordinary,3,0,48.0,6.0,5.0,3,65,0.55,1.0,0.025,0.0,upper-middle,,,0.0,0.0,1.0,1.0,0.0,0.0,0.0,0.0,16.412,1.0093480934809347,1.0093480934809347,0.9199551569506726
2026-07-27,Spider-Man: Brand New Day,AMC Oak Tree 6,ordinary,3,0,14.0,14.0,5.0,2,64,0.625,1.0,0.08333333333333333,0.0,upper-middle,,,,0.0,1.0,1.0,,,,,19.135,1.1768142681426814,,1.0725896860986548
2026-07-27,The Invite,AMC Oak Tree 6,ordinary,0,0,22.0,,5.0,2,64,0.6,1.0,0.2,0.0,upper-middle,,,-0.036363636363636376,0.0,1.0,1.0,0.0,0.0,0.0,0.0,15.82666666666667,0.9733497334973351,0.9733497334973351,1.1090866619948612
2026-07-27,Hadestown: The Musical,AMC Oak Tree 6,ordinary,1,0,27.0,4.0,5.0,5,67,0.2647058823529412,1.0,0.18181818181818182,0.0,lower-middle,,,0.2647058823529412,0.0,1.0,1.0,0.0,1.0,0.0,0.0,14.930454545454547,0.9182321368668231,0.9182321368668231,0.8369088870770486
2026-07-27,AMC Screen Unseen: July 27,AMC Oak Tree 6,special_event,0,0,1.0,1.0,1.0,6,68,,,0.0,0.0,unknown,,,,,,,,,,,8.14,0.5006150061500615,0.5006150061500615,0.45627802690582964
2026-07-27,Her Private Hell,AMC Oak Tree 6,ordinary,0,0,12.0,2.0,4.0,4,66,0.6666666666666666,1.0,0.5,0.6666666666666666,upper-middle,,,-0.33333333333333337,0.0,1.0,1.0,1.0,0.0,0.0,0.0,16.26,1.0,1.0,0.9114349775784755
2026-08-04,MET Summer Encore: Aida (2026),AMC Oak Tree 6,special_event,0,0,1.0,1.0,1.0,4,66,0.4,0.4,0.0,,lower-middle,,,,0.0,1.0,1.0,,,,,18.9,1.162361623616236,1.162361623616236,1.324456902592852
2026-08-04,Minions & Monsters,AMC Oak Tree 6,ordinary,0,0,8.0,,3.0,6,68,0.52,0.8,0.2,0.0,upper-middle,,,-0.12545454545454537,-0.12545454545454537,0.8056338028169016,2.0,0.0,0.0,0.0,0.0,17.84,1.097170971709717,1.097170971709717,1.2501751927119833
2026-08-04,The Odyssey,AMC Oak Tree 6,ordinary,3,0,48.0,6.0,6.0,4,66,0.3371428571428572,1.0,0.08571428571428572,0.1875,lower-middle,,,-0.2317460317460317,-0.2317460317460317,0.5926339285714286,1.0,1.0,0.0,0.0,0.0,16.922,1.0407134071340713,1.0407134071340713,0.948542600896861
2026-08-04,Spider-Man: Brand New Day,AMC Oak Tree 6,ordinary,3,0,105.0,15.0,6.0,1,63,0.6650602409638554,1.0,0.5662650602409639,0.65,upper-middle,0.6307692307692307,0.03429101019462466,0.03429101019462466,0.0,1.0,2.0,0.0,0.0,1.0,0.0,18.599036144578314,1.1438521614131802,0.8055017819219712,1.0425468690907127
2026-08-04,Hadestown: The Musical,AMC Oak Tree 6,ordinary,0,0,13.0,4.0,3.0,6,68,0.3555555555555555,0.6,0.0,,lower-middle,,,0.10755555555555552,0.0,1.0,1.0,0.0,0.0,0.0,0.0,14.815555555555555,0.9111657783244498,0.9111657783244498,0.830468360737419
2026-08-04,AMC Scream Unseen: August 3,AMC Oak Tree 6,special_event,0,0,1.0,1.0,1.0,6,68,0.6,0.6,0.0,0.0,upper-middle,0.6,0.0,,0.0,1.0,1.0,,,,,8.14,0.5006150061500615,0.5006150061500615,0.45627802690582964
2026-08-04,One Night Only,AMC Oak Tree 6,ambiguous_special,2,0,5.0,5.0,1.0,5,67,0.0,0.0,0.0,0.0,low,,,,0.0,,1.0,,,,,15.610000000000003,0.9600246002460026,0.9600246002460026,1.0939032936229856
2026-08-11,The Odyssey,AMC Oak Tree 6,ordinary,3,0,46.0,6.0,5.0,4,66,0.55625,1.0,0.28125,0.3076923076923077,upper-middle,,,0.16196428571428573,-0.012638888888888866,0.977783203125,1.0,0.0,1.0,0.0,0.0,16.947499999999998,1.042281672816728,1.042281672816728,1.1876313945339874
2026-08-11,Spider-Man: Brand New Day,AMC Oak Tree 6,ordinary,3,0,93.0,15.0,4.0,1,63,0.5915492957746479,1.0,0.5633802816901409,0.696969696969697,upper-middle,0.6307692307692307,-0.03921993499458287,-0.02772781265908708,-0.03921993499458287,0.9378220542768808,3.0,0.0,0.0,1.0,0.0,18.505492957746476,1.1380991978933872,0.801450539529947,1.03730341691404
2026-08-11,The End of Oak Street,AMC Oak Tree 6,ordinary,3,0,4.0,4.0,2.0,6,68,0.55,0.6,0.0,0.0,upper-middle,,,,0.0,1.0,1.0,,,,,15.447500000000002,0.9500307503075031,0.9500307503075031,1.0825157673440786
2026-08-11,AMC Screen Unseen: August 10,AMC Oak Tree 6,special_event,0,0,1.0,1.0,1.0,6,68,0.6,0.6,0.0,0.0,upper-middle,0.6,0.0,,0.0,1.0,1.0,,,,,8.14,0.5006150061500615,0.5006150061500615,0.45627802690582964
2026-08-11,One Night Only,AMC Oak Tree 6,ambiguous_special,1,0,47.0,5.0,3.0,5,67,0.21000000000000002,0.4,0.0,0.0,low,0.2,0.010000000000000009,0.010000000000000009,0.0,1.0,2.0,0.0,0.0,0.0,0.0,15.366250000000003,0.9450338253382534,0.9450338253382534,1.0768220042046253
2026-08-11,PAW Patrol: The Dino Movie,AMC Oak Tree 6,ordinary,2,0,4.0,4.0,2.0,5,67,0.3,0.6,0.0,0.0,lower-middle,,,,0.0,1.0,1.0,,,,,15.447500000000002,0.9500307503075031,0.9500307503075031,0.8658912556053813
2026-08-18,The Odyssey,AMC Oak Tree 6,ordinary,3,0,28.0,6.0,6.0,2,64,0.6695652173913044,1.0,0.5652173913043478,0.6153846153846154,upper-middle,,,0.08206521739130435,0.0,1.0,2.0,0.0,0.0,0.0,0.0,16.90869565217391,1.039895181560511,1.039895181560511,0.947796841489569
2026-08-18,Spider-Man: Brand New Day,AMC Oak Tree 6,ordinary,3,0,55.0,15.0,5.0,3,65,0.3958333333333333,1.0,0.3333333333333333,0.375,lower-middle,0.6307692307692307,-0.23493589743589743,-0.17036384976525826,-0.23493589743589743,0.6275406504065041,1.0,1.0,0.0,1.0,0.0,17.48125,1.0751076260762606,0.7570918146383716,0.9798906950672646
2026-08-18,The End of Oak Street,AMC Oak Tree 6,ordinary,3,0,37.0,4.0,5.0,6,68,0.43529411764705883,1.0,0.08823529411764706,0.0,lower-middle,0.7000000000000001,-0.26470588235294124,-0.01470588235294118,-0.26470588235294124,0.6218487394957982,1.0,0.0,0.0,0.0,0.0,15.49529411764706,0.9529701179364735,0.9529701179364735,1.0858650397790512
2026-08-18,One Night Only,AMC Oak Tree 6,ambiguous_special,0,0,22.0,5.0,5.0,5,67,0.5052631578947369,1.0,0.3684210526315789,0.3333333333333333,upper-middle,0.2,0.30526315789473685,0.2802631578947369,0.0,1.0,1.0,0.0,1.0,0.0,0.0,15.233684210526315,0.9368809477568458,0.9368809477568458,0.8539060656124616
2026-08-18,AMC Scream Unseen: August 17,AMC Oak Tree 6,special_event,0,0,1.0,1.0,1.0,4,66,0.6,0.6,0.0,0.0,upper-middle,0.6,0.0,,0.0,1.0,1.0,,,,,8.14,0.5006150061500615,0.5006150061500615,0.45627802690582964
2026-08-18,PAW Patrol: The Dino Movie,AMC Oak Tree 6,ordinary,1,0,29.0,4.0,4.0,5,67,0.4434782608695652,1.0,0.17391304347826086,0.16666666666666666,lower-middle,0.35000000000000003,0.09347826086956518,0.1934782608695652,0.0,1.0,2.0,0.0,1.0,0.0,0.0,15.553478260869566,0.9565484785282635,0.9565484785282635,0.8718317410801326
2026-08-18,Six: The Musical Live!,AMC Oak Tree 6,special_event,0,0,3.0,3.0,1.0,4,66,0.6,0.6,0.0,0.0,upper-middle,0.6,0.0,,0.0,1.0,1.0,,,,,16.26,1.0,1.0,0.9114349775784755
2026-08-18,Insidious: Out of the Further,AMC Oak Tree 6,ordinary,2,0,7.0,7.0,3.0,1,63,0.8571428571428571,1.0,0.8571428571428571,1.0,top,,,,0.0,1.0,1.0,,,,,15.331428571428573,0.9428922860657178,0.9428922860657178,0.8593850096092249
2026-08-18,Mutiny,AMC Oak Tree 6,ordinary,2,0,2.0,2.0,2.0,4,66,0.5,0.6,0.0,0.0,upper-middle,,,,0.0,1.0,1.0,,,,,16.26,1.0,1.0,0.9114349775784755
2026-08-25,The Odyssey,AMC Oak Tree 6,ordinary,3,0,27.0,6.0,6.0,1,63,0.6782608695652174,1.0,0.5217391304347826,0.7142857142857143,upper-middle,,,0.04347826086956519,0.0,1.0,3.0,0.0,0.0,0.0,0.0,16.44304347826087,1.0112572864859082,1.0112572864859082,0.9216952622343536
2026-08-25,Spider-Man: Brand New Day,AMC Oak Tree 6,ordinary,3,0,39.0,15.0,5.0,3,65,0.25405405405405407,1.0,0.08108108108108109,0.125,lower-middle,0.6307692307692307,-0.3767151767151767,-0.12927927927927924,-0.3767151767151767,0.40276862228081745,2.0,0.0,0.0,0.0,1.0,16.10324324324324,0.9903593630530898,0.9903593630530898,1.1284683422034507
2026-08-25,The End of Oak Street,AMC Oak Tree 6,ordinary,2,0,26.0,4.0,6.0,5,67,0.49000000000000005,1.0,0.35,0.375,lower-middle,0.7000000000000001,-0.21000000000000002,0.031176470588235305,-0.21000000000000002,0.7,2.0,0.0,0.0,0.0,0.0,15.772500000000003,0.970018450184502,0.970018450184502,0.884108744394619
2026-08-25,The Dog Stars,AMC Oak Tree 6,ordinary,2,0,4.0,4.0,3.0,2,64,0.75,1.0,0.5,0.5,top,,,,0.0,1.0,1.0,,,,,15.447500000000002,0.9500307503075031,0.9500307503075031,0.8658912556053813
2026-08-25,AMC Scream Unseen: August 24,AMC Oak Tree 6,special_event,0,0,1.0,1.0,1.0,6,68,0.4,0.4,0.0,0.0,lower-middle,0.4,0.0,,0.0,1.0,1.0,,,,,8.14,0.5006150061500615,0.5006150061500615,0.45627802690582964
2026-08-25,PAW Patrol: The Dino Movie,AMC Oak Tree 6,ordinary,0,0,24.0,4.0,6.0,4,66,0.52,1.0,0.45,0.5,upper-middle,0.35000000000000003,0.16999999999999998,0.03304347826086956,0.0,1.0,1.0,0.0,0.0,0.0,0.0,14.960000000000003,0.920049200492005,0.920049200492005,1.0483531885073583
2026-08-25,Insidious: Out of the Further,AMC Oak Tree 6,ordinary,1,0,41.0,7.0,5.0,2,64,0.5891891891891892,1.0,0.21621621621621623,0.06666666666666667,upper-middle,0.8571428571428571,-0.26795366795366793,-0.21081081081081077,-0.26795366795366793,0.6873873873873874,1.0,1.0,0.0,0.0,0.0,15.732972972972973,0.9675875137129749,0.9675875137129749,0.8818931038661981
2026-08-25,Mutiny,AMC Oak Tree 6,ordinary,1,0,20.0,2.0,4.0,5,67,0.5777777777777778,1.0,0.5,0.36363636363636365,upper-middle,0.5,0.07777777777777783,-0.022222222222222254,0.0,1.0,2.0,0.0,0.0,0.0,0.0,15.357222222222223,0.9444786114527811,0.9444786114527811,0.8608308420528152
2026-08-25,Coyote vs. Acme,AMC Oak Tree 6,ambiguous_special,3,0,3.0,3.0,2.0,5,67,0.4000000000000001,0.8,0.3333333333333333,0.0,lower-middle,,,,0.0,1.0,1.0,,,,,16.26,1.0,1.0,1.1394533987386126
2026-08-31,The Odyssey,AMC Oak Tree 6,ordinary,2,0,21.0,6.0,5.0,5,67,0.5052631578947369,1.0,0.3157894736842105,0.2,upper-middle,,,-0.1729977116704805,-0.1729977116704805,0.7449392712550608,4.0,1.0,0.0,0.0,0.0,16.524736842105263,1.0162814786042595,1.0162814786042595,0.9262744866650932
2026-08-31,Spider-Man: Brand New Day,AMC Oak Tree 6,ordinary,3,0,21.0,15.0,5.0,3,65,0.26666666666666666,1.0,0.16666666666666666,0.0,lower-middle,0.6307692307692307,-0.3641025641025641,0.012612612612612595,-0.3641025641025641,0.42276422764227645,3.0,0.0,0.0,0.0,0.0,16.451666666666668,1.0117876178761787,1.0117876178761787,1.1528848399906566
2026-08-31,The End of Oak Street,AMC Oak Tree 6,ordinary,1,0,14.0,4.0,5.0,1,63,0.7428571428571429,1.0,0.7142857142857143,0.8571428571428571,upper-middle,0.7000000000000001,0.042857142857142816,0.25285714285714284,0.0,1.0,1.0,0.0,1.0,0.0,0.0,16.26,1.0,1.0,0.9114349775784755
2026-08-31,The Dog Stars,AMC Oak Tree 6,ordinary,1,0,32.0,4.0,5.0,2,64,0.5925925925925926,1.0,0.14814814814814814,0.08333333333333333,upper-middle,0.75,-0.15740740740740744,-0.15740740740740744,-0.15740740740740744,0.7901234567901234,1.0,1.0,0.0,0.0,0.0,15.537777777777778,0.9555828891622249,0.9555828891622249,0.8709516691579472
2026-08-31,AMC Screen Unseen: August 31,AMC Oak Tree 6,special_event,0,0,1.0,1.0,1.0,6,68,0.4,0.4,0.0,0.0,lower-middle,,,,0.0,1.0,1.0,,,,,8.14,0.5006150061500615,0.5006150061500615,0.45627802690582964
2026-08-31,Insidious: Out of the Further,AMC Oak Tree 6,ordinary,0,0,26.0,7.0,5.0,1,63,0.7130434782608697,1.0,0.6956521739130435,1.0,upper-middle,0.8571428571428571,-0.14409937888198743,0.1238542890716805,-0.14409937888198743,0.8318840579710146,2.0,0.0,0.0,0.0,0.0,15.694782608695652,0.9652387828226108,0.9652387828226108,0.8797523883798012
2026-08-31,Mutiny,AMC Oak Tree 6,ordinary,0,0,5.0,2.0,1.0,5,67,0.20000000000000004,0.2,0.0,,low,0.5,-0.29999999999999993,-0.37777777777777777,-0.37777777777777777,0.3461538461538462,1.0,1.0,0.0,0.0,0.0,13.01,0.8001230012300122,0.8001230012300122,0.9117028731604765
2026-08-31,The Uprising: Early Access Live Q&A with Paul Greengrass and Andrew Garfield,AMC Oak Tree 6,special_event,0,0,1.0,1.0,1.0,4,66,0.8,0.8,1.0,1.0,top,,,,0.0,1.0,1.0,,,,,16.26,1.0,1.0,0.9114349775784755
2026-08-31,Coyote vs. Acme,AMC Oak Tree 6,ambiguous_special,3,0,21.0,3.0,5.0,5,67,0.4235294117647059,1.0,0.29411764705882354,0.25,lower-middle,0.4000000000000001,0.0235294117647058,0.0235294117647058,0.0,1.0,2.0,0.0,0.0,0.0,0.0,15.49529411764706,0.9529701179364735,0.9529701179364735,0.8685702980743868
2026-08-31,By Any Means,AMC Oak Tree 6,ordinary,2,0,3.0,3.0,1.0,6,68,0.4000000000000001,0.4,0.0,0.0,lower-middle,,,,0.0,1.0,1.0,,,,,15.176666666666668,0.9333743337433374,0.9333743337433374,1.0635365568792339
2026-09-08,The Odyssey,AMC Oak Tree 6,ordinary,1,0,21.0,6.0,4.0,4,66,0.43333333333333335,0.8,0.2777777777777778,0.0,lower-middle,,,-0.10303030303030303,-0.244927536231884,0.638888888888889,1.0,0.0,0.0,0.0,0.0,16.65,1.0239852398523983,1.0239852398523983,0.9332959641255605
2026-09-08,Spider-Man: Brand New Day,AMC Oak Tree 6,ordinary,2,0,21.0,15.0,3.0,1,63,0.6888888888888889,1.0,0.5555555555555556,0.5714285714285714,upper-middle,0.6307692307692307,0.058119658119658135,0.41888888888888887,0.0,1.0,1.0,0.0,1.0,0.0,0.0,16.848333333333333,1.0361828618286182,1.0361828618286182,1.1806820836253211
2026-09-08,The End of Oak Street,AMC Oak Tree 6,ordinary,0,0,9.0,4.0,5.0,4,66,0.6888888888888889,1.0,0.5555555555555556,1.0,upper-middle,0.7000000000000001,-0.011111111111111183,-0.01777777777777778,-0.01777777777777778,0.9748427672955975,2.0,0.0,0.0,0.0,0.0,15.537777777777778,0.9555828891622249,0.9555828891622249,1.0888421708323601
2026-09-08,The Dog Stars,AMC Oak Tree 6,ordinary,0,0,25.0,4.0,4.0,5,67,0.5083333333333334,1.0,0.4166666666666667,0.4166666666666667,upper-middle,0.75,-0.24166666666666659,0.03425925925925932,-0.24166666666666659,0.6777777777777779,1.0,0.0,0.0,0.0,0.0,15.176666666666668,0.9333743337433374,0.9333743337433374,0.8507100149476832
2026-09-08,Practical Magic 2,AMC Oak Tree 6,ordinary,3,0,3.0,3.0,3.0,1,63,0.6666666666666666,1.0,0.3333333333333333,0.0,upper-middle,,,,0.0,1.0,1.0,,,,,15.176666666666668,0.9333743337433374,0.9333743337433374,0.8507100149476832
2026-09-08,AMC Screen Unseen: September 7,AMC Oak Tree 6,special_event,0,0,1.0,1.0,1.0,6,68,0.6,0.6,0.0,0.0,upper-middle,0.6,0.0,,0.0,1.0,1.0,,,,,8.14,0.5006150061500615,0.5006150061500615,0.45627802690582964
2026-09-08,Coyote vs. Acme,AMC Oak Tree 6,ambiguous_special,2,0,20.0,3.0,3.0,3,65,0.21176470588235294,0.6,0.0,0.0,low,0.4000000000000001,-0.18823529411764714,-0.23823529411764707,-0.23823529411764707,0.47058823529411764,1.0,1.0,0.0,0.0,0.0,15.87764705882353,0.9764850589682367,0.9764850589682367,0.8900026378264311
2026-09-08,By Any Means,AMC Oak Tree 6,ordinary,1,0,37.0,6.0,6.0,4,66,0.6114285714285715,1.0,0.5142857142857142,0.7142857142857143,upper-middle,0.6666666666666666,-0.055238095238095086,-0.055238095238095086,-0.055238095238095086,0.9171428571428574,2.0,0.0,0.0,0.0,0.0,15.424285714285714,0.948603057459146,0.948603057459146,1.0808889778756632
2026-09-08,Buddy,AMC Oak Tree 6,ordinary,1,0,20.0,2.0,5.0,5,67,0.37894736842105264,1.0,0.21052631578947367,0.14285714285714285,lower-middle,0.8,-0.4210526315789474,-0.4210526315789474,-0.4210526315789474,0.47368421052631576,1.0,1.0,0.0,0.0,0.0,15.57578947368421,0.9579206318378972,0.9579206318378972,1.0915059196695311
2026-09-15,The Odyssey,AMC Oak Tree 6,ordinary,0,0,17.0,6.0,5.0,5,67,0.49333333333333335,1.0,0.4,0.2857142857142857,lower-middle,,,0.08333333333333337,-0.18492753623188402,0.7273504273504274,2.0,0.0,0.0,0.0,0.0,16.412,1.0093480934809347,1.0093480934809347,1.15010511562719
2026-09-15,Spider-Man: Brand New Day,AMC Oak Tree 6,ordinary,1,0,20.0,15.0,3.0,2,64,0.6125,1.0,0.25,0.2857142857142857,upper-middle,0.6307692307692307,-0.018269230769230704,-0.09226190476190477,-0.09226190476190477,0.8690878378378378,2.0,0.0,0.0,0.0,0.0,16.724375,1.0285593480934807,1.0285593480934807,1.1719954449894883
2026-09-15,Practical Magic 2,AMC Oak Tree 6,ordinary,,1,20.0,4.0,4.0,3,65,0.30526315789473685,1.0,0.05263157894736842,0.0,lower-middle,0.5,-0.19473684210526315,-0.19473684210526315,-0.19473684210526315,0.6105263157894737,1.0,1.0,0.0,0.0,0.0,15.404736842105264,0.9474007897973716,0.9474007897973716,1.0795190499022609
2026-09-15,Coyote vs. Acme,AMC Oak Tree 6,ambiguous_special,1,0,19.0,3.0,4.0,2,64,0.3125,1.0,0.125,0.1111111111111111,lower-middle,0.4000000000000001,-0.08750000000000008,0.02250000000000002,-0.1375,0.6944444444444444,4.0,0.0,0.0,0.0,0.0,15.650625000000002,0.9625230627306273,0.9625230627306273,0.8772771860986548
2026-09-15,AMC Screen Unseen: September 13,AMC Oak Tree 6,special_event,0,0,1.0,1.0,1.0,5,67,0.2,0.2,0.0,,low,0.2,0.0,,0.0,1.0,1.0,,,,,8.14,0.5006150061500615,0.5006150061500615,0.570427470217239
2026-09-15,AMC Screen Unseen: September 14,AMC Oak Tree 6,special_event,0,0,1.0,1.0,1.0,5,67,0.2,0.2,0.0,0.0,low,0.2,0.0,,0.0,1.0,1.0,,,,,8.14,0.5006150061500615,0.5006150061500615,0.45627802690582964
2026-09-15,Resident Evil,AMC Oak Tree 6,ordinary,3,0,3.0,3.0,2.0,2,64,0.26666666666666666,0.4,0.0,0.0,lower-middle,,,,0.0,1.0,1.0,,,,,17.84,1.097170971709717,1.097170971709717,1.2501751927119833
2026-09-15,By Any Means,AMC Oak Tree 6,ordinary,0,0,12.0,6.0,3.0,1,63,0.6666666666666666,1.0,0.5,0.6666666666666666,upper-middle,0.6666666666666666,0.0,0.07747747747747746,0.0,1.0,3.0,0.0,0.0,0.0,0.0,15.4475,0.950030750307503,0.950030750307503,0.8658912556053812
2026-09-15,Buddy,AMC Oak Tree 6,ordinary,0,0,7.0,2.0,2.0,1,63,0.8,1.0,0.5,,top,0.8,0.0,0.44000000000000006,0.0,1.0,1.0,0.0,1.0,0.0,0.0,14.635000000000002,0.9000615006150061,0.9000615006150061,0.9000615006150061
2026-09-15,Hope,AMC Oak Tree 6,ordinary,1,0,18.0,18.0,5.0,4,66,0.611764705882353,1.0,0.6470588235294118,0.8571428571428571,upper-middle,0.611764705882353,0.0,,0.0,1.0,1.0,,,,,14.921764705882353,0.9176977063888285,0.9176977063888285,1.0456737705593802
2026-09-22,Spider-Man: Brand New Day,AMC Oak Tree 6,ordinary,0,0,20.0,15.0,5.0,1,63,0.6000000000000001,1.0,0.4444444444444444,0.5454545454545454,upper-middle,0.6307692307692307,-0.03076923076923066,-0.06315789473684197,-0.10476190476190472,0.8513513513513514,3.0,0.0,0.0,0.0,0.0,16.65,1.0239852398523983,1.0239852398523983,0.9332959641255605
2026-09-22,Practical Magic 2,AMC Oak Tree 6,ordinary,,1,22.0,4.0,5.0,3,65,0.34285714285714286,1.0,0.19047619047619047,0.2,lower-middle,0.5,-0.15714285714285714,0.04285714285714287,-0.15714285714285714,0.6857142857142857,2.0,0.0,0.0,0.0,0.0,15.486190476190478,0.9524102383880981,0.9524102383880981,0.8680600042707667
2026-09-22,Coyote vs. Acme,AMC Oak Tree 6,ambiguous_special,0,0,20.0,3.0,6.0,6,68,0.5888888888888889,1.0,0.3333333333333333,0.1,upper-middle,0.4000000000000001,0.18888888888888883,0.2625730994152047,0.0,1.0,1.0,0.0,1.0,0.0,0.0,15.357222222222223,0.9444786114527811,0.9444786114527811,0.8608308420528152
2026-09-22,Resident Evil,AMC Oak Tree 6,ordinary,,1,29.0,5.0,4.0,2,64,0.40689655172413797,0.8,0.10344827586206896,0.07142857142857142,lower-middle,0.2,0.20689655172413796,0.20689655172413796,0.0,1.0,1.0,0.0,1.0,0.0,0.0,17.10137931034483,1.0517453450396572,1.0517453450396572,0.9585974949744859
2026-09-22,Heart of the Beast,AMC Oak Tree 6,ordinary,,1,4.0,4.0,1.0,6,68,0.6,0.6,0.0,0.0,upper-middle,,,,0.0,1.0,1.0,,,,,15.447500000000002,0.9500307503075031,0.9500307503075031,0.8658912556053813
2026-09-22,Forgotten Island,AMC Oak Tree 6,ordinary,,1,4.0,4.0,4.0,1,63,0.4,1.0,0.25,0.5,lower-middle,,,,0.0,1.0,1.0,,,,,16.76,1.030750307503075,0.7258553486357732,0.9394618834080718
2026-09-22,Avengers Endgame: Encore,AMC Oak Tree 6,ambiguous_special,,1,3.0,3.0,2.0,1,63,0.6666666666666666,1.0,0.6666666666666666,0.5,upper-middle,,,,0.0,1.0,1.0,,,,,18.676666666666666,1.1486264862648625,0.808863866031471,1.046898355754858
2026-09-22,AMC Screen Unseen: September 21,AMC Oak Tree 6,special_event,0,0,1.0,1.0,1.0,1,63,1.0,1.0,1.0,1.0,top,1.0,0.0,,0.0,1.0,1.0,,,,,8.14,0.5006150061500615,0.5006150061500615,0.45627802690582964
2026-09-22,Hope,AMC Oak Tree 6,ordinary,0,0,16.0,21.0,4.0,4,66,0.6666666666666666,1.0,0.6,0.7142857142857143,upper-middle,0.63,0.036666666666666625,0.036666666666666625,0.0,1.0,2.0,0.0,0.0,0.0,0.0,15.176666666666668,0.9333743337433374,0.9333743337433374,1.0635365568792339
2026-09-22,Primetime,AMC Oak Tree 6,ordinary,,1,3.0,3.0,2.0,4,66,0.6666666666666666,0.8,0.6666666666666666,0.5,upper-middle,,,,0.0,1.0,1.0,,,,,16.26,1.0,1.0,0.9114349775784755
2026-09-22,The Weight,AMC Oak Tree 6,ordinary,0,0,20.0,4.0,4.0,5,67,0.43333333333333335,1.0,0.3888888888888889,0.2222222222222222,lower-middle,0.4,0.033333333333333326,0.033333333333333326,0.0,1.0,2.0,0.0,0.0,0.0,0.0,15.176666666666668,0.9333743337433374,0.9333743337433374,0.8507100149476832
2026-09-22,Twenty Years of the Met in Cinemas: An Anniversary Celebration,AMC Oak Tree 6,rerelease,0,0,1.0,1.0,1.0,4,66,0.8,0.8,1.0,,top,0.8,0.0,,0.0,1.0,1.0,,,,,28.35,1.743542435424354,1.743542435424354,1.9866853538892784
2026-06-30,Toy Story 5,AMC Pacific Place 11,ordinary,3,0,11.0,,,,,,,,,unknown,,,,,,,,,,,,,,
2026-06-30,Toy Story 5,AMC Pacific Place 11,ordinary_title_only,1,0,19.0,,,,,,,,,unknown,,,,,,,,,,,,,,
2026-06-30,Supergirl,AMC Pacific Place 11,ordinary_title_only,1,0,16.0,,,,,,,,,unknown,,,,,,,,,,,,,,
2026-06-30,Minions & Monsters,AMC Pacific Place 11,ordinary,3,0,19.0,,,,,,,,,unknown,,,,,,,,,,,,,,
2026-06-30,Supergirl,AMC Pacific Place 11,ordinary,3,0,9.0,,,,,,,,,unknown,,,,,,,,,,,,,,
2026-06-30,Jackass: Best and Last,AMC Pacific Place 11,ordinary_title_only,0,0,9.0,,,,,,,,,unknown,,,,,,,,,,,,,,
2026-06-30,Jackass: Best and Last,AMC Pacific Place 11,ordinary,1,0,9.0,,,,,,,,,unknown,,,,,,,,,,,,,,
2026-06-30,AMC,AMC Pacific Place 11,special_event_title_only,0,0,1.0,,,,,,,,,unknown,,,,,,,,,,,,,,
2026-06-30,Stop! That! Train!,AMC Pacific Place 11,ordinary_title_only,0,0,4.0,,,,,,,,,unknown,,,,,,,,,,,,,,
2026-06-30,Girls Like Girls,AMC Pacific Place 11,ordinary_title_only,0,0,8.0,,,,,,,,,unknown,,,,,,,,,,,,,,
2026-06-30,Couture,AMC Pacific Place 11,ordinary_title_only,0,0,6.0,,,,,,,,,unknown,,,,,,,,,,,,,,
2026-06-30,Leviticus,AMC Pacific Place 11,ordinary_title_only,0,0,10.0,,,,,,,,,unknown,,,,,,,,,,,,,,
2026-06-30,Backrooms,AMC Pacific Place 11,ordinary_title_only,0,0,4.0,,,,,,,,,unknown,,,,,,,,,,,,,,
2026-06-30,Backrooms,AMC Pacific Place 11,ordinary_title_only,0,0,5.0,,,,,,,,,unknown,,,,,,,,,,,,,,
2026-06-30,Obsession,AMC Pacific Place 11,ordinary_title_only,0,0,9.0,,,,,,,,,unknown,,,,,,,,,,,,,,
2026-06-30,Girls Like Girls,AMC Pacific Place 11,ordinary_title_only,1,0,6.0,,,,,,,,,unknown,,,,,,,,,,,,,,
2026-06-30,The Death of Robin Hood,AMC Pacific Place 11,ordinary_title_only,0,0,2.0,,,,,,,,,unknown,,,,,,,,,,,,,,
2026-06-30,Disclosure Day,AMC Pacific Place 11,ordinary_title_only,0,0,8.0,,,,,,,,,unknown,,,,,,,,,,,,,,
2026-06-30,Leviticus,AMC Pacific Place 11,ordinary,2,0,6.0,,,,,,,,,unknown,,,,,,,,,,,,,,
2026-06-30,The Death of Robin Hood,AMC Pacific Place 11,ordinary_title_only,0,0,2.0,,,,,,,,,unknown,,,,,,,,,,,,,,
2026-06-30,Disclosure Day,AMC Pacific Place 11,ordinary,2,0,8.0,,,,,,,,,unknown,,,,,,,,,,,,,,
2026-06-30,Obsession,AMC Pacific Place 11,ordinary,3,0,9.0,,,,,,,,,unknown,,,,,,,,,,,,,,
2026-06-30,Young Washington,AMC Pacific Place 11,ordinary,2,0,1.0,,,,,,,,,unknown,,,,,,,,,,,,,,
2026-07-07,Toy Story 5,AMC Pacific Place 11,ordinary,3,0,31.0,,,,,,,,,unknown,,,,,,,,,,,,,,
2026-07-07,Toy Story 5,AMC Pacific Place 11,ordinary_title_only,0,0,1.0,,,,,,,,,unknown,,,,,,,,,,,,,,
2026-07-07,Supergirl,AMC Pacific Place 11,ordinary_title_only,0,0,4.0,,,,,,,,,unknown,,,,,,,,,,,,,,
2026-07-07,Minions & Monsters,AMC Pacific Place 11,ordinary,3,0,55.0,,,,,,,,,unknown,,,,,,,,,,,,,,
2026-07-07,Supergirl,AMC Pacific Place 11,ordinary,2,0,30.0,,,,,,,,,unknown,,,,,,,,,,,,,,
2026-07-07,Minions & Monsters,AMC Pacific Place 11,ordinary_title_only,0,0,1.0,,,,,,,,,unknown,,,,,,,,,,,,,,
2026-07-07,Jackass: Best and Last,AMC Pacific Place 11,ordinary,0,0,27.0,,,,,,,,,unknown,,,,,,,,,,,,,,
2026-07-07,Moana,AMC Pacific Place 11,ordinary,2,0,4.0,,,,,,,,,unknown,,,,,,,,,,,,,,
2026-07-07,Evil Dead Burn,AMC Pacific Place 11,ordinary,3,0,3.0,,,,,,,,,unknown,,,,,,,,,,,,,,
2026-07-07,The Invite,AMC Pacific Place 11,ordinary,3,0,3.0,,,,,,,,,unknown,,,,,,,,,,,,,,
2026-07-07,Girls Like Girls,AMC Pacific Place 11,ordinary_title_only,0,0,7.0,,,,,,,,,unknown,,,,,,,,,,,,,,
2026-07-07,Leviticus,AMC Pacific Place 11,ordinary,1,0,22.0,,,,,,,,,unknown,,,,,,,,,,,,,,
2026-07-07,Disclosure Day,AMC Pacific Place 11,ordinary,1,0,25.0,,,,,,,,,unknown,,,,,,,,,,,,,,
2026-07-07,Obsession,AMC Pacific Place 11,ordinary,3,0,26.0,,,,,,,,,unknown,,,,,,,,,,,,,,
2026-07-07,Young Washington,AMC Pacific Place 11,ordinary,1,0,6.0,,,,,,,,,unknown,,,,,,,,,,,,,,
2026-07-07,I Know Who You Are,AMC Pacific Place 11,ordinary_title_only,0,0,14.0,3.0,,,,,,,,unknown,,,,,,,,,,,,,,
2026-07-07,Backrooms: Everything Must Go Edition w/ Bonus Footage,AMC Pacific Place 11,ordinary,2,0,13.0,13.0,,,,,,,,unknown,,,,,,,,,,,,,,
2026-07-13,Toy Story 5,AMC Pacific Place 11,ordinary,3,0,34.0,,,,,,,,,unknown,,,,,,,,,,,,,,
2026-07-13,Minions & Monsters,AMC Pacific Place 11,ordinary,3,0,37.0,,,,,,,,,unknown,,,,,,,,,,,,,,
2026-07-13,Supergirl,AMC Pacific Place 11,ordinary,1,0,24.0,,,,,,,,,unknown,,,,,,,,,,,,,,
2026-07-13,The Odyssey,AMC Pacific Place 11,ordinary,3,0,5.0,5.0,,,,,,,,unknown,,,,,,,,,,,,,,
2026-07-13,Moana,AMC Pacific Place 11,ordinary,1,0,30.0,,,,,,,,,unknown,,,,,,,,,,,,,,
2026-07-13,Evil Dead Burn,AMC Pacific Place 11,ordinary,2,0,31.0,,,,,,,,,unknown,,,,,,,,,,,,,,
2026-07-13,The Invite,AMC Pacific Place 11,ordinary,3,0,33.0,,,,,,,,,unknown,,,,,,,,,,,,,,
2026-07-13,Leviticus,AMC Pacific Place 11,ordinary,0,0,6.0,,,,,,,,,unknown,,,,,,,,,,,,,,
2026-07-13,Disclosure Day,AMC Pacific Place 11,ordinary,0,0,7.0,,,,,,,,,unknown,,,,,,,,,,,,,,
2026-07-13,Obsession,AMC Pacific Place 11,ordinary,2,0,15.0,,,,,,,,,unknown,,,,,,,,,,,,,,
2026-07-13,Young Washington,AMC Pacific Place 11,ordinary,0,0,7.0,,,,,,,,,unknown,,,,,,,,,,,,,,
2026-07-13,Backrooms: Everything Must Go Edition w/ Bonus Footage,AMC Pacific Place 11,ordinary,1,0,12.0,14.0,,,,,,,,unknown,,,,,,,,,,,,,,
2026-07-13,Maddie's Secret,AMC Pacific Place 11,ordinary,1,0,25.0,3.0,,,,,,,,unknown,,,,,,,,,,,,,,
2026-07-13,Crossing,AMC Pacific Place 11,ordinary,0,0,17.0,17.0,,,,,,,,unknown,,,,,,,,,,,,,,
2026-07-13,Gail Daughtry and the Celebrity Sex Pass,AMC Pacific Place 11,ordinary,1,0,25.0,3.0,,,,,,,,unknown,,,,,,,,,,,,,,
2026-07-20,Toy Story 5,AMC Pacific Place 11,ordinary,2,0,30.0,,4.0,1,94,,,0.0,0.0,unknown,,,,,,,,,,,16.444999999999997,1.044790343074968,1.044790343074968,1.187364620938628
2026-07-20,Minions & Monsters,AMC Pacific Place 11,ordinary,2,0,34.0,,6.0,2,95,,,0.0,0.0,unknown,,,,,,,,,,,16.444999999999997,1.044790343074968,1.044790343074968,0.9500288850375505
2026-07-20,Supergirl,AMC Pacific Place 11,ordinary,0,0,17.0,,5.0,3,96,,,0.0,0.0,unknown,,,,,,,,,,,15.234,0.9678526048284625,0.9678526048284625,1.099927797833935
2026-07-20,The Odyssey,AMC Pacific Place 11,ordinary,3,0,68.0,7.0,6.0,10,103,,,0.0,0.0,unknown,,,,,,,,,,,16.4104,1.042592121982211,0.9480300404390526,0.9480300404390526
2026-07-20,Moana,AMC Pacific Place 11,ordinary,0,0,31.0,,5.0,5,98,,,0.0,0.0,unknown,,,,,,,,,,,18.544999999999998,1.1782083862770012,1.0713460427498556,1.3389891696750902
2026-07-20,Hadestown: The Musical,AMC Pacific Place 11,ordinary,3,0,4.0,4.0,2.0,3,96,,,0.0,0.0,unknown,,,,,,,,,,,14.69,0.9332909783989835,0.9332909783989835,0.8486424032351242
2026-07-20,Met Summer Encore: The Merry Widow (2026),AMC Pacific Place 11,special_event,0,0,2.0,2.0,2.0,4,97,,,0.0,0.0,unknown,,,,,,,,,,,18.9,1.2007623888182972,1.2007623888182972,1.3646209386281587
2026-07-20,Evil Dead Burn,AMC Pacific Place 11,ordinary,1,0,35.0,,3.0,7,100,,,0.0,0.0,unknown,,,,,,,,,,,14.2775,0.9070838627700127,0.9070838627700127,1.0308664259927798
2026-07-20,The Invite,AMC Pacific Place 11,ordinary,3,0,31.0,,6.0,4,97,,,0.0,0.0,unknown,,,,,,,,,,,15.055217391304348,0.9564941163471631,0.9564941163471631,0.8697410393590034
2026-07-20,Obsession,AMC Pacific Place 11,ordinary,1,0,28.0,,5.0,7,100,,,0.0,0.0,unknown,,,,,,,,,,,15.215,0.9666454891994917,0.9666454891994917,0.8789716926632005
2026-07-20,Backrooms: Everything Must Go Edition w/ Bonus Footage,AMC Pacific Place 11,ordinary,0,0,6.0,14.0,2.0,3,96,,,0.0,0.0,unknown,,,,,,,,,,,15.74,1.0,1.0,0.9093009820912767
2026-07-20,AMC Screen Unseen: July 20,AMC Pacific Place 11,special_event,0,0,1.0,1.0,1.0,4,97,,,0.0,0.0,unknown,,,,,,,,,,,7.88,0.5006353240152478,0.5006353240152478,0.45522819179664936
2026-07-20,Maddie's Secret,AMC Pacific Place 11,ordinary,0,0,6.0,3.0,1.0,6,99,,,0.0,,unknown,,,,,,,,,,,12.59,0.7998729351969505,0.7998729351969505,0.9090252707581228
2026-07-20,Gail Daughtry and the Celebrity Sex Pass,AMC Pacific Place 11,ordinary,0,0,6.0,3.0,1.0,6,99,,,0.0,,unknown,,,,,,,,,,,14.48,0.9199491740787802,0.9199491740787802,1.0454873646209386
2026-07-20,Her Private Hell,AMC Pacific Place 11,ordinary,1,0,2.0,2.0,1.0,6,99,,,0.0,0.0,unknown,,,,,,,,,,,15.74,1.0,1.0,0.9093009820912767
2026-07-20,Oh Sukumari,AMC Pacific Place 11,ordinary,0,0,15.0,2.0,2.0,6,99,,,0.0,0.0,unknown,,,,,,,,,,,13.85,0.8799237611181703,0.8799237611181703,1.0
2026-07-28,Toy Story 5,AMC Pacific Place 11,ordinary,1,0,34.0,,6.0,2,95,0.4398148148148148,1.0,0.20833333333333334,0.2727272727272727,lower-middle,,,-0.13955026455026448,0.0,1.0,1.0,0.0,0.0,0.0,0.0,15.724166666666667,0.9989940703091911,0.9989940703091911,1.1353188929001203
2026-07-28,Minions & Monsters,AMC Pacific Place 11,ordinary,1,0,35.0,,8.0,7,100,0.5410628019323671,1.0,0.20833333333333334,0.21428571428571427,upper-middle,,,0.2156659765355417,0.0,1.0,1.0,0.0,1.0,0.0,0.0,16.444999999999997,1.044790343074968,1.044790343074968,0.9500288850375505
2026-07-28,The Odyssey,AMC Pacific Place 11,ordinary,3,0,75.0,7.0,8.0,10,103,0.30193236714975846,0.8888888888888888,0.18181818181818182,0.13043478260869565,lower-middle,,,-0.05536610779577528,0.0,1.0,1.0,0.0,0.0,1.0,0.0,16.177636363636363,1.027804089176389,0.9345832676855208,1.1680603872661635
2026-07-28,Hadestown: The Musical,AMC Pacific Place 11,ordinary,2,0,49.0,6.0,8.0,3,96,0.6597222222222222,1.0,0.47058823529411764,0.6111111111111112,upper-middle,,,-0.22916666666666663,0.0,1.0,1.0,1.0,0.0,0.0,0.0,14.535588235294117,0.9234808281635398,0.9234808281635398,0.8397220239915724
2026-07-28,Spider-Man: Brand New Day,AMC Pacific Place 11,ordinary,3,0,17.0,17.0,7.0,3,96,0.6759259259259259,1.0,0.4666666666666667,0.5,upper-middle,,,,0.0,1.0,1.0,,,,,17.787333333333333,1.1300720033883946,1.027575582514924,1.027575582514924
2026-07-28,Evil Dead Burn,AMC Pacific Place 11,ordinary,0,0,7.0,,3.0,3,96,0.4603174603174603,0.8888888888888888,0.42857142857142855,0.0,lower-middle,,,-0.14285714285714285,0.0,1.0,1.0,0.0,0.0,0.0,0.0,15.290000000000001,0.9714104193138501,0.9714104193138501,0.8833044482957829
2026-07-28,The Invite,AMC Pacific Place 11,ordinary,3,0,28.0,,5.0,1,94,0.6222222222222222,1.0,0.35,0.3,upper-middle,,,-0.05238095238095242,0.0,1.0,1.0,0.0,0.0,0.0,0.0,15.11,0.9599745870393901,0.9599745870393901,0.8729058347775852
2026-07-28,Obsession,AMC Pacific Place 11,ordinary,0,0,23.0,,8.0,5,98,0.4583333333333333,1.0,0.29411764705882354,0.4,lower-middle,,,-0.0861111111111112,0.0,1.0,1.0,0.0,0.0,0.0,0.0,14.442941176470589,0.9175947380222738,0.9175947380222738,0.8343697964454413
2026-07-28,Splash City with Berner in-person,AMC Pacific Place 11,ordinary,0,0,1.0,1.0,1.0,7,100,0.6666666666666666,0.6666666666666666,0.0,0.0,upper-middle,0.6666666666666666,0.0,,0.0,1.0,1.0,,,,,17.31,1.0997458703939007,1.0997458703939007,1.0
2026-07-28,Her Private Hell,AMC Pacific Place 11,ordinary,0,0,28.0,3.0,5.0,6,99,0.6257309941520468,1.0,0.09090909090909091,0.0,upper-middle,,,0.07017543859649122,0.0,1.0,1.0,0.0,0.0,0.0,0.0,15.310454545454546,0.9727099457086751,0.9727099457086751,1.1054479816212668
2026-07-28,AMC Screen Unseen: July 27,AMC Pacific Place 11,special_event,0,0,1.0,1.0,1.0,4,97,1.0,1.0,1.0,1.0,top,1.0,0.0,,0.0,1.0,1.0,,,,,7.88,0.5006353240152478,0.5006353240152478,0.45522819179664936
2026-07-28,I Want Your Sex,AMC Pacific Place 11,ordinary,1,0,2.0,2.0,2.0,5,98,0.38888888888888884,0.6666666666666666,0.0,0.0,lower-middle,,,,0.0,1.0,1.0,,,,,15.74,1.0,1.0,0.9093009820912767
2026-07-28,Motor City,AMC Pacific Place 11,ordinary,0,0,19.0,2.0,2.0,5,98,0.14583333333333331,0.6666666666666666,0.0,0.0,low,,,-0.6875,0.0,1.0,1.0,1.0,0.0,0.0,0.0,15.543125,0.9874920584498094,0.9874920584498094,0.8979274985557482
2026-08-03,Toy Story 5,AMC Pacific Place 11,ordinary,0,0,18.0,,4.0,1,94,0.425,0.6,0.0,,lower-middle,,,-0.01346153846153847,-0.040811965811965834,0.9123853211009174,2.0,0.0,0.0,0.0,0.0,15.291666666666666,0.9715163066497247,0.9715163066497247,1.1040914560770156
2026-08-03,MET Summer Encore: Aida (2026),AMC Pacific Place 11,special_event,0,0,2.0,2.0,2.0,4,97,0.7,1.0,0.5,0.0,upper-middle,,,,0.0,1.0,1.0,,,,,18.9,1.2007623888182972,1.2007623888182972,1.3646209386281587
2026-08-03,Minions & Monsters,AMC Pacific Place 11,ordinary,0,0,20.0,,5.0,7,100,0.4636363636363637,1.0,0.2727272727272727,0.6666666666666666,lower-middle,,,-0.07867132867132859,-0.08747474747474743,0.841275659824047,1.0,0.0,0.0,0.0,0.0,14.793636363636363,0.9398752454660968,0.9398752454660968,1.0681325894322284
2026-08-03,The Odyssey,AMC Pacific Place 11,ordinary,3,0,57.0,7.0,6.0,10,103,0.26666666666666666,1.0,0.14285714285714285,0.16666666666666666,lower-middle,,,-0.09940476190476188,-0.05248226950354612,0.8355555555555555,2.0,0.0,0.0,1.0,0.0,16.156666666666666,1.0264718339686574,0.9333718467167341,0.9333718467167341
2026-08-03,Hadestown: The Musical,AMC Pacific Place 11,ordinary,1,0,24.0,6.0,5.0,2,95,0.35,0.9,0.16666666666666666,0.16666666666666666,lower-middle,,,-0.3242857142857144,-0.3368686868686869,0.5095588235294117,1.0,1.0,0.0,0.0,0.0,14.34,0.9110546378653113,0.9110546378653113,1.0353790613718412
2026-08-03,Spider-Man: Brand New Day,AMC Pacific Place 11,ordinary,3,0,121.0,21.0,9.0,9,102,0.6420454545454546,1.0,0.4318181818181818,0.40384615384615385,upper-middle,0.711111111111111,-0.06906565656565644,-0.06906565656565655,-0.06906565656565644,0.9028764204545456,2.0,0.0,0.0,1.0,0.0,18.05443181818182,1.1470414115744485,1.0430058820440105,1.0430058820440105
2026-08-03,The Invite,AMC Pacific Place 11,ordinary,2,0,22.0,,7.0,5,98,0.48666666666666664,1.0,0.26666666666666666,0.42857142857142855,lower-middle,,,-0.0895238095238095,-0.1165079365079365,0.8068421052631579,1.0,0.0,0.0,0.0,0.0,14.9,0.9466327827191868,0.9466327827191868,0.8607741190063548
2026-08-03,Super Troopers 3,AMC Pacific Place 11,ordinary,2,0,4.0,4.0,2.0,6,99,0.275,0.5,0.0,0.0,lower-middle,,,,0.0,1.0,1.0,,,,,14.9525,0.9499682337992377,0.9499682337992377,1.0796028880866426
2026-08-03,Super Troopers 3: Special Broken Lizard Fan Event,AMC Pacific Place 11,special_event,0,0,1.0,1.0,1.0,4,97,1.0,1.0,1.0,1.0,top,,,,0.0,1.0,1.0,,,,,15.74,1.0,1.0,0.9093009820912767
2026-08-03,I Want Your Sex,AMC Pacific Place 11,ordinary,0,0,18.0,2.0,1.0,7,100,0.5,0.5,0.0,0.0,upper-middle,0.33333333333333337,0.16666666666666663,0.2,0.0,1.0,1.0,0.0,1.0,0.0,0.0,15.74,1.0,1.0,0.9093009820912767
2026-08-03,Sheep in the Box,AMC Pacific Place 11,ordinary,1,0,2.0,2.0,2.0,5,98,0.3,0.5,0.0,0.0,lower-middle,,,,0.0,1.0,1.0,,,,,15.74,1.0,1.0,0.9093009820912767
2026-08-03,AMC Scream Unseen: August 3,AMC Pacific Place 11,special_event,0,0,1.0,1.0,1.0,1,94,0.4,0.4,0.0,0.0,lower-middle,,,,0.0,1.0,1.0,,,,,7.88,0.5006353240152478,0.5006353240152478,0.45522819179664936
2026-08-03,One Night Only,AMC Pacific Place 11,ambiguous_special,2,0,4.0,4.0,2.0,1,94,0.35000000000000003,0.4,0.0,0.0,lower-middle,,,,0.0,1.0,1.0,,,,,14.9525,0.9499682337992377,0.9499682337992377,0.8638070479491624
2026-08-10,The Odyssey,AMC Pacific Place 11,ordinary,3,0,53.0,7.0,8.0,10,103,0.3923076923076923,1.0,0.2564102564102564,0.34782608695652173,lower-middle,,,0.06786324786324788,0.0,1.0,3.0,0.0,0.0,1.0,0.0,16.51153846153846,1.0490176913302707,0.953872816957739,0.953872816957739
2026-08-10,Hadestown: The Musical,AMC Pacific Place 11,ordinary,0,0,8.0,6.0,2.0,2,95,0.33999999999999997,0.5,0.0,,lower-middle,,,0.0011111111111111183,-0.3468686868686869,0.49499999999999994,2.0,0.0,0.0,0.0,0.0,13.85,0.8799237611181703,0.8799237611181703,1.0
2026-08-10,Spider-Man: Brand New Day,AMC Pacific Place 11,ordinary,3,0,93.0,21.0,10.0,9,102,0.5888888888888889,1.0,0.2777777777777778,0.34375,upper-middle,0.711111111111111,-0.12222222222222212,0.01730994152046783,-0.12222222222222212,0.8281250000000001,3.0,0.0,0.0,1.0,0.0,17.855277777777776,1.134388677114217,1.0315007381731818,1.0315007381731818
2026-08-10,The Invite,AMC Pacific Place 11,ordinary,1,0,6.0,,4.0,5,98,0.3,1.0,0.16666666666666666,0.3333333333333333,lower-middle,,,-0.25000000000000006,-0.30317460317460315,0.49736842105263157,1.0,1.0,0.0,0.0,0.0,15.74,1.0,1.0,0.9093009820912767
2026-08-10,Super Troopers 3,AMC Pacific Place 11,ordinary,1,0,39.0,4.0,4.0,6,99,0.3411764705882353,0.6,0.0,0.0,lower-middle,0.42500000000000004,-0.08382352941176474,0.041176470588235314,-0.08382352941176474,0.8027681660899654,2.0,0.0,0.0,0.0,0.0,15.091470588235294,0.9587973690111369,0.9587973690111369,1.0896368655765556
2026-08-10,PAW Patrol: The Dino Movie,AMC Pacific Place 11,ordinary,2,0,3.0,3.0,2.0,8,101,0.6,0.8,0.3333333333333333,1.0,upper-middle,,,,0.0,1.0,1.0,,,,,14.69,0.9332909783989835,0.9332909783989835,1.0606498194945848
2026-08-10,The End of Oak Street,AMC Pacific Place 11,ordinary,3,0,4.0,4.0,2.0,6,99,0.35,0.5,0.0,0.0,lower-middle,,,,0.0,1.0,1.0,,,,,14.9525,0.9499682337992377,0.9499682337992377,0.8638070479491624
2026-08-10,Sheep in the Box,AMC Pacific Place 11,ordinary,0,0,27.0,2.0,3.0,7,100,0.3238095238095238,0.6,0.0,0.0,lower-middle,0.3,0.023809523809523836,-0.026190476190476153,0.0,1.0,2.0,0.0,0.0,0.0,0.0,15.59,0.9904701397712833,0.9904701397712833,1.1256317689530686
2026-08-10,AMC Screen Unseen: August 10,AMC Pacific Place 11,special_event,0,0,1.0,1.0,1.0,3,96,0.9,0.9,1.0,1.0,top,,,,0.0,1.0,1.0,,,,,7.88,0.5006353240152478,0.5006353240152478,0.45522819179664936
2026-08-10,Grateful Dead Meet-Up At The Movies 2026,AMC Pacific Place 11,special_event,0,0,2.0,2.0,1.0,1,94,0.8,0.8,1.0,1.0,top,0.8,0.0,,0.0,1.0,1.0,,,,,18.9,1.2007623888182972,1.2007623888182972,1.3646209386281587
2026-08-10,One Night Only,AMC Pacific Place 11,ambiguous_special,1,0,40.0,4.0,5.0,4,97,0.7787878787878788,1.0,0.696969696969697,0.7857142857142857,top,0.7000000000000001,0.07878787878787874,0.12878787878787878,0.0,1.0,1.0,0.0,0.0,0.0,0.0,14.594545454545454,0.9272265218898001,0.9272265218898001,1.0537577945520185
2026-08-10,Practical Magic,AMC Pacific Place 11,special_event,0,0,1.0,1.0,1.0,5,98,0.1,0.1,0.0,0.0,low,,,,0.0,1.0,1.0,,,,,15.74,1.0,1.0,0.9093009820912767
2026-08-10,Splash City,AMC Pacific Place 11,ordinary,0,0,9.0,9.0,4.0,5,98,0.2555555555555556,0.8,0.1111111111111111,0.0,lower-middle,0.2555555555555556,0.0,,0.0,1.0,1.0,,,,,15.74,1.0,1.0,1.0
2026-08-10,The Wrong Girls,AMC Pacific Place 11,ordinary,2,0,3.0,3.0,1.0,5,98,0.10000000000000002,0.1,0.0,0.0,low,,,,0.0,1.0,1.0,,,,,15.74,1.0,1.0,0.9093009820912767
2026-08-10,Ice Cream Man,AMC Pacific Place 11,ordinary,0,0,10.0,2.0,6.0,7,100,0.51,0.9,0.2,0.16666666666666666,upper-middle,0.5,0.010000000000000009,0.010000000000000009,0.0,1.0,2.0,0.0,0.0,0.0,0.0,15.74,1.0,1.0,0.9093009820912767
2026-08-10,Cookie Queens,AMC Pacific Place 11,ordinary,0,0,12.0,1.0,5.0,4,97,0.5,1.0,0.2857142857142857,0.0,upper-middle,0.5,0.0,-0.09999999999999998,0.0,1.0,2.0,0.0,0.0,0.0,0.0,13.040000000000001,0.8284625158831004,0.8284625158831004,0.9415162454873647
2026-08-17,Six: The Musical Live!,AMC Pacific Place 11,special_event,1,0,19.0,1.0,7.0,7,100,0.48125,0.9,0.0625,0.2,lower-middle,1.0,-0.51875,-0.51875,-0.51875,0.48125,1.0,1.0,0.0,0.0,0.0,14.55875,0.9249523506988564,0.9249523506988564,1.051173285198556
2026-08-17,The Odyssey,AMC Pacific Place 11,ordinary,3,0,39.0,7.0,6.0,10,103,0.30000000000000004,0.8,0.12903225806451613,0.21052631578947367,lower-middle,,,-0.025581395348837188,-0.037777777777777743,0.8881578947368423,4.0,0.0,0.0,1.0,0.0,16.751935483870966,1.0642906914784604,0.9677605709919681,0.9677605709919681
2026-08-17,Spider-Man: Brand New Day,AMC Pacific Place 11,ordinary,3,0,52.0,21.0,9.0,3,96,0.6204545454545455,1.0,0.4090909090909091,0.5238095238095238,upper-middle,0.711111111111111,-0.09065656565656555,0.06234643734643741,-0.09065656565656555,0.8725142045454547,4.0,0.0,0.0,1.0,0.0,17.60022727272727,1.118184706018251,1.0167664513418413,1.0167664513418413
2026-08-17,The Invite,AMC Pacific Place 11,ordinary,0,0,7.0,,3.0,5,98,0.48,1.0,0.2,,lower-middle,,,0.06571428571428573,-0.12317460317460316,0.7957894736842105,2.0,0.0,0.0,0.0,0.0,12.59,0.7998729351969505,0.7998729351969505,0.9090252707581228
2026-08-17,Super Troopers 3,AMC Pacific Place 11,ordinary,0,0,27.0,4.0,4.0,7,100,0.5692307692307692,0.8,0.15384615384615385,0.1111111111111111,upper-middle,0.42500000000000004,0.14423076923076916,0.05494505494505497,0.0,1.0,1.0,0.0,0.0,0.0,0.0,15.13423076923077,0.9615140259994136,0.9615140259994136,0.8743056481358042
2026-08-17,PAW Patrol: The Dino Movie,AMC Pacific Place 11,ordinary,1,0,34.0,4.0,8.0,1,94,0.6566666666666666,1.0,0.5333333333333333,0.6666666666666666,upper-middle,0.65,0.006666666666666599,-0.018333333333333424,0.0,1.0,2.0,0.0,0.0,0.0,0.0,14.69,0.9332909783989835,0.9332909783989835,1.0606498194945848
2026-08-17,The End of Oak Street,AMC Pacific Place 11,ordinary,2,0,33.0,4.0,6.0,11,104,0.48214285714285715,1.0,0.32142857142857145,0.2,lower-middle,0.5,-0.01785714285714285,-0.16785714285714276,-0.01785714285714285,0.9642857142857143,1.0,1.0,0.0,0.0,0.0,14.9525,0.9499682337992377,0.9499682337992377,1.0796028880866426
2026-08-17,Insidious: Out of the Further,AMC Pacific Place 11,ordinary,2,0,4.0,4.0,1.0,11,104,0.1,0.1,0.0,0.0,low,,,,0.0,1.0,1.0,,,,,14.9525,0.9499682337992377,0.9499682337992377,1.0796028880866426
2026-08-17,One Night Only,AMC Pacific Place 11,ambiguous_special,0,0,22.0,4.0,6.0,4,97,0.67,0.9,0.45,0.0,upper-middle,0.7000000000000001,-0.030000000000000027,-0.0603030303030303,-0.06333333333333324,0.9136363636363638,3.0,0.0,0.0,0.0,0.0,14.794999999999998,0.939961880559085,0.939961880559085,1.0682310469314078
2026-08-17,Mutiny,AMC Pacific Place 11,ordinary,2,0,3.0,3.0,1.0,4,97,0.8000000000000002,0.8,1.0,1.0,top,,,,0.0,1.0,1.0,,,,,15.74,1.0,1.0,0.9093009820912767
2026-08-17,The Wrong Girls,AMC Pacific Place 11,ordinary,1,0,22.0,3.0,2.0,5,98,0.30476190476190473,0.4,0.0,0.0,lower-middle,0.20000000000000004,0.1047619047619047,0.004761904761904745,0.0,1.0,1.0,0.0,0.0,0.0,0.0,15.59,0.9904701397712833,0.9904701397712833,0.9006354708261122
2026-08-17,AMC Scream Unseen: August 17,AMC Pacific Place 11,special_event,0,0,1.0,1.0,1.0,4,97,0.8,0.8,1.0,1.0,top,,,,0.0,1.0,1.0,,,,,7.88,0.5006353240152478,0.5006353240152478,0.45522819179664936
2026-08-17,Tony,AMC Pacific Place 11,ordinary,3,0,3.0,3.0,1.0,9,102,0.20000000000000004,0.2,0.0,0.0,low,,,,0.0,1.0,1.0,,,,,15.74,1.0,1.0,0.9093009820912767
2026-08-17,Nimrods,AMC Pacific Place 11,ordinary,0,0,6.0,1.0,4.0,1,94,0.6833333333333332,0.9,0.3333333333333333,,upper-middle,0.6,0.08333333333333326,0.18333333333333324,0.0,1.0,2.0,0.0,1.0,0.0,0.0,12.589999999999998,0.7998729351969504,0.7998729351969504,0.9090252707581227
2026-08-17,The Rivals of Amziah King,AMC Pacific Place 11,ordinary,0,0,21.0,1.0,6.0,2,95,0.5470588235294118,1.0,0.23529411764705882,0.2,upper-middle,0.3,0.24705882352941183,-0.05294117647058816,0.0,1.0,1.0,0.0,0.0,0.0,0.0,14.628235294117648,0.9293669183048061,0.9293669183048061,0.8450742515377035
2026-08-17,Your Name. 10th Anniversary,AMC Pacific Place 11,rerelease,1,0,17.0,2.0,7.0,9,102,0.5764705882352942,1.0,0.29411764705882354,0.5,upper-middle,0.8,-0.22352941176470587,-0.17352941176470582,-0.22352941176470587,0.7205882352941176,1.0,1.0,0.0,0.0,0.0,14.998823529411764,0.9529112788698706,0.9529112788698706,0.866483161722228
2026-08-17,The Brink of War,AMC Pacific Place 11,ordinary,0,0,1.0,1.0,1.0,6,99,0.6,0.6,0.0,,upper-middle,0.6,0.0,,0.0,1.0,1.0,,,,,12.59,0.7998729351969505,0.7998729351969505,0.9090252707581228
2026-08-17,Texas Chainsaw Day (2026),AMC Pacific Place 11,special_event,0,0,1.0,1.0,1.0,11,104,0.1,0.1,0.0,0.0,low,,,,0.0,1.0,1.0,,,,,18.9,1.2007623888182972,1.2007623888182972,1.0918544194107451
2026-08-24,Six: The Musical Live!,AMC Pacific Place 11,special_event,0,0,6.0,1.0,1.0,9,102,0.5,0.5,0.0,0.0,upper-middle,1.0,-0.5,0.0625,-0.5,0.5,1.0,0.0,0.0,0.0,0.0,13.64,0.866581956797967,0.866581956797967,0.9848375451263539
2026-08-24,The Odyssey,AMC Pacific Place 11,ordinary,3,0,35.0,7.0,4.0,10,103,0.2714285714285714,1.0,0.14285714285714285,0.0,lower-middle,,,-0.007359307359307343,-0.06634920634920638,0.8035714285714285,5.0,0.0,0.0,1.0,0.0,16.815714285714286,1.0683427119259394,0.9714450771643147,1.0683427119259394
2026-08-24,Spider-Man: Brand New Day,AMC Pacific Place 11,ordinary,3,0,34.0,21.0,7.0,8,101,0.49375,1.0,0.34375,0.4375,lower-middle,0.711111111111111,-0.217361111111111,-0.10847222222222219,-0.217361111111111,0.6943359375000001,1.0,0.0,0.0,0.0,1.0,16.336875,1.0379209021601017,1.0379209021601017,1.0379209021601017
2026-08-24,PAW Patrol: The Dino Movie,AMC Pacific Place 11,ordinary,0,0,27.0,4.0,6.0,5,98,0.596,1.0,0.4,0.45454545454545453,upper-middle,0.65,-0.05400000000000005,0.0022499999999999742,-0.05400000000000005,0.9169230769230768,3.0,0.0,0.0,0.0,0.0,14.354000000000001,0.9119440914866582,0.9119440914866582,1.036389891696751
2026-08-24,The End of Oak Street,AMC Pacific Place 11,ordinary,1,0,24.0,4.0,4.0,2,95,0.5375,0.7,0.0,0.0,upper-middle,0.5,0.03749999999999998,0.10892857142857143,0.0,1.0,1.0,0.0,0.0,0.0,0.0,14.82125,0.9416296060991105,0.9416296060991105,1.0701263537906136
2026-08-24,Coyote vs. Acme,AMC Pacific Place 11,ambiguous_special,3,0,3.0,3.0,1.0,1,94,0.8000000000000002,0.8,1.0,1.0,top,,,,0.0,1.0,1.0,,,,,15.74,1.0,1.0,1.1364620938628158
2026-08-24,Insidious: Out of the Further,AMC Pacific Place 11,ordinary,1,0,28.0,4.0,4.0,11,104,0.3346153846153846,0.9,0.07692307692307693,0.0,lower-middle,0.4,-0.06538461538461543,0.13461538461538458,-0.06538461538461543,0.8365384615384615,2.0,0.0,0.0,0.0,0.0,15.13423076923077,0.9615140259994136,0.9615140259994136,1.0927242432657596
2026-08-24,Coyote vs. Acme Early Access,AMC Pacific Place 11,special_event,0,0,1.0,1.0,1.0,7,100,0.3,0.3,0.0,,lower-middle,0.3,0.0,,0.0,1.0,1.0,,,,,12.59,0.7998729351969505,0.7998729351969505,0.9090252707581228
2026-08-24,Mutiny,AMC Pacific Place 11,ordinary,1,0,30.0,3.0,5.0,1,94,0.7120000000000001,0.9,0.68,0.6363636363636364,upper-middle,1.0,-0.2879999999999999,-0.18799999999999994,-0.2879999999999999,0.7120000000000001,1.0,1.0,0.0,0.0,0.0,15.11,0.9599745870393901,0.9599745870393901,1.0909747292418772
2026-08-24,The Dog Stars,AMC Pacific Place 11,ordinary,2,0,5.0,5.0,4.0,8,101,0.54,1.0,0.4,0.3333333333333333,upper-middle,,,,0.0,1.0,1.0,,,,,15.11,0.9599745870393901,0.9599745870393901,0.9599745870393901
2026-08-24,The Wrong Girls,AMC Pacific Place 11,ordinary,0,0,6.0,3.0,3.0,11,104,0.45,0.9,0.3333333333333333,0.6666666666666666,lower-middle,0.20000000000000004,0.24999999999999997,0.0357142857142857,0.0,1.0,1.0,0.0,0.0,0.0,0.0,15.74,1.0,1.0,1.0
2026-08-24,Finding Emily,AMC Pacific Place 11,ordinary,2,0,3.0,3.0,1.0,7,100,0.3,0.3,0.0,0.0,lower-middle,,,,0.0,1.0,1.0,,,,,14.69,0.9332909783989835,0.9332909783989835,1.0606498194945848
2026-08-24,Tony,AMC Pacific Place 11,ordinary,2,0,27.0,3.0,5.0,9,102,0.5444444444444444,0.9,0.18518518518518517,0.15384615384615385,upper-middle,0.6999999999999998,-0.15555555555555545,0.0444444444444444,-0.15555555555555545,0.7777777777777779,2.0,0.0,0.0,0.0,0.0,14.923333333333334,0.9481152054214316,0.9481152054214316,0.9481152054214316
2026-08-24,AMC Scream Unseen: August 24,AMC Pacific Place 11,special_event,0,0,1.0,1.0,1.0,7,100,0.3,0.3,0.0,0.0,lower-middle,,,,0.0,1.0,1.0,,,,,7.88,0.5006353240152478,0.5006353240152478,0.5006353240152478
2026-08-24,Colony,AMC Pacific Place 11,ordinary,1,0,1.0,1.0,1.0,3,96,1.0,1.0,1.0,1.0,top,,,,0.0,1.0,1.0,,,,,15.74,1.0,1.0,1.0
2026-08-24,Your Name. 10th Anniversary,AMC Pacific Place 11,rerelease,0,0,8.0,2.0,5.0,4,97,0.625,1.0,0.5,0.4,upper-middle,0.8,-0.17500000000000004,0.11944444444444446,-0.17500000000000004,0.78125,2.0,0.0,0.0,0.0,0.0,14.9525,0.9499682337992377,0.9499682337992377,0.9499682337992377
2026-08-24,All Wishes Come True!,AMC Pacific Place 11,ordinary,1,0,14.0,14.0,5.0,1,94,0.6384615384615385,1.0,0.46153846153846156,0.42857142857142855,upper-middle,0.6384615384615385,0.0,,0.0,1.0,1.0,,,,,14.528461538461539,0.9230280519988271,0.9230280519988271,0.9230280519988271
2026-08-24,Teenage Sex and Death at Camp Miasma,AMC Pacific Place 11,ordinary,3,0,16.0,2.0,4.0,2,95,0.7066666666666667,1.0,0.3333333333333333,0.7142857142857143,upper-middle,0.6,0.10666666666666669,0.00666666666666671,0.0,1.0,2.0,0.0,0.0,0.0,0.0,15.110000000000001,0.9599745870393902,0.9599745870393902,0.9599745870393902
2026-08-24,Learning to Fly,AMC Pacific Place 11,ordinary,0,0,6.0,6.0,2.0,4,97,0.8333333333333334,0.9,0.6666666666666666,0.8,top,0.8333333333333334,0.0,,0.0,1.0,1.0,,,,,15.215000000000002,0.9666454891994918,0.9666454891994918,0.9666454891994918
2026-08-24,Paper Flowers,AMC Pacific Place 11,ordinary,0,0,6.0,1.0,3.0,5,98,0.5166666666666667,0.8,0.16666666666666666,,upper-middle,0.5,0.01666666666666672,-0.08333333333333326,0.0,1.0,2.0,0.0,0.0,0.0,0.0,13.115,0.8332274459974587,0.8332274459974587,0.9469314079422383
2026-08-31,The Odyssey,AMC Pacific Place 11,ordinary,3,0,21.0,7.0,1.0,10,103,0.0,0.0,0.0,0.0,low,,,-0.3071428571428571,-0.3377777777777778,0.0,1.0,1.0,0.0,1.0,0.0,17.31,1.0997458703939007,1.0,1.2498194945848375
2026-08-31,Spider-Man: Brand New Day,AMC Pacific Place 11,ordinary,3,0,27.0,21.0,6.0,6,99,0.475,1.0,0.15,0.23076923076923078,lower-middle,0.711111111111111,-0.23611111111111105,-0.012878787878787934,-0.23611111111111105,0.66796875,1.0,0.0,0.0,0.0,0.0,17.31,1.0997458703939007,1.0997458703939007,1.0997458703939007
2026-08-31,The End of Oak Street,AMC Pacific Place 11,ordinary,0,0,21.0,4.0,4.0,3,96,0.665,1.0,0.55,0.14285714285714285,upper-middle,0.5,0.16500000000000004,0.2457692307692308,0.0,1.0,1.0,0.0,1.0,0.0,0.0,14.794999999999998,0.939961880559085,0.939961880559085,1.0682310469314078
2026-08-31,Coyote vs. Acme,AMC Pacific Place 11,ambiguous_special,3,0,27.0,4.0,2.0,1,94,0.7961538461538462,0.8,0.9615384615384616,0.9090909090909091,top,0.8,-0.0038461538461538325,-0.0038461538461538325,-0.0038461538461538325,0.9951923076923077,2.0,0.0,0.0,0.0,0.0,14.891923076923076,0.946119636399179,0.946119636399179,1.075229103026937
2026-08-31,Insidious: Out of the Further,AMC Pacific Place 11,ordinary,0,0,25.0,4.0,4.0,6,99,0.5850000000000001,0.9,0.3,0.2727272727272727,upper-middle,0.4,0.18500000000000005,0.32574074074074083,0.0,1.0,1.0,0.0,1.0,0.0,0.0,15.425,0.979987293519695,0.979987293519695,0.979987293519695
2026-08-31,Mutiny,AMC Pacific Place 11,ordinary,0,0,9.0,3.0,3.0,5,98,0.4555555555555555,0.9,0.2222222222222222,0.5,lower-middle,1.0,-0.5444444444444445,-0.2644444444444445,-0.5444444444444445,0.4555555555555555,1.0,1.0,0.0,0.0,0.0,13.99,0.8888182973316391,0.8888182973316391,1.0101083032490976
2026-08-31,The Dog Stars,AMC Pacific Place 11,ordinary,1,0,28.0,5.0,6.0,11,104,0.5178571428571429,1.0,0.4642857142857143,0.3333333333333333,upper-middle,0.6,-0.08214285714285707,-0.04214285714285704,-0.08214285714285707,0.8630952380952382,2.0,0.0,0.0,0.0,0.0,14.9525,0.9499682337992377,0.9499682337992377,1.0796028880866426
2026-08-31,Finding Emily,AMC Pacific Place 11,ordinary,1,0,23.0,3.0,1.0,7,100,0.7,0.7,0.0,0.0,upper-middle,0.5,0.19999999999999996,1.1102230246251565e-16,0.0,1.0,2.0,0.0,0.0,0.0,0.0,14.781304347826088,0.9390917628860285,0.9390917628860285,1.067242191178779
2026-08-31,Tony,AMC Pacific Place 11,ordinary,1,0,21.0,3.0,4.0,3,96,0.6142857142857143,1.0,0.42857142857142855,1.0,upper-middle,0.6999999999999998,-0.08571428571428552,0.05714285714285716,-0.08571428571428552,0.8775510204081635,3.0,0.0,0.0,0.0,0.0,14.84,0.9428208386277,0.9428208386277,1.0714801444043323
2026-08-31,AMC Screen Unseen: August 31,AMC Pacific Place 11,special_event,0,0,1.0,1.0,1.0,4,97,0.9,0.9,1.0,1.0,top,,,,0.0,1.0,1.0,,,,,7.88,0.5006353240152478,0.5006353240152478,0.5006353240152478
2026-08-31,Colony,AMC Pacific Place 11,ordinary,0,0,14.0,2.0,6.0,9,102,0.5285714285714286,0.9,0.14285714285714285,0.2222222222222222,upper-middle,0.95,-0.4214285714285714,-0.4214285714285714,-0.4214285714285714,0.5563909774436091,1.0,1.0,0.0,0.0,0.0,15.065,0.9571156289707751,0.9571156289707751,0.9571156289707751
2026-08-31,Dear You,AMC Pacific Place 11,ordinary,3,0,2.0,2.0,1.0,8,101,0.2,0.2,0.0,0.0,low,,,,0.0,1.0,1.0,,,,,15.74,1.0,1.0,1.0
2026-08-31,By Any Means,AMC Pacific Place 11,ordinary,2,0,4.0,4.0,3.0,5,98,0.575,1.0,0.25,0.5,upper-middle,,,,0.0,1.0,1.0,,,,,14.9525,0.9499682337992377,0.9499682337992377,1.0796028880866426
2026-08-31,All Wishes Come True!,AMC Pacific Place 11,ordinary,0,0,7.0,15.0,3.0,9,102,0.5857142857142856,1.0,0.14285714285714285,0.0,upper-middle,0.6642857142857144,-0.07857142857142874,-0.05714285714285727,-0.07857142857142874,0.8817204301075267,2.0,0.0,0.0,0.0,0.0,13.94,0.8856416772554002,0.8856416772554002,1.0064981949458485
2026-08-31,Teenage Sex and Death at Camp Miasma,AMC Pacific Place 11,ordinary,2,0,16.0,2.0,4.0,2,95,0.31333333333333335,0.6,0.0,0.0,lower-middle,0.6,-0.2866666666666666,-0.2631372549019608,-0.2866666666666666,0.5222222222222223,1.0,1.0,0.0,0.0,0.0,14.479999999999999,0.9199491740787801,0.9199491740787801,0.9199491740787801
2026-08-31,Onslaught,AMC Pacific Place 11,ordinary,2,0,1.0,1.0,1.0,3,96,1.0,1.0,1.0,1.0,top,,,,0.0,1.0,1.0,,,,,15.74,1.0,1.0,1.0
2026-08-31,The Uprising: Early Access Live Q&A with Paul Greengrass and Andrew Garfield,AMC Pacific Place 11,special_event,0,0,1.0,1.0,1.0,4,97,0.9,0.9,1.0,1.0,top,,,,0.0,1.0,1.0,,,,,15.74,1.0,1.0,1.0
2026-08-31,Madame in Saigon,AMC Pacific Place 11,ordinary,0,0,6.0,6.0,1.0,5,98,0.3,0.3,0.0,0.0,lower-middle,0.3,0.0,,0.0,1.0,1.0,,,,,15.74,1.0,1.0,1.1364620938628158
2026-08-31,It Ends,AMC Pacific Place 11,ordinary,0,0,12.0,1.0,3.0,2,95,0.43,0.6,0.0,0.0,lower-middle,1.0,-0.5700000000000001,-0.47000000000000003,-0.5700000000000001,0.43,1.0,1.0,0.0,0.0,0.0,14.48,0.9199491740787802,0.9199491740787802,0.9199491740787802
2026-08-31,Sara Bareilles: Good Grief,AMC Pacific Place 11,special_event,0,0,1.0,1.0,1.0,4,97,0.9,0.9,1.0,1.0,top,,,,0.0,1.0,1.0,,,,,18.9,1.2007623888182972,1.2007623888182972,1.2007623888182972
2026-09-08,The Odyssey,AMC Pacific Place 11,ordinary,3,0,21.0,7.0,1.0,10,103,0.0,0.0,0.0,0.0,low,,,0.0,-0.3377777777777778,0.0,2.0,0.0,0.0,1.0,0.0,17.31,1.0997458703939007,1.0,1.2498194945848375
2026-09-08,Spider-Man: Brand New Day,AMC Pacific Place 11,ordinary,3,0,29.0,21.0,8.0,9,102,0.4291666666666667,0.9,0.125,0.07142857142857142,lower-middle,0.711111111111111,-0.28194444444444433,0.029166666666666674,-0.28194444444444433,0.6035156250000001,2.0,0.0,0.0,0.0,0.0,16.73333333333333,1.063108852181279,1.063108852181279,1.063108852181279
2026-09-08,Coyote vs. Acme,AMC Pacific Place 11,ambiguous_special,3,0,22.0,4.0,5.0,1,94,0.585,1.0,0.2,0.1111111111111111,upper-middle,0.8,-0.21500000000000008,-0.11499999999999999,-0.21500000000000008,0.73125,1.0,0.0,0.0,0.0,0.0,14.48,0.9199491740787802,0.9199491740787802,1.0454873646209386
2026-09-08,The Dog Stars,AMC Pacific Place 11,ordinary,0,0,29.0,5.0,4.0,2,95,0.5541666666666667,0.9,0.125,0.08333333333333333,upper-middle,0.6,-0.04583333333333328,0.030028735632184,-0.04583333333333328,0.9236111111111112,3.0,0.0,0.0,0.0,0.0,14.9525,0.9499682337992377,0.9499682337992377,0.9499682337992377
2026-09-08,Finding Emily,AMC Pacific Place 11,ordinary,0,0,6.0,3.0,3.0,6,99,0.5,0.9,0.16666666666666666,,upper-middle,0.5,0.0,-0.09999999999999998,-0.09999999999999998,0.8333333333333334,3.0,0.0,0.0,0.0,0.0,12.589999999999998,0.7998729351969504,0.7998729351969504,0.9090252707581227
2026-09-08,Tony,AMC Pacific Place 11,ordinary,0,0,11.0,3.0,4.0,3,96,0.8333333333333334,1.0,0.5555555555555556,0.8,top,0.6999999999999998,0.13333333333333353,0.2378787878787879,0.0,1.0,1.0,0.0,1.0,0.0,0.0,14.34,0.9110546378653113,0.9110546378653113,0.9110546378653113
2026-09-08,Practical Magic 2,AMC Pacific Place 11,ordinary,3,0,3.0,3.0,2.0,11,104,0.13333333333333333,0.2,0.0,0.0,low,,,,0.0,1.0,1.0,,,,,15.74,1.0,1.0,1.0
2026-09-08,Dear You,AMC Pacific Place 11,ordinary,2,0,26.0,3.0,6.0,8,101,0.32,1.0,0.08,0.16666666666666666,lower-middle,0.16666666666666666,0.15333333333333335,0.15333333333333335,0.0,1.0,1.0,0.0,1.0,0.0,0.0,14.606,0.9279542566709021,0.9279542566709021,0.9279542566709021
2026-09-08,By Any Means,AMC Pacific Place 11,ordinary,1,0,27.0,4.0,4.0,6,99,0.41600000000000004,0.8,0.12,0.1,lower-middle,0.75,-0.33399999999999996,-0.384,-0.33399999999999996,0.5546666666666668,1.0,1.0,0.0,0.0,0.0,15.11,0.9599745870393901,0.9599745870393901,1.0909747292418772
2026-09-08,Hope,AMC Pacific Place 11,ordinary,3,0,8.0,8.0,4.0,2,95,0.575,1.0,0.25,0.3333333333333333,upper-middle,,,,0.0,1.0,1.0,,,,,14.9525,0.9499682337992377,0.9499682337992377,0.9499682337992377
2026-09-08,Teenage Sex and Death at Camp Miasma,AMC Pacific Place 11,ordinary,1,0,11.0,2.0,4.0,3,96,0.89,1.0,0.9,0.8333333333333334,top,0.6,0.29000000000000004,0.5525,0.0,1.0,1.0,0.0,1.0,0.0,0.0,14.794999999999998,0.939961880559085,0.939961880559085,0.939961880559085
2026-09-08,Onslaught,AMC Pacific Place 11,ordinary,1,0,29.0,3.0,6.0,11,104,0.42068965517241386,1.0,0.3103448275862069,0.3125,lower-middle,0.8333333333333334,-0.4126436781609195,-0.4126436781609195,-0.4126436781609195,0.5048275862068966,1.0,1.0,0.0,0.0,0.0,14.87103448275862,0.9447925338474346,0.9447925338474346,0.9447925338474346
2026-09-08,The Uprising,AMC Pacific Place 11,ordinary,2,0,3.0,3.0,1.0,6,99,0.3,0.3,0.0,0.0,lower-middle,,,,0.0,1.0,1.0,,,,,14.69,0.9332909783989835,0.9332909783989835,0.9332909783989835
2026-09-08,AMC Screen Unseen: September 7,AMC Pacific Place 11,special_event,0,0,1.0,1.0,1.0,1,94,0.7,0.7,0.0,0.0,upper-middle,0.7,0.0,,0.0,1.0,1.0,,,,,7.88,0.5006353240152478,0.5006353240152478,0.5006353240152478
2026-09-08,The Sun Never Sets,AMC Pacific Place 11,ordinary,0,0,12.0,1.0,3.0,1,94,0.6666666666666666,0.8,0.3333333333333333,0.6,upper-middle,0.1,0.5666666666666667,0.5666666666666667,0.0,1.0,1.0,0.0,1.0,0.0,0.0,14.690000000000001,0.9332909783989836,0.9332909783989836,0.9332909783989836
2026-09-08,cocoon - One Summer of Girlhood,AMC Pacific Place 11,ordinary,0,0,9.0,1.0,3.0,1,94,0.7166666666666667,0.8,0.3333333333333333,,upper-middle,0.7,0.01666666666666672,-0.08333333333333337,0.0,1.0,2.0,0.0,0.0,0.0,0.0,14.165,0.8999364675984751,0.8999364675984751,1.0227436823104692
2026-09-08,Akira,AMC Pacific Place 11,ordinary,1,0,13.0,1.0,4.0,2,95,0.5384615384615384,1.0,0.23076923076923078,0.3333333333333333,upper-middle,0.2,0.3384615384615384,0.3384615384615384,0.0,1.0,1.0,0.0,1.0,0.0,0.0,15.013076923076925,0.9538168311992964,0.9538168311992964,0.9538168311992964
2026-09-08,Buddy,AMC Pacific Place 11,ordinary,2,0,9.0,1.0,2.0,4,97,0.8888888888888888,0.9,1.0,1.0,top,0.9,-0.011111111111111183,-0.011111111111111183,-0.011111111111111183,0.9876543209876543,2.0,0.0,0.0,0.0,0.0,15.74,1.0,1.0,1.0
2026-09-08,Fall 2: Deadpoint,AMC Pacific Place 11,ordinary,0,0,10.0,10.0,2.0,5,98,0.8222222222222223,1.0,1.0,1.0,top,0.8222222222222223,0.0,,0.0,1.0,1.0,,,,,14.34,0.9110546378653113,0.9110546378653113,0.9110546378653113
2026-09-08,Dreams in Nightmares,AMC Pacific Place 11,ordinary,0,0,14.0,14.0,2.0,7,100,0.5285714285714286,0.6,0.0,0.0,upper-middle,0.5285714285714286,0.0,,0.0,1.0,1.0,,,,,15.065,0.9571156289707751,0.9571156289707751,0.9571156289707751
2026-09-15,The Odyssey,AMC Pacific Place 11,ordinary,3,0,18.0,7.0,1.0,10,103,0.0,0.0,0.0,0.0,low,,,0.0,-0.3377777777777778,0.0,3.0,0.0,0.0,1.0,0.0,17.31,1.0997458703939007,1.0,1.2498194945848375
2026-09-15,Spider-Man: Brand New Day,AMC Pacific Place 11,ordinary,3,0,25.0,21.0,7.0,1,94,0.652,1.0,0.32,0.42857142857142855,upper-middle,0.711111111111111,-0.059111111111111,0.2686666666666667,-0.059111111111111,0.9168750000000001,1.0,0.0,1.0,0.0,0.0,16.0644,1.0206099110546378,1.0206099110546378,1.0206099110546378
2026-09-15,Coyote vs. Acme,AMC Pacific Place 11,ambiguous_special,,1,19.0,4.0,4.0,7,100,0.75,1.0,0.3125,0.125,top,0.8,-0.050000000000000044,0.12826086956521743,-0.050000000000000044,0.9375,1.0,0.0,0.0,0.0,0.0,14.9525,0.9499682337992377,0.9499682337992377,0.9499682337992377
2026-09-15,Practical Magic 2,AMC Pacific Place 11,ordinary,,1,25.0,4.0,4.0,11,104,0.27391304347826084,1.0,0.08695652173913043,0.14285714285714285,lower-middle,0.275,-0.0010869565217391797,-0.07608695652173914,-0.0010869565217391797,0.9960474308300393,2.0,0.0,0.0,0.0,0.0,15.46608695652174,0.9825976465388654,0.9825976465388654,0.9825976465388654
2026-09-15,Dear You,AMC Pacific Place 11,ordinary,1,0,19.0,3.0,7.0,4,97,0.5647058823529412,1.0,0.47058823529411764,0.625,upper-middle,0.16666666666666666,0.39803921568627454,0.32396514161220047,0.0,1.0,1.0,0.0,1.0,0.0,0.0,14.813529411764707,0.9411390985873384,0.9411390985873384,0.9411390985873384
2026-09-15,By Any Means,AMC Pacific Place 11,ordinary,0,0,20.0,4.0,5.0,2,95,0.5941176470588235,1.0,0.29411764705882354,0.4,upper-middle,0.75,-0.15588235294117647,0.1181176470588235,-0.15588235294117647,0.792156862745098,1.0,0.0,0.0,0.0,0.0,15.184117647058823,0.964683459152403,0.964683459152403,0.964683459152403
2026-09-15,Hope,AMC Pacific Place 11,ordinary,,1,21.0,8.0,6.0,9,102,0.5,1.0,0.3333333333333333,0.0,upper-middle,0.5625,-0.0625,-0.03749999999999998,-0.0625,0.8888888888888888,2.0,0.0,0.0,0.0,0.0,15.040000000000001,0.9555273189326557,0.9555273189326557,0.9555273189326557
2026-09-15,Teenage Sex and Death at Camp Miasma,AMC Pacific Place 11,ordinary,0,0,7.0,2.0,4.0,5,98,0.5285714285714286,0.8,0.42857142857142855,0.5,upper-middle,0.6,-0.0714285714285714,-0.3623376623376624,-0.3623376623376624,0.5932944606413993,1.0,1.0,0.0,0.0,0.0,14.84,0.9428208386277,0.9428208386277,0.9428208386277
2026-09-15,Onslaught,AMC Pacific Place 11,ordinary,0,0,6.0,3.0,4.0,5,98,0.39999999999999997,0.8,0.3333333333333333,1.0,lower-middle,0.8333333333333334,-0.4333333333333334,-0.06896551724137934,-0.4333333333333334,0.4799999999999999,2.0,0.0,0.0,0.0,0.0,14.69,0.9332909783989835,0.9332909783989835,1.0606498194945848
2026-09-15,The Uprising,AMC Pacific Place 11,ordinary,1,0,22.0,3.0,2.0,6,99,0.47619047619047616,0.6,0.0,0.0,lower-middle,0.4000000000000001,0.07619047619047609,0.07619047619047609,0.0,1.0,2.0,0.0,0.0,0.0,0.0,14.99,0.9523506988564168,0.9523506988564168,1.0823104693140795
2026-09-15,Resident Evil,AMC Pacific Place 11,ordinary,3,0,3.0,3.0,3.0,3,96,0.4666666666666666,1.0,0.3333333333333333,0.0,lower-middle,,,,0.0,1.0,1.0,,,,,17.31,1.0997458703939007,1.0997458703939007,1.0997458703939007
2026-09-15,The Weight,AMC Pacific Place 11,ordinary,1,0,1.0,1.0,1.0,5,98,0.8,0.8,1.0,1.0,top,,,,0.0,1.0,1.0,,,,,15.74,1.0,1.0,1.0
2026-09-15,AMC Screen Unseen: September 13,AMC Pacific Place 11,special_event,0,0,1.0,1.0,1.0,4,97,0.9,0.9,1.0,,top,0.9,0.0,,0.0,1.0,1.0,,,,,7.88,0.5006353240152478,0.5006353240152478,0.5689530685920577
2026-09-15,AMC Screen Unseen: September 14,AMC Pacific Place 11,special_event,0,0,1.0,1.0,1.0,4,97,0.9,0.9,1.0,1.0,top,0.9,0.0,,0.0,1.0,1.0,,,,,7.88,0.5006353240152478,0.5006353240152478,0.5006353240152478
2026-09-15,Akira,AMC Pacific Place 11,ordinary,0,0,8.0,1.0,3.0,5,98,0.5375,0.8,0.5,0.5,upper-middle,0.2,0.33749999999999997,-0.03392857142857142,-0.005357142857142838,0.9901315789473685,2.0,0.0,0.0,0.0,0.0,14.165,0.8999364675984751,0.8999364675984751,1.0227436823104692
2026-09-15,Buddy,AMC Pacific Place 11,ordinary,1,0,8.0,1.0,3.0,11,104,0.325,0.6,0.0,0.0,lower-middle,0.9,-0.575,-0.5050000000000001,-0.575,0.3611111111111111,1.0,1.0,0.0,0.0,0.0,15.74,1.0,1.0,1.0
2026-09-15,Mighty Mary,AMC Pacific Place 11,ordinary,1,0,14.0,14.0,5.0,1,94,0.5285714285714286,0.7,0.0,0.0,upper-middle,0.5285714285714286,0.0,,0.0,1.0,1.0,,,,,14.84,0.9428208386277,0.9428208386277,1.0714801444043323
2026-09-15,The Fix,AMC Pacific Place 11,ordinary,0,0,6.0,1.0,2.0,2,95,0.65,0.8,0.5,0.6,upper-middle,0.6,0.050000000000000044,0.050000000000000044,0.0,1.0,2.0,0.0,0.0,0.0,0.0,15.215000000000002,0.9666454891994918,0.9666454891994918,0.9666454891994918
2026-09-15,Don't Move,AMC Pacific Place 11,ordinary,0,0,6.0,1.0,1.0,4,97,0.9,0.9,1.0,1.0,top,0.7,0.20000000000000007,0.20000000000000007,0.0,1.0,1.0,0.0,1.0,0.0,0.0,15.74,1.0,1.0,1.0
2026-09-15,The Transformers: The Movie 40th Anniversary,AMC Pacific Place 11,special_event,,1,1.0,1.0,1.0,4,97,0.9,0.9,1.0,1.0,top,,,,0.0,1.0,1.0,,,,,18.9,1.2007623888182972,1.2007623888182972,1.2007623888182972
2026-09-21,The Odyssey,AMC Pacific Place 11,ordinary,,1,17.0,7.0,1.0,10,103,0.0,0.0,0.0,0.0,low,,,0.0,-0.3377777777777778,0.0,4.0,0.0,0.0,1.0,0.0,17.31,1.0997458703939007,1.0,1.2498194945848375
2026-09-21,Spider-Man: Brand New Day,AMC Pacific Place 11,ordinary,,1,20.0,21.0,5.0,1,94,0.5368421052631579,0.8,0.21052631578947367,0.25,upper-middle,0.711111111111111,-0.17426900584795313,-0.11115789473684212,-0.17426900584795313,0.7549342105263159,2.0,0.0,0.0,0.0,0.0,16.21736842105263,1.0303283622015649,1.0303283622015649,1.0303283622015649
2026-09-21,Coyote vs. Acme,AMC Pacific Place 11,ambiguous_special,,1,17.0,4.0,4.0,2,95,0.54375,1.0,0.1875,0.0,upper-middle,0.8,-0.2562500000000001,-0.2006944444444445,-0.2562500000000001,0.6796874999999999,1.0,1.0,0.0,0.0,0.0,15.34625,0.9749841168996187,0.9749841168996187,0.9749841168996187
2026-09-21,Practical Magic 2,AMC Pacific Place 11,ordinary,,1,20.0,4.0,6.0,2,95,0.39,1.0,0.05,0.09090909090909091,lower-middle,0.275,0.11499999999999999,0.11608695652173917,0.0,1.0,3.0,0.0,0.0,0.0,0.0,15.425,0.979987293519695,0.979987293519695,0.979987293519695
2026-09-21,Dear You,AMC Pacific Place 11,ordinary,0,0,10.0,3.0,4.0,6,99,0.55,1.0,0.375,0.42857142857142855,upper-middle,0.16666666666666666,0.3833333333333334,0.005555555555555536,0.0,1.0,2.0,0.0,0.0,0.0,0.0,15.34625,0.9749841168996187,0.9749841168996187,0.9749841168996187
2026-09-21,Hope,AMC Pacific Place 11,ordinary,,1,16.0,8.0,5.0,3,96,0.7428571428571429,1.0,0.5714285714285714,0.5,upper-middle,0.5625,0.18035714285714288,0.26390977443609026,0.0,1.0,3.0,0.0,1.0,0.0,0.0,15.74,1.0,1.0,1.0
2026-09-21,The Uprising,AMC Pacific Place 11,ordinary,0,0,6.0,3.0,3.0,2,95,0.5166666666666667,0.8,0.16666666666666666,,upper-middle,0.4000000000000001,0.11666666666666664,0.040476190476190554,0.0,1.0,1.0,0.0,0.0,0.0,0.0,13.115,0.8332274459974587,0.8332274459974587,0.9469314079422383
2026-09-21,Primetime,AMC Pacific Place 11,ordinary,,1,3.0,3.0,2.0,8,101,0.13333333333333333,0.2,0.0,0.0,low,,,,0.0,1.0,1.0,,,,,15.74,1.0,1.0,1.0
2026-09-21,Resident Evil,AMC Pacific Place 11,ordinary,,1,35.0,5.0,6.0,11,104,0.2647058823529412,1.0,0.058823529411764705,0.1,lower-middle,0.5599999999999999,-0.29529411764705876,-0.27529411764705886,-0.29529411764705876,0.47268907563025214,1.0,1.0,0.0,0.0,0.0,16.902941176470588,1.0738844457732266,1.0738844457732266,1.0738844457732266
2026-09-21,The Weight,AMC Pacific Place 11,ordinary,0,0,18.0,2.0,3.0,7,100,0.6555555555555556,0.9,0.2222222222222222,0.2857142857142857,upper-middle,0.8,-0.1444444444444445,-0.24444444444444446,-0.1444444444444445,0.8194444444444444,1.0,1.0,0.0,0.0,0.0,15.215,0.9666454891994917,0.9666454891994917,1.0985559566787004
2026-09-21,Heart of the Beast,AMC Pacific Place 11,ordinary,,1,4.0,4.0,1.0,6,99,0.4,0.4,0.0,0.0,lower-middle,,,,0.0,1.0,1.0,,,,,14.9525,0.9499682337992377,0.9499682337992377,1.0796028880866426
2026-09-21,Buddy,AMC Pacific Place 11,ordinary,0,0,6.0,1.0,2.0,11,104,0.2833333333333333,0.3,0.0,0.0,lower-middle,0.9,-0.6166666666666667,-0.016666666666666663,-0.6166666666666667,0.3148148148148148,2.0,0.0,0.0,0.0,0.0,15.74,1.0,1.0,1.0
2026-09-21,Mighty Mary,AMC Pacific Place 11,ordinary,0,0,6.0,16.0,3.0,1,94,0.75,0.9,0.3333333333333333,,top,0.54375,0.20625000000000004,0.20625000000000004,0.0,1.0,1.0,0.0,1.0,0.0,0.0,14.165,0.8999364675984751,0.8999364675984751,1.0227436823104692
2026-09-21,Forgotten Island,AMC Pacific Place 11,ordinary,,1,4.0,4.0,3.0,4,97,0.675,0.8,0.5,0.3333333333333333,upper-middle,,,,0.0,1.0,1.0,,,,,16.265,1.0333545108005082,0.9396302715193531,1.0333545108005082
2026-09-21,Avengers Endgame: Encore,AMC Pacific Place 11,ambiguous_special,,1,3.0,3.0,2.0,3,96,0.8333333333333334,1.0,0.6666666666666666,0.5,top,,,,0.0,1.0,1.0,,,,,16.44,1.0444726810673444,0.9497400346620452,1.0444726810673444
2026-09-21,AMC Screen Unseen: September 21,AMC Pacific Place 11,special_event,0,0,1.0,1.0,1.0,9,102,0.2,0.2,0.0,0.0,low,,,,0.0,1.0,1.0,,,,,7.88,0.5006353240152478,0.5006353240152478,0.5006353240152478
2026-09-21,The Transformers: The Movie 40th Anniversary,AMC Pacific Place 11,special_event,,1,14.0,1.0,5.0,1,94,0.7357142857142858,1.0,0.5,0.6666666666666666,upper-middle,0.9,-0.16428571428571426,-0.06428571428571428,-0.16428571428571426,0.8174603174603174,1.0,0.0,0.0,0.0,0.0,18.9,1.2007623888182972,1.2007623888182972,1.3646209386281587
2026-09-21,The Musical,AMC Pacific Place 11,ordinary,0,0,6.0,1.0,2.0,5,98,0.85,0.9,0.8333333333333334,0.8333333333333334,top,0.8,0.04999999999999993,-0.050000000000000044,0.0,1.0,2.0,0.0,0.0,0.0,0.0,15.74,1.0,1.0,1.0
2026-09-21,Runner,AMC Pacific Place 11,ordinary,0,0,6.0,6.0,2.0,5,98,0.7999999999999999,0.9,0.6666666666666666,,top,0.7999999999999999,0.0,,0.0,1.0,1.0,,,,,12.589999999999998,0.7998729351969504,0.7998729351969504,0.9090252707581227
2026-09-21,If I Go Will They Miss Me,AMC Pacific Place 11,ordinary,,1,6.0,1.0,3.0,5,98,0.7833333333333333,0.9,0.6666666666666666,0.6666666666666666,top,0.6,0.18333333333333335,0.18333333333333335,0.0,1.0,1.0,0.0,1.0,0.0,0.0,15.74,1.0,1.0,1.0
2026-09-21,The Paradise (Telugu),AMC Pacific Place 11,ambiguous_limited,0,0,1.0,1.0,1.0,5,98,0.9,0.9,1.0,1.0,top,,,,0.0,1.0,1.0,,,,,21.0,1.3341804320203303,1.3341804320203303,1.3341804320203303
2026-06-30,Young Washington,AMC Southcenter 16,ordinary,3,0,3.0,,,,,,,,,unknown,,,,,,,,,,,,,,
2026-06-30,Bleach: Thousand-Year Blood War - The Calamity,AMC Southcenter 16,ordinary_title_only,0,0,9.0,,,,,,,,,unknown,,,,,,,,,,,,,,
2026-06-30,Toy Story 5,AMC Southcenter 16,ordinary,3,0,16.0,,,,,,,,,unknown,,,,,,,,,,,,,,
2026-06-30,Toy Story 5,AMC Southcenter 16,ordinary_title_only,0,0,29.0,,,,,,,,,unknown,,,,,,,,,,,,,,
2026-06-30,"To Wong Foo, Thanks for Everything, Julie Newmar",AMC Southcenter 16,ordinary_title_only,0,0,2.0,,,,,,,,,unknown,,,,,,,,,,,,,,
2026-06-30,"To Wong Foo, Thanks for Everything, Julie Newmar",AMC Southcenter 16,ordinary_title_only,0,0,1.0,,,,,,,,,unknown,,,,,,,,,,,,,,
2026-06-30,Talladega Nights: Ballad of Ricky Bobby,AMC Southcenter 16,rerelease_title_only,0,0,2.0,,,,,,,,,unknown,,,,,,,,,,,,,,
2026-06-30,Supergirl,AMC Southcenter 16,ordinary_title_only,1,0,33.0,,,,,,,,,unknown,,,,,,,,,,,,,,
2026-06-30,Minions & Monsters,AMC Southcenter 16,ordinary,3,0,51.0,,,,,,,,,unknown,,,,,,,,,,,,,,
2026-06-30,Minions & Monsters,AMC Southcenter 16,ordinary_title_only,1,0,4.0,,,,,,,,,unknown,,,,,,,,,,,,,,
2026-06-30,Supergirl,AMC Southcenter 16,ordinary,1,0,13.0,,,,,,,,,unknown,,,,,,,,,,,,,,
2026-06-30,Brasil v Japón - Telemundo presenta la Copa Mundial de la FIFA 2026,AMC Southcenter 16,special_event_title_only,0,0,1.0,,,,,,,,,unknown,,,,,,,,,,,,,,
2026-06-30,Costa de Marfil vs Noruega - Telemundo presenta la Copa Mundial de la FIFA 2026,AMC Southcenter 16,special_event_title_only,0,0,1.0,,,,,,,,,unknown,,,,,,,,,,,,,,
2026-06-30,Portugal vs Croacia - Telemundo presenta la Copa Mundial de la FIFA 2026,AMC Southcenter 16,special_event_title_only,0,0,1.0,,,,,,,,,unknown,,,,,,,,,,,,,,
2026-06-30,Francia vs Suecia - Telemundo presenta la Copa Mundial de la FIFA 2026,AMC Southcenter 16,special_event_title_only,0,0,1.0,,,,,,,,,unknown,,,,,,,,,,,,,,
2026-06-30,Inglaterra vs RD del Congo - Telemundo presenta la Copa Mundial de la FIFA 2026,AMC Southcenter 16,special_event_title_only,0,0,1.0,,,,,,,,,unknown,,,,,,,,,,,,,,
2026-06-30,Bélgica vs Senegal - Telemundo presenta la Copa Mundial de la FIFA 2026,AMC Southcenter 16,special_event_title_only,0,0,1.0,,,,,,,,,unknown,,,,,,,,,,,,,,
2026-06-30,Estados Unidos v Bosnia y Herzegovina - Telemundo presenta la Copa Mundial de la FIFA 2026,AMC Southcenter 16,special_event_title_only,0,0,1.0,,,,,,,,,unknown,,,,,,,,,,,,,,
2026-06-30,Suiza vs Argelia - Telemundo presenta la Copa Mundial de la FIFA 2026,AMC Southcenter 16,special_event_title_only,0,0,1.0,,,,,,,,,unknown,,,,,,,,,,,,,,
2026-06-30,Jackass: Best and Last,AMC Southcenter 16,ordinary,1,0,6.0,,,,,,,,,unknown,,,,,,,,,,,,,,
2026-06-30,Jackass: Best and Last,AMC Southcenter 16,ordinary_title_only,0,0,11.0,,,,,,,,,unknown,,,,,,,,,,,,,,
2026-06-30,Disclosure Day,AMC Southcenter 16,ordinary,3,0,5.0,,,,,,,,,unknown,,,,,,,,,,,,,,
2026-06-30,Lucky Strike,AMC Southcenter 16,ordinary_title_only,0,0,10.0,,,,,,,,,unknown,,,,,,,,,,,,,,
2026-06-30,Lucky Strike,AMC Southcenter 16,ordinary_title_only,1,0,5.0,,,,,,,,,unknown,,,,,,,,,,,,,,
2026-06-30,AMC,AMC Southcenter 16,special_event_title_only,0,0,1.0,,,,,,,,,unknown,,,,,,,,,,,,,,
2026-06-30,David,AMC Southcenter 16,ordinary_title_only,0,0,2.0,,,,,,,,,unknown,,,,,,,,,,,,,,
2026-06-30,David,AMC Southcenter 16,ordinary_title_only,0,0,1.0,,,,,,,,,unknown,,,,,,,,,,,,,,
2026-06-30,Obsession,AMC Southcenter 16,ordinary_title_only,0,0,11.0,,,,,,,,,unknown,,,,,,,,,,,,,,
2026-06-30,Disclosure Day,AMC Southcenter 16,ordinary_title_only,0,0,10.0,,,,,,,,,unknown,,,,,,,,,,,,,,
2026-06-30,Backrooms,AMC Southcenter 16,ordinary_title_only,0,0,8.0,,,,,,,,,unknown,,,,,,,,,,,,,,
2026-06-30,Scary Movie,AMC Southcenter 16,ordinary_title_only,0,0,9.0,,,,,,,,,unknown,,,,,,,,,,,,,,
2026-06-30,The Death of Robin Hood,AMC Southcenter 16,ordinary_title_only,0,0,3.0,,,,,,,,,unknown,,,,,,,,,,,,,,
2026-06-30,Masters of the Universe,AMC Southcenter 16,ordinary_title_only,0,0,3.0,,,,,,,,,unknown,,,,,,,,,,,,,,
2026-06-30,The Furious,AMC Southcenter 16,ordinary_title_only,0,0,4.0,,,,,,,,,unknown,,,,,,,,,,,,,,
2026-06-30,Leviticus,AMC Southcenter 16,ordinary_title_only,0,0,12.0,,,,,,,,,unknown,,,,,,,,,,,,,,
2026-06-30,Girls Like Girls,AMC Southcenter 16,ordinary_title_only,0,0,4.0,,,,,,,,,unknown,,,,,,,,,,,,,,
2026-06-30,Welcome To The Jungle,AMC Southcenter 16,ordinary_title_only,0,0,3.0,,,,,,,,,unknown,,,,,,,,,,,,,,
2026-06-30,Backrooms,AMC Southcenter 16,ordinary_title_only,0,0,3.0,,,,,,,,,unknown,,,,,,,,,,,,,,
2026-06-30,Obsession,AMC Southcenter 16,ordinary,3,0,6.0,,,,,,,,,unknown,,,,,,,,,,,,,,
2026-06-30,Scary Movie,AMC Southcenter 16,ordinary,2,0,5.0,,,,,,,,,unknown,,,,,,,,,,,,,,
2026-07-06,Citizen Kane,AMC Southcenter 16,rerelease_title_only,0,0,2.0,,,,,,,,,unknown,,,,,,,,,,,,,,
2026-07-06,Young Washington,AMC Southcenter 16,ordinary,3,0,35.0,,,,,,,,,unknown,,,,,,,,,,,,,,
2026-07-06,Toy Story 5,AMC Southcenter 16,ordinary,3,0,72.0,,,,,,,,,unknown,,,,,,,,,,,,,,
2026-07-06,Supergirl,AMC Southcenter 16,ordinary_title_only,0,0,3.0,,,,,,,,,unknown,,,,,,,,,,,,,,
2026-07-06,Minions & Monsters,AMC Southcenter 16,ordinary,3,0,181.0,,,,,,,,,unknown,,,,,,,,,,,,,,
2026-07-06,Minions & Monsters,AMC Southcenter 16,ordinary_title_only,0,0,4.0,,,,,,,,,unknown,,,,,,,,,,,,,,
2026-07-06,Supergirl,AMC Southcenter 16,ordinary,0,0,52.0,,,,,,,,,unknown,,,,,,,,,,,,,,
2026-07-06,Estados Unidos vs Bélgica - Octavos de Final - Telemundo presenta la Copa Mundial de la FIFA 2026,AMC Southcenter 16,special_event_title_only,0,0,1.0,,,,,,,,,unknown,,,,,,,,,,,,,,
2026-07-06,Marruecos vs Francia - Cuartos de Final - Telemundo presenta la Copa Mundial de la FIFA 2026,AMC Southcenter 16,special_event_title_only,0,0,1.0,,,,,,,,,unknown,,,,,,,,,,,,,,
2026-07-06,Colombia vs Ghana - Telemundo presenta la Copa Mundial de la FIFA 2026,AMC Southcenter 16,special_event_title_only,0,0,1.0,,,,,,,,,unknown,,,,,,,,,,,,,,
2026-07-06,España vs Portugal - Octavos de Final - Telemundo presenta la Copa Mundial de la FIFA 2026,AMC Southcenter 16,special_event_title_only,0,0,1.0,,,,,,,,,unknown,,,,,,,,,,,,,,
2026-07-06,Suiza vs Colombia - Octavos de Final - Telemundo presenta la Copa Mundial de la FIFA 2026,AMC Southcenter 16,special_event_title_only,0,0,1.0,,,,,,,,,unknown,,,,,,,,,,,,,,
2026-07-06,Argentina vs Egipto - Octavos de Final - Telemundo presenta la Copa Mundial de la FIFA 2026,AMC Southcenter 16,special_event_title_only,0,0,1.0,,,,,,,,,unknown,,,,,,,,,,,,,,
2026-07-06,Australia vs Egipto - Telemundo presenta la Copa Mundial de la FIFA 2026,AMC Southcenter 16,special_event_title_only,0,0,1.0,,,,,,,,,unknown,,,,,,,,,,,,,,
2026-07-06,Paraguay vs Francia - Octavos de Final - Telemundo presenta la Copa Mundial de la FIFA 2026,AMC Southcenter 16,special_event_title_only,0,0,1.0,,,,,,,,,unknown,,,,,,,,,,,,,,
2026-07-06,Octavos de Final - Telemundo presenta la Copa Mundial de la FIFA 2026,AMC Southcenter 16,special_event_title_only,0,0,1.0,,,,,,,,,unknown,,,,,,,,,,,,,,
2026-07-06,Brasil vs Noruega - Octavos de Final - Telemundo presenta la Copa Mundial de la FIFA 2026,AMC Southcenter 16,special_event_title_only,0,0,1.0,,,,,,,,,unknown,,,,,,,,,,,,,,
2026-07-06,Argentina vs Cabo Verde - Telemundo presenta la Copa Mundial de la FIFA 2026,AMC Southcenter 16,special_event_title_only,0,0,1.0,,,,,,,,,unknown,,,,,,,,,,,,,,
2026-07-06,MOANA,AMC Southcenter 16,special_event_title_only,0,0,1.0,,,,,,,,,unknown,,,,,,,,,,,,,,
2026-07-06,Jackass: Best and Last,AMC Southcenter 16,ordinary,0,0,34.0,,,,,,,,,unknown,,,,,,,,,,,,,,
2026-07-06,Moana,AMC Southcenter 16,ordinary,3,0,8.0,,,,,,,,,unknown,,,,,,,,,,,,,,
2026-07-06,Gail Daughtry and the Celebrity Sex Pass,AMC Southcenter 16,ordinary,1,0,2.0,,,,,,,,,unknown,,,,,,,,,,,,,,
2026-07-06,Alpha (dir. Rawail),AMC Southcenter 16,ordinary_title_only,0,0,14.0,,,,,,,,,unknown,,,,,,,,,,,,,,
2026-07-06,Disclosure Day,AMC Southcenter 16,ordinary,3,0,30.0,,,,,,,,,unknown,,,,,,,,,,,,,,
2026-07-06,Lucky Strike,AMC Southcenter 16,ordinary_title_only,0,0,6.0,,,,,,,,,unknown,,,,,,,,,,,,,,
2026-07-06,Evil Dead Burn,AMC Southcenter 16,ordinary,3,0,5.0,,,,,,,,,unknown,,,,,,,,,,,,,,
2026-07-06,Night Nurse,AMC Southcenter 16,ordinary,1,0,1.0,1.0,,,,,,,,unknown,,,,,,,,,,,,,,
2026-07-06,How to Train Your Dragon,AMC Southcenter 16,ordinary_title_only,0,0,4.0,,,,,,,,,unknown,,,,,,,,,,,,,,
2026-07-06,Obsession,AMC Southcenter 16,ordinary,3,0,30.0,,,,,,,,,unknown,,,,,,,,,,,,,,
2026-07-06,Scary Movie,AMC Southcenter 16,ordinary,1,0,20.0,,,,,,,,,unknown,,,,,,,,,,,,,,
2026-07-06,The Invite,AMC Southcenter 16,ordinary,3,0,3.0,,,,,,,,,unknown,,,,,,,,,,,,,,
2026-07-06,Backrooms: Everything Must Go Edition w/ Bonus Footage,AMC Southcenter 16,ordinary,3,0,24.0,24.0,,,,,,,,unknown,,,,,,,,,,,,,,
2026-07-06,Bleach: Thousand-Year Blood War - The Calamity,AMC Southcenter 16,ordinary_title_only,0,0,22.0,6.0,,,,,,,,unknown,,,,,,,,,,,,,,
2026-07-06,Leviticus,AMC Southcenter 16,ordinary,1,0,23.0,7.0,,,,,,,,unknown,,,,,,,,,,,,,,
2026-07-06,Masters of the Universe,AMC Southcenter 16,ordinary_title_only,0,0,10.0,2.0,,,,,,,,unknown,,,,,,,,,,,,,,
2026-07-06,The Furious,AMC Southcenter 16,ordinary_title_only,0,0,6.0,2.0,,,,,,,,unknown,,,,,,,,,,,,,,
2026-07-14,Young Washington,AMC Southcenter 16,ordinary,2,0,24.0,,,,,,,,,unknown,,,,,,,,,,,,,,
2026-07-14,My Neighbor Totoro - Studio Ghibli Fest 2026,AMC Southcenter 16,special_event,0,0,6.0,,,,,,,,,unknown,,,,,,,,,,,,,,
2026-07-14,Toy Story 5,AMC Southcenter 16,ordinary,3,0,65.0,,,,,,,,,unknown,,,,,,,,,,,,,,
2026-07-14,Minions & Monsters,AMC Southcenter 16,ordinary,3,0,110.0,,,,,,,,,unknown,,,,,,,,,,,,,,
2026-07-14,Inglaterra vs Argentina - Semifinales - Telemundo presenta la Copa Mundial de la FIFA 2026,AMC Southcenter 16,special_event,0,0,1.0,1.0,,,,,,,,unknown,,,,,,,,,,,,,,
2026-07-14,Francia vs España - Semifinales - Telemundo presenta la Copa Mundial de la FIFA 2026,AMC Southcenter 16,special_event_title_only,0,0,1.0,1.0,,,,,,,,unknown,,,,,,,,,,,,,,
2026-07-14,Cuartos de Final - Telemundo presenta la Copa Mundial de la FIFA 2026,AMC Southcenter 16,special_event_title_only,0,0,1.0,,,,,,,,,unknown,,,,,,,,,,,,,,
2026-07-14,Argentina vs Suiza - Cuartos de Final - Telemundo presenta la Copa Mundial de la FIFA 2026,AMC Southcenter 16,special_event_title_only,0,0,1.0,,,,,,,,,unknown,,,,,,,,,,,,,,
2026-07-14,Noruega vs Inglaterra - Cuartos de Final - Telemundo presenta la Copa Mundial de la FIFA 2026,AMC Southcenter 16,special_event_title_only,0,0,1.0,,,,,,,,,unknown,,,,,,,,,,,,,,
2026-07-14,The Odyssey,AMC Southcenter 16,ordinary,3,0,15.0,15.0,,,,,,,,unknown,,,,,,,,,,,,,,
2026-07-14,Moana,AMC Southcenter 16,ordinary,3,0,135.0,,,,,,,,,unknown,,,,,,,,,,,,,,
2026-07-14,Gail Daughtry and the Celebrity Sex Pass,AMC Southcenter 16,ordinary,0,0,25.0,,,,,,,,,unknown,,,,,,,,,,,,,,
2026-07-14,Dhamaal 4,AMC Southcenter 16,ordinary,1,0,14.0,14.0,,,,,,,,unknown,,,,,,,,,,,,,,
2026-07-14,Disclosure Day,AMC Southcenter 16,ordinary,3,0,27.0,,,,,,,,,unknown,,,,,,,,,,,,,,
2026-07-14,Evil Dead Burn,AMC Southcenter 16,ordinary,2,0,61.0,,,,,,,,,unknown,,,,,,,,,,,,,,
2026-07-14,Night Nurse,AMC Southcenter 16,ordinary,0,0,12.0,2.0,,,,,,,,unknown,,,,,,,,,,,,,,
2026-07-14,Obsession,AMC Southcenter 16,ordinary,2,0,32.0,,,,,,,,,unknown,,,,,,,,,,,,,,
2026-07-14,Scary Movie,AMC Southcenter 16,ordinary,0,0,8.0,,,,,,,,,unknown,,,,,,,,,,,,,,
2026-07-14,The Invite,AMC Southcenter 16,ordinary,3,0,41.0,,,,,,,,,unknown,,,,,,,,,,,,,,
2026-07-14,The Lego Movie,AMC Southcenter 16,ordinary,0,0,4.0,,,,,,,,,unknown,,,,,,,,,,,,,,
2026-07-14,Backrooms: Everything Must Go Edition w/ Bonus Footage,AMC Southcenter 16,ordinary,2,0,25.0,29.0,,,,,,,,unknown,,,,,,,,,,,,,,
2026-07-14,Leviticus,AMC Southcenter 16,ordinary,0,0,12.0,7.0,,,,,,,,unknown,,,,,,,,,,,,,,
2026-07-20,Sonic The Hedgehog 3,AMC Southcenter 16,accessibility_presentation,0,0,4.0,4.0,1.0,5,115,,,0.0,,unknown,,,,,,,,,,,3.15,0.20012706480304954,0.20012706480304954,0.22743682310469315
2026-07-20,Young Washington,AMC Southcenter 16,ordinary,1,0,13.0,,4.0,12,122,,,0.0,0.0,unknown,,,,,,,,,,,14.021818181818183,0.8908397828347003,0.8908397828347003,1.0124056448966197
2026-07-20,Bad Counselors,AMC Southcenter 16,special_event,1,0,1.0,1.0,1.0,13,123,,,0.0,0.0,unknown,,,,,,,,,,,18.9,1.2007623888182972,1.2007623888182972,1.0918544194107451
2026-07-20,Toy Story 5,AMC Southcenter 16,ordinary,3,0,36.0,,9.0,5,115,,,0.0,0.0,unknown,,,,,,,,,,,17.684814814814814,1.1235587557061508,0.8709586217589173,1.2768819360877122
2026-07-20,Minions & Monsters,AMC Southcenter 16,ordinary,3,0,57.0,,11.0,4,114,,,0.0,0.0,unknown,,,,,,,,,,,17.419444444444444,1.1066991387830016,0.8578894087389531,1.0063226137749535
2026-07-20,Francia vs Inglaterra Partido por el tercer lugar Telemundo presenta la Copa Mundial de la FIFA 2026,AMC Southcenter 16,special_event,0,0,1.0,1.0,1.0,3,113,,,0.0,,unknown,,,,,,,,,,,12.59,0.7998729351969505,0.7998729351969505,0.9090252707581228
2026-07-20,España vs Argentina - Gran Final - Telemundo presenta la Copa Mundial de la FIFA 2026,AMC Southcenter 16,special_event,0,0,1.0,1.0,,,,,,,,unknown,,,,,,,,,,,,,,
2026-07-20,The Odyssey,AMC Southcenter 16,ordinary,3,0,142.0,15.0,10.0,1,111,,,0.0,0.0,unknown,,,,,,,,,,,18.60847619047619,1.1822411810975977,0.9164479778614227,1.0750130670407967
2026-07-20,Moana,AMC Southcenter 16,ordinary,3,0,61.0,,3.0,14,124,,,0.0,0.0,unknown,,,,,,,,,,,18.396428571428572,1.1687692866218915,0.9060048545396983,1.0627630601634068
2026-07-20,Hadestown: The Musical,AMC Southcenter 16,ordinary,2,0,4.0,4.0,2.0,6,116,,,0.0,0.0,unknown,,,,,,,,,,,13.64,0.866581956797967,0.866581956797967,0.9848375451263539
2026-07-20,Dhamaal 4,AMC Southcenter 16,ordinary,0,0,6.0,15.0,,,,,,,,unknown,,,,,,,,,,,,,,
2026-07-20,Disclosure Day,AMC Southcenter 16,ordinary,2,0,25.0,,8.0,15,125,,,0.0,0.0,unknown,,,,,,,,,,,16.581578947368417,1.0534675315990099,1.0534675315990099,0.957919061084253
2026-07-20,Mob Psycho 100 Celebrates Its 10th Anniversary,AMC Southcenter 16,rerelease,0,0,1.0,1.0,1.0,6,116,,,0.0,0.0,unknown,,,,,,,,,,,15.74,1.0,1.0,0.9093009820912767
2026-07-20,Sia: Nostalgic For The Present,AMC Southcenter 16,special_event,1,0,1.0,1.0,1.0,12,122,,,0.0,0.0,unknown,,,,,,,,,,,18.9,1.2007623888182972,1.2007623888182972,1.0918544194107451
2026-07-20,Evil Dead Burn,AMC Southcenter 16,ordinary,1,0,47.0,,5.0,13,123,,,0.0,0.0,unknown,,,,,,,,,,,14.979655172413795,0.9516934671165054,0.9516934671165054,0.8653758042988906
2026-07-20,Evangelion: Death (True)2 & Rebirth (EVANGELION 30th Movie Fest),AMC Southcenter 16,special_event,0,0,1.0,1.0,1.0,4,114,,,0.0,0.0,unknown,,,,,,,,,,,18.9,1.2007623888182972,1.2007623888182972,1.0918544194107451
2026-07-20,The End Of Evangelion (Evangelion 30th Movie Fest),AMC Southcenter 16,special_event,0,0,3.0,3.0,3.0,4,114,,,0.0,0.0,unknown,,,,,,,,,,,18.9,1.2007623888182972,1.2007623888182972,1.0918544194107451
2026-07-20,Obsession,AMC Southcenter 16,ordinary,1,0,35.0,,8.0,16,126,,,0.0,0.0,unknown,,,,,,,,,,,14.923333333333334,0.9481152054214316,0.9481152054214316,0.8621220874253804
2026-07-20,The Invite,AMC Southcenter 16,ordinary,2,0,32.0,,9.0,8,118,,,0.0,0.0,unknown,,,,,,,,,,,14.918260869565218,0.9477929396165958,0.9477929396165958,0.8618290508125488
2026-07-20,Motor City,AMC Southcenter 16,ordinary,2,0,2.0,2.0,1.0,15,125,,,0.0,0.0,unknown,,,,,,,,,,,15.74,1.0,1.0,1.1364620938628158
2026-07-20,Backrooms: Everything Must Go Edition w/ Bonus Footage,AMC Southcenter 16,ordinary,1,0,17.0,29.0,5.0,4,114,,,0.0,0.0,unknown,,,,,,,,,,,15.4775,0.9833227445997458,0.9833227445997458,0.8941363373772386
2026-07-20,AMC Screen Unseen: July 20,AMC Southcenter 16,special_event,0,0,1.0,1.0,1.0,15,125,,,0.0,0.0,unknown,,,,,,,,,,,7.88,0.5006353240152478,0.5006353240152478,0.45522819179664936
2026-07-20,Summer Tour,AMC Southcenter 16,special_event,0,0,1.0,1.0,1.0,4,114,,,0.0,0.0,unknown,,,,,,,,,,,18.9,1.2007623888182972,1.2007623888182972,1.0918544194107451
2026-07-20,Haunted Heist,AMC Southcenter 16,ordinary,1,0,2.0,2.0,1.0,7,117,,,0.0,0.0,unknown,,,,,,,,,,,15.74,1.0,1.0,0.9093009820912767
2026-07-20,Her Private Hell,AMC Southcenter 16,ordinary,1,0,2.0,2.0,1.0,16,126,,,0.0,0.0,unknown,,,,,,,,,,,15.74,1.0,1.0,0.9093009820912767
2026-07-28,The Fifth Element (2026 Event),AMC Southcenter 16,special_event,0,0,2.0,2.0,1.0,7,117,0.7333333333333333,0.7333333333333333,0.0,0.0,upper-middle,0.7333333333333333,0.0,,0.0,1.0,1.0,,,,,18.9,1.2007623888182972,1.2007623888182972,1.3646209386281587
2026-07-28,The Bad Guys 2,AMC Southcenter 16,ordinary,0,0,4.0,4.0,2.0,13,123,0.8666666666666667,1.0,0.5,,top,0.8666666666666667,0.0,,0.0,1.0,1.0,,,,,3.15,0.20012706480304954,0.20012706480304954,0.22743682310469315
2026-07-28,Young Washington,AMC Southcenter 16,ordinary,0,0,18.0,,6.0,8,118,0.4848484848484848,0.8,0.18181818181818182,0.0,lower-middle,,,-0.04335664335664341,0.0,1.0,1.0,0.0,0.0,0.0,0.0,14.308181818181817,0.9090331523622501,0.9090331523622501,1.033081719724319
2026-07-28,Bad Counselors,AMC Southcenter 16,special_event,0,0,4.0,1.0,3.0,13,123,0.7666666666666667,1.0,0.75,0.75,top,,,-0.23333333333333328,0.0,1.0,1.0,1.0,0.0,0.0,0.0,18.9,1.2007623888182972,1.2007623888182972,1.0918544194107451
2026-07-28,Toy Story 5,AMC Southcenter 16,ordinary,2,0,35.0,,9.0,5,115,0.56,0.8666666666666667,0.24,0.25,upper-middle,,,-0.024946236559139745,0.0,1.0,1.0,0.0,0.0,1.0,0.0,18.231199999999998,1.158271918678526,0.9047741935483871,1.3163321299638988
2026-07-28,Minions & Monsters,AMC Southcenter 16,ordinary,3,0,72.0,,10.0,3,113,0.6679738562091503,1.0,0.3333333333333333,0.28,upper-middle,,,0.06191325014854421,0.0,1.0,1.0,0.0,0.0,1.0,0.0,18.55705882352941,1.178974512295388,0.9209458473215588,1.0720426818907804
2026-07-28,The Odyssey,AMC Southcenter 16,ordinary,3,0,100.0,15.0,7.0,1,111,0.15648148148148147,0.6666666666666666,0.0,0.0,low,,,-0.06637566137566137,0.0,1.0,1.0,0.0,0.0,1.0,0.0,19.975833333333334,1.2691126641253707,0.9913564929693963,1.1540053918736761
2026-07-28,Spider-Man: Brand New Day,AMC Southcenter 16,ordinary,3,0,36.0,36.0,11.0,3,113,0.575,1.0,0.3125,0.3076923076923077,upper-middle,,,,0.0,1.0,1.0,,,,,18.6009375,1.1817622299872936,0.9231234491315138,1.0745775563258233
2026-07-28,Moana,AMC Southcenter 16,ordinary,2,0,34.0,,6.0,14,124,0.603030303030303,0.8666666666666667,0.3181818181818182,0.3333333333333333,upper-middle,,,-0.04914361001317524,0.0,1.0,1.0,0.0,0.0,1.0,0.0,18.67681818181818,1.18658311193254,0.9268892397924656,1.078961189013182
2026-07-28,Hadestown: The Musical,AMC Southcenter 16,ordinary,1,0,51.0,8.0,4.0,10,128,0.7444444444444445,0.9333333333333333,0.5833333333333334,0.6,upper-middle,,,-0.022222222222222143,0.0,1.0,1.0,0.0,0.0,0.0,0.0,15.827499999999999,1.005559085133418,1.005559085133418,1.1427797833935018
2026-07-28,Disclosure Day,AMC Southcenter 16,ordinary,1,0,18.0,,4.0,4,114,0.6518518518518519,1.0,0.6666666666666666,,upper-middle,,,0.061851851851851936,0.0,1.0,1.0,0.0,0.0,0.0,0.0,15.387777777777776,0.9776224763518282,0.9776224763518282,1.1110308864821499
2026-07-28,Spider-Man: Brand New Day Dolby Opening Night Fan Event,AMC Southcenter 16,special_event,0,0,1.0,1.0,1.0,9,119,0.06666666666666667,0.06666666666666667,0.0,0.0,low,,,,0.0,1.0,1.0,,,,,23.61,1.5,1.171712158808933,1.3639514731369151
2026-07-28,Sia: Nostalgic For The Present,AMC Southcenter 16,special_event,0,0,1.0,1.0,1.0,12,122,0.26666666666666666,0.26666666666666666,0.0,,lower-middle,,,0.0,0.0,1.0,1.0,0.0,0.0,0.0,0.0,18.9,1.2007623888182972,1.2007623888182972,1.3646209386281587
2026-07-28,Evil Dead Burn,AMC Southcenter 16,ordinary,0,0,11.0,,5.0,4,114,0.5933333333333334,1.0,0.5,0.6666666666666666,upper-middle,,,-0.30781609195402293,0.0,1.0,1.0,1.0,0.0,0.0,0.0,15.11,0.9599745870393901,0.9599745870393901,0.8729058347775852
2026-07-28,WHAM! 10 Days In China,AMC Southcenter 16,special_event,0,0,1.0,1.0,1.0,5,115,0.8666666666666667,0.8666666666666667,1.0,1.0,top,,,,0.0,1.0,1.0,,,,,18.9,1.2007623888182972,1.2007623888182972,1.0918544194107451
2026-07-28,Obsession,AMC Southcenter 16,ordinary,0,0,13.0,,4.0,8,118,0.4256410256410256,0.8666666666666667,0.23076923076923078,0.2222222222222222,lower-middle,,,-0.1191865605658709,0.0,1.0,1.0,0.0,0.0,0.0,0.0,15.497692307692308,0.9846056103997655,0.9846056103997655,0.8953028485090877
2026-07-28,The Invite,AMC Southcenter 16,ordinary,1,0,27.0,,8.0,12,122,0.5929824561403508,1.0,0.3157894736842105,0.375,upper-middle,,,0.02508122157244963,0.0,1.0,1.0,0.0,0.0,0.0,0.0,14.579473684210527,0.9262689761251923,0.9262689761251923,0.8422572896713187
2026-07-28,Motor City,AMC Southcenter 16,ordinary,1,0,20.0,3.0,5.0,15,125,0.6592592592592592,1.0,0.1111111111111111,0.1,upper-middle,,,-0.11851851851851847,0.0,1.0,1.0,0.0,0.0,0.0,0.0,15.74,1.0,1.0,0.9093009820912767
2026-07-28,Backrooms: Everything Must Go Edition w/ Bonus Footage,AMC Southcenter 16,ordinary,0,0,17.0,29.0,6.0,8,118,0.5272727272727272,1.0,0.2727272727272727,0.0,upper-middle,,,-0.11375291375291385,0.0,1.0,1.0,0.0,0.0,0.0,0.0,7.879999999999999,0.5006353240152477,0.5006353240152477,0.4552281917966493
2026-07-28,Haunted Heist,AMC Southcenter 16,ordinary,0,0,25.0,2.0,6.0,7,117,0.6636363636363636,1.0,0.2727272727272727,0.3,upper-middle,,,-0.0696969696969697,0.0,1.0,1.0,0.0,0.0,0.0,0.0,14.88090909090909,0.9454198914173501,0.9454198914173501,0.8596712357544247
2026-07-28,Her Private Hell,AMC Southcenter 16,ordinary,0,0,23.0,2.0,3.0,16,126,0.5649122807017544,0.8666666666666667,0.10526315789473684,0.0,upper-middle,,,0.03157894736842104,0.0,1.0,1.0,0.0,0.0,0.0,0.0,15.57421052631579,0.9894669965893133,0.9894669965893133,0.8997233117455685
2026-07-28,AMC Screen Unseen: July 27,AMC Southcenter 16,special_event,0,0,1.0,1.0,1.0,4,114,0.8,0.8,1.0,1.0,top,0.8,0.0,,0.0,1.0,1.0,,,,,7.88,0.5006353240152478,0.5006353240152478,0.45522819179664936
2026-07-28,I Want Your Sex,AMC Southcenter 16,ordinary,1,0,2.0,2.0,1.0,4,114,0.8,0.8,1.0,1.0,top,,,,0.0,1.0,1.0,,,,,15.74,1.0,1.0,0.9093009820912767
2026-07-28,Pinocchio Unstrung,AMC Southcenter 16,ordinary,1,0,14.0,1.0,6.0,6,116,0.5599999999999999,0.8,0.1,1.0,upper-middle,,,0.42666666666666664,0.0,1.0,1.0,0.0,1.0,0.0,0.0,14.794999999999998,0.939961880559085,0.939961880559085,0.8547082611207394
2026-07-28,Above and Below,AMC Southcenter 16,special_event,0,0,1.0,1.0,1.0,4,114,0.8,0.8,1.0,1.0,top,,,,0.0,1.0,1.0,,,,,15.74,1.0,1.0,0.9093009820912767
2026-08-04,Willy Wonka & the Chocolate Factory 55th Anniversary,AMC Southcenter 16,special_event,0,0,2.0,2.0,1.0,7,117,1.0,1.0,1.0,1.0,top,1.0,0.0,,0.0,1.0,1.0,,,,,18.9,1.1849529780564263,1.2007623888182972,1.2865895166780121
2026-08-04,The Spongebob Movie: Search for Squarepants,AMC Southcenter 16,ordinary,0,0,4.0,4.0,1.0,8,118,0.13333333333333333,0.13333333333333333,0.0,,low,0.13333333333333333,0.0,,0.0,1.0,1.0,,,,,3.15,0.1974921630094044,0.20012706480304954,0.21443158611300203
2026-08-04,Toy Story 5,AMC Southcenter 16,ordinary,1,0,30.0,,3.0,5,115,0.9098039215686274,1.0,0.9411764705882353,1.0,top,,,0.32047058823529406,0.0,1.0,1.0,0.0,1.0,1.0,0.0,17.948823529411765,1.1253180896182926,0.8907604729236609,1.221839586753694
2026-08-04,Minions & Monsters,AMC Southcenter 16,ordinary,3,0,33.0,,4.0,12,122,0.4133333333333333,0.8,0.15,0.25,lower-middle,,,-0.18013071895424843,-0.2729411764705883,0.6022857142857142,1.0,1.0,0.0,0.0,1.0,16.098999999999997,1.0093416927899685,1.022808132147395,1.0959155888359426
2026-08-04,The Odyssey,AMC Southcenter 16,ordinary,3,0,86.0,15.0,8.0,1,111,0.32955974842767294,0.8666666666666667,0.03773584905660377,0.08,lower-middle,,,0.08540390427182878,0.0,1.0,2.0,0.0,0.0,1.0,0.0,18.654528301886792,1.1695629029396108,0.9257830422772602,1.0776735009755514
2026-08-04,Spider-Man: Brand New Day,AMC Southcenter 16,ordinary,3,0,341.0,37.0,16.0,3,113,0.49728183118741054,1.0,0.22317596566523606,0.25892857142857145,lower-middle,0.6395833333333333,-0.14230150214592274,-0.10896816881258942,-0.14230150214592274,0.7775090520194041,1.0,0.0,0.0,1.0,0.0,19.04154506437768,1.193827276763491,0.9449898294976516,1.1000314884100335
2026-08-04,Moana,AMC Southcenter 16,ordinary,1,0,30.0,,3.0,5,115,0.8625,1.0,0.9375,1.0,top,,,0.34431818181818186,0.0,1.0,1.0,0.0,1.0,1.0,0.0,18.853749999999998,1.18205329153605,0.9356699751861042,1.283441116405718
2026-08-04,Hadestown: The Musical,AMC Southcenter 16,ordinary,0,0,19.0,8.0,4.0,12,122,0.37333333333333335,0.8,0.1,0.0,lower-middle,,,-0.40684684684684685,-0.3906306306306306,0.4886792452830189,1.0,1.0,0.0,0.0,0.0,14.165000000000001,0.8880877742946709,0.8999364675984752,0.9642614023144997
2026-08-04,Disclosure Day,AMC Southcenter 16,ordinary,0,0,7.0,,1.0,4,114,0.8,0.8,1.0,,top,,,0.16666666666666674,0.0,1.0,1.0,0.0,1.0,0.0,0.0,13.85,0.8683385579937304,0.8799237611181703,0.9428182437031994
2026-08-04,"DCI 2026: Big, Loud and Live",AMC Southcenter 16,special_event,0,0,1.0,1.0,1.0,7,117,1.0,1.0,1.0,,top,,,,0.0,1.0,1.0,,,,,21.0,1.316614420062696,1.3341804320203303,1.4295439074200136
2026-08-04,Super Troopers 3,AMC Southcenter 16,ordinary,2,0,3.0,3.0,2.0,16,126,0.6,0.7333333333333333,0.0,0.0,upper-middle,,,,0.0,1.0,1.0,,,,,14.69,0.9210031347962383,0.9332909783989835,1.0
2026-08-04,The Invite,AMC Southcenter 16,ordinary,0,0,11.0,,4.0,16,126,0.5466666666666666,0.8,0.2,,upper-middle,,,-0.06000000000000005,0.0,1.0,2.0,0.0,0.0,0.0,0.0,13.85,0.8683385579937304,0.8799237611181703,0.9428182437031994
2026-08-04,Ateez: Light the Way in Cinemas,AMC Southcenter 16,special_event,1,0,2.0,2.0,2.0,16,126,0.5666666666666667,0.6,0.0,0.0,upper-middle,,,,0.0,1.0,1.0,,,,,18.9,1.1849529780564263,1.2007623888182972,1.0918544194107451
2026-08-04,Motor City,AMC Southcenter 16,ordinary,0,0,8.0,3.0,5.0,16,126,0.5222222222222223,0.8666666666666667,0.3333333333333333,,upper-middle,,,0.1257309941520468,-0.02163742690058479,0.9602150537634409,2.0,0.0,0.0,0.0,0.0,15.74,0.9868338557993731,1.0,0.9093009820912767
2026-08-04,Super Troopers 3: Special Broken Lizard Fan Event,AMC Southcenter 16,special_event,0,0,1.0,1.0,1.0,13,123,0.7333333333333333,0.7333333333333333,0.0,0.0,upper-middle,,,,0.0,1.0,1.0,,,,,15.74,0.9868338557993731,1.0,0.9093009820912767
2026-08-04,Cookie Queens,AMC Southcenter 16,ordinary,2,0,4.0,4.0,1.0,15,125,0.26666666666666666,0.26666666666666666,0.0,0.0,lower-middle,,,,0.0,1.0,1.0,,,,,14.9525,0.9374608150470221,0.9499682337992377,1.0178692988427502
2026-08-04,Ice Cream Man,AMC Southcenter 16,ordinary,2,0,2.0,2.0,1.0,5,115,0.8666666666666667,0.8666666666666667,1.0,1.0,top,,,,0.0,1.0,1.0,,,,,15.74,0.9868338557993731,1.0,0.9093009820912767
2026-08-04,I Want Your Sex,AMC Southcenter 16,ordinary,0,0,24.0,3.0,4.0,8,118,0.47000000000000003,0.8666666666666667,0.45,0.5384615384615384,lower-middle,0.4888888888888889,-0.018888888888888844,-0.17444444444444446,-0.018888888888888844,0.9613636363636364,2.0,1.0,0.0,0.0,0.0,15.5825,0.9769592476489029,0.9899936467598475,0.9002021952628538
2026-08-04,AMC Scream Unseen: August 3,AMC Southcenter 16,special_event,0,0,1.0,1.0,1.0,6,116,0.6,0.6,0.0,0.0,upper-middle,0.6,0.0,,0.0,1.0,1.0,,,,,7.88,0.49404388714733544,0.5006353240152478,0.45522819179664936
2026-08-04,One Night Only,AMC Southcenter 16,ambiguous_special,2,0,4.0,4.0,1.0,4,114,0.8,0.8,1.0,1.0,top,,,,0.0,1.0,1.0,,,,,14.9525,0.9374608150470221,0.9499682337992377,1.0178692988427502
2026-08-04,Pinocchio Unstrung,AMC Southcenter 16,ordinary,0,0,12.0,1.0,5.0,15,125,0.5523809523809524,1.0,0.2857142857142857,,upper-middle,,,0.012380952380952381,0.0,1.0,1.0,0.0,0.0,0.0,0.0,15.74,0.9868338557993731,1.0,0.9093009820912767
2026-08-04,Sheep in the Box,AMC Southcenter 16,ordinary,1,0,2.0,2.0,1.0,12,122,0.3333333333333333,0.3333333333333333,0.0,0.0,lower-middle,,,,0.0,1.0,1.0,,,,,15.74,0.9868338557993731,1.0,0.9093009820912767
2026-08-11,Muppet Treasure Island,AMC Southcenter 16,ordinary,0,0,4.0,4.0,2.0,7,117,0.8333333333333333,1.0,0.5,,top,0.8333333333333333,0.0,,0.0,1.0,1.0,,,,,3.15,0.20012706480304954,0.20012706480304954,0.21140939597315436
2026-08-11,Tales from Earthsea 20th Anniversary - Studio Ghibli Fest 2026,AMC Southcenter 16,rerelease,0,0,2.0,2.0,1.0,12,122,0.6666666666666666,0.6666666666666666,0.0,0.0,upper-middle,0.6666666666666666,0.0,,0.0,1.0,1.0,,,,,18.9,1.2007623888182972,1.2007623888182972,1.268456375838926
2026-08-11,Only Yesterday 35th Anniversary - Studio Ghibli Fest 2026,AMC Southcenter 16,rerelease,0,0,3.0,3.0,2.0,12,122,0.6888888888888888,0.7333333333333333,0.0,0.0,upper-middle,0.6888888888888888,0.0,,0.0,1.0,1.0,,,,,18.9,1.2007623888182972,1.2007623888182972,1.0918544194107451
2026-08-11,Toy Story 5,AMC Southcenter 16,ordinary,0,0,12.0,,2.0,8,118,0.4333333333333333,0.7333333333333333,0.0,,lower-middle,,,-0.49259259259259275,-0.5111111111111111,0.4588235294117647,1.0,1.0,0.0,0.0,1.0,13.85,0.8799237611181703,0.8799237611181703,0.9295302013422818
2026-08-11,Minions & Monsters,AMC Southcenter 16,ordinary,3,0,17.0,,3.0,8,118,0.43999999999999995,0.6666666666666666,0.0,,lower-middle,,,-0.24787878787878792,-0.24627450980392163,0.641142857142857,2.0,1.0,0.0,0.0,0.0,14.541999999999998,0.9238881829733162,0.9238881829733162,0.9759731543624159
2026-08-11,The Odyssey,AMC Southcenter 16,ordinary,3,0,57.0,15.0,8.0,10,128,0.518918918918919,1.0,0.13513513513513514,0.23529411764705882,upper-middle,,,0.1376323692113166,0.0,1.0,1.0,0.0,0.0,0.0,1.0,17.677027027027027,1.1230639788454273,1.1230639788454273,1.021203178915484
2026-08-11,PAW Patrol: The Dino Movie,AMC Southcenter 16,ordinary,3,0,3.0,3.0,3.0,13,123,0.7555555555555555,1.0,0.6666666666666666,1.0,top,,,,0.0,1.0,1.0,,,,,14.69,0.9332909783989835,0.9332909783989835,0.9859060402684563
2026-08-11,Spider-Man: Brand New Day,AMC Southcenter 16,ordinary,3,0,246.0,37.0,16.0,11,121,0.4016460905349794,1.0,0.19135802469135801,0.2463768115942029,lower-middle,0.6395833333333333,-0.23793724279835388,-0.051577503429355354,-0.23793724279835388,0.6279808581654401,2.0,0.0,0.0,1.0,0.0,19.59611111111111,1.2449879994352675,0.972511717673008,1.1320688105783427
2026-08-11,Moana,AMC Southcenter 16,ordinary,0,0,12.0,,3.0,4,114,0.8166666666666667,0.9333333333333333,0.5,,top,,,-0.03431372549019607,-0.04607843137254897,0.9465909090909091,2.0,0.0,0.0,0.0,1.0,13.85,0.8799237611181703,0.8799237611181703,0.9295302013422818
2026-08-11,The Brink of War,AMC Southcenter 16,ordinary,2,0,4.0,4.0,1.0,15,125,0.3333333333333333,0.3333333333333333,0.0,0.0,lower-middle,,,,0.0,1.0,1.0,,,,,14.9525,0.9499682337992377,0.9499682337992377,1.003523489932886
2026-08-11,Super Troopers 3,AMC Southcenter 16,ordinary,1,0,46.0,3.0,5.0,13,123,0.6064516129032258,1.0,0.6451612903225806,0.5,upper-middle,0.6222222222222222,-0.01577060931899643,-0.14910394265232974,-0.01577060931899643,0.9746543778801843,2.0,0.0,0.0,0.0,0.0,15.028709677419354,0.9548100176251177,0.9548100176251177,0.8682096867371089
2026-08-11,Ateez: Light the Way in Cinemas,AMC Southcenter 16,special_event,0,0,2.0,2.0,2.0,16,126,0.8,0.8666666666666667,0.5,,top,0.6,0.20000000000000007,0.13333333333333341,0.0,1.0,1.0,0.0,0.0,0.0,0.0,18.9,1.2007623888182972,1.2007623888182972,1.268456375838926
2026-08-11,Cookie Queens,AMC Southcenter 16,ordinary,1,0,37.0,4.0,5.0,15,125,0.44266666666666665,0.9333333333333333,0.04,0.0,lower-middle,0.4,0.04266666666666663,0.10933333333333334,0.0,1.0,2.0,0.0,0.0,0.0,0.0,14.857999999999999,0.9439644218551461,0.9439644218551461,0.8583477758521086
2026-08-11,Ice Cream Man,AMC Southcenter 16,ordinary,1,0,33.0,2.0,5.0,5,115,0.7696969696969697,1.0,0.7272727272727273,0.75,top,0.9333333333333333,-0.1636363636363637,-0.09696969696969704,-0.1636363636363637,0.8246753246753247,2.0,0.0,0.0,0.0,0.0,15.59681818181818,0.990903315236225,0.990903315236225,0.9010293577018014
2026-08-11,Nimrods Early Access – Green Day Intro + Bonus Performance,AMC Southcenter 16,special_event,0,0,1.0,1.0,1.0,4,114,0.9333333333333333,0.9333333333333333,1.0,1.0,top,,,,0.0,1.0,1.0,,,,,15.74,1.0,1.0,0.9093009820912767
2026-08-11,KATSEYE: WILD HEARTS,AMC Southcenter 16,special_event,1,0,2.0,2.0,1.0,3,113,0.4666666666666667,0.4666666666666667,0.0,0.0,lower-middle,,,,0.0,1.0,1.0,,,,,18.9,1.2007623888182972,1.2007623888182972,1.0918544194107451
2026-08-11,PAW Patrol: The Dino Movie - Early Access,AMC Southcenter 16,special_event,0,0,1.0,1.0,1.0,7,117,1.0,1.0,1.0,,top,1.0,0.0,,0.0,1.0,1.0,,,,,12.59,0.7998729351969505,0.7998729351969505,0.8449664429530201
2026-08-11,Nimrods,AMC Southcenter 16,ordinary,1,0,2.0,2.0,1.0,12,122,0.6666666666666666,0.6666666666666666,0.0,0.0,upper-middle,,,,0.0,1.0,1.0,,,,,15.74,1.0,1.0,0.9093009820912767
2026-08-11,The End of Oak Street,AMC Southcenter 16,ordinary,3,0,5.0,5.0,2.0,6,116,0.49333333333333335,0.6,0.0,0.0,lower-middle,,,,0.0,1.0,1.0,,,,,16.369999999999997,1.0400254129606097,0.8124069478908188,0.9456961294049682
2026-08-11,AMC Screen Unseen: August 10,AMC Southcenter 16,special_event,0,0,1.0,1.0,1.0,4,114,0.9333333333333333,0.9333333333333333,1.0,1.0,top,0.9333333333333333,0.0,,0.0,1.0,1.0,,,,,7.88,0.5006353240152478,0.5006353240152478,0.45522819179664936
2026-08-11,Grateful Dead Meet-Up At The Movies 2026,AMC Southcenter 16,special_event,0,0,2.0,2.0,1.0,6,116,0.6,0.6,0.0,0.0,upper-middle,0.6,0.0,,0.0,1.0,1.0,,,,,18.9,1.2007623888182972,1.2007623888182972,1.268456375838926
2026-08-11,Namaslay,AMC Southcenter 16,ordinary,1,0,2.0,2.0,1.0,4,114,0.9333333333333333,0.9333333333333333,1.0,1.0,top,,,,0.0,1.0,1.0,,,,,15.74,1.0,1.0,0.9093009820912767
2026-08-11,One Night Only,AMC Southcenter 16,ambiguous_special,1,0,39.0,4.0,6.0,12,122,0.7386666666666666,1.0,0.4,0.45454545454545453,upper-middle,0.8666666666666667,-0.1280000000000001,-0.19466666666666677,-0.1280000000000001,0.8523076923076922,1.0,1.0,0.0,0.0,0.0,14.984000000000002,0.9519695044472682,0.9519695044472682,1.0056375838926175
2026-08-11,Practical Magic,AMC Southcenter 16,special_event,0,0,1.0,1.0,1.0,6,116,0.6,0.6,0.0,0.0,upper-middle,,,,0.0,1.0,1.0,,,,,15.74,1.0,1.0,0.9093009820912767
2026-08-11,Sheep in the Box,AMC Southcenter 16,ordinary,0,0,25.0,2.0,5.0,8,118,0.21388888888888888,0.8,0.041666666666666664,0.0,low,0.2,0.013888888888888867,-0.4527777777777777,0.0,1.0,2.0,1.0,0.0,0.0,0.0,15.74,1.0,1.0,0.9093009820912767
2026-08-11,The Rivals of Amziah King,AMC Southcenter 16,ordinary,1,0,2.0,2.0,1.0,5,115,0.8666666666666667,0.8666666666666667,1.0,1.0,top,,,,0.0,1.0,1.0,,,,,15.74,1.0,1.0,0.9093009820912767
2026-08-11,Splash City,AMC Southcenter 16,ordinary,0,0,18.0,18.0,7.0,12,122,0.7019607843137255,1.0,0.35294117647058826,0.125,upper-middle,0.7019607843137255,0.0,,0.0,1.0,1.0,,,,,15.739999999999998,0.9999999999999999,0.9999999999999999,0.9093009820912767
2026-08-11,The Wrong Girls,AMC Southcenter 16,ordinary,1,0,3.0,3.0,1.0,16,126,0.7333333333333333,0.7333333333333333,0.0,0.0,upper-middle,,,,0.0,1.0,1.0,,,,,15.74,1.0,1.0,0.9093009820912767
2026-08-11,2026 CORTIS TOUR <PUT YOUR PHONE DOWN> IN LA: LIVE VIEWING,AMC Southcenter 16,special_event,0,0,1.0,1.0,1.0,13,123,0.8,0.8,1.0,1.0,top,,,,0.0,1.0,1.0,,,,,26.25,1.667725540025413,1.667725540025413,1.516464471403813
2026-08-11,Mr. Hero,AMC Southcenter 16,ordinary,0,0,8.0,8.0,4.0,8,118,0.35555555555555557,0.7333333333333333,0.0,0.0,lower-middle,0.35555555555555557,0.0,,0.0,1.0,1.0,,,,,14.69,0.9332909783989835,0.9332909783989835,0.9859060402684563
2026-08-18,Six: The Musical Live!,AMC Southcenter 16,special_event,1,0,13.0,1.0,4.0,12,122,0.6370370370370371,1.0,0.2222222222222222,0.0,upper-middle,1.0,-0.36296296296296293,-0.2962962962962963,-0.36296296296296293,0.6370370370370371,1.0,1.0,0.0,0.0,0.0,15.040000000000001,0.9555273189326557,0.9555273189326557,0.8688619295205084
2026-08-18,Minions & Monsters,AMC Southcenter 16,ordinary,2,0,15.0,,5.0,8,118,0.5851851851851851,1.0,0.3333333333333333,0.5,upper-middle,,,0.18518518518518517,-0.10108932461873643,0.8526984126984126,1.0,0.0,1.0,0.0,0.0,15.387777777777776,0.9776224763518282,0.9776224763518282,1.0475001890931093
2026-08-18,The Odyssey,AMC Southcenter 16,ordinary,3,0,45.0,15.0,9.0,10,128,0.4076190476190476,0.9333333333333333,0.05714285714285714,0.0625,lower-middle,,,-0.004784053156146217,-0.05439645625692141,0.8822627037392138,4.0,0.0,0.0,0.0,0.0,17.34142857142857,1.1017426030132509,1.1017426030132509,1.0018156309317487
2026-08-18,PAW Patrol: The Dino Movie,AMC Southcenter 16,ordinary,3,0,40.0,5.0,6.0,7,117,0.75,0.9333333333333333,0.6875,0.9285714285714286,top,0.49333333333333335,0.25666666666666665,0.2833333333333333,0.0,1.0,1.0,0.0,1.0,0.0,0.0,14.2634375,0.9061904383735705,0.9061904383735705,0.970962389380531
2026-08-18,Spider-Man: Brand New Day,AMC Southcenter 16,ordinary,3,0,111.0,37.0,13.0,2,127,0.26666666666666666,0.8666666666666667,0.08695652173913043,0.13157894736842105,lower-middle,0.6395833333333333,-0.3729166666666666,-0.1348747591522158,-0.3729166666666666,0.4169381107491857,3.0,0.0,0.0,1.0,0.0,19.805108695652173,1.2582661178940389,0.9828838062358399,1.1441426167332278
2026-08-18,The Fast and the Furious 25th Anniversary,AMC Southcenter 16,rerelease,2,0,3.0,3.0,1.0,6,116,0.8000000000000002,0.8,1.0,1.0,top,,,,0.0,1.0,1.0,,,,,14.69,0.9332909783989835,0.9332909783989835,1.0
2026-08-18,The Brink of War,AMC Southcenter 16,ordinary,1,0,18.0,4.0,5.0,15,125,0.5708333333333333,1.0,0.0625,0.0,upper-middle,0.5333333333333333,0.03749999999999998,0.03749999999999998,0.0,1.0,2.0,0.0,0.0,0.0,0.0,15.34625,0.9749841168996187,0.9749841168996187,1.0446732471068754
2026-08-18,Wet Hot American Summer: 25th Anniversary,AMC Southcenter 16,rerelease,0,0,7.0,7.0,2.0,16,126,0.6888888888888888,0.7333333333333333,0.0,0.0,upper-middle,0.6888888888888888,0.0,,0.0,1.0,1.0,,,,,7.88,0.5006353240152478,0.5006353240152478,0.5364193328795099
2026-08-18,Super Troopers 3,AMC Southcenter 16,ordinary,0,0,33.0,3.0,10.0,8,118,0.4875,1.0,0.21875,0.2857142857142857,lower-middle,0.6222222222222222,-0.13472222222222224,-0.07440476190476192,-0.13472222222222224,0.7834821428571428,1.0,0.0,0.0,0.0,0.0,14.755625,0.937460292249047,0.937460292249047,0.8524335644136338
2026-08-18,Your Letter,AMC Southcenter 16,ordinary,0,0,1.0,1.0,1.0,6,116,0.8,0.8,1.0,1.0,top,0.8,0.0,,0.0,1.0,1.0,,,,,15.74,1.0,1.0,0.9093009820912767
2026-08-18,Point Break 35th Anniversary,AMC Southcenter 16,special_event,0,0,3.0,3.0,2.0,13,123,0.7333333333333334,0.8666666666666667,0.3333333333333333,0.5,upper-middle,0.7333333333333334,0.0,,0.0,1.0,1.0,,,,,18.9,1.2007623888182972,1.2007623888182972,1.0918544194107451
2026-08-18,Texas Chainsaw Day (2026),AMC Southcenter 16,special_event,0,0,1.0,1.0,1.0,6,116,0.8,0.8,1.0,1.0,top,,,,0.0,1.0,1.0,,,,,18.9,1.2007623888182972,1.2007623888182972,1.0918544194107451
2026-08-18,Cookie Queens,AMC Southcenter 16,ordinary,0,0,10.0,4.0,3.0,12,122,0.6499999999999999,0.7333333333333333,0.0,,upper-middle,0.4,0.2499999999999999,0.06538461538461537,0.0,1.0,2.0,0.0,0.0,0.0,0.0,12.59,0.7998729351969505,0.7998729351969505,0.8570456092579987
2026-08-18,Ice Cream Man,AMC Southcenter 16,ordinary,0,0,7.0,2.0,5.0,12,122,0.5809523809523809,0.9333333333333333,0.14285714285714285,0.0,upper-middle,0.9333333333333333,-0.35238095238095246,-0.19875776397515532,-0.35238095238095246,0.6224489795918366,1.0,1.0,0.0,0.0,0.0,15.74,1.0,1.0,0.9093009820912767
2026-08-18,La La Land 10th Anniversary,AMC Southcenter 16,rerelease,0,0,7.0,7.0,1.0,9,119,0.2,0.2,0.0,0.0,low,0.2,0.0,,0.0,1.0,1.0,,,,,21.139999999999997,1.343074968233799,1.0491315136476427,1.439074200136147
2026-08-18,KATSEYE: WILD HEARTS,AMC Southcenter 16,special_event,0,0,3.0,2.0,1.0,3,113,0.4666666666666666,0.4666666666666667,0.0,0.0,lower-middle,0.4666666666666667,-5.551115123125783e-17,-5.551115123125783e-17,-5.551115123125783e-17,0.9999999999999999,2.0,0.0,0.0,0.0,0.0,18.9,1.2007623888182972,1.2007623888182972,1.2865895166780121
2026-08-18,Nimrods,AMC Southcenter 16,ordinary,0,0,16.0,3.0,4.0,4,114,0.8666666666666667,1.0,0.6875,0.625,top,0.6888888888888888,0.17777777777777792,0.24444444444444446,0.0,1.0,1.0,0.0,1.0,0.0,0.0,15.74,1.0,1.0,0.9093009820912767
2026-08-18,The End of Oak Street,AMC Southcenter 16,ordinary,3,0,40.0,6.0,10.0,14,124,0.5050505050505051,1.0,0.21212121212121213,0.21052631578947367,upper-middle,0.6444444444444445,-0.1393939393939394,-0.17272727272727262,-0.1393939393939394,0.7836990595611285,2.0,1.0,0.0,1.0,0.0,15.835454545454548,1.0060644565091834,0.7858786374915409,0.9148153983509272
2026-08-18,Train to Busan - 10th Anniversary Remastered & Revived,AMC Southcenter 16,rerelease,0,0,20.0,3.0,5.0,8,118,0.33333333333333337,0.8,0.1,0.14285714285714285,lower-middle,0.5333333333333333,-0.19999999999999996,-0.19999999999999996,-0.19999999999999996,0.6250000000000001,1.0,1.0,0.0,0.0,0.0,15.11,0.9599745870393901,0.9599745870393901,0.8729058347775852
2026-08-18,Namaslay,AMC Southcenter 16,ordinary,0,0,12.0,3.0,6.0,16,126,0.7111111111111111,1.0,0.25,0.25,upper-middle,0.8666666666666667,-0.15555555555555556,-0.15555555555555556,-0.15555555555555556,0.8205128205128205,1.0,1.0,0.0,0.0,0.0,15.74,1.0,1.0,0.9093009820912767
2026-08-18,One Night Only,AMC Southcenter 16,ambiguous_special,0,0,11.0,4.0,7.0,4,114,0.7151515151515151,1.0,0.45454545454545453,0.42857142857142855,upper-middle,0.8666666666666667,-0.1515151515151516,-0.005836139169472454,-0.1515151515151516,0.8251748251748251,1.0,0.0,0.0,0.0,0.0,15.740000000000002,1.0000000000000002,1.0000000000000002,0.9093009820912769
2026-08-18,Insidious: Out of the Further,AMC Southcenter 16,ordinary,3,0,4.0,4.0,2.0,10,128,0.25,0.26666666666666666,0.0,0.0,lower-middle,,,,0.0,1.0,1.0,,,,,18.1025,1.150095298602287,0.8983870967741936,1.04578278451762
2026-08-18,The Rivals of Amziah King,AMC Southcenter 16,ordinary,0,0,27.0,4.0,6.0,5,115,0.7757575757575758,1.0,0.6818181818181818,0.5454545454545454,top,0.8666666666666667,-0.09090909090909094,-0.09090909090909094,-0.09090909090909094,0.8951048951048951,2.0,0.0,0.0,0.0,0.0,15.02409090909091,0.9545165761811252,0.9545165761811252,0.8679428601439001
2026-08-18,Your Name. 10th Anniversary,AMC Southcenter 16,rerelease,1,0,18.0,1.0,7.0,16,126,0.6666666666666666,1.0,0.17647058823529413,0.1,upper-middle,0.26666666666666666,0.39999999999999997,0.2666666666666666,0.0,1.0,1.0,0.0,1.0,0.0,0.0,14.998823529411764,0.9529112788698706,0.9529112788698706,0.866483161722228
2026-08-18,Mutiny,AMC Southcenter 16,ordinary,3,0,3.0,3.0,1.0,13,123,0.6666666666666666,0.6666666666666666,0.0,0.0,upper-middle,,,,0.0,1.0,1.0,,,,,15.74,1.0,1.0,0.9093009820912767
2026-08-18,The Wrong Girls,AMC Southcenter 16,ordinary,0,0,30.0,3.0,10.0,5,115,0.7153846153846154,1.0,0.4230769230769231,0.5,upper-middle,0.6666666666666666,0.04871794871794877,-0.017948717948717885,0.0,1.0,2.0,0.0,0.0,0.0,0.0,15.497692307692308,0.9846056103997655,0.9846056103997655,0.8953028485090877
2026-08-18,The Magic Faraway Tree,AMC Southcenter 16,ordinary,3,0,3.0,3.0,1.0,15,125,0.5333333333333333,0.5333333333333333,0.0,0.0,upper-middle,,,,0.0,1.0,1.0,,,,,13.64,0.866581956797967,0.866581956797967,0.9285228046289994
2026-08-18,AMC Scream Unseen: August 17,AMC Southcenter 16,special_event,0,0,1.0,1.0,1.0,15,125,0.5333333333333333,0.5333333333333333,0.0,0.0,upper-middle,0.5333333333333333,0.0,,0.0,1.0,1.0,,,,,7.88,0.5006353240152478,0.5006353240152478,0.45522819179664936
2026-08-18,Never Stop Chasing,AMC Southcenter 16,ordinary,1,0,1.0,1.0,1.0,16,126,0.7333333333333333,0.7333333333333333,0.0,0.0,upper-middle,,,,0.0,1.0,1.0,,,,,15.74,1.0,1.0,0.9093009820912767
2026-08-18,Hot Spot,AMC Southcenter 16,ordinary,1,0,4.0,4.0,2.0,12,122,0.48333333333333334,0.6,0.0,0.0,lower-middle,,,,0.0,1.0,1.0,,,,,14.9525,0.9499682337992377,0.9499682337992377,1.0178692988427502
2026-08-18,Tony,AMC Southcenter 16,ordinary,3,0,3.0,3.0,1.0,5,115,0.8666666666666667,0.8666666666666667,1.0,1.0,top,,,,0.0,1.0,1.0,,,,,15.74,1.0,1.0,0.9093009820912767
2026-08-24,Six: The Musical Live!,AMC Southcenter 16,special_event,0,0,7.0,1.0,3.0,4,114,0.9111111111111111,1.0,1.0,,top,1.0,-0.0888888888888889,0.23111111111111116,-0.0888888888888889,0.9111111111111111,1.0,0.0,1.0,0.0,0.0,12.589999999999998,0.7998729351969504,0.7998729351969504,0.9090252707581227
2026-08-24,Castle in the Sky 40th Anniversary - Studio Ghibli Fest 2026,AMC Southcenter 16,rerelease,0,0,6.0,6.0,2.0,12,122,0.7222222222222222,0.7333333333333333,0.0,0.0,upper-middle,0.7222222222222222,0.0,,0.0,1.0,1.0,,,,,18.9,1.2007623888182972,1.2007623888182972,1.0918544194107451
2026-08-24,Minions & Monsters,AMC Southcenter 16,ordinary,1,0,10.0,,5.0,13,123,0.7142857142857143,1.0,0.42857142857142855,0.3333333333333333,upper-middle,,,0.023376623376623384,0.0,1.0,2.0,0.0,0.0,0.0,0.0,15.332857142857142,0.9741332365220547,0.9741332365220547,1.107065497679216
2026-08-24,The Odyssey,AMC Southcenter 16,ordinary,3,0,23.0,15.0,2.0,1,111,0.011111111111111112,0.2,0.0,0.0,low,,,-0.36666666666666664,-0.4509043927648579,0.024049217002237135,1.0,1.0,0.0,1.0,0.0,21.91444444444444,1.3922772836368769,1.0188026241024843,1.5822703569995986
2026-08-24,Coyote vs. Acme,AMC Southcenter 16,ambiguous_special,3,0,6.0,6.0,2.0,7,117,0.72,0.8666666666666667,0.8,1.0,upper-middle,,,,0.0,1.0,1.0,,,,,15.74,1.0,0.7317526731752673,1.1364620938628158
2026-08-24,PAW Patrol: The Dino Movie,AMC Southcenter 16,ordinary,3,0,32.0,5.0,6.0,12,122,0.7194444444444444,1.0,0.2916666666666667,0.5,upper-middle,0.49333333333333335,0.2261111111111111,0.0037581699346403985,-0.009967320261437984,0.9863351254480286,2.0,0.0,0.0,0.0,0.0,14.558750000000002,0.9249523506988565,0.9249523506988565,1.051173285198556
2026-08-24,Spider-Man: Brand New Day,AMC Southcenter 16,ordinary,3,0,57.0,37.0,7.0,2,127,0.21600000000000003,0.8,0.04,0.038461538461538464,low,0.6395833333333333,-0.42358333333333326,-0.018666666666666665,-0.42358333333333326,0.3377198697068405,2.0,0.0,0.0,1.0,0.0,18.5004,1.1753748411689962,0.860083682008368,1.0687694974003465
2026-08-24,The Fast and the Furious 25th Anniversary,AMC Southcenter 16,rerelease,1,0,31.0,5.0,6.0,7,117,0.7583333333333333,1.0,0.7916666666666666,0.8181818181818182,top,0.8666666666666667,-0.10833333333333339,-0.17500000000000004,-0.10833333333333339,0.8749999999999999,2.0,1.0,0.0,0.0,0.0,15.74,1.0,0.7317526731752673,0.9093009820912767
2026-08-24,The Brink of War,AMC Southcenter 16,ordinary,0,0,13.0,4.0,6.0,6,116,0.7333333333333333,1.0,0.6,1.0,upper-middle,0.5333333333333333,0.19999999999999996,0.1929824561403508,0.0,1.0,3.0,0.0,1.0,0.0,0.0,13.85,0.8799237611181703,0.8799237611181703,1.0
2026-08-24,American Martyr: The Stanley Rother Story,AMC Southcenter 16,special_event,0,0,3.0,3.0,1.0,6,116,0.9333333333333332,0.9333333333333333,1.0,1.0,top,,,,0.0,1.0,1.0,,,,,18.9,1.2007623888182972,1.2007623888182972,1.0918544194107451
2026-08-24,The End of Oak Street,AMC Southcenter 16,ordinary,3,0,28.0,6.0,4.0,11,121,0.2555555555555556,0.8666666666666667,0.041666666666666664,0.0,lower-middle,0.6444444444444445,-0.3888888888888889,-0.26549707602339184,-0.3888888888888889,0.39655172413793105,2.0,1.0,0.0,0.0,1.0,14.9525,0.9499682337992377,0.9499682337992377,0.8638070479491624
2026-08-24,Insidious: Out of the Further,AMC Southcenter 16,ordinary,3,0,57.0,4.0,4.0,10,128,0.3398692810457516,0.5333333333333333,0.0,0.0,lower-middle,0.31666666666666665,0.02320261437908494,0.056535947712418266,0.0,1.0,2.0,0.0,0.0,1.0,0.0,16.54294117647059,1.0510127812243066,0.7690814122022588,1.1944361860267574
2026-08-24,GHOST: 2 Big To Rig,AMC Southcenter 16,special_event,1,0,2.0,2.0,1.0,1,111,0.0,0.0,0.0,0.0,low,,,,0.0,,1.0,,,,,24.15,1.5343074968233799,1.122733612273361,1.3951473136915078
2026-08-24,Coyote vs. Acme Early Access,AMC Southcenter 16,special_event,0,0,2.0,2.0,2.0,5,115,0.6333333333333333,0.8,0.5,,upper-middle,0.6333333333333333,0.0,,0.0,1.0,1.0,,,,,12.59,0.7998729351969505,0.7998729351969505,0.9090252707581228
2026-08-24,Finding Emily,AMC Southcenter 16,ordinary,2,0,4.0,4.0,1.0,15,125,0.4666666666666667,0.4666666666666667,0.0,0.0,lower-middle,,,,0.0,1.0,1.0,,,,,14.9525,0.9499682337992377,0.9499682337992377,1.0796028880866426
2026-08-24,House of Worship,AMC Southcenter 16,special_event,0,0,4.0,4.0,2.0,15,125,0.4166666666666667,0.4666666666666667,0.0,0.0,lower-middle,0.4166666666666667,0.0,,0.0,1.0,1.0,,,,,14.9525,0.9499682337992377,0.9499682337992377,0.8638070479491624
2026-08-24,Your Name. 10th Anniversary,AMC Southcenter 16,rerelease,0,0,10.0,1.0,7.0,4,114,0.76,1.0,0.6,0.5,top,0.26666666666666666,0.49333333333333335,0.08280701754385966,0.0,1.0,1.0,0.0,0.0,0.0,0.0,14.794999999999998,0.939961880559085,0.939961880559085,0.8547082611207394
2026-08-24,The Dog Stars,AMC Southcenter 16,ordinary,3,0,4.0,4.0,3.0,11,121,0.33333333333333337,0.8,0.25,0.0,lower-middle,,,,0.0,1.0,1.0,,,,,16.5275,1.0500317662007623,0.7683635518363551,1.1933212996389893
2026-08-24,Mutiny,AMC Southcenter 16,ordinary,2,0,30.0,3.0,6.0,13,123,0.7166666666666667,1.0,0.5,0.6153846153846154,upper-middle,0.7333333333333333,-0.016666666666666607,0.1166666666666667,-0.016666666666666607,0.9772727272727274,2.0,0.0,0.0,0.0,0.0,14.9525,0.9499682337992377,0.9499682337992377,0.8638070479491624
2026-08-24,Harry Potter And The Philosopher's Stone: 25th Anniversary,AMC Southcenter 16,rerelease,1,0,1.0,1.0,,,,,,,,unknown,,,,,,,,,,,,,,
2026-08-24,The Magic Faraway Tree,AMC Southcenter 16,ordinary,2,0,30.0,4.0,5.0,15,125,0.5444444444444444,0.8666666666666667,0.16666666666666666,0.2,upper-middle,0.45,0.09444444444444439,0.1277777777777777,0.0,1.0,1.0,0.0,0.0,0.0,0.0,14.9525,0.9499682337992377,0.9499682337992377,1.0796028880866426
2026-08-24,Harry Potter And The Chamber of Secrets,AMC Southcenter 16,special_event,0,0,1.0,1.0,1.0,14,124,0.5333333333333333,0.5333333333333333,0.0,0.0,upper-middle,,,,0.0,1.0,1.0,,,,,7.88,0.5006353240152478,0.5006353240152478,0.45522819179664936
2026-08-24,Spa Weekend,AMC Southcenter 16,ordinary,1,0,30.0,5.0,7.0,4,114,0.7583333333333333,1.0,0.5,0.6,top,0.7,0.05833333333333335,-0.008333333333333304,0.0,1.0,1.0,0.0,0.0,0.0,0.0,14.82125,0.9416296060991105,0.9416296060991105,1.0701263537906136
2026-08-24,Never Stop Chasing,AMC Southcenter 16,ordinary,0,0,11.0,1.0,6.0,12,122,0.6466666666666667,1.0,0.2,0.14285714285714285,upper-middle,0.6666666666666666,-0.019999999999999907,-0.019999999999999907,-0.019999999999999907,0.9700000000000001,2.0,0.0,0.0,0.0,0.0,15.74,1.0,1.0,0.9093009820912767
2026-08-24,Hot Spot,AMC Southcenter 16,ordinary,0,0,30.0,4.0,5.0,8,118,0.5138888888888888,0.9333333333333333,0.041666666666666664,0.08333333333333333,upper-middle,0.5,0.01388888888888884,-0.10277777777777775,0.0,1.0,2.0,0.0,0.0,0.0,0.0,14.9525,0.9499682337992377,0.9499682337992377,0.8638070479491624
2026-08-24,Tony,AMC Southcenter 16,ordinary,2,0,31.0,3.0,6.0,5,115,0.6641025641025641,0.9333333333333333,0.4230769230769231,0.2727272727272727,upper-middle,0.8000000000000002,-0.13589743589743608,-0.13589743589743608,-0.13589743589743608,0.830128205128205,1.0,0.0,0.0,0.0,0.0,14.891923076923076,0.946119636399179,0.946119636399179,0.8603075145536151
2026-08-24,Idiots,AMC Southcenter 16,ordinary,1,0,3.0,3.0,1.0,12,122,0.7333333333333333,0.7333333333333333,0.0,0.0,upper-middle,,,,0.0,1.0,1.0,,,,,15.74,1.0,1.0,0.9093009820912767
2026-08-24,The King of Cannabis,AMC Southcenter 16,ordinary,1,0,1.0,1.0,1.0,16,126,0.6666666666666666,0.6666666666666666,0.0,,upper-middle,,,,0.0,1.0,1.0,,,,,15.74,1.0,1.0,0.9093009820912767
2026-08-24,AMC Scream Unseen: August 24,AMC Southcenter 16,special_event,0,0,1.0,1.0,1.0,3,113,0.4,0.4,0.0,0.0,lower-middle,,,,0.0,1.0,1.0,,,,,7.88,0.5006353240152478,0.5006353240152478,0.45522819179664936
2026-08-24,Laufey's A Night At The Symphony: Hollywood Bowl,AMC Southcenter 16,special_event,0,0,1.0,1.0,1.0,3,113,0.4,0.4,0.0,0.0,lower-middle,0.4,0.0,,0.0,1.0,1.0,,,,,18.9,1.2007623888182972,1.2007623888182972,1.0918544194107451
2026-08-24,Idiots Early Access,AMC Southcenter 16,special_event,0,0,1.0,1.0,1.0,3,113,0.4,0.4,0.0,0.0,lower-middle,,,,0.0,1.0,1.0,,,,,15.74,1.0,1.0,0.9093009820912767
2026-08-24,Teenage Sex and Death at Camp Miasma,AMC Southcenter 16,ordinary,1,0,18.0,2.0,9.0,16,126,0.6777777777777777,1.0,0.3333333333333333,0.2,upper-middle,0.9333333333333333,-0.25555555555555565,-0.188888888888889,-0.25555555555555565,0.726190476190476,1.0,1.0,0.0,0.0,0.0,15.74,1.0,1.0,0.9093009820912767
2026-09-01,Minions & Monsters,AMC Southcenter 16,ordinary,0,0,7.0,,4.0,7,117,0.5333333333333333,0.8,0.25,,upper-middle,,,-0.19999999999999996,-0.16666666666666663,0.761904761904762,3.0,1.0,0.0,0.0,0.0,13.85,0.8799237611181703,0.8799237611181703,1.0
2026-09-01,The Odyssey,AMC Southcenter 16,ordinary,3,0,24.0,15.0,4.0,1,111,0.06666666666666667,0.4666666666666667,0.0,0.0,low,,,0.033333333333333326,-0.39534883720930236,0.1442953020134228,2.0,0.0,0.0,1.0,0.0,21.09190476190476,1.3400193622557026,0.9805627504372273,1.3400193622557026
2026-09-01,Coyote vs. Acme,AMC Southcenter 16,ambiguous_special,3,0,39.0,6.0,6.0,7,117,0.6606060606060606,1.0,0.6666666666666666,0.8571428571428571,upper-middle,0.7733333333333333,-0.11272727272727268,0.0072727272727272085,-0.11272727272727268,0.8542319749216302,1.0,0.0,0.0,1.0,0.0,28.276666666666667,1.7964845404489622,1.3145823647915698,2.0416365824308063
2026-09-01,PAW Patrol: The Dino Movie,AMC Southcenter 16,ordinary,2,0,19.0,5.0,7.0,12,122,0.7137254901960784,0.9333333333333333,0.4117647058823529,0.5,upper-middle,0.49333333333333335,0.2203921568627451,-0.017043740573152277,-0.015686274509803977,0.9784946236559139,3.0,0.0,0.0,0.0,0.0,14.25764705882353,0.9058225577397414,0.9058225577397414,1.029433000637078
2026-09-01,Spider-Man: Brand New Day,AMC Southcenter 16,ordinary,3,0,35.0,37.0,3.0,2,127,0.1139784946236559,0.3333333333333333,0.0,0.0,low,0.6395833333333333,-0.5256048387096773,-0.10177908113391985,-0.5256048387096773,0.17820741830408743,3.0,0.0,0.0,1.0,0.0,20.254516129032258,1.2868180513997622,0.9416325490019645,1.2868180513997622
2026-09-01,The Fast and the Furious 25th Anniversary,AMC Southcenter 16,rerelease,0,0,7.0,5.0,5.0,11,121,0.4222222222222222,0.8,0.16666666666666666,0.0,lower-middle,0.8666666666666667,-0.4444444444444445,-0.27777777777777773,-0.4444444444444445,0.48717948717948717,1.0,1.0,0.0,0.0,1.0,14.69,0.9332909783989835,0.9332909783989835,1.0606498194945848
2026-09-01,Legend of the White Dragon,AMC Southcenter 16,ordinary,0,0,4.0,4.0,1.0,6,116,1.0,1.0,1.0,1.0,top,1.0,0.0,,0.0,1.0,1.0,,,,,18.9,1.2007623888182972,1.2007623888182972,1.2007623888182972
2026-09-01,Terminator 2: Judgment Day 35th Anniversary,AMC Southcenter 16,rerelease,0,0,12.0,12.0,3.0,12,122,0.8555555555555555,1.0,0.5833333333333334,0.5714285714285714,top,0.8555555555555555,0.0,,0.0,1.0,1.0,,,,,21.0,1.3341804320203303,0.9762900976290096,1.3341804320203303
2026-09-01,The Hunger Games (2026),AMC Southcenter 16,special_event,0,0,1.0,1.0,1.0,6,116,1.0,1.0,1.0,1.0,top,,,,0.0,1.0,1.0,,,,,18.9,1.2007623888182972,1.2007623888182972,1.2007623888182972
2026-09-01,The End of Oak Street,AMC Southcenter 16,ordinary,2,0,27.0,6.0,2.0,10,128,0.325,0.3333333333333333,0.0,0.0,lower-middle,0.6444444444444445,-0.3194444444444445,0.015476190476190532,-0.3194444444444445,0.5043103448275862,3.0,0.0,0.0,0.0,0.0,16.92125,1.0750476493011436,1.0750476493011436,1.0750476493011436
2026-09-01,Insidious: Out of the Further,AMC Southcenter 16,ordinary,3,0,26.0,4.0,3.0,3,113,0.34166666666666673,0.4666666666666667,0.0,0.0,lower-middle,0.31666666666666665,0.025000000000000078,0.0046969696969698105,0.0,1.0,3.0,0.0,0.0,0.0,1.0,14.82125,0.9416296060991105,0.9416296060991105,1.0701263537906136
2026-09-01,GHOST: 2 Big To Rig,AMC Southcenter 16,special_event,0,0,1.0,2.0,1.0,15,125,0.6,0.6,0.0,,upper-middle,0.0,0.6,0.6,0.0,1.0,1.0,0.0,1.0,0.0,1.0,18.9,1.2007623888182972,1.2007623888182972,1.3646209386281587
2026-09-01,The Last Blossom,AMC Southcenter 16,special_event,0,0,2.0,2.0,2.0,14,124,0.33333333333333337,0.4666666666666667,0.0,0.0,lower-middle,0.33333333333333337,0.0,,0.0,1.0,1.0,,,,,18.9,1.2007623888182972,1.2007623888182972,1.3646209386281587
2026-09-01,Katy Perry: The Lifetimes Tour - Live From Paris,AMC Southcenter 16,special_event,0,0,1.0,1.0,1.0,1,111,0.0,0.0,0.0,0.0,low,,,,0.0,,1.0,,,,,24.15,1.5343074968233799,1.122733612273361,1.5343074968233799
2026-09-01,Finding Emily,AMC Southcenter 16,ordinary,1,0,25.0,4.0,3.0,15,125,0.5805555555555556,0.9333333333333333,0.041666666666666664,0.0,upper-middle,0.5333333333333333,0.047222222222222276,-0.019444444444444375,0.0,1.0,2.0,0.0,0.0,0.0,0.0,14.9525,0.9499682337992377,0.9499682337992377,1.0796028880866426
2026-09-01,The Dog Stars,AMC Southcenter 16,ordinary,2,0,30.0,4.0,7.0,9,119,0.38095238095238093,1.0,0.14285714285714285,0.2222222222222222,lower-middle,0.35,0.030952380952380953,0.047619047619047616,0.0,1.0,2.0,0.0,0.0,1.0,0.0,16.5275,1.0500317662007623,0.7683635518363551,1.1933212996389893
2026-09-01,Mutiny,AMC Southcenter 16,ordinary,1,0,27.0,3.0,7.0,6,116,0.7583333333333333,1.0,0.5833333333333334,0.6153846153846154,top,0.7333333333333333,0.025000000000000022,0.06547619047619047,0.0,1.0,1.0,0.0,0.0,0.0,0.0,14.9525,0.9499682337992377,0.9499682337992377,0.9499682337992377
2026-09-01,Harry Potter And The Philosopher's Stone: 25th Anniversary,AMC Southcenter 16,rerelease,0,0,3.0,1.0,,,,,,,,unknown,,,,,,,,,,,,,,
2026-09-01,Harry Potter And The Goblet Of Fire,AMC Southcenter 16,special_event,0,0,1.0,1.0,1.0,5,115,0.7333333333333333,0.7333333333333333,0.0,0.0,upper-middle,0.7333333333333333,0.0,,0.0,1.0,1.0,,,,,7.88,0.5006353240152478,0.5006353240152478,0.5006353240152478
2026-09-01,The Magic Faraway Tree,AMC Southcenter 16,ordinary,1,0,14.0,4.0,5.0,16,126,0.5487179487179487,1.0,0.15384615384615385,0.0,upper-middle,0.45,0.09871794871794864,-0.06923076923076932,-0.05128205128205132,0.9145299145299145,2.0,0.0,0.0,0.0,0.0,13.55923076923077,0.8614504935978887,0.8614504935978887,0.9790058317134129
2026-09-01,Harry Potter & Deathly Hallows: Part 2 (HPD26),AMC Southcenter 16,special_event,0,0,1.0,1.0,1.0,6,116,1.0,1.0,1.0,1.0,top,,,,0.0,1.0,1.0,,,,,12.08,0.7674714104193139,0.5615992561599256,0.7674714104193139
2026-09-01,Harry Potter & Deathly Hallows: Part 1 (HPD26),AMC Southcenter 16,special_event,0,0,1.0,1.0,1.0,13,123,0.6666666666666666,0.6666666666666666,0.0,,upper-middle,,,,0.0,1.0,1.0,,,,,7.88,0.5006353240152478,0.5006353240152478,0.5689530685920577
2026-09-01,Harry Potter and the Sorcerer’s Stone: 25th Anniversary,AMC Southcenter 16,rerelease,0,0,3.0,3.0,1.0,13,123,0.6666666666666666,0.6666666666666666,0.0,0.0,upper-middle,0.6666666666666666,0.0,,0.0,1.0,1.0,,,,,15.74,1.0,1.0,1.0
2026-09-01,Harry Potter And The Order Of The Phoenix (HPD26),AMC Southcenter 16,special_event,0,0,1.0,1.0,1.0,13,123,0.6666666666666666,0.6666666666666666,0.0,,upper-middle,0.6666666666666666,0.0,,0.0,1.0,1.0,,,,,7.88,0.5006353240152478,0.5006353240152478,0.5689530685920577
2026-09-01,Harry Potter And The Prisoner Of Azkaban (HPD26),AMC Southcenter 16,ordinary,0,0,1.0,1.0,1.0,13,123,0.6666666666666666,0.6666666666666666,0.0,,upper-middle,0.6666666666666666,0.0,,0.0,1.0,1.0,,,,,7.88,0.5006353240152478,0.5006353240152478,0.5689530685920577
2026-09-01,Harry Potter And The Half Blood Prince,AMC Southcenter 16,special_event,0,0,1.0,1.0,1.0,14,124,0.4666666666666667,0.4666666666666667,0.0,0.0,lower-middle,0.4666666666666667,0.0,,0.0,1.0,1.0,,,,,7.88,0.5006353240152478,0.5006353240152478,0.5006353240152478
2026-09-01,Spa Weekend,AMC Southcenter 16,ordinary,0,0,8.0,5.0,5.0,3,113,0.5333333333333333,0.8666666666666667,0.2857142857142857,0.0,upper-middle,0.7,-0.16666666666666663,-0.16800000000000004,-0.16666666666666663,0.761904761904762,3.0,1.0,0.0,0.0,0.0,13.94,0.8856416772554002,0.8856416772554002,1.0064981949458485
2026-09-01,Tony,AMC Southcenter 16,ordinary,1,0,17.0,3.0,9.0,6,116,0.6571428571428571,1.0,0.2857142857142857,0.2857142857142857,upper-middle,0.8000000000000002,-0.14285714285714302,-0.04507936507936505,-0.14285714285714302,0.8214285714285713,2.0,0.0,0.0,0.0,0.0,14.615,0.9285260482846251,0.9285260482846251,0.9285260482846251
2026-09-01,Idiots,AMC Southcenter 16,ordinary,0,0,9.0,3.0,5.0,5,115,0.7555555555555555,0.9333333333333333,0.3333333333333333,0.0,top,0.8000000000000002,-0.04444444444444462,-0.1777777777777777,-0.04444444444444462,0.9444444444444442,2.0,1.0,0.0,0.0,0.0,15.74,1.0,1.0,1.0
2026-09-01,The King of Cannabis,AMC Southcenter 16,ordinary,0,0,6.0,1.0,1.0,16,126,0.5333333333333333,0.5333333333333333,0.0,,upper-middle,0.6,-0.06666666666666665,0.0,-0.06666666666666665,0.888888888888889,2.0,0.0,0.0,0.0,0.0,15.74,1.0,1.0,1.0
2026-09-01,AMC Screen Unseen: August 31,AMC Southcenter 16,special_event,0,0,1.0,1.0,1.0,13,123,0.6666666666666666,0.6666666666666666,0.0,0.0,upper-middle,0.6666666666666666,0.0,,0.0,1.0,1.0,,,,,7.88,0.5006353240152478,0.5006353240152478,0.5006353240152478
2026-09-01,By Any Means,AMC Southcenter 16,ordinary,2,0,4.0,4.0,3.0,14,124,0.5,1.0,0.25,0.0,upper-middle,,,,0.0,1.0,1.0,,,,,16.5275,1.0500317662007623,0.7683635518363551,1.1933212996389893
2026-09-01,Teenage Sex and Death at Camp Miasma,AMC Southcenter 16,ordinary,0,0,12.0,2.0,3.0,16,126,0.48333333333333334,0.6,0.0,0.0,lower-middle,0.9333333333333333,-0.45,-0.1728070175438597,-0.45,0.5178571428571429,1.0,1.0,0.0,0.0,0.0,15.74,1.0,1.0,1.0
2026-09-01,Onslaught,AMC Southcenter 16,ordinary,2,0,4.0,4.0,4.0,1,111,0.4666666666666667,1.0,0.25,0.0,lower-middle,,,,0.0,1.0,1.0,,,,,17.315,1.1000635324015249,0.8049744304974431,1.1000635324015249
2026-09-01,Cars: 20th Anniversary,AMC Southcenter 16,rerelease,2,0,3.0,3.0,1.0,5,115,0.7333333333333333,0.7333333333333333,0.0,0.0,upper-middle,,,,0.0,1.0,1.0,,,,,16.44,1.0444726810673444,0.7642956764295676,1.1870036101083035
2026-09-01,The Uprising: Early Access Live Q&A with Paul Greengrass and Andrew Garfield,AMC Southcenter 16,special_event,0,0,1.0,1.0,1.0,13,123,0.6666666666666666,0.6666666666666666,0.0,0.0,upper-middle,,,,0.0,1.0,1.0,,,,,15.74,1.0,1.0,1.0
2026-09-01,Akira,AMC Southcenter 16,ordinary,2,0,4.0,4.0,2.0,4,114,0.8,0.8666666666666667,0.75,1.0,top,,,,0.0,1.0,1.0,,,,,14.9525,0.9499682337992377,0.9499682337992377,1.0796028880866426
2026-09-01,Colony,AMC Southcenter 16,ordinary,0,0,12.0,1.0,5.0,4,114,0.6944444444444445,1.0,0.6666666666666666,0.6666666666666666,upper-middle,0.7333333333333333,-0.03888888888888875,-0.03888888888888875,-0.03888888888888875,0.9469696969696971,2.0,0.0,0.0,0.0,0.0,15.74,1.0,1.0,1.0
2026-09-01,Buddy,AMC Southcenter 16,ordinary,3,0,21.0,3.0,9.0,14,124,0.5566666666666666,1.0,0.1,0.08333333333333333,upper-middle,0.7111111111111111,-0.1544444444444445,-0.13222222222222213,-0.1544444444444445,0.7828124999999999,2.0,0.0,0.0,0.0,0.0,15.425,0.979987293519695,0.979987293519695,0.979987293519695
2026-09-01,Irumudi,AMC Southcenter 16,ordinary,0,0,7.0,1.0,6.0,5,115,0.5777777777777778,0.9333333333333333,0.16666666666666666,0.2,upper-middle,,,,0.0,1.0,1.0,,,,,15.215000000000002,0.9666454891994918,0.9666454891994918,0.9666454891994918
2026-09-01,It Ends,AMC Southcenter 16,ordinary,0,0,10.0,3.0,5.0,12,122,0.6592592592592593,0.9333333333333333,0.5555555555555556,0.0,upper-middle,0.4,0.2592592592592593,0.2925925925925926,0.0,1.0,1.0,0.0,1.0,0.0,0.0,13.64,0.866581956797967,0.866581956797967,0.9848375451263539
2026-09-01,Madame in Saigon,AMC Southcenter 16,ordinary,0,0,6.0,6.0,6.0,8,118,0.4777777777777778,1.0,0.16666666666666666,0.0,lower-middle,0.4777777777777778,0.0,,0.0,1.0,1.0,,,,,15.74,1.0,1.0,1.1364620938628158
2026-09-01,Beyond Belief,AMC Southcenter 16,ordinary,0,0,14.0,2.0,8.0,12,122,0.7000000000000001,0.9333333333333333,0.5,0.0,upper-middle,0.6,0.10000000000000009,0.16666666666666674,0.0,1.0,2.0,0.0,1.0,0.0,0.0,13.902500000000002,0.8832592121982212,0.8832592121982212,1.0037906137184116
2026-09-01,Sara Bareilles: Good Grief,AMC Southcenter 16,special_event,0,0,1.0,1.0,1.0,13,123,0.6666666666666666,0.6666666666666666,0.0,0.0,upper-middle,,,,0.0,1.0,1.0,,,,,18.9,1.2007623888182972,1.2007623888182972,1.2007623888182972
2026-09-01,Fall 2: Deadpoint,AMC Southcenter 16,ordinary,2,0,4.0,4.0,2.0,4,114,0.9,0.9333333333333333,1.0,1.0,top,,,,0.0,1.0,1.0,,,,,15.74,1.0,1.0,1.0
2026-09-01,The Best Little Whorehouse In Texas,AMC Southcenter 16,ordinary,0,0,6.0,6.0,4.0,12,122,0.7866666666666667,0.9333333333333333,0.8,,top,0.7866666666666667,0.0,,0.0,1.0,1.0,,,,,7.88,0.5006353240152478,0.5006353240152478,0.5689530685920577
2026-09-01,Steel Magnolias,AMC Southcenter 16,ordinary,0,0,6.0,6.0,2.0,15,125,0.5333333333333333,0.6,0.0,,upper-middle,0.5333333333333333,0.0,,0.0,1.0,1.0,,,,,7.88,0.5006353240152478,0.5006353240152478,0.5689530685920577
2026-09-08,Toy Story 5,AMC Southcenter 16,ordinary,0,0,6.0,23.0,4.0,6,116,0.6,1.0,0.25,,upper-middle,,,,-0.34444444444444444,0.6352941176470588,1.0,,,,,7.88,0.5006353240152478,0.5006353240152478,0.5689530685920577
2026-09-08,The Odyssey,AMC Southcenter 16,ordinary,3,0,20.0,15.0,5.0,1,111,0.2296296296296296,1.0,0.05555555555555555,0.08333333333333333,low,,,0.15740740740740738,-0.2323858742463394,0.4970171513795674,3.0,0.0,1.0,1.0,0.0,20.006666666666668,1.2710715798390513,0.9301100263443359,1.2710715798390513
2026-09-08,Coyote vs. Acme,AMC Southcenter 16,ambiguous_special,3,0,28.0,6.0,3.0,10,128,0.2769230769230769,0.4,0.0,0.0,lower-middle,0.7733333333333333,-0.49641025641025643,-0.3353576248313091,-0.49641025641025643,0.3580901856763925,1.0,1.0,0.0,0.0,1.0,16.709230769230768,1.0615775584009381,1.0615775584009381,1.206442654818106
2026-09-08,PAW Patrol: The Dino Movie,AMC Southcenter 16,ordinary,1,0,16.0,5.0,6.0,4,114,0.7422222222222222,0.9333333333333333,0.6666666666666666,1.0,upper-middle,0.49333333333333335,0.24888888888888888,0.0922222222222222,0.0,1.0,4.0,0.0,0.0,0.0,0.0,58.792,3.7351969504447267,3.7351969504447267,4.244909747292419
2026-09-08,Spider-Man: Brand New Day,AMC Southcenter 16,ordinary,3,0,60.0,37.0,8.0,2,127,0.337037037037037,0.8,0.14814814814814814,0.21428571428571427,lower-middle,0.6395833333333333,-0.30254629629629626,0.22172172172172172,-0.30254629629629626,0.5269634455302208,1.0,0.0,1.0,1.0,0.0,18.476296296296294,1.173843474987058,0.8589631007111247,1.173843474987058
2026-09-08,Practical Magic 2,AMC Southcenter 16,ordinary,3,0,3.0,3.0,1.0,9,119,0.13333333333333333,0.13333333333333333,0.0,0.0,low,,,,0.0,1.0,1.0,,,,,20.99,1.3335451080050824,0.9758251975825196,1.3335451080050824
2026-09-08,Runner,AMC Southcenter 16,ordinary,3,0,3.0,3.0,1.0,6,116,1.0,1.0,1.0,1.0,top,,,,0.0,1.0,1.0,,,,,13.64,0.866581956797967,0.866581956797967,0.9848375451263539
2026-09-08,The Hunger Games: Catching Fire (2026),AMC Southcenter 16,special_event,0,0,1.0,1.0,1.0,6,116,1.0,1.0,1.0,1.0,top,1.0,0.0,,0.0,1.0,1.0,,,,,18.9,1.2007623888182972,1.2007623888182972,1.2007623888182972
2026-09-08,The Hunger Games: Mockingjay - Part 1 (2026),AMC Southcenter 16,special_event,0,0,1.0,1.0,1.0,6,116,1.0,1.0,1.0,1.0,top,1.0,0.0,,0.0,1.0,1.0,,,,,18.9,1.2007623888182972,1.2007623888182972,1.2007623888182972
2026-09-08,The Hunger Games: Mockingjay - Part 2 (2026),AMC Southcenter 16,special_event,0,0,1.0,1.0,1.0,6,116,1.0,1.0,1.0,1.0,top,1.0,0.0,,0.0,1.0,1.0,,,,,18.9,1.2007623888182972,1.2007623888182972,1.2007623888182972
2026-09-08,The Hunger Games: The Ballad of Songbirds & Snakes (2026),AMC Southcenter 16,special_event,0,0,1.0,1.0,1.0,6,116,1.0,1.0,1.0,1.0,top,1.0,0.0,,0.0,1.0,1.0,,,,,18.9,1.2007623888182972,1.2007623888182972,1.2007623888182972
2026-09-08,MST3K: The RiffTrax Experiments - Sting of Death,AMC Southcenter 16,special_event,1,0,1.0,1.0,1.0,8,118,0.2,0.2,0.0,0.0,low,,,,0.0,1.0,1.0,,,,,18.9,1.2007623888182972,1.2007623888182972,1.2007623888182972
2026-09-08,The End of Oak Street,AMC Southcenter 16,ordinary,1,0,24.0,6.0,5.0,11,121,0.3884057971014493,1.0,0.08695652173913043,0.09090909090909091,lower-middle,0.6444444444444445,-0.2560386473429952,0.0717391304347827,-0.2560386473429952,0.6026986506746627,4.0,0.0,0.0,0.0,0.0,14.918260869565218,0.9477929396165958,0.9477929396165958,0.9477929396165958
2026-09-08,The Passion of the Christ (2026 Event),AMC Southcenter 16,special_event,1,0,1.0,1.0,1.0,14,124,0.5333333333333333,0.5333333333333333,0.0,0.0,upper-middle,,,,0.0,1.0,1.0,,,,,18.9,1.2007623888182972,1.2007623888182972,1.2007623888182972
2026-09-08,Dreams in Nightmares,AMC Southcenter 16,ordinary,0,0,11.0,11.0,4.0,7,117,0.6484848484848484,1.0,0.09090909090909091,0.0,upper-middle,0.6484848484848484,0.0,,0.0,1.0,1.0,,,,,15.740000000000002,1.0000000000000002,1.0000000000000002,1.0000000000000002
2026-09-08,Insidious: Out of the Further,AMC Southcenter 16,ordinary,2,0,25.0,4.0,8.0,4,114,0.6727272727272727,1.0,0.5454545454545454,0.625,upper-middle,0.31666666666666665,0.3560606060606061,0.2632034632034632,0.0,1.0,1.0,0.0,1.0,0.0,0.0,15.02409090909091,0.9545165761811252,0.9545165761811252,1.0847719067935675
2026-09-08,Finding Emily,AMC Southcenter 16,ordinary,0,0,6.0,4.0,3.0,7,117,0.7333333333333334,0.8666666666666667,0.3333333333333333,,upper-middle,0.5333333333333333,0.20000000000000007,0.15733333333333333,0.0,1.0,3.0,0.0,1.0,0.0,0.0,13.64,0.866581956797967,0.866581956797967,0.9848375451263539
2026-09-08,The Dog Stars,AMC Southcenter 16,ordinary,1,0,29.0,4.0,5.0,13,123,0.6597701149425287,0.9333333333333333,0.034482758620689655,0.0,upper-middle,0.35,0.3097701149425287,0.2550082101806239,0.0,1.0,1.0,0.0,1.0,0.0,1.0,14.762413793103448,0.937891600578364,0.937891600578364,1.0658782522096353
2026-09-08,Mutiny,AMC Southcenter 16,ordinary,0,0,6.0,3.0,4.0,4,114,0.6333333333333334,0.8666666666666667,0.6666666666666666,0.5,upper-middle,0.7333333333333333,-0.09999999999999987,-0.1293333333333332,-0.12399999999999989,0.836267605633803,1.0,0.0,0.0,0.0,0.0,15.74,1.0,1.0,1.0
2026-09-08,The Magic Faraway Tree,AMC Southcenter 16,ordinary,0,0,6.0,4.0,4.0,4,114,0.7,0.8666666666666667,0.5,,upper-middle,0.45,0.24999999999999994,0.14761904761904754,0.0,1.0,3.0,0.0,0.0,0.0,0.0,12.59,0.7998729351969505,0.7998729351969505,0.9090252707581228
2026-09-08,Tony,AMC Southcenter 16,ordinary,0,0,5.0,3.0,2.0,8,118,0.4222222222222222,0.8666666666666667,0.3333333333333333,,lower-middle,0.8000000000000002,-0.37777777777777793,-0.24861111111111106,-0.37777777777777793,0.5277777777777777,1.0,1.0,0.0,0.0,0.0,13.64,0.866581956797967,0.866581956797967,0.9848375451263539
2026-09-08,The Nutty Professor: 30th Anniversary,AMC Southcenter 16,rerelease,0,0,2.0,2.0,1.0,5,115,0.8,0.8,1.0,1.0,top,0.8,0.0,,0.0,1.0,1.0,,,,,7.88,0.5006353240152478,0.5006353240152478,0.5689530685920577
2026-09-08,Oasis: Don’t Look Back In Anger IMAX Early Access,AMC Southcenter 16,special_event,0,0,1.0,1.0,1.0,1,111,0.0,0.0,0.0,0.0,low,,,,0.0,,1.0,,,,,22.04,1.400254129606099,1.0246397024639702,1.400254129606099
2026-09-08,Oasis: Don't Look Back in Anger,AMC Southcenter 16,ordinary,2,0,3.0,3.0,3.0,5,115,0.4444444444444445,0.8,0.3333333333333333,0.0,lower-middle,,,,0.0,1.0,1.0,,,,,15.74,1.0,0.7317526731752673,1.1364620938628158
2026-09-08,By Any Means,AMC Southcenter 16,ordinary,1,0,29.0,4.0,8.0,16,126,0.545679012345679,1.0,0.18518518518518517,0.2,upper-middle,0.5166666666666667,0.02901234567901223,-0.004320987654321096,0.0,1.0,2.0,0.0,0.0,1.0,0.0,16.206666666666667,1.0296484540448962,0.7534480086781341,1.1701564380264742
2026-09-08,HOPE Premium Early Access,AMC Southcenter 16,special_event,0,0,1.0,1.0,1.0,9,119,0.13333333333333333,0.13333333333333333,0.0,0.0,low,0.13333333333333333,0.0,,0.0,1.0,1.0,,,,,22.04,1.400254129606099,1.0246397024639702,1.400254129606099
2026-09-08,The Changeling + Star Trek: The Motion Picture - Director's Edition - 60th Anniversary Event,AMC Southcenter 16,rerelease,0,0,1.0,1.0,1.0,8,118,0.2,0.2,0.0,,low,0.2,0.0,,0.0,1.0,1.0,,,,,15.74,1.0,1.0,1.1364620938628158
2026-09-08,Space Seed + Star Trek II: The Wrath of Khan - Director's Cut 60th Anniversary Event,AMC Southcenter 16,rerelease,0,0,3.0,3.0,3.0,8,118,0.5555555555555556,0.9333333333333333,0.3333333333333333,,upper-middle,0.5555555555555556,0.0,,0.0,1.0,1.0,,,,,15.74,1.0,1.0,1.1364620938628158
2026-09-08,Amok Time + Star Trek III: The Search for Spock 60th Anniversary Event,AMC Southcenter 16,rerelease,0,0,1.0,1.0,1.0,8,118,0.2,0.2,0.0,,low,0.2,0.0,,0.0,1.0,1.0,,,,,15.74,1.0,1.0,1.1364620938628158
2026-09-08,The City on The Edge of Forever + Star Trek IV: The Voyage Home 60th Anniversary Event,AMC Southcenter 16,rerelease,0,0,3.0,3.0,2.0,8,118,0.37777777777777777,0.7333333333333333,0.0,0.0,lower-middle,0.37777777777777777,0.0,,0.0,1.0,1.0,,,,,15.74,1.0,1.0,1.0
2026-09-08,Onslaught,AMC Southcenter 16,ordinary,1,0,32.0,4.0,4.0,14,124,0.4911111111111111,1.0,0.13333333333333333,0.15384615384615385,lower-middle,0.4666666666666667,0.024444444444444435,0.007777777777777772,0.0,1.0,2.0,0.0,0.0,1.0,0.0,16.37,1.04002541296061,0.7610413761041376,1.04002541296061
2026-09-08,Cars: 20th Anniversary,AMC Southcenter 16,rerelease,1,0,17.0,3.0,5.0,5,115,0.7155555555555556,1.0,0.6,0.0,upper-middle,0.8000000000000002,-0.08444444444444454,-0.08444444444444454,-0.08444444444444454,0.8944444444444444,1.0,0.0,0.0,1.0,0.0,16.58,1.053367217280813,0.7708042770804275,1.1971119133574006
2026-09-08,Hope,AMC Southcenter 16,ordinary,3,0,7.0,7.0,4.0,15,125,0.6571428571428571,0.9333333333333333,0.2857142857142857,0.0,upper-middle,,,,0.0,1.0,1.0,,,,,14.39,0.9142312579415502,0.9142312579415502,0.9142312579415502
2026-09-08,AMC Screen Unseen: September 7,AMC Southcenter 16,special_event,0,0,1.0,1.0,1.0,12,122,0.9333333333333333,0.9333333333333333,1.0,1.0,top,0.9333333333333333,0.0,,0.0,1.0,1.0,,,,,7.88,0.5006353240152478,0.5006353240152478,0.5006353240152478
2026-09-08,The Uprising,AMC Southcenter 16,ordinary,2,0,4.0,4.0,2.0,12,122,0.7,0.9333333333333333,0.5,0.5,upper-middle,,,,0.0,1.0,1.0,,,,,14.9525,0.9499682337992377,0.9499682337992377,0.9499682337992377
2026-09-08,The Fix,AMC Southcenter 16,ordinary,2,0,1.0,1.0,1.0,7,117,0.7333333333333333,0.7333333333333333,0.0,,upper-middle,,,,0.0,1.0,1.0,,,,,15.74,1.0,1.0,1.1364620938628158
2026-09-08,Akira,AMC Southcenter 16,ordinary,1,0,30.0,4.0,8.0,16,126,0.6214285714285713,1.0,0.2857142857142857,0.375,upper-middle,0.8,-0.17857142857142871,-0.17857142857142871,-0.17857142857142871,0.7767857142857141,1.0,1.0,0.0,0.0,0.0,14.9525,0.9499682337992377,0.9499682337992377,1.0796028880866426
2026-09-08,Buddy,AMC Southcenter 16,ordinary,2,0,20.0,3.0,8.0,5,115,0.6877192982456141,1.0,0.5263157894736842,0.4444444444444444,upper-middle,0.7111111111111111,-0.023391812865497075,0.11380625476735318,-0.023391812865497075,0.9671052631578947,3.0,0.0,0.0,0.0,0.0,15.57421052631579,0.9894669965893133,0.9894669965893133,0.9894669965893133
2026-09-08,Fall 2: Deadpoint,AMC Southcenter 16,ordinary,1,0,11.0,4.0,4.0,8,118,0.5272727272727272,0.9333333333333333,0.36363636363636365,0.5,upper-middle,0.9,-0.3727272727272728,-0.3727272727272728,-0.3727272727272728,0.5858585858585857,1.0,1.0,0.0,0.0,0.0,15.740000000000002,1.0000000000000002,1.0000000000000002,1.0000000000000002
2026-09-08,Don't Move,AMC Southcenter 16,ordinary,1,0,1.0,1.0,1.0,5,115,0.8,0.8,1.0,1.0,top,,,,0.0,1.0,1.0,,,,,15.74,1.0,1.0,1.0
2026-09-08,Virginia Woolf's Night & Day,AMC Southcenter 16,ordinary,0,0,6.0,1.0,3.0,3,113,0.6888888888888888,0.9333333333333333,0.3333333333333333,0.0,upper-middle,0.5333333333333333,0.15555555555555545,0.2222222222222221,0.0,1.0,2.0,0.0,1.0,0.0,0.0,13.64,0.866581956797967,0.866581956797967,0.9848375451263539
2026-09-08,I'm Game,AMC Southcenter 16,ordinary,0,0,6.0,1.0,5.0,3,113,0.5777777777777778,0.9333333333333333,0.3333333333333333,0.3333333333333333,upper-middle,0.2,0.3777777777777778,0.3777777777777778,0.0,1.0,1.0,0.0,1.0,0.0,0.0,15.74,1.0,1.0,1.0
2026-09-08,Mirzapur,AMC Southcenter 16,ordinary,1,0,6.0,6.0,4.0,4,114,0.6666666666666666,0.8666666666666667,0.6666666666666666,0.8,upper-middle,0.6666666666666666,0.0,,0.0,1.0,1.0,,,,,15.215000000000002,0.9666454891994918,0.9666454891994918,0.9666454891994918
2026-09-08,Tom and Jerry: The Forbidden Compass,AMC Southcenter 16,ordinary,0,0,6.0,1.0,4.0,4,114,0.6666666666666666,0.9333333333333333,0.5,,upper-middle,0.6666666666666666,0.0,0.0,0.0,1.0,2.0,0.0,0.0,0.0,0.0,12.59,0.7998729351969505,0.7998729351969505,0.9090252707581228
2026-09-15,The Odyssey,AMC Southcenter 16,ordinary,3,0,25.0,15.0,9.0,1,111,0.41587301587301584,1.0,0.23809523809523808,0.25,lower-middle,,,0.14314574314574313,-0.046142488002953175,0.900127836369447,1.0,0.0,0.0,1.0,0.0,18.256666666666668,1.1598898771706905,0.8487525182085851,1.1598898771706905
2026-09-15,Coyote vs. Acme,AMC Southcenter 16,ambiguous_special,,1,27.0,6.0,3.0,10,128,0.20512820512820515,0.8,0.07692307692307693,0.0,low,0.7733333333333333,-0.5682051282051281,0.018461538461538474,-0.5682051282051281,0.26525198938992045,1.0,0.0,0.0,0.0,0.0,16.709230769230768,1.0615775584009381,1.0615775584009381,1.206442654818106
2026-09-15,PAW Patrol: The Dino Movie,AMC Southcenter 16,ordinary,0,0,6.0,5.0,4.0,7,117,0.44999999999999996,0.7333333333333333,0.0,0.0,lower-middle,0.49333333333333335,-0.04333333333333339,-0.25416666666666676,-0.27941176470588247,0.6169354838709676,1.0,1.0,0.0,0.0,0.0,13.3775,0.8499047013977128,0.8499047013977128,0.965884476534296
2026-09-15,Spider-Man: Brand New Day,AMC Southcenter 16,ordinary,3,0,32.0,37.0,7.0,2,127,0.2419753086419753,0.9333333333333333,0.1111111111111111,0.16666666666666666,low,0.6395833333333333,-0.397608024691358,-0.13043848446147294,-0.397608024691358,0.3783327301242611,1.0,0.0,0.0,1.0,0.0,19.212962962962962,1.2206456774436443,0.8932107374692217,1.2206456774436443
2026-09-15,Practical Magic 2,AMC Southcenter 16,ordinary,3,0,47.0,6.0,5.0,9,119,0.32222222222222224,0.8,0.023809523809523808,0.0,lower-middle,0.3333333333333333,-0.011111111111111072,-0.07777777777777772,-0.011111111111111072,0.9666666666666668,2.0,0.0,0.0,1.0,0.0,23.190238095238094,1.4733315181218611,1.0781142768590466,1.6743854220388517
2026-09-15,Runner,AMC Southcenter 16,ordinary,,1,30.0,4.0,3.0,6,116,0.9538461538461539,1.0,0.8846153846153846,1.0,top,0.9,0.05384615384615388,0.0705128205128206,0.0,1.0,2.0,0.0,0.0,0.0,0.0,14.77076923076923,0.9384224415990616,0.9384224415990616,0.9384224415990616
2026-09-15,Shaun the Sheep: The Beast of Mossy Bottom,AMC Southcenter 16,ordinary,,1,2.0,2.0,1.0,13,123,0.5333333333333333,0.5333333333333333,0.0,0.0,upper-middle,,,,0.0,1.0,1.0,,,,,15.74,1.0,1.0,1.0
2026-09-15,MST3K: The RiffTrax Experiments - Sting of Death,AMC Southcenter 16,special_event,0,0,1.0,1.0,1.0,8,118,0.26666666666666666,0.26666666666666666,0.0,,lower-middle,0.2,0.06666666666666665,0.0,0.0,1.0,1.0,0.0,0.0,0.0,0.0,18.9,1.2007623888182972,1.2007623888182972,1.3646209386281587
2026-09-15,The End of Oak Street,AMC Southcenter 16,ordinary,0,0,13.0,6.0,7.0,3,113,0.46666666666666673,0.9333333333333333,0.18181818181818182,0.16666666666666666,lower-middle,0.6444444444444445,-0.17777777777777776,0.14400000000000007,-0.17777777777777776,0.7241379310344828,5.0,0.0,0.0,0.0,0.0,14.594545454545454,0.9272265218898001,0.9272265218898001,0.9272265218898001
2026-09-15,The Passion of the Christ (2026 Event),AMC Southcenter 16,special_event,0,0,4.0,1.0,2.0,14,124,0.7666666666666666,0.9333333333333333,0.5,0.5,top,0.4666666666666667,0.29999999999999993,0.16666666666666663,0.0,1.0,1.0,0.0,1.0,0.0,0.0,18.9,1.2007623888182972,1.2007623888182972,1.2007623888182972
2026-09-15,Insidious: Out of the Further,AMC Southcenter 16,ordinary,1,0,11.0,4.0,8.0,3,113,0.5878787878787879,0.9333333333333333,0.36363636363636365,0.6666666666666666,upper-middle,0.31666666666666665,0.27121212121212124,-0.00934343434343432,-0.02323232323232316,0.9619834710743803,2.0,0.0,0.0,0.0,0.0,14.88090909090909,0.9454198914173501,0.9454198914173501,0.9454198914173501
2026-09-15,The Transformers: The Movie 40th Anniversary,AMC Southcenter 16,special_event,,1,5.0,5.0,3.0,7,117,0.8666666666666666,1.0,0.6,0.3333333333333333,top,,,,0.0,1.0,1.0,,,,,18.9,1.2007623888182972,1.2007623888182972,1.2007623888182972
2026-09-15,The Dog Stars,AMC Southcenter 16,ordinary,0,0,6.0,4.0,4.0,5,115,0.7333333333333334,0.9333333333333333,0.5,1.0,upper-middle,0.35,0.3833333333333334,0.17948717948717952,0.0,1.0,2.0,0.0,1.0,0.0,0.0,14.165,0.8999364675984751,0.8999364675984751,1.0227436823104692
2026-09-15,Juan Gabriel: Mi Primer Bellas Artes,AMC Southcenter 16,special_event,0,0,2.0,2.0,1.0,5,115,0.9333333333333333,0.9333333333333333,1.0,1.0,top,,,,0.0,1.0,1.0,,,,,18.9,1.2007623888182972,1.2007623888182972,1.2007623888182972
2026-09-15,Oasis: Don't Look Back in Anger,AMC Southcenter 16,ordinary,1,0,22.0,5.0,5.0,1,111,0.19649122807017544,0.8666666666666667,0.05263157894736842,0.16666666666666666,low,0.44000000000000006,-0.24350877192982462,-0.2968421052631579,-0.24350877192982462,0.4465709728867623,1.0,1.0,0.0,1.0,0.0,18.55842105263158,1.179061057981676,0.8627810810149502,1.3399581987459626
2026-09-15,By Any Means,AMC Southcenter 16,ordinary,0,0,26.0,4.0,9.0,13,123,0.6202898550724637,0.9333333333333333,0.30434782608695654,0.42857142857142855,upper-middle,0.5166666666666667,0.10362318840579698,0.015988779803646436,0.0,1.0,3.0,0.0,0.0,0.0,1.0,14.918260869565218,0.9477929396165958,0.9477929396165958,1.0771307487050699
2026-09-15,Onslaught,AMC Southcenter 16,ordinary,0,0,6.0,4.0,4.0,12,122,0.6444444444444445,0.8666666666666667,0.5,,upper-middle,0.4666666666666667,0.1777777777777778,0.11736111111111114,0.0,1.0,1.0,0.0,0.0,0.0,1.0,15.74,1.0,1.0,1.0
2026-09-15,Cars: 20th Anniversary,AMC Southcenter 16,rerelease,0,0,10.0,3.0,5.0,8,118,0.5666666666666667,0.9333333333333333,0.3333333333333333,,upper-middle,0.8000000000000002,-0.2333333333333335,-0.1958333333333333,-0.2333333333333335,0.7083333333333331,2.0,1.0,0.0,1.0,0.0,15.04,0.9555273189326556,0.6992096699209669,1.0859205776173284
2026-09-15,Hope,AMC Southcenter 16,ordinary,,1,24.0,7.0,6.0,15,125,0.6166666666666666,0.8666666666666667,0.1,0.0,upper-middle,0.6857142857142857,-0.06904761904761914,-0.06904761904761914,-0.06904761904761914,0.8993055555555555,2.0,0.0,0.0,0.0,0.0,14.6375,0.9299555273189326,0.9299555273189326,0.9299555273189326
2026-09-15,Daniel and the Fiery Furnace,AMC Southcenter 16,ordinary,,1,2.0,2.0,1.0,16,126,0.4,0.4,0.0,0.0,lower-middle,,,,0.0,1.0,1.0,,,,,14.165,0.8999364675984751,0.8999364675984751,1.0227436823104692
2026-09-15,The Uprising,AMC Southcenter 16,ordinary,1,0,22.0,4.0,4.0,16,126,0.49259259259259264,0.8666666666666667,0.3333333333333333,0.3333333333333333,lower-middle,0.7333333333333334,-0.24074074074074076,-0.14074074074074067,-0.24074074074074076,0.6717171717171717,1.0,0.0,0.0,0.0,0.0,14.690000000000001,0.9332909783989836,0.9332909783989836,0.9332909783989836
2026-09-15,The Fix,AMC Southcenter 16,ordinary,1,0,15.0,1.0,5.0,7,117,0.7384615384615384,0.9333333333333333,0.23076923076923078,0.14285714285714285,upper-middle,0.7333333333333333,0.00512820512820511,0.00512820512820511,0.0,1.0,2.0,0.0,0.0,0.0,0.0,14.77076923076923,0.9384224415990616,0.9384224415990616,0.9384224415990616
2026-09-15,Akira,AMC Southcenter 16,ordinary,0,0,18.0,4.0,7.0,3,113,0.5955555555555556,0.9333333333333333,0.2,0.14285714285714285,upper-middle,0.8,-0.20444444444444443,-0.02111111111111097,-0.20444444444444443,0.7444444444444445,2.0,0.0,0.0,0.0,0.0,14.9,0.9466327827191868,0.9466327827191868,1.075812274368231
2026-09-15,Resident Evil,AMC Southcenter 16,ordinary,3,0,11.0,11.0,3.0,1,111,0.3939393939393939,1.0,0.2727272727272727,0.3333333333333333,lower-middle,,,,0.0,1.0,1.0,,,,,21.262727272727272,1.3508721266027492,0.9885042897595198,1.3508721266027492
2026-09-15,Buddy,AMC Southcenter 16,ordinary,1,0,12.0,3.0,7.0,14,124,0.5055555555555555,0.8666666666666667,0.25,0.5,upper-middle,0.7111111111111111,-0.2055555555555556,-0.2186868686868687,-0.2186868686868687,0.6980474198047419,4.0,1.0,0.0,0.0,0.0,15.74,1.0,1.0,1.0
2026-09-15,The Weight,AMC Southcenter 16,ordinary,,1,2.0,2.0,1.0,15,125,0.6666666666666666,0.6666666666666666,0.0,0.0,upper-middle,,,,0.0,1.0,1.0,,,,,14.165,0.8999364675984751,0.8999364675984751,1.0227436823104692
2026-09-15,Ghost in the Shell 30th Anniversary,AMC Southcenter 16,rerelease,1,0,1.0,1.0,1.0,5,115,0.9333333333333333,0.9333333333333333,1.0,1.0,top,,,,0.0,1.0,1.0,,,,,15.74,1.0,1.0,1.0
2026-09-15,Fall 2: Deadpoint,AMC Southcenter 16,ordinary,0,0,8.0,4.0,5.0,12,122,0.65,0.8666666666666667,0.25,,upper-middle,0.9,-0.25,0.1333333333333333,-0.25,0.7222222222222222,2.0,0.0,0.0,0.0,0.0,13.77125,0.8749205844980941,0.8749205844980941,0.9943140794223827
2026-09-15,AMC Screen Unseen: September 13,AMC Southcenter 16,special_event,0,0,1.0,1.0,1.0,5,115,0.9333333333333333,0.9333333333333333,1.0,,top,0.9333333333333333,0.0,,0.0,1.0,1.0,,,,,7.88,0.5006353240152478,0.5006353240152478,0.5689530685920577
2026-09-15,AMC Screen Unseen: September 14,AMC Southcenter 16,special_event,0,0,1.0,1.0,1.0,5,115,0.9333333333333333,0.9333333333333333,1.0,1.0,top,0.9333333333333333,0.0,,0.0,1.0,1.0,,,,,7.88,0.5006353240152478,0.5006353240152478,0.5006353240152478
2026-09-15,The Weight Early Access,AMC Southcenter 16,special_event,0,0,1.0,1.0,1.0,9,119,0.3333333333333333,0.3333333333333333,0.0,0.0,lower-middle,,,,0.0,1.0,1.0,,,,,22.04,1.400254129606099,1.0246397024639702,1.400254129606099
2026-09-15,Don't Move,AMC Southcenter 16,ordinary,0,0,16.0,1.0,4.0,7,117,0.8142857142857143,0.9333333333333333,0.5,1.0,top,0.8666666666666667,-0.05238095238095242,-0.11904761904761907,-0.05238095238095242,0.9395604395604396,2.0,0.0,0.0,0.0,0.0,15.74,1.0,1.0,1.0
2026-09-15,Mirzapur,AMC Southcenter 16,ordinary,0,0,6.0,7.0,4.0,16,126,0.5888888888888889,0.8666666666666667,0.3333333333333333,0.3333333333333333,upper-middle,0.6952380952380953,-0.10634920634920642,-0.13492063492063489,-0.10634920634920642,0.8470319634703195,2.0,0.0,0.0,0.0,0.0,15.74,1.0,1.0,1.0
2026-09-15,If I Go Will They Miss Me,AMC Southcenter 16,ordinary,,1,1.0,1.0,1.0,4,114,0.8,0.8,1.0,1.0,top,,,,0.0,1.0,1.0,,,,,15.74,1.0,1.0,1.0
2026-09-22,The Odyssey,AMC Southcenter 16,ordinary,,1,24.0,15.0,10.0,5,115,0.6296296296296297,1.0,0.2777777777777778,0.18181818181818182,upper-middle,,,0.20740740740740743,0.0,1.0,1.0,0.0,1.0,0.0,1.0,16.54111111111111,1.0508965127770717,1.0508965127770717,1.0508965127770717
2026-09-22,Coyote vs. Acme,AMC Southcenter 16,ambiguous_special,,1,25.0,6.0,8.0,10,128,0.3333333333333333,0.8666666666666667,0.09090909090909091,0.125,lower-middle,0.7733333333333333,-0.44,0.16888888888888887,-0.44,0.43103448275862066,1.0,0.0,1.0,0.0,0.0,15.883181818181818,1.009096684763775,1.009096684763775,1.1468001312766656
2026-09-22,Spider-Man: Brand New Day,AMC Southcenter 16,ordinary,,1,25.0,37.0,3.0,2,127,0.13333333333333333,0.7333333333333333,0.0,0.0,low,0.6395833333333333,-0.50625,-0.08000000000000002,-0.50625,0.20846905537459284,2.0,0.0,0.0,1.0,0.0,18.908947368421053,1.2013308366214137,0.8790770510655999,1.3652669580087404
2026-09-22,Practical Magic 2,AMC Southcenter 16,ordinary,,1,26.0,6.0,4.0,3,113,0.3515151515151515,0.9333333333333333,0.045454545454545456,0.0,lower-middle,0.3333333333333333,0.018181818181818188,0.015218855218855243,0.0,1.0,3.0,0.0,0.0,0.0,1.0,14.88090909090909,0.9454198914173501,0.9454198914173501,1.0744338693797177
2026-09-22,Runner,AMC Southcenter 16,ordinary,,1,17.0,4.0,6.0,4,114,0.6,1.0,0.375,0.375,upper-middle,0.9,-0.30000000000000004,-0.2666666666666667,-0.32183908045977017,0.6508728179551122,1.0,1.0,0.0,0.0,0.0,28.8,1.8297331639135959,1.8297331639135959,2.0794223826714804
2026-09-22,Shaun the Sheep: The Beast of Mossy Bottom,AMC Southcenter 16,ordinary,,1,16.0,2.0,3.0,13,123,0.6277777777777778,1.0,0.25,,upper-middle,0.6,0.02777777777777779,0.09444444444444444,0.0,1.0,2.0,0.0,0.0,0.0,0.0,13.3775,0.8499047013977128,0.8499047013977128,0.965884476534296
2026-09-22,Heart of the Beast,AMC Southcenter 16,ordinary,,1,4.0,4.0,3.0,6,116,0.7,0.9333333333333333,0.5,1.0,upper-middle,,,,0.0,1.0,1.0,,,,,16.5275,1.0500317662007623,0.7683635518363551,1.1933212996389893
2026-09-22,Heaven in Stone and Glass,AMC Southcenter 16,special_event,0,0,3.0,3.0,1.0,5,115,1.0,1.0,1.0,1.0,top,1.0,0.0,,0.0,1.0,1.0,,,,,18.9,1.2007623888182972,1.2007623888182972,1.2007623888182972
2026-09-22,Twenty Years of the Met in Cinemas: An Anniversary Celebration,AMC Southcenter 16,rerelease,0,0,1.0,1.0,1.0,6,116,0.9333333333333333,0.9333333333333333,1.0,,top,0.9333333333333333,0.0,,0.0,1.0,1.0,,,,,28.35,1.801143583227446,1.801143583227446,2.0469314079422385
2026-09-22,Insidious: Out of the Further,AMC Southcenter 16,ordinary,0,0,7.0,4.0,6.0,5,115,0.6857142857142857,1.0,0.42857142857142855,0.5,upper-middle,0.31666666666666665,0.36904761904761907,0.07460317460317456,0.0,1.0,3.0,0.0,0.0,0.0,0.0,15.74,1.0,1.0,1.0
2026-09-22,The Transformers: The Movie 40th Anniversary,AMC Southcenter 16,special_event,,1,33.0,5.0,6.0,11,121,0.5728395061728395,1.0,0.2962962962962963,0.2857142857142857,upper-middle,0.8666666666666666,-0.29382716049382707,-0.3071604938271606,-0.29382716049382707,0.660968660968661,1.0,1.0,0.0,0.0,0.0,18.9,1.2007623888182972,1.2007623888182972,1.2007623888182972
2026-09-22,Oasis: Don't Look Back in Anger,AMC Southcenter 16,ordinary,0,0,6.0,5.0,3.0,5,115,0.7999999999999999,1.0,0.3333333333333333,,top,0.44000000000000006,0.3599999999999999,0.5766666666666667,0.0,1.0,1.0,0.0,1.0,0.0,1.0,13.64,0.866581956797967,0.866581956797967,0.9848375451263539
2026-09-22,Crunchyroll Anime Nights Sneak Peek - September '26,AMC Southcenter 16,special_event,0,0,1.0,1.0,1.0,6,116,0.9333333333333333,0.9333333333333333,1.0,1.0,top,0.9333333333333333,0.0,,0.0,1.0,1.0,,,,,15.74,1.0,1.0,1.0
2026-09-22,Hope,AMC Southcenter 16,ordinary,,1,24.0,7.0,8.0,2,127,0.2962962962962963,1.0,0.16666666666666666,0.0,lower-middle,0.6857142857142857,-0.38941798941798944,-0.30660225442834144,-0.38941798941798944,0.43209876543209874,1.0,1.0,0.0,0.0,0.0,16.265,1.0333545108005082,1.0333545108005082,1.0333545108005082
2026-09-22,Daniel and the Fiery Furnace,AMC Southcenter 16,ordinary,,1,14.0,2.0,2.0,16,126,0.4484848484848485,0.4666666666666667,0.0,0.0,lower-middle,0.4,0.048484848484848464,-0.018181818181818188,0.0,1.0,2.0,0.0,0.0,0.0,0.0,13.735454545454546,0.8726464133071503,0.8726464133071503,0.9917295700689204
2026-09-22,Avengers Endgame: Encore,AMC Southcenter 16,ambiguous_special,,1,4.0,4.0,2.0,2,127,0.05,0.06666666666666667,0.0,0.0,low,,,,0.0,1.0,1.0,,,,,17.315,1.1000635324015249,0.8049744304974431,1.2501805054151627
2026-09-22,Batman (1989),AMC Southcenter 16,ordinary,0,0,2.0,2.0,1.0,14,124,0.6,0.6,0.0,0.0,upper-middle,0.6,0.0,,0.0,1.0,1.0,,,,,7.88,0.5006353240152478,0.5006353240152478,0.5006353240152478
2026-09-22,The Lego Batman Movie,AMC Southcenter 16,ordinary,0,0,2.0,2.0,1.0,5,115,1.0,1.0,1.0,,top,1.0,0.0,,0.0,1.0,1.0,,,,,12.08,0.7674714104193139,0.5615992561599256,0.872202166064982
2026-09-22,Batman: Mask of the Phantasm (2026BD),AMC Southcenter 16,ordinary,0,0,1.0,1.0,1.0,14,124,0.6,0.6,0.0,,upper-middle,0.6,0.0,,0.0,1.0,1.0,,,,,7.88,0.5006353240152478,0.5006353240152478,0.5689530685920577
2026-09-22,The Uprising,AMC Southcenter 16,ordinary,0,0,12.0,4.0,5.0,12,122,0.688888888888889,1.0,0.6666666666666666,0.6666666666666666,upper-middle,0.7333333333333334,-0.0444444444444444,0.14222222222222236,-0.0444444444444444,0.9393939393939394,3.0,0.0,0.0,0.0,0.0,15.4775,0.9833227445997458,0.9833227445997458,0.9833227445997458
2026-09-22,The Fix,AMC Southcenter 16,ordinary,0,0,7.0,1.0,5.0,4,114,0.7619047619047619,1.0,0.5714285714285714,0.3333333333333333,top,0.7333333333333333,0.02857142857142858,0.0019047619047618536,0.0,1.0,1.0,0.0,0.0,0.0,0.0,15.74,1.0,1.0,1.0
2026-09-22,Resident Evil,AMC Southcenter 16,ordinary,,1,86.0,11.0,5.0,1,111,0.37207207207207205,0.9333333333333333,0.1891891891891892,0.21621621621621623,lower-middle,0.3939393939393939,-0.021867321867321876,-0.0036855036855036882,-0.021867321867321876,0.9444906444906445,2.0,0.0,0.0,1.0,0.0,20.546486486486483,1.3053676293828769,0.9552062522773818,1.3053676293828769
2026-09-22,Buddy,AMC Southcenter 16,ordinary,0,0,12.0,3.0,7.0,15,125,0.7575757575757577,1.0,0.45454545454545453,0.5,top,0.7111111111111111,0.04646464646464654,0.25281385281385294,0.0,1.0,1.0,0.0,1.0,0.0,0.0,15.167272727272728,0.9636132609449001,0.9636132609449001,0.9636132609449001
2026-09-22,The Weight,AMC Southcenter 16,ordinary,,1,26.0,4.0,7.0,15,125,0.6818181818181818,0.9333333333333333,0.18181818181818182,0.09090909090909091,upper-middle,0.5166666666666666,0.16515151515151516,0.14848484848484844,0.0,1.0,2.0,0.0,0.0,0.0,0.0,15.310454545454546,0.9727099457086751,0.9727099457086751,0.9727099457086751
2026-09-22,Ghost in the Shell 30th Anniversary,AMC Southcenter 16,rerelease,0,0,11.0,2.0,5.0,7,117,0.75,1.0,0.5,0.3333333333333333,top,0.6,0.15000000000000002,0.1166666666666667,0.0,1.0,1.0,0.0,0.0,0.0,0.0,15.74,1.0,1.0,1.1364620938628158
2026-09-22,Primetime,AMC Southcenter 16,ordinary,,1,3.0,3.0,1.0,13,123,0.5333333333333333,0.5333333333333333,0.0,0.0,upper-middle,,,,0.0,1.0,1.0,,,,,15.74,1.0,1.0,1.0
2026-09-22,Forgotten Island - Friendship Opening Night Event,AMC Southcenter 16,special_event,0,0,1.0,1.0,1.0,9,119,0.3333333333333333,0.3333333333333333,0.0,0.0,lower-middle,,,,0.0,1.0,1.0,,,,,22.04,1.400254129606099,1.0246397024639702,1.400254129606099
2026-09-22,Sunny Dancer,AMC Southcenter 16,ordinary,0,0,7.0,7.0,3.0,13,123,0.4777777777777778,0.5333333333333333,0.0,0.0,lower-middle,0.4777777777777778,0.0,,0.0,1.0,1.0,,,,,14.69,0.9332909783989835,0.9332909783989835,0.9332909783989835
2026-09-22,Dora and the Lost City of Gold,AMC Southcenter 16,ordinary,0,0,7.0,7.0,5.0,8,118,0.6380952380952382,1.0,0.5714285714285714,,upper-middle,0.6380952380952382,0.0,,0.0,1.0,1.0,,,,,7.88,0.5006353240152478,0.5006353240152478,0.5689530685920577
2026-09-22,2026 Rocket League World Championship,AMC Southcenter 16,special_event,0,0,1.0,1.0,,,,,,,,unknown,,,,,,,,,,,,,,
2026-09-22,AMC Screen Unseen: September 21,AMC Southcenter 16,special_event,0,0,1.0,1.0,1.0,11,121,0.2,0.2,0.0,0.0,low,0.2,0.0,,0.0,1.0,1.0,,,,,7.88,0.5006353240152478,0.5006353240152478,0.5006353240152478
2026-09-22,Charlie Harper,AMC Southcenter 16,ordinary,,1,2.0,2.0,1.0,7,117,0.7333333333333333,0.7333333333333333,0.0,0.0,upper-middle,,,,0.0,1.0,1.0,,,,,15.74,1.0,1.0,1.1364620938628158
2026-09-22,If I Go Will They Miss Me,AMC Southcenter 16,ordinary,,1,11.0,2.0,4.0,12,122,0.6000000000000001,0.8,0.45454545454545453,0.5,upper-middle,0.8666666666666667,-0.2666666666666666,-0.2666666666666666,-0.2666666666666666,0.6923076923076924,1.0,1.0,0.0,0.0,0.0,15.740000000000002,1.0000000000000002,1.0000000000000002,1.0000000000000002
2026-09-22,Forgotten Island - Early Access Screening with Cast Member Q&A,AMC Southcenter 16,special_event,0,0,1.0,1.0,1.0,2,127,0.06666666666666667,0.06666666666666667,0.0,,low,0.06666666666666667,0.0,,0.0,1.0,1.0,,,,,14.69,0.9332909783989835,0.9332909783989835,1.0606498194945848
2026-09-22,Without Blood,AMC Southcenter 16,ordinary,0,0,11.0,1.0,3.0,12,122,0.7999999999999999,0.8666666666666667,0.8333333333333334,,top,0.8,-1.1102230246251565e-16,-1.1102230246251565e-16,-1.1102230246251565e-16,0.9999999999999999,2.0,0.0,0.0,0.0,0.0,12.589999999999998,0.7998729351969504,0.7998729351969504,0.9090252707581227
2026-09-22,Tiny Fugitives,AMC Southcenter 16,ordinary,0,0,11.0,1.0,6.0,4,114,0.6484848484848486,1.0,0.36363636363636365,0.375,upper-middle,0.26666666666666666,0.3818181818181819,0.3818181818181819,0.0,1.0,1.0,0.0,1.0,0.0,0.0,15.740000000000002,1.0000000000000002,1.0000000000000002,1.0000000000000002
2026-09-22,The Paradise (Telugu),AMC Southcenter 16,ambiguous_limited,0,0,2.0,2.0,2.0,15,125,0.5666666666666667,0.6666666666666666,0.0,0.0,upper-middle,,,,0.0,1.0,1.0,,,,,19.425,1.2341168996188057,1.2341168996188057,1.2341168996188057
2026-06-29,David,AMC Woodinville 12,ordinary_title_only,0,0,2.0,,,,,,,,,unknown,,,,,,,,,,,,,,
2026-06-29,David,AMC Woodinville 12,ordinary_title_only,0,0,2.0,,,,,,,,,unknown,,,,,,,,,,,,,,
2026-06-29,Toy Story 5,AMC Woodinville 12,ordinary,3,0,20.0,,,,,,,,,unknown,,,,,,,,,,,,,,
2026-06-29,Toy Story 5,AMC Woodinville 12,ordinary_title_only,1,0,28.0,,,,,,,,,unknown,,,,,,,,,,,,,,
2026-06-29,Young Washington,AMC Woodinville 12,ordinary,3,0,4.0,,,,,,,,,unknown,,,,,,,,,,,,,,
2026-06-29,Supergirl,AMC Woodinville 12,ordinary,2,0,14.0,,,,,,,,,unknown,,,,,,,,,,,,,,
2026-06-29,Supergirl,AMC Woodinville 12,ordinary_title_only,0,0,22.0,,,,,,,,,unknown,,,,,,,,,,,,,,
2026-06-29,Minions & Monsters,AMC Woodinville 12,ordinary,3,0,27.0,,,,,,,,,unknown,,,,,,,,,,,,,,
2026-06-29,Jackass: Best and Last,AMC Woodinville 12,ordinary_title_only,0,0,10.0,,,,,,,,,unknown,,,,,,,,,,,,,,
2026-06-29,Jackass: Best and Last,AMC Woodinville 12,ordinary,1,0,5.0,,,,,,,,,unknown,,,,,,,,,,,,,,
2026-06-29,AMC,AMC Woodinville 12,special_event_title_only,0,0,1.0,,,,,,,,,unknown,,,,,,,,,,,,,,
2026-06-29,Obsession,AMC Woodinville 12,ordinary_title_only,0,0,13.0,,,,,,,,,unknown,,,,,,,,,,,,,,
2026-06-29,Disclosure Day,AMC Woodinville 12,ordinary_title_only,0,0,10.0,,,,,,,,,unknown,,,,,,,,,,,,,,
2026-06-29,The Death of Robin Hood,AMC Woodinville 12,ordinary_title_only,0,0,2.0,,,,,,,,,unknown,,,,,,,,,,,,,,
2026-06-29,Masters of the Universe,AMC Woodinville 12,ordinary_title_only,0,0,9.0,,,,,,,,,unknown,,,,,,,,,,,,,,
2026-06-29,Backrooms,AMC Woodinville 12,ordinary_title_only,0,0,10.0,,,,,,,,,unknown,,,,,,,,,,,,,,
2026-06-29,Girls Like Girls,AMC Woodinville 12,ordinary_title_only,0,0,5.0,,,,,,,,,unknown,,,,,,,,,,,,,,
2026-06-29,Leviticus,AMC Woodinville 12,ordinary_title_only,0,0,4.0,,,,,,,,,unknown,,,,,,,,,,,,,,
2026-06-29,Obsession,AMC Woodinville 12,ordinary,3,0,5.0,,,,,,,,,unknown,,,,,,,,,,,,,,
2026-06-29,Disclosure Day,AMC Woodinville 12,ordinary,3,0,5.0,,,,,,,,,unknown,,,,,,,,,,,,,,
2026-06-29,Backrooms,AMC Woodinville 12,ordinary_title_only,0,0,4.0,,,,,,,,,unknown,,,,,,,,,,,,,,
2026-07-06,How to Train Your Dragon,AMC Woodinville 12,ordinary_title_only,0,0,4.0,,,,,,,,,unknown,,,,,,,,,,,,,,
2026-07-06,Toy Story 5,AMC Woodinville 12,ordinary,3,0,71.0,,,,,,,,,unknown,,,,,,,,,,,,,,
2026-07-06,Toy Story 5,AMC Woodinville 12,ordinary_title_only,0,0,6.0,,,,,,,,,unknown,,,,,,,,,,,,,,
2026-07-06,Young Washington,AMC Woodinville 12,ordinary,3,0,48.0,,,,,,,,,unknown,,,,,,,,,,,,,,
2026-07-06,Supergirl,AMC Woodinville 12,ordinary,1,0,39.0,,,,,,,,,unknown,,,,,,,,,,,,,,
2026-07-06,Minions & Monsters,AMC Woodinville 12,ordinary,3,0,99.0,,,,,,,,,unknown,,,,,,,,,,,,,,
2026-07-06,Minions & Monsters,AMC Woodinville 12,ordinary_title_only,0,0,2.0,,,,,,,,,unknown,,,,,,,,,,,,,,
2026-07-06,Jackass: Best and Last,AMC Woodinville 12,ordinary,0,0,26.0,,,,,,,,,unknown,,,,,,,,,,,,,,
2026-07-06,Moana,AMC Woodinville 12,ordinary,3,0,10.0,,,,,,,,,unknown,,,,,,,,,,,,,,
2026-07-06,Gail Daughtry and the Celebrity Sex Pass,AMC Woodinville 12,ordinary,1,0,2.0,,,,,,,,,unknown,,,,,,,,,,,,,,
2026-07-06,Evil Dead Burn,AMC Woodinville 12,ordinary,2,0,4.0,,,,,,,,,unknown,,,,,,,,,,,,,,
2026-07-06,Obsession,AMC Woodinville 12,ordinary,2,0,30.0,,,,,,,,,unknown,,,,,,,,,,,,,,
2026-07-06,Disclosure Day,AMC Woodinville 12,ordinary,3,0,27.0,,,,,,,,,unknown,,,,,,,,,,,,,,
2026-07-06,The Invite,AMC Woodinville 12,ordinary,3,0,3.0,,,,,,,,,unknown,,,,,,,,,,,,,,
2026-07-06,Backrooms: Everything Must Go Edition w/ Bonus Footage,AMC Woodinville 12,ordinary,2,0,33.0,33.0,,,,,,,,unknown,,,,,,,,,,,,,,
2026-07-06,Masters of the Universe,AMC Woodinville 12,ordinary_title_only,0,0,8.0,1.0,,,,,,,,unknown,,,,,,,,,,,,,,
2026-07-14,The Lego Movie,AMC Woodinville 12,ordinary,0,0,4.0,,,,,,,,,unknown,,,,,,,,,,,,,,
2026-07-14,My Neighbor Totoro - Studio Ghibli Fest 2026,AMC Woodinville 12,special_event,0,0,6.0,,,,,,,,,unknown,,,,,,,,,,,,,,
2026-07-14,Toy Story 5,AMC Woodinville 12,ordinary,3,0,59.0,,,,,,,,,unknown,,,,,,,,,,,,,,
2026-07-14,Young Washington,AMC Woodinville 12,ordinary,2,0,27.0,,,,,,,,,unknown,,,,,,,,,,,,,,
2026-07-14,Supergirl,AMC Woodinville 12,ordinary,0,0,26.0,,,,,,,,,unknown,,,,,,,,,,,,,,
2026-07-14,Minions & Monsters,AMC Woodinville 12,ordinary,3,0,57.0,,,,,,,,,unknown,,,,,,,,,,,,,,
2026-07-14,The Odyssey,AMC Woodinville 12,ordinary,3,0,11.0,11.0,,,,,,,,unknown,,,,,,,,,,,,,,
2026-07-14,Moana,AMC Woodinville 12,ordinary,3,0,67.0,,,,,,,,,unknown,,,,,,,,,,,,,,
2026-07-14,Gail Daughtry and the Celebrity Sex Pass,AMC Woodinville 12,ordinary,0,0,30.0,,,,,,,,,unknown,,,,,,,,,,,,,,
2026-07-14,Minions & Monsters,AMC Woodinville 12,other,0,0,1.0,,,,,,,,,unknown,,,,,,,,,,,,,,
2026-07-14,Evil Dead Burn,AMC Woodinville 12,ordinary,1,0,41.0,,,,,,,,,unknown,,,,,,,,,,,,,,
2026-07-14,Obsession,AMC Woodinville 12,ordinary,1,0,15.0,,,,,,,,,unknown,,,,,,,,,,,,,,
2026-07-14,Disclosure Day,AMC Woodinville 12,ordinary,2,0,12.0,,,,,,,,,unknown,,,,,,,,,,,,,,
2026-07-14,The Invite,AMC Woodinville 12,ordinary,2,0,35.0,,,,,,,,,unknown,,,,,,,,,,,,,,
2026-07-14,The Invite,AMC Woodinville 12,ordinary_title_only,0,0,1.0,,,,,,,,,unknown,,,,,,,,,,,,,,
2026-07-14,Backrooms: Everything Must Go Edition w/ Bonus Footage,AMC Woodinville 12,ordinary,1,0,11.0,35.0,,,,,,,,unknown,,,,,,,,,,,,,,
2026-07-20,Sonic The Hedgehog 3,AMC Woodinville 12,accessibility_presentation,0,0,4.0,4.0,1.0,9,99,,,0.0,,unknown,,,,,,,,,,,3.15,0.20012706480304954,0.20012706480304954,0.22743682310469315
2026-07-20,Bad Counselors,AMC Woodinville 12,special_event,1,0,1.0,1.0,1.0,11,101,,,0.0,0.0,unknown,,,,,,,,,,,18.9,1.2007623888182972,1.2007623888182972,1.0918544194107451
2026-07-20,Toy Story 5,AMC Woodinville 12,ordinary,3,0,45.0,,6.0,8,98,,,0.0,0.0,unknown,,,,,,,,,,,16.502666666666666,1.0484540448962303,1.0484540448962303,0.9533602927017139
2026-07-20,Young Washington,AMC Woodinville 12,ordinary,1,0,18.0,,3.0,10,100,,,0.0,0.0,unknown,,,,,,,,,,,13.902500000000002,0.8832592121982212,0.8832592121982212,1.0037906137184116
2026-07-20,Minions & Monsters,AMC Woodinville 12,ordinary,2,0,39.0,,3.0,1,91,,,0.0,0.0,unknown,,,,,,,,,,,15.99758620689655,1.016365070323796,1.016365070323796,1.1550603759492093
2026-07-20,The Odyssey,AMC Woodinville 12,ordinary,3,0,123.0,12.0,11.0,6,96,,,0.0,0.0,unknown,,,,,,,,,,,17.976629213483143,1.1420984252530586,0.8921404076170295,1.0385112197275068
2026-07-20,Moana,AMC Woodinville 12,ordinary,2,0,45.0,,3.0,2,92,,,0.0,0.0,unknown,,,,,,,,,,,17.73378378378378,1.1266698719049417,0.8800885252498155,1.2804176017172406
2026-07-20,Hadestown: The Musical,AMC Woodinville 12,ordinary,3,0,6.0,6.0,4.0,5,95,,,0.0,0.0,unknown,,,,,,,,,,,15.74,1.0,1.0,0.9093009820912767
2026-07-20,Evil Dead Burn,AMC Woodinville 12,ordinary,0,0,33.0,,2.0,9,99,,,0.0,0.0,unknown,,,,,,,,,,,15.74,1.0,1.0,0.9093009820912767
2026-07-20,Obsession,AMC Woodinville 12,ordinary,0,0,18.0,,3.0,12,102,,,0.0,0.0,unknown,,,,,,,,,,,14.690000000000001,0.9332909783989836,0.9332909783989836,0.8486424032351243
2026-07-20,Disclosure Day,AMC Woodinville 12,ordinary,1,0,12.0,,1.0,4,94,,,0.0,,unknown,,,,,,,,,,,17.31,1.0997458703939007,1.0997458703939007,1.2498194945848375
2026-07-20,The Invite,AMC Woodinville 12,ordinary,1,0,30.0,,5.0,4,94,,,0.0,0.0,unknown,,,,,,,,,,,14.370434782608696,0.9129882326943263,0.9129882326943263,1.0375765185999057
2026-07-20,Backrooms: Everything Must Go Edition w/ Bonus Footage,AMC Woodinville 12,ordinary,0,0,6.0,35.0,2.0,3,93,,,0.0,0.0,unknown,,,,,,,,,,,15.74,1.0,1.0,0.9093009820912767
2026-07-20,AMC Screen Unseen: July 20,AMC Woodinville 12,special_event,0,0,2.0,2.0,1.0,7,97,,,0.0,0.0,unknown,,,,,,,,,,,7.88,0.5006353240152478,0.5006353240152478,0.45522819179664936
2026-07-27,The Fifth Element (2026 Event),AMC Woodinville 12,special_event,0,0,2.0,2.0,1.0,10,100,0.7272727272727273,0.7272727272727273,0.0,0.0,upper-middle,0.7272727272727273,0.0,,0.0,1.0,1.0,,,,,18.9,1.2007623888182972,1.2007623888182972,1.3646209386281587
2026-07-27,The Bad Guys 2,AMC Woodinville 12,ordinary,0,0,4.0,4.0,1.0,9,99,0.36363636363636365,0.36363636363636365,0.0,,lower-middle,,,,0.0,1.0,1.0,,,,,3.15,0.20012706480304954,0.20012706480304954,0.22743682310469315
2026-07-27,Bad Counselors,AMC Woodinville 12,special_event,0,0,4.0,1.0,2.0,11,101,0.75,0.8181818181818182,0.75,0.75,top,,,-0.06818181818181823,0.0,1.0,1.0,0.0,0.0,0.0,0.0,18.9,1.2007623888182972,1.2007623888182972,1.0918544194107451
2026-07-27,Toy Story 5,AMC Woodinville 12,ordinary,3,0,38.0,,6.0,1,91,0.44781144781144777,0.8181818181818182,0.07407407407407407,0.09090909090909091,lower-middle,,,-0.06734006734006737,0.0,1.0,1.0,0.0,0.0,0.0,0.0,16.41296296296296,1.0427549531742668,1.0427549531742668,1.1850514774702499
2026-07-27,Young Washington,AMC Woodinville 12,ordinary,0,0,6.0,,2.0,10,100,0.787878787878788,0.9090909090909091,0.3333333333333333,,top,,,-0.00932400932400923,0.0,1.0,1.0,0.0,0.0,0.0,0.0,12.589999999999998,0.7998729351969504,0.7998729351969504,0.9090252707581227
2026-07-27,Minions & Monsters,AMC Woodinville 12,ordinary,1,0,32.0,,6.0,4,94,0.5757575757575758,0.9090909090909091,0.4166666666666667,0.7272727272727273,upper-middle,,,-0.09917355371900827,0.0,1.0,1.0,0.0,0.0,0.0,0.0,16.444999999999997,1.044790343074968,1.044790343074968,0.9500288850375505
2026-07-27,The Odyssey,AMC Woodinville 12,ordinary,3,0,108.0,12.0,11.0,6,96,0.37440191387559807,0.9090909090909091,0.14473684210526316,0.08571428571428572,lower-middle,,,-0.13121606365249183,0.0,1.0,1.0,0.0,0.0,1.0,0.0,17.81592105263158,1.1318882498495286,0.8282622525630674,1.029227097205753
2026-07-27,Moana,AMC Woodinville 12,ordinary,1,0,35.0,,6.0,9,99,0.4444444444444444,0.9090909090909091,0.1111111111111111,0.125,lower-middle,,,0.3019383019383019,0.0,1.0,1.0,0.0,1.0,0.0,1.0,16.41296296296296,1.0427549531742668,1.0427549531742668,1.1850514774702499
2026-07-27,Hadestown: The Musical,AMC Woodinville 12,ordinary,2,0,49.0,9.0,5.0,7,97,0.7670454545454546,1.0,0.59375,0.631578947368421,top,,,0.14366883116883122,0.0,1.0,1.0,0.0,0.0,0.0,0.0,15.149375000000001,0.9624761753494283,0.9624761753494283,0.875180531484691
2026-07-27,Spider-Man: Brand New Day Dolby Opening Night Fan Event,AMC Woodinville 12,special_event,0,0,1.0,1.0,1.0,6,96,0.18181818181818182,0.18181818181818182,0.0,0.0,low,,,,0.0,1.0,1.0,,,,,24.66,1.5667090216010164,1.1464435146443515,1.4246100519930678
2026-07-27,Spider-Man: Brand New Day,AMC Woodinville 12,ordinary,3,0,27.0,27.0,9.0,8,98,0.391304347826087,1.0,0.17391304347826086,0.18181818181818182,lower-middle,,,,0.0,1.0,1.0,,,,,17.959565217391305,1.1410143086017348,0.8349402704505487,1.0375254313917566
2026-07-27,Moana: Sensory Friendly Screening,AMC Woodinville 12,accessibility_presentation,0,0,1.0,1.0,,,,,,,,unknown,,,,,,,,,,,,,,
2026-07-27,Disclosure Day,AMC Woodinville 12,ordinary,0,0,7.0,,3.0,11,101,0.7636363636363637,0.9090909090909091,0.6,,top,,,0.5688311688311689,0.0,1.0,1.0,0.0,1.0,0.0,0.0,14.541999999999998,0.9238881829733162,0.9238881829733162,1.0499638989169673
2026-07-27,The Invite,AMC Woodinville 12,ordinary,0,0,19.0,,6.0,12,102,0.5227272727272727,0.8181818181818182,0.0625,0.125,upper-middle,,,0.050699300699300676,0.0,1.0,1.0,0.0,0.0,0.0,0.0,14.755625,0.937460292249047,0.937460292249047,0.8524335644136338
2026-07-27,AMC Screen Unseen: July 27,AMC Woodinville 12,special_event,0,0,2.0,2.0,2.0,1,91,0.36363636363636365,0.6363636363636364,0.0,0.0,lower-middle,,,,0.0,1.0,1.0,,,,,7.88,0.5006353240152478,0.5006353240152478,0.45522819179664936
2026-07-27,Her Private Hell,AMC Woodinville 12,ordinary,0,0,16.0,1.0,6.0,11,101,0.6079545454545454,0.9090909090909091,0.4375,0.8571428571428571,upper-middle,,,-0.30113636363636365,0.0,1.0,1.0,1.0,0.0,0.0,0.0,15.74,1.0,1.0,0.9093009820912767
2026-07-27,Motor City,AMC Woodinville 12,ordinary,0,0,8.0,1.0,5.0,11,101,0.5151515151515151,0.8181818181818182,0.3333333333333333,0.6666666666666666,upper-middle,,,-0.3030303030303031,0.0,1.0,1.0,1.0,0.0,0.0,0.0,15.74,1.0,1.0,0.9093009820912767
2026-08-03,Willy Wonka & the Chocolate Factory 55th Anniversary,AMC Woodinville 12,special_event,0,0,2.0,2.0,1.0,10,100,0.5454545454545454,0.5454545454545454,0.0,0.0,upper-middle,0.5454545454545454,0.0,,0.0,1.0,1.0,,,,,18.9,1.2007623888182972,1.2007623888182972,1.3646209386281587
2026-08-03,The Spongebob Movie: Search for Squarepants,AMC Woodinville 12,ordinary,0,0,4.0,4.0,1.0,9,99,0.6363636363636364,0.6363636363636364,0.0,,upper-middle,,,,0.0,1.0,1.0,,,,,3.15,0.20012706480304954,0.20012706480304954,0.22743682310469315
2026-08-03,Toy Story 5,AMC Woodinville 12,ordinary,3,0,28.0,,4.0,11,101,0.5454545454545454,0.7272727272727273,0.0,0.0,upper-middle,,,-0.006734006734006703,0.0,1.0,1.0,0.0,0.0,0.0,0.0,16.66125,1.0585292249047014,1.0585292249047014,0.962521663778163
2026-08-03,Minions & Monsters,AMC Woodinville 12,ordinary,0,0,24.0,,3.0,3,93,0.5606060606060607,0.7272727272727273,0.0,0.0,upper-middle,,,0.08787878787878795,0.0,1.0,2.0,0.0,0.0,0.0,0.0,15.291666666666666,0.9715163066497247,0.9715163066497247,1.1040914560770156
2026-08-03,The Odyssey,AMC Woodinville 12,ordinary,3,0,73.0,12.0,7.0,1,91,0.5589225589225589,0.9090909090909091,0.3148148148148148,0.2962962962962963,upper-middle,,,0.2554987100441646,0.0,1.0,1.0,0.0,1.0,0.0,1.0,16.41296296296296,1.0427549531742668,1.0427549531742668,0.9481781030019042
2026-08-03,Moana,AMC Woodinville 12,ordinary,0,0,24.0,,2.0,12,102,0.4025974025974026,0.45454545454545453,0.0,0.0,lower-middle,,,-0.15969215969215966,-0.1495911495911496,0.7290940766550522,1.0,1.0,0.0,0.0,0.0,15.827142857142857,1.0055363949900162,1.0055363949900162,1.1427539969056215
2026-08-03,Hadestown: The Musical,AMC Woodinville 12,ordinary,1,0,21.0,9.0,4.0,9,99,0.6293706293706294,0.7272727272727273,0.0,0.0,upper-middle,,,-0.24115278660733208,-0.15575333757151943,0.8016194331983805,1.0,1.0,0.0,0.0,0.0,15.013076923076925,0.9538168311992964,0.9538168311992964,0.8673065813447097
2026-08-03,Spider-Man: Brand New Day,AMC Woodinville 12,ordinary,3,0,197.0,30.0,12.0,5,95,0.46623376623376617,1.0,0.34285714285714286,0.5636363636363636,lower-middle,0.46853146853146854,-0.0022977022977023753,-0.04075924075924081,-0.0022977022977023753,0.9950959488272919,2.0,0.0,0.0,1.0,0.0,18.858285714285714,1.198112180068978,0.8359169199594731,1.0894445819922423
2026-08-03,"DCI 2026: Big, Loud and Live",AMC Woodinville 12,special_event,0,0,1.0,1.0,1.0,4,94,0.18181818181818182,0.18181818181818182,0.0,,low,,,,0.0,1.0,1.0,,,,,21.0,1.3341804320203303,1.3341804320203303,1.516245487364621
2026-08-03,Super Troopers 3,AMC Woodinville 12,ordinary,2,0,4.0,4.0,1.0,11,101,0.7272727272727273,0.7272727272727273,0.0,0.0,upper-middle,,,,0.0,1.0,1.0,,,,,14.9525,0.9499682337992377,0.9499682337992377,1.0796028880866426
2026-08-03,Super Troopers 3: Special Broken Lizard Fan Event,AMC Woodinville 12,special_event,0,0,1.0,1.0,1.0,2,92,0.09090909090909091,0.09090909090909091,0.0,0.0,low,,,,0.0,1.0,1.0,,,,,15.74,1.0,1.0,0.9093009820912767
2026-08-03,AMC Scream Unseen: August 3,AMC Woodinville 12,special_event,0,0,1.0,1.0,1.0,2,92,0.09090909090909091,0.09090909090909091,0.0,0.0,low,,,,0.0,1.0,1.0,,,,,7.88,0.5006353240152478,0.5006353240152478,0.45522819179664936
2026-08-03,One Night Only,AMC Woodinville 12,ambiguous_special,3,0,4.0,4.0,1.0,3,93,0.45454545454545453,0.45454545454545453,0.0,0.0,lower-middle,,,,0.0,1.0,1.0,,,,,14.9525,0.9499682337992377,0.9499682337992377,0.8638070479491624
2026-08-10,Muppet Treasure Island,AMC Woodinville 12,ordinary,0,0,4.0,4.0,1.0,9,99,0.6363636363636364,0.6363636363636364,0.0,,upper-middle,,,,0.0,1.0,1.0,,,,,3.15,0.20012706480304954,0.20012706480304954,0.22743682310469315
2026-08-10,Only Yesterday 35th Anniversary - Studio Ghibli Fest 2026,AMC Woodinville 12,rerelease,0,0,3.0,3.0,2.0,12,102,0.5757575757575758,0.8181818181818182,0.3333333333333333,0.5,upper-middle,0.5757575757575758,0.0,,0.0,1.0,1.0,,,,,18.9,1.2007623888182972,1.2007623888182972,1.0918544194107451
2026-08-10,Tales from Earthsea 20th Anniversary - Studio Ghibli Fest 2026,AMC Woodinville 12,rerelease,0,0,2.0,2.0,1.0,12,102,0.45454545454545453,0.45454545454545453,0.0,0.0,lower-middle,0.45454545454545453,0.0,,0.0,1.0,1.0,,,,,18.9,1.2007623888182972,1.2007623888182972,1.3646209386281587
2026-08-10,Toy Story 5,AMC Woodinville 12,ordinary,2,0,27.0,,3.0,12,102,0.5734265734265734,0.8181818181818182,0.3076923076923077,0.25,upper-middle,,,-0.03263403263403264,-0.08313908313908314,0.8733727810650888,2.0,0.0,0.0,0.0,0.0,15.713076923076922,0.9982895122666405,0.9982895122666405,1.1345181893918357
2026-08-10,The Odyssey,AMC Woodinville 12,ordinary,3,0,48.0,12.0,8.0,10,100,0.4659090909090909,1.0,0.21875,0.2777777777777778,lower-middle,,,0.038961038961038974,-0.02759740259740262,0.944078947368421,3.0,0.0,0.0,0.0,0.0,16.66125,1.0585292249047014,1.0585292249047014,0.962521663778163
2026-08-10,Hadestown: The Musical,AMC Woodinville 12,ordinary,0,0,12.0,9.0,4.0,1,91,0.6753246753246753,1.0,0.42857142857142855,0.0,upper-middle,,,0.038961038961038974,-0.10979929161747348,0.8601503759398496,1.0,0.0,0.0,0.0,0.0,13.49,0.8570520965692503,0.8570520965692503,0.9740072202166066
2026-08-10,Spider-Man: Brand New Day,AMC Woodinville 12,ordinary,3,0,165.0,30.0,11.0,6,96,0.42604006163328195,1.0,0.2796610169491525,0.3333333333333333,lower-middle,0.46853146853146854,-0.04249140689818659,-0.05393450925037985,-0.04249140689818659,0.9093093852770048,3.0,0.0,0.0,1.0,0.0,18.702033898305086,1.188185126957121,0.828990864286573,1.0804179028483585
2026-08-10,Spider-Man: Brand New Day: Sensory Friendly Screening,AMC Woodinville 12,accessibility_presentation,0,0,1.0,1.0,,,,,,,,unknown,,,,,,,,,,,,,,
2026-08-10,Super Troopers 3,AMC Woodinville 12,ordinary,1,0,39.0,4.0,2.0,11,101,0.6623376623376623,0.7272727272727273,0.0,0.0,upper-middle,0.9090909090909091,-0.24675324675324672,-0.06493506493506496,-0.24675324675324672,0.7285714285714286,1.0,0.0,0.0,0.0,0.0,14.9525,0.9499682337992377,0.9499682337992377,0.8638070479491624
2026-08-10,Nimrods Early Access – Green Day Intro + Bonus Performance,AMC Woodinville 12,special_event,0,0,1.0,1.0,1.0,3,93,0.8181818181818182,0.8181818181818182,1.0,1.0,top,,,,0.0,1.0,1.0,,,,,15.74,1.0,1.0,0.9093009820912767
2026-08-10,PAW Patrol: The Dino Movie - Early Access,AMC Woodinville 12,special_event,0,0,1.0,1.0,1.0,1,91,0.5454545454545454,0.5454545454545454,0.0,,upper-middle,0.5454545454545454,0.0,,0.0,1.0,1.0,,,,,12.59,0.7998729351969505,0.7998729351969505,0.9090252707581228
2026-08-10,PAW Patrol: The Dino Movie,AMC Woodinville 12,ordinary,3,0,3.0,3.0,1.0,2,92,0.1818181818181818,0.18181818181818182,0.0,0.0,low,,,,0.0,1.0,1.0,,,,,14.69,0.9332909783989835,0.9332909783989835,1.0606498194945848
2026-08-10,The End of Oak Street,AMC Woodinville 12,ordinary,3,0,4.0,4.0,2.0,8,98,0.11363636363636365,0.18181818181818182,0.0,0.0,low,,,,0.0,1.0,1.0,,,,,14.9525,0.9499682337992377,0.9499682337992377,0.8638070479491624
2026-08-10,AMC Screen Unseen: August 10,AMC Woodinville 12,special_event,0,0,1.0,1.0,1.0,8,98,0.09090909090909091,0.09090909090909091,0.0,0.0,low,,,,0.0,1.0,1.0,,,,,7.88,0.5006353240152478,0.5006353240152478,0.45522819179664936
2026-08-10,One Night Only,AMC Woodinville 12,ambiguous_special,2,0,38.0,4.0,2.0,9,99,0.6969696969696969,0.8181818181818182,0.3333333333333333,0.3333333333333333,upper-middle,0.5454545454545454,0.1515151515151515,-0.12121212121212133,0.0,1.0,2.0,0.0,0.0,0.0,0.0,14.9525,0.9499682337992377,0.9499682337992377,0.8638070479491624
2026-08-10,Ice Cream Man,AMC Woodinville 12,ordinary,0,0,14.0,2.0,3.0,12,102,0.5050505050505051,0.8181818181818182,0.2222222222222222,0.16666666666666666,upper-middle,0.45454545454545453,0.05050505050505055,0.05050505050505055,0.0,1.0,1.0,0.0,0.0,0.0,0.0,15.74,1.0,1.0,0.9093009820912767
2026-08-17,Six: The Musical Live!,AMC Woodinville 12,special_event,1,0,15.0,3.0,6.0,2,92,0.5545454545454545,0.9090909090909091,0.3,0.4,upper-middle,0.2727272727272727,0.28181818181818175,0.28181818181818175,0.0,1.0,1.0,0.0,1.0,0.0,0.0,15.11,0.9599745870393901,0.9599745870393901,1.0909747292418772
2026-08-17,Toy Story 5,AMC Woodinville 12,ordinary,1,0,17.0,,4.0,11,101,0.6565656565656566,0.8181818181818182,0.1111111111111111,0.0,upper-middle,,,-0.022222222222222254,-0.028282828282828243,0.9587020648967552,3.0,0.0,0.0,0.0,0.0,15.003333333333334,0.9531977975434138,0.9531977975434138,1.0832731648616125
2026-08-17,The Odyssey,AMC Woodinville 12,ordinary,3,0,45.0,12.0,8.0,1,91,0.6151515151515151,1.0,0.4666666666666667,0.4117647058823529,upper-middle,,,0.10409500409500405,0.0,1.0,2.0,0.0,0.0,0.0,0.0,16.618,1.0557814485387547,1.0557814485387547,0.9600231080300404
2026-08-17,Spider-Man: Brand New Day,AMC Woodinville 12,ordinary,3,0,103.0,30.0,9.0,5,95,0.47871116225546606,1.0,0.24050632911392406,0.23684210526315788,lower-middle,0.46853146853146854,0.010179693723997518,0.10305376180467718,0.0,1.0,4.0,0.0,0.0,1.0,0.0,18.615316455696203,1.1826757595740915,0.8251470060149027,1.0754082296762684
2026-08-17,Super Troopers 3,AMC Woodinville 12,ordinary,0,0,32.0,4.0,6.0,9,99,0.770909090909091,0.9090909090909091,0.68,0.6,top,0.9090909090909091,-0.13818181818181807,0.114017595307918,-0.13818181818181807,0.8480000000000001,1.0,0.0,0.0,0.0,0.0,15.11,0.9599745870393901,0.9599745870393901,0.8729058347775852
2026-08-17,Texas Chainsaw Day (2026),AMC Woodinville 12,special_event,0,0,1.0,1.0,1.0,4,94,0.18181818181818182,0.18181818181818182,0.0,0.0,low,,,,0.0,1.0,1.0,,,,,18.9,1.2007623888182972,1.2007623888182972,1.0918544194107451
2026-08-17,La La Land 10th Anniversary,AMC Woodinville 12,rerelease,1,0,7.0,7.0,1.0,6,96,0.0,0.0,0.0,0.0,low,0.0,0.0,,0.0,,1.0,,,,,22.19,1.409783989834816,0.983599290780142,1.6021660649819496
2026-08-17,PAW Patrol: The Dino Movie,AMC Woodinville 12,ordinary,3,0,32.0,4.0,5.0,10,100,0.4624505928853755,1.0,0.13043478260869565,0.2,lower-middle,0.5,-0.03754940711462451,-0.08300395256916993,-0.03754940711462451,0.924901185770751,1.0,0.0,0.0,0.0,0.0,14.918260869565218,0.9477929396165958,0.9477929396165958,1.0771307487050699
2026-08-17,The End of Oak Street,AMC Woodinville 12,ordinary,3,0,39.0,5.0,5.0,8,98,0.18808777429467086,0.8181818181818182,0.034482758620689655,0.0,low,0.14545454545454545,0.04263322884012541,0.02445141065830722,0.0,1.0,2.0,0.0,0.0,0.0,0.0,15.088275862068965,0.9585944003855759,0.9585944003855759,0.8716508296978028
2026-08-17,One Night Only,AMC Woodinville 12,ambiguous_special,1,0,19.0,4.0,3.0,3,93,0.7132867132867133,0.8181818181818182,0.5384615384615384,0.5,upper-middle,0.5454545454545454,0.16783216783216792,-0.14193214193214188,-0.10826210826210825,0.8682219419924339,1.0,0.0,0.0,0.0,0.0,15.013076923076925,0.9538168311992964,0.9538168311992964,0.8673065813447097
2026-08-17,Insidious: Out of the Further,AMC Woodinville 12,ordinary,3,0,4.0,4.0,2.0,5,95,0.40909090909090906,0.5454545454545454,0.0,0.0,lower-middle,,,,0.0,1.0,1.0,,,,,16.79,1.0667090216010164,0.7442375886524822,1.2122743682310468
2026-08-17,Mutiny,AMC Woodinville 12,ordinary,2,0,3.0,3.0,1.0,9,99,0.9090909090909091,0.9090909090909091,1.0,1.0,top,,,,0.0,1.0,1.0,,,,,15.74,1.0,1.0,0.9093009820912767
2026-08-17,Hot Spot,AMC Woodinville 12,ordinary,1,0,4.0,4.0,1.0,11,101,0.7272727272727273,0.7272727272727273,0.0,0.0,upper-middle,,,,0.0,1.0,1.0,,,,,14.9525,0.9499682337992377,0.9499682337992377,1.0796028880866426
2026-08-17,Tony,AMC Woodinville 12,ordinary,3,0,3.0,3.0,1.0,12,102,0.6363636363636364,0.6363636363636364,0.0,0.0,upper-middle,,,,0.0,1.0,1.0,,,,,15.74,1.0,1.0,0.9093009820912767
2026-08-17,The Rivals of Amziah King,AMC Woodinville 12,ordinary,0,0,21.0,3.0,4.0,11,101,0.7662337662337662,0.9090909090909091,0.42857142857142855,0.2857142857142857,top,0.9090909090909091,-0.1428571428571429,-0.051948051948052076,-0.1428571428571429,0.8428571428571427,2.0,0.0,0.0,0.0,0.0,14.615,0.9285260482846251,0.9285260482846251,0.844309647602542
2026-08-17,Nimrods,AMC Woodinville 12,ordinary,0,0,11.0,2.0,4.0,12,102,0.6,0.9090909090909091,0.1,0.0,upper-middle,0.6363636363636364,-0.036363636363636376,-0.036363636363636376,-0.036363636363636376,0.9428571428571428,2.0,0.0,0.0,0.0,0.0,15.11,0.9599745870393901,0.9599745870393901,0.8729058347775852
2026-08-17,The Brink of War,AMC Woodinville 12,ordinary,0,0,1.0,1.0,,,,,,,,unknown,,,,,,,,,,,,,,
2026-08-17,AMC Scream Unseen: August 17,AMC Woodinville 12,special_event,0,0,1.0,1.0,1.0,10,100,0.2727272727272727,0.2727272727272727,0.0,0.0,lower-middle,,,,0.0,1.0,1.0,,,,,7.88,0.5006353240152478,0.5006353240152478,0.45522819179664936
2026-08-25,Six: The Musical Live!,AMC Woodinville 12,special_event,0,0,10.0,3.0,4.0,3,93,0.5636363636363637,0.8181818181818182,0.4,,upper-middle,0.2727272727272727,0.290909090909091,0.0181818181818183,0.0,1.0,2.0,0.0,0.0,0.0,0.0,14.48,0.9199491740787802,0.9199491740787802,1.0454873646209386
2026-08-25,Castle in the Sky 40th Anniversary - Studio Ghibli Fest 2026,AMC Woodinville 12,rerelease,0,0,6.0,6.0,2.0,10,100,0.5151515151515151,0.8181818181818182,0.16666666666666666,0.25,upper-middle,0.5151515151515151,0.0,,0.0,1.0,1.0,,,,,18.9,1.2007623888182972,1.2007623888182972,1.0918544194107451
2026-08-25,Toy Story 5,AMC Woodinville 12,ordinary,0,0,8.0,,3.0,3,93,0.5681818181818182,0.8181818181818182,0.5,0.0,upper-middle,,,-0.040909090909090895,-0.14090909090909087,0.8012820512820513,4.0,0.0,0.0,0.0,0.0,15.579999999999998,0.9898348157560355,0.9898348157560355,1.1249097472924188
2026-08-25,The Odyssey,AMC Woodinville 12,ordinary,3,0,37.0,12.0,5.0,7,97,0.6145454545454545,1.0,0.48,0.4666666666666667,upper-middle,,,-0.03220779220779224,0.0,1.0,3.0,0.0,0.0,0.0,0.0,16.618,1.0557814485387547,1.0557814485387547,0.9600231080300404
2026-08-25,Spider-Man: Brand New Day,AMC Woodinville 12,ordinary,3,0,66.0,30.0,7.0,4,94,0.2644628099173554,1.0,0.03636363636363636,0.03333333333333333,lower-middle,0.46853146853146854,-0.20406865861411316,-0.1962809917355372,-0.20406865861411316,0.5644504748982361,5.0,1.0,0.0,1.0,0.0,19.46472727272727,1.236640868661199,0.8627981947130883,1.1244787563678378
2026-08-25,American Martyr: The Stanley Rother Story,AMC Woodinville 12,special_event,0,0,3.0,3.0,1.0,3,93,0.8181818181818182,0.8181818181818182,1.0,1.0,top,,,,0.0,1.0,1.0,,,,,18.9,1.2007623888182972,1.2007623888182972,1.0918544194107451
2026-08-25,La La Land 10th Anniversary,AMC Woodinville 12,rerelease,0,0,6.0,8.0,1.0,6,96,0.0,0.0,0.0,,low,0.0,0.0,0.0,0.0,,2.0,0.0,0.0,1.0,0.0,19.94,1.2668360864040662,0.8838652482269505,1.43971119133574
2026-08-25,PAW Patrol: The Dino Movie,AMC Woodinville 12,ordinary,2,0,27.0,4.0,4.0,2,92,0.5954545454545455,1.0,0.4,0.5714285714285714,upper-middle,0.5,0.09545454545454546,0.12692307692307692,0.0,1.0,1.0,0.0,0.0,0.0,0.0,14.48,0.9199491740787802,0.9199491740787802,1.0454873646209386
2026-08-25,The End of Oak Street,AMC Woodinville 12,ordinary,2,0,32.0,5.0,2.0,1,91,0.20727272727272728,0.8181818181818182,0.04,0.1111111111111111,low,0.14545454545454545,0.06181818181818183,0.03371900826446281,0.0,1.0,3.0,0.0,0.0,0.0,0.0,14.984000000000002,0.9519695044472682,0.9519695044472682,1.0818772563176897
2026-08-25,Coyote vs. Acme,AMC Woodinville 12,ambiguous_special,3,0,4.0,4.0,1.0,10,100,0.45454545454545453,0.45454545454545453,0.0,0.0,lower-middle,,,,0.0,1.0,1.0,,,,,14.69,0.9332909783989835,0.9332909783989835,0.8486424032351242
2026-08-25,One Night Only,AMC Woodinville 12,ambiguous_special,0,0,9.0,4.0,4.0,10,100,0.6363636363636364,1.0,0.2857142857142857,,upper-middle,0.5454545454545454,0.09090909090909094,-0.11688311688311703,-0.18518518518518523,0.7745901639344261,2.0,0.0,0.0,0.0,0.0,15.290000000000001,0.9714104193138501,0.9714104193138501,0.8833044482957829
2026-08-25,Insidious: Out of the Further,AMC Woodinville 12,ordinary,3,0,35.0,4.0,3.0,5,95,0.461038961038961,0.6363636363636364,0.0,0.0,lower-middle,0.4772727272727273,-0.016233766233766267,-0.016233766233766267,-0.016233766233766267,0.9659863945578231,2.0,0.0,0.0,1.0,0.0,16.5275,1.0500317662007623,0.73260195035461,0.9547949162333912
2026-08-25,Coyote vs. Acme Early Access,AMC Woodinville 12,special_event,0,0,1.0,1.0,1.0,4,94,0.2727272727272727,0.2727272727272727,0.0,,lower-middle,0.2727272727272727,0.0,,0.0,1.0,1.0,,,,,12.59,0.7998729351969505,0.7998729351969505,0.9090252707581228
2026-08-25,The Dog Stars,AMC Woodinville 12,ordinary,3,0,4.0,4.0,2.0,5,95,0.4772727272727273,0.6363636363636364,0.0,0.0,lower-middle,,,,0.0,1.0,1.0,,,,,16.79,1.0667090216010164,0.7442375886524822,0.9699595609474293
2026-08-25,PAW Patrol: The Dino Movie: Sensory Friendly Screening,AMC Woodinville 12,accessibility_presentation,0,0,1.0,1.0,,,,,,,,unknown,,,,,,,,,,,,,,
2026-08-25,Mutiny,AMC Woodinville 12,ordinary,1,0,31.0,3.0,1.0,9,99,0.9090909090909091,0.9090909090909091,1.0,1.0,top,0.8181818181818182,0.09090909090909083,0.0,0.0,1.0,2.0,0.0,0.0,0.0,0.0,14.9525,0.9499682337992377,0.9499682337992377,0.8638070479491624
2026-08-25,Harry Potter And The Philosopher's Stone: 25th Anniversary,AMC Woodinville 12,rerelease,1,0,1.0,1.0,,,,,,,,unknown,,,,,,,,,,,,,,
2026-08-25,Finding Emily,AMC Woodinville 12,ordinary,2,0,4.0,4.0,1.0,12,102,0.7272727272727273,0.7272727272727273,0.0,0.0,upper-middle,,,,0.0,1.0,1.0,,,,,14.9525,0.9499682337992377,0.9499682337992377,1.0796028880866426
2026-08-25,Hot Spot,AMC Woodinville 12,ordinary,0,0,30.0,4.0,1.0,11,101,0.5454545454545454,0.5454545454545454,0.0,0.0,upper-middle,0.9090909090909091,-0.36363636363636365,0.0,-0.36363636363636365,0.6,1.0,0.0,0.0,0.0,0.0,14.9525,0.9499682337992377,0.9499682337992377,1.0796028880866426
2026-08-25,Tony,AMC Woodinville 12,ordinary,2,0,29.0,4.0,2.0,12,102,0.7007575757575758,0.7272727272727273,0.0,0.0,upper-middle,0.6363636363636364,0.06439393939393945,0.04166666666666674,0.0,1.0,2.0,0.0,0.0,0.0,0.0,14.9525,0.9499682337992377,0.9499682337992377,1.0796028880866426
2026-08-25,AMC Scream Unseen: August 24,AMC Woodinville 12,special_event,0,0,2.0,2.0,1.0,8,98,0.09090909090909091,0.09090909090909091,0.0,0.0,low,0.09090909090909091,0.0,,0.0,1.0,1.0,,,,,7.88,0.5006353240152478,0.5006353240152478,0.45522819179664936
2026-08-25,The Fast and the Furious 25th Anniversary,AMC Woodinville 12,rerelease,0,0,6.0,1.0,3.0,3,93,0.7575757575757577,1.0,0.8333333333333334,0.8333333333333334,top,0.45454545454545453,0.30303030303030315,0.39393939393939403,0.0,1.0,1.0,0.0,1.0,0.0,0.0,15.74,1.0,1.0,0.9093009820912767
2026-08-31,The Odyssey,AMC Woodinville 12,ordinary,3,0,28.0,12.0,6.0,1,91,0.2222222222222222,0.5454545454545454,0.0,0.0,low,,,-0.3621933621933622,-0.42388167388167386,0.34394193188163036,1.0,1.0,0.0,0.0,0.0,17.11777777777778,1.0875335309896936,1.0875335309896936,0.9888953077861224
2026-08-31,Spider-Man: Brand New Day,AMC Woodinville 12,ordinary,3,0,39.0,30.0,9.0,6,96,0.2892561983471074,1.0,0.09090909090909091,0.23076923076923078,lower-middle,0.46853146853146854,-0.17927527018436112,0.01804407713498618,-0.17927527018436112,0.6173677069199457,6.0,0.0,0.0,1.0,0.0,19.993636363636362,1.2702437333949403,0.8862427466150871,1.4435838529701346
2026-08-31,Terminator 2: Judgment Day 35th Anniversary,AMC Woodinville 12,rerelease,0,0,12.0,12.0,4.0,7,97,0.5984848484848485,1.0,0.25,0.3333333333333333,upper-middle,0.5984848484848485,0.0,,0.0,1.0,1.0,,,,,21.0,1.3341804320203303,0.9308510638297873,1.2131715771230505
2026-08-31,The Hunger Games (2026),AMC Woodinville 12,special_event,0,0,1.0,1.0,1.0,7,97,0.6363636363636364,0.6363636363636364,0.0,0.0,upper-middle,,,,0.0,1.0,1.0,,,,,18.9,1.2007623888182972,1.2007623888182972,1.0918544194107451
2026-08-31,PAW Patrol: The Dino Movie,AMC Woodinville 12,ordinary,1,0,21.0,4.0,6.0,3,93,0.6433566433566433,0.9090909090909091,0.5384615384615384,0.42857142857142855,upper-middle,0.5,0.14335664335664333,0.05837640620249307,0.0,1.0,2.0,0.0,0.0,0.0,0.0,14.528461538461539,0.9230280519988271,0.9230280519988271,0.8393103141803315
2026-08-31,The End of Oak Street,AMC Woodinville 12,ordinary,1,0,26.0,5.0,7.0,10,100,0.5123966942148761,0.9090909090909091,0.13636363636363635,0.0,upper-middle,0.14545454545454545,0.36694214876033066,0.3305785123966943,0.0,1.0,1.0,0.0,1.0,0.0,0.0,14.737727272727273,0.9363232066535752,0.9363232066535752,1.0640958319658682
2026-08-31,Coyote vs. Acme,AMC Woodinville 12,ambiguous_special,3,0,42.0,5.0,6.0,9,99,0.5340909090909091,0.9090909090909091,0.03125,0.0,upper-middle,0.75,-0.21590909090909094,-0.14772727272727282,-0.21590909090909094,0.712121212121212,1.0,0.0,0.0,0.0,0.0,15.1165625,0.9603915184243965,0.6700603945035462,1.0914485559566787
2026-08-31,Insidious: Out of the Further,AMC Woodinville 12,ordinary,2,0,29.0,4.0,6.0,5,95,0.8409090909090908,1.0,0.75,0.7,top,0.4772727272727273,0.36363636363636354,0.14610389610389607,0.0,1.0,1.0,0.0,0.0,0.0,1.0,15.215000000000002,0.9666454891994918,0.9666454891994918,0.8789716926632006
2026-08-31,The Dog Stars,AMC Woodinville 12,ordinary,2,0,37.0,4.0,5.0,8,98,0.27899686520376177,0.7272727272727273,0.0,0.0,lower-middle,0.6818181818181818,-0.40282131661442,-0.47100313479623823,-0.40282131661442,0.4091954022988506,1.0,1.0,0.0,1.0,0.0,16.934827586206897,1.0759102659597775,0.7506572511616533,0.9783262614793125
2026-08-31,Mutiny,AMC Woodinville 12,ordinary,0,0,21.0,3.0,5.0,3,93,0.6909090909090909,0.9090909090909091,0.5333333333333333,0.6,upper-middle,0.8181818181818182,-0.12727272727272732,0.16493506493506493,-0.12727272727272732,0.8444444444444444,2.0,0.0,1.0,0.0,0.0,14.69,0.9332909783989835,0.9332909783989835,0.8486424032351242
2026-08-31,Harry Potter And The Philosopher's Stone: 25th Anniversary,AMC Woodinville 12,rerelease,0,0,3.0,1.0,,,,,,,,unknown,,,,,,,,,,,,,,
2026-08-31,Harry Potter and the Sorcerer’s Stone: 25th Anniversary,AMC Woodinville 12,rerelease,0,0,5.0,5.0,3.0,7,97,0.6181818181818182,0.7272727272727273,0.0,0.0,upper-middle,0.6181818181818182,0.0,,0.0,1.0,1.0,,,,,15.74,1.0,1.0,0.9093009820912767
2026-08-31,Finding Emily,AMC Woodinville 12,ordinary,1,0,30.0,4.0,1.0,12,102,0.8181818181818182,0.8181818181818182,1.0,1.0,top,0.6363636363636364,0.18181818181818188,0.0,0.0,1.0,1.0,0.0,0.0,0.0,0.0,14.88090909090909,0.9454198914173501,0.9454198914173501,1.0744338693797177
2026-08-31,Tony,AMC Woodinville 12,ordinary,1,0,27.0,4.0,6.0,11,101,0.5800865800865801,0.9090909090909091,0.2857142857142857,0.5,upper-middle,0.6363636363636364,-0.05627705627705626,-0.2186147186147186,-0.07900432900432897,0.8801313628899836,3.0,1.0,0.0,0.0,0.0,14.690000000000001,0.9332909783989836,0.9332909783989836,0.8486424032351243
2026-08-31,AMC Screen Unseen: August 31,AMC Woodinville 12,special_event,0,0,2.0,2.0,1.0,5,95,1.0,1.0,1.0,1.0,top,,,,0.0,1.0,1.0,,,,,7.88,0.5006353240152478,0.5006353240152478,0.45522819179664936
2026-08-31,By Any Means,AMC Woodinville 12,ordinary,3,0,4.0,4.0,1.0,1,91,0.09090909090909091,0.09090909090909091,0.0,0.0,low,,,,0.0,1.0,1.0,,,,,14.9525,0.9499682337992377,0.9499682337992377,1.0796028880866426
2026-08-31,Onslaught,AMC Woodinville 12,ordinary,2,0,3.0,3.0,1.0,11,101,0.45454545454545453,0.45454545454545453,0.0,0.0,lower-middle,,,,0.0,1.0,1.0,,,,,15.74,1.0,1.0,0.9093009820912767
2026-08-31,The Uprising: Early Access Live Q&A with Paul Greengrass and Andrew Garfield,AMC Woodinville 12,special_event,0,0,1.0,1.0,1.0,4,94,0.2727272727272727,0.2727272727272727,0.0,0.0,lower-middle,,,,0.0,1.0,1.0,,,,,15.74,1.0,1.0,0.9093009820912767
2026-08-31,It Ends,AMC Woodinville 12,ordinary,0,0,5.0,1.0,2.0,1,91,0.2,0.36363636363636365,0.0,,low,,,,0.0,1.0,1.0,,,,,13.85,0.8799237611181703,0.8799237611181703,1.0
2026-08-31,Buddy,AMC Woodinville 12,ordinary,3,0,10.0,1.0,8.0,1,91,0.4727272727272728,1.0,0.3,0.3333333333333333,lower-middle,0.18181818181818182,0.29090909090909095,0.38181818181818183,0.0,1.0,1.0,0.0,1.0,0.0,0.0,15.425,0.979987293519695,0.979987293519695,0.891103408434431
2026-08-31,Idiots,AMC Woodinville 12,ordinary,0,0,8.0,1.0,6.0,11,101,0.5909090909090909,0.9090909090909091,0.375,0.375,upper-middle,0.36363636363636365,0.2272727272727273,0.31818181818181823,0.0,1.0,1.0,0.0,1.0,0.0,0.0,15.74,1.0,1.0,0.9093009820912767
2026-08-31,Akira,AMC Woodinville 12,ordinary,2,0,3.0,3.0,1.0,10,100,0.7272727272727272,0.7272727272727273,0.0,0.0,upper-middle,,,,0.0,1.0,1.0,,,,,14.69,0.9332909783989835,0.9332909783989835,0.8486424032351242
2026-08-31,Fall 2: Deadpoint,AMC Woodinville 12,ordinary,1,0,4.0,4.0,2.0,10,100,0.7727272727272727,0.8181818181818182,0.5,0.3333333333333333,top,,,,0.0,1.0,1.0,,,,,15.74,1.0,1.0,0.9093009820912767
2026-09-08,The Odyssey,AMC Woodinville 12,ordinary,3,0,27.0,12.0,7.0,4,94,0.5757575757575757,1.0,0.38095238095238093,0.23076923076923078,upper-middle,,,0.2943722943722943,-0.07034632034632038,0.8911222780569513,1.0,0.0,1.0,0.0,0.0,17.37142857142857,1.1036485750589942,0.7700101317122594,1.0035487331847817
2026-09-08,Spider-Man: Brand New Day,AMC Woodinville 12,ordinary,3,0,37.0,30.0,7.0,6,96,0.25219941348973607,1.0,0.16129032258064516,0.0,lower-middle,0.46853146853146854,-0.21633205504173247,-0.12339867263466586,-0.21633205504173247,0.5382763601348098,7.0,0.0,0.0,1.0,0.0,19.638709677419353,1.2476943886543426,0.8705101807366735,1.4179573774310004
2026-09-08,Runner,AMC Woodinville 12,ordinary,3,0,4.0,4.0,1.0,10,100,0.9090909090909091,0.9090909090909091,1.0,1.0,top,,,,0.0,1.0,1.0,,,,,14.9525,0.9499682337992377,0.9499682337992377,0.8638070479491624
2026-09-08,The Hunger Games: Catching Fire (2026),AMC Woodinville 12,special_event,0,0,1.0,1.0,1.0,7,97,1.0,1.0,1.0,1.0,top,1.0,0.0,,0.0,1.0,1.0,,,,,18.9,1.2007623888182972,1.2007623888182972,1.0918544194107451
2026-09-08,The Hunger Games: Mockingjay - Part 1 (2026),AMC Woodinville 12,special_event,0,0,1.0,1.0,1.0,7,97,1.0,1.0,1.0,1.0,top,1.0,0.0,,0.0,1.0,1.0,,,,,18.9,1.2007623888182972,1.2007623888182972,1.0918544194107451
2026-09-08,The Hunger Games: Mockingjay - Part 2 (2026),AMC Woodinville 12,special_event,0,0,1.0,1.0,1.0,7,97,1.0,1.0,1.0,1.0,top,1.0,0.0,,0.0,1.0,1.0,,,,,18.9,1.2007623888182972,1.2007623888182972,1.0918544194107451
2026-09-08,MST3K: The RiffTrax Experiments - Sting of Death,AMC Woodinville 12,special_event,1,0,1.0,1.0,1.0,4,94,0.45454545454545453,0.45454545454545453,0.0,0.0,lower-middle,,,,0.0,1.0,1.0,,,,,18.9,1.2007623888182972,1.2007623888182972,1.0918544194107451
2026-09-08,PAW Patrol: The Dino Movie,AMC Woodinville 12,ordinary,0,0,14.0,4.0,4.0,12,102,0.7454545454545455,0.9090909090909091,0.4,0.0,upper-middle,0.5,0.24545454545454548,0.1636363636363637,0.0,1.0,3.0,0.0,1.0,0.0,0.0,14.165000000000001,0.8999364675984752,0.8999364675984752,1.0227436823104694
2026-09-08,The End of Oak Street,AMC Woodinville 12,ordinary,0,0,15.0,5.0,5.0,12,102,0.537878787878788,1.0,0.08333333333333333,0.5,upper-middle,0.14545454545454545,0.3924242424242425,-0.06818181818181812,-0.0719696969696969,0.8819875776397517,2.0,0.0,0.0,0.0,0.0,14.69,0.9332909783989835,0.9332909783989835,1.0606498194945848
2026-09-08,Coyote vs. Acme,AMC Woodinville 12,ambiguous_special,2,0,30.0,5.0,3.0,5,95,0.7644628099173555,0.9090909090909091,0.8636363636363636,1.0,top,0.75,0.01446280991735549,0.36151440696895254,0.0,1.0,1.0,0.0,1.0,0.0,1.0,15.167272727272728,0.9636132609449001,0.9636132609449001,1.0951099442074173
2026-09-08,Insidious: Out of the Further,AMC Woodinville 12,ordinary,1,0,21.0,4.0,6.0,3,93,0.5930735930735931,1.0,0.19047619047619047,0.2857142857142857,upper-middle,0.4772727272727273,0.1158008658008658,-0.10052910052910047,-0.1779701779701779,0.769182782283219,1.0,0.0,0.0,0.0,0.0,15.14,0.9618805590851335,0.9618805590851335,1.0931407942238267
2026-09-08,The Dog Stars,AMC Woodinville 12,ordinary,1,0,24.0,4.0,3.0,2,92,0.43434343434343436,1.0,0.05555555555555555,0.1111111111111111,lower-middle,0.6818181818181818,-0.2474747474747474,0.12855831037649224,-0.2474747474747474,0.6370370370370371,2.0,0.0,0.0,0.0,1.0,15.215,0.9666454891994917,0.9666454891994917,0.8789716926632005
2026-09-08,Finding Emily,AMC Woodinville 12,ordinary,0,0,5.0,4.0,1.0,3,93,0.6363636363636364,0.6363636363636364,0.0,,upper-middle,0.6363636363636364,0.0,-0.08695652173913049,-0.0039525691699604515,0.9938271604938272,3.0,0.0,0.0,0.0,0.0,12.589999999999998,0.7998729351969504,0.7998729351969504,0.9090252707581227
2026-09-08,Tony,AMC Woodinville 12,ordinary,0,0,7.0,4.0,3.0,12,102,0.6818181818181819,0.8181818181818182,0.25,,upper-middle,0.6363636363636364,0.045454545454545525,0.10330578512396704,0.0,1.0,4.0,0.0,0.0,0.0,0.0,13.3775,0.8499047013977128,0.8499047013977128,0.965884476534296
2026-09-08,Practical Magic 2,AMC Woodinville 12,ordinary,3,0,6.0,6.0,2.0,6,96,0.0909090909090909,0.18181818181818182,0.0,0.0,low,,,,0.0,1.0,1.0,,,,,18.89,1.2001270648030495,0.8373226950354611,1.0912767186597343
2026-09-08,Oasis: Don't Look Back in Anger,AMC Woodinville 12,ordinary,2,0,3.0,3.0,1.0,9,99,0.3636363636363636,0.36363636363636365,0.0,0.0,lower-middle,,,,0.0,1.0,1.0,,,,,14.69,0.9332909783989835,0.9332909783989835,0.8486424032351242
2026-09-08,By Any Means,AMC Woodinville 12,ordinary,2,0,27.0,4.0,1.0,1,91,0.0909090909090909,0.09090909090909091,0.0,0.0,low,0.18181818181818182,-0.09090909090909093,-1.3877787807814457e-17,-0.09090909090909093,0.49999999999999994,2.0,0.0,0.0,0.0,0.0,14.9525,0.9499682337992377,0.9499682337992377,0.8638070479491624
2026-09-08,HOPE Premium Early Access,AMC Woodinville 12,special_event,0,0,1.0,1.0,1.0,6,96,0.0,0.0,0.0,0.0,low,0.0,0.0,,0.0,,1.0,,,,,23.09,1.4669631512071155,1.0234929078014185,1.3339110340843443
2026-09-08,The Uprising,AMC Woodinville 12,ordinary,2,0,3.0,3.0,1.0,7,97,1.0,1.0,1.0,1.0,top,,,,0.0,1.0,1.0,,,,,14.69,0.9332909783989835,0.9332909783989835,0.8486424032351242
2026-09-08,Onslaught,AMC Woodinville 12,ordinary,1,0,27.0,3.0,2.0,9,99,0.4318181818181818,0.5454545454545454,0.0,0.0,lower-middle,0.5454545454545454,-0.11363636363636359,-0.11363636363636359,-0.11363636363636359,0.7916666666666667,1.0,0.0,0.0,0.0,0.0,14.558750000000002,0.9249523506988565,0.9249523506988565,1.051173285198556
2026-09-08,AMC Screen Unseen: September 7,AMC Woodinville 12,special_event,0,0,2.0,2.0,2.0,5,95,0.9090909090909092,1.0,1.0,1.0,top,0.9090909090909092,0.0,,0.0,1.0,1.0,,,,,7.88,0.5006353240152478,0.5006353240152478,0.45522819179664936
2026-09-08,Buddy,AMC Woodinville 12,ordinary,2,0,10.0,1.0,4.0,8,98,0.5545454545454545,1.0,0.4,0.42857142857142855,upper-middle,0.18181818181818182,0.37272727272727263,0.05104895104895091,0.0,1.0,2.0,0.0,0.0,0.0,0.0,15.74,1.0,1.0,0.9093009820912767
2026-09-08,Akira,AMC Woodinville 12,ordinary,1,0,26.0,3.0,4.0,11,101,0.5454545454545454,0.9090909090909091,0.13043478260869565,0.1111111111111111,upper-middle,1.0,-0.4545454545454546,-0.36363636363636365,-0.4545454545454546,0.5454545454545454,1.0,1.0,0.0,0.0,0.0,15.055217391304348,0.9564941163471631,0.9564941163471631,1.087019306231361
2026-09-08,Fall 2: Deadpoint,AMC Woodinville 12,ordinary,0,0,13.0,4.0,1.0,12,102,0.7272727272727273,0.7272727272727273,0.0,0.0,upper-middle,0.8181818181818181,-0.09090909090909083,-0.09090909090909083,-0.09090909090909083,0.888888888888889,1.0,0.0,0.0,0.0,0.0,15.74,1.0,1.0,0.9093009820912767
2026-09-08,Hope,AMC Woodinville 12,ordinary,2,0,6.0,6.0,2.0,2,92,0.25757575757575757,0.2727272727272727,0.0,0.0,lower-middle,,,,0.0,1.0,1.0,,,,,14.69,0.9332909783989835,0.9332909783989835,1.0606498194945848
2026-09-08,Cars: 20th Anniversary,AMC Woodinville 12,rerelease,1,0,6.0,1.0,1.0,4,94,0.45454545454545453,0.45454545454545453,0.0,,lower-middle,0.45454545454545453,0.0,0.0,0.0,1.0,2.0,0.0,0.0,1.0,0.0,18.365,1.166772554002541,0.8140514184397163,1.3259927797833935
2026-09-08,I Want Your Sex,AMC Woodinville 12,ordinary,0,0,1.0,1.0,1.0,7,97,1.0,1.0,1.0,,top,1.0,0.0,,0.0,1.0,1.0,,,,,15.74,1.0,1.0,1.0
2026-09-14,The Odyssey,AMC Woodinville 12,ordinary,3,0,20.0,12.0,6.0,11,101,0.4759358288770054,0.7272727272727273,0.0,0.0,lower-middle,,,-0.027852049910873367,-0.17016806722689065,0.7366242979603903,1.0,0.0,0.0,0.0,1.0,16.292352941176468,1.0350923088422153,1.0350923088422153,0.9412104529853534
2026-09-14,Spider-Man: Brand New Day,AMC Woodinville 12,ordinary,3,0,25.0,30.0,8.0,1,91,0.3873517786561265,0.8181818181818182,0.13043478260869565,0.18181818181818182,lower-middle,0.46853146853146854,-0.08117968987534202,0.08788653801441532,-0.08117968987534202,0.8267358857884491,8.0,0.0,0.0,0.0,1.0,16.106521739130436,1.0232860062979947,1.0232860062979947,0.930474970487027
2026-09-14,Runner,AMC Woodinville 12,ordinary,,1,26.0,4.0,2.0,10,100,0.9318181818181818,1.0,1.0,1.0,top,0.9090909090909091,0.022727272727272707,0.022727272727272707,0.0,1.0,2.0,0.0,0.0,0.0,0.0,14.9525,0.9499682337992377,0.9499682337992377,1.0796028880866426
2026-09-14,MST3K: The RiffTrax Experiments - Sting of Death,AMC Woodinville 12,special_event,0,0,2.0,1.0,2.0,4,94,0.2727272727272727,0.36363636363636365,0.0,,lower-middle,0.2727272727272727,0.0,0.09090909090909088,0.0,1.0,2.0,0.0,0.0,0.0,0.0,18.9,1.2007623888182972,1.2007623888182972,1.3646209386281587
2026-09-14,The Passion of the Christ (2026 Event),AMC Woodinville 12,special_event,0,0,1.0,1.0,1.0,1,91,0.09090909090909091,0.09090909090909091,0.0,0.0,low,0.7272727272727273,-0.6363636363636364,-0.6363636363636364,-0.6363636363636364,0.125,1.0,1.0,0.0,0.0,0.0,18.9,1.2007623888182972,1.2007623888182972,1.0918544194107451
2026-09-14,Coyote vs. Acme,AMC Woodinville 12,ambiguous_special,1,0,28.0,5.0,7.0,5,95,0.5454545454545454,0.8181818181818182,0.38461538461538464,0.18181818181818182,upper-middle,0.75,-0.20454545454545459,-0.20629370629370636,-0.20454545454545459,0.7272727272727272,2.0,1.0,0.0,0.0,0.0,15.013076923076925,0.9538168311992964,0.9538168311992964,1.0839766731463485
2026-09-14,Insidious: Out of the Further,AMC Woodinville 12,ordinary,0,0,6.0,4.0,5.0,3,93,0.48484848484848486,0.7272727272727273,0.0,0.0,lower-middle,0.4772727272727273,0.007575757575757569,-0.14738292011019283,-0.2861952861952861,0.62882096069869,1.0,0.0,0.0,0.0,0.0,15.74,1.0,1.0,1.0
2026-09-14,The Dog Stars,AMC Woodinville 12,ordinary,0,0,7.0,4.0,2.0,12,102,0.5681818181818182,0.7272727272727273,0.0,,upper-middle,0.6818181818181818,-0.11363636363636354,-0.005980861244019087,-0.11363636363636354,0.8333333333333335,2.0,0.0,0.0,0.0,0.0,13.3775,0.8499047013977128,0.8499047013977128,0.965884476534296
2026-09-14,Practical Magic 2,AMC Woodinville 12,ordinary,3,0,45.0,7.0,6.0,6,96,0.2377622377622378,0.8181818181818182,0.15384615384615385,0.2222222222222222,low,0.15584415584415584,0.08191808191808195,0.055944055944055965,0.0,1.0,2.0,0.0,0.0,1.0,0.0,18.432307692307692,1.1710487733359398,0.8170349154391708,1.064835799671155
2026-09-14,Oasis: Don't Look Back in Anger,AMC Woodinville 12,ordinary,1,0,19.0,3.0,4.0,2,92,0.5294117647058824,0.6363636363636364,0.0,0.0,upper-middle,0.3636363636363636,0.16577540106951877,0.16577540106951877,0.0,1.0,1.0,0.0,1.0,0.0,0.0,14.813529411764707,0.9411390985873384,0.9411390985873384,1.0695689105967296
2026-09-14,By Any Means,AMC Woodinville 12,ordinary,1,0,23.0,4.0,5.0,3,93,0.5151515151515151,0.7272727272727273,0.0,0.0,upper-middle,0.18181818181818182,0.3333333333333333,0.36363636363636365,0.0,1.0,1.0,0.0,1.0,0.0,0.0,14.690000000000001,0.9332909783989836,0.9332909783989836,1.060649819494585
2026-09-14,The Uprising,AMC Woodinville 12,ordinary,1,0,26.0,4.0,2.0,7,97,0.9772727272727272,1.0,1.0,1.0,top,0.9545454545454546,0.022727272727272596,0.022727272727272596,0.0,1.0,2.0,0.0,0.0,0.0,0.0,14.9525,0.9499682337992377,0.9499682337992377,0.8638070479491624
2026-09-14,Onslaught,AMC Woodinville 12,ordinary,0,0,8.0,3.0,3.0,12,102,0.5606060606060607,0.7272727272727273,0.0,,upper-middle,0.5454545454545454,0.015151515151515249,0.1460606060606061,0.0,1.0,1.0,0.0,0.0,0.0,0.0,14.69,0.9332909783989835,0.9332909783989835,1.0606498194945848
2026-09-14,Buddy,AMC Woodinville 12,ordinary,1,0,13.0,1.0,5.0,1,91,0.3106060606060606,0.6363636363636364,0.0,0.0,lower-middle,0.18181818181818182,0.12878787878787878,-0.1515151515151515,-0.2068764568764569,0.6002252252252253,2.0,1.0,0.0,0.0,0.0,15.74,1.0,1.0,0.9093009820912767
2026-09-14,Resident Evil,AMC Woodinville 12,ordinary,3,0,6.0,6.0,2.0,6,96,0.27272727272727276,0.8181818181818182,0.3333333333333333,0.5,lower-middle,,,,0.0,1.0,1.0,,,,,21.633333333333336,1.3744176196526898,0.9589243498817969,1.2497592913537456
2026-09-14,Akira,AMC Woodinville 12,ordinary,0,0,6.0,3.0,4.0,12,102,0.5454545454545454,0.7272727272727273,0.0,0.0,upper-middle,1.0,-0.4545454545454546,0.04743083003952564,-0.4545454545454546,0.5454545454545454,2.0,0.0,0.0,0.0,0.0,15.74,1.0,1.0,1.1364620938628158
2026-09-14,The Weight,AMC Woodinville 12,ordinary,,1,2.0,2.0,1.0,9,99,0.36363636363636365,0.36363636363636365,0.0,0.0,lower-middle,,,,0.0,1.0,1.0,,,,,15.74,1.0,1.0,0.9093009820912767
2026-09-14,AMC Screen Unseen: September 13,AMC Woodinville 12,special_event,0,0,1.0,1.0,1.0,11,101,0.45454545454545453,0.45454545454545453,0.0,,lower-middle,0.45454545454545453,0.0,,0.0,1.0,1.0,,,,,7.88,0.5006353240152478,0.5006353240152478,0.5689530685920577
2026-09-14,AMC Screen Unseen: September 14,AMC Woodinville 12,special_event,0,0,1.0,1.0,1.0,8,98,0.2727272727272727,0.2727272727272727,0.0,0.0,lower-middle,,,,0.0,1.0,1.0,,,,,7.88,0.5006353240152478,0.5006353240152478,0.45522819179664936
2026-09-14,The Weight Early Access,AMC Woodinville 12,special_event,0,0,1.0,1.0,1.0,6,96,0.0,0.0,0.0,0.0,low,,,,0.0,,1.0,,,,,23.09,1.4669631512071155,1.0234929078014185,1.3339110340843443
2026-09-14,Hope,AMC Woodinville 12,ordinary,1,0,19.0,7.0,7.0,9,99,0.375,0.8181818181818182,0.125,0.09090909090909091,lower-middle,0.45454545454545453,-0.07954545454545453,-0.15746753246753242,-0.07954545454545453,0.8250000000000001,2.0,1.0,0.0,0.0,0.0,14.755625,0.937460292249047,0.937460292249047,0.8524335644136338
2026-09-14,Cars: 20th Anniversary,AMC Woodinville 12,rerelease,0,0,6.0,1.0,2.0,4,94,0.2272727272727273,0.45454545454545453,0.0,,low,0.45454545454545453,-0.22727272727272724,0.04545454545454547,-0.22727272727272724,0.5000000000000001,1.0,0.0,0.0,1.0,0.0,16.09,1.022236340533672,0.7132092198581561,1.1617328519855596
2026-09-21,The Odyssey,AMC Woodinville 12,ordinary,,1,21.0,12.0,5.0,3,93,0.5404040404040403,0.7272727272727273,0.0,0.0,upper-middle,,,0.02365762892078671,-0.10569985569985574,0.8364042434394192,3.0,0.0,0.0,0.0,0.0,15.964444444444442,1.0142594945644499,1.0142594945644499,0.9222671545028563
2026-09-21,Spider-Man: Brand New Day,AMC Woodinville 12,ordinary,,1,21.0,30.0,3.0,2,92,0.3157894736842105,0.45454545454545453,0.0,0.0,lower-middle,0.46853146853146854,-0.15274199484725803,-0.05134339344865663,-0.15274199484725803,0.673998428908091,9.0,0.0,0.0,0.0,0.0,16.399473684210523,1.0418979469002874,1.0418979469002874,0.9473988263553162
2026-09-21,Runner,AMC Woodinville 12,ordinary,,1,24.0,4.0,7.0,4,94,0.4426877470355731,1.0,0.08695652173913043,0.1111111111111111,lower-middle,0.9090909090909091,-0.46640316205533594,-0.3884810841332581,-0.46640316205533594,0.48695652173913045,1.0,1.0,0.0,0.0,0.0,14.781304347826088,0.9390917628860285,0.9390917628860285,1.067242191178779
2026-09-21,Heaven in Stone and Glass,AMC Woodinville 12,special_event,0,0,2.0,2.0,1.0,4,94,0.2727272727272727,0.2727272727272727,0.0,0.0,lower-middle,0.2727272727272727,0.0,,0.0,1.0,1.0,,,,,18.9,1.2007623888182972,1.2007623888182972,1.0918544194107451
2026-09-21,Coyote vs. Acme,AMC Woodinville 12,ambiguous_special,0,0,14.0,5.0,4.0,1,91,0.2272727272727273,0.7272727272727273,0.0,0.0,low,0.75,-0.5227272727272727,-0.3084415584415584,-0.5227272727272727,0.30303030303030304,1.0,1.0,0.0,0.0,0.0,14.165,0.8999364675984751,0.8999364675984751,1.0227436823104692
2026-09-21,Practical Magic 2,AMC Woodinville 12,ordinary,,1,24.0,7.0,2.0,7,97,0.7922077922077922,0.8181818181818182,0.8571428571428571,0.7272727272727273,top,0.15584415584415584,0.6363636363636365,0.5043290043290043,0.0,1.0,1.0,0.0,1.0,0.0,1.0,15.290000000000001,0.9714104193138501,0.9714104193138501,0.8833044482957829
2026-09-21,Oasis: Don't Look Back in Anger,AMC Woodinville 12,ordinary,0,0,6.0,3.0,2.0,11,101,0.5909090909090909,0.6363636363636364,0.0,0.0,upper-middle,0.3636363636363636,0.22727272727272735,0.10101010101010105,0.0,1.0,1.0,0.0,0.0,0.0,0.0,15.74,1.0,1.0,1.1364620938628158
2026-09-21,By Any Means,AMC Woodinville 12,ordinary,0,0,6.0,4.0,2.0,10,100,0.909090909090909,1.0,0.8,,top,0.18181818181818182,0.7272727272727271,0.32900432900432885,0.0,1.0,1.0,0.0,1.0,0.0,0.0,12.59,0.7998729351969505,0.7998729351969505,0.9090252707581228
2026-09-21,The Uprising,AMC Woodinville 12,ordinary,0,0,18.0,4.0,6.0,10,100,0.6868686868686869,1.0,0.3333333333333333,0.3,upper-middle,0.9545454545454546,-0.26767676767676774,-0.11111111111111116,-0.26767676767676774,0.7195767195767195,1.0,0.0,0.0,0.0,0.0,15.389999999999999,0.9777636594663277,0.9777636594663277,0.8890814558058926
2026-09-21,The Lego Batman Movie,AMC Woodinville 12,ordinary,0,0,2.0,2.0,1.0,2,92,0.45454545454545453,0.45454545454545453,0.0,,lower-middle,0.45454545454545453,0.0,,0.0,1.0,1.0,,,,,12.08,0.7674714104193139,0.5354609929078015,0.872202166064982
2026-09-21,Batman (1989),AMC Woodinville 12,ordinary,0,0,2.0,2.0,1.0,10,100,1.0,1.0,1.0,1.0,top,1.0,0.0,,0.0,1.0,1.0,,,,,7.88,0.5006353240152478,0.5006353240152478,0.45522819179664936
2026-09-21,Batman: Mask of the Phantasm (2026BD),AMC Woodinville 12,ordinary,0,0,1.0,1.0,1.0,10,100,1.0,1.0,1.0,,top,1.0,0.0,,0.0,1.0,1.0,,,,,7.88,0.5006353240152478,0.5006353240152478,0.5689530685920577
2026-09-21,Buddy,AMC Woodinville 12,ordinary,0,0,12.0,1.0,5.0,12,102,0.45454545454545453,0.6363636363636364,0.0,0.0,lower-middle,0.18181818181818182,0.2727272727272727,0.13636363636363635,-0.06293706293706297,0.8783783783783783,3.0,0.0,0.0,0.0,0.0,15.74,1.0,1.0,1.0
2026-09-21,Resident Evil,AMC Woodinville 12,ordinary,,1,58.0,7.0,7.0,6,96,0.41414141414141414,1.0,0.4074074074074074,0.4444444444444444,lower-middle,0.35064935064935066,0.06349206349206349,0.02453102453102457,0.0,1.0,2.0,0.0,0.0,1.0,0.0,19.751666666666665,1.2548708174502328,0.8755171394799054,1.14105526670518
2026-09-21,Primetime,AMC Woodinville 12,ordinary,,1,3.0,3.0,1.0,5,95,0.9090909090909091,0.9090909090909091,1.0,1.0,top,,,,0.0,1.0,1.0,,,,,15.74,1.0,1.0,1.1364620938628158
2026-09-21,Heart of the Beast,AMC Woodinville 12,ordinary,,1,4.0,4.0,1.0,9,99,0.36363636363636365,0.36363636363636365,0.0,0.0,lower-middle,,,,0.0,1.0,1.0,,,,,14.9525,0.9499682337992377,0.9499682337992377,1.0796028880866426
2026-09-21,The Weight,AMC Woodinville 12,ordinary,,1,24.0,3.0,4.0,9,99,0.34848484848484845,0.6363636363636364,0.0,0.0,lower-middle,0.45454545454545453,-0.10606060606060608,-0.015151515151515138,-0.10606060606060608,0.7666666666666666,2.0,0.0,0.0,0.0,0.0,14.9525,0.9499682337992377,0.9499682337992377,1.0796028880866426
2026-09-21,Forgotten Island - Friendship Opening Night Event,AMC Woodinville 12,special_event,0,0,1.0,1.0,1.0,6,96,0.0,0.0,0.0,0.0,low,,,,0.0,,1.0,,,,,23.09,1.4669631512071155,1.0234929078014185,1.3339110340843443
2026-09-21,Avengers Endgame: Encore,AMC Woodinville 12,ambiguous_special,,1,4.0,4.0,3.0,7,97,0.4545454545454546,0.8181818181818182,0.5,0.5,lower-middle,,,,0.0,1.0,1.0,,,,,17.315,1.1000635324015249,0.767508865248227,1.2501805054151627
2026-09-21,Hope,AMC Woodinville 12,ordinary,0,0,12.0,7.0,5.0,11,101,0.5303030303030303,1.0,0.25,0.25,upper-middle,0.45454545454545453,0.07575757575757575,0.07575757575757575,0.0,1.0,1.0,0.0,0.0,0.0,0.0,15.74,1.0,1.0,0.9093009820912767
2026-09-21,Forgotten Island,AMC Woodinville 12,ordinary,,1,4.0,4.0,1.0,2,92,0.45454545454545453,0.45454545454545453,0.0,0.0,lower-middle,,,,0.0,1.0,1.0,,,,,16.265,1.0333545108005082,0.7209663120567377,1.1743682310469314
2026-09-21,AMC Screen Unseen: September 21,AMC Woodinville 12,special_event,0,0,1.0,1.0,1.0,8,98,0.18181818181818182,0.18181818181818182,0.0,0.0,low,,,,0.0,1.0,1.0,,,,,7.88,0.5006353240152478,0.5006353240152478,0.45522819179664936
2026-09-21,The Transformers: The Movie 40th Anniversary,AMC Woodinville 12,special_event,,1,12.0,4.0,7.0,1,91,0.38383838383838387,0.9090909090909091,0.1111111111111111,0.0,lower-middle,0.6060606060606061,-0.2222222222222222,-0.28282828282828276,-0.2222222222222222,0.6333333333333334,1.0,1.0,0.0,0.0,0.0,18.9,1.2007623888182972,1.2007623888182972,1.3646209386281587
2026-09-21,Daniel and the Fiery Furnace,AMC Woodinville 12,ordinary,,1,12.0,2.0,4.0,8,98,0.3333333333333333,0.7272727272727273,0.0,,lower-middle,1.0,-0.6666666666666667,-0.6666666666666667,-0.6666666666666667,0.3333333333333333,1.0,1.0,0.0,0.0,0.0,13.99,0.8888182973316391,0.8888182973316391,1.0101083032490976
2026-09-21,Shaun the Sheep: The Beast of Mossy Bottom,AMC Woodinville 12,ordinary,0,0,12.0,1.0,3.0,11,101,0.5858585858585859,1.0,0.2222222222222222,1.0,upper-middle,0.5454545454545454,0.04040404040404044,0.04040404040404044,0.0,1.0,2.0,0.0,0.0,0.0,0.0,12.94,0.8221092757306225,0.8221092757306225,0.9342960288808664
2026-09-21,The Paradise (Telugu),AMC Woodinville 12,ambiguous_limited,0,0,1.0,1.0,1.0,11,101,0.5454545454545454,0.5454545454545454,0.0,0.0,upper-middle,,,,0.0,1.0,1.0,,,,,21.0,1.3341804320203303,1.3341804320203303,1.2131715771230505
2026-09-21,Forgotten Island - Early Access Screening,AMC Woodinville 12,special_event,0,0,1.0,1.0,1.0,1,91,0.09090909090909091,0.09090909090909091,0.0,,low,0.09090909090909091,0.0,,0.0,1.0,1.0,,,,,12.59,0.7998729351969505,0.7998729351969505,0.9090252707581228
