title,theater_name,segment,observation_date,publication_snapshot,upcoming_friday,thursday,theatrical_week_number,current_week_screenings,wow_pct_change,decline_from_peak,market_theater_count,theater_count_wow,share_of_theater,rank_in_theater,has_next_friday,days_to_known_last,pub_has_next_friday,censored,remaining_weeks,bucket,p0,p1,p2,p3,expected_weeks
David,AMC Alderwood Mall 16,ordinary_title_only,2026-06-30,2026-07-01,2026-07-03,2026-07-02,1.0,2.0,,0.0,4.0,,0.007042253521126761,26.0,0.0,-1.0,0.0,0,0,0,0.9871861179521706,0.01277162522088116,4.2204128169488685e-05,5.2698778756743275e-08,0.012856191573556408
David,AMC Alderwood Mall 16,ordinary_title_only,2026-06-30,2026-07-01,2026-07-03,2026-07-02,1.0,2.0,,0.0,4.0,,0.007042253521126761,25.0,0.0,1.0,0.0,0,0,0,0.9830085480584322,0.01691691639597936,7.441181444489623e-05,1.2373114355818058e-07,0.017066111218299828
Young Washington,AMC Alderwood Mall 16,ordinary,2026-06-30,2026-07-01,2026-07-03,2026-07-02,1.0,4.0,,0.0,5.0,,0.014084507042253521,14.0,1.0,9.0,1.0,0,4,3,0.06029982230581707,0.18898692942841003,0.30039069932329493,0.45032254894247803,2.1407359749024337
Bleach: Thousand-Year Blood War - The Calamity,AMC Alderwood Mall 16,ordinary_title_only,2026-06-30,2026-07-01,2026-07-03,2026-07-02,1.0,4.0,,0.0,3.0,,0.014084507042253521,15.0,0.0,0.0,0.0,0,0,0,0.8958582231343786,0.10114470011551684,0.0029639317644582393,3.314498564634918e-05,0.10717199860137237
Toy Story 5,AMC Alderwood Mall 16,ordinary_title_only,2026-06-30,2026-07-01,2026-07-03,2026-07-02,1.0,37.0,,0.0,7.0,,0.13028169014084506,3.0,0.0,2.0,0.0,0,0,0,0.19485597541152597,0.3921327091656489,0.29553840933246966,0.11747290609035553,1.3356282461016549
Toy Story 5,AMC Alderwood Mall 16,ordinary,2026-06-30,2026-07-01,2026-07-03,2026-07-02,1.0,18.0,,0.0,7.0,,0.06338028169014084,4.0,0.0,2.0,1.0,0,8,3,0.05111715826645228,0.16555069985869647,0.281197044374385,0.5021350975004664,2.2343500811088655
"To Wong Foo, Thanks for Everything, Julie Newmar",AMC Alderwood Mall 16,ordinary_title_only,2026-06-30,2026-07-01,2026-07-03,2026-07-02,1.0,2.0,,0.0,2.0,,0.007042253521126761,30.0,0.0,0.0,0.0,0,0,0,0.9912548155832176,0.008725562288084007,1.960548977227472e-05,1.663892612076875e-08,0.008764823184406918
"To Wong Foo, Thanks for Everything, Julie Newmar",AMC Alderwood Mall 16,ordinary_title_only,2026-06-30,2026-07-01,2026-07-03,2026-07-02,1.0,1.0,,0.0,2.0,,0.0035211267605633804,34.0,0.0,1.0,0.0,0,0,0,0.9759325063852197,0.02391714843281997,0.00014998935777609678,3.558241842668433e-07,0.024218194620924963
Talladega Nights: Ballad of Ricky Bobby,AMC Alderwood Mall 16,rerelease_title_only,2026-06-30,2026-07-01,2026-07-03,2026-07-02,1.0,1.0,,0.0,2.0,,0.0035211267605633804,41.0,0.0,0.0,0.0,0,0,0,0.8261890917778842,0.16496469089590962,0.008670741321596773,0.00017547600460937325,0.1828326015529313
Talladega Nights: Ballad of Ricky Bobby,AMC Alderwood Mall 16,rerelease_title_only,2026-06-30,2026-07-01,2026-07-03,2026-07-02,1.0,1.0,,0.0,1.0,,0.0035211267605633804,35.0,0.0,1.0,0.0,0,0,0,0.972617533228243,0.02718736258504068,0.00019457721610483626,5.269706115249403e-07,0.027578097929084926
Supergirl,AMC Alderwood Mall 16,ordinary_title_only,2026-06-30,2026-07-01,2026-07-03,2026-07-02,1.0,43.0,,0.0,7.0,,0.15140845070422534,2.0,1.0,8.0,1.0,0,1,1,0.22687549772923662,0.41374042428714747,0.27065871371396827,0.08872536426964764,1.221233944524027
Supergirl,AMC Alderwood Mall 16,ordinary,2026-06-30,2026-07-01,2026-07-03,2026-07-02,1.0,15.0,,0.0,7.0,,0.0528169014084507,5.0,1.0,8.0,1.0,0,3,3,0.02009986589201837,0.07298116530381524,0.15939434531902105,0.7475246234851454,2.6343437263972933
Minions & Monsters,AMC Alderwood Mall 16,ordinary,2026-06-30,2026-07-01,2026-07-03,2026-07-02,1.0,47.0,,0.0,7.0,,0.16549295774647887,1.0,1.0,14.0,1.0,0,8,3,5.63464239127788e-05,0.00022100460676971638,0.0005852643943747467,0.9991373845749427,2.9988036871203474
Minions & Monsters,AMC Alderwood Mall 16,ordinary_title_only,2026-06-30,2026-07-01,2026-07-03,2026-07-02,1.0,1.0,,0.0,4.0,,0.0035211267605633804,40.0,1.0,9.0,1.0,0,1,1,0.9608972377573608,0.03870131795544784,0.00039987889590514656,1.5653912862149672e-06,0.03950577192111678
Francia vs Suecia - Telemundo presenta la Copa Mundial de la FIFA 2026,AMC Alderwood Mall 16,special_event_title_only,2026-06-30,2026-07-01,2026-07-03,2026-07-02,1.0,1.0,,0.0,2.0,,0.0035211267605633804,39.0,0.0,0.0,0.0,0,0,0,0.9738464568016088,0.02597572477540524,0.0001773602175958525,4.582053901566319e-07,0.026331819826767414
Bélgica vs Senegal - Telemundo presenta la Copa Mundial de la FIFA 2026,AMC Alderwood Mall 16,special_event_title_only,2026-06-30,2026-07-01,2026-07-03,2026-07-02,1.0,1.0,,0.0,2.0,,0.0035211267605633804,38.0,0.0,1.0,0.0,0,0,0,0.9709282186814441,0.028851578369327203,0.00021957050467775495,6.324445509624384e-07,0.0292926167123356
Portugal vs Croacia - Telemundo presenta la Copa Mundial de la FIFA 2026,AMC Alderwood Mall 16,special_event_title_only,2026-06-30,2026-07-01,2026-07-03,2026-07-02,1.0,1.0,,0.0,1.0,,0.0035211267605633804,33.0,0.0,2.0,0.0,0,0,0,0.9624126281066466,0.037216870763177694,0.00036911435671815987,1.3867734575166113e-06,0.03795925979698656
Alemania vs Paraguay - Telemundo presenta la Copa Mundial de la FIFA 2026,AMC Alderwood Mall 16,special_event_title_only,2026-06-30,2026-07-01,2026-07-03,2026-07-02,1.0,1.0,,0.0,1.0,,0.0035211267605633804,36.0,0.0,-1.0,0.0,0,0,0,0.9788795854364806,0.021004893101269972,0.00011528218615791813,2.392760915404831e-07,0.02123617530186043
Jackass: Best and Last,AMC Alderwood Mall 16,ordinary,2026-06-30,2026-07-01,2026-07-03,2026-07-02,1.0,10.0,,0.0,7.0,,0.035211267605633804,6.0,0.0,2.0,1.0,0,2,2,0.02410069951861241,0.08619847821046335,0.1817464625473877,0.7079543597235366,2.5735544824758483
Jackass: Best and Last,AMC Alderwood Mall 16,ordinary_title_only,2026-06-30,2026-07-01,2026-07-03,2026-07-02,1.0,10.0,,0.0,7.0,,0.035211267605633804,8.0,0.0,0.0,0.0,0,0,0,0.6231760330891384,0.3264994852436685,0.04755807527099862,0.0027664063961945033,0.42991485497424925
Lucky Strike,AMC Alderwood Mall 16,ordinary_title_only,2026-06-30,2026-07-01,2026-07-03,2026-07-02,1.0,4.0,,0.0,2.0,,0.014084507042253521,19.0,0.0,0.0,0.0,0,0,0,0.8969369912070241,0.10013025740603533,0.002900688260025836,3.206312691474525e-05,0.10602782330683125
AMC,AMC Alderwood Mall 16,special_event_title_only,2026-06-30,2026-07-01,2026-07-03,2026-07-02,1.0,1.0,,0.0,7.0,,0.0035211267605633804,37.0,0.0,-1.0,0.0,0,0,0,0.9121852726906784,0.08571147060416878,0.002083957602540502,1.9299102612325666e-05,0.08993728311708676
Bleach: Thousand-Year Blood War - The Calamity,AMC Alderwood Mall 16,ordinary_title_only,2026-06-30,2026-07-01,2026-07-03,2026-07-02,1.0,3.0,,0.0,2.0,,0.01056338028169014,20.0,0.0,1.0,1.0,0,1,1,0.8813842637239508,0.11468168411996886,0.0038837722215996793,5.0279934480608445e-05,0.12260006836661004
The Death of Robin Hood,AMC Alderwood Mall 16,ordinary_title_only,2026-06-30,2026-07-01,2026-07-03,2026-07-02,1.0,4.0,,0.0,5.0,,0.014084507042253521,16.0,0.0,0.0,0.0,0,0,0,0.8912815540161438,0.10544003867872447,0.0032403840980268343,3.802320710486345e-05,0.11203487649609273
Disclosure Day,AMC Alderwood Mall 16,ordinary_title_only,2026-06-30,2026-07-01,2026-07-03,2026-07-02,1.0,9.0,,0.0,7.0,,0.03169014084507042,10.0,0.0,0.0,0.0,0,0,0,0.6305246948609218,0.3214600386953592,0.04545308089697666,0.0025621855467423253,0.42005275712953954
The Devil Wears Prada 20th Anniversary Double Feature,AMC Alderwood Mall 16,rerelease_title_only,2026-06-30,2026-07-01,2026-07-03,2026-07-02,1.0,2.0,,0.0,1.0,,0.007042253521126761,27.0,0.0,0.0,0.0,0,0,0,0.9918137504817643,0.008169062675004477,1.7173207758042432e-05,1.3635473136372686e-08,0.008203449996939971
Backrooms,AMC Alderwood Mall 16,ordinary_title_only,2026-06-30,2026-07-01,2026-07-03,2026-07-02,1.0,10.0,,0.0,6.0,,0.035211267605633804,7.0,0.0,0.0,0.0,0,0,0,0.7867860062209493,0.1994376117447156,0.013426371062034705,0.00035001097230038066,0.22734038678568616
Backrooms,AMC Alderwood Mall 16,ordinary_title_only,2026-06-30,2026-07-01,2026-07-03,2026-07-02,1.0,2.0,,0.0,5.0,,0.007042253521126761,24.0,0.0,1.0,0.0,0,0,0,0.6897858701959744,0.2783101170549734,0.03058100329861205,0.0013230094504401667,0.343441152003518
Scary Movie,AMC Alderwood Mall 16,ordinary_title_only,2026-06-30,2026-07-01,2026-07-03,2026-07-02,1.0,7.0,,0.0,3.0,,0.02464788732394366,11.0,0.0,0.0,0.0,0,0,0,0.8927385496625696,0.1040740909317276,0.003150940780045596,3.6418625657196905e-05,0.11048522836879039
The Furious,AMC Alderwood Mall 16,ordinary_title_only,2026-06-30,2026-07-01,2026-07-03,2026-07-02,1.0,4.0,,0.0,2.0,,0.014084507042253521,17.0,0.0,0.0,0.0,0,0,0,0.9226760888127707,0.07570669576683059,0.001604282124108316,1.2933296290351245e-05,0.07895405990391828
Girls Like Girls,AMC Alderwood Mall 16,ordinary_title_only,2026-06-30,2026-07-01,2026-07-03,2026-07-02,1.0,4.0,,0.0,5.0,,0.014084507042253521,18.0,0.0,0.0,0.0,0,0,0,0.9499710663707415,0.049366244280201775,0.0006593490129834752,3.3403360732801086e-06,0.050694963314388566
Leviticus,AMC Alderwood Mall 16,ordinary_title_only,2026-06-30,2026-07-01,2026-07-03,2026-07-02,1.0,2.0,,0.0,5.0,,0.007042253521126761,28.0,0.0,0.0,0.0,0,0,0,0.9600398949184407,0.03954058814327712,0.00041784386368661473,1.6730745956009777e-06,0.04038129509443716
Disclosure Day,AMC Alderwood Mall 16,ordinary,2026-06-30,2026-07-01,2026-07-03,2026-07-02,1.0,4.0,,0.0,7.0,,0.014084507042253521,13.0,0.0,1.0,1.0,0,4,3,0.05712394827072618,0.18106747156671377,0.2943827611445206,0.4674258190180395,2.1721104509098734
Obsession,AMC Alderwood Mall 16,ordinary_title_only,2026-06-30,2026-07-01,2026-07-03,2026-07-02,1.0,10.0,,0.0,7.0,,0.035211267605633804,9.0,0.0,0.0,0.0,0,0,0,0.6224800758148655,0.32697293800674415,0.047760558630619336,0.002786427547770992,0.4308533379112958
Obsession,AMC Alderwood Mall 16,ordinary,2026-06-30,2026-07-01,2026-07-03,2026-07-02,1.0,5.0,,0.0,6.0,,0.017605633802816902,12.0,0.0,1.0,1.0,0,5,3,0.11560293123461435,0.29978974321313984,0.33676701945521853,0.24784030609702729,1.7168447004146588
Star Wars: The Mandalorian and Grogu,AMC Alderwood Mall 16,ordinary_title_only,2026-06-30,2026-07-01,2026-07-03,2026-07-02,1.0,1.0,,0.0,1.0,,0.0035211267605633804,31.0,0.0,1.0,0.0,0,0,0,0.9773378170863648,0.022529024546861474,0.00013286200527995277,2.9636149376985443e-07,0.02279563764190269
Masters of the Universe,AMC Alderwood Mall 16,ordinary_title_only,2026-06-30,2026-07-01,2026-07-03,2026-07-02,1.0,3.0,,0.0,4.0,,0.01056338028169014,21.0,0.0,0.0,0.0,0,0,0,0.8572640953683052,0.1369246581375208,0.0057196348170709555,9.161167710307356e-05,0.14863876280297195
Star Wars: The Mandalorian and Grogu,AMC Alderwood Mall 16,ordinary_title_only,2026-06-30,2026-07-01,2026-07-03,2026-07-02,1.0,2.0,,0.0,2.0,,0.007042253521126761,29.0,0.0,0.0,0.0,0,0,0,0.986979045307867,0.012977314289092006,4.358508882440961e-05,5.5314216631271306e-08,0.013064650409390718
Girls Like Girls,AMC Alderwood Mall 16,ordinary_title_only,2026-06-30,2026-07-01,2026-07-03,2026-07-02,1.0,2.0,,0.0,2.0,,0.007042253521126761,22.0,0.0,1.0,0.0,0,0,0,0.8755581647069615,0.12009111351506248,0.004292039221876156,5.8682556099909406e-05,0.12885123962711453
Leviticus,AMC Alderwood Mall 16,ordinary,2026-06-30,2026-07-01,2026-07-03,2026-07-02,1.0,2.0,,0.0,2.0,,0.007042253521126761,23.0,0.0,1.0,1.0,0,1,1,0.314487305362884,0.4406671905764202,0.20240362496211753,0.04244187909857826,0.97280007779639
Masters of the Universe,AMC Alderwood Mall 16,ordinary_title_only,2026-06-30,2026-07-01,2026-07-03,2026-07-02,1.0,1.0,,0.0,1.0,,0.0035211267605633804,32.0,0.0,1.0,1.0,0,1,1,0.8538335813361208,0.14005500012339736,0.006012406806225452,9.901173425643467e-05,0.15237684893861758
Citizen Kane,AMC Alderwood Mall 16,rerelease_title_only,2026-07-07,2026-07-08,2026-07-10,2026-07-09,1.0,2.0,,0.0,3.0,,0.0037174721189591076,23.0,0.0,1.0,0.0,0,0,0,0.9563375462851241,0.043160169982606425,0.0005000873560088752,2.1963762605699415e-06,0.044166933823405884
How to Train Your Dragon,AMC Alderwood Mall 16,ordinary_title_only,2026-07-07,2026-07-08,2026-07-10,2026-07-09,1.0,4.0,,0.0,4.0,,0.007434944237918215,20.0,0.0,1.0,0.0,0,0,0,0.9532338246764345,0.04618856373033384,0.0005748983582195188,2.7132350121749187e-06,0.0473465001518094
Young Washington,AMC Alderwood Mall 16,ordinary,2026-07-07,2026-07-08,2026-07-10,2026-07-09,2.0,34.0,5.8,0.0,7.0,2.0,0.06319702602230483,4.0,0.0,2.0,1.0,0,3,3,0.10718961078056852,0.28587084176736755,0.33695380110492623,0.2699857463471378,1.7697356830186335
Young Washington,AMC Alderwood Mall 16,ordinary_title_only,2026-07-07,2026-07-08,2026-07-10,2026-07-09,1.0,4.0,,0.0,1.0,,0.007434944237918215,21.0,0.0,2.0,0.0,0,0,0,0.9945122443710548,0.005480047694677658,7.703844900484793e-06,4.0893670689636125e-09,0.005495467652579834
Toy Story 5,AMC Alderwood Mall 16,ordinary,2026-07-07,2026-07-08,2026-07-10,2026-07-09,2.0,75.0,1.34375,0.0,7.0,0.0,0.13940520446096655,2.0,0.0,1.0,1.0,0,7,3,0.0038627978086643896,0.014927111868487974,0.03802050474296355,0.9431895855798841,2.9205368780940675
Supergirl,AMC Alderwood Mall 16,ordinary_title_only,2026-07-07,2026-07-08,2026-07-10,2026-07-09,2.0,5.0,-0.8837209302325582,0.8837209302325582,4.0,-3.0,0.00929368029739777,18.0,0.0,1.0,0.0,0,0,0,0.966889034126641,0.03282444148456201,0.0002855835994020274,9.407893950070867e-07,0.03339843105155109
Supergirl,AMC Alderwood Mall 16,ordinary,2026-07-07,2026-07-08,2026-07-10,2026-07-09,2.0,39.0,1.2941176470588236,0.0,7.0,0.0,0.0724907063197026,3.0,0.0,1.0,1.0,0,2,2,0.07497878016161807,0.22318048282385053,0.3209442931723253,0.3808964438422061,2.0077584006951197
Minions & Monsters,AMC Alderwood Mall 16,ordinary,2026-07-07,2026-07-08,2026-07-10,2026-07-09,2.0,162.0,2.056603773584906,0.0,7.0,0.0,0.30111524163568776,1.0,1.0,8.0,1.0,0,7,3,2.4330954467723228e-06,9.545220512385998e-06,2.5291819915934178e-05,0.9999627298641249,2.999948318452719
Minions & Monsters,AMC Alderwood Mall 16,ordinary_title_only,2026-07-07,2026-07-08,2026-07-10,2026-07-09,2.0,10.0,9.0,0.0,5.0,1.0,0.01858736059479554,12.0,0.0,2.0,0.0,0,0,0,0.9859680137882448,0.013981267070747221,5.064979874945068e-05,6.934225849317496e-08,0.014082774695021602
España vs Portugal - Octavos de Final - Telemundo presenta la Copa Mundial de la FIFA 2026,AMC Alderwood Mall 16,special_event_title_only,2026-07-07,2026-07-08,2026-07-10,2026-07-09,1.0,1.0,,0.0,2.0,,0.0018587360594795538,28.0,0.0,-1.0,0.0,0,0,0,0.9838452372139797,0.01608742954947352,6.722704699986033e-05,1.0618954696826118e-07,0.016222202212114144
Suiza vs Colombia - Octavos de Final - Telemundo presenta la Copa Mundial de la FIFA 2026,AMC Alderwood Mall 16,special_event_title_only,2026-07-07,2026-07-08,2026-07-10,2026-07-09,1.0,1.0,,0.0,2.0,,0.0018587360594795538,29.0,0.0,0.0,0.0,0,0,0,0.9802265945216552,0.019672252629500626,0.00010095693952161806,1.9590932258465712e-07,0.019874754236511617
Marruecos vs Francia - Cuartos de Final - Telemundo presenta la Copa Mundial de la FIFA 2026,AMC Alderwood Mall 16,special_event_title_only,2026-07-07,2026-07-08,2026-07-10,2026-07-09,1.0,1.0,,0.0,2.0,,0.0018587360594795538,30.0,0.0,2.0,0.0,0,0,0,0.9635014631467022,0.03614948159505147,0.0003477878939378629,1.2673643085115785e-06,0.03684885947585273
Argentina vs Cabo Verde - Telemundo presenta la Copa Mundial de la FIFA 2026,AMC Alderwood Mall 16,special_event_title_only,2026-07-07,2026-07-08,2026-07-10,2026-07-09,1.0,1.0,,0.0,2.0,,0.0018587360594795538,25.0,0.0,-4.0,0.0,0,0,0,0.9826853961436126,0.017237187363207156,7.728549658895944e-05,1.3099659127235533e-07,0.01739215134615889
Paraguay vs Francia - Octavos de Final - Telemundo presenta la Copa Mundial de la FIFA 2026,AMC Alderwood Mall 16,special_event_title_only,2026-07-07,2026-07-08,2026-07-10,2026-07-09,1.0,1.0,,0.0,2.0,,0.0018587360594795538,27.0,0.0,-3.0,0.0,0,0,0,0.9777827660170647,0.022089296286822897,0.00012765865909302384,2.790370193724966e-07,0.022345450716067063
Brasil vs Noruega - Octavos de Final - Telemundo presenta la Copa Mundial de la FIFA 2026,AMC Alderwood Mall 16,special_event_title_only,2026-07-07,2026-07-08,2026-07-10,2026-07-09,1.0,1.0,,0.0,2.0,,0.0018587360594795538,26.0,0.0,-2.0,0.0,0,0,0,0.9752926018038094,0.02454887503850573,0.0001581377754904329,3.8538219444857657e-07,0.024866306736069942
MOANA,AMC Alderwood Mall 16,special_event_title_only,2026-07-07,2026-07-08,2026-07-10,2026-07-09,1.0,1.0,,0.0,2.0,,0.0018587360594795538,31.0,0.0,2.0,0.0,0,0,0,0.9053137050391379,0.09222752655328809,0.002434276541422168,2.449186615186078e-05,0.097169555234588
Moana,AMC Alderwood Mall 16,ordinary,2026-07-07,2026-07-08,2026-07-10,2026-07-09,1.0,11.0,,0.0,7.0,,0.020446096654275093,10.0,1.0,14.0,1.0,0,5,3,0.002032773750296409,0.007911582008561189,0.020529036271261552,0.9695266079698809,2.9575494784607272
Jackass: Best and Last,AMC Alderwood Mall 16,ordinary,2026-07-07,2026-07-08,2026-07-10,2026-07-09,2.0,33.0,2.0,0.0,7.0,0.0,0.06133828996282528,5.0,0.0,1.0,1.0,0,1,1,0.09621542976650779,0.2662607638548138,0.33490139394739027,0.3026224124312882,1.8439307890434589
Gail Daughtry and the Celebrity Sex Pass,AMC Alderwood Mall 16,ordinary,2026-07-07,2026-07-08,2026-07-10,2026-07-09,1.0,2.0,,0.0,4.0,,0.0037174721189591076,24.0,1.0,8.0,1.0,0,2,2,0.24942377256718062,0.4247613171963679,0.25267124527056406,0.07314366496588741,1.1495348026351582
Bleach: Thousand-Year Blood War - The Calamity,AMC Alderwood Mall 16,ordinary_title_only,2026-07-07,2026-07-08,2026-07-10,2026-07-09,2.0,11.0,0.8333333333333334,0.0,3.0,1.0,0.020446096654275093,11.0,0.0,1.0,0.0,0,0,0,0.9761192763178931,0.02373272385267606,0.00014765233420158927,3.474952292699183e-07,0.024029071006767048
Evil Dead Burn,AMC Alderwood Mall 16,ordinary,2026-07-07,2026-07-08,2026-07-10,2026-07-09,1.0,4.0,,0.0,7.0,,0.007434944237918215,19.0,1.0,14.0,1.0,0,4,3,0.013287900486718688,0.0495140287513654,0.11508844243995112,0.8221096283219648,2.7460197985971617
Disclosure Day,AMC Alderwood Mall 16,ordinary,2026-07-07,2026-07-08,2026-07-10,2026-07-09,2.0,27.0,2.0,0.0,7.0,0.0,0.05018587360594796,7.0,0.0,1.0,1.0,0,3,3,0.11928445124431071,0.30559122260245847,0.33627939805448925,0.2388449280987416,1.6946848030076618
Obsession,AMC Alderwood Mall 16,ordinary,2026-07-07,2026-07-08,2026-07-10,2026-07-09,2.0,29.0,1.6363636363636365,0.0,7.0,1.0,0.05390334572490706,6.0,0.0,1.0,1.0,0,4,3,0.10368790011482028,0.2797971992274705,0.3366059085847913,0.2799089920729179,1.7927359926158069
The Invite,AMC Alderwood Mall 16,ordinary,2026-07-07,2026-07-08,2026-07-10,2026-07-09,1.0,3.0,,0.0,7.0,,0.0055762081784386614,22.0,1.0,8.0,1.0,0,4,3,0.012607175737150518,0.047100105347092545,0.11017959792276891,0.8301131209929881,2.757798664171595
Leviticus,AMC Alderwood Mall 16,ordinary,2026-07-07,2026-07-08,2026-07-10,2026-07-09,2.0,6.0,1.0,0.0,3.0,1.0,0.011152416356877323,15.0,0.0,1.0,0.0,0,0,0,0.9633620691365811,0.036286166756677056,0.0003504818621410127,1.2822446008659097e-06,0.036990977214761675
Masters of the Universe,AMC Alderwood Mall 16,ordinary_title_only,2026-07-07,2026-07-08,2026-07-10,2026-07-09,2.0,6.0,1.0,0.0,4.0,3.0,0.011152416356877323,14.0,0.0,1.0,0.0,0,0,0,0.9977651902153722,0.002233534597457502,1.2749124716064922e-06,2.746986472185745e-10,0.0022360852464966565
Scary Movie,AMC Alderwood Mall 16,ordinary,2026-07-07,2026-07-08,2026-07-10,2026-07-09,2.0,23.0,3.6,0.0,3.0,2.0,0.04275092936802974,8.0,0.0,1.0,0.0,0,0,0,0.5549126964335183,0.3695353687619282,0.07014002678227868,0.0054119080222748426,0.5260511463933101
I Know Who You Are,AMC Alderwood Mall 16,ordinary_title_only,2026-07-07,2026-07-08,2026-07-10,2026-07-09,2.0,6.0,5.0,0.0,2.0,,0.011152416356877323,17.0,0.0,1.0,0.0,0,0,0,0.9904967293971795,0.00948008590938859,2.3163314564695108e-05,2.137886723955566e-08,0.009526476675119699
Backrooms: Everything Must Go Edition w/ Bonus Footage,AMC Alderwood Mall 16,ordinary,2026-07-07,2026-07-08,2026-07-10,2026-07-09,1.0,22.0,,0.0,6.0,,0.040892193308550186,9.0,0.0,1.0,1.0,0,3,3,0.1357385472202371,0.3294970397976562,0.33163690650406547,0.20312750647804126,1.6021533722399108
Tuner,AMC Alderwood Mall 16,ordinary_title_only,2026-07-07,2026-07-08,2026-07-10,2026-07-09,1.0,7.0,,0.0,1.0,,0.013011152416356878,13.0,0.0,1.0,0.0,0,0,0,0.9987740017882882,0.0012256147291553382,3.834372790898022e-07,4.527733713977725e-11,0.0012263817395455293
The Furious,AMC Alderwood Mall 16,ordinary_title_only,2026-07-07,2026-07-08,2026-07-10,2026-07-09,2.0,6.0,2.0,0.0,2.0,,0.011152416356877323,16.0,0.0,1.0,0.0,0,0,0,0.9980721668450887,0.0019268844476895695,9.485309742315783e-07,1.7624749496240153e-10,0.0019287820383805175
The Lego Movie,AMC Alderwood Mall 16,ordinary,2026-07-14,2026-07-15,2026-07-17,2026-07-16,1.0,4.0,,0.0,4.0,,0.007692307692307693,17.0,0.0,1.0,0.0,0,0,0,0.6745741811201519,0.28979087841947704,0.03405456052611332,0.0015803799342577521,0.36264113927447694
Young Washington,AMC Alderwood Mall 16,ordinary,2026-07-14,2026-07-15,2026-07-17,2026-07-16,3.0,29.0,-0.21621621621621623,0.21621621621621623,7.0,0.0,0.05576923076923077,8.0,0.0,1.0,1.0,0,2,2,0.12263871923337841,0.31072883008757013,0.33564292390702094,0.23098952677203052,1.6749832582177036
My Neighbor Totoro - Studio Ghibli Fest 2026,AMC Alderwood Mall 16,special_event,2026-07-14,2026-07-15,2026-07-17,2026-07-16,1.0,6.0,,0.0,4.0,,0.011538461538461539,16.0,0.0,1.0,0.0,0,0,0,0.9412226046309037,0.057856439694930165,0.000915456221050561,5.499453115596431e-06,0.05970385049637808
Toy Story 5,AMC Alderwood Mall 16,ordinary,2026-07-14,2026-07-15,2026-07-17,2026-07-16,3.0,38.0,-0.5308641975308642,0.5308641975308642,7.0,0.0,0.07307692307692308,4.0,0.0,1.0,1.0,0,6,3,0.06699213417923809,0.20505587317029986,0.31112315339443886,0.41682883925602326,2.0777886977272475
Supergirl,AMC Alderwood Mall 16,ordinary,2026-07-14,2026-07-15,2026-07-17,2026-07-16,3.0,29.0,-0.3409090909090909,0.3409090909090909,6.0,-1.0,0.05576923076923077,7.0,0.0,1.0,1.0,0,1,1,0.13701693017399044,0.331222134842678,0.3311321258729052,0.20062880911042635,1.5953728139197674
Minions & Monsters,AMC Alderwood Mall 16,ordinary,2026-07-14,2026-07-15,2026-07-17,2026-07-16,3.0,77.0,-0.5443786982248521,0.5443786982248521,7.0,0.0,0.14807692307692308,2.0,0.0,1.0,1.0,0,6,3,0.004647711351759331,0.01790549859447469,0.045248749273562816,0.9321980407802032,2.9049971194822097
Inglaterra vs Argentina - Semifinales - Telemundo presenta la Copa Mundial de la FIFA 2026,AMC Alderwood Mall 16,special_event,2026-07-14,2026-07-15,2026-07-17,2026-07-16,1.0,1.0,,0.0,2.0,,0.0019230769230769232,22.0,0.0,1.0,0.0,0,0,0,0.9742536341414295,0.025574094451341164,0.00017183457127044444,4.3683595887549287e-07,0.02591907410175868
España vs Bélgica - Cuartos de Final - Telemundo presenta la Copa Mundial de la FIFA 2026,AMC Alderwood Mall 16,special_event_title_only,2026-07-14,2026-07-15,2026-07-17,2026-07-16,1.0,1.0,,0.0,2.0,,0.0019230769230769232,18.0,0.0,-4.0,0.0,0,0,0,0.9903122155952964,0.0096636873350002,2.4074414289875477e-05,2.265541356053914e-08,0.009711904129820634
Noruega vs Inglaterra - Cuartos de Final - Telemundo presenta la Copa Mundial de la FIFA 2026,AMC Alderwood Mall 16,special_event_title_only,2026-07-14,2026-07-15,2026-07-17,2026-07-16,1.0,1.0,,0.0,2.0,,0.0019230769230769232,19.0,0.0,-3.0,0.0,0,0,0,0.9881246814093828,0.01183905093808494,3.6225771719243725e-05,4.188081300594346e-08,0.011911628123962445
Francia vs España - Semifinales - Telemundo presenta la Copa Mundial de la FIFA 2026,AMC Alderwood Mall 16,special_event_title_only,2026-07-14,2026-07-15,2026-07-17,2026-07-16,1.0,1.0,,0.0,2.0,,0.0019230769230769232,20.0,0.0,0.0,0.0,0,0,0,0.9892004593772212,0.01076957050900239,2.993867125030383e-05,3.1442526075044664e-08,0.010829542179081223
The Odyssey,AMC Alderwood Mall 16,ordinary,2026-07-14,2026-07-15,2026-07-17,2026-07-16,1.0,9.0,,0.0,7.0,,0.01730769230769231,14.0,1.0,14.0,1.0,0,12,3,0.004288240404215983,0.016543739176181318,0.041958341924239674,0.937209678495363,2.9120894585107493
Moana,AMC Alderwood Mall 16,ordinary,2026-07-14,2026-07-15,2026-07-17,2026-07-16,2.0,125.0,10.363636363636363,0.0,7.0,0.0,0.2403846153846154,1.0,1.0,9.0,1.0,0,4,3,6.155186714235161e-05,0.0002414167126161959,0.000639285155751901,0.9990577462644895,2.9986932258175885
Jackass: Best and Last,AMC Alderwood Mall 16,ordinary,2026-07-14,2026-07-15,2026-07-17,2026-07-16,3.0,6.0,-0.8333333333333334,0.8333333333333334,2.0,-5.0,0.011538461538461539,15.0,0.0,1.0,0.0,0,0,0,0.8567067909971773,0.13743377186059783,0.005766651444797696,9.278569742719796e-05,0.14924543184247482
Gail Daughtry and the Celebrity Sex Pass,AMC Alderwood Mall 16,ordinary,2026-07-14,2026-07-15,2026-07-17,2026-07-16,2.0,32.0,7.0,0.0,5.0,1.0,0.06153846153846154,6.0,0.0,1.0,1.0,0,1,1,0.4172549985511368,0.4297539782248944,0.13487097160959474,0.018120051614374022,0.753856076287206
Evil Dead Burn,AMC Alderwood Mall 16,ordinary,2026-07-14,2026-07-15,2026-07-17,2026-07-16,2.0,45.0,5.428571428571429,0.0,7.0,0.0,0.08653846153846154,3.0,1.0,9.0,1.0,0,3,3,0.027729778751036625,0.0978398177052136,0.19996541726959016,0.6744649862741596,2.521165611066873
Disclosure Day,AMC Alderwood Mall 16,ordinary,2026-07-14,2026-07-15,2026-07-17,2026-07-16,3.0,12.0,-0.6129032258064516,0.6129032258064516,7.0,0.0,0.023076923076923078,12.0,0.0,1.0,1.0,0,2,2,0.34904452540105174,0.4412125416317056,0.17783793039339948,0.031905002573843266,0.8926034101400344
Obsession,AMC Alderwood Mall 16,ordinary,2026-07-14,2026-07-15,2026-07-17,2026-07-16,3.0,27.0,-0.20588235294117646,0.20588235294117646,6.0,-1.0,0.051923076923076926,9.0,0.0,1.0,1.0,0,3,3,0.1457908915471166,0.3425754639683482,0.3272079062922145,0.18442573819232075,1.5502684911297395
The Invite,AMC Alderwood Mall 16,ordinary,2026-07-14,2026-07-15,2026-07-17,2026-07-16,2.0,32.0,9.666666666666666,0.0,7.0,0.0,0.06153846153846154,5.0,0.0,1.0,1.0,0,3,3,0.2483432662052539,0.4243051265614637,0.2535330332296288,0.07381857400365358,1.1528269150316819
UFC 329: McGregor vs Holloway,AMC Alderwood Mall 16,special_event_title_only,2026-07-14,2026-07-15,2026-07-17,2026-07-16,1.0,1.0,,0.0,1.0,,0.0019230769230769232,21.0,0.0,-3.0,0.0,0,0,0,0.9018779827680128,0.09547428458316787,0.002620308382062643,2.7424266756705985e-05,0.10079717414756327
Backrooms: Everything Must Go Edition w/ Bonus Footage,AMC Alderwood Mall 16,ordinary,2026-07-14,2026-07-15,2026-07-17,2026-07-16,2.0,19.0,-0.2962962962962963,0.2962962962962963,5.0,-1.0,0.03653846153846154,10.0,0.0,1.0,1.0,0,2,2,0.3024961082164759,0.4393021352537111,0.21132640444495776,0.046875352084855354,1.0025810003981928
The Eyes,AMC Alderwood Mall 16,ordinary,2026-07-14,2026-07-15,2026-07-17,2026-07-16,1.0,12.0,,0.0,1.0,,0.023076923076923078,13.0,0.0,1.0,0.0,0,0,0,0.84941203514804,0.14407714064619964,0.006401648103187448,0.00010917610257293376,0.15720796516029334
The Isolate Thief,AMC Alderwood Mall 16,ordinary,2026-07-14,2026-07-15,2026-07-17,2026-07-16,1.0,13.0,,0.0,1.0,,0.025,11.0,0.0,1.0,0.0,0,0,0,0.8745683478752415,0.12100784731041911,0.004363601225982394,6.020358835698027e-05,0.12991566052745485
Sonic The Hedgehog 3,AMC Alderwood Mall 16,accessibility_presentation,2026-07-21,2026-07-22,2026-07-24,2026-07-23,1.0,4.0,,0.0,4.0,,0.008032128514056224,14.0,0.0,1.0,0.0,0,0,0,0.9972241759061956,0.0027738559714948247,1.9675954451279565e-06,5.268644385363229e-10,0.002777792742978396
Young Washington,AMC Alderwood Mall 16,ordinary,2026-07-21,2026-07-22,2026-07-24,2026-07-23,4.0,15.0,-0.5161290322580645,0.5945945945945946,4.0,-3.0,0.030120481927710843,8.0,0.0,1.0,1.0,0,1,1,0.7878093327149257,0.19855856554874166,0.013287813165758998,0.0003442885705736491,0.2261670575919806
Bad Counselors,AMC Alderwood Mall 16,special_event,2026-07-21,2026-07-22,2026-07-24,2026-07-23,1.0,1.0,,0.0,4.0,,0.002008032128514056,23.0,1.0,6.0,1.0,0,1,1,0.8212023948500501,0.16939637597152063,0.009208362225075267,0.0001928669533540155,0.1883917012817332
Toy Story 5,AMC Alderwood Mall 16,ordinary,2026-07-21,2026-07-22,2026-07-24,2026-07-23,4.0,32.0,-0.2727272727272727,0.6049382716049383,7.0,0.0,0.0642570281124498,5.0,0.0,1.0,1.0,0,5,3,0.09096396862345976,0.25626112082575453,0.3328214012380969,0.31995350931268884,1.881764451240015
Supergirl,AMC Alderwood Mall 16,ordinary,2026-07-21,2026-07-22,2026-07-24,2026-07-23,4.0,14.0,-0.5483870967741935,0.6818181818181818,3.0,-3.0,0.028112449799196786,9.0,0.0,1.0,0.0,0,0,0,0.6660602887308625,0.29609890648664877,0.036099710916538706,0.0017410938659499853,0.37352160991757616
Minions & Monsters,AMC Alderwood Mall 16,ordinary,2026-07-21,2026-07-22,2026-07-24,2026-07-23,4.0,62.0,-0.28735632183908044,0.6331360946745562,7.0,0.0,0.12449799196787148,3.0,0.0,1.0,1.0,0,5,3,0.016068159765434947,0.059241803358681795,0.13419500111008278,0.7904950357658005,2.699116912876249
Francia vs Inglaterra Partido por el tercer lugar Telemundo presenta la Copa Mundial de la FIFA 2026,AMC Alderwood Mall 16,special_event,2026-07-21,2026-07-22,2026-07-24,2026-07-23,1.0,1.0,,0.0,2.0,,0.002008032128514056,21.0,0.0,-3.0,0.0,0,0,0,0.9774649428341545,0.022403401223686538,0.00013136460239441427,2.913397645221919e-07,0.022667004447768934
España vs Argentina - Gran Final - Telemundo presenta la Copa Mundial de la FIFA 2026,AMC Alderwood Mall 16,special_event,2026-07-21,2026-07-22,2026-07-24,2026-07-23,1.0,1.0,,0.0,2.0,,0.002008032128514056,22.0,0.0,-2.0,0.0,0,0,0,0.9724571337131768,0.027345445578302895,0.0001968842778020682,5.364307182680671e-07,0.027740823426061833
The Odyssey,AMC Alderwood Mall 16,ordinary,2026-07-21,2026-07-22,2026-07-24,2026-07-23,2.0,146.0,8.125,0.0,7.0,0.0,0.2931726907630522,1.0,1.0,14.0,1.0,0,11,3,1.3216027467168753e-05,5.1845298693188865e-05,0.00013735827190377317,0.9997975804019359,2.9997193030483085
Moana,AMC Alderwood Mall 16,ordinary,2026-07-21,2026-07-22,2026-07-24,2026-07-23,3.0,81.0,-0.39097744360902253,0.39097744360902253,7.0,0.0,0.16265060240963855,2.0,0.0,2.0,1.0,0,3,3,0.0022544734717570847,0.008766843144189131,0.022696831207199605,0.9662818521768543,2.953006062089151
Hadestown: The Musical,AMC Alderwood Mall 16,ordinary,2026-07-21,2026-07-22,2026-07-24,2026-07-23,1.0,3.0,,0.0,7.0,,0.006024096385542169,15.0,1.0,8.0,1.0,0,3,3,0.06402415844692182,0.1980313326848148,0.3066690921543673,0.4312754167138962,2.105195767135238
Mob Psycho 100 Celebrates Its 10th Anniversary,AMC Alderwood Mall 16,rerelease,2026-07-21,2026-07-22,2026-07-24,2026-07-23,1.0,1.0,,0.0,2.0,,0.002008032128514056,24.0,0.0,-1.0,0.0,0,0,0,0.9048743549843875,0.0926431316439462,0.0024576594472493804,2.4853924416912376e-05,0.0976330123116957
Gail Daughtry and the Celebrity Sex Pass,AMC Alderwood Mall 16,ordinary,2026-07-21,2026-07-22,2026-07-24,2026-07-23,3.0,6.0,-0.8181818181818182,0.8181818181818182,2.0,-3.0,0.012048192771084338,13.0,0.0,1.0,0.0,0,0,0,0.9138754008198002,0.08410424651277155,0.0020022011942719357,1.8151473156283925e-05,0.08816310332078428
Sia: Nostalgic For The Present,AMC Alderwood Mall 16,special_event,2026-07-21,2026-07-22,2026-07-24,2026-07-23,1.0,1.0,,0.0,2.0,,0.002008032128514056,19.0,1.0,5.0,1.0,0,1,1,0.8250146200748275,0.16601018502339226,0.008795731450103449,0.00017946345167677423,0.1841400382786295
Evil Dead Burn,AMC Alderwood Mall 16,ordinary,2026-07-21,2026-07-22,2026-07-24,2026-07-23,3.0,36.0,-0.21739130434782608,0.21739130434782608,7.0,0.0,0.07228915662650602,4.0,0.0,2.0,1.0,0,2,2,0.05033806005478024,0.1634852481540587,0.27929788191545923,0.5068788098757018,2.2427174416120828
Evangelion: Death (True)2 & Rebirth (EVANGELION 30th Movie Fest),AMC Alderwood Mall 16,special_event,2026-07-21,2026-07-22,2026-07-24,2026-07-23,1.0,1.0,,0.0,3.0,,0.002008032128514056,20.0,0.0,0.0,0.0,0,0,0,0.8973159250122074,0.09977373983042685,0.0028786460559395775,3.168910142620807e-05,0.10562609924658463
The End Of Evangelion (Evangelion 30th Movie Fest),AMC Alderwood Mall 16,special_event,2026-07-21,2026-07-22,2026-07-24,2026-07-23,1.0,2.0,,0.0,3.0,,0.004016064257028112,18.0,0.0,1.0,0.0,0,0,0,0.8070505538754803,0.18186627586988632,0.010834000355083518,0.00024916989954984985,0.20428178627870291
Disclosure Day,AMC Alderwood Mall 16,ordinary,2026-07-21,2026-07-22,2026-07-24,2026-07-23,4.0,11.0,-0.21428571428571427,0.6451612903225806,5.0,-2.0,0.02208835341365462,11.0,0.0,1.0,1.0,0,1,1,0.5267968546519196,0.38504127900618534,0.08114965402404817,0.0070122123178468585,0.5683772240078222
Obsession,AMC Alderwood Mall 16,ordinary,2026-07-21,2026-07-22,2026-07-24,2026-07-23,4.0,26.0,-0.16129032258064516,0.23529411764705882,5.0,-1.0,0.05220883534136546,7.0,0.0,1.0,1.0,0,2,2,0.32914130583964507,0.44148846086996746,0.1917698024821599,0.03760043080822757,0.93782935825897
The Invite,AMC Alderwood Mall 16,ordinary,2026-07-21,2026-07-22,2026-07-24,2026-07-23,3.0,28.0,-0.24324324324324326,0.24324324324324326,7.0,0.0,0.05622489959839357,6.0,0.0,1.0,1.0,0,2,2,0.1575492364937194,0.3565167974347964,0.3208777801863544,0.16505618588512974,1.4934409154628945
Backrooms: Everything Must Go Edition w/ Bonus Footage,AMC Alderwood Mall 16,ordinary,2026-07-21,2026-07-22,2026-07-24,2026-07-23,3.0,12.0,-0.45454545454545453,0.5555555555555556,4.0,-1.0,0.024096385542168676,10.0,0.0,1.0,1.0,0,1,1,0.7777606134819619,0.2071513772233554,0.014684369187026645,0.0004036401076560508,0.23773103592037684
Motor City,AMC Alderwood Mall 16,ordinary,2026-07-21,2026-07-22,2026-07-24,2026-07-23,1.0,2.0,,0.0,3.0,,0.004016064257028112,16.0,1.0,8.0,1.0,0,2,2,0.3852852612811459,0.4369946896591568,0.15407277567701133,0.023647273382685994,0.8160820611612374
AMC Screen Unseen: July 20,AMC Alderwood Mall 16,special_event,2026-07-21,2026-07-22,2026-07-24,2026-07-23,1.0,1.0,,0.0,7.0,,0.002008032128514056,26.0,0.0,-1.0,0.0,0,0,0,0.9132467712848561,0.08470224847928301,0.002032407654958366,1.857258090253273e-05,0.08882278153190734
Summer Tour,AMC Alderwood Mall 16,special_event,2026-07-21,2026-07-22,2026-07-24,2026-07-23,1.0,1.0,,0.0,2.0,,0.002008032128514056,25.0,0.0,2.0,0.0,0,0,0,0.7789621557897276,0.20612853798376715,0.014513141644089938,0.0003961645824152981,0.23634331501919292
Her Private Hell,AMC Alderwood Mall 16,ordinary,2026-07-21,2026-07-22,2026-07-24,2026-07-23,1.0,2.0,,0.0,4.0,,0.004016064257028112,17.0,1.0,8.0,1.0,0,1,1,0.39251279304618614,0.43562932293895407,0.14958683699237108,0.022271047022488735,0.8016161379911624
Oh Sukumari,AMC Alderwood Mall 16,ordinary,2026-07-21,2026-07-22,2026-07-24,2026-07-23,2.0,8.0,7.0,0.0,2.0,,0.01606425702811245,12.0,0.0,1.0,0.0,0,0,0,0.9415573084832015,0.057532432022196746,0.0009048565919840081,5.40290261772853e-06,0.05935835391401795
The Fifth Element (2026 Event),AMC Alderwood Mall 16,special_event,2026-07-28,2026-07-29,2026-07-31,2026-07-30,1.0,2.0,,0.0,4.0,,0.003787878787878788,21.0,0.0,-1.0,0.0,0,0,0,0.9454614021815952,0.05374829435366614,0.0007859421774529656,4.36128728564804e-06,0.05533326257042902
The Bad Guys 2,AMC Alderwood Mall 16,ordinary,2026-07-28,2026-07-29,2026-07-31,2026-07-30,1.0,4.0,,0.0,4.0,,0.007575757575757576,18.0,0.0,1.0,0.0,0,0,0,0.6525179738868628,0.30595200057631045,0.039506217785367774,0.0020238077514589405,0.3910358594014228
Young Washington,AMC Alderwood Mall 16,ordinary,2026-07-28,2026-07-29,2026-07-31,2026-07-30,5.0,6.0,-0.625,0.8378378378378378,3.0,-1.0,0.011363636363636364,15.0,0.0,1.0,0.0,0,0,0,0.9436565657126477,0.05549877458006658,0.000839835924623667,4.823782662088631e-06,0.05719291777730018
Bad Counselors,AMC Alderwood Mall 16,special_event,2026-07-28,2026-07-29,2026-07-31,2026-07-30,2.0,4.0,3.0,0.0,4.0,0.0,0.007575757575757576,19.0,0.0,-1.0,0.0,0,0,0,0.898930288533552,0.09825383525769224,0.0027857461151473578,3.0130093608461864e-05,0.10391571776881234
Toy Story 5,AMC Alderwood Mall 16,ordinary,2026-07-28,2026-07-29,2026-07-31,2026-07-30,5.0,33.0,-0.13157894736842105,0.5925925925925926,7.0,0.0,0.0625,6.0,0.0,2.0,1.0,0,4,3,0.028864124486040352,0.10141229295330201,0.2052893629051988,0.6644342196554588,2.505293677730076
Minions & Monsters,AMC Alderwood Mall 16,ordinary,2026-07-28,2026-07-29,2026-07-31,2026-07-30,5.0,38.0,-0.4411764705882353,0.7751479289940828,7.0,0.0,0.07196969696969698,3.0,0.0,2.0,1.0,0,4,3,0.021179953721588977,0.07658972909681949,0.16567705736605223,0.7365532598155393,2.6176036232755417
The Odyssey,AMC Alderwood Mall 16,ordinary,2026-07-28,2026-07-29,2026-07-31,2026-07-30,3.0,119.0,-0.2222222222222222,0.2222222222222222,7.0,0.0,0.22537878787878787,1.0,1.0,7.0,1.0,0,10,3,3.61625990835594e-05,0.00014184988586892616,0.00037572565893527086,0.9994462618561123,2.9992320867720763
Moana,AMC Alderwood Mall 16,ordinary,2026-07-28,2026-07-29,2026-07-31,2026-07-30,4.0,34.0,-0.6046511627906976,0.7443609022556391,5.0,-2.0,0.06439393939393939,5.0,0.0,2.0,1.0,0,2,2,0.07678007550965595,0.22711626933685697,0.32276338772453855,0.37334026742894855,1.9926638470727798
Hadestown: The Musical,AMC Alderwood Mall 16,ordinary,2026-07-28,2026-07-29,2026-07-31,2026-07-30,2.0,68.0,6.555555555555555,0.0,7.0,0.0,0.12878787878787878,2.0,0.0,2.0,1.0,0,2,2,0.009561501486723165,0.036142055958016374,0.08703331595619347,0.867263126599067,2.8119980676676044
Spider-Man: Brand New Day Dolby Opening Night Fan Event,AMC Alderwood Mall 16,special_event,2026-07-28,2026-07-29,2026-07-31,2026-07-30,1.0,1.0,,0.0,4.0,,0.001893939393939394,23.0,0.0,2.0,0.0,0,0,0,0.9155393759706636,0.08252015669133224,0.0019233982463847698,1.706909161939471e-05,0.08641816045895996
Spider-Man: Brand New Day,AMC Alderwood Mall 16,ordinary,2026-07-28,2026-07-29,2026-07-31,2026-07-30,1.0,38.0,,0.0,7.0,,0.07196969696969698,4.0,1.0,14.0,1.0,0,10,3,7.336627495062919e-08,2.8782420209310686e-07,7.626619465172423e-07,0.9999988761475764,2.9999984415908245
Sia: Nostalgic For The Present,AMC Alderwood Mall 16,special_event,2026-07-28,2026-07-29,2026-07-31,2026-07-30,2.0,1.0,0.0,0.0,2.0,0.0,0.001893939393939394,22.0,0.0,-2.0,0.0,0,0,0,0.9714677559050098,0.02832022582469969,0.00021142093322910899,5.973370614233488e-07,0.02874485970234218
Evil Dead Burn,AMC Alderwood Mall 16,ordinary,2026-07-28,2026-07-29,2026-07-31,2026-07-30,4.0,27.0,-0.3076923076923077,0.41304347826086957,4.0,-3.0,0.05113636363636364,8.0,0.0,2.0,1.0,0,1,1,0.1705440797508535,0.3703381272496844,0.3127792945715847,0.14633849842787736,1.4349122116764859
WHAM! 10 Days In China,AMC Alderwood Mall 16,special_event,2026-07-28,2026-07-29,2026-07-31,2026-07-30,1.0,1.0,,0.0,2.0,,0.001893939393939394,24.0,0.0,0.0,0.0,0,0,0,0.8538261178243427,0.1400618013560173,0.006013052529791827,9.902828984817006e-05,0.1523849912851455
Disclosure Day,AMC Alderwood Mall 16,ordinary,2026-07-28,2026-07-29,2026-07-31,2026-07-30,5.0,9.0,-0.25,0.7096774193548387,4.0,-1.0,0.017045454545454544,14.0,0.0,1.0,0.0,0,0,0,0.6495735559466027,0.30806421337627304,0.04027226787058817,0.0020899628065360787,0.3948786375370576
Obsession,AMC Alderwood Mall 16,ordinary,2026-07-28,2026-07-29,2026-07-31,2026-07-30,5.0,23.0,-0.20689655172413793,0.3235294117647059,4.0,-1.0,0.043560606060606064,10.0,0.0,2.0,1.0,0,1,1,0.33267950694392256,0.44155338636366837,0.1892491629354121,0.036517943756997,0.9296055435054835
The Invite,AMC Alderwood Mall 16,ordinary,2026-07-28,2026-07-29,2026-07-31,2026-07-30,4.0,31.0,-0.06060606060606061,0.16216216216216217,6.0,-1.0,0.058712121212121215,7.0,0.0,2.0,1.0,0,1,1,0.10487687198491212,0.28187837254315784,0.33675430210154517,0.27649045337038486,1.7848583368574027
Backrooms: Everything Must Go Edition w/ Bonus Footage,AMC Alderwood Mall 16,ordinary,2026-07-28,2026-07-29,2026-07-31,2026-07-30,4.0,14.0,-0.06666666666666667,0.48148148148148145,2.0,-2.0,0.026515151515151516,12.0,0.0,1.0,0.0,0,0,0,0.827296694345499,0.1639777456876017,0.008553784320239902,0.0001717756466593829,0.18160064126805966
Motor City,AMC Alderwood Mall 16,ordinary,2026-07-28,2026-07-29,2026-07-31,2026-07-30,2.0,26.0,7.666666666666667,0.0,5.0,2.0,0.04924242424242424,9.0,0.0,2.0,1.0,0,1,1,0.5131087970889973,0.39206126981872624,0.08689771311078709,0.00793221998148943,0.5896533559847688
I Want Your Sex,AMC Alderwood Mall 16,ordinary,2026-07-28,2026-07-29,2026-07-31,2026-07-30,1.0,3.0,,0.0,4.0,,0.005681818181818182,20.0,1.0,8.0,1.0,0,1,1,0.10394543541939753,0.2802496514695029,0.33664075405370925,0.2791641590573903,1.7910236367490922
Her Private Hell,AMC Alderwood Mall 16,ordinary,2026-07-28,2026-07-29,2026-07-31,2026-07-30,2.0,21.0,6.0,0.0,7.0,3.0,0.03977272727272727,11.0,0.0,1.0,0.0,0,0,0,0.26012270870977605,0.4289092005276412,0.24416110864755286,0.06680698211502988,1.1176523641678366
AMC Screen Unseen: July 27,AMC Alderwood Mall 16,special_event,2026-07-28,2026-07-29,2026-07-31,2026-07-30,1.0,1.0,,0.0,7.0,,0.001893939393939394,26.0,0.0,-1.0,0.0,0,0,0,0.9032705452857432,0.09415922004085257,0.00254402711501025,2.6207558393936062e-05,0.09932589694605488
Above and Below,AMC Alderwood Mall 16,special_event,2026-07-28,2026-07-29,2026-07-31,2026-07-30,1.0,1.0,,0.0,2.0,,0.001893939393939394,25.0,0.0,1.0,0.0,0,0,0,0.8262274550574017,0.16493052257928262,0.008666675496418893,0.00017534686689680255,0.18278991417281082
Reading Lolita in Tehran,AMC Alderwood Mall 16,ordinary,2026-07-28,2026-07-29,2026-07-31,2026-07-30,1.0,6.0,,0.0,1.0,,0.011363636363636364,16.0,0.0,1.0,0.0,0,0,0,0.9497878791629738,0.04954447490540727,0.0006642677031686003,3.378228450327036e-06,0.050883144997095446
Pinocchio Unstrung,AMC Alderwood Mall 16,ordinary,2026-07-28,2026-07-29,2026-07-31,2026-07-30,2.0,6.0,2.0,0.0,3.0,,0.011363636363636364,17.0,0.0,1.0,0.0,0,0,0,0.960643952738972,0.0389493064189968,0.0004051441449826833,1.5966970485559333e-06,0.03976438480010783
Jana Nayagan,AMC Alderwood Mall 16,ordinary,2026-07-28,2026-07-29,2026-07-31,2026-07-30,2.0,11.0,4.5,0.0,1.0,0.0,0.020833333333333332,13.0,0.0,1.0,0.0,0,0,0,0.9231132114784409,0.07528835853631566,0.001585724582131347,1.2705403112054494e-05,0.07849792390991452
Willy Wonka & the Chocolate Factory 55th Anniversary,AMC Alderwood Mall 16,special_event,2026-08-04,2026-08-05,2026-08-07,2026-08-06,1.0,2.0,,0.0,4.0,,0.003683241252302026,16.0,0.0,1.0,0.0,0,0,0,0.9474770491471153,0.05179112990033832,0.0007279390967364558,3.881855809943767e-06,0.053258653661241065
The Spongebob Movie: Search for Squarepants,AMC Alderwood Mall 16,ordinary,2026-08-04,2026-08-05,2026-08-07,2026-08-06,1.0,4.0,,0.0,4.0,,0.007366482504604052,15.0,0.0,1.0,0.0,0,0,0,0.6367437628493131,0.31713864897771565,0.0437183357780419,0.002399252394929359,0.41177307771858757
Toy Story 5,AMC Alderwood Mall 16,ordinary,2026-08-04,2026-08-05,2026-08-07,2026-08-06,6.0,31.0,-0.06060606060606061,0.6172839506172839,6.0,-1.0,0.0570902394106814,5.0,0.0,1.0,1.0,0,3,3,0.052991068516044744,0.17046833910707773,0.2855814598893014,0.49095913248757617,2.214508656348409
Minions & Monsters,AMC Alderwood Mall 16,ordinary,2026-08-04,2026-08-05,2026-08-07,2026-08-06,6.0,32.0,-0.1794871794871795,0.8106508875739645,7.0,0.0,0.058931860036832415,4.0,0.0,1.0,1.0,0,3,3,0.03531488813983341,0.12114584611899641,0.232521129831148,0.6110181359100222,2.419242513511359
The Odyssey,AMC Alderwood Mall 16,ordinary,2026-08-04,2026-08-05,2026-08-07,2026-08-06,4.0,92.0,-0.226890756302521,0.39869281045751637,7.0,0.0,0.1694290976058932,2.0,0.0,2.0,1.0,0,9,3,0.0018082235131010422,0.007043809217832616,0.01831936932401476,0.9728285979450516,2.962168341701017
Moana,AMC Alderwood Mall 16,ordinary,2026-08-04,2026-08-05,2026-08-07,2026-08-06,5.0,32.0,-0.058823529411764705,0.7593984962406015,4.0,-1.0,0.058931860036832415,3.0,0.0,1.0,1.0,0,1,1,0.16184695455197276,0.3612662859916612,0.31831159032026995,0.15857516913609612,1.4736149740404896
Hadestown: The Musical,AMC Alderwood Mall 16,ordinary,2026-08-04,2026-08-05,2026-08-07,2026-08-06,3.0,24.0,-0.6470588235294118,0.6470588235294118,7.0,0.0,0.04419889502762431,6.0,0.0,1.0,1.0,0,1,1,0.11362188904638136,0.2965961154308165,0.3369319128203187,0.2528500827024835,1.7290101891789043
Spider-Man: Brand New Day,AMC Alderwood Mall 16,ordinary,2026-08-04,2026-08-05,2026-08-07,2026-08-06,2.0,255.0,5.7105263157894735,0.0,7.0,0.0,0.4696132596685083,1.0,1.0,14.0,1.0,0,9,3,1.0873099956375178e-11,4.26564142987064e-11,1.1302888544989726e-10,0.9999999998334416,2.999999999769039
"DCI 2026: Big, Loud and Live",AMC Alderwood Mall 16,special_event,2026-08-04,2026-08-05,2026-08-07,2026-08-06,1.0,1.0,,0.0,4.0,,0.001841620626151013,20.0,0.0,2.0,0.0,0,0,0,0.9642054134885247,0.03545904683886039,0.00033434566412367185,1.1940084912065682e-06,0.036131320192581355
Evil Dead Burn,AMC Alderwood Mall 16,ordinary,2026-08-04,2026-08-05,2026-08-07,2026-08-06,5.0,6.0,-0.7777777777777778,0.8695652173913043,2.0,-2.0,0.011049723756906077,9.0,0.0,1.0,0.0,0,0,0,0.9577091664973302,0.0418201090103846,0.000468733349567803,1.9911427174238876e-06,0.042763549137672476
Obsession,AMC Alderwood Mall 16,ordinary,2026-08-04,2026-08-05,2026-08-07,2026-08-06,6.0,6.0,-0.7391304347826086,0.8235294117647058,1.0,-3.0,0.011049723756906077,10.0,0.0,1.0,0.0,0,0,0,0.9580751104888573,0.04146240636869462,0.0004605444547184273,1.9386877296571354e-06,0.04238931134132044
The Invite,AMC Alderwood Mall 16,ordinary,2026-08-04,2026-08-05,2026-08-07,2026-08-06,5.0,13.0,-0.5806451612903226,0.6486486486486487,3.0,-3.0,0.02394106813996317,8.0,0.0,1.0,0.0,0,0,0,0.7798634864656799,0.20536043130045653,0.014385456298778791,0.00039062593508475097,0.23530322170326834
Super Troopers 3,AMC Alderwood Mall 16,ordinary,2026-08-04,2026-08-05,2026-08-07,2026-08-06,1.0,4.0,,0.0,6.0,,0.007366482504604052,13.0,1.0,14.0,1.0,0,2,2,0.036020817599663295,0.12324655243014142,0.23520866295207563,0.6055239670181196,2.4102357793886515
Ateez: Light the Way in Cinemas,AMC Alderwood Mall 16,special_event,2026-08-04,2026-08-05,2026-08-07,2026-08-06,1.0,2.0,,0.0,2.0,,0.003683241252302026,19.0,1.0,4.0,1.0,0,1,1,0.6734244225857671,0.2906477584716654,0.03432646315375581,0.0016013557888117087,0.36410475214561216
Motor City,AMC Alderwood Mall 16,ordinary,2026-08-04,2026-08-05,2026-08-07,2026-08-06,3.0,6.0,-0.7692307692307693,0.7692307692307693,2.0,-3.0,0.011049723756906077,11.0,0.0,1.0,0.0,0,0,0,0.9709262145028557,0.02885355184958139,0.00021960107006044287,6.325775025122457e-07,0.029294651722209814
WWE SummerSlam 2026,AMC Alderwood Mall 16,ambiguous_special,2026-08-04,2026-08-05,2026-08-07,2026-08-06,1.0,2.0,,0.0,1.0,,0.003683241252302026,18.0,0.0,-2.0,0.0,0,0,0,0.9904752066366277,0.009501503158678128,2.326867947282208e-05,2.1525221357780603e-08,0.009548105093287844
Super Troopers 3: Special Broken Lizard Fan Event,AMC Alderwood Mall 16,special_event,2026-08-04,2026-08-05,2026-08-07,2026-08-06,1.0,1.0,,0.0,6.0,,0.001841620626151013,21.0,0.0,2.0,0.0,0,0,0,0.811872992037389,0.1776349539764262,0.01026327663655055,0.00022877734963418344,0.19884783929842986
Ice Cream Man,AMC Alderwood Mall 16,ordinary,2026-08-04,2026-08-05,2026-08-07,2026-08-06,1.0,2.0,,0.0,3.0,,0.003683241252302026,17.0,1.0,8.0,1.0,0,2,2,0.24005513106898727,0.42057054502808944,0.2601499555757936,0.07922436832712973,1.178543561161066
I Want Your Sex,AMC Alderwood Mall 16,ordinary,2026-08-04,2026-08-05,2026-08-07,2026-08-06,2.0,18.0,5.0,0.0,4.0,0.0,0.03314917127071823,7.0,0.0,1.0,0.0,0,0,0,0.4546525788541522,0.41765157658959057,0.11448566689036832,0.013210177665888912,0.6862534433679939
Cookie Queens,AMC Alderwood Mall 16,ordinary,2026-08-04,2026-08-05,2026-08-07,2026-08-06,1.0,4.0,,0.0,2.0,,0.007366482504604052,14.0,1.0,8.0,1.0,0,1,1,0.09217905267440367,0.2586115017492567,0.333372972334587,0.31583647324175274,1.872866866143689
AMC Scream Unseen: August 3,AMC Alderwood Mall 16,special_event,2026-08-04,2026-08-05,2026-08-07,2026-08-06,1.0,1.0,,0.0,7.0,,0.001841620626151013,22.0,0.0,-1.0,0.0,0,0,0,0.9025441112053042,0.0948453817283552,0.002583669658258512,2.6837408082080366e-05,0.10009323326911847
Boyhood 12th Anniversary,AMC Alderwood Mall 16,rerelease,2026-08-04,2026-08-05,2026-08-07,2026-08-06,1.0,1.0,,0.0,1.0,,0.001841620626151013,23.0,0.0,0.0,0.0,0,0,0,0.8497582647792403,0.14376269845685735,0.006370682724672974,0.00010835403922934353,0.15682912602389135
One Night Only,AMC Alderwood Mall 16,ambiguous_special,2026-08-04,2026-08-05,2026-08-07,2026-08-06,1.0,4.0,,0.0,7.0,,0.007366482504604052,12.0,1.0,8.0,1.0,0,2,2,0.21054347954539068,0.40365415685646633,0.28353154367548083,0.10227081992266217,1.2775297039754145
Muppet Treasure Island,AMC Alderwood Mall 16,ordinary,2026-08-11,2026-08-12,2026-08-14,2026-08-13,1.0,4.0,,0.0,4.0,,0.007285974499089253,14.0,0.0,1.0,0.0,0,0,0,0.6631291172903934,0.2982505772528545,0.036820921020870555,0.0017993844358816136,0.3772905726022404
Tales from Earthsea 20th Anniversary - Studio Ghibli Fest 2026,AMC Alderwood Mall 16,rerelease,2026-08-11,2026-08-12,2026-08-14,2026-08-13,1.0,2.0,,0.0,4.0,,0.0036429872495446266,23.0,0.0,-1.0,0.0,0,0,0,0.9513335143171963,0.04804005970086305,0.0006233583805414653,3.0676013992242886e-06,0.04929597926614365
Only Yesterday 35th Anniversary - Studio Ghibli Fest 2026,AMC Alderwood Mall 16,rerelease,2026-08-11,2026-08-12,2026-08-14,2026-08-13,1.0,3.0,,0.0,4.0,,0.00546448087431694,17.0,0.0,0.0,0.0,0,0,0,0.7182408866657803,0.25614588796981197,0.024681798860193647,0.0009314265042140252,0.3083037652028413
Toy Story 5,AMC Alderwood Mall 16,ordinary,2026-08-11,2026-08-12,2026-08-14,2026-08-13,7.0,21.0,-0.4,0.7407407407407407,4.0,-2.0,0.03825136612021858,7.0,0.0,1.0,1.0,0,2,2,0.6206562928958084,0.3282104802857687,0.048293760754872746,0.002839466063550199,0.4333163999861648
Minions & Monsters,AMC Alderwood Mall 16,ordinary,2026-08-11,2026-08-12,2026-08-14,2026-08-13,7.0,19.0,-0.4864864864864865,0.8875739644970414,4.0,-3.0,0.03460837887067395,8.0,0.0,1.0,1.0,0,2,2,0.13947842285833525,0.3344923095616659,0.3301099422888767,0.19591932529112224,1.582470170012786
The Odyssey,AMC Alderwood Mall 16,ordinary,2026-08-11,2026-08-12,2026-08-14,2026-08-13,5.0,82.0,-0.21153846153846154,0.46405228758169936,7.0,0.0,0.1493624772313297,2.0,0.0,1.0,1.0,0,8,3,0.0023720177736635288,0.009219697228798963,0.02384064866630538,0.9645676363312322,2.9506039035551064
Moana,AMC Alderwood Mall 16,ordinary,2026-08-11,2026-08-12,2026-08-14,2026-08-13,6.0,12.0,-0.6571428571428571,0.9097744360902256,3.0,-1.0,0.02185792349726776,10.0,0.0,1.0,0.0,0,0,0,0.8974546237245775,0.09964322274614441,0.002870600556439565,3.155297283850391e-05,0.10547908277753905
Hadestown: The Musical,AMC Alderwood Mall 16,ordinary,2026-08-11,2026-08-12,2026-08-14,2026-08-13,4.0,6.0,-0.76,0.9117647058823529,3.0,-4.0,0.01092896174863388,12.0,0.0,1.0,0.0,0,0,0,0.9289139909669697,0.06972590593868079,0.0013501637211430291,9.939373206488453e-06,0.07245605150058632
Spider-Man: Brand New Day,AMC Alderwood Mall 16,ordinary,2026-08-11,2026-08-12,2026-08-14,2026-08-13,3.0,194.0,-0.25096525096525096,0.25096525096525096,7.0,0.0,0.3533697632058288,1.0,1.0,14.0,1.0,0,8,3,3.4122517251113626e-07,1.3386635735857613e-06,3.5471128437124555e-06,0.9999947729984102,2.9999927518844918
The Brink of War,AMC Alderwood Mall 16,ordinary,2026-08-11,2026-08-12,2026-08-14,2026-08-13,1.0,3.0,,0.0,3.0,,0.00546448087431694,18.0,1.0,8.0,1.0,0,2,2,0.07684894668217246,0.22726566682044716,0.32283025639587315,0.3730551301015073,1.9920915699167154
Super Troopers 3,AMC Alderwood Mall 16,ordinary,2026-08-11,2026-08-12,2026-08-14,2026-08-13,2.0,44.0,10.0,0.0,6.0,0.0,0.08014571948998178,3.0,1.0,7.0,1.0,0,1,1,0.07235088812867603,0.21733954856393364,0.3180396220086992,0.3922699412986912,2.0302286164774057
Ateez: Light the Way in Cinemas,AMC Alderwood Mall 16,special_event,2026-08-11,2026-08-12,2026-08-14,2026-08-13,2.0,2.0,0.0,0.0,2.0,0.0,0.0036429872495446266,25.0,0.0,-3.0,0.0,0,0,0,0.9527641592262232,0.046646355459016534,0.0005866872560151748,2.7980587451388237e-06,0.0478281241472823
Ice Cream Man,AMC Alderwood Mall 16,ordinary,2026-08-11,2026-08-12,2026-08-14,2026-08-13,2.0,23.0,6.666666666666667,0.0,5.0,2.0,0.04189435336976321,6.0,0.0,1.0,1.0,0,1,1,0.4108424121203538,0.4314491692987239,0.13858999732101926,0.01911842125990305,0.7659844277204716
Cookie Queens,AMC Alderwood Mall 16,ordinary,2026-08-11,2026-08-12,2026-08-14,2026-08-13,2.0,37.0,6.4,0.0,3.0,1.0,0.06739526411657559,5.0,0.0,1.0,0.0,0,0,0,0.4020615215809237,0.43357721356657636,0.14379018177558472,0.020571083076915242,0.7828708263484916
Nimrods Early Access – Green Day Intro + Bonus Performance,AMC Alderwood Mall 16,special_event,2026-08-11,2026-08-12,2026-08-14,2026-08-13,1.0,1.0,,0.0,4.0,,0.0018214936247723133,27.0,0.0,0.0,0.0,0,0,0,0.8378303073776932,0.15454474434009924,0.007485567690313786,0.0001393805918938151,0.16993402149640827
KATSEYE: WILD HEARTS,AMC Alderwood Mall 16,special_event,2026-08-11,2026-08-12,2026-08-14,2026-08-13,1.0,3.0,,0.0,3.0,,0.00546448087431694,19.0,1.0,5.0,1.0,0,2,2,0.7177828651189782,0.2565094646225048,0.02477076922004777,0.0009369010384692853,0.30886170617800823
PAW Patrol: The Dino Movie - Early Access,AMC Alderwood Mall 16,special_event,2026-08-11,2026-08-12,2026-08-14,2026-08-13,1.0,1.0,,0.0,4.0,,0.0018214936247723133,29.0,0.0,-3.0,0.0,0,0,0,0.9637268987841244,0.035928404085295636,0.00034345358218131343,1.2435483986224888e-06,0.03661904189485413
Sheep in the Box,AMC Alderwood Mall 16,ordinary,2026-08-11,2026-08-12,2026-08-14,2026-08-13,2.0,18.0,17.0,0.0,3.0,1.0,0.03278688524590164,9.0,0.0,1.0,0.0,0,0,0,0.880481336560993,0.1155215398466039,0.003945601589436787,5.152200296627593e-05,0.1235673090343763
Nimrods,AMC Alderwood Mall 16,ordinary,2026-08-11,2026-08-12,2026-08-14,2026-08-13,1.0,2.0,,0.0,2.0,,0.0036429872495446266,22.0,1.0,8.0,1.0,0,1,1,0.19516668055741151,0.3923793674001878,0.2953056567163094,0.11714829532609133,1.3344355668110806
PAW Patrol: The Dino Movie,AMC Alderwood Mall 16,ordinary,2026-08-11,2026-08-12,2026-08-14,2026-08-13,1.0,3.0,,0.0,7.0,,0.00546448087431694,16.0,1.0,8.0,1.0,0,6,3,0.02165197540677862,0.07815731718426595,0.1683637594811465,0.731826947927809,2.610365679929986
The End of Oak Street,AMC Alderwood Mall 16,ordinary,2026-08-11,2026-08-12,2026-08-14,2026-08-13,1.0,3.0,,0.0,7.0,,0.00546448087431694,15.0,1.0,8.0,1.0,0,4,3,0.01792503381116569,0.06562299081896673,0.14615384671934264,0.7702981286505249,2.668825070209227
AMC Screen Unseen: August 10,AMC Alderwood Mall 16,special_event,2026-08-11,2026-08-12,2026-08-14,2026-08-13,1.0,1.0,,0.0,7.0,,0.0018214936247723133,30.0,0.0,-1.0,0.0,0,0,0,0.8693212698964228,0.1258562716314738,0.004753716527194197,6.874194490922333e-05,0.13556993052058988
Grateful Dead Meet-Up At The Movies 2026,AMC Alderwood Mall 16,special_event,2026-08-11,2026-08-12,2026-08-14,2026-08-13,1.0,2.0,,0.0,4.0,,0.0036429872495446266,26.0,0.0,-1.0,0.0,0,0,0,0.932252125571919,0.06651574651623834,0.0012235741624025821,8.553749440019943e-06,0.06898855608936356
One Night Only,AMC Alderwood Mall 16,ambiguous_special,2026-08-11,2026-08-12,2026-08-14,2026-08-13,2.0,37.0,8.25,0.0,7.0,0.0,0.06739526411657559,4.0,0.0,1.0,1.0,0,1,1,0.6929633032872377,0.2758788465421337,0.029884100254595543,0.001273749916033133,0.33946829679942414
Practical Magic,AMC Alderwood Mall 16,special_event,2026-08-11,2026-08-12,2026-08-14,2026-08-13,1.0,1.0,,0.0,4.0,,0.0018214936247723133,31.0,0.0,0.0,0.0,0,0,0,0.8097097863561008,0.1795353227982684,0.010517125767302753,0.00023776507832806243,0.20128286956785807
2026 CORTIS TOUR <PUT YOUR PHONE DOWN> IN LA: LIVE VIEWING,AMC Alderwood Mall 16,special_event,2026-08-11,2026-08-12,2026-08-14,2026-08-13,1.0,1.0,,0.0,2.0,,0.0018214936247723133,28.0,0.0,2.0,0.0,0,0,0,0.6993416961515418,0.2709645384463177,0.028514494995281893,0.0011792704068585716,0.3315313396574572
Elijah Peel,AMC Alderwood Mall 16,ordinary,2026-08-11,2026-08-12,2026-08-14,2026-08-13,1.0,2.0,,0.0,1.0,,0.0036429872495446266,20.0,1.0,8.0,1.0,0,1,1,0.25151355375204454,0.4256239334505135,0.25100542784319296,0.07185708495424897,1.1432060439996463
Your Name. 10th Anniversary,AMC Alderwood Mall 16,rerelease,2026-08-11,2026-08-12,2026-08-14,2026-08-13,1.0,2.0,,0.0,1.0,,0.0036429872495446266,24.0,1.0,8.0,1.0,0,2,2,0.660346612898959,0.3002834735710666,0.03751374114217662,0.0018561723877977476,0.3808794730188131
The Rivals of Amziah King,AMC Alderwood Mall 16,ordinary,2026-08-11,2026-08-12,2026-08-14,2026-08-13,1.0,2.0,,0.0,2.0,,0.0036429872495446266,21.0,1.0,8.0,1.0,0,1,1,0.2028995716360343,0.3982744709385832,0.2894413115547362,0.10938464587064634,1.3053110316599947
DC,AMC Alderwood Mall 16,ordinary,2026-08-11,2026-08-12,2026-08-14,2026-08-13,2.0,6.0,5.0,0.0,1.0,,0.01092896174863388,13.0,0.0,1.0,1.0,0,1,1,0.9500240210827169,0.049314718816197645,0.0006579306641996764,3.3294368857957533e-06,0.05064056845525438
The Samurai and the Prisoner,AMC Alderwood Mall 16,ordinary,2026-08-11,2026-08-12,2026-08-14,2026-08-13,1.0,12.0,,0.0,1.0,,0.02185792349726776,11.0,0.0,1.0,1.0,0,1,1,0.8639593869918052,0.13079105975166938,0.005171222483788286,7.833077273714821e-05,0.1413684970374574
Six: The Musical Live!,AMC Alderwood Mall 16,special_event,2026-08-18,2026-08-19,2026-08-21,2026-08-20,1.0,9.0,,0.0,7.0,,0.016853932584269662,17.0,0.0,2.0,1.0,0,1,1,0.9678047358801026,0.031924557936317335,0.0002698426508973432,8.635326826931126e-07,0.0324668338361601
Toy Story 5,AMC Alderwood Mall 16,ordinary,2026-08-18,2026-08-19,2026-08-21,2026-08-20,8.0,19.0,-0.24,0.7654320987654321,3.0,-1.0,0.035580524344569285,9.0,0.0,1.0,1.0,0,1,1,0.3619905325653152,0.44023082411814396,0.16910683933667553,0.028671803979865344,0.8644599147310911
Minions & Monsters,AMC Alderwood Mall 16,ordinary,2026-08-18,2026-08-19,2026-08-21,2026-08-20,8.0,19.0,-0.24,0.8875739644970414,2.0,-2.0,0.035580524344569285,10.0,0.0,1.0,1.0,0,1,1,0.23776031532873496,0.41946143331994246,0.26198251689249163,0.08079573445883095,1.1858136704814186
The Odyssey,AMC Alderwood Mall 16,ordinary,2026-08-18,2026-08-19,2026-08-21,2026-08-20,6.0,36.0,-0.6043956043956044,0.7647058823529411,7.0,0.0,0.06741573033707865,3.0,0.0,1.0,1.0,0,7,3,0.02421447584717339,0.08656841702666422,0.18234625229529408,0.7068708548308683,2.5718734861098573
Spider-Man: Brand New Day,AMC Alderwood Mall 16,ordinary,2026-08-18,2026-08-19,2026-08-21,2026-08-20,4.0,110.0,-0.4786729857819905,0.5752895752895753,7.0,0.0,0.20599250936329588,1.0,1.0,8.0,1.0,0,7,3,7.74043812102856e-05,0.00030357404516367004,0.0008037489153517887,0.9988152726582743,2.9983568898506903
The Fast and the Furious 25th Anniversary,AMC Alderwood Mall 16,rerelease,2026-08-18,2026-08-19,2026-08-21,2026-08-20,1.0,2.0,,0.0,3.0,,0.003745318352059925,30.0,1.0,8.0,1.0,0,2,2,0.46983258184316473,0.41173793791058705,0.10683268516795588,0.011596795078292314,0.6601936934813758
The Brink of War,AMC Alderwood Mall 16,ordinary,2026-08-18,2026-08-19,2026-08-21,2026-08-20,2.0,19.0,3.75,0.0,6.0,3.0,0.035580524344569285,11.0,0.0,1.0,1.0,0,1,1,0.5688307777585131,0.3613517848068958,0.06507254477744195,0.004744892657149169,0.5057315523332272
Your Letter,AMC Alderwood Mall 16,ordinary,2026-08-18,2026-08-19,2026-08-21,2026-08-20,1.0,1.0,,0.0,2.0,,0.0018726591760299626,35.0,0.0,-1.0,0.0,0,0,0,0.2900799390214743,0.4371907742623932,0.22075716017692204,0.051972126539210406,1.0346214742338686
Wet Hot American Summer: 25th Anniversary,AMC Alderwood Mall 16,rerelease,2026-08-18,2026-08-19,2026-08-21,2026-08-20,1.0,10.0,,0.0,2.0,,0.018726591760299626,16.0,0.0,1.0,0.0,0,0,0,0.975963342828565,0.023886700510142442,0.00014960222144497323,3.544398475786581e-07,0.024186968272575125
Super Troopers 3,AMC Alderwood Mall 16,ordinary,2026-08-18,2026-08-19,2026-08-21,2026-08-20,3.0,44.0,-0.08333333333333333,0.08333333333333333,6.0,0.0,0.08239700374531835,2.0,0.0,1.0,0.0,0,0,0,0.06976906511087831,0.21148459470190692,0.31488031470992917,0.4038660254772857,2.052843300553622
Point Break 35th Anniversary,AMC Alderwood Mall 16,special_event,2026-08-18,2026-08-19,2026-08-21,2026-08-20,1.0,3.0,,0.0,3.0,,0.0056179775280898875,29.0,0.0,1.0,0.0,0,0,0,0.6081267395309687,0.33658692479274954,0.05205922986893002,0.003227105807351727,0.4503867019526648
Texas Chainsaw Day (2026),AMC Alderwood Mall 16,special_event,2026-08-18,2026-08-19,2026-08-21,2026-08-20,1.0,1.0,,0.0,5.0,,0.0018726591760299626,34.0,0.0,0.0,0.0,0,0,0,0.785844008102245,0.2002460032569662,0.01355464705760043,0.0003553415831883922,0.22842132212173225
Ice Cream Man,AMC Alderwood Mall 16,ordinary,2026-08-18,2026-08-19,2026-08-21,2026-08-20,3.0,6.0,-0.75,0.75,3.0,-2.0,0.011235955056179775,21.0,0.0,1.0,0.0,0,0,0,0.943105856472694,0.056032522417797805,0.0008566497593390403,4.971350169192306e-06,0.05776073598698346
La La Land 10th Anniversary,AMC Alderwood Mall 16,rerelease,2026-08-18,2026-08-19,2026-08-21,2026-08-20,1.0,8.0,,0.0,4.0,,0.0149812734082397,18.0,1.0,4.0,1.0,0,1,1,0.8770882579461752,0.11867267917101704,0.004182677261808531,5.63856209992558e-05,0.12720719055763186
KATSEYE: WILD HEARTS,AMC Alderwood Mall 16,special_event,2026-08-18,2026-08-19,2026-08-21,2026-08-20,2.0,7.0,1.3333333333333333,0.0,3.0,0.0,0.013108614232209739,19.0,0.0,-2.0,1.0,0,1,1,0.7977485271735298,0.1899745336669081,0.01198464851253561,0.0002922906470264325,0.21482070263305864
Train to Busan - 10th Anniversary Remastered & Revived,AMC Alderwood Mall 16,rerelease,2026-08-18,2026-08-19,2026-08-21,2026-08-20,1.0,21.0,,0.0,2.0,,0.03932584269662921,8.0,0.0,2.0,0.0,0,0,0,0.9356589141254292,0.06323272356365327,0.0011010785936165835,7.283717300915736e-06,0.06545673190278918
Nimrods,AMC Alderwood Mall 16,ordinary,2026-08-18,2026-08-19,2026-08-21,2026-08-20,2.0,12.0,5.0,0.0,5.0,3.0,0.02247191011235955,14.0,0.0,1.0,0.0,0,0,0,0.572692132956731,0.35902478216630573,0.06371017733601017,0.004572907540953051,0.5001638594611852
PAW Patrol: The Dino Movie,AMC Alderwood Mall 16,ordinary,2026-08-18,2026-08-19,2026-08-21,2026-08-20,2.0,35.0,7.75,0.0,7.0,0.0,0.06554307116104868,4.0,0.0,1.0,1.0,0,5,3,0.13099946004807564,0.322939709300633,0.3333424258197246,0.2127184048315668,1.6277797754347825
The End of Oak Street,AMC Alderwood Mall 16,ordinary,2026-08-18,2026-08-19,2026-08-21,2026-08-20,2.0,30.0,6.5,0.0,7.0,0.0,0.056179775280898875,6.0,0.0,1.0,1.0,0,3,3,0.10524042533415026,0.28251083348407224,0.3367933758012074,0.27545536538057014,1.7824636812281973
Insidious: Out of the Further,AMC Alderwood Mall 16,ordinary,2026-08-18,2026-08-19,2026-08-21,2026-08-20,1.0,4.0,,0.0,7.0,,0.00749063670411985,23.0,1.0,14.0,1.0,0,5,3,0.010616259409752608,0.03996638652031,0.09527383910332501,0.8541435149666123,2.7929446096267974
One Night Only,AMC Alderwood Mall 16,ambiguous_special,2026-08-18,2026-08-19,2026-08-21,2026-08-20,3.0,30.0,-0.2857142857142857,0.2857142857142857,7.0,0.0,0.056179775280898875,7.0,0.0,1.0,0.0,0,0,0,0.5205376205340334,0.388296058234552,0.08374587890537151,0.007420442326043099,0.5780491430234244
Elijah Peel,AMC Alderwood Mall 16,ordinary,2026-08-18,2026-08-19,2026-08-21,2026-08-20,2.0,13.0,5.5,0.0,1.0,0.0,0.024344569288389514,13.0,0.0,1.0,0.0,0,0,0,0.8270297484280961,0.1642156982637623,0.008581891127513494,0.00017266218062812833,0.1818974670606737
Your Name. 10th Anniversary,AMC Alderwood Mall 16,rerelease,2026-08-18,2026-08-19,2026-08-21,2026-08-20,2.0,14.0,3.6666666666666665,0.0,4.0,3.0,0.026217228464419477,12.0,0.0,1.0,1.0,0,1,1,0.9529433060153227,0.046471752485999364,0.0005821760055366977,2.7654931412024803e-06,0.047644400976496366
The Magic Faraway Tree,AMC Alderwood Mall 16,ordinary,2026-08-18,2026-08-19,2026-08-21,2026-08-20,1.0,3.0,,0.0,2.0,,0.0056179775280898875,27.0,1.0,8.0,1.0,0,2,2,0.06648676744381904,0.2038710790669098,0.31039755037922817,0.4192446031100431,2.0823999891554954
Mutiny,AMC Alderwood Mall 16,ordinary,2026-08-18,2026-08-19,2026-08-21,2026-08-20,1.0,3.0,,0.0,6.0,,0.0056179775280898875,25.0,1.0,8.0,1.0,0,3,3,0.022683965448313657,0.08156472392150702,0.17411571314060068,0.7216355974895787,2.5947029426714447
The Rivals of Amziah King,AMC Alderwood Mall 16,ordinary,2026-08-18,2026-08-19,2026-08-21,2026-08-20,2.0,33.0,5.6,0.0,4.0,2.0,0.06179775280898876,5.0,0.0,1.0,0.0,0,0,0,0.43714185186454835,0.4237734509138707,0.12375595217281227,0.015328745048768723,0.7172715904058015
AMC Scream Unseen: August 17,AMC Alderwood Mall 16,special_event,2026-08-18,2026-08-19,2026-08-21,2026-08-20,1.0,1.0,,0.0,7.0,,0.0018726591760299626,36.0,0.0,-1.0,0.0,0,0,0,0.8201600606082133,0.17032024848372518,0.009323034209497757,0.00019665669856374027,0.18955628699841193
DC,AMC Alderwood Mall 16,ordinary,2026-08-18,2026-08-19,2026-08-21,2026-08-20,3.0,7.0,-0.125,0.125,1.0,0.0,0.013108614232209739,20.0,0.0,1.0,0.0,0,0,0,0.8696119670491127,0.12558815769881573,0.004731627754485139,6.824749758642169e-05,0.13525615570054528
The Samurai and the Prisoner,AMC Alderwood Mall 16,ordinary,2026-08-18,2026-08-19,2026-08-21,2026-08-20,2.0,6.0,-0.5384615384615384,0.5384615384615384,1.0,0.0,0.011235955056179775,22.0,0.0,1.0,0.0,0,0,0,0.9772632228251691,0.02260273318585866,0.00013374465382303246,2.993351492203544e-07,0.022871120498952388
Never Stop Chasing,AMC Alderwood Mall 16,ordinary,2026-08-18,2026-08-19,2026-08-21,2026-08-20,1.0,2.0,,0.0,2.0,,0.003745318352059925,31.0,1.0,8.0,1.0,0,1,1,0.16088698550323205,0.3602209955425339,0.3188951725352048,0.15999684641902936,1.4780018798700314
Paper Flowers,AMC Alderwood Mall 16,ordinary,2026-08-18,2026-08-19,2026-08-21,2026-08-20,1.0,1.0,,0.0,1.0,,0.0018726591760299626,33.0,1.0,8.0,1.0,0,1,1,0.1650900849252532,0.3647323288890288,0.31629847694404023,0.1538791092416778,1.4589666105021426
Tony,AMC Alderwood Mall 16,ordinary,2026-08-18,2026-08-19,2026-08-21,2026-08-20,1.0,3.0,,0.0,5.0,,0.0056179775280898875,28.0,1.0,8.0,1.0,0,3,3,0.01866503671381428,0.0681405723068457,0.15074956352407903,0.7624448274552611,2.656974181720787
Spa Weekend,AMC Alderwood Mall 16,ordinary,2026-08-18,2026-08-19,2026-08-21,2026-08-20,1.0,3.0,,0.0,1.0,,0.0056179775280898875,26.0,1.0,8.0,1.0,0,3,3,0.07992273054121193,0.23385304203440602,0.3256207162553993,0.36060351116898276,1.9669050080521528
The Wrong Girls,AMC Alderwood Mall 16,ordinary,2026-08-18,2026-08-19,2026-08-21,2026-08-20,2.0,12.0,11.0,0.0,4.0,2.0,0.02247191011235955,15.0,0.0,1.0,0.0,0,0,0,0.784700329274734,0.20122644600970055,0.01371132934403215,0.0003618953715333263,0.2297347908123648
Hot Spot,AMC Alderwood Mall 16,ordinary,2026-08-18,2026-08-19,2026-08-21,2026-08-20,1.0,4.0,,0.0,4.0,,0.00749063670411985,24.0,1.0,8.0,1.0,0,1,1,0.028697984756219156,0.10089100581235709,0.2045201955147429,0.6658908139166808,2.5076038385918853
Hushar Pittalu,AMC Alderwood Mall 16,ordinary,2026-08-18,2026-08-19,2026-08-21,2026-08-20,1.0,1.0,,0.0,1.0,,0.0018726591760299626,37.0,0.0,0.0,0.0,0,0,0,0.22561364092454028,0.41302677353153144,0.2716613143221263,0.08969827122180198,1.22544421584119
Panchali Pancha Bhartruka,AMC Alderwood Mall 16,ordinary,2026-08-18,2026-08-19,2026-08-21,2026-08-20,1.0,2.0,,0.0,1.0,,0.003745318352059925,32.0,0.0,1.0,0.0,0,0,0,0.45141836359930254,0.41884003242293477,0.11616191727719823,0.013579686700564527,0.6919029270790248
Six: The Musical Live!,AMC Alderwood Mall 16,special_event,2026-08-25,2026-08-26,2026-08-28,2026-08-27,2.0,7.0,-0.36363636363636365,0.36363636363636365,5.0,-2.0,0.0125,17.0,0.0,1.0,0.0,0,0,0,0.9212108222589409,0.07710814252008305,0.0016673172551443319,1.3717965831712185e-05,0.08048393092786685
Castle in the Sky 40th Anniversary - Studio Ghibli Fest 2026,AMC Alderwood Mall 16,rerelease,2026-08-25,2026-08-26,2026-08-28,2026-08-27,1.0,6.0,,0.0,4.0,,0.010714285714285714,21.0,0.0,1.0,0.0,0,0,0,0.9149285169459849,0.08310188879662923,0.0019521332126300162,1.7461044755884936e-05,0.08705853835615693
Toy Story 5,AMC Alderwood Mall 16,ordinary,2026-08-25,2026-08-26,2026-08-28,2026-08-27,9.0,6.0,-0.7142857142857143,0.9259259259259259,3.0,0.0,0.010714285714285714,19.0,0.0,1.0,0.0,0,0,0,0.9414047020901114,0.057680169649390794,0.0009096814822682557,5.4467782295514225e-06,0.05951587294861596
Minions & Monsters,AMC Alderwood Mall 16,ordinary,2026-08-25,2026-08-26,2026-08-28,2026-08-27,9.0,8.0,-0.6363636363636364,0.9526627218934911,2.0,0.0,0.014285714285714285,15.0,0.0,1.0,0.0,0,0,0,0.6604363157367428,0.30021808405812483,0.03749128096082374,0.001854319244308645,0.38076360371269824
The Odyssey,AMC Alderwood Mall 16,ordinary,2026-08-25,2026-08-26,2026-08-28,2026-08-27,7.0,24.0,-0.4,0.8431372549019608,7.0,0.0,0.04285714285714286,11.0,0.0,1.0,1.0,0,6,3,0.057309203874896464,0.18153475129103183,0.2947506362248688,0.4664054086092029,2.170252249568378
Spider-Man: Brand New Day,AMC Alderwood Mall 16,ordinary,2026-08-25,2026-08-26,2026-08-28,2026-08-27,5.0,74.0,-0.3620689655172414,0.7142857142857143,7.0,0.0,0.13214285714285715,2.0,0.0,2.0,1.0,0,6,3,0.0008056638044318749,0.0031507445964993417,0.008279293504098414,0.9877642980949703,2.9830022258896074
The Fast and the Furious 25th Anniversary,AMC Alderwood Mall 16,rerelease,2026-08-25,2026-08-26,2026-08-28,2026-08-27,2.0,16.0,4.333333333333333,0.0,4.0,1.0,0.02857142857142857,13.0,0.0,1.0,1.0,0,1,1,0.8715353248324583,0.12381274573479224,0.004586889373261593,6.504005948783447e-05,0.13318164465977894
The Brink of War,AMC Alderwood Mall 16,ordinary,2026-08-25,2026-08-26,2026-08-28,2026-08-27,3.0,6.0,-0.7,0.7,3.0,-3.0,0.010714285714285714,22.0,0.0,1.0,0.0,0,0,0,0.7387750648057885,0.23962723023731233,0.02088723251336012,0.0007104724435390823,0.2835331125946498
American Martyr: The Stanley Rother Story,AMC Alderwood Mall 16,special_event,2026-08-25,2026-08-26,2026-08-28,2026-08-27,1.0,3.0,,0.0,4.0,,0.005357142857142857,28.0,0.0,2.0,0.0,0,0,0,0.6077929764053616,0.336807012749602,0.05216200308399275,0.0032380077610436857,0.4508450422007185
La La Land 10th Anniversary,AMC Alderwood Mall 16,rerelease,2026-08-25,2026-08-26,2026-08-28,2026-08-27,2.0,8.0,-0.1111111111111111,0.1111111111111111,3.0,-1.0,0.014285714285714285,16.0,0.0,1.0,0.0,0,0,0,0.9960697168182069,0.003926334152105174,3.9475313022253e-06,1.4983857154712445e-09,0.003934233709866771
KATSEYE: WILD HEARTS,AMC Alderwood Mall 16,special_event,2026-08-25,2026-08-26,2026-08-28,2026-08-27,3.0,3.0,-0.5714285714285714,0.5714285714285714,1.0,-2.0,0.005357142857142857,27.0,0.0,-2.0,0.0,0,0,0,0.8561570492399655,0.1379357592467018,0.005813237114172822,9.395439915988986e-05,0.1498440966725271
PAW Patrol: The Dino Movie,AMC Alderwood Mall 16,ordinary,2026-08-25,2026-08-26,2026-08-28,2026-08-27,3.0,29.0,-0.2926829268292683,0.2926829268292683,7.0,0.0,0.05178571428571429,8.0,0.0,1.0,1.0,0,4,3,0.07538446555020815,0.22407167882224852,0.3213659111260725,0.3791779445014709,2.004337334578806
The End of Oak Street,AMC Alderwood Mall 16,ordinary,2026-08-25,2026-08-26,2026-08-28,2026-08-27,3.0,32.0,-0.08571428571428572,0.08571428571428572,7.0,0.0,0.05714285714285714,5.0,0.0,1.0,1.0,0,2,2,0.08091886563166237,0.23595444088626294,0.3264460980847878,0.35668059539728697,1.9588884232476995
If I Tell You,AMC Alderwood Mall 16,ordinary,2026-08-25,2026-08-26,2026-08-28,2026-08-27,1.0,1.0,,0.0,1.0,,0.0017857142857142857,32.0,0.0,2.0,0.0,0,0,0,0.16158438509938783,0.360981263331477,0.31847178513548074,0.15896256643365445,1.4748125329034019
GHOST: 2 Big To Rig,AMC Alderwood Mall 16,special_event,2026-08-25,2026-08-26,2026-08-28,2026-08-27,1.0,2.0,,0.0,3.0,,0.0035714285714285713,29.0,1.0,4.0,1.0,0,1,1,0.9136936191349598,0.0842771968602706,0.002010911453191648,1.827255157791455e-05,0.08835383742138764
Insidious: Out of the Further,AMC Alderwood Mall 16,ordinary,2026-08-25,2026-08-26,2026-08-28,2026-08-27,2.0,75.0,7.333333333333333,0.0,7.0,0.0,0.13392857142857142,1.0,1.0,9.0,1.0,0,4,3,0.0049586285633323336,0.019080244037704103,0.048067832681858574,0.927893294717105,2.8988957935527364
Coyote vs. Acme,AMC Alderwood Mall 16,ambiguous_special,2026-08-25,2026-08-26,2026-08-28,2026-08-27,1.0,6.0,,0.0,6.0,,0.010714285714285714,18.0,1.0,8.0,1.0,0,6,3,0.08861577274467539,0.25165527139324867,0.33162871746833544,0.3281002383937405,1.8992134215111411
Coyote vs. Acme Early Access,AMC Alderwood Mall 16,special_event,2026-08-25,2026-08-26,2026-08-28,2026-08-27,1.0,1.0,,0.0,5.0,,0.0017857142857142857,35.0,0.0,-2.0,0.0,0,0,0,0.9395682330939896,0.059456981851239724,0.0009687908588311877,5.9941959394667625e-06,0.061412546156720496
House of Worship,AMC Alderwood Mall 16,special_event,2026-08-25,2026-08-26,2026-08-28,2026-08-27,1.0,4.0,,0.0,2.0,,0.007142857142857143,26.0,0.0,1.0,0.0,0,0,0,0.8340195704935469,0.1579670416762124,0.00786285717067935,0.0001505306595613471,0.17414434799625514
Harry Potter And The Philosopher's Stone: 25th Anniversary,AMC Alderwood Mall 16,rerelease,2026-08-25,2026-08-26,2026-08-28,2026-08-27,1.0,1.0,,0.0,3.0,,0.0017857142857142857,34.0,1.0,8.0,1.0,0,1,1,0.9738168863149013,0.02600488892935939,0.00017776497146527374,4.5978427407359197e-07,0.026361798225112157
Your Name. 10th Anniversary,AMC Alderwood Mall 16,rerelease,2026-08-25,2026-08-26,2026-08-28,2026-08-27,3.0,9.0,-0.4375,0.4375,3.0,-1.0,0.01607142857142857,14.0,0.0,1.0,0.0,0,0,0,0.9686202624634301,0.031122731985070876,0.0002562070957616921,7.98455737292805e-07,0.031637541543806144
The Magic Faraway Tree,AMC Alderwood Mall 16,ordinary,2026-08-25,2026-08-26,2026-08-28,2026-08-27,2.0,28.0,6.0,0.0,3.0,1.0,0.05,10.0,0.0,1.0,1.0,0,1,1,0.4741827992973316,0.4099440918793866,0.1047040539405327,0.011169054882749182,0.6528593644086995
The Dog Stars,AMC Alderwood Mall 16,ordinary,2026-08-25,2026-08-26,2026-08-28,2026-08-27,1.0,4.0,,0.0,7.0,,0.007142857142857143,24.0,1.0,14.0,1.0,0,2,2,0.013027079940226529,0.04859063845251875,0.1132186528391197,0.825163628768135,2.750518830435163
Mutiny,AMC Alderwood Mall 16,ordinary,2026-08-25,2026-08-26,2026-08-28,2026-08-27,2.0,35.0,10.666666666666666,0.0,7.0,1.0,0.0625,4.0,0.0,1.0,1.0,0,2,2,0.1811146544554344,0.38043566096564113,0.30555175280214497,0.13289793177677947,1.3902329619002696
Harry Potter And The Chamber of Secrets,AMC Alderwood Mall 16,special_event,2026-08-25,2026-08-26,2026-08-28,2026-08-27,1.0,1.0,,0.0,2.0,,0.0017857142857142857,33.0,0.0,2.0,0.0,0,0,0,0.6084907469154417,0.33634671094830754,0.0519472910577926,0.003215251078458164,0.4498870462992672
Idiots,AMC Alderwood Mall 16,ordinary,2026-08-25,2026-08-26,2026-08-28,2026-08-27,1.0,1.0,,0.0,2.0,,0.0017857142857142857,30.0,1.0,8.0,1.0,0,1,1,0.5085516404754644,0.39431737714646764,0.08886947352168553,0.008261508856382424,0.596840850758986
Never Stop Chasing,AMC Alderwood Mall 16,ordinary,2026-08-25,2026-08-26,2026-08-28,2026-08-27,2.0,29.0,8.666666666666666,0.0,2.0,0.0,0.05178571428571429,9.0,0.0,1.0,0.0,0,0,0,0.5955318339240949,0.3447797388569605,0.05602786832116601,0.0036605588977785667,0.46781715219262826
Paper Flowers,AMC Alderwood Mall 16,ordinary,2026-08-25,2026-08-26,2026-08-28,2026-08-27,2.0,6.0,5.0,0.0,2.0,1.0,0.010714285714285714,20.0,0.0,1.0,0.0,0,0,0,0.9821470104176777,0.017770650350844124,8.219550180466544e-05,1.4372967349772967e-07,0.017935472543473947
Tony,AMC Alderwood Mall 16,ordinary,2026-08-25,2026-08-26,2026-08-28,2026-08-27,2.0,30.0,9.0,0.0,5.0,0.0,0.05357142857142857,7.0,0.0,1.0,1.0,0,2,2,0.3808253796447227,0.4377540670357807,0.15688320386650606,0.02453734945299052,0.8251325231277644
Spa Weekend,AMC Alderwood Mall 16,ordinary,2026-08-25,2026-08-26,2026-08-28,2026-08-27,2.0,31.0,9.333333333333334,0.0,4.0,3.0,0.055357142857142855,6.0,0.0,1.0,1.0,0,2,2,0.576222851077031,0.35687601830537463,0.06248077318232029,0.00442035743527412,0.49509863697583756
Finding Emily,AMC Alderwood Mall 16,ordinary,2026-08-25,2026-08-26,2026-08-28,2026-08-27,1.0,4.0,,0.0,5.0,,0.007142857142857143,25.0,1.0,8.0,1.0,0,2,2,0.017507271748837493,0.0641953316168819,0.1435171308003651,0.7747802658339156,2.6755703907193586
AMC Scream Unseen: August 24,AMC Alderwood Mall 16,special_event,2026-08-25,2026-08-26,2026-08-28,2026-08-27,1.0,1.0,,0.0,7.0,,0.0017857142857142857,36.0,0.0,-1.0,0.0,0,0,0,0.808184923210641,0.1808726432942534,0.010698177226054796,0.00024425626905086404,0.20300176655351557
Colony,AMC Alderwood Mall 16,ordinary,2026-08-25,2026-08-26,2026-08-28,2026-08-27,1.0,1.0,,0.0,2.0,,0.0017857142857142857,31.0,1.0,8.0,1.0,0,2,2,0.6074460734521099,0.33703559552328033,0.05226895938361716,0.003249371640992627,0.45132162921349256
Hot Spot,AMC Alderwood Mall 16,ordinary,2026-08-25,2026-08-26,2026-08-28,2026-08-27,2.0,43.0,9.75,0.0,4.0,0.0,0.07678571428571429,3.0,0.0,1.0,0.0,0,0,0,0.31762797659586206,0.44091983866863366,0.20009881401449578,0.04135337072100851,0.9651775788606507
Idiots Early Access,AMC Alderwood Mall 16,special_event,2026-08-25,2026-08-26,2026-08-28,2026-08-27,1.0,1.0,,0.0,2.0,,0.0017857142857142857,37.0,0.0,0.0,0.0,0,0,0,0.6960499733064401,0.2735062798552453,0.02921644042751304,0.001227306410801542,0.335621079942676
Irumudi,AMC Alderwood Mall 16,ordinary,2026-08-25,2026-08-26,2026-08-28,2026-08-27,2.0,6.0,5.0,0.0,1.0,,0.010714285714285714,23.0,0.0,1.0,0.0,0,0,0,0.9023231480814874,0.09505402812000158,0.0025957927121969195,2.7031086314111053e-05,0.10032670680333775
Teenage Sex and Death at Camp Miasma,AMC Alderwood Mall 16,ordinary,2026-08-25,2026-08-26,2026-08-28,2026-08-27,2.0,18.0,5.0,0.0,3.0,,0.03214285714285714,12.0,0.0,1.0,1.0,0,1,1,0.5356673544179794,0.38030295356433663,0.07756203241260011,0.006467659605083813,0.5548299972047883
The Odyssey,AMC Alderwood Mall 16,ordinary,2026-09-01,2026-09-02,2026-09-04,2026-09-03,8.0,30.0,0.07142857142857142,0.803921568627451,7.0,0.0,0.05385996409335727,9.0,0.0,2.0,1.0,0,5,3,0.041336759493522286,0.13870525586692672,0.253780808194953,0.5661771764445981,2.344798401590627
Spider-Man: Brand New Day,AMC Alderwood Mall 16,ordinary,2026-09-01,2026-09-02,2026-09-04,2026-09-03,6.0,46.0,-0.39473684210526316,0.8223938223938224,7.0,0.0,0.08258527827648116,2.0,0.0,2.0,1.0,0,5,3,0.0014265298836727946,0.005565249756379049,0.014530740588236755,0.9784774797717114,2.970059170247987
The Fast and the Furious 25th Anniversary,AMC Alderwood Mall 16,rerelease,2026-09-01,2026-09-02,2026-09-04,2026-09-03,3.0,15.0,-0.16666666666666666,0.16666666666666666,3.0,-1.0,0.026929982046678635,14.0,0.0,1.0,0.0,0,0,0,0.9236248664650459,0.07479854433731421,0.0015641469780724546,1.2442219567397438e-05,0.07796416495216131
Legend of the White Dragon,AMC Alderwood Mall 16,ordinary,2026-09-01,2026-09-02,2026-09-04,2026-09-03,1.0,4.0,,0.0,3.0,,0.00718132854578097,24.0,0.0,0.0,0.0,0,0,0,0.5432981052788871,0.3761119603987317,0.07456061815497972,0.006029316167401491,0.5433211452108957
Terminator 2: Judgment Day 35th Anniversary,AMC Alderwood Mall 16,rerelease,2026-09-01,2026-09-02,2026-09-04,2026-09-03,1.0,12.0,,0.0,4.0,,0.02154398563734291,17.0,0.0,1.0,0.0,0,0,0,0.943252179914908,0.05589072278649118,0.0008521654557904302,4.931842810439923e-06,0.05760984922650336
The Hunger Games (2026),AMC Alderwood Mall 16,special_event,2026-09-01,2026-09-02,2026-09-04,2026-09-03,1.0,1.0,,0.0,4.0,,0.0017953321364452424,36.0,0.0,2.0,0.0,0,0,0,0.660842466537085,0.29992189446324413,0.03738969151354672,0.0018459474861241608,0.38023911994871
PAW Patrol: The Dino Movie,AMC Alderwood Mall 16,ordinary,2026-09-01,2026-09-02,2026-09-04,2026-09-03,4.0,32.0,-0.1111111111111111,0.21951219512195122,5.0,-2.0,0.05745062836624776,6.0,0.0,2.0,1.0,0,3,3,0.0513921615684091,0.16627681389233295,0.2818565669774528,0.5004744575618052,2.231413320532654
The End of Oak Street,AMC Alderwood Mall 16,ordinary,2026-09-01,2026-09-02,2026-09-04,2026-09-03,4.0,35.0,-0.05405405405405406,0.05405405405405406,7.0,0.0,0.06283662477558348,5.0,0.0,2.0,1.0,0,1,1,0.0358298136971685,0.12267928632390909,0.2344868549115339,0.6070040450673886,2.4126651313491427
GHOST: 2 Big To Rig,AMC Alderwood Mall 16,special_event,2026-09-01,2026-09-02,2026-09-04,2026-09-03,2.0,1.0,-0.5,0.5,3.0,0.0,0.0017953321364452424,35.0,0.0,-3.0,0.0,0,0,0,0.9314808083726216,0.06725808487561596,0.0012522455677001084,8.861184062330827e-06,0.06978915956320317
Insidious: Out of the Further,AMC Alderwood Mall 16,ordinary,2026-09-01,2026-09-02,2026-09-04,2026-09-03,3.0,42.0,-0.475,0.475,7.0,0.0,0.07540394973070018,4.0,0.0,2.0,1.0,0,3,3,0.019414278378976343,0.07067494232273082,0.1553069102650401,0.7546038690332528,2.6451003699525693
Coyote vs. Acme,AMC Alderwood Mall 16,ambiguous_special,2026-09-01,2026-09-02,2026-09-04,2026-09-03,2.0,55.0,8.166666666666666,0.0,7.0,1.0,0.09874326750448834,1.0,0.0,2.0,1.0,0,5,3,0.26012478028975866,0.428909939987121,0.24415946611783143,0.06680581360528895,1.1176463130386507
The Last Blossom,AMC Alderwood Mall 16,special_event,2026-09-01,2026-09-02,2026-09-04,2026-09-03,1.0,2.0,,0.0,3.0,,0.003590664272890485,31.0,0.0,-1.0,0.0,0,0,0,0.8989788019370876,0.09820813440935752,0.0027829795541784836,3.0084099376419933e-05,0.10386434581584375
Katy Perry: The Lifetimes Tour - Live From Paris,AMC Alderwood Mall 16,special_event,2026-09-01,2026-09-02,2026-09-04,2026-09-03,1.0,1.0,,0.0,3.0,,0.0017953321364452424,37.0,0.0,1.0,0.0,0,0,0,0.8746263682033231,0.1209541293893973,0.004359388746763236,6.011366051640188e-05,0.12985324786447297
Harry Potter And The Philosopher's Stone: 25th Anniversary,AMC Alderwood Mall 16,rerelease,2026-09-01,2026-09-02,2026-09-04,2026-09-03,2.0,3.0,2.0,0.0,4.0,1.0,0.005385996409335727,29.0,0.0,1.0,0.0,0,0,0,0.9863635691292182,0.013588545187432702,4.782208349485403e-05,6.359985425768742e-08,0.013684380153985182
Harry Potter & Deathly Hallows: Part 2 (HPD26),AMC Alderwood Mall 16,special_event,2026-09-01,2026-09-02,2026-09-04,2026-09-03,1.0,2.0,,0.0,2.0,,0.003590664272890485,32.0,0.0,1.0,0.0,0,0,0,0.896205209599338,0.10081848632201909,0.002943509842486764,3.279423615611402e-05,0.10680388871546097
Harry Potter And The Goblet Of Fire,AMC Alderwood Mall 16,special_event,2026-09-01,2026-09-02,2026-09-04,2026-09-03,1.0,1.0,,0.0,2.0,,0.0017953321364452424,40.0,0.0,-3.0,0.0,0,0,0,0.6616650622709518,0.2993213910604384,0.037184460909019425,0.0018290857595903553,0.37917757015724834
Harry Potter And The Half Blood Prince,AMC Alderwood Mall 16,special_event,2026-09-01,2026-09-02,2026-09-04,2026-09-03,1.0,1.0,,0.0,2.0,,0.0017953321364452424,42.0,0.0,-1.0,0.0,0,0,0,0.7205206972917413,0.2543329578530201,0.024241796221712103,0.0009045486335264642,0.3055301961970237
The Magic Faraway Tree,AMC Alderwood Mall 16,ordinary,2026-09-01,2026-09-02,2026-09-04,2026-09-03,3.0,13.0,-0.5666666666666667,0.5666666666666667,2.0,-1.0,0.02333931777378815,16.0,0.0,1.0,0.0,0,0,0,0.9214819466125032,0.076848925823725,0.0016555572207966698,1.3570342975168078e-05,0.08020075129424384
The Dog Stars,AMC Alderwood Mall 16,ordinary,2026-09-01,2026-09-02,2026-09-04,2026-09-03,2.0,43.0,7.6,0.0,7.0,0.0,0.07719928186714542,3.0,1.0,8.0,1.0,0,1,1,0.046701248199084326,0.15367882684217493,0.26980900233652355,0.5298109226222173,2.282729599381874
Mutiny,AMC Alderwood Mall 16,ordinary,2026-09-01,2026-09-02,2026-09-04,2026-09-03,3.0,31.0,-0.225,0.225,7.0,0.0,0.05565529622980251,8.0,0.0,2.0,1.0,0,1,1,0.10347902280652946,0.279429554474165,0.3365765378309063,0.2805148848883993,1.7941272848011756
Harry Potter and the Sorcerer’s Stone: 25th Anniversary,AMC Alderwood Mall 16,rerelease,2026-09-01,2026-09-02,2026-09-04,2026-09-03,1.0,3.0,,0.0,4.0,3.0,0.005385996409335727,28.0,0.0,0.0,0.0,0,0,0,0.8517042938281945,0.14199371353045226,0.006198175857883359,0.00010381678346993422,0.15470151559662879
Harry Potter & Deathly Hallows: Part 1 (HPD26),AMC Alderwood Mall 16,special_event,2026-09-01,2026-09-02,2026-09-04,2026-09-03,1.0,1.0,,0.0,2.0,,0.0017953321364452424,43.0,0.0,0.0,0.0,0,0,0,0.9365452453811829,0.062377465764051496,0.0010703127971466524,6.976057618963435e-06,0.06453901953120168
Harry Potter And The Prisoner Of Azkaban (HPD26),AMC Alderwood Mall 16,ordinary,2026-09-01,2026-09-02,2026-09-04,2026-09-03,1.0,1.0,,0.0,2.0,,0.0017953321364452424,39.0,0.0,-4.0,0.0,0,0,0,0.6846283785787715,0.28223231009731653,0.03173311997182616,0.0014061913520858555,0.3499171240972264
Harry Potter And The Order Of The Phoenix (HPD26),AMC Alderwood Mall 16,special_event,2026-09-01,2026-09-02,2026-09-04,2026-09-03,1.0,1.0,,0.0,2.0,,0.0017953321364452424,41.0,0.0,-2.0,0.0,0,0,0,0.9180052538565243,0.08016950974263258,0.0018096871916363972,1.5549209206704352e-05,0.0838355317535255
Idiots,AMC Alderwood Mall 16,ordinary,2026-09-01,2026-09-02,2026-09-04,2026-09-03,2.0,6.0,1.0,0.0,4.0,2.0,0.010771992818671455,19.0,0.0,1.0,0.0,0,0,0,0.9509753653205545,0.0483887786490964,0.0006327182725956346,3.1377577534725967e-06,0.04966362846754809
Tony,AMC Alderwood Mall 16,ordinary,2026-09-01,2026-09-02,2026-09-04,2026-09-03,3.0,20.0,-0.42857142857142855,0.42857142857142855,5.0,0.0,0.03590664272890485,12.0,0.0,2.0,1.0,0,1,1,0.2813650505994703,0.43526216564092635,0.2274810746717941,0.0558917090878093,1.0578994422479424
Spa Weekend,AMC Alderwood Mall 16,ordinary,2026-09-01,2026-09-02,2026-09-04,2026-09-03,3.0,20.0,-0.3939393939393939,0.3939393939393939,3.0,-1.0,0.03590664272890485,11.0,0.0,2.0,1.0,0,1,1,0.3831350948275436,0.43736881976135855,0.15542369141241208,0.02407239399868576,0.82043338458224
Finding Emily,AMC Alderwood Mall 16,ordinary,2026-09-01,2026-09-02,2026-09-04,2026-09-03,2.0,32.0,7.0,0.0,5.0,0.0,0.05745062836624776,7.0,0.0,2.0,1.0,0,1,1,0.28845527161448864,0.43685979549226706,0.22200448989404734,0.05268044299919701,1.0389101042779527
AMC Screen Unseen: August 31,AMC Alderwood Mall 16,special_event,2026-09-01,2026-09-02,2026-09-04,2026-09-03,1.0,1.0,,0.0,7.0,,0.0017953321364452424,44.0,0.0,-1.0,0.0,0,0,0,0.7779769503380305,0.20696730912867822,0.014653454198611195,0.0004022863346800896,0.23748107652994088
By Any Means,AMC Alderwood Mall 16,ordinary,2026-09-01,2026-09-02,2026-09-04,2026-09-03,1.0,5.0,,0.0,7.0,,0.008976660682226212,22.0,1.0,9.0,1.0,0,2,2,0.007592882032904736,0.028919700739475217,0.07098434304645396,0.8925030741811661,2.8483976093758816
Colony,AMC Alderwood Mall 16,ordinary,2026-09-01,2026-09-02,2026-09-04,2026-09-03,2.0,19.0,8.5,0.0,4.0,2.0,0.03411131059245961,13.0,0.0,2.0,1.0,0,1,1,0.7104902626445794,0.2622688760598514,0.026213338840055844,0.0010275224555134094,0.3177781211065033
Sara Bareilles: Good Grief,AMC Alderwood Mall 16,special_event,2026-09-01,2026-09-02,2026-09-04,2026-09-03,1.0,3.0,,0.0,3.0,,0.005385996409335727,30.0,0.0,1.0,0.0,0,0,0,0.6018193841818233,0.3407188307506043,0.05402336070931448,0.003438424358257924,0.459080825244007
Onslaught,AMC Alderwood Mall 16,ordinary,2026-09-01,2026-09-02,2026-09-04,2026-09-03,1.0,4.0,,0.0,5.0,,0.00718132854578097,25.0,1.0,8.0,1.0,0,2,2,0.027150354695452038,0.09600291797305792,0.197179646310759,0.679667081020731,2.529363453656769
Akira,AMC Alderwood Mall 16,ordinary,2026-09-01,2026-09-02,2026-09-04,2026-09-03,1.0,4.0,,0.0,3.0,,0.00718132854578097,26.0,1.0,8.0,1.0,0,2,2,0.06710745345689106,0.20532558566609765,0.31128688573443736,0.4162800751425739,2.076739582562694
Teenage Sex and Death at Camp Miasma,AMC Alderwood Mall 16,ordinary,2026-09-01,2026-09-02,2026-09-04,2026-09-03,3.0,6.0,-0.6842105263157895,0.6842105263157895,3.0,0.0,0.010771992818671455,18.0,0.0,1.0,0.0,0,0,0,0.8541095038971401,0.1398035335525305,0.005988561463921389,9.840108640798256e-05,0.15207585973959722
Cars: 20th Anniversary,AMC Alderwood Mall 16,rerelease,2026-09-01,2026-09-02,2026-09-04,2026-09-03,1.0,3.0,,0.0,2.0,,0.005385996409335727,27.0,1.0,8.0,1.0,0,2,2,0.4241511454624128,0.4278018673645393,0.13094520403161358,0.01710178314143439,0.7409976248520697
The Uprising: Early Access Live Q&A with Paul Greengrass and Andrew Garfield,AMC Alderwood Mall 16,special_event,2026-09-01,2026-09-02,2026-09-04,2026-09-03,1.0,1.0,,0.0,7.0,,0.0017953321364452424,45.0,0.0,2.0,0.0,0,0,0,0.6182767710557442,0.3298182131210479,0.04899508851261872,0.002909927310589157,0.43653817207805284
Buddy,AMC Alderwood Mall 16,ordinary,2026-09-01,2026-09-02,2026-09-04,2026-09-03,2.0,24.0,11.0,0.0,4.0,,0.04308797127468582,10.0,0.0,2.0,1.0,0,4,3,0.34004873216003384,0.4415283055264806,0.1840597689852608,0.034363193328224816,0.9127374234816767
It Ends,AMC Alderwood Mall 16,ordinary,2026-09-01,2026-09-02,2026-09-04,2026-09-03,2.0,14.0,6.0,0.0,5.0,,0.025134649910233394,15.0,0.0,1.0,0.0,0,0,0,0.823351212274289,0.16748909104449128,0.008974472201285603,0.00018522447993413592,0.1859937088868649
Fall 2: Deadpoint,AMC Alderwood Mall 16,ordinary,2026-09-01,2026-09-02,2026-09-04,2026-09-03,1.0,4.0,,0.0,4.0,,0.00718132854578097,23.0,1.0,8.0,1.0,0,2,2,0.09902952951159512,0.27145224249620525,0.33570635587339637,0.2938118721188032,1.8243005705994078
Steel Magnolias,AMC Alderwood Mall 16,ordinary,2026-09-01,2026-09-02,2026-09-04,2026-09-03,1.0,6.0,,0.0,2.0,,0.010771992818671455,20.0,0.0,1.0,0.0,0,0,0,0.9760244293647662,0.023826382116578174,0.00014883681040675433,3.517082488813e-07,0.024125110862138328
The Best Little Whorehouse In Texas,AMC Alderwood Mall 16,ordinary,2026-09-01,2026-09-02,2026-09-04,2026-09-03,1.0,6.0,,0.0,2.0,,0.010771992818671455,21.0,0.0,1.0,0.0,0,0,0,0.9748626182024718,0.024973239487644704,0.0001637361610940011,4.0614878951949115e-07,0.025301930256201262
The Salt Path,AMC Alderwood Mall 16,ordinary,2026-09-01,2026-09-02,2026-09-04,2026-09-03,1.0,1.0,,0.0,1.0,,0.0017953321364452424,34.0,0.0,2.0,1.0,0,1,1,0.1765702074139627,0.3762158795168985,0.3087184229912749,0.13849549007786385,1.4091391957330397
cocoon - One Summer of Girlhood,AMC Alderwood Mall 16,ordinary,2026-09-01,2026-09-02,2026-09-04,2026-09-03,1.0,1.0,,0.0,1.0,,0.0017953321364452424,33.0,0.0,2.0,1.0,0,1,1,0.18373447922004005,0.3827872707576557,0.30369003358231406,0.12978821643999022,1.3795319872422545
The Sun Never Sets,AMC Alderwood Mall 16,ordinary,2026-09-01,2026-09-02,2026-09-04,2026-09-03,1.0,1.0,,0.0,1.0,,0.0017953321364452424,38.0,0.0,2.0,1.0,0,1,1,0.5539951554373097,0.3700634109655524,0.07048283792334394,0.005458595673793986,0.5274048738336222
The Odyssey,AMC Alderwood Mall 16,ordinary,2026-09-08,2026-09-09,2026-09-11,2026-09-10,9.0,28.0,-0.06666666666666667,0.8169934640522876,7.0,0.0,0.06349206349206349,7.0,1.0,8.0,1.0,0,4,3,0.11069397631613319,0.29178226804533924,0.3370427125423891,0.26048104309613856,1.747310822418533
Spider-Man: Brand New Day,AMC Alderwood Mall 16,ordinary,2026-09-08,2026-09-09,2026-09-11,2026-09-10,7.0,44.0,-0.043478260869565216,0.8301158301158301,7.0,0.0,0.09977324263038549,1.0,0.0,1.0,1.0,0,4,3,0.015201309295584142,0.056231275881720146,0.1283962894806842,0.8001711253420115,2.713537230869123
The Hunger Games: Catching Fire (2026),AMC Alderwood Mall 16,special_event,2026-09-08,2026-09-09,2026-09-11,2026-09-10,1.0,1.0,,0.0,4.0,,0.0022675736961451248,34.0,0.0,-4.0,0.0,0,0,0,0.6805082535767726,0.2853438610772423,0.03267228193746743,0.001475603408517675,0.3551152351777302
The Hunger Games: Mockingjay - Part 1 (2026),AMC Alderwood Mall 16,special_event,2026-09-08,2026-09-09,2026-09-11,2026-09-10,1.0,1.0,,0.0,4.0,,0.0022675736961451248,35.0,0.0,-3.0,0.0,0,0,0,0.6342053544664904,0.3189086846750653,0.04442127058337086,0.002464690275073481,0.41514529666702743
The Hunger Games: Mockingjay - Part 2 (2026),AMC Alderwood Mall 16,special_event,2026-09-08,2026-09-09,2026-09-11,2026-09-10,1.0,1.0,,0.0,4.0,,0.0022675736961451248,36.0,0.0,-2.0,0.0,0,0,0,0.585281488415612,0.35127281021057283,0.059396988361156526,0.004048713012658642,0.4822129259708618
The Hunger Games: The Ballad of Songbirds & Snakes (2026),AMC Alderwood Mall 16,special_event,2026-09-08,2026-09-09,2026-09-11,2026-09-10,1.0,1.0,,0.0,3.0,,0.0022675736961451248,37.0,0.0,-1.0,0.0,0,0,0,0.6775842127736196,0.28754026469573324,0.03334901158640547,0.0015265109442417098,0.3588178207012693
Runner,AMC Alderwood Mall 16,ordinary,2026-09-08,2026-09-09,2026-09-11,2026-09-10,1.0,3.0,,0.0,5.0,,0.006802721088435374,26.0,1.0,8.0,1.0,0,3,3,0.01652836098649721,0.06083185916881017,0.13721688886203273,0.7854228909826599,2.6915343098408555
MST3K: The RiffTrax Experiments - Sting of Death,AMC Alderwood Mall 16,special_event,2026-09-08,2026-09-09,2026-09-11,2026-09-10,1.0,2.0,,0.0,4.0,,0.0045351473922902496,28.0,1.0,5.0,1.0,0,1,1,0.6679848806004156,0.2946805051151944,0.03563095544099966,0.0017036588433903186,0.37105339252736463
PAW Patrol: The Dino Movie,AMC Alderwood Mall 16,ordinary,2026-09-08,2026-09-09,2026-09-11,2026-09-10,5.0,18.0,-0.4375,0.5609756097560976,5.0,0.0,0.04081632653061224,10.0,0.0,1.0,1.0,0,2,2,0.14903371985583347,0.34656246229683724,0.3255735943475754,0.17883022349975394,1.5342003214912499
The End of Oak Street,AMC Alderwood Mall 16,ordinary,2026-09-08,2026-09-09,2026-09-11,2026-09-10,5.0,11.0,-0.6857142857142857,0.7027027027027027,6.0,-1.0,0.024943310657596373,14.0,0.0,1.0,0.0,0,0,0,0.15719165920128253,0.35611347312105757,0.3210857372952916,0.1656091303823683,1.4951123388587457
The Passion of the Christ (2026 Event),AMC Alderwood Mall 16,special_event,2026-09-08,2026-09-09,2026-09-11,2026-09-10,1.0,1.0,,0.0,3.0,,0.0022675736961451248,32.0,1.0,5.0,1.0,0,1,1,0.5612709753716127,0.36583693972998477,0.06779430663848263,0.005097778259919885,0.5167188877867097
Insidious: Out of the Further,AMC Alderwood Mall 16,ordinary,2026-09-08,2026-09-09,2026-09-11,2026-09-10,4.0,25.0,-0.40476190476190477,0.6875,5.0,-2.0,0.05668934240362812,9.0,0.0,1.0,1.0,0,2,2,0.10930066209100972,0.28945165822125174,0.33703717589429283,0.2642105037934457,1.7561575213901746
Coyote vs. Acme,AMC Alderwood Mall 16,ambiguous_special,2026-09-08,2026-09-09,2026-09-11,2026-09-10,3.0,32.0,-0.41818181818181815,0.41818181818181815,7.0,0.0,0.07256235827664399,3.0,0.0,1.0,1.0,0,4,3,0.5393409786075671,0.37829838654901676,0.07610737014632087,0.006253264697095246,0.5492729209329442
The Dog Stars,AMC Alderwood Mall 16,ordinary,2026-09-08,2026-09-09,2026-09-11,2026-09-10,3.0,26.0,-0.3953488372093023,0.3953488372093023,7.0,0.0,0.05895691609977324,8.0,0.0,1.0,0.0,0,0,0,0.10474194062299333,0.281643173327018,0.3367390549224222,0.27687583112756653,1.7857487765545619
Mutiny,AMC Alderwood Mall 16,ordinary,2026-09-08,2026-09-09,2026-09-11,2026-09-10,4.0,5.0,-0.8387096774193549,0.875,3.0,-4.0,0.011337868480725623,21.0,0.0,0.0,0.0,0,0,0,0.7541525898252879,0.22698598566216643,0.018287922791262543,0.0005735017212831484,0.26528233640854093
Practical Magic 2,AMC Alderwood Mall 16,ordinary,2026-09-08,2026-09-09,2026-09-11,2026-09-10,1.0,4.0,,0.0,7.0,,0.009070294784580499,24.0,1.0,9.0,1.0,0,4,3,0.00917383238450393,0.03472854101923073,0.08394271799903126,0.8721549085972341,2.8190787028089956
Tony,AMC Alderwood Mall 16,ordinary,2026-09-08,2026-09-09,2026-09-11,2026-09-10,4.0,6.0,-0.7,0.8285714285714286,4.0,-1.0,0.013605442176870748,16.0,0.0,1.0,0.0,0,0,0,0.6474259306108405,0.30959793330748625,0.04083681450561535,0.002139321576057886,0.3976895270468906
Spa Weekend,AMC Alderwood Mall 16,ordinary,2026-09-08,2026-09-09,2026-09-11,2026-09-10,4.0,5.0,-0.75,0.8484848484848485,1.0,-2.0,0.011337868480725623,22.0,0.0,0.0,0.0,0,0,0,0.6148972699474303,0.33208803204872095,0.050002197952685415,0.0030125000511633205,0.4411299281075817
Finding Emily,AMC Alderwood Mall 16,ordinary,2026-09-08,2026-09-09,2026-09-11,2026-09-10,3.0,5.0,-0.84375,0.84375,5.0,0.0,0.011337868480725623,23.0,0.0,0.0,0.0,0,0,0,0.41140247939509766,0.4313058017244243,0.13826254226233545,0.019029176618142574,0.764918416103523
The Nutty Professor: 30th Anniversary,AMC Alderwood Mall 16,rerelease,2026-09-08,2026-09-09,2026-09-11,2026-09-10,1.0,2.0,,0.0,2.0,,0.0045351473922902496,29.0,0.0,1.0,0.0,0,0,0,0.8679162497799415,0.12715131421140924,0.004861267958470924,7.116805017830057e-05,0.137087354278886
Oasis: Don’t Look Back In Anger IMAX Early Access,AMC Alderwood Mall 16,special_event,2026-09-08,2026-09-09,2026-09-11,2026-09-10,1.0,1.0,,0.0,3.0,,0.0022675736961451248,38.0,0.0,1.0,0.0,0,0,0,0.7962699887679647,0.19125673787229888,0.012173647482605467,0.0002996258771309096,0.21650291046890255
By Any Means,AMC Alderwood Mall 16,ordinary,2026-09-08,2026-09-09,2026-09-11,2026-09-10,2.0,36.0,6.2,0.0,7.0,0.0,0.08163265306122448,2.0,0.0,2.0,1.0,0,1,1,0.04559299565304972,0.15063571835305914,0.26670389534210015,0.537067390651791,2.2952456809926325
Colony,AMC Alderwood Mall 16,ordinary,2026-09-08,2026-09-09,2026-09-11,2026-09-10,3.0,6.0,-0.6842105263157895,0.6842105263157895,1.0,-3.0,0.013605442176870748,15.0,0.0,1.0,0.0,0,0,0,0.8655750904140771,0.12930616715807536,0.005043396112672412,7.534631517512404e-05,0.13961899832894553
Oasis: Don't Look Back in Anger,AMC Alderwood Mall 16,ordinary,2026-09-08,2026-09-09,2026-09-11,2026-09-10,1.0,3.0,,0.0,4.0,,0.006802721088435374,27.0,1.0,8.0,1.0,0,2,2,0.021941363133938692,0.07911555389849123,0.16999348523462482,0.7289495977329453,2.6059513175665767
HOPE Premium Early Access,AMC Alderwood Mall 16,special_event,2026-09-08,2026-09-09,2026-09-11,2026-09-10,1.0,1.0,,0.0,4.0,,0.0022675736961451248,41.0,0.0,-1.0,0.0,0,0,0,0.8342609152306965,0.15775062308105195,0.00783865590670149,0.00014980578155009922,0.17387735223910522
Space Seed + Star Trek II: The Wrath of Khan - Director's Cut 60th Anniversary Event,AMC Alderwood Mall 16,rerelease,2026-09-08,2026-09-09,2026-09-11,2026-09-10,1.0,2.0,,0.0,2.0,,0.0045351473922902496,30.0,0.0,0.0,0.0,0,0,0,0.9606009134092742,0.03899144218033754,0.00040604235167650667,1.6020587117270367e-06,0.03980833305982573
The City on The Edge of Forever + Star Trek IV: The Voyage Home 60th Anniversary Event,AMC Alderwood Mall 16,rerelease,2026-09-08,2026-09-09,2026-09-11,2026-09-10,1.0,2.0,,0.0,2.0,,0.0045351473922902496,31.0,0.0,0.0,0.0,0,0,0,0.7727753254538994,0.21138163416715078,0.015407236659828606,0.0004358037191212407,0.2435035186441717
The Changeling + Star Trek: The Motion Picture - Director's Edition - 60th Anniversary Event,AMC Alderwood Mall 16,rerelease,2026-09-08,2026-09-09,2026-09-11,2026-09-10,1.0,1.0,,0.0,2.0,,0.0022675736961451248,39.0,0.0,-4.0,0.0,0,0,0,0.924271287661512,0.07417948916960894,0.001537108001212454,1.2115167666602594e-05,0.07729005067503365
Amok Time + Star Trek III: The Search for Spock 60th Anniversary Event,AMC Alderwood Mall 16,rerelease,2026-09-08,2026-09-09,2026-09-11,2026-09-10,1.0,1.0,,0.0,2.0,,0.0022675736961451248,40.0,0.0,-2.0,0.0,0,0,0,0.8946122835321275,0.1023154052898642,0.0030378848752072338,3.4426302801051166e-05,0.10849445394868182
Onslaught,AMC Alderwood Mall 16,ordinary,2026-09-08,2026-09-09,2026-09-11,2026-09-10,2.0,32.0,7.0,0.0,5.0,0.0,0.07256235827664399,4.0,0.0,1.0,1.0,0,1,1,0.25327868071324505,0.42633248354553793,0.2495995349573355,0.07078930078388156,1.1378994558118536
Akira,AMC Alderwood Mall 16,ordinary,2026-09-08,2026-09-09,2026-09-11,2026-09-10,2.0,32.0,7.0,0.0,5.0,2.0,0.07256235827664399,5.0,0.0,1.0,1.0,0,1,1,0.32030820335969373,0.4411019424237594,0.198142854075759,0.04044700014078784,0.9587286509976408
The Uprising,AMC Alderwood Mall 16,ordinary,2026-09-08,2026-09-09,2026-09-11,2026-09-10,1.0,4.0,,0.0,6.0,,0.009070294784580499,25.0,1.0,8.0,1.0,0,2,2,0.006685739957259647,0.02555415303867498,0.06328427946861749,0.9044758275354478,2.8655501945822532
Hope,AMC Alderwood Mall 16,ordinary,2026-09-08,2026-09-09,2026-09-11,2026-09-10,1.0,6.0,,0.0,5.0,,0.013605442176870748,19.0,1.0,8.0,1.0,0,3,3,0.04416803355393801,0.14668476659422994,0.2625573337420538,0.5465898661097782,2.3115690324076725
Cars: 20th Anniversary,AMC Alderwood Mall 16,rerelease,2026-09-08,2026-09-09,2026-09-11,2026-09-10,2.0,16.0,4.333333333333333,0.0,4.0,2.0,0.036281179138321996,11.0,0.0,1.0,1.0,0,1,1,0.9795993808884043,0.020292896241740938,0.000107507493749947,2.153761048551653e-07,0.020508557357555395
AMC Screen Unseen: September 7,AMC Alderwood Mall 16,special_event,2026-09-08,2026-09-09,2026-09-11,2026-09-10,1.0,1.0,,0.0,7.0,,0.0022675736961451248,42.0,0.0,-1.0,0.0,0,0,0,0.6942565009798349,0.27488611442228555,0.029603259819599312,0.001254124778280183,0.3378550083963247
Buddy,AMC Alderwood Mall 16,ordinary,2026-09-08,2026-09-09,2026-09-11,2026-09-10,3.0,30.0,0.25,0.0,7.0,3.0,0.06802721088435375,6.0,0.0,1.0,1.0,0,3,3,0.16425865654193156,0.36385330009200756,0.31682051819878726,0.15506752516727368,1.462696911991403
Fall 2: Deadpoint,AMC Alderwood Mall 16,ordinary,2026-09-08,2026-09-09,2026-09-11,2026-09-10,2.0,12.0,2.0,0.0,5.0,1.0,0.027210884353741496,13.0,0.0,1.0,1.0,0,1,1,0.36673794363849616,0.4397207661012773,0.1659719565476687,0.027569333712557927,0.8543726803342884
The Salt Path,AMC Alderwood Mall 16,ordinary,2026-09-08,2026-09-09,2026-09-11,2026-09-10,2.0,6.0,5.0,0.0,1.0,0.0,0.013605442176870748,18.0,0.0,1.0,0.0,0,0,0,0.9144751730860512,0.08353346670641928,0.0019736042421403107,1.775596538921057e-05,0.08753394308686754
cocoon - One Summer of Girlhood,AMC Alderwood Mall 16,ordinary,2026-09-08,2026-09-09,2026-09-11,2026-09-10,2.0,6.0,5.0,0.0,2.0,1.0,0.013605442176870748,17.0,0.0,1.0,0.0,0,0,0,0.9069366040574733,0.09069127670210515,0.002348932672461103,2.3186567960401188e-05,0.09545870175090856
The Sun Never Sets,AMC Alderwood Mall 16,ordinary,2026-09-08,2026-09-09,2026-09-11,2026-09-10,2.0,15.0,14.0,0.0,3.0,2.0,0.034013605442176874,12.0,0.0,1.0,0.0,0,0,0,0.9526094563898223,0.046797119808562014,0.0005905974103927894,2.8263912228926028e-06,0.04798679380301627
Sahaa,AMC Alderwood Mall 16,ordinary,2026-09-08,2026-09-09,2026-09-11,2026-09-10,1.0,6.0,,0.0,1.0,,0.013605442176870748,20.0,0.0,1.0,0.0,0,0,0,0.9725036503386363,0.027299602191988386,0.0001962137938672926,5.336755080371574e-07,0.027693630806247083
The Fix,AMC Alderwood Mall 16,ordinary,2026-09-08,2026-09-09,2026-09-11,2026-09-10,1.0,1.0,,0.0,3.0,,0.0022675736961451248,33.0,1.0,8.0,1.0,0,1,1,0.5240822767602342,0.3864619823308868,0.08226899131671671,0.007186749592162288,0.5725602137408071
The Odyssey,AMC Alderwood Mall 16,ordinary,2026-09-15,2026-09-16,2026-09-18,2026-09-17,10.0,24.0,-0.2,0.7983193277310925,7.0,0.0,0.057279236276849645,7.0,0.0,1.0,1.0,0,3,3,0.2077126971119881,0.4017125869904492,0.2857312574009391,0.10484345849662369,1.2877054772821985
Spider-Man: Brand New Day,AMC Alderwood Mall 16,ordinary,2026-09-15,2026-09-16,2026-09-18,2026-09-17,8.0,25.0,-0.4791666666666667,0.9034749034749034,7.0,0.0,0.059665871121718374,4.0,0.0,1.0,1.0,0,3,3,0.05980397280103922,0.1877631465011275,0.2994936531799234,0.45293922751790994,2.145568135414704
Runner,AMC Alderwood Mall 16,ordinary,2026-09-15,2026-09-16,2026-09-18,2026-09-17,2.0,24.0,5.0,0.0,5.0,0.0,0.057279236276849645,9.0,0.0,1.0,1.0,1,,,0.22890387396316095,0.41486528829671937,0.26904525861069123,0.08718557912942845,1.214512542906387
MST3K: The RiffTrax Experiments - Sting of Death,AMC Alderwood Mall 16,special_event,2026-09-15,2026-09-16,2026-09-18,2026-09-17,2.0,1.0,-0.5,0.5,4.0,0.0,0.002386634844868735,29.0,0.0,-2.0,0.0,0,0,0,0.9237272319992884,0.07470052932828193,0.0015598486481706918,1.2390024258966114e-05,0.07785739669740022
PAW Patrol: The Dino Movie,AMC Alderwood Mall 16,ordinary,2026-09-15,2026-09-16,2026-09-18,2026-09-17,6.0,9.0,-0.5263157894736842,0.7804878048780488,2.0,-3.0,0.021479713603818614,17.0,0.0,1.0,1.0,0,1,1,0.43696838110266656,0.42383018944292666,0.12385019193327074,0.015351237521136037,0.7175842858728761
The Passion of the Christ (2026 Event),AMC Alderwood Mall 16,special_event,2026-09-15,2026-09-16,2026-09-18,2026-09-17,2.0,6.0,5.0,0.0,4.0,1.0,0.014319809069212411,20.0,0.0,1.0,0.0,0,0,0,0.987046389333103,0.01291042269879183,4.313351382149491e-05,5.445428371805771e-08,0.012996853089285974
Insidious: Out of the Further,AMC Alderwood Mall 16,ordinary,2026-09-15,2026-09-16,2026-09-18,2026-09-17,5.0,11.0,-0.5925925925925926,0.8625,4.0,-1.0,0.026252983293556086,15.0,0.0,1.0,1.0,0,1,1,0.3206724303439795,0.4411243301326378,0.1978778373425078,0.040325402180874916,0.9578562113602782
Coyote vs. Acme,AMC Alderwood Mall 16,ambiguous_special,2026-09-15,2026-09-16,2026-09-18,2026-09-17,4.0,28.0,-0.24324324324324326,0.4909090909090909,7.0,0.0,0.06682577565632458,2.0,0.0,1.0,1.0,0,3,3,0.5177575508791218,0.3897176579443941,0.08491637313051933,0.007608418045964749,0.582375658343327
The Transformers: The Movie 40th Anniversary,AMC Alderwood Mall 16,special_event,2026-09-15,2026-09-16,2026-09-18,2026-09-17,1.0,5.0,,0.0,4.0,,0.011933174224343675,24.0,1.0,6.0,1.0,1,,,0.10727741756590402,0.2860209829208853,0.3369591145550899,0.26974248495812075,1.7691666669054276
Juan Gabriel: Mi Primer Bellas Artes,AMC Alderwood Mall 16,special_event,2026-09-15,2026-09-16,2026-09-18,2026-09-17,1.0,2.0,,0.0,3.0,,0.00477326968973747,27.0,0.0,1.0,0.0,0,0,0,0.7500129997219218,0.23041112815607234,0.01896769900536632,0.0006081731166395326,0.2701710455167236
Practical Magic 2,AMC Alderwood Mall 16,ordinary,2026-09-15,2026-09-16,2026-09-18,2026-09-17,2.0,55.0,5.111111111111111,0.0,7.0,0.0,0.13126491646778043,1.0,0.0,2.0,1.0,0,3,3,0.014214209981288434,0.052778400227688,0.12161987645494113,0.8113875133360825,2.730180693145818
By Any Means,AMC Alderwood Mall 16,ordinary,2026-09-15,2026-09-16,2026-09-18,2026-09-17,3.0,24.0,-0.3333333333333333,0.3333333333333333,7.0,0.0,0.057279236276849645,8.0,0.0,1.0,0.0,0,0,0,0.09739886075234837,0.26845796216703666,0.33526501911600365,0.2988781579646114,1.8356224742928782
Oasis: Don't Look Back in Anger,AMC Alderwood Mall 16,ordinary,2026-09-15,2026-09-16,2026-09-18,2026-09-17,2.0,25.0,5.25,0.0,4.0,0.0,0.059665871121718374,6.0,0.0,2.0,1.0,0,1,1,0.5049779899468061,0.3960575259738593,0.09043626024900851,0.00852822383032612,0.6025147179628546
Onslaught,AMC Alderwood Mall 16,ordinary,2026-09-15,2026-09-16,2026-09-18,2026-09-17,3.0,7.0,-0.7941176470588235,0.7941176470588235,5.0,0.0,0.016706443914081145,19.0,0.0,1.0,0.0,0,0,0,0.5873906816962703,0.3499498352961536,0.05869337106020228,0.003966111947373838,0.4792349132586797
Akira,AMC Alderwood Mall 16,ordinary,2026-09-15,2026-09-16,2026-09-18,2026-09-17,3.0,10.0,-0.7058823529411765,0.7058823529411765,5.0,0.0,0.02386634844868735,16.0,0.0,1.0,0.0,0,0,0,0.424252344788582,0.4277722420343703,0.13088816103811285,0.017087252138934833,0.7408103205274006
The Uprising,AMC Alderwood Mall 16,ordinary,2026-09-15,2026-09-16,2026-09-18,2026-09-17,2.0,26.0,5.5,0.0,6.0,0.0,0.06205250596658711,3.0,0.0,1.0,1.0,0,1,1,0.24128207991704947,0.42115002343914126,0.259170065585796,0.07839783105801336,1.1746836477847733
Daniel and the Fiery Furnace,AMC Alderwood Mall 16,ordinary,2026-09-15,2026-09-16,2026-09-18,2026-09-17,1.0,2.0,,0.0,2.0,,0.00477326968973747,26.0,1.0,8.0,1.0,1,,,0.13916813474999085,0.3340837855324258,0.3302423467045537,0.1965057330130296,1.584085677980622
Hope,AMC Alderwood Mall 16,ordinary,2026-09-15,2026-09-16,2026-09-18,2026-09-17,2.0,24.0,2.0,0.0,6.0,1.0,0.057279236276849645,10.0,0.0,1.0,1.0,1,,,0.15692032216257254,0.3558065776312343,0.3212429475481128,0.16603015265808044,1.4963829307017011
Cars: 20th Anniversary,AMC Alderwood Mall 16,rerelease,2026-09-15,2026-09-16,2026-09-18,2026-09-17,3.0,15.0,-0.21052631578947367,0.21052631578947367,4.0,0.0,0.03579952267303103,11.0,0.0,1.0,0.0,0,0,0,0.9706657559257563,0.029110002327568992,0.00022359172945278177,6.500172219032447e-07,0.029559135838140266
Shaun the Sheep: The Beast of Mossy Bottom,AMC Alderwood Mall 16,ordinary,2026-09-15,2026-09-16,2026-09-18,2026-09-17,1.0,2.0,,0.0,2.0,,0.00477326968973747,25.0,1.0,8.0,1.0,0,3,3,0.1450822166218423,0.3416893795862853,0.3275526429803889,0.18567576081148351,1.5538219479815136
Buddy,AMC Alderwood Mall 16,ordinary,2026-09-15,2026-09-16,2026-09-18,2026-09-17,4.0,25.0,-0.2647058823529412,0.2647058823529412,7.0,0.0,0.059665871121718374,5.0,0.0,1.0,1.0,1,,,0.09457712940108878,0.2631851764916146,0.33433587772581946,0.3079018163814771,1.855562381087685
Resident Evil,AMC Alderwood Mall 16,ordinary,2026-09-15,2026-09-16,2026-09-18,2026-09-17,1.0,12.0,,0.0,7.0,,0.028639618138424822,14.0,1.0,16.0,1.0,0,3,3,0.0007323724411217126,0.002864943288983142,0.0075339870540629015,0.9888686972158323,2.984539009044606
Ghost in the Shell 30th Anniversary,AMC Alderwood Mall 16,rerelease,2026-09-15,2026-09-16,2026-09-18,2026-09-17,1.0,1.0,,0.0,2.0,,0.002386634844868735,30.0,1.0,8.0,1.0,1,,,0.6054997216233868,0.33831487600743754,0.05287164918020405,0.003313753188971584,0.45399943393476044
The Weight,AMC Alderwood Mall 16,ordinary,2026-09-15,2026-09-16,2026-09-18,2026-09-17,1.0,1.0,,0.0,5.0,,0.002386634844868735,28.0,1.0,8.0,1.0,1,,,0.18226333126111058,0.3814739553910671,0.3047385598908646,0.13152415345695773,1.3855235355436695
Fall 2: Deadpoint,AMC Alderwood Mall 16,ordinary,2026-09-15,2026-09-16,2026-09-18,2026-09-17,3.0,8.0,-0.42857142857142855,0.42857142857142855,3.0,-2.0,0.01909307875894988,18.0,0.0,1.0,0.0,0,0,0,0.7331966839975714,0.24415645683321813,0.021880909835555667,0.0007659493336547781,0.29021612450529377
AMC Screen Unseen: September 13,AMC Alderwood Mall 16,special_event,2026-09-15,2026-09-16,2026-09-18,2026-09-17,1.0,1.0,,0.0,7.0,,0.002386634844868735,31.0,0.0,-2.0,0.0,0,0,0,0.9394720792757739,0.05954995784467924,0.0009719390200892775,6.023859457564758e-06,0.061511907463230486
AMC Screen Unseen: September 14,AMC Alderwood Mall 16,special_event,2026-09-15,2026-09-16,2026-09-18,2026-09-17,1.0,1.0,,0.0,7.0,,0.002386634844868735,33.0,0.0,-1.0,0.0,0,0,0,0.7729772901702113,0.211210684976193,0.015377560696069215,0.00043446415752645555,0.2432691988409108
The Weight Early Access,AMC Alderwood Mall 16,special_event,2026-09-15,2026-09-16,2026-09-18,2026-09-17,1.0,1.0,,0.0,4.0,,0.002386634844868735,32.0,0.0,1.0,0.0,0,0,0,0.845748318770144,0.1473991235631988,0.006734402753759625,0.00011815491289758114,0.16122239380941078
The Fix,AMC Alderwood Mall 16,ordinary,2026-09-15,2026-09-16,2026-09-18,2026-09-17,2.0,13.0,12.0,0.0,4.0,1.0,0.031026252983293555,12.0,0.0,1.0,0.0,0,0,0,0.6977293664566622,0.27221100137602205,0.028857023252865283,0.001202608914450501,0.33353287462510417
Haiwaan,AMC Alderwood Mall 16,ordinary,2026-09-15,2026-09-16,2026-09-18,2026-09-17,1.0,6.0,,0.0,1.0,,0.014319809069212411,23.0,0.0,1.0,0.0,0,0,0,0.8235849820417772,0.167281380421908,0.008949230801317968,0.00018440673499681685,0.1857330622295344
Sardar 2,AMC Alderwood Mall 16,ordinary,2026-09-15,2026-09-16,2026-09-18,2026-09-17,2.0,6.0,5.0,0.0,1.0,,0.014319809069212411,22.0,0.0,1.0,0.0,0,0,0,0.9770883049473144,0.02277556263603414,0.00013582602964288108,3.063870086213133e-07,0.023048133856345767
Hanuman Ansh,AMC Alderwood Mall 16,ordinary,2026-09-15,2026-09-16,2026-09-18,2026-09-17,1.0,13.0,,0.0,1.0,,0.031026252983293555,13.0,0.0,1.0,1.0,0,1,1,0.7305654274511088,0.24628216285565596,0.022359153453082987,0.000793256240152288,0.2933802384822788
Don't Move,AMC Alderwood Mall 16,ordinary,2026-09-15,2026-09-16,2026-09-18,2026-09-17,2.0,6.0,5.0,0.0,3.0,2.0,0.014319809069212411,21.0,0.0,1.0,0.0,0,0,0,0.9538154902913496,0.04562142997716531,0.0005604690880090614,2.6106434760262887e-06,0.04675020008361152
The Odyssey,AMC Alderwood Mall 16,ordinary,2026-09-22,2026-09-23,2026-09-25,2026-09-24,11.0,24.0,-0.14285714285714285,0.7692307692307693,6.0,-1.0,0.05393258426966292,4.0,0.0,1.0,1.0,1,,,0.21107971635657316,0.4040153305039393,0.283113531012009,0.10179142212747852,1.2756166589103928
Spider-Man: Brand New Day,AMC Alderwood Mall 16,ordinary,2026-09-22,2026-09-23,2026-09-25,2026-09-24,9.0,24.0,-0.1724137931034483,0.9073359073359073,7.0,0.0,0.05393258426966292,6.0,0.0,1.0,1.0,1,,,0.07723137876112326,0.22809380511990318,0.3231980337676408,0.37147678235133286,1.988920219709183
Runner,AMC Alderwood Mall 16,ordinary,2026-09-22,2026-09-23,2026-09-25,2026-09-24,3.0,20.0,-0.25925925925925924,0.25925925925925924,6.0,1.0,0.0449438202247191,9.0,0.0,1.0,1.0,1,,,0.1254583818185478,0.314940604955004,0.33497590339814964,0.2246251098282986,1.6587677412361992
Heaven in Stone and Glass,AMC Alderwood Mall 16,special_event,2026-09-22,2026-09-23,2026-09-25,2026-09-24,1.0,3.0,,0.0,4.0,,0.006741573033707865,27.0,0.0,1.0,0.0,0,0,0,0.5668987444360278,0.3625069977300456,0.06576124540154854,0.004833012432378072,0.5085285258302769
Twenty Years of the Met in Cinemas: An Anniversary Celebration,AMC Alderwood Mall 16,rerelease,2026-09-22,2026-09-23,2026-09-25,2026-09-24,1.0,1.0,,0.0,4.0,,0.0022471910112359553,33.0,0.0,-3.0,0.0,0,0,0,0.933908564311714,0.06492034459218521,0.0011631724873684673,7.918608732342756e-06,0.06727044539311917
PAW Patrol: The Dino Movie,AMC Alderwood Mall 16,ordinary,2026-09-22,2026-09-23,2026-09-25,2026-09-24,7.0,6.0,-0.4,0.8536585365853658,1.0,-1.0,0.01348314606741573,19.0,0.0,1.0,0.0,0,0,0,0.8714449418023742,0.12389623365231153,0.004593636230878905,6.518831443536628e-05,0.13327907105737546
Insidious: Out of the Further,AMC Alderwood Mall 16,ordinary,2026-09-22,2026-09-23,2026-09-25,2026-09-24,6.0,6.0,-0.5,0.925,3.0,-1.0,0.01348314606741573,20.0,0.0,1.0,0.0,0,0,0,0.4859677652889723,0.40487096893030744,0.09907962580768352,0.010081639973036778,0.6332751404647848
Coyote vs. Acme,AMC Alderwood Mall 16,ambiguous_special,2026-09-22,2026-09-23,2026-09-25,2026-09-24,5.0,27.0,-0.15625,0.509090909090909,7.0,0.0,0.060674157303370786,2.0,0.0,1.0,1.0,1,,,0.41519284098683173,0.43031188476406596,0.13605971501695274,0.01843555923214963,0.7577379924944204
The Transformers: The Movie 40th Anniversary,AMC Alderwood Mall 16,special_event,2026-09-22,2026-09-23,2026-09-25,2026-09-24,2.0,25.0,2.5714285714285716,0.0,5.0,1.0,0.056179775280898875,3.0,0.0,1.0,1.0,1,,,0.6385480423166593,0.31587537042194336,0.04322297152240327,0.0023536157389940737,0.4093821606837322
Practical Magic 2,AMC Alderwood Mall 16,ordinary,2026-09-22,2026-09-23,2026-09-25,2026-09-24,3.0,24.0,-0.5636363636363636,0.5636363636363636,7.0,0.0,0.05393258426966292,5.0,0.0,1.0,1.0,1,,,0.09802555218943942,0.26961325438781514,0.3354427111633526,0.2969184822593928,1.8312541234926987
Oasis: Don't Look Back in Anger,AMC Alderwood Mall 16,ordinary,2026-09-22,2026-09-23,2026-09-25,2026-09-24,3.0,6.0,-0.7692307692307693,0.7692307692307693,4.0,0.0,0.01348314606741573,22.0,0.0,1.0,0.0,0,0,0,0.7169216165710742,0.257192533848324,0.02493858610076286,0.0009472634798388989,0.30991149648936644
Crunchyroll Anime Nights Sneak Peek - September '26,AMC Alderwood Mall 16,special_event,2026-09-22,2026-09-23,2026-09-25,2026-09-24,1.0,1.0,,0.0,2.0,,0.0022471910112359553,35.0,0.0,-1.0,0.0,0,0,0,0.6458021445859512,0.31075366237188345,0.0412669221887825,0.00217727085338284,0.39981931930959697
The Uprising,AMC Alderwood Mall 16,ordinary,2026-09-22,2026-09-23,2026-09-25,2026-09-24,3.0,9.0,-0.6785714285714286,0.6785714285714286,6.0,0.0,0.020224719101123594,16.0,0.0,1.0,0.0,0,0,0,0.36284845854078174,0.44014449353641466,0.16853764762473913,0.02846940029806444,0.8626279896800862
Daniel and the Fiery Furnace,AMC Alderwood Mall 16,ordinary,2026-09-22,2026-09-23,2026-09-25,2026-09-24,2.0,12.0,5.0,0.0,3.0,1.0,0.02696629213483146,13.0,0.0,1.0,1.0,1,,,0.904757743605349,0.09275342008596948,0.0024638856593724627,2.4950649309062575e-05,0.0977560433526416
Hope,AMC Alderwood Mall 16,ordinary,2026-09-22,2026-09-23,2026-09-25,2026-09-24,3.0,24.0,-0.14285714285714285,0.14285714285714285,6.0,0.0,0.05393258426966292,8.0,0.0,1.0,1.0,1,,,0.1408529369055747,0.3362892404587385,0.3295114444322723,0.1933463782034146,1.575351263933527
Avengers Endgame: Encore,AMC Alderwood Mall 16,ambiguous_special,2026-09-22,2026-09-23,2026-09-25,2026-09-24,1.0,6.0,,0.0,7.0,,0.01348314606741573,21.0,1.0,8.0,1.0,1,,,0.05793466470772066,0.18310748482314018,0.2959764194089985,0.4629814310601407,2.1640046168215594
Shaun the Sheep: The Beast of Mossy Bottom,AMC Alderwood Mall 16,ordinary,2026-09-22,2026-09-23,2026-09-25,2026-09-24,2.0,15.0,6.5,0.0,5.0,3.0,0.033707865168539325,10.0,0.0,1.0,1.0,1,,,0.5306978207764753,0.38297545812690165,0.07955876927969822,0.006767951816924826,0.5623968521370726
Batman (1989),AMC Alderwood Mall 16,ordinary,2026-09-22,2026-09-23,2026-09-25,2026-09-24,1.0,2.0,,0.0,4.0,,0.0044943820224719105,31.0,0.0,-3.0,0.0,0,0,0,0.3085507914272073,0.440071818901951,0.20679717494073882,0.044580214730102846,0.9874068129737371
Batman: Mask of the Phantasm (2026BD),AMC Alderwood Mall 16,ordinary,2026-09-22,2026-09-23,2026-09-25,2026-09-24,1.0,1.0,,0.0,4.0,,0.0022471910112359553,34.0,0.0,-3.0,0.0,0,0,0,0.5821249195711713,0.3532398868403322,0.0604601282033618,0.004175065385134738,0.48668533940246
The Lego Batman Movie,AMC Alderwood Mall 16,ordinary,2026-09-22,2026-09-23,2026-09-25,2026-09-24,1.0,2.0,,0.0,4.0,,0.0044943820224719105,30.0,0.0,-2.0,0.0,0,0,0,0.8289729344696762,0.16248231055144122,0.008378469952115114,0.00016628502676743103,0.17973810553597372
NCT 127 5TH TOUR `NEO CITY : SEOUL - THE REDLINE' in CINEMAS,AMC Alderwood Mall 16,special_event,2026-09-22,2026-09-23,2026-09-25,2026-09-24,1.0,1.0,,0.0,1.0,,0.0022471910112359553,36.0,0.0,-2.0,0.0,0,0,0,0.8685483963243277,0.12656881839861675,0.004812716254563887,7.006902249169043e-05,0.1364044579752196
Buddy,AMC Alderwood Mall 16,ordinary,2026-09-22,2026-09-23,2026-09-25,2026-09-24,5.0,12.0,-0.5384615384615384,0.6470588235294118,5.0,-2.0,0.02696629213483146,11.0,0.0,1.0,1.0,1,,,0.20910543023741185,0.4026751999482688,0.2846505119205307,0.10356885789378871,1.2826827974706962
Heart of the Beast,AMC Alderwood Mall 16,ordinary,2026-09-22,2026-09-23,2026-09-25,2026-09-24,1.0,3.0,,0.0,7.0,,0.006741573033707865,26.0,1.0,8.0,1.0,1,,,0.008108670242338308,0.030822716012786393,0.0752755416399217,0.8857930721049536,2.8387530156074905
Resident Evil,AMC Alderwood Mall 16,ordinary,2026-09-22,2026-09-23,2026-09-25,2026-09-24,2.0,91.0,6.583333333333333,0.0,7.0,0.0,0.20449438202247192,1.0,1.0,9.0,1.0,1,,,0.0010250699800728816,0.0040053428516665275,0.010501148209459615,0.9844684389588009,2.9784129561469883
Ghost in the Shell 30th Anniversary,AMC Alderwood Mall 16,rerelease,2026-09-22,2026-09-23,2026-09-25,2026-09-24,2.0,6.0,5.0,0.0,2.0,0.0,0.01348314606741573,25.0,0.0,1.0,1.0,1,,,0.9953156576919033,0.00467872944106566,5.61032699485856e-06,2.5400361486328746e-09,0.004689957715163823
The Weight,AMC Alderwood Mall 16,ordinary,2026-09-22,2026-09-23,2026-09-25,2026-09-24,2.0,24.0,23.0,0.0,7.0,2.0,0.05393258426966292,7.0,0.0,1.0,1.0,1,,,0.5863606922351302,0.3505967439334849,0.05903629590680543,0.004006267924579441,0.48068813952083406
Primetime,AMC Alderwood Mall 16,ordinary,2026-09-22,2026-09-23,2026-09-25,2026-09-24,1.0,3.0,,0.0,7.0,,0.006741573033707865,28.0,1.0,8.0,1.0,1,,,0.009864720460328475,0.03724468070345178,0.08942731430782883,0.8634632845283909,2.806489162904282
Forgotten Island - Friendship Opening Night Event,AMC Alderwood Mall 16,special_event,2026-09-22,2026-09-23,2026-09-25,2026-09-24,1.0,1.0,,0.0,4.0,,0.0022471910112359553,37.0,0.0,2.0,0.0,0,0,0,0.714247519014394,0.2593084878071601,0.02546398092725079,0.0009800122511951581,0.31317648641524715
Forgotten Island,AMC Alderwood Mall 16,ordinary,2026-09-22,2026-09-23,2026-09-25,2026-09-24,1.0,6.0,,0.0,6.0,,0.01348314606741573,18.0,1.0,15.0,1.0,1,,,0.007007561214001426,0.026750853847902288,0.06603854535178037,0.900203039586316,2.859437063310411
Dora and the Lost City of Gold,AMC Alderwood Mall 16,ordinary,2026-09-22,2026-09-23,2026-09-25,2026-09-24,1.0,7.0,,0.0,2.0,,0.015730337078651686,17.0,0.0,2.0,0.0,0,0,0,0.9699862655563327,0.029778862259580183,0.00023417514171699105,6.97042370108093e-07,0.03024930367012449
AMC Screen Unseen: September 21,AMC Alderwood Mall 16,special_event,2026-09-22,2026-09-23,2026-09-25,2026-09-24,1.0,1.0,,0.0,7.0,,0.0022471910112359553,38.0,0.0,-1.0,0.0,0,0,0,0.7034963561332631,0.2677396068666174,0.027643254626818298,0.0011207823733012019,0.32638846324015763
The Musical,AMC Alderwood Mall 16,ordinary,2026-09-22,2026-09-23,2026-09-25,2026-09-24,2.0,12.0,11.0,0.0,2.0,,0.02696629213483146,14.0,0.0,1.0,0.0,0,0,0,0.8137480509370325,0.17598468404190182,0.010046072166320653,0.00022119285474501974,0.19674040693877817
Charlie Harper,AMC Alderwood Mall 16,ordinary,2026-09-22,2026-09-23,2026-09-25,2026-09-24,1.0,2.0,,0.0,2.0,,0.0044943820224719105,29.0,1.0,8.0,1.0,1,,,0.1103123467058587,0.29114648543753613,0.3370450218888811,0.2614961459677242,1.7497249671184707
Hanuman Ansh,AMC Alderwood Mall 16,ordinary,2026-09-22,2026-09-23,2026-09-25,2026-09-24,2.0,12.0,-0.2,0.2,1.0,0.0,0.02696629213483146,15.0,0.0,1.0,0.0,0,0,0,0.6986113873664779,0.2715294791547416,0.0286693367772939,0.001189796701486626,0.33243754281378934
Forgotten Island - Early Access Screening with Cast Member Q&A,AMC Alderwood Mall 16,special_event,2026-09-22,2026-09-23,2026-09-25,2026-09-24,1.0,1.0,,0.0,2.0,,0.0022471910112359553,39.0,0.0,-2.0,0.0,0,0,0,0.8613539337249032,0.1331817036598396,0.005381041289713699,8.33213255434756e-05,0.14419375021589745
Tiny Fugitives,AMC Alderwood Mall 16,ordinary,2026-09-22,2026-09-23,2026-09-25,2026-09-24,2.0,6.0,2.0,0.0,2.0,,0.01348314606741573,23.0,0.0,1.0,0.0,0,0,0,0.774910718852071,0.2095723389942297,0.015095144314476946,0.0004217978392224014,0.24102802114085078
Daayra,AMC Alderwood Mall 16,ordinary,2026-09-22,2026-09-23,2026-09-25,2026-09-24,1.0,6.0,,0.0,1.0,,0.01348314606741573,24.0,0.0,1.0,0.0,0,0,0,0.813142583100338,0.17651787356846727,0.010115922093337407,0.00022362123785728418,0.19742058146871394
If I Go Will They Miss Me,AMC Alderwood Mall 16,ordinary,2026-09-22,2026-09-23,2026-09-25,2026-09-24,2.0,12.0,11.0,0.0,3.0,2.0,0.02696629213483146,12.0,0.0,1.0,0.0,0,0,0,0.8367714301011487,0.15549678470317874,0.007589369142945302,0.0001424160527272319,0.17110277114725106
The Paradise (Telugu),AMC Alderwood Mall 16,ambiguous_limited,2026-09-22,2026-09-23,2026-09-25,2026-09-24,1.0,1.0,,0.0,5.0,,0.0022471910112359553,32.0,0.0,1.0,1.0,1,,,0.7862241025542954,0.19991991041899593,0.01350280363561048,0.0003531833910981724,0.2279850678635114
Toy Story 5,AMC Factoria 8,ordinary_title_only,2026-06-29,2026-06-30,2026-07-03,2026-07-02,1.0,27.0,,0.0,7.0,,0.19708029197080293,1.0,0.0,1.0,0.0,0,0,0,0.5759481015545537,0.35704394319282023,0.06257588537386154,0.004432069878764545,0.4954919235768369
Toy Story 5,AMC Factoria 8,ordinary,2026-06-29,2026-06-30,2026-07-03,2026-07-02,1.0,12.0,,0.0,7.0,,0.08759124087591241,4.0,1.0,10.0,1.0,0,5,3,0.10524049215897921,0.282510949569474,0.3367933827151341,0.2754551755564128,1.7824632416689807
Supergirl,AMC Factoria 8,ordinary,2026-06-29,2026-06-30,2026-07-03,2026-07-02,1.0,8.0,,0.0,7.0,,0.058394160583941604,9.0,1.0,10.0,1.0,0,2,2,0.07503390127428562,0.223301734963392,0.321001991366264,0.3806623723960583,2.007292834884095
Minions & Monsters,AMC Factoria 8,ordinary,2026-06-29,2026-06-30,2026-07-03,2026-07-02,1.0,22.0,,0.0,7.0,,0.16058394160583941,2.0,1.0,14.0,1.0,0,6,3,0.004260808957144636,0.01643966528028993,0.041705870081198713,0.9375936556813668,2.912632372486788
Supergirl,AMC Factoria 8,ordinary_title_only,2026-06-29,2026-06-30,2026-07-03,2026-07-02,1.0,20.0,,0.0,7.0,,0.145985401459854,3.0,0.0,1.0,0.0,0,0,0,0.6310815802892782,0.3210751776647671,0.045296008841431736,0.0025472332045229475,0.41930889496119944
Jackass: Best and Last,AMC Factoria 8,ordinary_title_only,2026-06-29,2026-06-30,2026-07-03,2026-07-02,1.0,10.0,,0.0,7.0,,0.072992700729927,7.0,0.0,1.0,0.0,0,0,0,0.7542780587933061,0.22688192003920502,0.018267546057534115,0.0005724751099547538,0.2651344374841375
Jackass: Best and Last,AMC Factoria 8,ordinary,2026-06-29,2026-06-30,2026-07-03,2026-07-02,1.0,10.0,,0.0,7.0,,0.072992700729927,5.0,0.0,3.0,1.0,0,1,1,0.041319074451257286,0.13865486658302792,0.25372365871217295,0.566302400253542,2.345009384768
AMC,AMC Factoria 8,special_event_title_only,2026-06-29,2026-06-30,2026-07-03,2026-07-02,1.0,1.0,,0.0,7.0,,0.0072992700729927005,12.0,0.0,0.0,0.0,0,0,0,0.9762476202640239,0.02360598069831,0.00014605718890318945,3.4184876291634503e-07,0.023899120622405127
Obsession,AMC Factoria 8,ordinary_title_only,2026-06-29,2026-06-30,2026-07-03,2026-07-02,1.0,10.0,,0.0,7.0,,0.072992700729927,8.0,0.0,1.0,0.0,0,0,0,0.7421116099316707,0.23690366075909244,0.020305917910455135,0.0006788113987817412,0.279551930776348
Disclosure Day,AMC Factoria 8,ordinary_title_only,2026-06-29,2026-06-30,2026-07-03,2026-07-02,1.0,10.0,,0.0,7.0,,0.072992700729927,6.0,0.0,1.0,0.0,0,0,0,0.7687543181377556,0.21477756245359125,0.01600498684266877,0.00046313256598433714,0.2481769338368818
Backrooms,AMC Factoria 8,ordinary_title_only,2026-06-29,2026-06-30,2026-07-03,2026-07-02,1.0,2.0,,0.0,6.0,,0.014598540145985401,11.0,0.0,1.0,0.0,0,0,0,0.8651017818621385,0.1297413451199725,0.005080661051978359,7.621196591064985e-05,0.1401313031216612
Disclosure Day,AMC Factoria 8,ordinary,2026-06-29,2026-06-30,2026-07-03,2026-07-02,1.0,5.0,,0.0,7.0,,0.0364963503649635,10.0,0.0,2.0,1.0,0,3,3,0.08376710480510999,0.2418742026435556,0.3286035839096751,0.34575510864165926,1.9363466963878837
Toy Story 5,AMC Factoria 8,ordinary,2026-07-06,2026-07-07,2026-07-10,2026-07-09,2.0,61.0,2.05,0.0,7.0,0.0,0.22344322344322345,2.0,0.0,3.0,1.0,0,4,3,0.038465426181454127,0.13043383864125568,0.24410499178021888,0.5869957433970714,2.3796310523929076
Supergirl,AMC Factoria 8,ordinary,2026-07-06,2026-07-07,2026-07-10,2026-07-09,2.0,34.0,2.4,0.0,7.0,0.0,0.12454212454212454,3.0,0.0,3.0,1.0,0,1,1,0.0920002027949166,0.2582669447800019,0.33329452446141256,0.31643832796366905,1.8741709775938342
Minions & Monsters,AMC Factoria 8,ordinary,2026-07-06,2026-07-07,2026-07-10,2026-07-09,2.0,77.0,2.5,0.0,7.0,0.0,0.28205128205128205,1.0,1.0,10.0,1.0,0,5,3,0.0004164779063578828,0.0016312240925475672,0.00430369780908514,0.9936486001920094,2.9911844202867464
Jackass: Best and Last,AMC Factoria 8,ordinary,2026-07-06,2026-07-07,2026-07-10,2026-07-09,2.0,30.0,2.0,0.0,7.0,0.0,0.10989010989010989,4.0,0.0,2.0,0.0,0,0,0,0.16551872136855153,0.36518295243342797,0.3160277881512405,0.15327053804678006,1.4570501428762492
Moana,AMC Factoria 8,ordinary,2026-07-06,2026-07-07,2026-07-10,2026-07-09,1.0,4.0,,0.0,7.0,,0.014652014652014652,9.0,1.0,14.0,1.0,0,3,3,0.023037797422315393,0.08272676385354437,0.1760499427515194,0.7181854959726209,2.5893831372744462
Evil Dead Burn,AMC Factoria 8,ordinary,2026-07-06,2026-07-07,2026-07-10,2026-07-09,1.0,3.0,,0.0,7.0,,0.01098901098901099,10.0,1.0,14.0,1.0,0,2,2,0.028525561017868677,0.10034929610432694,0.20371811774099774,0.6674070251368066,2.5100066069967424
Disclosure Day,AMC Factoria 8,ordinary,2026-07-06,2026-07-07,2026-07-10,2026-07-09,2.0,24.0,1.4,0.0,7.0,0.0,0.08791208791208792,5.0,0.0,2.0,1.0,0,2,2,0.2160530870432997,0.40726611096491805,0.27921889286750007,0.09746190912428214,1.2580896240727646
The Invite,AMC Factoria 8,ordinary,2026-07-06,2026-07-07,2026-07-10,2026-07-09,1.0,3.0,,0.0,7.0,,0.01098901098901099,11.0,1.0,10.0,1.0,0,2,2,0.02306400397583952,0.0828127041264344,0.1761924413030581,0.717930850594668,2.5889901385165546
Young Washington,AMC Factoria 8,ordinary,2026-07-06,2026-07-07,2026-07-10,2026-07-09,2.0,7.0,6.0,0.0,7.0,2.0,0.02564102564102564,7.0,0.0,2.0,1.0,0,1,1,0.9154781720120625,0.0825784527557999,0.0019262671494389538,1.710808269863847e-05,0.08648231130277373
Obsession,AMC Factoria 8,ordinary,2026-07-06,2026-07-07,2026-07-10,2026-07-09,2.0,24.0,1.6666666666666667,0.0,7.0,1.0,0.08791208791208792,6.0,0.0,2.0,1.0,0,1,1,0.1702648299685875,0.37005778900519437,0.31296327699333515,0.14671410403288307,1.4361266550905138
Backrooms: Everything Must Go Edition w/ Bonus Footage,AMC Factoria 8,ordinary,2026-07-06,2026-07-07,2026-07-10,2026-07-09,1.0,6.0,,0.0,6.0,,0.02197802197802198,8.0,0.0,2.0,0.0,0,0,0,0.9007807895365348,0.09650954331297208,0.002681256644264699,2.8410506228378217e-05,0.10195728812018662
Toy Story 5,AMC Factoria 8,ordinary,2026-07-13,2026-07-14,2026-07-17,2026-07-16,3.0,30.0,-0.5384615384615384,0.5384615384615384,7.0,0.0,0.11194029850746269,5.0,1.0,14.0,1.0,0,3,3,0.15201014868129242,0.35012558657936965,0.32399565219850357,0.17386861254083438,1.51972272859888
Supergirl,AMC Factoria 8,ordinary,2026-07-13,2026-07-14,2026-07-17,2026-07-16,3.0,18.0,-0.4857142857142857,0.4857142857142857,6.0,-1.0,0.06716417910447761,7.0,0.0,2.0,0.0,0,0,0,0.31107240879946096,0.44034372700473695,0.2049251216493905,0.043658742546411555,0.9811701979427526
Minions & Monsters,AMC Factoria 8,ordinary,2026-07-13,2026-07-14,2026-07-17,2026-07-16,3.0,40.0,-0.48717948717948717,0.48717948717948717,7.0,0.0,0.14925373134328357,2.0,0.0,3.0,1.0,0,4,3,0.024416163672527105,0.08722339886061571,0.18340479539654125,0.7049556420703159,2.568899915864646
Moana,AMC Factoria 8,ordinary,2026-07-13,2026-07-14,2026-07-17,2026-07-16,2.0,63.0,14.75,0.0,7.0,0.0,0.23507462686567165,1.0,1.0,10.0,1.0,0,2,2,0.008476610831269198,0.03217557646104072,0.07829885114452932,0.8810489615631608,2.8319201634395816
The Odyssey,AMC Factoria 8,ordinary,2026-07-13,2026-07-14,2026-07-17,2026-07-16,1.0,3.0,,0.0,7.0,,0.011194029850746268,10.0,1.0,14.0,1.0,0,10,3,0.02822602823632273,0.09940653182228792,0.20231545919825664,0.6700519807431328,2.5141933924481994
Evil Dead Burn,AMC Factoria 8,ordinary,2026-07-13,2026-07-14,2026-07-17,2026-07-16,2.0,35.0,10.666666666666666,0.0,7.0,0.0,0.13059701492537312,4.0,1.0,10.0,1.0,0,1,1,0.13438246278627533,0.32764691112893835,0.3321521220531204,0.20581850403166588,1.6094066673301768
Disclosure Day,AMC Factoria 8,ordinary,2026-07-13,2026-07-14,2026-07-17,2026-07-16,3.0,24.0,-0.14285714285714285,0.14285714285714285,7.0,0.0,0.08955223880597014,6.0,0.0,2.0,1.0,0,1,1,0.2526144964109378,0.4260680131116961,0.25012841316823425,0.0711890773091318,1.13989207137556
The Invite,AMC Factoria 8,ordinary,2026-07-13,2026-07-14,2026-07-17,2026-07-16,2.0,37.0,11.333333333333334,0.0,7.0,0.0,0.13805970149253732,3.0,0.0,3.0,1.0,0,1,1,0.17716086676123402,0.3767745529428495,0.3083116135139957,0.13775296678192075,1.4066566803166032
Young Washington,AMC Factoria 8,ordinary,2026-07-13,2026-07-14,2026-07-17,2026-07-16,3.0,12.0,0.5,0.0,7.0,0.0,0.04477611940298507,8.0,0.0,2.0,0.0,0,0,0,0.807448535499815,0.18151778911227248,0.010786237673224277,0.0002474377146882373,0.20383257760278573
Obsession,AMC Factoria 8,ordinary,2026-07-13,2026-07-14,2026-07-17,2026-07-16,3.0,6.0,-0.7777777777777778,0.7777777777777778,6.0,-1.0,0.022388059701492536,9.0,0.0,2.0,0.0,0,0,0,0.9170795775827374,0.08105236925059976,0.0018519449856914379,1.6108180971403308e-05,0.08480458376489686
Toy Story 5,AMC Factoria 8,ordinary,2026-07-20,2026-07-21,2026-07-24,2026-07-23,4.0,35.0,0.0,0.46153846153846156,7.0,0.0,0.13671875,3.0,1.0,7.0,1.0,0,2,2,0.21395917610480045,0.40591909241797863,0.28086233627176954,0.0992593952054514,1.2654219505778719
Minions & Monsters,AMC Factoria 8,ordinary,2026-07-20,2026-07-21,2026-07-24,2026-07-23,4.0,36.0,-0.12195121951219512,0.5384615384615384,7.0,0.0,0.140625,2.0,0.0,3.0,1.0,0,3,3,0.18320237020974856,0.3823143750051815,0.3040701773307587,0.13041307745431133,1.381693962029633
Moana,AMC Factoria 8,ordinary,2026-07-20,2026-07-21,2026-07-24,2026-07-23,3.0,33.0,-0.47619047619047616,0.47619047619047616,7.0,0.0,0.12890625,5.0,0.0,3.0,1.0,0,1,1,0.05865955162568745,0.18492080747741457,0.29736608674946763,0.4590535541474304,2.156813643418641
The Odyssey,AMC Factoria 8,ordinary,2026-07-20,2026-07-21,2026-07-24,2026-07-23,2.0,71.0,6.888888888888889,0.0,7.0,0.0,0.27734375,1.0,1.0,9.0,1.0,0,9,3,0.0023009512444792614,0.008945954381299847,0.023149561498819526,0.9656035328754013,2.952055676005143
Evil Dead Burn,AMC Factoria 8,ordinary,2026-07-20,2026-07-21,2026-07-24,2026-07-23,3.0,35.0,0.0,0.0,7.0,0.0,0.13671875,4.0,0.0,3.0,0.0,0,0,0,0.1360415654618967,0.3299076070143051,0.33151891155267565,0.2025319159711225,1.6005411780330239
Disclosure Day,AMC Factoria 8,ordinary,2026-07-20,2026-07-21,2026-07-24,2026-07-23,4.0,7.0,-0.72,0.75,5.0,-2.0,0.02734375,7.0,0.0,3.0,0.0,0,0,0,0.958471990311593,0.041074379718124804,0.00045174709741397485,1.882872868195572e-06,0.04198352253155734
The Invite,AMC Factoria 8,ordinary,2026-07-20,2026-07-21,2026-07-24,2026-07-23,3.0,33.0,-0.13157894736842105,0.13157894736842105,7.0,0.0,0.12890625,6.0,0.0,3.0,0.0,0,0,0,0.21223463759539973,0.40478610714135366,0.28221189745622605,0.10076735780702055,1.2715119754748674
Hadestown: The Musical,AMC Factoria 8,ordinary,2026-07-20,2026-07-21,2026-07-24,2026-07-23,1.0,2.0,,0.0,7.0,,0.0078125,9.0,1.0,9.0,1.0,0,2,2,0.12349793297352592,0.31202251074747656,0.33545205091864466,0.22902750536035293,1.6700091286658245
AMC Screen Unseen: July 20,AMC Factoria 8,special_event,2026-07-20,2026-07-21,2026-07-24,2026-07-23,1.0,1.0,,0.0,7.0,,0.00390625,10.0,0.0,0.0,0.0,0,0,0,0.9605098183365877,0.03908062139568339,0.00040794682033183703,1.6134473971071132e-06,0.03990135537853839
Jana Nayagan,AMC Factoria 8,ordinary,2026-07-20,2026-07-21,2026-07-24,2026-07-23,1.0,3.0,,0.0,1.0,,0.01171875,8.0,0.0,2.0,0.0,0,0,0,0.4096239864986915,0.4317579343678783,0.1393041234146614,0.019313955718768844,0.7683080483535076
Toy Story 5,AMC Factoria 8,ordinary,2026-07-27,2026-07-28,2026-07-31,2026-07-30,5.0,30.0,-0.25,0.5384615384615384,7.0,0.0,0.13636363636363635,4.0,0.0,2.0,1.0,0,1,1,0.17880913064973064,0.3783173498037334,0.3071686906090722,0.13570482893746386,1.3997692178342693
Minions & Monsters,AMC Factoria 8,ordinary,2026-07-27,2026-07-28,2026-07-31,2026-07-30,5.0,36.0,-0.1,0.5384615384615384,7.0,0.0,0.16363636363636364,2.0,0.0,2.0,1.0,0,2,2,0.14116127317796734,0.33668949018921457,0.32937454401096533,0.19277469262185276,1.5737626560767035
Moana,AMC Factoria 8,ordinary,2026-07-27,2026-07-28,2026-07-31,2026-07-30,4.0,30.0,-0.11764705882352941,0.5238095238095238,5.0,-2.0,0.13636363636363635,3.0,0.0,2.0,0.0,0,0,0,0.3585351114688542,0.4405521235173913,0.17141124217451711,0.029501522839237453,0.8718791763841379
The Odyssey,AMC Factoria 8,ordinary,2026-07-27,2026-07-28,2026-07-31,2026-07-30,3.0,73.0,0.0,0.0,7.0,0.0,0.33181818181818185,1.0,0.0,2.0,1.0,0,8,3,0.01833350656541018,0.06701444818020348,0.1487023646703615,0.7659496805840248,2.6622682192730007
Spider-Man: Brand New Day,AMC Factoria 8,ordinary,2026-07-27,2026-07-28,2026-07-31,2026-07-30,1.0,14.0,,0.0,7.0,,0.06363636363636363,7.0,1.0,14.0,1.0,0,9,3,0.0006113575360731854,0.0023926833300706636,0.0062999534015069905,0.9906960057323491,2.9870806073301317
Hadestown: The Musical,AMC Factoria 8,ordinary,2026-07-27,2026-07-28,2026-07-31,2026-07-30,2.0,18.0,5.0,0.0,7.0,0.0,0.08181818181818182,5.0,0.0,2.0,1.0,0,1,1,0.23354939350037135,0.41733937352470957,0.26534334535207676,0.08376788762284229,1.19932972709739
AMC Screen Unseen: July 27,AMC Factoria 8,special_event,2026-07-27,2026-07-28,2026-07-31,2026-07-30,1.0,1.0,,0.0,7.0,,0.004545454545454545,8.0,0.0,0.0,0.0,0,0,0,0.9656189062497641,0.03407186570284031,0.00030817251451735933,1.0555328782378512e-06,0.03469137733050973
Her Private Hell,AMC Factoria 8,ordinary,2026-07-27,2026-07-28,2026-07-31,2026-07-30,2.0,18.0,17.0,0.0,7.0,3.0,0.08181818181818182,6.0,0.0,2.0,0.0,0,0,0,0.7645897395382256,0.2182794171685405,0.016638051659732107,0.0004927916335017912,0.2530338953885101
Toy Story 5,AMC Factoria 8,ordinary,2026-08-03,2026-08-04,2026-08-07,2026-08-06,6.0,12.0,-0.6129032258064516,0.8153846153846154,6.0,-1.0,0.048582995951417005,4.0,0.0,2.0,0.0,0,0,0,0.7635023887798499,0.21919114502880147,0.016805697872682223,0.0005007683186664423,0.25430484573016526
Minions & Monsters,AMC Factoria 8,ordinary,2026-08-03,2026-08-04,2026-08-07,2026-08-06,6.0,36.0,-0.12195121951219512,0.5384615384615384,7.0,0.0,0.145748987854251,3.0,0.0,2.0,1.0,0,1,1,0.1618301322223177,0.36124804504247054,0.31832186656460526,0.15859995617060646,1.4736916466835004
The Odyssey,AMC Factoria 8,ordinary,2026-08-03,2026-08-04,2026-08-07,2026-08-06,4.0,48.0,-0.37662337662337664,0.37662337662337664,7.0,0.0,0.19433198380566802,2.0,0.0,2.0,1.0,0,7,3,0.041622724166681016,0.1395190951115555,0.25470080941408363,0.5641573713076798,2.3413928278627623
Spider-Man: Brand New Day,AMC Factoria 8,ordinary,2026-08-03,2026-08-04,2026-08-07,2026-08-06,2.0,137.0,6.611111111111111,0.0,7.0,0.0,0.5546558704453441,1.0,1.0,14.0,1.0,0,8,3,3.472052707786416e-06,1.3621074211611684e-05,3.6091155252241913e-05,0.9999468157178283,2.9999262505382007
Super Troopers 3,AMC Factoria 8,ordinary,2026-08-03,2026-08-04,2026-08-07,2026-08-06,1.0,2.0,,0.0,6.0,,0.008097165991902834,7.0,1.0,14.0,1.0,0,2,2,0.12397194166749262,0.3127323436268223,0.3353420547329352,0.22795365997274986,1.6672774330109423
Hadestown: The Musical,AMC Factoria 8,ordinary,2026-08-03,2026-08-04,2026-08-07,2026-08-06,3.0,6.0,-0.7,0.7,7.0,0.0,0.024291497975708502,5.0,0.0,2.0,0.0,0,0,0,0.9064854873098982,0.09111847504555749,0.0023724932739668503,2.3544370577465134e-05,0.0959340947052236
Super Troopers 3: Special Broken Lizard Fan Event,AMC Factoria 8,special_event,2026-08-03,2026-08-04,2026-08-07,2026-08-06,1.0,1.0,,0.0,6.0,,0.004048582995951417,8.0,0.0,3.0,0.0,0,0,0,0.9201883480224505,0.07808530567143168,0.0017120615483852298,1.428475773255184e-05,0.08155228304139979
AMC Scream Unseen: August 3,AMC Factoria 8,special_event,2026-08-03,2026-08-04,2026-08-07,2026-08-06,1.0,1.0,,0.0,7.0,,0.004048582995951417,9.0,0.0,0.0,0.0,0,0,0,0.9611528962920204,0.03845096936642895,0.00039460012269028626,1.5342188603727532e-06,0.03924477226839064
One Night Only,AMC Factoria 8,ambiguous_special,2026-08-03,2026-08-04,2026-08-07,2026-08-06,1.0,4.0,,0.0,7.0,,0.016194331983805668,6.0,1.0,10.0,1.0,0,2,2,0.31490359328483636,0.4407031340450028,0.2020973399987176,0.042295932671443326,0.9717856120567678
Minions & Monsters,AMC Factoria 8,ordinary,2026-08-10,2026-08-11,2026-08-14,2026-08-13,7.0,12.0,-0.6842105263157895,0.8461538461538461,4.0,-3.0,0.047619047619047616,5.0,0.0,2.0,0.0,0,0,0,0.8737009198203918,0.12181067774784009,0.0044268428815243295,6.155955024381042e-05,0.1308490421616202
The Odyssey,AMC Factoria 8,ordinary,2026-08-10,2026-08-11,2026-08-14,2026-08-13,5.0,42.0,-0.25,0.45454545454545453,7.0,0.0,0.16666666666666666,2.0,0.0,2.0,1.0,0,6,3,0.04909475974879189,0.1601634929854861,0.2761714072051853,0.5145703400605367,2.256217327577467
Spider-Man: Brand New Day,AMC Factoria 8,ordinary,2026-08-10,2026-08-11,2026-08-14,2026-08-13,3.0,119.0,-0.13138686131386862,0.13138686131386862,7.0,0.0,0.4722222222222222,1.0,1.0,9.0,1.0,0,7,3,3.6591918792767944e-05,0.0001435336755192621,0.0003801839097485368,0.9994396904959394,2.999222972982835
Super Troopers 3,AMC Factoria 8,ordinary,2026-08-10,2026-08-11,2026-08-14,2026-08-13,2.0,35.0,10.666666666666666,0.0,6.0,0.0,0.1388888888888889,4.0,1.0,8.0,1.0,0,1,1,0.27511642368640343,0.4336425041950748,0.23234903781651603,0.05889203430200576,1.075016682734124
PAW Patrol: The Dino Movie,AMC Factoria 8,ordinary,2026-08-10,2026-08-11,2026-08-14,2026-08-13,1.0,3.0,,0.0,7.0,,0.011904761904761904,7.0,1.0,10.0,1.0,0,4,3,0.04457636080960018,0.1478213413656163,0.2637635746269161,0.5438387231978675,2.3068646602130514
The End of Oak Street,AMC Factoria 8,ordinary,2026-08-10,2026-08-11,2026-08-14,2026-08-13,1.0,4.0,,0.0,7.0,,0.015873015873015872,6.0,1.0,10.0,1.0,0,4,3,0.02923183408292971,0.10256366617912224,0.20697896828925488,0.6612255314486932,2.5001981971037117
AMC Screen Unseen: August 10,AMC Factoria 8,special_event,2026-08-10,2026-08-11,2026-08-14,2026-08-13,1.0,1.0,,0.0,7.0,,0.003968253968253968,8.0,0.0,0.0,0.0,0,0,0,0.9621509415592857,0.037473305053561744,0.0003743368161466927,1.4165710058559093e-06,0.03822622839887269
One Night Only,AMC Factoria 8,ambiguous_special,2026-08-10,2026-08-11,2026-08-14,2026-08-13,2.0,36.0,8.0,0.0,7.0,0.0,0.14285714285714285,3.0,0.0,3.0,1.0,0,1,1,0.7927529667752526,0.1942993845696797,0.012630020895932556,0.000317627759135096,0.2205123096389501
The Odyssey,AMC Factoria 8,ordinary,2026-08-17,2026-08-18,2026-08-21,2026-08-20,6.0,26.0,-0.44680851063829785,0.6623376623376623,7.0,0.0,0.09737827715355805,6.0,1.0,7.0,1.0,0,5,3,0.06941356439190721,0.21066924449823363,0.314420562606161,0.4054966285036981,2.05600025522165
Spider-Man: Brand New Day,AMC Factoria 8,ordinary,2026-08-17,2026-08-18,2026-08-21,2026-08-20,4.0,80.0,-0.34959349593495936,0.41605839416058393,7.0,0.0,0.299625468164794,1.0,1.0,10.0,1.0,0,6,3,0.0004952670357318064,0.0019392194578304158,0.005112116650336867,0.9924533968561009,2.9895236433268066
Super Troopers 3,AMC Factoria 8,ordinary,2026-08-17,2026-08-18,2026-08-21,2026-08-20,3.0,50.0,0.25,0.0,6.0,0.0,0.18726591760299627,2.0,0.0,2.0,0.0,0,0,0,0.18926968720390924,0.38756552598687366,0.2996792779095244,0.12348550889969269,1.3573806085050006
PAW Patrol: The Dino Movie,AMC Factoria 8,ordinary,2026-08-17,2026-08-18,2026-08-21,2026-08-20,2.0,34.0,7.5,0.0,7.0,0.0,0.12734082397003746,4.0,0.0,3.0,1.0,0,3,3,0.1626459417790308,0.36212951800346066,0.31782150247363566,0.15740303774387285,1.4699816361823506
The End of Oak Street,AMC Factoria 8,ordinary,2026-08-17,2026-08-18,2026-08-21,2026-08-20,2.0,35.0,7.75,0.0,7.0,0.0,0.13108614232209737,3.0,0.0,3.0,1.0,0,3,3,0.1053257424720112,0.2826589929241916,0.33680212298044976,0.2752131416233474,1.7819026637551334
One Night Only,AMC Factoria 8,ambiguous_special,2026-08-17,2026-08-18,2026-08-21,2026-08-20,3.0,30.0,-0.21052631578947367,0.21052631578947367,7.0,0.0,0.11235955056179775,5.0,0.0,2.0,0.0,0,0,0,0.7623775984010036,0.22013313091196748,0.016980147760065963,0.0005091229269629418,0.25562079521298825
Insidious: Out of the Further,AMC Factoria 8,ordinary,2026-08-17,2026-08-18,2026-08-21,2026-08-20,1.0,4.0,,0.0,7.0,,0.0149812734082397,7.0,1.0,14.0,1.0,0,3,3,0.027591804063862364,0.0974031514963731,0.19930617119061836,0.6756988732491461,2.5231121136250483
Mutiny,AMC Factoria 8,ordinary,2026-08-17,2026-08-18,2026-08-21,2026-08-20,1.0,3.0,,0.0,6.0,,0.011235955056179775,8.0,1.0,10.0,1.0,0,2,2,0.05969677875531379,0.18749797290845766,0.29929777412480996,0.4535074742114186,2.1466159437923333
AMC Scream Unseen: August 17,AMC Factoria 8,special_event,2026-08-17,2026-08-18,2026-08-21,2026-08-20,1.0,1.0,,0.0,7.0,,0.003745318352059925,11.0,0.0,0.0,0.0,0,0,0,0.9563063573965954,0.04319062895140639,0.0005008124481695583,2.2012038286310066e-06,0.0441988574592314
Six: The Musical Live!,AMC Factoria 8,special_event,2026-08-17,2026-08-18,2026-08-21,2026-08-20,1.0,3.0,,0.0,7.0,,0.011235955056179775,9.0,0.0,2.0,0.0,0,0,0,0.7454835344526071,0.23414027528063291,0.019728256708674834,0.0006479335580851904,0.2755405893722382
The Brink of War,AMC Factoria 8,ordinary,2026-08-17,2026-08-18,2026-08-21,2026-08-20,1.0,1.0,,0.0,6.0,3.0,0.003745318352059925,10.0,0.0,-2.0,0.0,0,0,0,0.7967453141711969,0.19084472947924505,0.012112703470717663,0.0002972528788404159,0.21596189505720162
The Odyssey,AMC Factoria 8,ordinary,2026-08-24,2026-08-25,2026-08-28,2026-08-27,7.0,37.0,0.23333333333333334,0.5194805194805194,7.0,0.0,0.12091503267973856,5.0,0.0,3.0,1.0,0,4,3,0.13049092347355082,0.32222067099130924,0.3335091668935369,0.21377923864160306,1.6305767207031923
Spider-Man: Brand New Day,AMC Factoria 8,ordinary,2026-08-24,2026-08-25,2026-08-28,2026-08-27,5.0,67.0,-0.1927710843373494,0.5109489051094891,7.0,0.0,0.21895424836601307,1.0,0.0,3.0,1.0,0,5,3,0.0036015265597781642,0.01393164595667115,0.035578560153257985,0.9468882673302927,2.9257535682540654
PAW Patrol: The Dino Movie,AMC Factoria 8,ordinary,2026-08-24,2026-08-25,2026-08-28,2026-08-27,3.0,50.0,0.42857142857142855,0.0,7.0,0.0,0.16339869281045752,2.0,0.0,3.0,1.0,0,2,2,0.13434904582812343,0.32760105605749235,0.33216454975235815,0.20588534836202615,1.609586200648287
The End of Oak Street,AMC Factoria 8,ordinary,2026-08-24,2026-08-25,2026-08-28,2026-08-27,3.0,41.0,0.17142857142857143,0.0,7.0,0.0,0.13398692810457516,3.0,0.0,3.0,1.0,0,2,2,0.14541775995273,0.3421095885046872,0.3273899876949596,0.1850826638476232,1.5521375554374761
Insidious: Out of the Further,AMC Factoria 8,ordinary,2026-08-24,2026-08-25,2026-08-28,2026-08-27,2.0,39.0,8.75,0.0,7.0,0.0,0.12745098039215685,4.0,1.0,10.0,1.0,0,2,2,0.062356806292024065,0.1940142073876644,0.30395657345040483,0.43967241286990666,2.1209445928981943
The Dog Stars,AMC Factoria 8,ordinary,2026-08-24,2026-08-25,2026-08-28,2026-08-27,1.0,4.0,,0.0,7.0,,0.013071895424836602,8.0,1.0,10.0,1.0,0,2,2,0.0287854620824692,0.10116556153669955,0.20492563316049134,0.66512334322034,2.506386857518702
Mutiny,AMC Factoria 8,ordinary,2026-08-24,2026-08-25,2026-08-28,2026-08-27,2.0,35.0,10.666666666666666,0.0,7.0,1.0,0.11437908496732026,6.0,0.0,3.0,1.0,0,1,1,0.17147890419350081,0.3712714110992907,0.3121605652252016,0.14508911948200698,1.4308598999957147
AMC Scream Unseen: August 24,AMC Factoria 8,special_event,2026-08-24,2026-08-25,2026-08-28,2026-08-27,1.0,1.0,,0.0,7.0,,0.0032679738562091504,9.0,0.0,0.0,0.0,0,0,0,0.957154794237215,0.042361853184791215,0.00048128013817306517,2.0724398207718243e-06,0.043330630780599656
Spa Weekend,AMC Factoria 8,ordinary,2026-08-24,2026-08-25,2026-08-28,2026-08-27,2.0,32.0,5.4,0.0,4.0,3.0,0.10457516339869281,7.0,0.0,2.0,1.0,0,1,1,0.6008986229505753,0.3413171665583987,0.05431398556195388,0.0034702249290721006,0.4603558124695228
The Odyssey,AMC Factoria 8,ordinary,2026-08-31,2026-09-01,2026-09-04,2026-09-03,8.0,24.0,-0.4,0.6883116883116883,7.0,0.0,0.1188118811881188,5.0,0.0,2.0,1.0,0,3,3,0.2270082075095631,0.41381485874238205,0.2705532168414589,0.088623716906596,1.2207924431450878
Spider-Man: Brand New Day,AMC Factoria 8,ordinary,2026-08-31,2026-09-01,2026-09-04,2026-09-03,6.0,27.0,-0.5970149253731343,0.8029197080291971,7.0,0.0,0.13366336633663367,4.0,0.0,2.0,1.0,0,4,3,0.06457954350380946,0.19935802586060541,0.3075384012002681,0.4285240294353171,2.100006916567093
PAW Patrol: The Dino Movie,AMC Factoria 8,ordinary,2026-08-31,2026-09-01,2026-09-04,2026-09-03,4.0,18.0,-0.6666666666666666,0.6666666666666666,5.0,-2.0,0.0891089108910891,7.0,0.0,2.0,1.0,0,1,1,0.45648474074609763,0.4169669953195969,0.1135432523818925,0.013005011552412906,0.6830685347406207
The End of Oak Street,AMC Factoria 8,ordinary,2026-08-31,2026-09-01,2026-09-04,2026-09-03,4.0,21.0,-0.5116279069767442,0.5116279069767442,7.0,0.0,0.10396039603960396,6.0,0.0,2.0,1.0,0,1,1,0.2307838610053758,0.41588353490091434,0.26754811282244667,0.08578449127126317,1.2083332343595972
Insidious: Out of the Further,AMC Factoria 8,ordinary,2026-08-31,2026-09-01,2026-09-04,2026-09-03,3.0,28.0,-0.28205128205128205,0.28205128205128205,7.0,0.0,0.13861386138613863,2.0,0.0,3.0,1.0,0,1,1,0.347539498565648,0.44128673600848667,0.17887010397605896,0.03230366144980644,0.895937928310024
The Dog Stars,AMC Factoria 8,ordinary,2026-08-31,2026-09-01,2026-09-04,2026-09-03,2.0,31.0,6.75,0.0,7.0,0.0,0.15346534653465346,1.0,0.0,3.0,1.0,0,1,1,0.25985470744577,0.42881333201504074,0.24437362383809352,0.06695833670109574,1.118435589794515
Mutiny,AMC Factoria 8,ordinary,2026-08-31,2026-09-01,2026-09-04,2026-09-03,3.0,14.0,-0.6,0.6,7.0,0.0,0.06930693069306931,8.0,0.0,2.0,0.0,0,0,0,0.3475346214125922,0.44128696263621564,0.17887345456720424,0.032304961383987876,0.8959487559225877
AMC Screen Unseen: August 31,AMC Factoria 8,special_event,2026-08-31,2026-09-01,2026-09-04,2026-09-03,1.0,1.0,,0.0,7.0,,0.0049504950495049506,11.0,0.0,0.0,0.0,0,0,0,0.9619695681969322,0.037651015790691376,0.00037797853507421183,1.4374773021669947e-06,0.0384112852927463
By Any Means,AMC Factoria 8,ordinary,2026-08-31,2026-09-01,2026-09-04,2026-09-03,1.0,4.0,,0.0,7.0,,0.019801980198019802,10.0,1.0,10.0,1.0,0,2,2,0.028701815343969515,0.10090303234011358,0.2045379703600628,0.6658571819558541,2.5075505189278013
Spa Weekend,AMC Factoria 8,ordinary,2026-08-31,2026-09-01,2026-09-04,2026-09-03,3.0,6.0,-0.8235294117647058,0.8235294117647058,3.0,-1.0,0.0297029702970297,9.0,0.0,2.0,0.0,0,0,0,0.9050273349441786,0.09249843350295367,0.0024495041196315173,2.4727433236170905e-05,0.09747162404192522
The Uprising: Early Access Live Q&A with Paul Greengrass and Andrew Garfield,AMC Factoria 8,special_event,2026-08-31,2026-09-01,2026-09-04,2026-09-03,1.0,1.0,,0.0,7.0,,0.0049504950495049506,12.0,0.0,3.0,0.0,0,0,0,0.9212113718867228,0.07710761707714298,0.0016672933706921688,1.3717665442107564e-05,0.08048335681485365
Coyote vs. Acme,AMC Factoria 8,ambiguous_special,2026-08-31,2026-09-01,2026-09-04,2026-09-03,2.0,27.0,4.4,0.0,7.0,1.0,0.13366336633663367,3.0,0.0,2.0,1.0,0,4,3,0.8626301008920233,0.13201134925663513,0.00527770066366952,8.08491876720545e-05,0.14280929814699034
The Odyssey,AMC Factoria 8,ordinary,2026-09-08,2026-09-09,2026-09-11,2026-09-10,9.0,21.0,-0.2222222222222222,0.7272727272727273,7.0,0.0,0.0958904109589041,6.0,0.0,1.0,1.0,0,2,2,0.2614597649389063,0.42938144383306026,0.24310148721506272,0.06605730401297068,1.1137563303020976
Spider-Man: Brand New Day,AMC Factoria 8,ordinary,2026-09-08,2026-09-09,2026-09-11,2026-09-10,7.0,21.0,-0.3225806451612903,0.8467153284671532,7.0,0.0,0.0958904109589041,7.0,0.0,1.0,1.0,0,3,3,0.07655047119820879,0.2266176297543439,0.32253904856745896,0.3742928504799883,1.9945742783292266
PAW Patrol: The Dino Movie,AMC Factoria 8,ordinary,2026-09-08,2026-09-09,2026-09-11,2026-09-10,5.0,15.0,-0.34782608695652173,0.7222222222222222,5.0,0.0,0.0684931506849315,8.0,0.0,1.0,0.0,0,0,0,0.8186557809883358,0.1716520619795232,0.009489934505205522,0.0002022225269354782,0.1912385985707407
The End of Oak Street,AMC Factoria 8,ordinary,2026-09-08,2026-09-09,2026-09-11,2026-09-10,5.0,11.0,-0.5416666666666666,0.7441860465116279,6.0,-1.0,0.0502283105022831,9.0,0.0,1.0,0.0,0,0,0,0.35596516153049274,0.4407633795074833,0.17313745565232236,0.030134003309701632,0.8774403007412329
Insidious: Out of the Further,AMC Factoria 8,ordinary,2026-09-08,2026-09-09,2026-09-11,2026-09-10,4.0,27.0,-0.12903225806451613,0.3076923076923077,5.0,-2.0,0.1232876712328767,3.0,0.0,1.0,0.0,0,0,0,0.34279178957877815,0.44146475158595083,0.18214928434555494,0.03359417448971603,0.9065458437462087
The Dog Stars,AMC Factoria 8,ordinary,2026-09-08,2026-09-09,2026-09-11,2026-09-10,3.0,25.0,-0.1935483870967742,0.1935483870967742,7.0,0.0,0.1141552511415525,5.0,0.0,1.0,0.0,0,0,0,0.2734386237068288,0.4331730170235629,0.23366217191625685,0.059726187353351404,1.079675922916131
Practical Magic 2,AMC Factoria 8,ordinary,2026-09-08,2026-09-09,2026-09-11,2026-09-10,1.0,4.0,,0.0,7.0,,0.0182648401826484,11.0,1.0,9.0,1.0,0,3,3,0.0300332793338783,0.10506189005412518,0.2106013741789859,0.6543034564330107,2.489175007711129
By Any Means,AMC Factoria 8,ordinary,2026-09-08,2026-09-09,2026-09-11,2026-09-10,2.0,32.0,7.0,0.0,7.0,0.0,0.1461187214611872,1.0,0.0,2.0,1.0,0,1,1,0.2170249921318017,0.4078807595541181,0.27845441137012295,0.09663983694395724,1.2547090931262357
AMC Screen Unseen: September 7,AMC Factoria 8,special_event,2026-09-08,2026-09-09,2026-09-11,2026-09-10,1.0,1.0,,0.0,7.0,,0.0045662100456621,13.0,0.0,-1.0,0.0,0,0,0,0.9573398859166738,0.042180996914788035,0.00047707211900874404,2.0450495293676977e-06,0.043141276301393625
Coyote vs. Acme,AMC Factoria 8,ambiguous_special,2026-09-08,2026-09-09,2026-09-11,2026-09-10,3.0,27.0,-0.15625,0.15625,7.0,0.0,0.1232876712328767,2.0,0.0,1.0,1.0,0,3,3,0.8475325287229828,0.14578256322018118,0.006571190166876768,0.00011371788995925325,0.15926609722381246
Runner,AMC Factoria 8,ordinary,2026-09-08,2026-09-09,2026-09-11,2026-09-10,1.0,5.0,,0.0,5.0,,0.0228310502283105,10.0,1.0,16.0,1.0,0,2,2,0.04783123439235571,0.156755097569445,0.2728702151550382,0.5225434528831611,2.2701258865290046
Buddy,AMC Factoria 8,ordinary,2026-09-08,2026-09-09,2026-09-11,2026-09-10,2.0,27.0,12.5,0.0,7.0,3.0,0.1232876712328767,4.0,0.0,1.0,1.0,0,1,1,0.6064921468702283,0.3376632672025076,0.052563792760414015,0.0032807931668500383,0.45263323222388574
The Uprising,AMC Factoria 8,ordinary,2026-09-08,2026-09-09,2026-09-11,2026-09-10,1.0,3.0,,0.0,6.0,,0.0136986301369863,12.0,1.0,9.0,1.0,0,2,2,0.045887270844294226,0.15144628119853304,0.2675384790417568,0.535127968915416,2.2919071460282945
The Odyssey,AMC Factoria 8,ordinary,2026-09-14,2026-09-15,2026-09-18,2026-09-17,10.0,21.0,-0.125,0.7272727272727273,7.0,0.0,0.10552763819095477,6.0,0.0,2.0,0.0,0,1,1,0.307101685669846,0.43990270961796035,0.20787682758826137,0.04511877712393221,0.9910126961662797
Spider-Man: Brand New Day,AMC Factoria 8,ordinary,2026-09-14,2026-09-15,2026-09-18,2026-09-17,8.0,21.0,-0.16,0.8467153284671532,7.0,0.0,0.10552763819095477,7.0,0.0,2.0,1.0,1,,,0.0647541055118956,0.199773847781215,0.30780816521593973,0.4276638814909497,2.0983818226859436
Practical Magic 2,AMC Factoria 8,ordinary,2026-09-14,2026-09-15,2026-09-18,2026-09-17,2.0,25.0,5.25,0.0,7.0,0.0,0.12562814070351758,5.0,0.0,3.0,1.0,1,,,0.13497072383117642,0.3284520478838384,0.3319312233236849,0.2046460049613003,1.6062525094151092
By Any Means,AMC Factoria 8,ordinary,2026-09-14,2026-09-15,2026-09-18,2026-09-17,3.0,26.0,-0.1875,0.1875,7.0,0.0,0.1306532663316583,4.0,0.0,2.0,0.0,0,0,0,0.25463554155636864,0.42686477226442043,0.24851962930288138,0.0699800568763296,1.1338442014991719
Coyote vs. Acme,AMC Factoria 8,ambiguous_special,2026-09-14,2026-09-15,2026-09-18,2026-09-17,4.0,27.0,-0.12903225806451613,0.15625,7.0,0.0,0.135678391959799,1.0,0.0,2.0,1.0,1,,,0.8130435130426592,0.17660508915759895,0.010127377343719685,0.00022402045602216476,0.19753190521310482
Resident Evil,AMC Factoria 8,ordinary,2026-09-14,2026-09-15,2026-09-18,2026-09-17,1.0,5.0,,0.0,7.0,,0.02512562814070352,9.0,1.0,16.0,1.0,0,3,3,0.017446799291301586,0.063988290338771,0.1431329026132728,0.7754320077566547,2.6765501188352805
Runner,AMC Factoria 8,ordinary,2026-09-14,2026-09-15,2026-09-18,2026-09-17,2.0,27.0,4.4,0.0,5.0,0.0,0.135678391959799,2.0,1.0,10.0,1.0,0,1,1,0.453586062759026,0.418046314083562,0.1150366397105801,0.013330983446831876,0.6881125438452179
AMC Screen Unseen: September 13,AMC Factoria 8,special_event,2026-09-14,2026-09-15,2026-09-18,2026-09-17,1.0,1.0,,0.0,7.0,,0.005025125628140704,10.0,0.0,-1.0,0.0,0,0,0,0.9900287007379073,0.009945765710637926,2.550883657216312e-05,2.4714882636026143e-08,0.009996857528430159
AMC Screen Unseen: September 14,AMC Factoria 8,special_event,2026-09-14,2026-09-15,2026-09-18,2026-09-17,1.0,1.0,,0.0,7.0,,0.005025125628140704,11.0,0.0,0.0,0.0,0,0,0,0.9580941655722299,0.04144377836362726,0.00046012008167178056,1.9359824710325415e-06,0.04236982647438392
Buddy,AMC Factoria 8,ordinary,2026-09-14,2026-09-15,2026-09-18,2026-09-17,3.0,18.0,-0.4,0.4,7.0,0.0,0.09045226130653267,8.0,0.0,2.0,0.0,0,0,0,0.35769408436502825,0.4406238758269609,0.17197499770312988,0.029707042104881006,0.8736949975478636
The Uprising,AMC Factoria 8,ordinary,2026-09-14,2026-09-15,2026-09-18,2026-09-17,2.0,27.0,8.0,0.0,6.0,0.0,0.135678391959799,3.0,0.0,3.0,1.0,0,1,1,0.4896424175232671,0.40322686139368585,0.09736790109592103,0.009762819987126059,0.6272511235469062
The Odyssey,AMC Factoria 8,ordinary,2026-09-21,2026-09-22,2026-09-25,2026-09-24,11.0,6.0,-0.7272727272727273,0.8928571428571429,6.0,-1.0,0.028037383177570093,9.0,0.0,2.0,0.0,0,0,0,0.6710023609808504,0.2924477507827875,0.03490361080062028,0.0016462774357417927,0.3671938046912534
Spider-Man: Brand New Day,AMC Factoria 8,ordinary,2026-09-21,2026-09-22,2026-09-25,2026-09-24,9.0,22.0,-0.12,0.8394160583941606,7.0,0.0,0.102803738317757,4.0,0.0,2.0,1.0,1,,,0.2850917935505963,0.4361332335678402,0.22459592448762755,0.05417904839393595,1.0478622277249032
Practical Magic 2,AMC Factoria 8,ordinary,2026-09-21,2026-09-22,2026-09-25,2026-09-24,3.0,21.0,-0.19230769230769232,0.19230769230769232,7.0,0.0,0.09813084112149532,5.0,0.0,2.0,1.0,1,,,0.26784506269048136,0.4314996553463681,0.23805679139788177,0.06259849056526887,1.0954087098379381
Coyote vs. Acme,AMC Factoria 8,ambiguous_special,2026-09-21,2026-09-22,2026-09-25,2026-09-24,5.0,20.0,-0.3333333333333333,0.375,7.0,0.0,0.09345794392523364,6.0,0.0,2.0,1.0,1,,,0.7481817832167269,0.23192113534426964,0.019273066802331467,0.0006240146366719874,0.2723393128589485
Resident Evil,AMC Factoria 8,ordinary,2026-09-21,2026-09-22,2026-09-25,2026-09-24,2.0,55.0,5.875,0.0,7.0,0.0,0.2570093457943925,1.0,1.0,9.0,1.0,1,,,0.03602536777539353,0.12326005593615912,0.2352258099690359,0.6054887663194115,2.4101779748324654
Heart of the Beast,AMC Factoria 8,ordinary,2026-09-21,2026-09-22,2026-09-25,2026-09-24,1.0,3.0,,0.0,7.0,,0.014018691588785047,12.0,1.0,9.0,1.0,1,,,0.027961082912833564,0.09857081542071985,0.2010648677660208,0.6724032339004258,2.5179102526540387
Runner,AMC Factoria 8,ordinary,2026-09-21,2026-09-22,2026-09-25,2026-09-24,3.0,27.0,-0.03571428571428571,0.03571428571428571,6.0,1.0,0.1261682242990654,2.0,0.0,3.0,0.0,0,0,0,0.4735876708112849,0.410192044981578,0.1049935785050427,0.01122670570209436,0.6538593190979465
Forgotten Island,AMC Factoria 8,ordinary,2026-09-21,2026-09-22,2026-09-25,2026-09-24,1.0,3.0,,0.0,6.0,,0.014018691588785047,10.0,1.0,16.0,1.0,1,,,0.060330813107160784,0.18906326178983116,0.3004462741624502,0.45015965094055793,2.1404347629364056
Avengers Endgame: Encore,AMC Factoria 8,ambiguous_special,2026-09-21,2026-09-22,2026-09-25,2026-09-24,1.0,3.0,,0.0,7.0,,0.014018691588785047,11.0,1.0,10.0,1.0,1,,,0.38138188483678326,0.4376628301431205,0.1565307563507018,0.024424528669394402,0.8239979288527073
The Uprising,AMC Factoria 8,ordinary,2026-09-21,2026-09-22,2026-09-25,2026-09-24,3.0,8.0,-0.7037037037037037,0.7037037037037037,6.0,0.0,0.037383177570093455,8.0,0.0,2.0,0.0,0,0,0,0.6565279233836301,0.30305797038577476,0.03847763716380873,0.0019364690667864092,0.3858226519137514
AMC Screen Unseen: September 21,AMC Factoria 8,special_event,2026-09-21,2026-09-22,2026-09-25,2026-09-24,1.0,1.0,,0.0,7.0,,0.004672897196261682,15.0,0.0,0.0,0.0,0,0,0,0.946815638469381,0.052433608133312735,0.000746718436348304,4.034960957967807e-06,0.05393914988888325
Primetime,AMC Factoria 8,ordinary,2026-09-21,2026-09-22,2026-09-25,2026-09-24,1.0,2.0,,0.0,7.0,,0.009345794392523364,13.0,1.0,10.0,1.0,1,,,0.051315075068571636,0.16607343045253303,0.28167226132336165,0.5009392331555337,2.2322356525658575
The Weight,AMC Factoria 8,ordinary,2026-09-21,2026-09-22,2026-09-25,2026-09-24,2.0,24.0,5.0,0.0,7.0,2.0,0.11214953271028037,3.0,0.0,2.0,1.0,1,,,0.422291153369893,0.42834135814427793,0.13199654053561938,0.017370947950209794,0.744447283066146
Shaun the Sheep: The Beast of Mossy Bottom,AMC Factoria 8,ordinary,2026-09-21,2026-09-22,2026-09-25,2026-09-24,2.0,17.0,16.0,0.0,5.0,3.0,0.0794392523364486,7.0,0.0,2.0,0.0,0,0,0,0.8913271860727846,0.1053972793025803,0.003237562417179979,3.797220745511561e-05,0.1119863207593056
The Paradise (Telugu),AMC Factoria 8,ambiguous_limited,2026-09-21,2026-09-22,2026-09-25,2026-09-24,1.0,1.0,,0.0,5.0,,0.004672897196261682,14.0,0.0,2.0,0.0,0,0,0,0.9558535403896194,0.04363278687518766,0.0005114006232961203,2.2721118967717734e-06,0.04466240445747022
Forgotten Island - Early Access Screening,AMC Factoria 8,special_event,2026-09-21,2026-09-22,2026-09-25,2026-09-24,1.0,1.0,,0.0,3.0,,0.004672897196261682,16.0,0.0,-1.0,0.0,0,0,0,0.9806561909765139,0.01924703515642409,9.659058331892675e-05,1.8328374307175394e-07,0.01944076617429116
David,AMC Kent Station 14,ordinary_title_only,2026-06-29,2026-06-30,2026-07-03,2026-07-02,1.0,2.0,,0.0,4.0,,0.007380073800738007,25.0,0.0,0.0,0.0,0,0,0,0.9883024751587287,0.011662339739088631,3.514508627776321e-05,4.001590489561951e-08,0.011732749959358845
David,AMC Kent Station 14,ordinary_title_only,2026-06-29,2026-06-30,2026-07-03,2026-07-02,1.0,2.0,,0.0,4.0,,0.007380073800738007,23.0,0.0,2.0,0.0,0,0,0,0.985207051012304,0.014736547309594051,5.632032832595064e-05,8.134977600663806e-08,0.014849432015573974
Bleach: Thousand-Year Blood War - The Calamity,AMC Kent Station 14,ordinary_title_only,2026-06-29,2026-06-30,2026-07-03,2026-07-02,1.0,6.0,,0.0,3.0,,0.02214022140221402,12.0,0.0,1.0,0.0,0,0,0,0.9041811358318022,0.09329863574933,0.0024947956009886817,2.54328178791608e-05,0.09836452540494485
Toy Story 5,AMC Kent Station 14,ordinary_title_only,2026-06-29,2026-06-30,2026-07-03,2026-07-02,1.0,39.0,,0.0,7.0,,0.14391143911439114,2.0,0.0,1.0,0.0,0,0,0,0.23195272110206724,0.41650492388943666,0.2666165721594981,0.08492578284899804,1.204515416755427
Young Washington,AMC Kent Station 14,ordinary,2026-06-29,2026-06-30,2026-07-03,2026-07-02,1.0,3.0,,0.0,5.0,,0.01107011070110701,22.0,1.0,9.0,1.0,0,3,3,0.05792828725657398,0.18309148666088898,0.29596404646917956,0.46301617961335756,2.164068118439321
Minions & Monsters,AMC Kent Station 14,ordinary_title_only,2026-06-29,2026-06-30,2026-07-03,2026-07-02,1.0,4.0,,0.0,4.0,,0.014760147601476014,19.0,0.0,2.0,0.0,0,0,0,0.969712461941985,0.030048311111018383,0.00023851032174117948,7.166252554221804e-07,0.030527481630267007
Supergirl,AMC Kent Station 14,ordinary,2026-06-29,2026-06-30,2026-07-03,2026-07-02,1.0,18.0,,0.0,7.0,,0.06642066420664207,5.0,1.0,9.0,1.0,0,4,3,0.013062955943480828,0.0487177622130764,0.11347665335235022,0.8247426284910926,2.7498989543910546
Minions & Monsters,AMC Kent Station 14,ordinary,2026-06-29,2026-06-30,2026-07-03,2026-07-02,1.0,47.0,,0.0,7.0,,0.17343173431734318,1.0,1.0,14.0,1.0,0,6,3,3.9286573444639026e-05,0.0001541019674287239,0.0004081651757867141,0.99939844628334,2.999165771169022
Supergirl,AMC Kent Station 14,ordinary_title_only,2026-06-29,2026-06-30,2026-07-03,2026-07-02,1.0,33.0,,0.0,7.0,,0.12177121771217712,3.0,0.0,1.0,0.0,0,0,0,0.34820588628949395,0.44125493124766085,0.1784126467509031,0.03212653571194217,0.8944598318852935
Jackass: Best and Last,AMC Kent Station 14,ordinary,2026-06-29,2026-06-30,2026-07-03,2026-07-02,1.0,12.0,,0.0,7.0,,0.04428044280442804,6.0,0.0,3.0,1.0,0,2,2,0.026295178164380668,0.0932767962078288,0.19298431224751847,0.687443713380272,2.5415765608436813
Jackass: Best and Last,AMC Kent Station 14,ordinary_title_only,2026-06-29,2026-06-30,2026-07-03,2026-07-02,1.0,12.0,,0.0,7.0,,0.04428044280442804,7.0,0.0,1.0,0.0,0,0,0,0.6314057066361413,0.32085098443540644,0.045204745228320756,0.0025385637001315666,0.4188761659924427
Toy Story 5,AMC Kent Station 14,ordinary,2026-06-29,2026-06-30,2026-07-03,2026-07-02,1.0,19.0,,0.0,7.0,,0.07011070110701106,4.0,1.0,14.0,1.0,0,8,3,0.029679506079443026,0.10396102587036565,0.2090124759203046,0.6573469921298868,2.4940269541006352
AMC,AMC Kent Station 14,special_event_title_only,2026-06-29,2026-06-30,2026-07-03,2026-07-02,1.0,1.0,,0.0,7.0,,0.0036900369003690036,26.0,0.0,0.0,0.0,0,0,0,0.9486610333538625,0.05064040892151153,0.0006949399022133525,3.617822412575685e-06,0.05204114219317596
Bleach: Thousand-Year Blood War - The Calamity,AMC Kent Station 14,ordinary_title_only,2026-06-29,2026-06-30,2026-07-03,2026-07-02,1.0,2.0,,0.0,2.0,,0.007380073800738007,24.0,0.0,3.0,1.0,0,1,1,0.9827669437938499,0.017156371942452363,7.655512690966461e-05,1.2913678809283867e-07,0.01730986960663597
Backrooms,AMC Kent Station 14,ordinary_title_only,2026-06-29,2026-06-30,2026-07-03,2026-07-02,1.0,9.0,,0.0,6.0,,0.033210332103321034,10.0,0.0,1.0,0.0,0,0,0,0.7760031815953529,0.20864514685896757,0.014936905759795829,0.0004147657858837373,0.23976325573621043
Scary Movie,AMC Kent Station 14,ordinary_title_only,2026-06-29,2026-06-30,2026-07-03,2026-07-02,1.0,4.0,,0.0,3.0,,0.014760147601476014,20.0,0.0,2.0,0.0,0,0,0,0.9252603817821732,0.07323177732405299,0.0014962145086365255,1.1626385137309192e-05,0.07625908549673796
Star Wars: The Mandalorian and Grogu,AMC Kent Station 14,ordinary_title_only,2026-06-29,2026-06-30,2026-07-03,2026-07-02,1.0,4.0,,0.0,2.0,,0.014760147601476014,21.0,0.0,1.0,0.0,0,0,0,0.9465753251621786,0.0526669802914794,0.0007536029457671079,4.091600574920957e-06,0.05418646098473838
Masters of the Universe,AMC Kent Station 14,ordinary_title_only,2026-06-29,2026-06-30,2026-07-03,2026-07-02,1.0,5.0,,0.0,4.0,,0.01845018450184502,15.0,0.0,1.0,0.0,0,0,0,0.8346067622902662,0.1574404183234802,0.007804047896738485,0.00014877148951510978,0.1734948285855025
Leviticus,AMC Kent Station 14,ordinary_title_only,2026-06-29,2026-06-30,2026-07-03,2026-07-02,1.0,4.0,,0.0,5.0,,0.014760147601476014,18.0,0.0,1.0,0.0,0,0,0,0.964805942497132,0.034869831196189686,0.0003230925489838958,1.1337576943911133e-06,0.035519417567240655
The Death of Robin Hood,AMC Kent Station 14,ordinary_title_only,2026-06-29,2026-06-30,2026-07-03,2026-07-02,1.0,6.0,,0.0,5.0,,0.02214022140221402,13.0,0.0,1.0,0.0,0,0,0,0.9053094449143606,0.09223155702544356,0.0024345027012852285,2.4495358910604296e-05,0.09717404850474583
Disclosure Day,AMC Kent Station 14,ordinary_title_only,2026-06-29,2026-06-30,2026-07-03,2026-07-02,1.0,10.0,,0.0,7.0,,0.03690036900369004,8.0,0.0,1.0,0.0,0,0,0,0.6432115528039323,0.3125905304602699,0.041958960508470144,0.0022389562273276925,0.40322532015919327
Girls Like Girls,AMC Kent Station 14,ordinary_title_only,2026-06-29,2026-06-30,2026-07-03,2026-07-02,1.0,4.0,,0.0,5.0,,0.014760147601476014,17.0,0.0,1.0,0.0,0,0,0,0.9543023986629415,0.04514653880396646,0.0005485357019325828,2.526831159420156e-06,0.04625119070130989
Obsession,AMC Kent Station 14,ordinary_title_only,2026-06-29,2026-06-30,2026-07-03,2026-07-02,1.0,10.0,,0.0,7.0,,0.03690036900369004,9.0,0.0,1.0,0.0,0,0,0,0.6353294877867677,0.3181258737415758,0.04410910652650494,0.002435531945151575,0.4136506826300404
Disclosure Day,AMC Kent Station 14,ordinary,2026-06-29,2026-06-30,2026-07-03,2026-07-02,1.0,5.0,,0.0,7.0,,0.01845018450184502,14.0,0.0,2.0,1.0,0,4,3,0.06274212937522164,0.1949471377210241,0.30459731983695093,0.4377134130668033,2.117282016595336
Obsession,AMC Kent Station 14,ordinary,2026-06-29,2026-06-30,2026-07-03,2026-07-02,1.0,6.0,,0.0,6.0,,0.02214022140221402,11.0,0.0,2.0,1.0,0,4,3,0.12128515877411103,0.3086724264791348,0.335920920431707,0.23412149431504725,1.6828787502876907
Backrooms,AMC Kent Station 14,ordinary_title_only,2026-06-29,2026-06-30,2026-07-03,2026-07-02,1.0,4.0,,0.0,5.0,,0.014760147601476014,16.0,0.0,2.0,0.0,0,0,0,0.7254782383551028,0.25037228745447193,0.023301278477724122,0.0008481957127011243,0.2995194315480235
Citizen Kane,AMC Kent Station 14,rerelease_title_only,2026-07-06,2026-07-07,2026-07-10,2026-07-09,1.0,1.0,,0.0,3.0,,0.001937984496124031,17.0,0.0,2.0,0.0,0,0,0,0.9193308708733183,0.07890428979308739,0.0017500668303684413,1.4772503225842234e-05,0.0824487409635018
How to Train Your Dragon,AMC Kent Station 14,ordinary_title_only,2026-07-06,2026-07-07,2026-07-10,2026-07-09,1.0,4.0,,0.0,4.0,,0.007751937984496124,14.0,0.0,2.0,0.0,0,0,0,0.9642645549165642,0.03540102842265393,0.00033322868031176295,1.1879804701551243e-06,0.03607104972468792
Young Washington,AMC Kent Station 14,ordinary,2026-07-06,2026-07-07,2026-07-10,2026-07-09,2.0,31.0,5.2,0.0,7.0,2.0,0.060077519379844964,5.0,0.0,2.0,1.0,0,2,2,0.15257480678424437,0.3507912830054292,0.3236883165035899,0.17294559370673643,1.5170046971328184
Supergirl,AMC Kent Station 14,ordinary,2026-07-06,2026-07-07,2026-07-10,2026-07-09,2.0,59.0,1.6818181818181819,0.0,7.0,0.0,0.11434108527131782,3.0,0.0,2.0,1.0,0,3,3,0.02484036046680469,0.08859765847456022,0.18561173584826832,0.7009502452103669,2.5626718658021974
Minions & Monsters,AMC Kent Station 14,ordinary,2026-07-06,2026-07-07,2026-07-10,2026-07-09,2.0,134.0,1.851063829787234,0.0,7.0,0.0,0.2596899224806202,1.0,1.0,9.0,1.0,0,5,3,3.593265789240027e-05,0.0001409480553894747,0.0003733378226529079,0.9994497814640653,2.999236968092891
Jackass: Best and Last,AMC Kent Station 14,ordinary,2026-07-06,2026-07-07,2026-07-10,2026-07-09,2.0,30.0,1.3076923076923077,0.0,7.0,0.0,0.05813953488372093,6.0,0.0,2.0,1.0,0,1,1,0.09244293579683294,0.25911899774614566,0.33348700999536085,0.31495105646166055,1.8709461871218491
Moana,AMC Kent Station 14,ordinary,2026-07-06,2026-07-07,2026-07-10,2026-07-09,1.0,15.0,,0.0,7.0,,0.029069767441860465,10.0,1.0,14.0,1.0,0,5,3,0.0004974317718266677,0.0019476789630530986,0.0051343023043417604,0.9924205869607785,2.989478044454072
Gail Daughtry and the Celebrity Sex Pass,AMC Kent Station 14,ordinary,2026-07-06,2026-07-07,2026-07-10,2026-07-09,1.0,2.0,,0.0,4.0,,0.003875968992248062,16.0,1.0,9.0,1.0,0,1,1,0.3261904182432411,0.4413953314594841,0.19388621591898464,0.03852803437829011,0.9447518664323238
Toy Story 5,AMC Kent Station 14,ordinary,2026-07-06,2026-07-07,2026-07-10,2026-07-09,2.0,107.0,1.9722222222222223,0.0,7.0,0.0,0.20736434108527133,2.0,1.0,9.0,1.0,0,7,3,0.0007127812131696912,0.0027885190352137973,0.0073344975417742025,0.9891642022098422,2.9849501207482887
Bleach: Thousand-Year Blood War - The Calamity,AMC Kent Station 14,ordinary_title_only,2026-07-06,2026-07-07,2026-07-10,2026-07-09,2.0,12.0,2.0,0.0,3.0,1.0,0.023255813953488372,11.0,0.0,2.0,0.0,0,0,0,0.976215632563067,0.023637570256199822,0.00014645393052080183,3.4325021239590916e-07,0.023931507867878614
Evil Dead Burn,AMC Kent Station 14,ordinary,2026-07-06,2026-07-07,2026-07-10,2026-07-09,1.0,5.0,,0.0,7.0,,0.009689922480620155,13.0,1.0,14.0,1.0,0,4,3,0.009288693465886603,0.035147791095803196,0.08486193124002919,0.870701584198281,2.8169764061707045
Disclosure Day,AMC Kent Station 14,ordinary,2026-07-06,2026-07-07,2026-07-10,2026-07-09,2.0,27.0,2.0,0.0,7.0,0.0,0.05232558139534884,7.0,0.0,2.0,1.0,0,3,3,0.12306157805733293,0.31136663980189017,0.3355503666449468,0.2300214154958301,1.672531619579274
Obsession,AMC Kent Station 14,ordinary,2026-07-06,2026-07-07,2026-07-10,2026-07-09,2.0,35.0,2.1818181818181817,0.0,7.0,1.0,0.06782945736434108,4.0,0.0,2.0,1.0,0,3,3,0.08840283010004149,0.2512334117683898,0.33151206827712737,0.3288516898544413,1.9008126178859683
The Invite,AMC Kent Station 14,ordinary,2026-07-06,2026-07-07,2026-07-10,2026-07-09,1.0,3.0,,0.0,7.0,,0.005813953488372093,15.0,1.0,10.0,1.0,0,3,3,0.02131054052253215,0.07702398110514726,0.16642389457953077,0.7352415837927898,2.615596521642578
Backrooms: Everything Must Go Edition w/ Bonus Footage,AMC Kent Station 14,ordinary,2026-07-06,2026-07-07,2026-07-10,2026-07-09,1.0,19.0,,0.0,6.0,,0.03682170542635659,9.0,0.0,2.0,1.0,0,1,1,0.1623898520741167,0.3618535043042199,0.31797901141964674,0.1577776322020167,1.4711444237495637
Scary Movie,AMC Kent Station 14,ordinary,2026-07-06,2026-07-07,2026-07-10,2026-07-09,2.0,20.0,5.666666666666667,0.0,3.0,2.0,0.03875968992248062,8.0,0.0,2.0,0.0,0,0,0,0.6716973317473657,0.2919319816798086,0.03473740128436594,0.001633285288459783,0.36630664011391983
Masters of the Universe,AMC Kent Station 14,ordinary_title_only,2026-07-06,2026-07-07,2026-07-10,2026-07-09,2.0,11.0,4.5,0.0,4.0,3.0,0.02131782945736434,12.0,0.0,2.0,0.0,0,0,0,0.9948553195946348,0.005137907830441061,6.769207481274741e-06,3.367442862500218e-09,0.005151456347732198
Supergirl,AMC Kent Station 14,other,2026-07-06,2026-07-07,2026-07-10,2026-07-09,1.0,1.0,,0.0,1.0,,0.001937984496124031,18.0,0.0,2.0,0.0,0,0,0,0.8967096751372682,0.10034408171607549,0.002913954158309414,3.2288988346911325e-05,0.10626885699773504
The Lego Movie,AMC Kent Station 14,ordinary,2026-07-13,2026-07-14,2026-07-17,2026-07-16,1.0,4.0,,0.0,4.0,,0.008771929824561403,16.0,0.0,2.0,0.0,0,0,0,0.680749859679377,0.2851619359139035,0.03261674563464046,0.0014714587720790842,0.35480980349942165
My Neighbor Totoro - Studio Ghibli Fest 2026,AMC Kent Station 14,special_event,2026-07-13,2026-07-14,2026-07-17,2026-07-16,1.0,6.0,,0.0,4.0,,0.013157894736842105,13.0,0.0,2.0,0.0,0,0,0,0.9480058306404424,0.05127730357822221,0.0007131034235507334,3.7623577846424325e-06,0.0527147974986776
Young Washington,AMC Kent Station 14,ordinary,2026-07-13,2026-07-14,2026-07-17,2026-07-16,3.0,29.0,-0.19444444444444445,0.19444444444444445,7.0,0.0,0.06359649122807018,7.0,0.0,2.0,1.0,0,1,1,0.1254738045277625,0.3149633769130844,0.3349719381353586,0.22459088042379455,1.6586798944551853
Supergirl,AMC Kent Station 14,ordinary,2026-07-13,2026-07-14,2026-07-17,2026-07-16,3.0,30.0,-0.53125,0.53125,6.0,-1.0,0.06578947368421052,6.0,0.0,2.0,1.0,0,2,2,0.16437463243944894,0.3639763088513514,0.3167479397508049,0.1549011189583947,1.4621755452281453
Minions & Monsters,AMC Kent Station 14,ordinary,2026-07-13,2026-07-14,2026-07-17,2026-07-16,3.0,48.0,-0.6496350364963503,0.6496350364963503,7.0,0.0,0.10526315789473684,3.0,0.0,2.0,1.0,0,4,3,0.018693437843216056,0.06823690949892261,0.15092406082026652,0.7621455918375948,2.65652180665224
The Odyssey,AMC Kent Station 14,ordinary,2026-07-13,2026-07-14,2026-07-17,2026-07-16,1.0,8.0,,0.0,7.0,,0.017543859649122806,11.0,1.0,14.0,1.0,0,12,3,0.007050910986375962,0.02691182167471456,0.06640764256555677,0.8996296247733527,2.858615981125886
Jackass: Best and Last,AMC Kent Station 14,ordinary,2026-07-13,2026-07-14,2026-07-17,2026-07-16,3.0,6.0,-0.8064516129032258,0.8064516129032258,2.0,-5.0,0.013157894736842105,12.0,0.0,2.0,0.0,0,0,0,0.9714118655670928,0.02837527566901134,0.0002122578529514647,6.009109443908917e-07,0.028801594107747443
Moana,AMC Kent Station 14,ordinary,2026-07-13,2026-07-14,2026-07-17,2026-07-16,2.0,123.0,7.2,0.0,7.0,0.0,0.26973684210526316,1.0,1.0,10.0,1.0,0,4,3,0.00036897864140841906,0.0014454522671784454,0.003815448824426452,0.9943701202669868,2.992186710716992
Gail Daughtry and the Celebrity Sex Pass,AMC Kent Station 14,ordinary,2026-07-13,2026-07-14,2026-07-17,2026-07-16,2.0,26.0,7.666666666666667,0.0,5.0,1.0,0.05701754385964912,9.0,0.0,2.0,0.0,0,0,0,0.463851953115763,0.41413282191132955,0.1098058166001532,0.01220940837275426,0.6703726802298988
Toy Story 5,AMC Kent Station 14,ordinary,2026-07-13,2026-07-14,2026-07-17,2026-07-16,3.0,46.0,-0.5892857142857143,0.5892857142857143,7.0,0.0,0.10087719298245613,4.0,0.0,2.0,1.0,0,6,3,0.05463830760465598,0.1747331461341486,0.28922864392297454,0.48139990233822094,2.1973901409947603
Evil Dead Burn,AMC Kent Station 14,ordinary,2026-07-13,2026-07-14,2026-07-17,2026-07-16,2.0,49.0,7.166666666666667,0.0,7.0,0.0,0.1074561403508772,2.0,1.0,9.0,1.0,0,3,3,0.02907176592368543,0.10206286091492235,0.2062456169696656,0.6626197561917266,2.5024133634294334
Disclosure Day,AMC Kent Station 14,ordinary,2026-07-13,2026-07-14,2026-07-17,2026-07-16,3.0,26.0,-0.16129032258064516,0.16129032258064516,7.0,0.0,0.05701754385964912,8.0,0.0,2.0,1.0,0,2,2,0.14896451123409266,0.3464785217648529,0.32560941963921164,0.17894754736184282,1.5345400031288046
Obsession,AMC Kent Station 14,ordinary,2026-07-13,2026-07-14,2026-07-17,2026-07-16,3.0,10.0,-0.7368421052631579,0.7368421052631579,6.0,-1.0,0.021929824561403508,10.0,0.0,2.0,1.0,0,2,2,0.47215689964368324,0.4107848640556842,0.10569181380450353,0.011366422496129038,0.6562677591530783
The Invite,AMC Kent Station 14,ordinary,2026-07-13,2026-07-14,2026-07-17,2026-07-16,2.0,32.0,9.666666666666666,0.0,7.0,0.0,0.07017543859649122,5.0,0.0,3.0,1.0,0,2,2,0.12152092958398993,0.3090322489958381,0.3358745231386745,0.23357229828149748,1.6814981901176795
Backrooms: Everything Must Go Edition w/ Bonus Footage,AMC Kent Station 14,ordinary,2026-07-13,2026-07-14,2026-07-17,2026-07-16,2.0,6.0,-0.7142857142857143,0.7142857142857143,5.0,-1.0,0.013157894736842105,15.0,0.0,2.0,0.0,0,0,0,0.6908124428522561,0.27752584966736366,0.03035477598505153,0.0013069314953287564,0.342156196123453
Night Nurse,AMC Kent Station 14,ordinary,2026-07-13,2026-07-14,2026-07-17,2026-07-16,2.0,6.0,5.0,0.0,2.0,1.0,0.013157894736842105,14.0,0.0,2.0,0.0,0,0,0,0.9857063906752405,0.01424097088974637,5.256510937638678e-05,7.332563677921064e-08,0.014346321085409482
Minions & Monsters,AMC Kent Station 14,other,2026-07-13,2026-07-14,2026-07-17,2026-07-16,1.0,1.0,,0.0,2.0,,0.0021929824561403508,17.0,0.0,-2.0,0.0,0,0,0,0.9881073866262462,0.011856239533600923,3.6331774880609685e-05,4.206527226925896e-08,0.011929029279178952
Sonic The Hedgehog 3,AMC Kent Station 14,accessibility_presentation,2026-07-20,2026-07-21,2026-07-24,2026-07-23,1.0,4.0,,0.0,4.0,,0.008385744234800839,12.0,0.0,2.0,0.0,0,0,0,0.997096557281792,0.002901289261671248,2.152853485149423e-06,6.030515739163305e-10,0.0029055967777962687
Bad Counselors,AMC Kent Station 14,special_event,2026-07-20,2026-07-21,2026-07-24,2026-07-23,1.0,1.0,,0.0,4.0,,0.0020964360587002098,19.0,1.0,7.0,1.0,0,1,1,0.8283879257170397,0.1630044636695913,0.00843942422905136,0.00016818638431767926,0.18038787128064704
Met Summer Encore: The Merry Widow (2026),AMC Kent Station 14,special_event,2026-07-20,2026-07-21,2026-07-24,2026-07-23,1.0,2.0,,0.0,3.0,,0.0041928721174004195,15.0,0.0,2.0,0.0,0,0,0,0.8966767579466499,0.10037504241559507,0.0029158778499946453,3.232178776037297e-05,0.10630376347886548
Young Washington,AMC Kent Station 14,ordinary,2026-07-20,2026-07-21,2026-07-24,2026-07-23,4.0,16.0,-0.4838709677419355,0.5555555555555556,4.0,-3.0,0.033542976939203356,10.0,0.0,2.0,0.0,0,0,0,0.7223088424146109,0.25290726806757374,0.02389999416678279,0.0008838953510325811,0.30335894245423706
Supergirl,AMC Kent Station 14,ordinary,2026-07-20,2026-07-21,2026-07-24,2026-07-23,4.0,35.0,0.0,0.453125,3.0,-3.0,0.07337526205450734,6.0,0.0,2.0,1.0,0,1,1,0.39810996418402356,0.4344601200605204,0.14617107911747734,0.02125883663797872,0.7905787882094112
Minions & Monsters,AMC Kent Station 14,ordinary,2026-07-20,2026-07-21,2026-07-24,2026-07-23,4.0,64.0,0.0847457627118644,0.5328467153284672,7.0,0.0,0.13417190775681342,3.0,0.0,2.0,1.0,0,3,3,0.01749007235516811,0.06413645542625623,0.1434079157945507,0.774965556424025,2.6758489562874326
The Odyssey,AMC Kent Station 14,ordinary,2026-07-20,2026-07-21,2026-07-24,2026-07-23,2.0,117.0,8.75,0.0,7.0,0.0,0.24528301886792453,1.0,1.0,14.0,1.0,0,11,3,8.152239193891575e-05,0.0003197194028792525,0.000846459486343712,0.9987522987188382,2.9982695345320813
Moana,AMC Kent Station 14,ordinary,2026-07-20,2026-07-21,2026-07-24,2026-07-23,3.0,70.0,-0.4444444444444444,0.4444444444444444,7.0,0.0,0.14675052410901468,2.0,0.0,3.0,1.0,0,3,3,0.003498111118228238,0.013537061993389669,0.03460698609565698,0.9483578407927251,2.927824556562879
Hadestown: The Musical,AMC Kent Station 14,ordinary,2026-07-20,2026-07-21,2026-07-24,2026-07-23,1.0,4.0,,0.0,7.0,,0.008385744234800839,11.0,1.0,9.0,1.0,0,2,2,0.043216409544888174,0.1440220742342368,0.25968881795197757,0.5530726982688974,2.3226178049448842
Toy Story 5,AMC Kent Station 14,ordinary,2026-07-20,2026-07-21,2026-07-24,2026-07-23,4.0,41.0,-0.22641509433962265,0.6339285714285714,7.0,0.0,0.0859538784067086,5.0,0.0,2.0,1.0,0,5,3,0.044511982258662326,0.14764238061221735,0.26357436406830537,0.5442712730608149,2.3076049279312727
Evil Dead Burn,AMC Kent Station 14,ordinary,2026-07-20,2026-07-21,2026-07-24,2026-07-23,3.0,43.0,-0.14,0.14,7.0,0.0,0.09014675052410902,4.0,0.0,2.0,1.0,0,2,2,0.08392999848290732,0.2422088217466112,0.32871816607633475,0.3451430136941468,1.935074194981721
Evangelion: Death (True)2 & Rebirth (EVANGELION 30th Movie Fest),AMC Kent Station 14,special_event,2026-07-20,2026-07-21,2026-07-24,2026-07-23,1.0,1.0,,0.0,3.0,,0.0020964360587002098,18.0,0.0,1.0,0.0,0,0,0,0.8928756921351407,0.1039454468915085,0.0031425908686954075,3.627010465535913e-05,0.1103394389428654
The End Of Evangelion (Evangelion 30th Movie Fest),AMC Kent Station 14,special_event,2026-07-20,2026-07-21,2026-07-24,2026-07-23,1.0,2.0,,0.0,3.0,,0.0041928721174004195,16.0,0.0,2.0,0.0,0,0,0,0.7996972520903766,0.188281800919946,0.011738118134926472,0.0002828288547509619,0.21260652375405184
Disclosure Day,AMC Kent Station 14,ordinary,2026-07-20,2026-07-21,2026-07-24,2026-07-23,4.0,17.0,-0.39285714285714285,0.45161290322580644,5.0,-2.0,0.03563941299790356,9.0,0.0,2.0,1.0,0,1,1,0.3134968165865624,0.4405786330024312,0.20313334050877793,0.04279120990222849,0.9752189437266725
Obsession,AMC Kent Station 14,ordinary,2026-07-20,2026-07-21,2026-07-24,2026-07-23,4.0,21.0,0.6153846153846154,0.4473684210526316,5.0,-1.0,0.0440251572327044,8.0,0.0,2.0,1.0,0,1,1,0.47933086071877073,0.4077659034575689,0.10222170491286547,0.010681530910794866,0.6442539060156844
The Invite,AMC Kent Station 14,ordinary,2026-07-20,2026-07-21,2026-07-24,2026-07-23,3.0,32.0,-0.030303030303030304,0.030303030303030304,7.0,0.0,0.06708595387840671,7.0,0.0,2.0,1.0,0,1,1,0.1177684576673607,0.3032230928480612,0.3365078785114191,0.24250057097315897,1.7037405627903763
Motor City,AMC Kent Station 14,ordinary,2026-07-20,2026-07-21,2026-07-24,2026-07-23,1.0,2.0,,0.0,3.0,,0.0041928721174004195,13.0,1.0,9.0,1.0,0,1,1,0.38574882827377627,0.43691208423759065,0.1537825068989833,0.023556580589649847,0.8151468398045069
AMC Screen Unseen: July 20,AMC Kent Station 14,special_event,2026-07-20,2026-07-21,2026-07-24,2026-07-23,1.0,2.0,,0.0,7.0,,0.0041928721174004195,17.0,0.0,0.0,0.0,0,0,0,0.9172838957351925,0.08085754719762844,0.0018425734507981355,1.5983616380886347e-05,0.08459064494836738
The Odyssey : Sensory Friendly Screening,AMC Kent Station 14,accessibility_presentation,2026-07-20,2026-07-21,2026-07-24,2026-07-23,1.0,1.0,,0.0,1.0,,0.0020964360587002098,20.0,0.0,2.0,0.0,0,0,0,0.9898330015866846,0.010140448870876026,2.6523335102295142e-05,2.6207337043658393e-08,0.010193574163091747
Her Private Hell,AMC Kent Station 14,ordinary,2026-07-20,2026-07-21,2026-07-24,2026-07-23,1.0,2.0,,0.0,4.0,,0.0041928721174004195,14.0,1.0,9.0,1.0,0,1,1,0.32236359289185124,0.44122093729843626,0.19664980869312257,0.039765661116589926,0.9538175380344512
The Fifth Element (2026 Event),AMC Kent Station 14,special_event,2026-07-27,2026-07-28,2026-07-31,2026-07-30,1.0,2.0,,0.0,4.0,,0.004140786749482402,19.0,0.0,0.0,0.0,0,0,0,0.946849685406753,0.05240054191054939,0.000745745702492201,4.0269802054502995e-06,0.053904114256150146
The Bad Guys 2,AMC Kent Station 14,ordinary,2026-07-27,2026-07-28,2026-07-31,2026-07-30,1.0,4.0,,0.0,4.0,,0.008281573498964804,17.0,0.0,2.0,0.0,0,0,0,0.6483546643487047,0.3089353987172423,0.040592076090686734,0.0021178608433662623,0.39647313342871454
Bad Counselors,AMC Kent Station 14,special_event,2026-07-27,2026-07-28,2026-07-31,2026-07-30,2.0,4.0,3.0,0.0,4.0,0.0,0.008281573498964804,18.0,0.0,0.0,0.0,0,0,0,0.8972544569660279,0.09983157798729979,0.002882215483836905,3.1749562835400435e-05,0.1056912576434798
Supergirl,AMC Kent Station 14,ordinary,2026-07-27,2026-07-28,2026-07-31,2026-07-30,5.0,18.0,-0.5263157894736842,0.71875,1.0,-2.0,0.037267080745341616,9.0,0.0,2.0,0.0,0,0,0,0.9260136819855106,0.07250959672584688,0.0014654578427749745,1.1263445867557998e-05,0.0754743027489995
Minions & Monsters,AMC Kent Station 14,ordinary,2026-07-27,2026-07-28,2026-07-31,2026-07-30,5.0,53.0,-0.24285714285714285,0.6131386861313869,7.0,0.0,0.10973084886128365,2.0,0.0,2.0,1.0,0,2,2,0.03277439036154568,0.11349083055547726,0.22238781818107767,0.6313469609018993,2.4523073496233305
The Odyssey,AMC Kent Station 14,ordinary,2026-07-27,2026-07-28,2026-07-31,2026-07-30,3.0,118.0,-0.04065040650406504,0.04065040650406504,7.0,0.0,0.2443064182194617,1.0,1.0,8.0,1.0,0,10,3,0.0002090342011106827,0.0008193929747525989,0.002166478853083634,0.9968050939710531,2.9955676325940788
Moana,AMC Kent Station 14,ordinary,2026-07-27,2026-07-28,2026-07-31,2026-07-30,4.0,47.0,-0.3472222222222222,0.626984126984127,5.0,-2.0,0.09730848861283643,3.0,0.0,2.0,1.0,0,2,2,0.08208696269654704,0.2383980316553292,0.32736662797930033,0.3521483776688234,1.9495764206204
Hadestown: The Musical,AMC Kent Station 14,ordinary,2026-07-27,2026-07-28,2026-07-31,2026-07-30,2.0,32.0,5.4,0.0,7.0,0.0,0.06625258799171843,6.0,0.0,2.0,1.0,0,1,1,0.07141322817732415,0.21522661953787356,0.3169282018941449,0.3964319503906575,2.038378874498136
Spider-Man: Brand New Day Dolby Opening Night Fan Event,AMC Kent Station 14,special_event,2026-07-27,2026-07-28,2026-07-31,2026-07-30,1.0,1.0,,0.0,4.0,,0.002070393374741201,21.0,0.0,3.0,0.0,0,0,0,0.917511443466648,0.08064054489198402,0.0018321659585155065,1.5845682852438207e-05,0.08435241385757235
Toy Story 5,AMC Kent Station 14,ordinary,2026-07-27,2026-07-28,2026-07-31,2026-07-30,5.0,41.0,-0.14583333333333334,0.6339285714285714,7.0,0.0,0.08488612836438923,4.0,0.0,2.0,1.0,0,4,3,0.03252666769894795,0.11273636391955169,0.2213599076698522,0.6333770607116481,2.4555873613942003
Spider-Man: Brand New Day,AMC Kent Station 14,ordinary,2026-07-27,2026-07-28,2026-07-31,2026-07-30,1.0,34.0,,0.0,7.0,,0.07039337474120083,5.0,1.0,14.0,1.0,0,10,3,2.4653442236823315e-07,9.67181790926384e-07,2.562784554277501e-06,0.9999962234992323,2.9999947632485964
Evil Dead Burn,AMC Kent Station 14,ordinary,2026-07-27,2026-07-28,2026-07-31,2026-07-30,4.0,24.0,-0.4666666666666667,0.52,4.0,-3.0,0.049689440993788817,7.0,0.0,2.0,1.0,0,1,1,0.16549423439459587,0.3651572560521965,0.3160432801487424,0.1533052294044652,1.457159504563077
Disclosure Day,AMC Kent Station 14,ordinary,2026-07-27,2026-07-28,2026-07-31,2026-07-30,5.0,13.0,-0.3157894736842105,0.5806451612903226,4.0,-1.0,0.026915113871635612,13.0,0.0,2.0,0.0,0,0,0,0.778242224028129,0.20674154758713362,0.014615597364451276,0.00040063102028605667,0.23717463537689432
Obsession,AMC Kent Station 14,ordinary,2026-07-27,2026-07-28,2026-07-31,2026-07-30,5.0,17.0,-0.2916666666666667,0.5526315789473685,4.0,-1.0,0.035196687370600416,11.0,0.0,2.0,0.0,0,0,0,0.4520130875520065,0.4186234197383031,0.11585246482710662,0.01351102788258379,0.6908614330402676
The Invite,AMC Kent Station 14,ordinary,2026-07-27,2026-07-28,2026-07-31,2026-07-30,4.0,16.0,-0.5294117647058824,0.5294117647058824,6.0,-1.0,0.033126293995859216,12.0,0.0,2.0,0.0,0,0,0,0.24896066402386763,0.4245666458750716,0.25304057319325357,0.07343211690780721,1.1509441429850005
Motor City,AMC Kent Station 14,ordinary,2026-07-27,2026-07-28,2026-07-31,2026-07-30,2.0,18.0,5.0,0.0,5.0,2.0,0.037267080745341616,10.0,0.0,2.0,0.0,0,0,0,0.4075782119569719,0.4322666629690038,0.14050855404494306,0.019646571029081194,0.7722234841461335
AMC Screen Unseen: July 27,AMC Kent Station 14,special_event,2026-07-27,2026-07-28,2026-07-31,2026-07-30,1.0,1.0,,0.0,7.0,,0.002070393374741201,22.0,0.0,0.0,0.0,0,0,0,0.9134815176821995,0.08447896798243763,0.002021099797604173,1.8414537758651946e-05,0.08857641119092194
I Want Your Sex,AMC Kent Station 14,ordinary,2026-07-27,2026-07-28,2026-07-31,2026-07-30,1.0,4.0,,0.0,4.0,,0.008281573498964804,16.0,1.0,9.0,1.0,0,1,1,0.07991637176609274,0.23383957572939987,0.325615326178656,0.3606287263258514,1.966956407064266
Her Private Hell,AMC Kent Station 14,ordinary,2026-07-27,2026-07-28,2026-07-31,2026-07-30,2.0,23.0,10.5,0.0,7.0,3.0,0.047619047619047616,8.0,0.0,2.0,0.0,0,0,0,0.4268135193111491,0.42701317193675903,0.12944994702835483,0.016723361723737055,0.7360831511646798
Haunted Heist,AMC Kent Station 14,ordinary,2026-07-27,2026-07-28,2026-07-31,2026-07-30,2.0,6.0,5.0,0.0,2.0,1.0,0.012422360248447204,15.0,0.0,2.0,0.0,0,0,0,0.9825123331125856,0.01740868475461791,7.884712971395449e-05,1.3500308256793568e-07,0.017566784023293525
Pinocchio Unstrung,AMC Kent Station 14,ordinary,2026-07-27,2026-07-28,2026-07-31,2026-07-30,2.0,6.0,5.0,0.0,3.0,,0.012422360248447204,14.0,0.0,2.0,0.0,0,0,0,0.9738919219041837,0.025930883493560587,0.00017673881726522366,4.5578499046754976e-07,0.026285728483062435
Moana: Sensory Friendly Screening,AMC Kent Station 14,accessibility_presentation,2026-07-27,2026-07-28,2026-07-31,2026-07-30,1.0,1.0,,0.0,2.0,,0.002070393374741201,20.0,0.0,-2.0,0.0,0,0,0,0.9985024537074151,0.0014969740048829017,5.722051463627435e-07,8.255565256668046e-11,0.001498118662842585
Willy Wonka & the Chocolate Factory 55th Anniversary,AMC Kent Station 14,special_event,2026-08-03,2026-08-04,2026-08-07,2026-08-06,1.0,2.0,,0.0,4.0,,0.0034482758620689655,12.0,0.0,2.0,0.0,0,0,0,0.9553307310180608,0.04414314583244348,0.0005237672466924239,2.35590280333734e-06,0.04519774803423834
The Spongebob Movie: Search for Squarepants,AMC Kent Station 14,ordinary,2026-08-03,2026-08-04,2026-08-07,2026-08-06,1.0,5.0,,0.0,4.0,,0.008620689655172414,9.0,0.0,2.0,0.0,0,0,0,0.659831615378129,0.3006586940505324,0.0376428498821254,0.0018668406892132481,0.38154491588242295
MET Summer Encore: Aida (2026),AMC Kent Station 14,special_event,2026-08-03,2026-08-04,2026-08-07,2026-08-06,1.0,2.0,,0.0,3.0,,0.0034482758620689655,14.0,0.0,2.0,0.0,0,0,0,0.8808527107626168,0.11517617344094556,0.003920107272344204,5.100852409339249e-05,0.12316941355791415
Minions & Monsters,AMC Kent Station 14,ordinary,2026-08-03,2026-08-04,2026-08-07,2026-08-06,6.0,31.0,-0.44642857142857145,0.7737226277372263,7.0,0.0,0.05344827586206897,6.0,0.0,2.0,1.0,0,1,1,0.04305257982523128,0.14356170596377765,0.25918678380664223,0.554198930404349,2.324532064790109
The Odyssey,AMC Kent Station 14,ordinary,2026-08-03,2026-08-04,2026-08-07,2026-08-06,4.0,85.0,-0.2975206611570248,0.3089430894308943,7.0,0.0,0.14655172413793102,2.0,0.0,2.0,1.0,0,9,3,0.0016503059456685887,0.0064326230861203185,0.01675690442871698,0.975160166539494,2.9654269315620363
Moana,AMC Kent Station 14,ordinary,2026-08-03,2026-08-04,2026-08-07,2026-08-06,5.0,37.0,-0.26,0.7063492063492064,4.0,-1.0,0.06379310344827586,3.0,0.0,2.0,1.0,0,1,1,0.1269593629041501,0.3171434364181953,0.33457433541982357,0.22132286525783104,1.6502607030313357
Hadestown: The Musical,AMC Kent Station 14,ordinary,2026-08-03,2026-08-04,2026-08-07,2026-08-06,3.0,16.0,-0.5428571428571428,0.5428571428571428,7.0,0.0,0.027586206896551724,7.0,0.0,2.0,0.0,0,0,0,0.4767922282806545,0.4088474544869274,0.10344085943598805,0.010919457796430063,0.6484875467481936
Toy Story 5,AMC Kent Station 14,ordinary,2026-08-03,2026-08-04,2026-08-07,2026-08-06,6.0,34.0,-0.22727272727272727,0.6964285714285714,6.0,-1.0,0.05862068965517241,5.0,0.0,2.0,1.0,0,3,3,0.03844363312844033,0.1303703599934689,0.24402842390263565,0.5871575829754552,2.379899956725106
Spider-Man: Brand New Day,AMC Kent Station 14,ordinary,2026-08-03,2026-08-04,2026-08-07,2026-08-06,2.0,305.0,7.026315789473684,0.0,7.0,0.0,0.5258620689655172,1.0,1.0,14.0,1.0,0,9,3,1.7569032436063347e-12,6.8925322994710475e-12,1.826349580991582e-11,0.9999999999730871,2.9999999999626805
"DCI 2026: Big, Loud and Live",AMC Kent Station 14,special_event,2026-08-03,2026-08-04,2026-08-07,2026-08-06,1.0,1.0,,0.0,4.0,,0.0017241379310344827,16.0,0.0,3.0,0.0,0,0,0,0.9696667704459376,0.030093271913647596,0.00023923771134004438,7.199290747268131e-07,0.030573907123551864
Evil Dead Burn,AMC Kent Station 14,ordinary,2026-08-03,2026-08-04,2026-08-07,2026-08-06,5.0,13.0,-0.5,0.74,2.0,-2.0,0.022413793103448276,8.0,0.0,2.0,0.0,0,0,0,0.8689290620904898,0.12621791737513074,0.004783607416846872,6.941311753258228e-05,0.13599337156142224
Super Troopers 3,AMC Kent Station 14,ordinary,2026-08-03,2026-08-04,2026-08-07,2026-08-06,1.0,4.0,,0.0,6.0,,0.006896551724137931,11.0,1.0,14.0,1.0,0,2,2,0.03857767662033809,0.1307606327347851,0.24449860908134785,0.586163081563529,2.378247095588068
Super Troopers 3: Special Broken Lizard Fan Event,AMC Kent Station 14,special_event,2026-08-03,2026-08-04,2026-08-07,2026-08-06,1.0,1.0,,0.0,6.0,,0.0017241379310344827,17.0,0.0,3.0,0.0,0,0,0,0.8366386442252182,0.15561611349250262,0.007602442195819848,0.00014280008645935912,0.1712493981435204
Ice Cream Man,AMC Kent Station 14,ordinary,2026-08-03,2026-08-04,2026-08-07,2026-08-06,1.0,2.0,,0.0,3.0,,0.0034482758620689655,13.0,1.0,9.0,1.0,0,2,2,0.3375945364383095,0.44156041592082346,0.18577884825805457,0.03506619938281253,0.9183167105853702
I Want Your Sex,AMC Kent Station 14,ordinary,2026-08-03,2026-08-04,2026-08-07,2026-08-06,2.0,36.0,6.2,0.0,4.0,0.0,0.06206896551724138,4.0,0.0,2.0,0.0,0,0,0,0.3275601655945013,0.4414430029867606,0.19290222266539356,0.038094608753344604,0.9415312745775815
AMC Scream Unseen: August 3,AMC Kent Station 14,special_event,2026-08-03,2026-08-04,2026-08-07,2026-08-06,1.0,2.0,,0.0,7.0,,0.0034482758620689655,15.0,0.0,0.0,0.0,0,0,0,0.90881232438594,0.08891362927575107,0.0022523066460819635,2.1739692227022542e-05,0.09348346164459606
One Night Only,AMC Kent Station 14,ambiguous_special,2026-08-03,2026-08-04,2026-08-07,2026-08-06,1.0,4.0,,0.0,7.0,,0.006896551724137931,10.0,1.0,9.0,1.0,0,3,3,0.1971057323488896,0.3939014337666628,0.2938477487034451,0.11514508518100246,1.3270321867165604
Muppet Treasure Island,AMC Kent Station 14,ordinary,2026-08-10,2026-08-11,2026-08-14,2026-08-13,1.0,4.0,,0.0,4.0,,0.0072992700729927005,11.0,0.0,2.0,0.0,0,0,0,0.701207002966972,0.26951896555378535,0.028121311868161917,0.0011527196110807075,0.3292197481233513
Tales from Earthsea 20th Anniversary - Studio Ghibli Fest 2026,AMC Kent Station 14,rerelease,2026-08-10,2026-08-11,2026-08-14,2026-08-13,1.0,2.0,,0.0,4.0,,0.0036496350364963502,15.0,0.0,0.0,0.0,0,0,0,0.9674270904943731,0.032295735484677075,0.000276279170651764,8.948502980202911e-07,0.032850978376874666
Only Yesterday 35th Anniversary - Studio Ghibli Fest 2026,AMC Kent Station 14,rerelease,2026-08-10,2026-08-11,2026-08-14,2026-08-13,1.0,5.0,,0.0,4.0,,0.009124087591240875,9.0,0.0,1.0,0.0,0,0,0,0.7445888851547555,0.2348745309264084,0.019880565676042097,0.0006560182427939793,0.2766037170068745
Minions & Monsters,AMC Kent Station 14,ordinary,2026-08-10,2026-08-11,2026-08-14,2026-08-13,7.0,20.0,-0.42857142857142855,0.8540145985401459,4.0,-3.0,0.0364963503649635,7.0,0.0,2.0,0.0,0,0,0,0.2137819257173563,0.4058036289588285,0.2810012174001668,0.09941322792364847,1.2660457475301075
The Odyssey,AMC Kent Station 14,ordinary,2026-08-10,2026-08-11,2026-08-14,2026-08-13,5.0,78.0,-0.16129032258064516,0.36585365853658536,7.0,0.0,0.14233576642335766,2.0,0.0,3.0,1.0,0,8,3,0.0032140196543877005,0.012451460302786469,0.031923257019991304,0.9524112630228345,2.9335317634112728
Moana,AMC Kent Station 14,ordinary,2026-08-10,2026-08-11,2026-08-14,2026-08-13,6.0,14.0,-0.6410256410256411,0.8888888888888888,3.0,-1.0,0.025547445255474453,8.0,0.0,2.0,0.0,0,0,0,0.7792614770359518,0.20587353757276836,0.01447066666724854,0.0003943187240312718,0.23599782707935926
Toy Story 5,AMC Kent Station 14,ordinary,2026-08-10,2026-08-11,2026-08-14,2026-08-13,7.0,27.0,-0.2894736842105263,0.7589285714285714,4.0,-2.0,0.04927007299270073,6.0,0.0,2.0,1.0,0,2,2,0.1088988081295067,0.2887746509835211,0.3370283571631632,0.26529818372380903,1.7587259164812745
Spider-Man: Brand New Day,AMC Kent Station 14,ordinary,2026-08-10,2026-08-11,2026-08-14,2026-08-13,3.0,239.0,-0.24605678233438485,0.24605678233438485,7.0,0.0,0.43613138686131386,1.0,1.0,14.0,1.0,0,8,3,1.713556378924946e-08,6.722477141409479e-08,1.7812888776177276e-07,0.9999997375107771,2.999999636014878
Super Troopers 3,AMC Kent Station 14,ordinary,2026-08-10,2026-08-11,2026-08-14,2026-08-13,2.0,51.0,11.75,0.0,6.0,0.0,0.09306569343065693,3.0,1.0,8.0,1.0,0,1,1,0.08278495875731405,0.23984767124242415,0.3278928125650676,0.3494745574351943,1.9440569686781421
Ice Cream Man,AMC Kent Station 14,ordinary,2026-08-10,2026-08-11,2026-08-14,2026-08-13,2.0,39.0,18.5,0.0,5.0,2.0,0.07116788321167883,5.0,0.0,2.0,1.0,0,1,1,0.5976392585981841,0.3434251538472662,0.05535079305562149,0.003584794498928176,0.4648811234552937
Nimrods Early Access – Green Day Intro + Bonus Performance,AMC Kent Station 14,special_event,2026-08-10,2026-08-11,2026-08-14,2026-08-13,1.0,1.0,,0.0,4.0,,0.0018248175182481751,19.0,0.0,1.0,0.0,0,0,0,0.8869972341328958,0.10944853372319793,0.0035112006531500114,4.3031490756277015e-05,0.11660002950176679
KATSEYE: WILD HEARTS,AMC Kent Station 14,special_event,2026-08-10,2026-08-11,2026-08-14,2026-08-13,1.0,3.0,,0.0,3.0,,0.005474452554744526,14.0,1.0,6.0,1.0,0,1,1,0.7696379634913139,0.2140325234628257,0.015872494782410946,0.00045701826344951026,0.2471485678179961
PAW Patrol: The Dino Movie - Early Access,AMC Kent Station 14,special_event,2026-08-10,2026-08-11,2026-08-14,2026-08-13,1.0,1.0,,0.0,4.0,,0.0018248175182481751,20.0,0.0,-2.0,0.0,0,0,0,0.9769439359740748,0.022918195547252114,0.00013755618758275133,3.1229109032817236e-07,0.0231942447956886
PAW Patrol: The Dino Movie,AMC Kent Station 14,ordinary,2026-08-10,2026-08-11,2026-08-14,2026-08-13,1.0,3.0,,0.0,7.0,,0.005474452554744526,12.0,1.0,14.0,1.0,0,4,3,0.02694867433577286,0.09536162141928377,0.1961993048176835,0.68149039942726,2.5322314293364308
The End of Oak Street,AMC Kent Station 14,ordinary,2026-08-10,2026-08-11,2026-08-14,2026-08-13,1.0,4.0,,0.0,7.0,,0.0072992700729927005,10.0,1.0,8.0,1.0,0,4,3,0.04696610168413696,0.15440225681269598,0.2705358966716211,0.528095744831546,2.279761284650576
AMC Screen Unseen: August 10,AMC Kent Station 14,special_event,2026-08-10,2026-08-11,2026-08-14,2026-08-13,1.0,2.0,,0.0,7.0,,0.0036496350364963502,18.0,0.0,0.0,0.0,0,0,0,0.9059179304898286,0.09165575671549683,0.0024023127807598125,2.400001391474462e-05,0.0965323823187607
Grateful Dead Meet-Up At The Movies 2026,AMC Kent Station 14,special_event,2026-08-10,2026-08-11,2026-08-14,2026-08-13,1.0,2.0,,0.0,4.0,,0.0036496350364963502,17.0,0.0,0.0,0.0,0,0,0,0.9564203383821163,0.043079312829217425,0.0004981651922870079,2.1835963793007033e-06,0.04408219400292934
One Night Only,AMC Kent Station 14,ambiguous_special,2026-08-10,2026-08-11,2026-08-14,2026-08-13,2.0,47.0,10.75,0.0,7.0,0.0,0.08576642335766424,4.0,0.0,2.0,1.0,0,2,2,0.6686885787442224,0.294160780709515,0.035460505676941326,0.001690134869321284,0.3701521966713615
Practical Magic,AMC Kent Station 14,special_event,2026-08-10,2026-08-11,2026-08-14,2026-08-13,1.0,1.0,,0.0,4.0,,0.0018248175182481751,21.0,0.0,1.0,0.0,0,0,0,0.8769011075379362,0.11884625781637188,0.004195971588703791,5.666305698816639e-05,0.12740819016474397
Spider-Man: Brand New Day: Sensory Friendly Screening,AMC Kent Station 14,accessibility_presentation,2026-08-10,2026-08-11,2026-08-14,2026-08-13,1.0,2.0,,0.0,2.0,,0.0036496350364963502,16.0,0.0,2.0,0.0,0,0,0,0.9970968267903637,0.0029010201532983226,2.1524534545785346e-06,6.028833883305261e-10,0.002905326868857645
The Brink of War,AMC Kent Station 14,ordinary,2026-08-10,2026-08-11,2026-08-14,2026-08-13,1.0,3.0,,0.0,3.0,,0.005474452554744526,13.0,1.0,9.0,1.0,0,2,2,0.09857373697503351,0.27061916553237414,0.3355898458357869,0.29521725165680546,1.8274506121743643
Six: The Musical Live!,AMC Kent Station 14,special_event,2026-08-17,2026-08-18,2026-08-21,2026-08-20,2.0,15.0,6.5,0.0,7.0,,0.029880478087649404,10.0,0.0,2.0,1.0,0,1,1,0.7714503533721295,0.21250223101822244,0.015602745903896228,0.0004446697057518108,0.2450417319432703
The Odyssey,AMC Kent Station 14,ordinary,2026-08-17,2026-08-18,2026-08-21,2026-08-20,6.0,44.0,-0.4883720930232558,0.6422764227642277,7.0,0.0,0.08764940239043825,3.0,0.0,2.0,1.0,0,7,3,0.01736731733275809,0.06371601820971248,0.1426269046166723,0.7762897598408572,2.677839106965629
Toy Story 5,AMC Kent Station 14,ordinary,2026-08-17,2026-08-18,2026-08-21,2026-08-20,8.0,15.0,-0.5,0.8660714285714286,3.0,-1.0,0.029880478087649404,9.0,0.0,2.0,1.0,0,1,1,0.6819412639038073,0.2842638472164905,0.03234373181251731,0.0014511570671849325,0.3533047820430799
Spider-Man: Brand New Day,AMC Kent Station 14,ordinary,2026-08-17,2026-08-18,2026-08-21,2026-08-20,4.0,156.0,-0.40458015267175573,0.5078864353312302,7.0,0.0,0.3107569721115538,1.0,1.0,9.0,1.0,0,7,3,8.393366588262476e-06,3.292705254247681e-05,8.72408854121064e-05,0.9998714386954571,2.9998217249097383
The Fast and the Furious 25th Anniversary,AMC Kent Station 14,rerelease,2026-08-17,2026-08-18,2026-08-21,2026-08-20,1.0,3.0,,0.0,3.0,,0.00597609561752988,19.0,1.0,9.0,1.0,0,2,2,0.48738851269883354,0.4042387541045718,0.0984154624103581,0.009957270786236646,0.6309414912839979
Super Troopers 3,AMC Kent Station 14,ordinary,2026-08-17,2026-08-18,2026-08-21,2026-08-20,3.0,23.0,-0.5660377358490566,0.5660377358490566,6.0,0.0,0.045816733067729085,7.0,0.0,2.0,0.0,0,0,0,0.18804704137167852,0.38653201377508595,0.30057363626475647,0.12484730858847909,1.362221212070036
Point Break 35th Anniversary,AMC Kent Station 14,special_event,2026-08-17,2026-08-18,2026-08-21,2026-08-20,1.0,3.0,,0.0,3.0,,0.00597609561752988,20.0,0.0,2.0,0.0,0,0,0,0.7258616228384182,0.250064953109675,0.023229469182479378,0.0008439548694274682,0.2990557560829162
Texas Chainsaw Day (2026),AMC Kent Station 14,special_event,2026-08-17,2026-08-18,2026-08-21,2026-08-20,1.0,1.0,,0.0,5.0,,0.00199203187250996,22.0,0.0,1.0,0.0,0,0,0,0.8784544929010956,0.1174047998314472,0.004086317687570002,5.438957988722893e-05,0.1257406039462489
Ice Cream Man,AMC Kent Station 14,ordinary,2026-08-17,2026-08-18,2026-08-21,2026-08-20,3.0,9.0,-0.775,0.775,3.0,-2.0,0.017928286852589643,13.0,0.0,2.0,0.0,0,0,0,0.9244389971883318,0.07401883812693917,0.0015301333812850733,1.203130344397215e-05,0.07711519879984124
La La Land 10th Anniversary,AMC Kent Station 14,rerelease,2026-08-17,2026-08-18,2026-08-21,2026-08-20,1.0,7.0,,0.0,4.0,,0.013944223107569721,14.0,0.0,0.0,1.0,0,1,1,0.8558373742023975,0.1382275655757842,0.005840421350722427,9.463887109591293e-05,0.1501923248905168
KATSEYE: WILD HEARTS,AMC Kent Station 14,special_event,2026-08-17,2026-08-18,2026-08-21,2026-08-20,2.0,3.0,0.0,0.0,3.0,0.0,0.00597609561752988,17.0,0.0,-1.0,0.0,0,0,0,0.8820812787627441,0.11403298183174884,0.0038364035822858232,4.933582322121679e-05,0.12185379646598414
PAW Patrol: The Dino Movie,AMC Kent Station 14,ordinary,2026-08-17,2026-08-18,2026-08-21,2026-08-20,2.0,44.0,10.0,0.0,7.0,0.0,0.08764940239043825,4.0,1.0,9.0,1.0,0,3,3,0.12151217921073704,0.30901890687052164,0.33587626051720537,0.23359265340153595,1.6815493881095402
The End of Oak Street,AMC Kent Station 14,ordinary,2026-08-17,2026-08-18,2026-08-21,2026-08-20,2.0,66.0,7.25,0.0,7.0,0.0,0.13147410358565736,2.0,0.0,2.0,1.0,0,3,3,0.0336001768160941,0.11599550102929715,0.2257625147384389,0.6246418074161698,2.4414459527546843
One Night Only,AMC Kent Station 14,ambiguous_special,2026-08-17,2026-08-18,2026-08-21,2026-08-20,3.0,30.0,-0.4339622641509434,0.4339622641509434,7.0,0.0,0.05976095617529881,5.0,0.0,2.0,1.0,0,1,1,0.593935652336064,0.34580129649902674,0.05654421071447167,0.003718840450437558,0.47004623927928274
Insidious: Out of the Further,AMC Kent Station 14,ordinary,2026-08-17,2026-08-18,2026-08-21,2026-08-20,1.0,4.0,,0.0,7.0,,0.00796812749003984,15.0,1.0,14.0,1.0,0,5,3,0.017158937670796827,0.06300140011869475,0.14129497423382453,0.778544687976684,2.681225412516396
Tony,AMC Kent Station 14,ordinary,2026-08-17,2026-08-18,2026-08-21,2026-08-20,1.0,3.0,,0.0,5.0,,0.00597609561752988,18.0,1.0,9.0,1.0,0,2,2,0.03294332208013936,0.11400450723850337,0.22308464977064982,0.6299675209107075,2.450076369511925
Hot Spot,AMC Kent Station 14,ordinary,2026-08-17,2026-08-18,2026-08-21,2026-08-20,1.0,4.0,,0.0,4.0,,0.00796812749003984,16.0,1.0,10.0,1.0,0,1,1,0.03957774438719863,0.13365972817377447,0.24794947966748276,0.5788130477715441,2.365997830823372
AMC Scream Unseen: August 17,AMC Kent Station 14,special_event,2026-08-17,2026-08-18,2026-08-21,2026-08-20,1.0,2.0,,0.0,7.0,,0.00398406374501992,21.0,0.0,0.0,0.0,0,0,0,0.8908732991661323,0.1058225317358922,0.003265687452355662,3.8481645619788675e-05,0.11246935157746289
The Brink of War,AMC Kent Station 14,ordinary,2026-08-17,2026-08-18,2026-08-21,2026-08-20,2.0,28.0,4.6,0.0,6.0,3.0,0.055776892430278883,6.0,0.0,2.0,1.0,0,1,1,0.5721775528722466,0.35933628100487724,0.06389065296883222,0.004595513154043957,0.5009041264046735
Nimrods,AMC Kent Station 14,ordinary,2026-08-17,2026-08-18,2026-08-21,2026-08-20,2.0,12.0,5.0,0.0,5.0,3.0,0.02390438247011952,11.0,0.0,2.0,0.0,0,0,0,0.6823532991275699,0.2839528728387933,0.03224963962596826,0.0014441884076685397,0.3527847173137354
The Wrong Girls,AMC Kent Station 14,ordinary,2026-08-17,2026-08-18,2026-08-21,2026-08-20,2.0,12.0,11.0,0.0,4.0,2.0,0.02390438247011952,12.0,0.0,2.0,0.0,0,0,0,0.8315725783266221,0.1601588115856868,0.008110584030588197,0.00015802605710290172,0.1768540578181719
Your Name. 10th Anniversary,AMC Kent Station 14,rerelease,2026-08-17,2026-08-18,2026-08-21,2026-08-20,2.0,18.0,8.0,0.0,4.0,3.0,0.035856573705179286,8.0,0.0,2.0,0.0,0,0,0,0.9629894195665775,0.03665152175638445,0.00035773606933814264,1.3226076999426798e-06,0.03737096171816056
Six: The Musical Live!,AMC Kent Station 14,special_event,2026-08-24,2026-08-25,2026-08-28,2026-08-27,3.0,7.0,-0.5625,0.5625,5.0,-2.0,0.014861995753715499,13.0,0.0,2.0,0.0,0,0,0,0.9878860103878725,0.012076242717441024,3.770241993569527e-05,4.4474750787730165e-08,0.012151780981564778
Castle in the Sky 40th Anniversary - Studio Ghibli Fest 2026,AMC Kent Station 14,rerelease,2026-08-24,2026-08-25,2026-08-28,2026-08-27,1.0,6.0,,0.0,4.0,,0.012738853503184714,15.0,0.0,2.0,0.0,0,0,0,0.9457638731570993,0.05345474867285505,0.0007770912841851342,4.286885860501677e-06,0.05502179189880683
The Odyssey,AMC Kent Station 14,ordinary,2026-08-24,2026-08-25,2026-08-28,2026-08-27,7.0,38.0,-0.22448979591836735,0.6910569105691057,7.0,0.0,0.08067940552016985,3.0,0.0,2.0,1.0,0,6,3,0.03388372739727754,0.11685187027626648,0.22690309931554337,0.6223613030109126,2.4377419779400915
Toy Story 5,AMC Kent Station 14,ordinary,2026-08-24,2026-08-25,2026-08-28,2026-08-27,9.0,18.0,0.058823529411764705,0.8392857142857143,3.0,0.0,0.03821656050955414,10.0,0.0,2.0,0.0,0,0,0,0.7226193925539137,0.2526593326600501,0.023840928408591387,0.0008803463774448213,0.30298222860956736
Spider-Man: Brand New Day,AMC Kent Station 14,ordinary,2026-08-24,2026-08-25,2026-08-28,2026-08-27,5.0,98.0,-0.4235294117647059,0.6908517350157729,7.0,0.0,0.208067940552017,1.0,0.0,2.0,1.0,0,6,3,0.0008710541174506667,0.0034055969895133505,0.008942937207534543,0.9867804116855015,2.9816327064610872
The Fast and the Furious 25th Anniversary,AMC Kent Station 14,rerelease,2026-08-24,2026-08-25,2026-08-28,2026-08-27,2.0,18.0,3.5,0.0,4.0,1.0,0.03821656050955414,11.0,0.0,2.0,1.0,0,1,1,0.8530759982963778,0.14074515372900603,0.006078145520518445,0.00010070245409771165,0.15320355213233605
American Martyr: The Stanley Rother Story,AMC Kent Station 14,special_event,2026-08-24,2026-08-25,2026-08-28,2026-08-27,1.0,3.0,,0.0,4.0,,0.006369426751592357,21.0,0.0,3.0,0.0,0,0,0,0.7233999246110865,0.25203574094470227,0.023692858833997483,0.0008714756102137617,0.30203588544333854
La La Land 10th Anniversary,AMC Kent Station 14,rerelease,2026-08-24,2026-08-25,2026-08-28,2026-08-27,2.0,6.0,-0.25,0.25,3.0,-1.0,0.012738853503184714,17.0,0.0,2.0,0.0,0,0,0,0.9978190684585011,0.0021797171480663334,1.2141381493416636e-06,2.5528322338461115e-10,0.0021821461902146867
PAW Patrol: The Dino Movie,AMC Kent Station 14,ordinary,2026-08-24,2026-08-25,2026-08-28,2026-08-27,3.0,33.0,-0.3125,0.3125,7.0,0.0,0.07006369426751592,6.0,0.0,2.0,1.0,0,2,2,0.0909320568720798,0.25619909168346555,0.33280632268983457,0.32006252875462005,1.881999323326995
The End of Oak Street,AMC Kent Station 14,ordinary,2026-08-24,2026-08-25,2026-08-28,2026-08-27,3.0,35.0,-0.5138888888888888,0.5138888888888888,7.0,0.0,0.07430997876857749,4.0,0.0,2.0,1.0,0,2,2,0.09587789040306048,0.26563032729151126,0.33479084626896083,0.30370093603646753,1.8463148279388355
Coyote vs. Acme,AMC Kent Station 14,ambiguous_special,2026-08-24,2026-08-25,2026-08-28,2026-08-27,1.0,4.0,,0.0,6.0,,0.008492569002123142,18.0,1.0,9.0,1.0,0,6,3,0.20413789695361495,0.39917569799285196,0.28849071443595664,0.10819569061757645,1.3007441987174946
One Night Only,AMC Kent Station 14,ambiguous_special,2026-08-24,2026-08-25,2026-08-28,2026-08-27,4.0,6.0,-0.8064516129032258,0.8867924528301887,2.0,-5.0,0.012738853503184714,14.0,0.0,2.0,0.0,0,0,0,0.9699521066637274,0.029812480099049354,0.0002347137718075202,6.994654156835107e-07,0.030284006038911446
Insidious: Out of the Further,AMC Kent Station 14,ordinary,2026-08-24,2026-08-25,2026-08-28,2026-08-27,2.0,43.0,7.6,0.0,7.0,0.0,0.09129511677282377,2.0,1.0,9.0,1.0,0,4,3,0.08978476308380265,0.25395872199913233,0.3322437139744079,0.32401280094265716,1.8904845527759195
GHOST: 2 Big To Rig,AMC Kent Station 14,special_event,2026-08-24,2026-08-25,2026-08-28,2026-08-27,1.0,2.0,,0.0,3.0,,0.004246284501061571,22.0,1.0,5.0,1.0,0,1,1,0.869501989523259,0.12568959835098664,0.004739977868228366,6.84342575260146e-05,0.13537485686002143
Coyote vs. Acme Early Access,AMC Kent Station 14,special_event,2026-08-24,2026-08-25,2026-08-28,2026-08-27,1.0,1.0,,0.0,5.0,,0.0021231422505307855,27.0,0.0,-1.0,0.0,0,0,0,0.9647744737947342,0.034900712005520584,0.00032367733731872886,1.1368624264417998e-06,0.03555147726743737
Mutiny,AMC Kent Station 14,ordinary,2026-08-24,2026-08-25,2026-08-28,2026-08-27,2.0,33.0,10.0,0.0,7.0,1.0,0.07006369426751592,7.0,1.0,9.0,1.0,0,2,2,0.15258562574025047,0.35080400614534657,0.3236824037079654,0.17292796440643754,1.51695270678059
Finding Emily,AMC Kent Station 14,ordinary,2026-08-24,2026-08-25,2026-08-28,2026-08-27,1.0,4.0,,0.0,5.0,,0.008492569002123142,20.0,1.0,9.0,1.0,0,2,2,0.02292358936422912,0.08235203344723403,0.1754277133855897,0.7192966638029471,2.5910974516272547
The Dog Stars,AMC Kent Station 14,ordinary,2026-08-24,2026-08-25,2026-08-28,2026-08-27,1.0,4.0,,0.0,7.0,,0.008492569002123142,19.0,1.0,14.0,1.0,0,2,2,0.019870056407344978,0.07220947925597385,0.15803294483231606,0.7498875195043652,2.6379379274337014
Tony,AMC Kent Station 14,ordinary,2026-08-24,2026-08-25,2026-08-28,2026-08-27,2.0,30.0,9.0,0.0,5.0,0.0,0.06369426751592357,8.0,0.0,2.0,1.0,0,1,1,0.4067592902941955,0.4324668811660245,0.14099258166869194,0.01978124687108812,0.7737957851166728
Hot Spot,AMC Kent Station 14,ordinary,2026-08-24,2026-08-25,2026-08-28,2026-08-27,2.0,34.0,5.8,0.0,4.0,0.0,0.07218683651804671,5.0,0.0,3.0,0.0,0,0,0,0.24419941110010027,0.4224904412670372,0.2568403688377225,0.07646977879514004,1.1655805153279024
Harry Potter and the Sorcerer’s Stone: 25th Anniversary,AMC Kent Station 14,rerelease,2026-08-24,2026-08-25,2026-08-28,2026-08-27,1.0,1.0,,0.0,1.0,,0.0021231422505307855,26.0,1.0,9.0,1.0,0,1,1,0.7465461904081534,0.2332671372452837,0.019548241630375912,0.0006384307161870034,0.27427891265459653
The Brink of War,AMC Kent Station 14,ordinary,2026-08-24,2026-08-25,2026-08-28,2026-08-27,3.0,6.0,-0.8,0.8,3.0,-3.0,0.012738853503184714,16.0,0.0,2.0,0.0,0,0,0,0.9509508380441335,0.04841265744896747,0.0006333619047775727,3.1426021214585944e-06,0.04968880906488699
AMC Scream Unseen: August 24,AMC Kent Station 14,special_event,2026-08-24,2026-08-25,2026-08-28,2026-08-27,1.0,2.0,,0.0,7.0,,0.004246284501061571,23.0,0.0,0.0,0.0,0,0,0,0.8815336741675601,0.11454265738881239,0.003873591960757211,5.0076482870271484e-05,0.12244007075893763
The Magic Faraway Tree,AMC Kent Station 14,ordinary,2026-08-24,2026-08-25,2026-08-28,2026-08-27,2.0,13.0,5.5,0.0,3.0,1.0,0.027600849256900213,12.0,0.0,2.0,0.0,0,0,0,0.9330078942019258,0.06578802890989555,0.001195817135966935,8.259752211767058e-06,0.06820444243846471
Spa Weekend,AMC Kent Station 14,ordinary,2026-08-24,2026-08-25,2026-08-28,2026-08-27,2.0,24.0,5.0,0.0,4.0,3.0,0.050955414012738856,9.0,0.0,2.0,0.0,0,0,0,0.5574810305163708,0.368049670430287,0.06918624003017272,0.005283059023169495,0.5222713275601409
PAW Patrol: The Dino Movie: Sensory Friendly Screening,AMC Kent Station 14,accessibility_presentation,2026-08-24,2026-08-25,2026-08-28,2026-08-27,1.0,1.0,,0.0,2.0,,0.0021231422505307855,24.0,0.0,-2.0,0.0,0,0,0,0.9980771679942949,0.0019218882178582703,9.436129688664175e-07,1.7487795176942878e-10,0.0019237759684298584
The End of Oak Street: Sensory Friendly Screening,AMC Kent Station 14,accessibility_presentation,2026-08-24,2026-08-25,2026-08-28,2026-08-27,1.0,1.0,,0.0,1.0,,0.0021231422505307855,25.0,0.0,2.0,0.0,0,0,0,0.9856239251480705,0.014322823973358847,5.317626619579793e-05,7.461237484235334e-08,0.01442940034287497
The Odyssey,AMC Kent Station 14,ordinary,2026-08-31,2026-09-01,2026-09-04,2026-09-03,8.0,31.0,-0.3111111111111111,0.7479674796747967,7.0,0.0,0.07276995305164319,6.0,0.0,2.0,1.0,0,5,3,0.038646796388741994,0.13096172069670664,0.24474034874966377,0.5856511341648876,2.3773958206906967
Spider-Man: Brand New Day,AMC Kent Station 14,ordinary,2026-08-31,2026-09-01,2026-09-04,2026-09-03,6.0,58.0,-0.45794392523364486,0.8170347003154574,7.0,0.0,0.13615023474178403,1.0,0.0,2.0,1.0,0,5,3,0.00856661524562312,0.03250591880432856,0.07903365227262547,0.8798938136774229,2.8302546643818483
The Fast and the Furious 25th Anniversary,AMC Kent Station 14,rerelease,2026-08-31,2026-09-01,2026-09-04,2026-09-03,3.0,11.0,-0.42105263157894735,0.42105263157894735,3.0,-1.0,0.025821596244131457,13.0,0.0,2.0,0.0,0,0,0,0.9926593199564503,0.007326869094043642,1.3801131694194643e-05,9.817811870569199e-09,0.007354500810867643
Legend of the White Dragon,AMC Kent Station 14,ordinary,2026-08-31,2026-09-01,2026-09-04,2026-09-03,1.0,4.0,,0.0,3.0,,0.009389671361502348,19.0,0.0,1.0,0.0,0,0,0,0.6167610715966867,0.3308381976282885,0.049445166286042584,0.0029555644889822574,0.43859522366732046
Terminator 2: Judgment Day 35th Anniversary,AMC Kent Station 14,rerelease,2026-08-31,2026-09-01,2026-09-04,2026-09-03,1.0,12.0,,0.0,4.0,,0.028169014084507043,11.0,0.0,2.0,0.0,0,0,0,0.9644906254775905,0.03517923280178413,0.000328976591807686,1.1651288177244756e-06,0.03584068137185267
The Hunger Games (2026),AMC Kent Station 14,special_event,2026-08-31,2026-09-01,2026-09-04,2026-09-03,1.0,1.0,,0.0,4.0,,0.002347417840375587,26.0,0.0,3.0,0.0,0,0,0,0.7681627274407705,0.21527596552629263,0.016094046379358358,0.00046726065357847633,0.24886584024574476
PAW Patrol: The Dino Movie,AMC Kent Station 14,ordinary,2026-08-31,2026-09-01,2026-09-04,2026-09-03,4.0,26.0,-0.3157894736842105,0.4583333333333333,5.0,-2.0,0.06103286384976526,9.0,0.0,2.0,1.0,0,1,1,0.16358177219749195,0.36313281899451616,0.3172425382221319,0.15604287058586003,1.46574650719636
The End of Oak Street,AMC Kent Station 14,ordinary,2026-08-31,2026-09-01,2026-09-04,2026-09-03,4.0,33.0,-0.1951219512195122,0.5416666666666666,7.0,0.0,0.07746478873239436,3.0,0.0,2.0,1.0,0,1,1,0.077593434964959,0.22887556773193554,0.3235407285307631,0.3699902687723423,1.9859278311104887
Coyote vs. Acme,AMC Kent Station 14,ambiguous_special,2026-08-31,2026-09-01,2026-09-04,2026-09-03,2.0,50.0,7.333333333333333,0.0,7.0,1.0,0.11737089201877934,2.0,0.0,2.0,1.0,0,5,3,0.5093549627126202,0.39392267701666517,0.08851976892608149,0.00820259134463319,0.5955699889027277
Insidious: Out of the Further,AMC Kent Station 14,ordinary,2026-08-31,2026-09-01,2026-09-04,2026-09-03,3.0,32.0,-0.3469387755102041,0.3469387755102041,7.0,0.0,0.07511737089201878,5.0,0.0,2.0,1.0,0,3,3,0.11494610582594186,0.29873650035247046,0.3368294888557888,0.24948790496579898,1.720859192961445
GHOST: 2 Big To Rig,AMC Kent Station 14,special_event,2026-08-31,2026-09-01,2026-09-04,2026-09-03,2.0,1.0,-0.5,0.5,3.0,0.0,0.002347417840375587,25.0,0.0,-2.0,0.0,0,0,0,0.9505003948881577,0.0488511303408594,0.0006452422884202603,3.2324825625955912e-06,0.05015131236538771
The Last Blossom,AMC Kent Station 14,special_event,2026-08-31,2026-09-01,2026-09-04,2026-09-03,1.0,2.0,,0.0,3.0,,0.004694835680751174,23.0,0.0,0.0,0.0,0,0,0,0.9324176409351647,0.06635640347083899,0.0012174668401084983,8.488753887855914e-06,0.06881680341271955
Katy Perry: The Lifetimes Tour - Live From Paris,AMC Kent Station 14,special_event,2026-08-31,2026-09-01,2026-09-04,2026-09-03,1.0,1.0,,0.0,3.0,,0.002347417840375587,27.0,0.0,2.0,0.0,0,0,0,0.9222568664951271,0.07610779258275552,0.0016221864072178908,1.31545148995328e-05,0.07939162894188989
Mutiny,AMC Kent Station 14,ordinary,2026-08-31,2026-09-01,2026-09-04,2026-09-03,3.0,30.0,-0.14285714285714285,0.14285714285714285,7.0,0.0,0.07042253521126761,7.0,0.0,2.0,1.0,0,1,1,0.09927970711414694,0.2719082373782487,0.3357680781214343,0.29304397738617016,1.8225763257796277
Finding Emily,AMC Kent Station 14,ordinary,2026-08-31,2026-09-01,2026-09-04,2026-09-03,2.0,27.0,5.75,0.0,5.0,0.0,0.06338028169014084,8.0,0.0,2.0,1.0,0,1,1,0.34566287477618346,0.44136732040052906,0.1801620778924512,0.03280772693083633,0.9001146569779405
The Dog Stars,AMC Kent Station 14,ordinary,2026-08-31,2026-09-01,2026-09-04,2026-09-03,2.0,32.0,7.0,0.0,7.0,0.0,0.07511737089201878,4.0,1.0,9.0,1.0,0,1,1,0.15959444239712167,0.3587994644652672,0.31967165548513643,0.1619344376524747,1.483946088392964
Tony,AMC Kent Station 14,ordinary,2026-08-31,2026-09-01,2026-09-04,2026-09-03,3.0,9.0,-0.7272727272727273,0.7272727272727273,5.0,0.0,0.02112676056338028,15.0,0.0,2.0,0.0,0,0,0,0.8707273010283714,0.12455892723186464,0.00464739767327919,6.637406648480675e-05,0.13405284477787743
Harry Potter and the Sorcerer’s Stone: 25th Anniversary,AMC Kent Station 14,rerelease,2026-08-31,2026-09-01,2026-09-04,2026-09-03,2.0,5.0,4.0,0.0,4.0,3.0,0.011737089201877934,17.0,0.0,2.0,0.0,0,0,0,0.9594446127569553,0.040123080560919,0.0004305559400693112,1.7507420564427425e-06,0.04098944466722695
Harry Potter And The Philosopher's Stone: 25th Anniversary,AMC Kent Station 14,rerelease,2026-08-31,2026-09-01,2026-09-04,2026-09-03,1.0,3.0,,0.0,4.0,1.0,0.007042253521126761,22.0,0.0,1.0,0.0,0,0,0,0.9428119922879324,0.05631726379347021,0.0008656925682196907,5.051350377653147e-06,0.05806380298104256
AMC Screen Unseen: August 31,AMC Kent Station 14,special_event,2026-08-31,2026-09-01,2026-09-04,2026-09-03,1.0,2.0,,0.0,7.0,,0.004694835680751174,24.0,0.0,0.0,0.0,0,0,0,0.8840977733399135,0.112154422233274,0.0037011288575177132,4.6675569294826066e-05,0.1196967066561939
By Any Means,AMC Kent Station 14,ordinary,2026-08-31,2026-09-01,2026-09-04,2026-09-03,1.0,3.0,,0.0,7.0,,0.007042253521126761,20.0,1.0,9.0,1.0,0,3,3,0.015622195128474726,0.05769551741205854,0.131229303841904,0.7954529836175628,2.706513075948555
Onslaught,AMC Kent Station 14,ordinary,2026-08-31,2026-09-01,2026-09-04,2026-09-03,1.0,3.0,,0.0,5.0,,0.007042253521126761,21.0,1.0,10.0,1.0,0,2,2,0.04451322572077223,0.14764583804947864,0.26357802207251624,0.5442629141572329,2.30759062466621
The Uprising: Early Access Live Q&A with Paul Greengrass and Andrew Garfield,AMC Kent Station 14,special_event,2026-08-31,2026-09-01,2026-09-04,2026-09-03,1.0,1.0,,0.0,7.0,,0.002347417840375587,28.0,0.0,3.0,0.0,0,0,0,0.7945767866144172,0.19272285707168046,0.012392161971548013,0.0003081943423543053,0.2184317640418394
Colony,AMC Kent Station 14,ordinary,2026-08-31,2026-09-01,2026-09-04,2026-09-03,2.0,6.0,5.0,0.0,4.0,2.0,0.014084507042253521,16.0,0.0,2.0,0.0,0,0,0,0.9065056593377105,0.09109937529824945,0.0023714370751406672,2.352828889934478e-05,0.09591283431522882
Buddy,AMC Kent Station 14,ordinary,2026-08-31,2026-09-01,2026-09-04,2026-09-03,2.0,18.0,17.0,0.0,4.0,,0.04225352112676056,10.0,0.0,2.0,1.0,0,3,3,0.8178031382153997,0.1724061576419983,0.009585275658288003,0.0002054284843139772,0.19219299441151622
It Ends,AMC Kent Station 14,ordinary,2026-08-31,2026-09-01,2026-09-04,2026-09-03,2.0,10.0,9.0,0.0,5.0,,0.023474178403755867,14.0,0.0,2.0,0.0,0,0,0,0.7373927105056576,0.24075244696343784,0.02113092292577948,0.0007239196051250971,0.2851860516303721
Idiots,AMC Kent Station 14,ordinary,2026-08-31,2026-09-01,2026-09-04,2026-09-03,2.0,11.0,10.0,0.0,4.0,2.0,0.025821596244131457,12.0,0.0,2.0,0.0,0,0,0,0.8790299575869813,0.1168703840917193,0.00404609418821406,5.356413308531513e-05,0.12512326486740338
Fall 2: Deadpoint,AMC Kent Station 14,ordinary,2026-08-31,2026-09-01,2026-09-04,2026-09-03,1.0,4.0,,0.0,4.0,,0.009389671361502348,18.0,1.0,9.0,1.0,0,2,2,0.1130537062226551,0.2956707498080699,0.33696604078643805,0.2543095031828369,1.7325313409294567
The Odyssey,AMC Kent Station 14,ordinary,2026-09-08,2026-09-09,2026-09-11,2026-09-10,9.0,28.0,-0.2,0.7723577235772358,7.0,0.0,0.06557377049180328,4.0,1.0,8.0,1.0,0,4,3,0.05146041828978077,0.166456800688259,0.2820193945982618,0.5000633864236985,2.230685749155878
Toy Story 5,AMC Kent Station 14,ordinary,2026-09-08,2026-09-09,2026-09-11,2026-09-10,11.0,13.0,,0.7291666666666666,2.0,,0.03044496487119438,12.0,0.0,1.0,0.0,0,0,0,0.9988639941086576,0.0011356766624346798,3.291928923295457e-07,3.601543048469047e-11,0.0011363351562656305
Spider-Man: Brand New Day,AMC Kent Station 14,ordinary,2026-09-08,2026-09-09,2026-09-11,2026-09-10,7.0,47.0,-0.27692307692307694,0.8517350157728707,7.0,0.0,0.11007025761124122,1.0,0.0,1.0,1.0,0,4,3,0.011760913667385858,0.04408131800561905,0.10394516469502246,0.8402126036319727,2.772609458291582
The Hunger Games: Catching Fire (2026),AMC Kent Station 14,special_event,2026-09-08,2026-09-09,2026-09-11,2026-09-10,1.0,1.0,,0.0,4.0,,0.00234192037470726,27.0,0.0,-4.0,0.0,0,0,0,0.7803398564797214,0.20495418619095213,0.01431823492892387,0.00038772240040264,0.2347538232500078
The Hunger Games: Mockingjay - Part 1 (2026),AMC Kent Station 14,special_event,2026-09-08,2026-09-09,2026-09-11,2026-09-10,1.0,1.0,,0.0,4.0,,0.00234192037470726,28.0,0.0,-3.0,0.0,0,0,0,0.7430420500139857,0.23614223332023754,0.020145536695251078,0.000670179970525677,0.2784438466223167
The Hunger Games: Mockingjay - Part 2 (2026),AMC Kent Station 14,special_event,2026-09-08,2026-09-09,2026-09-11,2026-09-10,1.0,1.0,,0.0,4.0,,0.00234192037470726,29.0,0.0,-2.0,0.0,0,0,0,0.7018310392470005,0.26903450686592223,0.02799051029062573,0.0011439435964515452,0.3284473582365284
The Hunger Games: The Ballad of Songbirds & Snakes (2026),AMC Kent Station 14,special_event,2026-09-08,2026-09-09,2026-09-11,2026-09-10,1.0,1.0,,0.0,3.0,,0.00234192037470726,30.0,0.0,-1.0,0.0,0,0,0,0.7780314678193695,0.20692091698764217,0.01464566947030008,0.0004019457226882611,0.2374180930963071
Runner,AMC Kent Station 14,ordinary,2026-09-08,2026-09-09,2026-09-11,2026-09-10,1.0,4.0,,0.0,5.0,,0.00936768149882904,20.0,1.0,8.0,1.0,0,3,3,0.016529765552934478,0.06083670345802858,0.13722605255254997,0.7854074784364871,2.69151124387259
MST3K: The RiffTrax Experiments - Sting of Death,AMC Kent Station 14,special_event,2026-09-08,2026-09-09,2026-09-11,2026-09-10,1.0,1.0,,0.0,4.0,,0.00234192037470726,26.0,1.0,5.0,1.0,0,1,1,0.7697429270988786,0.2139439776121971,0.015856799212177444,0.0004562960767468454,0.24702646426679253
PAW Patrol: The Dino Movie,AMC Kent Station 14,ordinary,2026-09-08,2026-09-09,2026-09-11,2026-09-10,5.0,10.0,-0.6428571428571429,0.7916666666666666,5.0,0.0,0.0234192037470726,14.0,0.0,0.0,0.0,0,0,0,0.5254010368738214,0.3857735324258185,0.08172394649244812,0.007101484207911912,0.5705258780344504
The End of Oak Street,AMC Kent Station 14,ordinary,2026-09-08,2026-09-09,2026-09-11,2026-09-10,5.0,27.0,-0.2702702702702703,0.625,6.0,-1.0,0.06323185011709602,6.0,0.0,1.0,0.0,0,0,0,0.06976955259305512,0.21148571122319984,0.3148809409558773,0.4038637952278678,2.0528389788185577
The Passion of the Christ (2026 Event),AMC Kent Station 14,special_event,2026-09-08,2026-09-09,2026-09-11,2026-09-10,1.0,1.0,,0.0,3.0,,0.00234192037470726,24.0,1.0,5.0,1.0,0,1,1,0.6913360774117103,0.27712535615711903,0.030239775785850506,0.0012987906453201237,0.3415012796647804
Coyote vs. Acme,AMC Kent Station 14,ambiguous_special,2026-09-08,2026-09-09,2026-09-11,2026-09-10,3.0,39.0,-0.30357142857142855,0.30357142857142855,7.0,0.0,0.09133489461358314,2.0,0.0,1.0,1.0,0,4,3,0.499442478099893,0.39870174115570406,0.09289915901204279,0.008956621732360176,0.6113699243768702
Insidious: Out of the Further,AMC Kent Station 14,ordinary,2026-09-08,2026-09-09,2026-09-11,2026-09-10,4.0,27.0,-0.25,0.4489795918367347,5.0,-2.0,0.06323185011709602,7.0,0.0,1.0,1.0,0,2,2,0.1230577857588252,0.31136092951122835,0.3355512086457086,0.23003007608423792,1.6725535750553593
Mutiny,AMC Kent Station 14,ordinary,2026-09-08,2026-09-09,2026-09-11,2026-09-10,4.0,9.0,-0.71875,0.7428571428571429,3.0,-4.0,0.02107728337236534,16.0,0.0,0.0,0.0,0,0,0,0.6694216047106452,0.2936187675205385,0.035283488151601795,0.001676139617214566,0.36921416267538576
Finding Emily,AMC Kent Station 14,ordinary,2026-09-08,2026-09-09,2026-09-11,2026-09-10,3.0,9.0,-0.6896551724137931,0.6896551724137931,5.0,0.0,0.02107728337236534,17.0,0.0,1.0,0.0,0,0,0,0.8540958588895691,0.13981597044360572,0.005989739446700819,9.84312201244003e-05,0.15209074299738057
The Dog Stars,AMC Kent Station 14,ordinary,2026-09-08,2026-09-09,2026-09-11,2026-09-10,3.0,26.0,-0.21212121212121213,0.21212121212121213,7.0,0.0,0.06088992974238876,9.0,0.0,1.0,0.0,0,0,0,0.12194272270723337,0.3096742558346171,0.33578937590562524,0.2325936455525243,1.6790339443034406
Practical Magic 2,AMC Kent Station 14,ordinary,2026-09-08,2026-09-09,2026-09-11,2026-09-10,1.0,7.0,,0.0,7.0,,0.01639344262295082,18.0,1.0,8.0,1.0,0,4,3,0.004842981769463063,0.01864362645976138,0.047022161146516986,0.9294912306242585,2.901161640625571
Oasis: Don’t Look Back In Anger IMAX Early Access,AMC Kent Station 14,special_event,2026-09-08,2026-09-09,2026-09-11,2026-09-10,1.0,1.0,,0.0,3.0,,0.00234192037470726,31.0,0.0,1.0,0.0,0,0,0,0.8669991117786504,0.12799592304503873,0.004932180693073249,7.278448323760751e-05,0.13807863788089805
By Any Means,AMC Kent Station 14,ordinary,2026-09-08,2026-09-09,2026-09-11,2026-09-10,2.0,26.0,7.666666666666667,0.0,7.0,0.0,0.06088992974238876,10.0,0.0,1.0,1.0,0,2,2,0.1378595317047941,0.3323491490629414,0.3307895468000501,0.1990017724322144,1.5909335599596848
Oasis: Don't Look Back in Anger,AMC Kent Station 14,ordinary,2026-09-08,2026-09-09,2026-09-11,2026-09-10,1.0,3.0,,0.0,4.0,,0.00702576112412178,22.0,1.0,8.0,1.0,0,2,2,0.04007815671808861,0.135102040775205,0.24963895100828465,0.5751808514984217,2.359922497287039
HOPE Premium Early Access,AMC Kent Station 14,special_event,2026-09-08,2026-09-09,2026-09-11,2026-09-10,1.0,1.0,,0.0,4.0,,0.00234192037470726,32.0,0.0,-1.0,0.0,0,0,0,0.9024452520382737,0.09493873423336409,0.002589089789593888,2.6923938768269368e-05,0.10019768562885667
Onslaught,AMC Kent Station 14,ordinary,2026-09-08,2026-09-09,2026-09-11,2026-09-10,2.0,35.0,10.666666666666666,0.0,5.0,0.0,0.08196721311475409,3.0,0.0,2.0,1.0,0,1,1,0.21478750139229646,0.4064556937369147,0.2802128176573078,0.09854398721348107,1.2625132906919736
Hope,AMC Kent Station 14,ordinary,2026-09-08,2026-09-09,2026-09-11,2026-09-10,1.0,5.0,,0.0,5.0,,0.0117096018735363,19.0,1.0,8.0,1.0,0,3,3,0.07843301125977302,0.23068000633949506,0.3243151095727047,0.36657187282802717,1.9790258439689858
The Uprising,AMC Kent Station 14,ordinary,2026-09-08,2026-09-09,2026-09-11,2026-09-10,1.0,4.0,,0.0,6.0,,0.00936768149882904,21.0,1.0,8.0,1.0,0,2,2,0.011215947506542675,0.04212677915922647,0.099851458108961,0.8468058152252699,2.782247141052958
AMC Screen Unseen: September 7,AMC Kent Station 14,special_event,2026-09-08,2026-09-09,2026-09-11,2026-09-10,1.0,2.0,,0.0,7.0,,0.00468384074941452,23.0,0.0,-1.0,0.0,0,0,0,0.842321259797305,0.1504975908105371,0.007054120592497919,0.00012702879965999732,0.16498691839451293
Buddy,AMC Kent Station 14,ordinary,2026-09-08,2026-09-09,2026-09-11,2026-09-10,3.0,27.0,0.0,0.0,7.0,3.0,0.06323185011709602,8.0,0.0,1.0,1.0,0,2,2,0.19258180219067722,0.3903038370331924,0.29723445891852507,0.11987990185760537,1.3444124604430585
Akira,AMC Kent Station 14,ordinary,2026-09-08,2026-09-09,2026-09-11,2026-09-10,2.0,28.0,6.0,0.0,5.0,2.0,0.06557377049180328,5.0,0.0,2.0,1.0,0,1,1,0.47710584145126744,0.40871462400972486,0.10328972888616789,0.010889805652839802,0.6479634987405801
Fall 2: Deadpoint,AMC Kent Station 14,ordinary,2026-09-08,2026-09-09,2026-09-11,2026-09-10,2.0,12.0,2.0,0.0,5.0,1.0,0.02810304449648712,13.0,0.0,1.0,1.0,0,1,1,0.5026579541944538,0.3971733992673533,0.09146316537930423,0.008705481158888691,0.6062161735026278
The Sun Never Sets,AMC Kent Station 14,ordinary,2026-09-08,2026-09-09,2026-09-11,2026-09-10,2.0,10.0,9.0,0.0,3.0,2.0,0.0234192037470726,15.0,0.0,0.0,0.0,0,0,0,0.7432082579244683,0.23600612879490812,0.0201169662063092,0.0006686470743143686,0.27824600243046965
Cars: 20th Anniversary,AMC Kent Station 14,rerelease,2026-09-08,2026-09-09,2026-09-11,2026-09-10,2.0,20.0,5.666666666666667,0.0,4.0,2.0,0.0468384074941452,11.0,0.0,1.0,1.0,0,1,1,0.9052859171738235,0.09225381623705173,0.0024357519341632735,2.4514654961544634e-05,0.09719886407026292
The Fix,AMC Kent Station 14,ordinary,2026-09-08,2026-09-09,2026-09-11,2026-09-10,1.0,1.0,,0.0,3.0,,0.00234192037470726,25.0,1.0,8.0,1.0,0,1,1,0.6584635748700094,0.30165385096448266,0.037987152051481066,0.0018954221140268816,0.38331442140952543
The Odyssey,AMC Kent Station 14,ordinary,2026-09-14,2026-09-15,2026-09-18,2026-09-17,10.0,24.0,-0.2,0.8016528925619835,7.0,0.0,0.06451612903225806,6.0,0.0,2.0,1.0,0,3,3,0.0752532084001646,0.22378364296546474,0.32123026638523283,0.37973288224913787,2.005442822483344
Spider-Man: Brand New Day,AMC Kent Station 14,ordinary,2026-09-14,2026-09-15,2026-09-18,2026-09-17,8.0,32.0,-0.37254901960784315,0.8990536277602523,7.0,0.0,0.08602150537634409,2.0,0.0,2.0,1.0,0,3,3,0.02125538490878081,0.07684062063602966,0.16610878727830936,0.7357952071768802,2.616443816723289
Runner,AMC Kent Station 14,ordinary,2026-09-14,2026-09-15,2026-09-18,2026-09-17,2.0,30.0,5.0,0.0,5.0,0.0,0.08064516129032258,3.0,0.0,2.0,1.0,1,,,0.28705393875296337,0.43656389597814677,0.22308268620709532,0.053299479061794566,1.042627705577721
MST3K: The RiffTrax Experiments - Sting of Death,AMC Kent Station 14,special_event,2026-09-14,2026-09-15,2026-09-18,2026-09-17,2.0,1.0,0.0,0.0,4.0,0.0,0.002688172043010753,24.0,0.0,-1.0,0.0,0,0,0,0.9600636882261877,0.039517301926187326,0.0004173398276039086,1.6700200210570477e-06,0.04035699164145831
The Passion of the Christ (2026 Event),AMC Kent Station 14,special_event,2026-09-14,2026-09-15,2026-09-18,2026-09-17,2.0,1.0,0.0,0.0,4.0,1.0,0.002688172043010753,23.0,0.0,-1.0,0.0,0,0,0,0.6112098761618888,0.33454631826627446,0.05111595989678788,0.003127845675048856,0.44616177508499677
Coyote vs. Acme,AMC Kent Station 14,ambiguous_special,2026-09-14,2026-09-15,2026-09-18,2026-09-17,4.0,29.0,-0.32558139534883723,0.48214285714285715,7.0,0.0,0.07795698924731183,4.0,0.0,2.0,1.0,0,3,3,0.5545429320139826,0.3697483402943419,0.07027804664004755,0.005430681051627908,0.5265964767293208
Insidious: Out of the Further,AMC Kent Station 14,ordinary,2026-09-14,2026-09-15,2026-09-18,2026-09-17,5.0,12.0,-0.5862068965517241,0.7551020408163265,4.0,-1.0,0.03225806451612903,13.0,0.0,2.0,1.0,0,1,1,0.31275015230862935,0.44050903987357976,0.2036843155556043,0.04305649226218669,0.9770471477713485
The Transformers: The Movie 40th Anniversary,AMC Kent Station 14,special_event,2026-09-14,2026-09-15,2026-09-18,2026-09-17,1.0,4.0,,0.0,4.0,,0.010752688172043012,18.0,1.0,9.0,1.0,1,,,0.23085478305302745,0.4159214931041813,0.26749160482518,0.08573211901761127,1.2081010598073751
Juan Gabriel: Mi Primer Bellas Artes,AMC Kent Station 14,special_event,2026-09-14,2026-09-15,2026-09-18,2026-09-17,1.0,3.0,,0.0,3.0,,0.008064516129032258,19.0,0.0,2.0,0.0,0,0,0,0.8140386927164723,0.1757286339484982,0.010012639207846508,0.00022003412718296273,0.1964140147457401
Practical Magic 2,AMC Kent Station 14,ordinary,2026-09-14,2026-09-15,2026-09-18,2026-09-17,2.0,56.0,7.0,0.0,7.0,0.0,0.15053763440860216,1.0,0.0,2.0,1.0,0,3,3,0.046649806160359866,0.15353814578323,0.2696671458659707,0.5301449021904395,2.28330714408649
By Any Means,AMC Kent Station 14,ordinary,2026-09-14,2026-09-15,2026-09-18,2026-09-17,3.0,24.0,-0.2,0.2,7.0,0.0,0.06451612903225806,7.0,0.0,2.0,1.0,0,1,1,0.10575099180256031,0.2833959769028305,0.33684334178733255,0.27400968950727655,1.7791117289993252
Oasis: Don't Look Back in Anger,AMC Kent Station 14,ordinary,2026-09-14,2026-09-15,2026-09-18,2026-09-17,2.0,24.0,5.0,0.0,4.0,0.0,0.06451612903225806,9.0,0.0,2.0,1.0,0,1,1,0.45865173452588215,0.4161468241194922,0.11243528208217866,0.012766159272446988,0.6793158661011905
Onslaught,AMC Kent Station 14,ordinary,2026-09-14,2026-09-15,2026-09-18,2026-09-17,3.0,6.0,-0.8181818181818182,0.8181818181818182,5.0,0.0,0.016129032258064516,17.0,0.0,2.0,0.0,0,0,0,0.9106530445066475,0.08716699842544273,0.002159574498016353,2.0382569893390825e-05,0.09154729513115561
Hope,AMC Kent Station 14,ordinary,2026-09-14,2026-09-15,2026-09-18,2026-09-17,2.0,26.0,2.25,0.0,6.0,1.0,0.06989247311827956,5.0,0.0,2.0,1.0,1,,,0.21272907296696675,0.40511313210683997,0.2818253566113495,0.1003324383148438,1.2697611602740704
The Uprising,AMC Kent Station 14,ordinary,2026-09-14,2026-09-15,2026-09-18,2026-09-17,2.0,24.0,5.0,0.0,6.0,0.0,0.06451612903225806,8.0,0.0,2.0,1.0,0,1,1,0.23437583508905108,0.41776480907139546,0.26468403543084273,0.08317532040871078,1.1966588411592132
The Weight,AMC Kent Station 14,ordinary,2026-09-14,2026-09-15,2026-09-18,2026-09-17,1.0,2.0,,0.0,5.0,,0.005376344086021506,20.0,1.0,9.0,1.0,1,,,0.24727900984939877,0.4238489638238604,0.25438213813810084,0.07448988818864001,1.1560829046659822
Buddy,AMC Kent Station 14,ordinary,2026-09-14,2026-09-15,2026-09-18,2026-09-17,4.0,11.0,-0.6206896551724138,0.6206896551724138,7.0,0.0,0.02956989247311828,14.0,0.0,2.0,1.0,0,1,1,0.23505430539715025,0.4181107869873276,0.26414264838644086,0.08269225922908133,1.1944728614474533
Resident Evil,AMC Kent Station 14,ordinary,2026-09-14,2026-09-15,2026-09-18,2026-09-17,1.0,13.0,,0.0,7.0,,0.03494623655913978,11.0,1.0,16.0,1.0,0,3,3,0.0007809102945624387,0.003054236099142703,0.008027747396356115,0.9881371062099388,2.9835210495216713
Akira,AMC Kent Station 14,ordinary,2026-09-14,2026-09-15,2026-09-18,2026-09-17,3.0,13.0,-0.5517241379310345,0.5517241379310345,5.0,0.0,0.03494623655913978,12.0,0.0,2.0,0.0,0,0,0,0.4617681458038224,0.4149475768313445,0.11085451700324149,0.012429760361591607,0.6739458919226022
AMC Screen Unseen: September 13,AMC Kent Station 14,special_event,2026-09-14,2026-09-15,2026-09-18,2026-09-17,1.0,2.0,,0.0,7.0,,0.005376344086021506,21.0,0.0,-1.0,0.0,0,0,0,0.9603063723899281,0.039279771880747716,0.00041221664822160804,1.6390811025704292e-06,0.04010912242049865
AMC Screen Unseen: September 14,AMC Kent Station 14,special_event,2026-09-14,2026-09-15,2026-09-18,2026-09-17,1.0,2.0,,0.0,7.0,,0.005376344086021506,22.0,0.0,0.0,0.0,0,0,0,0.8478142396939491,0.14552710935912977,0.006545622386953831,0.00011302855996731959,0.1589574398129394
Fall 2: Deadpoint,AMC Kent Station 14,ordinary,2026-09-14,2026-09-15,2026-09-18,2026-09-17,3.0,7.0,-0.46153846153846156,0.46153846153846156,3.0,-2.0,0.01881720430107527,16.0,0.0,2.0,0.0,0,0,0,0.949443975461275,0.049879021631239126,0.0006735527483996988,3.4501590861627307e-06,0.05123647760529701
The Weight Early Access,AMC Kent Station 14,special_event,2026-09-14,2026-09-15,2026-09-18,2026-09-17,1.0,1.0,,0.0,4.0,,0.002688172043010753,25.0,0.0,2.0,0.0,0,0,0,0.9033688092549098,0.09406637780923768,0.002538689769986716,2.6123165865793262e-05,0.09922212684680849
Cars: 20th Anniversary,AMC Kent Station 14,rerelease,2026-09-14,2026-09-15,2026-09-18,2026-09-17,3.0,15.0,-0.34782608695652173,0.34782608695652173,4.0,0.0,0.04032258064516129,10.0,0.0,2.0,0.0,0,0,0,0.9195617651754961,0.07868380494884783,0.0017397898327270846,1.464004292893721e-05,0.08220730474308882
The Fix,AMC Kent Station 14,ordinary,2026-09-14,2026-09-15,2026-09-18,2026-09-17,2.0,10.0,4.0,0.0,4.0,1.0,0.026881720430107527,15.0,0.0,2.0,0.0,0,0,0,0.6324843264345328,0.320103909880522,0.04490187473339665,0.002509888951548566,0.417437326201961
The Odyssey,AMC Kent Station 14,ordinary,2026-09-21,2026-09-22,2026-09-25,2026-09-24,11.0,24.0,-0.1724137931034483,0.7419354838709677,6.0,-1.0,0.058823529411764705,8.0,0.0,2.0,1.0,1,,,0.08915221157407363,0.2527149099633121,0.331916233812014,0.32621664465060035,1.8951973115391412
Spider-Man: Brand New Day,AMC Kent Station 14,ordinary,2026-09-21,2026-09-22,2026-09-25,2026-09-24,9.0,27.0,-0.2702702702702703,0.9148264984227129,7.0,0.0,0.0661764705882353,3.0,0.0,2.0,1.0,1,,,0.0272543342006927,0.09633315947456883,0.19768290967194305,0.6787295966527954,2.527887768776841
Runner,AMC Kent Station 14,ordinary,2026-09-21,2026-09-22,2026-09-25,2026-09-24,3.0,26.0,-0.23529411764705882,0.23529411764705882,6.0,1.0,0.06372549019607843,6.0,0.0,2.0,1.0,1,,,0.15461785153154395,0.35317286451354735,0.3225559416443519,0.1696533423105568,1.5072447747339215
Heaven in Stone and Glass,AMC Kent Station 14,special_event,2026-09-21,2026-09-22,2026-09-25,2026-09-24,1.0,3.0,,0.0,4.0,,0.007352941176470588,19.0,0.0,2.0,0.0,0,0,0,0.7065349335464962,0.2653692063627664,0.027016381850022617,0.0010794782407147494,0.32264040478495587
Twenty Years of the Met in Cinemas: An Anniversary Celebration,AMC Kent Station 14,rerelease,2026-09-21,2026-09-22,2026-09-25,2026-09-24,1.0,1.0,,0.0,4.0,,0.0024509803921568627,25.0,0.0,-2.0,0.0,0,0,0,0.962828703344176,0.03680906821975502,0.0003608881569613014,1.3402791076509463e-06,0.03753486537100058
Coyote vs. Acme,AMC Kent Station 14,ambiguous_special,2026-09-21,2026-09-22,2026-09-25,2026-09-24,5.0,25.0,-0.24242424242424243,0.5535714285714286,7.0,0.0,0.061274509803921566,7.0,0.0,2.0,1.0,1,,,0.4265866829308702,0.42708112109694557,0.12957690347054018,0.016755292501644113,0.7365008055429584
Insidious: Out of the Further,AMC Kent Station 14,ordinary,2026-09-21,2026-09-22,2026-09-25,2026-09-24,6.0,6.0,-0.5384615384615384,0.8775510204081632,3.0,-1.0,0.014705882352941176,13.0,0.0,2.0,0.0,0,0,0,0.8910256843027089,0.10567977525406066,0.0032562303697171347,3.831007351330022e-05,0.11230716621403485
The Transformers: The Movie 40th Anniversary,AMC Kent Station 14,special_event,2026-09-21,2026-09-22,2026-09-25,2026-09-24,2.0,27.0,5.75,0.0,5.0,1.0,0.0661764705882353,4.0,0.0,2.0,1.0,1,,,0.735304451837965,0.24244870725006373,0.02150223416989452,0.0007446067420767446,0.28768699581608304
Practical Magic 2,AMC Kent Station 14,ordinary,2026-09-21,2026-09-22,2026-09-25,2026-09-24,3.0,28.0,-0.5409836065573771,0.5409836065573771,7.0,0.0,0.06862745098039216,2.0,0.0,2.0,1.0,1,,,0.113599479330906,0.29655969779029073,0.33693337164219206,0.2529074512366113,1.7291487947845088
By Any Means,AMC Kent Station 14,ordinary,2026-09-21,2026-09-22,2026-09-25,2026-09-24,4.0,6.0,-0.76,0.8,2.0,-5.0,0.014705882352941176,14.0,0.0,2.0,0.0,0,0,0,0.9131884503873821,0.08475771544081233,0.002035222179655617,1.8611992149997767e-05,0.08888399577657356
Oasis: Don't Look Back in Anger,AMC Kent Station 14,ordinary,2026-09-21,2026-09-22,2026-09-25,2026-09-24,3.0,6.0,-0.75,0.75,4.0,0.0,0.014705882352941176,16.0,0.0,2.0,0.0,0,0,0,0.9464078114994844,0.05282963586216877,0.0007584212350123563,4.131403334488213e-06,0.05435887254219694
Hope,AMC Kent Station 14,ordinary,2026-09-21,2026-09-22,2026-09-25,2026-09-24,3.0,24.0,-0.2,0.2,6.0,0.0,0.058823529411764705,9.0,0.0,2.0,1.0,1,,,0.16465121147642492,0.36426914504870433,0.31657453829196636,0.1545051051829044,1.4609335371813503
The Uprising,AMC Kent Station 14,ordinary,2026-09-21,2026-09-22,2026-09-25,2026-09-24,3.0,6.0,-0.76,0.76,6.0,0.0,0.014705882352941176,15.0,0.0,2.0,0.0,0,0,0,0.5014229169199246,0.397762935896358,0.09201296345873647,0.008801183724980946,0.6081924139887739
Batman (1989),AMC Kent Station 14,ordinary,2026-09-21,2026-09-22,2026-09-25,2026-09-24,1.0,2.0,,0.0,4.0,,0.004901960784313725,22.0,0.0,-2.0,0.0,0,0,0,0.46239876138807356,0.4147020937019714,0.11053645269474353,0.012362692215211487,0.672863075737093
Batman: Mask of the Phantasm (2026BD),AMC Kent Station 14,ordinary,2026-09-21,2026-09-22,2026-09-25,2026-09-24,1.0,2.0,,0.0,4.0,,0.004901960784313725,23.0,0.0,-2.0,0.0,0,0,0,0.3107250684661975,0.4403079503437699,0.2051824804137251,0.043784500776307536,0.9820264135001427
The Lego Batman Movie,AMC Kent Station 14,ordinary,2026-09-21,2026-09-22,2026-09-25,2026-09-24,1.0,3.0,,0.0,4.0,,0.007352941176470588,20.0,0.0,-1.0,0.0,0,0,0,0.8883773492842384,0.10815859455342562,0.003422686129577128,4.137003275885546e-05,0.11512807691085644
Avengers Endgame: Encore,AMC Kent Station 14,ambiguous_special,2026-09-21,2026-09-22,2026-09-25,2026-09-24,1.0,7.0,,0.0,7.0,,0.01715686274509804,12.0,1.0,9.0,1.0,1,,,0.07897939547359863,0.2318480303419008,0.3248040268989357,0.3643685472855649,1.974561725996467
The Weight,AMC Kent Station 14,ordinary,2026-09-21,2026-09-22,2026-09-25,2026-09-24,2.0,26.0,5.5,0.0,7.0,2.0,0.06372549019607843,5.0,0.0,2.0,1.0,1,,,0.1711275378627389,0.37092155870793,0.3123936294471651,0.14555727398216603,1.4323806395487582
Buddy,AMC Kent Station 14,ordinary,2026-09-21,2026-09-22,2026-09-25,2026-09-24,5.0,10.0,-0.2857142857142857,0.6551724137931034,5.0,-2.0,0.024509803921568627,11.0,0.0,2.0,0.0,0,0,0,0.3379863309450753,0.4415568687854005,0.18550379285402746,0.03495300741549678,0.9174234767399457
Primetime,AMC Kent Station 14,ordinary,2026-09-21,2026-09-22,2026-09-25,2026-09-24,1.0,3.0,,0.0,7.0,,0.007352941176470588,21.0,1.0,10.0,1.0,1,,,0.014016551349726177,0.05208380710213199,0.12024034250193465,0.8136592990462073,2.733542389244623
Resident Evil,AMC Kent Station 14,ordinary,2026-09-21,2026-09-22,2026-09-25,2026-09-24,2.0,123.0,6.235294117647059,0.0,7.0,0.0,0.3014705882352941,1.0,1.0,9.0,1.0,1,,,0.00023016875870005555,0.0009021635349433708,0.0023848015675739897,0.9964828661387826,2.9951203650864393
Heart of the Beast,AMC Kent Station 14,ordinary,2026-09-21,2026-09-22,2026-09-25,2026-09-24,1.0,5.0,,0.0,7.0,,0.012254901960784314,17.0,1.0,9.0,1.0,1,,,0.007010685506396166,0.026762456894935206,0.06606516190540081,0.9001616956932679,2.85937786778554
Forgotten Island - Friendship Opening Night Event,AMC Kent Station 14,special_event,2026-09-21,2026-09-22,2026-09-25,2026-09-24,1.0,1.0,,0.0,4.0,,0.0024509803921568627,26.0,0.0,3.0,0.0,0,0,0,0.8412606430972854,0.151454752289491,0.0071547338293370365,0.00012987078388652497,0.16615383229982467
Forgotten Island,AMC Kent Station 14,ordinary,2026-09-21,2026-09-22,2026-09-25,2026-09-24,1.0,4.0,,0.0,6.0,,0.00980392156862745,18.0,1.0,9.0,1.0,1,,,0.018801625953099196,0.06860369186430502,0.15158750530162834,0.7610071768809674,2.654800233110464
AMC Screen Unseen: September 21,AMC Kent Station 14,special_event,2026-09-21,2026-09-22,2026-09-25,2026-09-24,1.0,2.0,,0.0,7.0,,0.004901960784313725,24.0,0.0,0.0,0.0,0,0,0,0.8210989778082698,0.16948807766714194,0.009219703992923878,0.00019324053166439243,0.18850720724798287
Shaun the Sheep: The Beast of Mossy Bottom,AMC Kent Station 14,ordinary,2026-09-21,2026-09-22,2026-09-25,2026-09-24,2.0,10.0,9.0,0.0,5.0,3.0,0.024509803921568627,10.0,0.0,2.0,0.0,0,0,0,0.8368266451796316,0.1554471614515327,0.007583936782750216,0.00014225658608552525,0.17104180477528969
Forgotten Island - Early Access Screening,AMC Kent Station 14,special_event,2026-09-21,2026-09-22,2026-09-25,2026-09-24,1.0,1.0,,0.0,3.0,,0.0024509803921568627,27.0,0.0,-1.0,0.0,0,0,0,0.937646823975405,0.06131386150176298,0.001032708183964892,6.606338867130467e-06,0.06339909688629415
Toy Story 5,AMC Oak Tree 6,ordinary_title_only,2026-06-30,2026-07-01,2026-07-03,2026-07-02,1.0,14.0,,0.0,7.0,,0.12727272727272726,2.0,0.0,0.0,0.0,0,0,0,0.7361647334415615,0.24175043285603875,0.021348804027678674,0.0007360296747210488,0.2866561299355592
Toy Story 5,AMC Oak Tree 6,ordinary,2026-06-30,2026-07-01,2026-07-03,2026-07-02,1.0,9.0,,0.0,7.0,,0.08181818181818182,5.0,0.0,2.0,1.0,0,4,3,0.06253809096552418,0.19445347130139026,0.3042590800200958,0.4387493577129897,2.1192197044805505
Minions & Monsters,AMC Oak Tree 6,ordinary,2026-06-30,2026-07-01,2026-07-03,2026-07-02,1.0,16.0,,0.0,7.0,,0.14545454545454545,1.0,1.0,14.0,1.0,0,5,3,0.018939362934261347,0.06907020765259414,0.15242925808686894,0.7595611713262757,2.652612237805159
Minions & Monsters,AMC Oak Tree 6,ordinary_title_only,2026-06-30,2026-07-01,2026-07-03,2026-07-02,1.0,5.0,,0.0,4.0,,0.045454545454545456,11.0,1.0,8.0,1.0,0,1,1,0.7315735605396378,0.2454685393316915,0.022175194142528654,0.0007827059861420151,0.29216704557517487
Supergirl,AMC Oak Tree 6,ordinary,2026-06-30,2026-07-01,2026-07-03,2026-07-02,1.0,9.0,,0.0,7.0,,0.08181818181818182,6.0,1.0,7.0,1.0,0,2,2,0.07325900797314855,0.2193714020129907,0.3190779386412733,0.3882916513725875,2.0224022334133
Supergirl,AMC Oak Tree 6,ordinary_title_only,2026-06-30,2026-07-01,2026-07-03,2026-07-02,1.0,11.0,,0.0,7.0,,0.1,4.0,1.0,8.0,1.0,0,1,1,0.8025365448613634,0.18580986558698395,0.011384134780354436,0.00026945477129823033,0.20938649946158752
AMC,AMC Oak Tree 6,special_event_title_only,2026-06-30,2026-07-01,2026-07-03,2026-07-02,1.0,1.0,,0.0,7.0,,0.00909090909090909,13.0,0.0,-1.0,0.0,0,0,0,0.9793224111585689,0.020566897913204294,0.00011046655607544494,2.2437215137540856e-07,0.02078850414180931
Jackass: Best and Last,AMC Oak Tree 6,ordinary_title_only,2026-06-30,2026-07-01,2026-07-03,2026-07-02,1.0,12.0,,0.0,7.0,,0.10909090909090909,3.0,0.0,2.0,0.0,0,0,0,0.7600122022177155,0.2221103153920786,0.01735044297217666,0.0005270394180292734,0.2583923195905197
Jackass: Best and Last,AMC Oak Tree 6,ordinary,2026-06-30,2026-07-01,2026-07-03,2026-07-02,1.0,8.0,,0.0,7.0,,0.07272727272727272,7.0,0.0,2.0,1.0,0,1,1,0.06077707488883887,0.19016042202920388,0.3012401860281037,0.4478223170538536,2.136107745246972
Obsession,AMC Oak Tree 6,ordinary_title_only,2026-06-30,2026-07-01,2026-07-03,2026-07-02,1.0,8.0,,0.0,7.0,,0.07272727272727272,9.0,0.0,0.0,0.0,0,0,0,0.7894925885523867,0.19711068945004015,0.013061692742126636,0.0003350292554465281,0.22423916270063302
Disclosure Day,AMC Oak Tree 6,ordinary_title_only,2026-06-30,2026-07-01,2026-07-03,2026-07-02,1.0,8.0,,0.0,7.0,,0.07272727272727272,8.0,0.0,0.0,0.0,0,0,0,0.7796474455338628,0.20554460428750598,0.014416002045906469,0.0003919481327247734,0.23555245277749323
Disclosure Day,AMC Oak Tree 6,ordinary,2026-06-30,2026-07-01,2026-07-03,2026-07-02,1.0,7.0,,0.0,7.0,,0.06363636363636363,10.0,0.0,2.0,1.0,0,2,2,0.0733087822098829,0.21948235748249206,0.31913378095170486,0.3880750793559201,2.021975157453662
Obsession,AMC Oak Tree 6,ordinary,2026-06-30,2026-07-01,2026-07-03,2026-07-02,1.0,2.0,,0.0,6.0,,0.01818181818181818,12.0,0.0,2.0,1.0,0,1,1,0.10782082247304256,0.2869478262871936,0.3369883962153484,0.2682429550244154,1.7656534837911366
Toy Story 5,AMC Oak Tree 6,ordinary,2026-07-07,2026-07-08,2026-07-10,2026-07-09,2.0,31.0,2.4444444444444446,0.0,7.0,0.0,0.1225296442687747,3.0,0.0,2.0,1.0,0,3,3,0.03054867806850829,0.10666034290708307,0.21288793539488451,0.6499030436295242,2.482145344585425
Minions & Monsters,AMC Oak Tree 6,ordinary,2026-07-07,2026-07-08,2026-07-10,2026-07-09,2.0,52.0,2.25,0.0,7.0,0.0,0.20553359683794467,1.0,1.0,8.0,1.0,0,4,3,0.0028349780105531457,0.010999261911082263,0.028308668458114132,0.9578570916202506,2.941187873688062
Minions & Monsters,AMC Oak Tree 6,ordinary_title_only,2026-07-07,2026-07-08,2026-07-10,2026-07-09,2.0,40.0,7.0,0.0,5.0,1.0,0.15810276679841898,2.0,0.0,1.0,0.0,0,0,0,0.9607741008265749,0.03882188438075089,0.00040243423454067835,1.5805581335445958e-06,0.03963149452423288
Supergirl,AMC Oak Tree 6,ordinary,2026-07-07,2026-07-08,2026-07-10,2026-07-09,2.0,28.0,2.111111111111111,0.0,7.0,0.0,0.11067193675889328,4.0,0.0,2.0,1.0,0,1,1,0.16930614125302915,0.369089919258201,0.3135918960584056,0.14801204343036428,1.440309841666105
Supergirl,AMC Oak Tree 6,ordinary_title_only,2026-07-07,2026-07-08,2026-07-10,2026-07-09,2.0,20.0,0.8181818181818182,0.0,4.0,-3.0,0.07905138339920949,7.0,0.0,1.0,0.0,0,0,0,0.9052130666146148,0.09232273673379188,0.002439622181192339,2.4574470401029227e-05,0.09727570450737964
Moana,AMC Oak Tree 6,ordinary,2026-07-07,2026-07-08,2026-07-10,2026-07-09,1.0,5.0,,0.0,7.0,,0.019762845849802372,9.0,1.0,14.0,1.0,0,2,2,0.013487274720611125,0.05021861915216354,0.11650855976053735,0.819785546366688,2.7425923777733026
Evil Dead Burn,AMC Oak Tree 6,ordinary,2026-07-07,2026-07-08,2026-07-10,2026-07-09,1.0,4.0,,0.0,7.0,,0.015810276679841896,10.0,1.0,14.0,1.0,0,2,2,0.016052383345752527,0.059187193170302216,0.13409071589014931,0.790669707593796,2.699377747731989
Jackass: Best and Last,AMC Oak Tree 6,ordinary,2026-07-07,2026-07-08,2026-07-10,2026-07-09,2.0,28.0,2.5,0.0,7.0,0.0,0.11067193675889328,5.0,0.0,1.0,0.0,0,0,0,0.17678375116967668,0.37641821434581996,0.30857151841451547,0.13822651606998784,1.4082407993848145
The Invite,AMC Oak Tree 6,ordinary,2026-07-07,2026-07-08,2026-07-10,2026-07-09,1.0,4.0,,0.0,7.0,,0.015810276679841896,11.0,1.0,8.0,1.0,0,3,3,0.013620103627485178,0.05068743287941216,0.11745029730223662,0.8182421661908661,2.740314526056484
Disclosure Day,AMC Oak Tree 6,ordinary,2026-07-07,2026-07-08,2026-07-10,2026-07-09,2.0,26.0,2.7142857142857144,0.0,7.0,0.0,0.10276679841897234,6.0,0.0,2.0,1.0,0,1,1,0.23863908271117568,0.4198900634273833,0.2612808090710163,0.0801900447904247,1.18302181594069
Obsession,AMC Oak Tree 6,ordinary,2026-07-07,2026-07-08,2026-07-10,2026-07-09,2.0,13.0,5.5,0.0,7.0,1.0,0.05138339920948617,8.0,0.0,2.0,0.0,0,0,0,0.3692208331369825,0.4394228465852601,0.16434682883086488,0.02700949144689253,0.8491449785876675
Young Washington,AMC Oak Tree 6,ordinary,2026-07-07,2026-07-08,2026-07-10,2026-07-09,1.0,2.0,,0.0,7.0,2.0,0.007905138339920948,12.0,0.0,2.0,1.0,0,1,1,0.027917920406923685,0.0984345064279804,0.20086024764356897,0.672787325521527,2.518516978279699
Toy Story 5,AMC Oak Tree 6,ordinary,2026-07-14,2026-07-15,2026-07-17,2026-07-16,3.0,28.0,-0.0967741935483871,0.0967741935483871,7.0,0.0,0.11475409836065574,5.0,0.0,2.0,1.0,0,2,2,0.14580432800202128,0.3425922125471418,0.3272013260046619,0.18440213344617506,1.5502012648949908
Minions & Monsters,AMC Oak Tree 6,ordinary,2026-07-14,2026-07-15,2026-07-17,2026-07-16,3.0,48.0,-0.07692307692307693,0.07692307692307693,7.0,0.0,0.19672131147540983,2.0,0.0,2.0,1.0,0,3,3,0.02558152878575713,0.09098803955097585,0.18940534162277808,0.694025090040489,2.551873992917999
Supergirl,AMC Oak Tree 6,ordinary,2026-07-14,2026-07-15,2026-07-17,2026-07-16,3.0,5.0,-0.8214285714285714,0.8214285714285714,6.0,-1.0,0.020491803278688523,9.0,0.0,1.0,0.0,0,0,0,0.6005197461862863,0.3415630094053398,0.05443386234858441,0.0034833820597894275,0.4608808802818769
Moana,AMC Oak Tree 6,ordinary,2026-07-14,2026-07-15,2026-07-17,2026-07-16,2.0,51.0,9.2,0.0,7.0,0.0,0.20901639344262296,1.0,1.0,8.0,1.0,0,1,1,0.012436033369960584,0.04649120594873148,0.10893067506733038,0.8321420856139776,2.7607788129253255
The Odyssey,AMC Oak Tree 6,ordinary,2026-07-14,2026-07-15,2026-07-17,2026-07-16,1.0,6.0,,0.0,7.0,,0.02459016393442623,7.0,1.0,14.0,1.0,0,9,3,0.010280884507450922,0.03875378894104292,0.09268004804938325,0.858285278502123,2.7989697205461783
Evil Dead Burn,AMC Oak Tree 6,ordinary,2026-07-14,2026-07-15,2026-07-17,2026-07-16,2.0,44.0,10.0,0.0,7.0,0.0,0.18032786885245902,3.0,1.0,8.0,1.0,0,1,1,0.11924563141506117,0.30553094322571356,0.3362857196847998,0.23893770567442552,1.6949154996185898
The Invite,AMC Oak Tree 6,ordinary,2026-07-14,2026-07-15,2026-07-17,2026-07-16,2.0,44.0,10.0,0.0,7.0,0.0,0.18032786885245902,4.0,0.0,2.0,1.0,0,2,2,0.2075622611363433,0.40160775167248236,0.28584781242685003,0.10498217476432438,1.2882499008191557
Disclosure Day,AMC Oak Tree 6,ordinary,2026-07-14,2026-07-15,2026-07-17,2026-07-16,3.0,6.0,-0.7692307692307693,0.7692307692307693,7.0,0.0,0.02459016393442623,8.0,0.0,1.0,0.0,0,0,0,0.9215844297055144,0.0767509320450882,0.0016511234174777084,1.3514831919739877e-05,0.08009372337580284
Young Washington,AMC Oak Tree 6,ordinary,2026-07-14,2026-07-15,2026-07-17,2026-07-16,2.0,12.0,5.0,0.0,7.0,0.0,0.04918032786885246,6.0,0.0,1.0,0.0,0,0,0,0.3824482961818752,0.4374851818887371,0.15585677669035156,0.024209745239036247,0.821827970986549
Toy Story 5,AMC Oak Tree 6,ordinary,2026-07-21,2026-07-22,2026-07-24,2026-07-23,4.0,13.0,-0.5357142857142857,0.5806451612903226,7.0,0.0,0.06565656565656566,6.0,0.0,1.0,1.0,0,1,1,0.431804843291153,0.42548292710211494,0.12667711338563487,0.016035116221097222,0.7269425025366762
Met Summer Encore: The Merry Widow (2026),AMC Oak Tree 6,special_event,2026-07-21,2026-07-22,2026-07-24,2026-07-23,1.0,1.0,,0.0,3.0,,0.005050505050505051,8.0,0.0,1.0,0.0,0,0,0,0.991822536492735,0.008160313649253547,1.713626659287855e-05,1.3591418577922968e-08,0.00819462695669504
Minions & Monsters,AMC Oak Tree 6,ordinary,2026-07-21,2026-07-22,2026-07-24,2026-07-23,4.0,27.0,-0.4375,0.4807692307692308,7.0,0.0,0.13636363636363635,5.0,0.0,1.0,1.0,0,2,2,0.1949127560289844,0.3921778427116662,0.2954958924330843,0.11741350882626508,1.33541015405663
Moana,AMC Oak Tree 6,ordinary,2026-07-21,2026-07-22,2026-07-24,2026-07-23,3.0,43.0,-0.1568627450980392,0.1568627450980392,7.0,0.0,0.21717171717171718,2.0,0.0,1.0,0.0,0,0,0,0.12069259033580661,0.3077650337807802,0.3360337054121836,0.2355086704712297,1.6863584560188365
The Odyssey,AMC Oak Tree 6,ordinary,2026-07-21,2026-07-22,2026-07-24,2026-07-23,2.0,52.0,7.666666666666667,0.0,7.0,0.0,0.26262626262626265,1.0,1.0,8.0,1.0,0,8,3,0.0450912628561038,0.14924950081815264,0.2652639156346182,0.5403953206911254,2.3009632941607654
Evil Dead Burn,AMC Oak Tree 6,ordinary,2026-07-21,2026-07-22,2026-07-24,2026-07-23,3.0,31.0,-0.29545454545454547,0.29545454545454547,7.0,0.0,0.15656565656565657,3.0,0.0,1.0,0.0,0,0,0,0.30047976865618914,0.43900860469859443,0.21284517817819631,0.04766644846702017,1.0076983064560476
The Invite,AMC Oak Tree 6,ordinary,2026-07-21,2026-07-22,2026-07-24,2026-07-23,3.0,28.0,-0.36363636363636365,0.36363636363636365,7.0,0.0,0.1414141414141414,4.0,0.0,1.0,1.0,0,1,1,0.3301825271081188,0.44151282837871614,0.19102609410315227,0.0372785504100128,0.935400667815059
AMC Screen Unseen: July 20,AMC Oak Tree 6,special_event,2026-07-21,2026-07-22,2026-07-24,2026-07-23,1.0,1.0,,0.0,7.0,,0.005050505050505051,9.0,0.0,-1.0,0.0,0,0,0,0.969211348535744,0.030541348444642746,0.0002465495939595824,7.534256536944068e-07,0.031036707909522992
Hadestown: The Musical,AMC Oak Tree 6,ordinary,2026-07-21,2026-07-22,2026-07-24,2026-07-23,1.0,2.0,,0.0,7.0,,0.010101010101010102,7.0,1.0,8.0,1.0,0,2,2,0.16195985231381338,0.36138863387313874,0.31824257911029974,0.15840893470274822,1.473100596201983
Toy Story 5,AMC Oak Tree 6,ordinary,2026-07-27,2026-07-28,2026-07-31,2026-07-30,5.0,12.0,-0.2,0.6129032258064516,7.0,0.0,0.075,6.0,0.0,2.0,0.0,0,0,0,0.3222075957824586,0.44121253042615705,0.19676291341779603,0.03981696037358828,0.9541892383825139
Minions & Monsters,AMC Oak Tree 6,ordinary,2026-07-27,2026-07-28,2026-07-31,2026-07-30,5.0,24.0,-0.22580645161290322,0.5384615384615384,7.0,0.0,0.15,3.0,0.0,2.0,1.0,0,1,1,0.18895004404442972,0.387296517998866,0.2999135338674864,0.12383990408921791,1.3586432980014926
The Odyssey,AMC Oak Tree 6,ordinary,2026-07-27,2026-07-28,2026-07-31,2026-07-30,3.0,48.0,-0.12727272727272726,0.12727272727272726,7.0,0.0,0.3,1.0,0.0,2.0,1.0,0,7,3,0.05835933152045484,0.18417102310276648,0.29679454126424576,0.460675104112533,2.159785417968857
Spider-Man: Brand New Day,AMC Oak Tree 6,ordinary,2026-07-27,2026-07-28,2026-07-31,2026-07-30,1.0,14.0,,0.0,7.0,,0.0875,5.0,1.0,14.0,1.0,0,8,3,0.0010913423743112124,0.004263188296893785,0.011169533716544718,0.9834759356122503,2.9770300625667345
The Invite,AMC Oak Tree 6,ordinary,2026-07-27,2026-07-28,2026-07-31,2026-07-30,4.0,22.0,-0.3125,0.5,6.0,-1.0,0.1375,4.0,0.0,2.0,0.0,0,0,0,0.4044097045147859,0.4330303854313356,0.14238733495927353,0.020172575094605016,0.7783227806336978
Hadestown: The Musical,AMC Oak Tree 6,ordinary,2026-07-27,2026-07-28,2026-07-31,2026-07-30,2.0,27.0,5.75,0.0,7.0,0.0,0.16875,2.0,0.0,2.0,1.0,0,1,1,0.31377872510674665,0.44060427384675027,0.20292551467987052,0.04269148636663257,0.9745297623063891
AMC Screen Unseen: July 27,AMC Oak Tree 6,special_event,2026-07-27,2026-07-28,2026-07-31,2026-07-30,1.0,1.0,,0.0,7.0,,0.00625,8.0,0.0,0.0,0.0,0,0,0,0.9680664432333196,0.03166728690153258,0.0002654275935969369,8.422715508971321e-07,0.032200668903379144
Her Private Hell,AMC Oak Tree 6,ordinary,2026-07-27,2026-07-28,2026-07-31,2026-07-30,2.0,12.0,5.0,0.0,7.0,3.0,0.075,7.0,0.0,2.0,0.0,0,0,0,0.688468322795668,0.27931494687850783,0.03087285500333972,0.0013438753224843788,0.34509228285264043
MET Summer Encore: Aida (2026),AMC Oak Tree 6,special_event,2026-08-04,2026-08-05,2026-08-07,2026-08-06,1.0,1.0,,0.0,3.0,,0.0055248618784530384,6.0,0.0,1.0,0.0,0,0,0,0.9924919794881369,0.00749357089606449,1.4439108217452535e-05,1.0507581113630288e-08,0.007522480635242736
Minions & Monsters,AMC Oak Tree 6,ordinary,2026-08-04,2026-08-05,2026-08-07,2026-08-06,6.0,8.0,-0.68,0.8461538461538461,7.0,0.0,0.04419889502762431,4.0,0.0,2.0,0.0,0,0,0,0.5607833816100083,0.36612296994749494,0.06797235258737744,0.005121295855119328,0.5174315626876078
The Odyssey,AMC Oak Tree 6,ordinary,2026-08-04,2026-08-05,2026-08-07,2026-08-06,4.0,48.0,-0.09433962264150944,0.12727272727272726,7.0,0.0,0.26519337016574585,2.0,0.0,2.0,1.0,0,6,3,0.018823746605938142,0.0686786481275442,0.15172290968318236,0.7607746955833353,2.6544485542439147
Spider-Man: Brand New Day,AMC Oak Tree 6,ordinary,2026-08-04,2026-08-05,2026-08-07,2026-08-06,2.0,105.0,6.0,0.0,7.0,0.0,0.580110497237569,1.0,1.0,14.0,1.0,0,7,3,9.654495717636072e-05,0.0003786134891134808,0.0010022256091022895,0.9985226159446078,2.9979509125411417
Hadestown: The Musical,AMC Oak Tree 6,ordinary,2026-08-04,2026-08-05,2026-08-07,2026-08-06,3.0,13.0,-0.5666666666666667,0.5666666666666667,7.0,0.0,0.0718232044198895,3.0,0.0,2.0,0.0,0,0,0,0.8812387425761165,0.11481707741300803,0.003893701355404986,5.047865547052651e-05,0.12275591609022958
AMC Scream Unseen: August 3,AMC Oak Tree 6,special_event,2026-08-04,2026-08-05,2026-08-07,2026-08-06,1.0,1.0,,0.0,7.0,,0.0055248618784530384,7.0,0.0,-1.0,0.0,0,0,0,0.9718164648603477,0.02797672249705434,0.0002062372790817564,5.753635162306926e-07,0.028390923145766543
One Night Only,AMC Oak Tree 6,ambiguous_special,2026-08-04,2026-08-05,2026-08-07,2026-08-06,1.0,5.0,,0.0,7.0,,0.027624309392265192,5.0,1.0,8.0,1.0,0,2,2,0.35277260283583267,0.4409924589298796,0.17529644933444044,0.030938488899847374,0.8844008242983026
The Odyssey,AMC Oak Tree 6,ordinary,2026-08-11,2026-08-12,2026-08-14,2026-08-13,5.0,46.0,-0.041666666666666664,0.16363636363636364,7.0,0.0,0.2358974358974359,3.0,0.0,2.0,1.0,0,5,3,0.02587674317867888,0.09193635363157747,0.1908945470843467,0.691292356105397,2.547602516116462
Spider-Man: Brand New Day,AMC Oak Tree 6,ordinary,2026-08-11,2026-08-12,2026-08-14,2026-08-13,3.0,93.0,-0.11428571428571428,0.11428571428571428,7.0,0.0,0.47692307692307695,1.0,1.0,14.0,1.0,0,6,3,0.00028154469956115033,0.0011033130588518282,0.0029149713625454404,0.9957001708790416,2.994033768421067
The End of Oak Street,AMC Oak Tree 6,ordinary,2026-08-11,2026-08-12,2026-08-14,2026-08-13,1.0,4.0,,0.0,7.0,,0.020512820512820513,4.0,1.0,8.0,1.0,0,4,3,0.04645361534661417,0.15300110341776604,0.26912411244415774,0.5314211687914621,2.2855128346804676
AMC Screen Unseen: August 10,AMC Oak Tree 6,special_event,2026-08-11,2026-08-12,2026-08-14,2026-08-13,1.0,1.0,,0.0,7.0,,0.005128205128205128,6.0,0.0,-1.0,0.0,0,0,0,0.9716266549575183,0.028163707059691588,0.0002090507277698275,5.872550202636865e-07,0.028583570280292035
One Night Only,AMC Oak Tree 6,ambiguous_special,2026-08-11,2026-08-12,2026-08-14,2026-08-13,2.0,47.0,8.4,0.0,7.0,0.0,0.24102564102564103,2.0,0.0,2.0,1.0,0,1,1,0.824770189438445,0.1662276385708323,0.00882187036484556,0.00018030162587708674,0.1844122841781547
PAW Patrol: The Dino Movie,AMC Oak Tree 6,ordinary,2026-08-11,2026-08-12,2026-08-14,2026-08-13,1.0,4.0,,0.0,7.0,,0.020512820512820513,5.0,0.0,2.0,1.0,0,2,2,0.03960029041459949,0.13372483066090712,0.24802612883505099,0.5786487500894425,2.3657233385993366
The Odyssey,AMC Oak Tree 6,ordinary,2026-08-18,2026-08-19,2026-08-21,2026-08-20,6.0,28.0,-0.391304347826087,0.4909090909090909,7.0,0.0,0.15217391304347827,4.0,0.0,2.0,1.0,0,4,3,0.05048913395595207,0.16388672219610173,0.27966971868009066,0.5059544251678555,2.241089435059849
Spider-Man: Brand New Day,AMC Oak Tree 6,ordinary,2026-08-18,2026-08-19,2026-08-21,2026-08-20,4.0,55.0,-0.40860215053763443,0.47619047619047616,7.0,0.0,0.29891304347826086,1.0,1.0,8.0,1.0,0,5,3,0.005665982143706299,0.021742248698885854,0.054389767669377045,0.9182020014880308,2.885127788501732
The End of Oak Street,AMC Oak Tree 6,ordinary,2026-08-18,2026-08-19,2026-08-21,2026-08-20,2.0,37.0,8.25,0.0,7.0,0.0,0.20108695652173914,2.0,0.0,2.0,1.0,0,3,3,0.24746718095110115,0.42393011305581174,0.25423198954289605,0.07437071645019111,1.1555062414921773
One Night Only,AMC Oak Tree 6,ambiguous_special,2026-08-18,2026-08-19,2026-08-21,2026-08-20,3.0,22.0,-0.5319148936170213,0.5319148936170213,7.0,0.0,0.11956521739130435,5.0,0.0,1.0,0.0,0,0,0,0.8493900956559503,0.1440970629256182,0.006403613072288511,0.00010922834614306008,0.15723197410862438
AMC Scream Unseen: August 17,AMC Oak Tree 6,special_event,2026-08-18,2026-08-19,2026-08-21,2026-08-20,1.0,1.0,,0.0,7.0,,0.005434782608695652,9.0,0.0,-1.0,0.0,0,0,0,0.9674775263575803,0.032246167950719565,0.00027541506785850293,8.906238416048254e-07,0.03279966995796139
PAW Patrol: The Dino Movie,AMC Oak Tree 6,ordinary,2026-08-18,2026-08-19,2026-08-21,2026-08-20,2.0,29.0,6.25,0.0,7.0,0.0,0.15760869565217392,3.0,0.0,2.0,1.0,0,1,1,0.26180567977291147,0.4295019854076702,0.2428275200270158,0.06586481479240253,1.1127514698389094
Six: The Musical Live!,AMC Oak Tree 6,special_event,2026-08-18,2026-08-19,2026-08-21,2026-08-20,1.0,3.0,,0.0,7.0,,0.016304347826086956,7.0,0.0,1.0,0.0,0,0,0,0.8037321677799761,0.18476695139840113,0.011236914341796087,0.0002639664798266405,0.20803267952147322
Insidious: Out of the Further,AMC Oak Tree 6,ordinary,2026-08-18,2026-08-19,2026-08-21,2026-08-20,1.0,7.0,,0.0,7.0,,0.03804347826086957,6.0,1.0,14.0,1.0,0,2,2,0.013223493059786354,0.04928617915770799,0.11462798145396332,0.8228623463285424,2.7471291810512617
Mutiny,AMC Oak Tree 6,ordinary,2026-08-18,2026-08-19,2026-08-21,2026-08-20,1.0,2.0,,0.0,6.0,,0.010869565217391304,8.0,0.0,2.0,1.0,0,2,2,0.11003763976401741,0.2906876330090984,0.3370449070896847,0.26222982013719953,1.7514669076000664
The Odyssey,AMC Oak Tree 6,ordinary,2026-08-25,2026-08-26,2026-08-28,2026-08-27,7.0,27.0,-0.03571428571428571,0.509090909090909,7.0,0.0,0.14594594594594595,3.0,0.0,2.0,1.0,0,3,3,0.06906255013638105,0.20986199125558744,0.31396059049839853,0.40711486810963293,2.059127776581283
Spider-Man: Brand New Day,AMC Oak Tree 6,ordinary,2026-08-25,2026-08-26,2026-08-28,2026-08-27,5.0,39.0,-0.2909090909090909,0.6285714285714286,7.0,0.0,0.21081081081081082,2.0,0.0,2.0,1.0,0,4,3,0.028767849931256372,0.10111029902822394,0.20484408517260355,0.6652777658679162,2.5066317669771796
The End of Oak Street,AMC Oak Tree 6,ordinary,2026-08-25,2026-08-26,2026-08-28,2026-08-27,3.0,26.0,-0.2972972972972973,0.2972972972972973,7.0,0.0,0.14054054054054055,4.0,0.0,2.0,1.0,0,2,2,0.22486374877675766,0.4125975915423638,0.27225667882102167,0.09028198085985686,1.2279568917639778
The Dog Stars,AMC Oak Tree 6,ordinary,2026-08-25,2026-08-26,2026-08-28,2026-08-27,1.0,4.0,,0.0,7.0,,0.021621621621621623,7.0,1.0,14.0,1.0,0,2,2,0.035381891656465166,0.12134572501195338,0.23277855984457588,0.6104938234870056,2.418384315162122
AMC Scream Unseen: August 24,AMC Oak Tree 6,special_event,2026-08-25,2026-08-26,2026-08-28,2026-08-27,1.0,1.0,,0.0,7.0,,0.005405405405405406,9.0,0.0,-1.0,0.0,0,0,0,0.9668014929439772,0.03291044633170829,0.00028711231241623303,9.484118982671676e-07,0.033487516192235556
PAW Patrol: The Dino Movie,AMC Oak Tree 6,ordinary,2026-08-25,2026-08-26,2026-08-28,2026-08-27,3.0,24.0,-0.1724137931034483,0.1724137931034483,7.0,0.0,0.12972972972972974,5.0,0.0,1.0,0.0,0,0,0,0.29948595163338676,0.4388569922050501,0.2135956265097852,0.04806142965177795,1.0102325341799543
Insidious: Out of the Further,AMC Oak Tree 6,ordinary,2026-08-25,2026-08-26,2026-08-28,2026-08-27,2.0,41.0,4.857142857142857,0.0,7.0,0.0,0.22162162162162163,1.0,1.0,8.0,1.0,0,1,1,0.13518007814243238,0.3287376369801072,0.33185164374886794,0.2042306411285925,1.6051328478636206
Mutiny,AMC Oak Tree 6,ordinary,2026-08-25,2026-08-26,2026-08-28,2026-08-27,2.0,20.0,9.0,0.0,7.0,1.0,0.10810810810810811,6.0,0.0,1.0,1.0,0,1,1,0.5333886984924522,0.38153399715726755,0.07847344103485755,0.0066038633154227025,0.5582924691732507
Coyote vs. Acme,AMC Oak Tree 6,ambiguous_special,2026-08-25,2026-08-26,2026-08-28,2026-08-27,1.0,3.0,,0.0,6.0,,0.016216216216216217,8.0,0.0,2.0,1.0,0,4,3,0.5226441924043017,0.3872089649621174,0.08286608093254648,0.0072807617010344685,0.5747834119303137
The Odyssey,AMC Oak Tree 6,ordinary,2026-08-31,2026-09-01,2026-09-04,2026-09-03,8.0,21.0,-0.2222222222222222,0.6181818181818182,7.0,0.0,0.14482758620689656,4.0,0.0,2.0,1.0,0,2,2,0.1126041045289057,0.29493552058944267,0.33698879615114274,0.25547157873050896,1.735327849083255
Spider-Man: Brand New Day,AMC Oak Tree 6,ordinary,2026-08-31,2026-09-01,2026-09-04,2026-09-03,6.0,21.0,-0.46153846153846156,0.8,7.0,0.0,0.14482758620689656,5.0,0.0,2.0,1.0,0,3,3,0.11073601061186054,0.29185217752841996,0.3370422835357052,0.2603695283240143,1.7470453295718733
The End of Oak Street,AMC Oak Tree 6,ordinary,2026-08-31,2026-09-01,2026-09-04,2026-09-03,4.0,14.0,-0.46153846153846156,0.6216216216216216,7.0,0.0,0.09655172413793103,6.0,0.0,2.0,1.0,0,1,1,0.3351841633294697,0.44156894447885076,0.18747615860390524,0.03577073358777436,0.9238334624499844
The Dog Stars,AMC Oak Tree 6,ordinary,2026-08-31,2026-09-01,2026-09-04,2026-09-03,2.0,32.0,7.0,0.0,7.0,0.0,0.2206896551724138,1.0,1.0,9.0,1.0,0,1,1,0.5015698722861509,0.3976929516495062,0.09194742916415398,0.008789746900188935,0.6079570506783809
AMC Screen Unseen: August 31,AMC Oak Tree 6,special_event,2026-08-31,2026-09-01,2026-09-04,2026-09-03,1.0,1.0,,0.0,7.0,,0.006896551724137931,9.0,0.0,0.0,0.0,0,0,0,0.9651438129060308,0.0345382383860115,0.0003168479225940688,1.1007853636330562e-06,0.035175236587290534
Insidious: Out of the Further,AMC Oak Tree 6,ordinary,2026-08-31,2026-09-01,2026-09-04,2026-09-03,3.0,26.0,-0.36585365853658536,0.36585365853658536,7.0,0.0,0.1793103448275862,2.0,0.0,2.0,0.0,0,0,0,0.3552117690669706,0.4408207863475345,0.1736454896617558,0.030321954923739104,0.8790776304422634
Mutiny,AMC Oak Tree 6,ordinary,2026-08-31,2026-09-01,2026-09-04,2026-09-03,3.0,5.0,-0.75,0.75,7.0,0.0,0.034482758620689655,7.0,0.0,2.0,0.0,0,0,0,0.8607315964801355,0.13375202264128805,0.005431834441350556,8.454643722587112e-05,0.14486933083566675
The Uprising: Early Access Live Q&A with Paul Greengrass and Andrew Garfield,AMC Oak Tree 6,special_event,2026-08-31,2026-09-01,2026-09-04,2026-09-03,1.0,1.0,,0.0,7.0,,0.006896551724137931,10.0,0.0,3.0,0.0,0,0,0,0.9275312573784736,0.07105367321730573,0.0014045130999036095,1.0556304317027895e-05,0.07389436833006403
Coyote vs. Acme,AMC Oak Tree 6,ambiguous_special,2026-08-31,2026-09-01,2026-09-04,2026-09-03,2.0,21.0,6.0,0.0,7.0,1.0,0.14482758620689656,3.0,0.0,2.0,1.0,0,3,3,0.9174535537465149,0.08069575481161678,0.0018348107468913715,1.588069497690969e-05,0.08441301839033026
By Any Means,AMC Oak Tree 6,ordinary,2026-08-31,2026-09-01,2026-09-04,2026-09-03,1.0,3.0,,0.0,7.0,,0.020689655172413793,8.0,1.0,9.0,1.0,0,2,2,0.04943893314328619,0.16108620162416581,0.2770488297490581,0.51242603548349,2.252461967572752
The Odyssey,AMC Oak Tree 6,ordinary,2026-09-08,2026-09-09,2026-09-11,2026-09-10,9.0,21.0,-0.125,0.6181818181818182,7.0,0.0,0.1337579617834395,3.0,0.0,1.0,1.0,0,1,1,0.15226334778782796,0.35042449457433394,0.3238581464893395,0.1734540111484986,1.518502820998509
Spider-Man: Brand New Day,AMC Oak Tree 6,ordinary,2026-09-08,2026-09-09,2026-09-11,2026-09-10,7.0,21.0,-0.125,0.8,7.0,0.0,0.1337579617834395,4.0,0.0,1.0,1.0,0,2,2,0.10200998462238617,0.2768266837975595,0.33634152029719827,0.28482181128285616,1.8039751582405246
The End of Oak Street,AMC Oak Tree 6,ordinary,2026-09-08,2026-09-09,2026-09-11,2026-09-10,5.0,9.0,-0.4,0.7567567567567568,6.0,-1.0,0.05732484076433121,7.0,0.0,1.0,0.0,0,0,0,0.5493927186511323,0.3726902537959846,0.07221892500579363,0.005698102547089557,0.5342224114488405
The Dog Stars,AMC Oak Tree 6,ordinary,2026-09-08,2026-09-09,2026-09-11,2026-09-10,3.0,25.0,-0.24242424242424243,0.24242424242424243,7.0,0.0,0.1592356687898089,2.0,0.0,1.0,0.0,0,0,0,0.40651743851853944,0.43252563536942895,0.14113573669306084,0.019821189418970722,0.7742606770124628
Practical Magic 2,AMC Oak Tree 6,ordinary,2026-09-08,2026-09-09,2026-09-11,2026-09-10,1.0,3.0,,0.0,7.0,,0.01910828025477707,8.0,1.0,8.0,1.0,0,3,3,0.039724808711013894,0.13408417899076233,0.2484485467468519,0.5777424655513719,2.3642086691385815
AMC Screen Unseen: September 7,AMC Oak Tree 6,special_event,2026-09-08,2026-09-09,2026-09-11,2026-09-10,1.0,1.0,,0.0,7.0,,0.006369426751592357,9.0,0.0,-1.0,0.0,0,0,0,0.9655392199910517,0.03415009795168111,0.00030961902424214087,1.063033024999071e-06,0.03477252509924039
Coyote vs. Acme,AMC Oak Tree 6,ambiguous_special,2026-09-08,2026-09-09,2026-09-11,2026-09-10,3.0,20.0,-0.16666666666666666,0.16666666666666666,7.0,0.0,0.12738853503184713,5.0,0.0,1.0,1.0,0,2,2,0.8814337675140949,0.11463562240316907,0.0038803976224756854,5.021246026037917e-05,0.12254705502890158
By Any Means,AMC Oak Tree 6,ordinary,2026-09-08,2026-09-09,2026-09-11,2026-09-10,2.0,37.0,5.166666666666667,0.0,7.0,0.0,0.2356687898089172,1.0,0.0,1.0,1.0,0,1,1,0.4334947094367134,0.42494977231193964,0.12574730486872915,0.015808213382617765,0.7238690221972512
Buddy,AMC Oak Tree 6,ordinary,2026-09-08,2026-09-09,2026-09-11,2026-09-10,2.0,20.0,9.0,0.0,7.0,3.0,0.12738853503184713,6.0,0.0,1.0,1.0,0,1,1,0.5695920173892419,0.36089494634295766,0.06480248212953499,0.004710554138265456,0.504631573016824
The Odyssey,AMC Oak Tree 6,ordinary,2026-09-15,2026-09-16,2026-09-18,2026-09-17,10.0,17.0,-0.2608695652173913,0.6792452830188679,7.0,0.0,0.1440677966101695,5.0,0.0,1.0,0.0,0,0,0,0.3499561280504731,0.44116348636408353,0.17721446186502943,0.031665923720413984,0.8905901812553844
Spider-Man: Brand New Day,AMC Oak Tree 6,ordinary,2026-09-15,2026-09-16,2026-09-18,2026-09-17,8.0,20.0,-0.16666666666666666,0.8095238095238095,7.0,0.0,0.1694915254237288,2.0,0.0,1.0,1.0,0,1,1,0.3754978153402332,0.4385760339768927,0.16028266604054356,0.02564348464233051,0.8360718199849713
Practical Magic 2,AMC Oak Tree 6,ordinary,2026-09-15,2026-09-16,2026-09-18,2026-09-17,2.0,20.0,4.0,0.0,7.0,0.0,0.1694915254237288,1.0,0.0,1.0,1.0,1,,,0.47571897341911495,0.4093003584796225,0.10395917512314357,0.011021492978119062,0.6502831876602667
Coyote vs. Acme,AMC Oak Tree 6,ambiguous_special,2026-09-15,2026-09-16,2026-09-18,2026-09-17,4.0,19.0,-0.17391304347826086,0.20833333333333334,7.0,0.0,0.16101694915254236,3.0,0.0,1.0,1.0,0,1,1,0.9138208884720245,0.08415611269395634,0.0020048111111890293,1.8187722830155364e-05,0.08822029808482487
AMC Screen Unseen: September 13,AMC Oak Tree 6,special_event,2026-09-15,2026-09-16,2026-09-18,2026-09-17,1.0,1.0,,0.0,7.0,,0.00847457627118644,9.0,0.0,-2.0,0.0,0,0,0,0.9924473136311771,0.007538063828241581,1.4611843558073845e-05,1.0697023237134524e-08,0.00756731960642744
AMC Screen Unseen: September 14,AMC Oak Tree 6,special_event,2026-09-15,2026-09-16,2026-09-18,2026-09-17,1.0,1.0,,0.0,7.0,,0.00847457627118644,10.0,0.0,-1.0,0.0,0,0,0,0.9680084366129211,0.03172431346408104,0.0002664029699812652,8.469530165639688e-07,0.032259660263093265
Resident Evil,AMC Oak Tree 6,ordinary,2026-09-15,2026-09-16,2026-09-18,2026-09-17,1.0,3.0,,0.0,7.0,,0.025423728813559324,8.0,1.0,15.0,1.0,0,3,3,0.0486184653564361,0.15888255200827803,0.2749418667464476,0.5175571158888382,2.261437633167688
By Any Means,AMC Oak Tree 6,ordinary,2026-09-15,2026-09-16,2026-09-18,2026-09-17,3.0,12.0,-0.6923076923076923,0.6923076923076923,7.0,0.0,0.1016949152542373,6.0,0.0,1.0,0.0,0,0,0,0.5324125280213539,0.3820584598685126,0.07886603186449964,0.006662980245633919,0.5597794643344136
Buddy,AMC Oak Tree 6,ordinary,2026-09-15,2026-09-16,2026-09-18,2026-09-17,3.0,7.0,-0.6666666666666666,0.6666666666666666,7.0,0.0,0.059322033898305086,7.0,0.0,1.0,0.0,0,0,0,0.9403782594793916,0.058673511623434677,0.0009424806103580489,5.74828681569931e-06,0.06057571770459787
Hope,AMC Oak Tree 6,ordinary,2026-09-15,2026-09-16,2026-09-18,2026-09-17,1.0,18.0,,0.0,6.0,1.0,0.15254237288135594,4.0,0.0,1.0,1.0,0,1,1,0.7050826272280486,0.26650338988500316,0.02731491594303184,0.0010990669439164223,0.3244304226028161
Spider-Man: Brand New Day,AMC Oak Tree 6,ordinary,2026-09-22,2026-09-23,2026-09-25,2026-09-24,9.0,20.0,-0.13043478260869565,0.8095238095238095,7.0,0.0,0.13986013986013987,4.0,0.0,1.0,0.0,0,0,0,0.34914657815786043,0.44120720393113266,0.17776806914573104,0.03187814876527586,0.8923777885184223
Practical Magic 2,AMC Oak Tree 6,ordinary,2026-09-22,2026-09-23,2026-09-25,2026-09-24,3.0,22.0,-0.043478260869565216,0.043478260869565216,7.0,0.0,0.15384615384615385,2.0,0.0,2.0,1.0,1,,,0.4059192810913091,0.4326702102728743,0.14149019961419404,0.01992030902162267,0.7754115365661304
Coyote vs. Acme,AMC Oak Tree 6,ambiguous_special,2026-09-22,2026-09-23,2026-09-25,2026-09-24,5.0,20.0,-0.09090909090909091,0.16666666666666666,7.0,0.0,0.13986013986013987,3.0,0.0,1.0,0.0,0,0,0,0.8397132540419384,0.15284970385148075,0.007302942222000368,0.00013409988458046453,0.16785788794922288
Resident Evil,AMC Oak Tree 6,ordinary,2026-09-22,2026-09-23,2026-09-25,2026-09-24,2.0,29.0,4.8,0.0,7.0,0.0,0.20279720279720279,1.0,1.0,8.0,1.0,1,,,0.09235910531201169,0.2589578896778701,0.3334510025396722,0.315232002470446,1.8715559021685526
Heart of the Beast,AMC Oak Tree 6,ordinary,2026-09-22,2026-09-23,2026-09-25,2026-09-24,1.0,4.0,,0.0,7.0,,0.027972027972027972,8.0,1.0,8.0,1.0,1,,,0.033375454315304594,0.11531547522401832,0.22485199700935143,0.6264570734513256,2.444390689596698
Forgotten Island,AMC Oak Tree 6,ordinary,2026-09-22,2026-09-23,2026-09-25,2026-09-24,1.0,4.0,,0.0,6.0,,0.027972027972027972,7.0,1.0,8.0,1.0,1,,,0.051149620299232826,0.16563649179150597,0.2812751883924849,0.5019386995167764,2.2340029671268047
Avengers Endgame: Encore,AMC Oak Tree 6,ambiguous_special,2026-09-22,2026-09-23,2026-09-25,2026-09-24,1.0,3.0,,0.0,7.0,,0.02097902097902098,9.0,1.0,8.0,1.0,1,,,0.5075668080910994,0.3947994962096731,0.08929944080085486,0.008334254898372627,0.5984011425065007
AMC Screen Unseen: September 21,AMC Oak Tree 6,special_event,2026-09-22,2026-09-23,2026-09-25,2026-09-24,1.0,1.0,,0.0,7.0,,0.006993006993006993,12.0,0.0,-1.0,0.0,0,0,0,0.960628770057336,0.038964170473059175,0.000405460882557997,1.5985870467794715e-06,0.03977988799931551
Hope,AMC Oak Tree 6,ordinary,2026-09-22,2026-09-23,2026-09-25,2026-09-24,2.0,16.0,-0.23809523809523808,0.23809523809523808,6.0,0.0,0.11188811188811189,6.0,0.0,1.0,0.0,0,0,0,0.5588290074716511,0.36726543469788053,0.06868905457977452,0.005216503250693855,0.5202930536095112
Primetime,AMC Oak Tree 6,ordinary,2026-09-22,2026-09-23,2026-09-25,2026-09-24,1.0,3.0,,0.0,7.0,,0.02097902097902098,10.0,1.0,8.0,1.0,1,,,0.05772923462524137,0.1825917591449234,0.29557656601874616,0.46410244021108904,2.166052211815683
The Weight,AMC Oak Tree 6,ordinary,2026-09-22,2026-09-23,2026-09-25,2026-09-24,2.0,20.0,4.0,0.0,7.0,2.0,0.13986013986013987,5.0,0.0,1.0,0.0,0,0,0,0.5130033735620033,0.39211392663404465,0.08694299654437544,0.007939703259576589,0.5898190295015253
Twenty Years of the Met in Cinemas: An Anniversary Celebration,AMC Oak Tree 6,rerelease,2026-09-22,2026-09-23,2026-09-25,2026-09-24,1.0,1.0,,0.0,4.0,,0.006993006993006993,11.0,0.0,-3.0,0.0,0,0,0,0.991713792023069,0.008268597530546313,1.759630295155844e-05,1.4143433154998728e-08,0.008303832566748895
Toy Story 5,AMC Pacific Place 11,ordinary,2026-06-30,2026-07-01,2026-07-03,2026-07-02,1.0,11.0,,0.0,7.0,,0.06077348066298342,4.0,1.0,14.0,1.0,0,5,3,0.03866134991109679,0.13100404720363287,0.24479118663429947,0.585543416250971,2.3772166692251444
Toy Story 5,AMC Pacific Place 11,ordinary_title_only,2026-06-30,2026-07-01,2026-07-03,2026-07-02,1.0,19.0,,0.0,7.0,,0.10497237569060773,2.0,1.0,6.0,1.0,0,1,1,0.6669605141432771,0.29543600403965087,0.03587998005257061,0.0017235017645014655,0.3723664694382965
Supergirl,AMC Pacific Place 11,ordinary_title_only,2026-06-30,2026-07-01,2026-07-03,2026-07-02,1.0,16.0,,0.0,7.0,,0.08839779005524862,3.0,1.0,8.0,1.0,0,1,1,0.5591507951057725,0.3670777694877083,0.06857071253108023,0.005200722875438992,0.5198213631761858
Minions & Monsters,AMC Pacific Place 11,ordinary,2026-06-30,2026-07-01,2026-07-03,2026-07-02,1.0,19.0,,0.0,7.0,,0.10497237569060773,1.0,1.0,14.0,1.0,0,5,3,0.0051379499610967674,0.019756481744257155,0.04968249460319933,0.9254230736914468,2.895390692024996
Supergirl,AMC Pacific Place 11,ordinary,2026-06-30,2026-07-01,2026-07-03,2026-07-02,1.0,9.0,,0.0,7.0,,0.049723756906077346,6.0,1.0,9.0,1.0,0,3,3,0.04436329948559169,0.14722873146076274,0.2631359948187206,0.545271974234925,2.309316643802979
Jackass: Best and Last,AMC Pacific Place 11,ordinary_title_only,2026-06-30,2026-07-01,2026-07-03,2026-07-02,1.0,9.0,,0.0,7.0,,0.049723756906077346,9.0,0.0,0.0,0.0,0,0,0,0.7073744026355039,0.26471259146068293,0.026844724047653316,0.0010682818561598675,0.32160688512446917
Jackass: Best and Last,AMC Pacific Place 11,ordinary,2026-06-30,2026-07-01,2026-07-03,2026-07-02,1.0,9.0,,0.0,7.0,,0.049723756906077346,8.0,1.0,3.0,1.0,0,1,1,0.043267269709096175,0.1441648757454003,0.2598441787203234,0.5527236758251801,2.3220242606615873
AMC,AMC Pacific Place 11,special_event_title_only,2026-06-30,2026-07-01,2026-07-03,2026-07-02,1.0,1.0,,0.0,7.0,,0.0055248618784530384,23.0,0.0,-1.0,0.0,0,0,0,0.9614594597855172,0.038150725119469917,0.00038831769464001,1.4974003729052973e-06,0.03893185270986865
Stop! That! Train!,AMC Pacific Place 11,ordinary_title_only,2026-06-30,2026-07-01,2026-07-03,2026-07-02,1.0,4.0,,0.0,1.0,,0.022099447513812154,19.0,0.0,0.0,0.0,0,0,0,0.9521162649026367,0.04727766468045095,0.0006031523918008655,2.918025111504841e-06,0.048492723539387196
Girls Like Girls,AMC Pacific Place 11,ordinary_title_only,2026-06-30,2026-07-01,2026-07-03,2026-07-02,1.0,8.0,,0.0,5.0,,0.04419889502762431,13.0,0.0,1.0,0.0,0,0,0,0.8791104970638788,0.11679557175601246,0.004040481855448076,5.3449324660679975e-05,0.12503688344089067
Couture,AMC Pacific Place 11,ordinary_title_only,2026-06-30,2026-07-01,2026-07-03,2026-07-02,1.0,6.0,,0.0,1.0,,0.03314917127071823,16.0,0.0,0.0,0.0,0,0,0,0.9607745464142342,0.03882144811004454,0.00040242497265071005,1.5805030705402858e-06,0.039631039564557574
Leviticus,AMC Pacific Place 11,ordinary_title_only,2026-06-30,2026-07-01,2026-07-03,2026-07-02,1.0,10.0,,0.0,5.0,,0.055248618784530384,5.0,0.0,1.0,0.0,0,0,0,0.9411205808537725,0.05795519009520076,0.0009186999329310963,5.529118095662412e-06,0.05980917731534994
Backrooms,AMC Pacific Place 11,ordinary_title_only,2026-06-30,2026-07-01,2026-07-03,2026-07-02,1.0,4.0,,0.0,5.0,,0.022099447513812154,18.0,0.0,2.0,0.0,0,0,0,0.6970849110977194,0.2727084217865813,0.028994627824762073,0.0012120392909372303,0.33433379530891716
Backrooms,AMC Pacific Place 11,ordinary_title_only,2026-06-30,2026-07-01,2026-07-03,2026-07-02,1.0,5.0,,0.0,6.0,,0.027624309392265192,17.0,0.0,1.0,0.0,0,0,0,0.8872861258222798,0.10917862253922499,0.0034925717807881905,4.267985770699157e-05,0.11629180567392235
Obsession,AMC Pacific Place 11,ordinary_title_only,2026-06-30,2026-07-01,2026-07-03,2026-07-02,1.0,9.0,,0.0,7.0,,0.049723756906077346,10.0,0.0,0.0,0.0,0,0,0,0.708177855172653,0.26408344422058205,0.02668104875370001,0.0010576518530649617,0.32061849728717695
Girls Like Girls,AMC Pacific Place 11,ordinary_title_only,2026-06-30,2026-07-01,2026-07-03,2026-07-02,1.0,6.0,,0.0,2.0,,0.03314917127071823,14.0,0.0,2.0,1.0,0,1,1,0.9106489021047716,0.0871709314744777,0.002159780865294859,2.0385555455873312e-05,0.09155164987143503
The Death of Robin Hood,AMC Pacific Place 11,ordinary_title_only,2026-06-30,2026-07-01,2026-07-03,2026-07-02,1.0,2.0,,0.0,5.0,,0.011049723756906077,21.0,0.0,0.0,0.0,0,0,0,0.986229635476895,0.013721528654138416,4.8770362028062946e-05,6.5506938504605e-08,0.013819265899010055
Disclosure Day,AMC Pacific Place 11,ordinary_title_only,2026-06-30,2026-07-01,2026-07-03,2026-07-02,1.0,8.0,,0.0,7.0,,0.04419889502762431,12.0,0.0,0.0,0.0,0,0,0,0.6693036884797456,0.293706000220337,0.03531192671393909,0.0016783845859782815,0.36936500740615
Leviticus,AMC Pacific Place 11,ordinary,2026-06-30,2026-07-01,2026-07-03,2026-07-02,1.0,6.0,,0.0,2.0,,0.03314917127071823,15.0,1.0,3.0,1.0,0,2,2,0.37487215547117164,0.43866639361164356,0.16068490730103874,0.025776543616146133,0.8373658390621594
The Death of Robin Hood,AMC Pacific Place 11,ordinary_title_only,2026-06-30,2026-07-01,2026-07-03,2026-07-02,1.0,2.0,,0.0,1.0,,0.011049723756906077,20.0,0.0,2.0,0.0,0,0,0,0.9915803828368928,0.008401433271432272,1.8169050762892623e-05,1.484091207550024e-08,0.008437815895694284
Disclosure Day,AMC Pacific Place 11,ordinary,2026-06-30,2026-07-01,2026-07-03,2026-07-02,1.0,8.0,,0.0,7.0,,0.04419889502762431,11.0,1.0,3.0,1.0,0,2,2,0.036592319282724474,0.12493890413276376,0.23734488874782533,0.6011238878366865,2.403000345138474
Obsession,AMC Pacific Place 11,ordinary,2026-06-30,2026-07-01,2026-07-03,2026-07-02,1.0,9.0,,0.0,6.0,,0.049723756906077346,7.0,1.0,3.0,1.0,0,4,3,0.08799704959143737,0.25042758211494426,0.3312857881616192,0.3302895801319992,1.9038678988341804
Young Washington,AMC Pacific Place 11,ordinary,2026-06-30,2026-07-01,2026-07-03,2026-07-02,1.0,1.0,,0.0,5.0,,0.0055248618784530384,22.0,1.0,4.0,1.0,0,2,2,0.4607131028528473,0.4153561683339643,0.11138801003079067,0.012542718782397698,0.6757603447427387
Toy Story 5,AMC Pacific Place 11,ordinary,2026-07-07,2026-07-08,2026-07-10,2026-07-09,2.0,31.0,1.8181818181818181,0.0,7.0,0.0,0.11397058823529412,2.0,1.0,9.0,1.0,0,4,3,0.06580321673558616,0.20226120128352715,0.30939498214745853,0.4225405998334281,2.088672965078729
Toy Story 5,AMC Pacific Place 11,ordinary_title_only,2026-07-07,2026-07-08,2026-07-10,2026-07-09,2.0,1.0,-0.9473684210526315,0.9473684210526315,2.0,-5.0,0.003676470588235294,17.0,0.0,-1.0,0.0,0,0,0,0.9738956497761202,0.0259272067216837,0.00017668791527976008,4.555869163401118e-07,0.026281949312992242
Supergirl,AMC Pacific Place 11,ordinary_title_only,2026-07-07,2026-07-08,2026-07-10,2026-07-09,2.0,4.0,-0.75,0.75,4.0,-3.0,0.014705882352941176,13.0,0.0,1.0,0.0,0,0,0,0.9160879922730765,0.08199750239311424,0.0018977829801316948,1.6722353677608176e-05,0.08584323541441044
Minions & Monsters,AMC Pacific Place 11,ordinary,2026-07-07,2026-07-08,2026-07-10,2026-07-09,2.0,55.0,1.894736842105263,0.0,7.0,0.0,0.20220588235294118,1.0,1.0,9.0,1.0,0,4,3,0.004977342155844719,0.019150859017544684,0.04823671842274727,0.9276350804038632,2.898529537074629
Supergirl,AMC Pacific Place 11,ordinary,2026-07-07,2026-07-08,2026-07-10,2026-07-09,2.0,30.0,2.3333333333333335,0.0,7.0,0.0,0.11029411764705882,3.0,1.0,3.0,1.0,0,2,2,0.08598755271617022,0.2463992398486575,0.3300864705755091,0.33752673685966317,1.9191523915786655
Minions & Monsters,AMC Pacific Place 11,ordinary_title_only,2026-07-07,2026-07-08,2026-07-10,2026-07-09,1.0,1.0,,0.0,5.0,1.0,0.003676470588235294,16.0,0.0,1.0,0.0,0,0,0,0.7989126093675475,0.1889637489001385,0.011837031106725042,0.00028661062558895924,0.21349764299035548
Jackass: Best and Last,AMC Pacific Place 11,ordinary,2026-07-07,2026-07-08,2026-07-10,2026-07-09,2.0,27.0,2.0,0.0,7.0,0.0,0.09926470588235294,4.0,0.0,1.0,0.0,0,0,0,0.20774602689568009,0.40173579102563445,0.2857054292176854,0.10481275286100004,1.2875849080440054
Moana,AMC Pacific Place 11,ordinary,2026-07-07,2026-07-08,2026-07-10,2026-07-09,1.0,4.0,,0.0,7.0,,0.014705882352941176,12.0,1.0,9.0,1.0,0,2,2,0.02837062190445094,0.09986190457321173,0.20299404315478553,0.6687734303675518,2.5121702819854383
Evil Dead Burn,AMC Pacific Place 11,ordinary,2026-07-07,2026-07-08,2026-07-10,2026-07-09,1.0,3.0,,0.0,7.0,,0.011029411764705883,14.0,1.0,14.0,1.0,0,3,3,0.028832101207953396,0.10131186721142872,0.20514138672386342,0.6647146448567545,2.505738575229419
The Invite,AMC Pacific Place 11,ordinary,2026-07-07,2026-07-08,2026-07-10,2026-07-09,1.0,3.0,,0.0,7.0,,0.011029411764705883,15.0,1.0,9.0,1.0,0,6,3,0.023313261859969292,0.08362923780285839,0.17754257459312348,0.7155149257440488,2.585259164221252
Girls Like Girls,AMC Pacific Place 11,ordinary_title_only,2026-07-07,2026-07-08,2026-07-10,2026-07-09,2.0,7.0,0.16666666666666666,0.0,1.0,-1.0,0.025735294117647058,10.0,0.0,1.0,0.0,0,0,0,0.9953598999061702,0.004634592932002498,5.5046932639608985e-06,2.4685632993243798e-09,0.004645609724220318
Leviticus,AMC Pacific Place 11,ordinary,2026-07-07,2026-07-08,2026-07-10,2026-07-09,2.0,22.0,2.6666666666666665,0.0,3.0,1.0,0.08088235294117647,7.0,0.0,1.0,1.0,0,1,1,0.6546240588625538,0.3044345087241503,0.038963887590801896,0.001977544822493985,0.38829491837323604
Disclosure Day,AMC Pacific Place 11,ordinary,2026-07-07,2026-07-08,2026-07-10,2026-07-09,2.0,25.0,2.125,0.0,7.0,0.0,0.09191176470588236,6.0,0.0,1.0,1.0,0,1,1,0.2290964146774476,0.4149706444996892,0.2688919980402492,0.08704094278261405,1.2138774689280298
Obsession,AMC Pacific Place 11,ordinary,2026-07-07,2026-07-08,2026-07-10,2026-07-09,2.0,26.0,1.8888888888888888,0.0,7.0,1.0,0.09558823529411764,5.0,1.0,3.0,1.0,0,3,3,0.1982343838102691,0.3947737434202696,0.29299506630625904,0.11399680646320225,1.3227542954223943
Young Washington,AMC Pacific Place 11,ordinary,2026-07-07,2026-07-08,2026-07-10,2026-07-09,2.0,6.0,5.0,0.0,7.0,2.0,0.022058823529411766,11.0,0.0,1.0,1.0,0,1,1,0.9247355314905666,0.07373474247996045,0.001517842020765872,1.188400870703148e-05,0.07680607854761329
I Know Who You Are,AMC Pacific Place 11,ordinary_title_only,2026-07-07,2026-07-08,2026-07-10,2026-07-09,2.0,14.0,3.6666666666666665,0.0,2.0,,0.051470588235294115,8.0,0.0,1.0,0.0,0,0,0,0.9828622122111292,0.017061954492157763,7.570631004236438e-05,1.2698667063386632e-07,0.017213748072254394
Backrooms: Everything Must Go Edition w/ Bonus Footage,AMC Pacific Place 11,ordinary,2026-07-07,2026-07-08,2026-07-10,2026-07-09,1.0,13.0,,0.0,6.0,,0.04779411764705882,9.0,1.0,3.0,1.0,0,2,2,0.3580853567353119,0.44059081025224955,0.17171258087528302,0.02961125213715552,0.8728497284142822
Toy Story 5,AMC Pacific Place 11,ordinary,2026-07-13,2026-07-14,2026-07-17,2026-07-16,3.0,34.0,0.0,0.0,7.0,0.0,0.11038961038961038,2.0,0.0,3.0,1.0,0,3,3,0.11536729053495436,0.2994125240450727,0.33679030943081867,0.24842987598915434,1.718282770874173
Minions & Monsters,AMC Pacific Place 11,ordinary,2026-07-13,2026-07-14,2026-07-17,2026-07-16,3.0,37.0,-0.32727272727272727,0.32727272727272727,7.0,0.0,0.12012987012987013,1.0,0.0,3.0,1.0,0,3,3,0.0222178153971158,0.08002895997143512,0.17153809769633296,0.7262151269351161,2.6017505361694497
Supergirl,AMC Pacific Place 11,ordinary,2026-07-13,2026-07-14,2026-07-17,2026-07-16,3.0,24.0,-0.2,0.2,6.0,-1.0,0.07792207792207792,8.0,0.0,2.0,1.0,0,1,1,0.1992542426525392,0.3955534091325545,0.2922221040209978,0.11297024419390861,1.318908349756276
The Odyssey,AMC Pacific Place 11,ordinary,2026-07-13,2026-07-14,2026-07-17,2026-07-16,1.0,5.0,,0.0,7.0,,0.016233766233766232,15.0,1.0,14.0,1.0,0,12,3,0.009682553520270447,0.036582561360371114,0.08799150027860587,0.8657433848407525,2.8097957164398406
Moana,AMC Pacific Place 11,ordinary,2026-07-13,2026-07-14,2026-07-17,2026-07-16,2.0,30.0,6.5,0.0,7.0,0.0,0.09740259740259741,5.0,0.0,3.0,1.0,0,1,1,0.02079613927259923,0.07531085711043825,0.16346614752819189,0.7404268560887707,2.623523720433134
Evil Dead Burn,AMC Pacific Place 11,ordinary,2026-07-13,2026-07-14,2026-07-17,2026-07-16,2.0,31.0,5.2,0.0,7.0,0.0,0.10064935064935066,4.0,1.0,10.0,1.0,0,2,2,0.08682586352628109,0.2480874221847835,0.3306029082677311,0.3344838060212043,1.9127446567838586
The Invite,AMC Pacific Place 11,ordinary,2026-07-13,2026-07-14,2026-07-17,2026-07-16,2.0,33.0,10.0,0.0,7.0,0.0,0.10714285714285714,3.0,0.0,3.0,1.0,0,5,3,0.19495660363195944,0.39221267855901637,0.295463054131951,0.11736766367707327,1.3352417778541383
Leviticus,AMC Pacific Place 11,ordinary,2026-07-13,2026-07-14,2026-07-17,2026-07-16,3.0,6.0,-0.75,0.75,2.0,-1.0,0.01948051948051948,14.0,0.0,2.0,0.0,0,0,0,0.9355274599994563,0.06335952960760546,0.001105680261994615,7.330130943614312e-06,0.06559288052442554
Disclosure Day,AMC Pacific Place 11,ordinary,2026-07-13,2026-07-14,2026-07-17,2026-07-16,3.0,7.0,-0.7307692307692307,0.7307692307692307,7.0,0.0,0.022727272727272728,12.0,0.0,2.0,0.0,0,0,0,0.8751231633413836,0.12049407906390701,0.00432341000735389,5.9347587355472953e-05,0.1293189418406812
Obsession,AMC Pacific Place 11,ordinary,2026-07-13,2026-07-14,2026-07-17,2026-07-16,3.0,15.0,-0.4827586206896552,0.4827586206896552,6.0,-1.0,0.048701298701298704,10.0,0.0,2.0,1.0,0,2,2,0.29716921536809104,0.43848562855790396,0.21534975882929527,0.04899539724470972,1.0161713379506236
Young Washington,AMC Pacific Place 11,ordinary,2026-07-13,2026-07-14,2026-07-17,2026-07-16,3.0,7.0,0.0,0.0,7.0,0.0,0.022727272727272728,13.0,0.0,2.0,0.0,0,0,0,0.8661096586656937,0.1288144762097852,0.005001487974819509,7.43771497016058e-05,0.13904058360852903
Backrooms: Everything Must Go Edition w/ Bonus Footage,AMC Pacific Place 11,ordinary,2026-07-13,2026-07-14,2026-07-17,2026-07-16,2.0,12.0,-0.14285714285714285,0.14285714285714285,5.0,-1.0,0.03896103896103896,11.0,0.0,2.0,1.0,0,1,1,0.41548038339375465,0.4302348133448185,0.13589354920202804,0.01839125405939883,0.7571956739270711
Maddie's Secret,AMC Pacific Place 11,ordinary,2026-07-13,2026-07-14,2026-07-17,2026-07-16,2.0,25.0,7.333333333333333,0.0,1.0,,0.08116883116883117,6.0,0.0,2.0,1.0,0,1,1,0.860410626825592,0.13404605676079243,0.005458133077084252,8.518333653133335e-05,0.14521787292455493
Crossing,AMC Pacific Place 11,ordinary,2026-07-13,2026-07-14,2026-07-17,2026-07-16,1.0,17.0,,0.0,1.0,,0.05519480519480519,9.0,0.0,2.0,0.0,0,0,0,0.8356986321542255,0.15646048105193983,0.007695346383140684,0.00014554041069403644,0.17228779505030328
Gail Daughtry and the Celebrity Sex Pass,AMC Pacific Place 11,ordinary,2026-07-13,2026-07-14,2026-07-17,2026-07-16,2.0,25.0,7.333333333333333,0.0,5.0,1.0,0.08116883116883117,7.0,0.0,2.0,1.0,0,1,1,0.5194980950635751,0.38882936828259823,0.08418229465562613,0.007490241998200515,0.579664683588452
Toy Story 5,AMC Pacific Place 11,ordinary,2026-07-20,2026-07-21,2026-07-24,2026-07-23,4.0,30.0,-0.16666666666666666,0.16666666666666666,7.0,0.0,0.0949367088607595,6.0,0.0,2.0,1.0,0,2,2,0.13287127273246493,0.3255604796148766,0.3327009477182053,0.20886729993445316,1.6175642748546468
Minions & Monsters,AMC Pacific Place 11,ordinary,2026-07-20,2026-07-21,2026-07-24,2026-07-23,4.0,34.0,-0.08108108108108109,0.38181818181818183,7.0,0.0,0.10759493670886076,3.0,0.0,2.0,1.0,0,2,2,0.08625481685898712,0.2469386495193397,0.3302536543498122,0.33655287927186106,1.9171045960345472
Supergirl,AMC Pacific Place 11,ordinary,2026-07-20,2026-07-21,2026-07-24,2026-07-23,4.0,17.0,-0.37037037037037035,0.43333333333333335,3.0,-3.0,0.05379746835443038,8.0,0.0,2.0,0.0,0,0,0,0.5999210813873824,0.3419510360818259,0.05462362513531673,0.0035042573954749377,0.4617110585388842
The Odyssey,AMC Pacific Place 11,ordinary,2026-07-20,2026-07-21,2026-07-24,2026-07-23,2.0,68.0,8.714285714285714,0.0,7.0,0.0,0.21518987341772153,1.0,1.0,14.0,1.0,0,11,3,0.0031032511073745645,0.012027525077460124,0.030870977445918556,0.9539982463692468,2.9357642190770377
Moana,AMC Pacific Place 11,ordinary,2026-07-20,2026-07-21,2026-07-24,2026-07-23,3.0,31.0,0.0,0.0,7.0,0.0,0.0981012658227848,4.0,0.0,2.0,0.0,0,0,0,0.11380854881031692,0.2968991989961159,0.33691940379631485,0.2523728483972523,1.7278565517805027
Hadestown: The Musical,AMC Pacific Place 11,ordinary,2026-07-20,2026-07-21,2026-07-24,2026-07-23,1.0,4.0,,0.0,7.0,,0.012658227848101266,13.0,1.0,9.0,1.0,0,3,3,0.04274285051202017,0.14268977131500735,0.2582310039252685,0.5563363742477041,2.3281609019086567
Met Summer Encore: The Merry Widow (2026),AMC Pacific Place 11,special_event,2026-07-20,2026-07-21,2026-07-24,2026-07-23,1.0,2.0,,0.0,3.0,,0.006329113924050633,15.0,0.0,2.0,0.0,0,0,0,0.9027792225887226,0.09462334144865424,0.002570803559124037,2.6632403499166556e-05,0.09984484577739981
Evil Dead Burn,AMC Pacific Place 11,ordinary,2026-07-20,2026-07-21,2026-07-24,2026-07-23,3.0,35.0,0.12903225806451613,0.0,7.0,0.0,0.11075949367088607,2.0,0.0,3.0,1.0,0,1,1,0.08541675170139842,0.24524345249242385,0.3297213787997658,0.339618417006412,1.9235414611111914
The Invite,AMC Pacific Place 11,ordinary,2026-07-20,2026-07-21,2026-07-24,2026-07-23,3.0,31.0,-0.06060606060606061,0.06060606060606061,7.0,0.0,0.0981012658227848,5.0,0.0,2.0,1.0,0,4,3,0.1702731735422404,0.3700661754498182,0.3129577855517448,0.14670286545619665,1.4360903429218979
Obsession,AMC Pacific Place 11,ordinary,2026-07-20,2026-07-21,2026-07-24,2026-07-23,4.0,28.0,0.5555555555555556,0.034482758620689655,5.0,-1.0,0.08860759493670886,7.0,0.0,2.0,1.0,0,1,1,0.4728000556170718,0.41051895851802434,0.10537756422700628,0.011303421637897666,0.6551843518857299
Backrooms: Everything Must Go Edition w/ Bonus Footage,AMC Pacific Place 11,ordinary,2026-07-20,2026-07-21,2026-07-24,2026-07-23,3.0,6.0,-0.5384615384615384,0.5714285714285714,4.0,-1.0,0.0189873417721519,12.0,0.0,2.0,0.0,0,0,0,0.9143221761323936,0.08367908916465902,0.001980878425258772,1.785627768856279e-05,0.08769441484824225
AMC Screen Unseen: July 20,AMC Pacific Place 11,special_event,2026-07-20,2026-07-21,2026-07-24,2026-07-23,1.0,1.0,,0.0,7.0,,0.0031645569620253164,16.0,0.0,0.0,0.0,0,0,0,0.9401092563468686,0.058933738224634914,0.0009511762639292376,5.829164567256069e-06,0.06085357824619516
Maddie's Secret,AMC Pacific Place 11,ordinary,2026-07-20,2026-07-21,2026-07-24,2026-07-23,3.0,6.0,-0.7692307692307693,0.7692307692307693,1.0,0.0,0.0189873417721519,10.0,0.0,2.0,0.0,0,0,0,0.9916055914536219,0.008376333719705765,1.806011927974351e-05,1.4707392565531407e-08,0.008412498080442948
Gail Daughtry and the Celebrity Sex Pass,AMC Pacific Place 11,ordinary,2026-07-20,2026-07-21,2026-07-24,2026-07-23,3.0,6.0,-0.7692307692307693,0.7692307692307693,2.0,-3.0,0.0189873417721519,11.0,0.0,2.0,0.0,0,0,0,0.9786562455624671,0.021225756921605124,0.00011775047594398201,2.470399837843627e-07,0.02146199899344444
Her Private Hell,AMC Pacific Place 11,ordinary,2026-07-20,2026-07-21,2026-07-24,2026-07-23,1.0,2.0,,0.0,4.0,,0.006329113924050633,14.0,1.0,9.0,1.0,0,1,1,0.33731773841645185,0.4415625588232403,0.1859733124503151,0.035146390309992726,0.9189483546538486
Oh Sukumari,AMC Pacific Place 11,ordinary,2026-07-20,2026-07-21,2026-07-24,2026-07-23,2.0,15.0,6.5,0.0,2.0,,0.04746835443037975,9.0,0.0,2.0,0.0,0,0,0,0.8592676768740825,0.13509249786845356,0.005552345851144739,8.747940631925085e-05,0.14645962778970079
Toy Story 5,AMC Pacific Place 11,ordinary,2026-07-28,2026-07-29,2026-07-31,2026-07-30,5.0,34.0,-0.02857142857142857,0.05555555555555555,7.0,0.0,0.10658307210031348,4.0,0.0,1.0,1.0,0,1,1,0.09344452935482232,0.26103574480071196,0.3339015160569499,0.3116182097875158,1.8636934062771593
Minions & Monsters,AMC Pacific Place 11,ordinary,2026-07-28,2026-07-29,2026-07-31,2026-07-30,5.0,35.0,-0.10256410256410256,0.36363636363636365,7.0,0.0,0.109717868338558,3.0,0.0,1.0,1.0,0,1,1,0.09552753719708622,0.2649741900863074,0.3346728498584228,0.3048254228581836,1.848796158377704
The Odyssey,AMC Pacific Place 11,ordinary,2026-07-28,2026-07-29,2026-07-31,2026-07-30,3.0,75.0,0.07142857142857142,0.0,7.0,0.0,0.23510971786833856,1.0,1.0,14.0,1.0,0,10,3,0.0018053814137032787,0.007032816160696568,0.01829131118546227,0.9728704912401379,2.962226912252035
Hadestown: The Musical,AMC Pacific Place 11,ordinary,2026-07-28,2026-07-29,2026-07-31,2026-07-30,2.0,49.0,7.166666666666667,0.0,7.0,0.0,0.1536050156739812,2.0,0.0,1.0,1.0,0,2,2,0.090933429498176,0.25620176007257794,0.3328069718962081,0.32005783853303793,1.881989219464108
Spider-Man: Brand New Day,AMC Pacific Place 11,ordinary,2026-07-28,2026-07-29,2026-07-31,2026-07-30,1.0,17.0,,0.0,7.0,,0.05329153605015674,9.0,1.0,14.0,1.0,0,10,3,0.00015469646139605668,0.0006065237539083694,0.0016045563452316332,0.997634223439464,2.9967183067627636
Evil Dead Burn,AMC Pacific Place 11,ordinary,2026-07-28,2026-07-29,2026-07-31,2026-07-30,4.0,7.0,-0.8,0.8,4.0,-3.0,0.0219435736677116,10.0,0.0,1.0,0.0,0,0,0,0.7598335420221302,0.22225944485420016,0.017378601158018356,0.0005284119656513274,0.25860188306719084
The Invite,AMC Pacific Place 11,ordinary,2026-07-28,2026-07-29,2026-07-31,2026-07-30,4.0,28.0,-0.2631578947368421,0.2631578947368421,6.0,-1.0,0.0877742946708464,5.0,0.0,1.0,1.0,0,3,3,0.22391546757869127,0.4120494199083468,0.27300902559508583,0.09102608691787605,1.2311457318521466
Obsession,AMC Pacific Place 11,ordinary,2026-07-28,2026-07-29,2026-07-31,2026-07-30,5.0,23.0,-0.23333333333333334,0.23333333333333334,4.0,-1.0,0.07210031347962383,7.0,0.0,1.0,0.0,0,0,0,0.46083422407318353,0.41530939565896524,0.11132667731952134,0.01252970294832996,0.6755518591429978
Splash City with Berner in-person,AMC Pacific Place 11,ordinary,2026-07-28,2026-07-29,2026-07-31,2026-07-30,1.0,1.0,,0.0,1.0,,0.003134796238244514,12.0,0.0,-1.0,0.0,0,0,0,0.6345841490535667,0.31864509075238073,0.04431592727449335,0.0024548329195591893,0.414641444060045
Her Private Hell,AMC Pacific Place 11,ordinary,2026-07-28,2026-07-29,2026-07-31,2026-07-30,2.0,28.0,8.333333333333334,0.0,7.0,3.0,0.0877742946708464,6.0,0.0,1.0,0.0,0,0,0,0.4647385916543063,0.41378304745245276,0.10936161386793074,0.012116747025310218,0.6688565162642449
AMC Screen Unseen: July 27,AMC Pacific Place 11,special_event,2026-07-28,2026-07-29,2026-07-31,2026-07-30,1.0,1.0,,0.0,7.0,,0.003134796238244514,13.0,0.0,-1.0,0.0,0,0,0,0.9547087995884032,0.04475006542312047,0.0005386766876774408,2.4583007989345378e-06,0.04583479370087215
I Want Your Sex,AMC Pacific Place 11,ordinary,2026-07-28,2026-07-29,2026-07-31,2026-07-30,1.0,2.0,,0.0,4.0,,0.006269592476489028,11.0,1.0,8.0,1.0,0,1,1,0.2763065452838106,0.43396657581259,0.23141908829070534,0.05830779061289404,1.0717281242326828
Motor City,AMC Pacific Place 11,ordinary,2026-07-28,2026-07-29,2026-07-31,2026-07-30,2.0,19.0,8.5,0.0,5.0,2.0,0.05956112852664577,8.0,0.0,1.0,0.0,0,0,0,0.6454147484660975,0.3110288940770135,0.041369951846193236,0.002186405610695775,0.4003280146014873
Toy Story 5,AMC Pacific Place 11,ordinary,2026-08-03,2026-08-04,2026-08-07,2026-08-06,6.0,18.0,-0.5135135135135135,0.5135135135135135,6.0,-1.0,0.061224489795918366,6.0,0.0,2.0,0.0,0,0,0,0.5809163816198706,0.35398890155567864,0.060870393911085695,0.004224322913365061,0.4884026581179452
MET Summer Encore: Aida (2026),AMC Pacific Place 11,special_event,2026-08-03,2026-08-04,2026-08-07,2026-08-06,1.0,2.0,,0.0,3.0,,0.006802721088435374,10.0,0.0,2.0,0.0,0,0,0,0.9233751560584436,0.07503761535646239,0.0015746583990093755,1.2570186084680642e-05,0.07822464271273517
Minions & Monsters,AMC Pacific Place 11,ordinary,2026-08-03,2026-08-04,2026-08-07,2026-08-06,6.0,20.0,-0.48717948717948717,0.6363636363636364,7.0,0.0,0.06802721088435375,5.0,0.0,2.0,0.0,0,0,0,0.17425434352276903,0.37399560111912805,0.3102988199310502,0.1414512354270527,1.4189469472623863
The Odyssey,AMC Pacific Place 11,ordinary,2026-08-03,2026-08-04,2026-08-07,2026-08-06,4.0,57.0,-0.2692307692307692,0.2692307692307692,7.0,0.0,0.19387755102040816,2.0,1.0,10.0,1.0,0,9,3,0.010824622471376923,0.04071816247860089,0.09687307594316907,0.8515841391068532,2.7892167316854986
Hadestown: The Musical,AMC Pacific Place 11,ordinary,2026-08-03,2026-08-04,2026-08-07,2026-08-06,3.0,24.0,-0.5294117647058824,0.5294117647058824,7.0,0.0,0.08163265306122448,3.0,0.0,2.0,1.0,0,1,1,0.20523567695147837,0.399964940764879,0.28764565923938806,0.10715372304425458,1.296717428376419
Spider-Man: Brand New Day,AMC Pacific Place 11,ordinary,2026-08-03,2026-08-04,2026-08-07,2026-08-06,2.0,121.0,4.761904761904762,0.0,7.0,0.0,0.41156462585034015,1.0,1.0,14.0,1.0,0,9,3,2.3595602755619238e-05,9.255967911493348e-05,0.0002451999771007025,0.9996386447410287,2.9994988938564027
The Invite,AMC Pacific Place 11,ordinary,2026-08-03,2026-08-04,2026-08-07,2026-08-06,5.0,22.0,-0.26666666666666666,0.42105263157894735,3.0,-3.0,0.07482993197278912,4.0,0.0,2.0,1.0,0,2,2,0.4409181445052355,0.4225189725624911,0.12171619045116579,0.01484669248110764,0.7104914309081456
Super Troopers 3,AMC Pacific Place 11,ordinary,2026-08-03,2026-08-04,2026-08-07,2026-08-06,1.0,4.0,,0.0,6.0,,0.013605442176870748,9.0,1.0,14.0,1.0,0,2,2,0.0575325524856921,0.1820972324673119,0.29519122351850563,0.46517899152849035,2.1680166540897945
Super Troopers 3: Special Broken Lizard Fan Event,AMC Pacific Place 11,special_event,2026-08-03,2026-08-04,2026-08-07,2026-08-06,1.0,1.0,,0.0,6.0,,0.003401360544217687,12.0,0.0,3.0,0.0,0,0,0,0.896275476007521,0.10075241696186568,0.0029393835022466243,3.2723528366692946e-05,0.106729354551459
I Want Your Sex,AMC Pacific Place 11,ordinary,2026-08-03,2026-08-04,2026-08-07,2026-08-06,2.0,18.0,8.0,0.0,4.0,0.0,0.061224489795918366,7.0,0.0,2.0,0.0,0,0,0,0.6440873116124135,0.3119705346523434,0.04172420873747474,0.0022179449977683336,0.4020727871205979
Sheep in the Box,AMC Pacific Place 11,ordinary,2026-08-03,2026-08-04,2026-08-07,2026-08-06,1.0,2.0,,0.0,2.0,,0.006802721088435374,11.0,1.0,9.0,1.0,0,1,1,0.3386040890894178,0.441550054541412,0.1850705774217019,0.03477527894746835,0.9160170462272209
AMC Scream Unseen: August 3,AMC Pacific Place 11,special_event,2026-08-03,2026-08-04,2026-08-07,2026-08-06,1.0,1.0,,0.0,7.0,,0.003401360544217687,13.0,0.0,0.0,0.0,0,0,0,0.9488311712097206,0.05047498490531091,0.0006902629615080944,3.5809234603893826e-06,0.05186625359870827
One Night Only,AMC Pacific Place 11,ambiguous_special,2026-08-03,2026-08-04,2026-08-07,2026-08-06,1.0,4.0,,0.0,7.0,,0.013605442176870748,8.0,1.0,10.0,1.0,0,2,2,0.27192194407431863,0.4327358171086468,0.2348512707332844,0.060490968083750235,1.0839112628264662
The Odyssey,AMC Pacific Place 11,ordinary,2026-08-10,2026-08-11,2026-08-14,2026-08-13,5.0,53.0,-0.14516129032258066,0.32051282051282054,7.0,0.0,0.17041800643086816,2.0,1.0,14.0,1.0,0,8,3,0.014006028403713063,0.052046798493921215,0.12016668495688532,0.8137804881454804,2.733721632844133
Hadestown: The Musical,AMC Pacific Place 11,ordinary,2026-08-10,2026-08-11,2026-08-14,2026-08-13,4.0,8.0,-0.68,0.8431372549019608,3.0,-4.0,0.02572347266881029,9.0,0.0,2.0,0.0,0,0,0,0.9308151421748984,0.06789845629390974,0.0012772689424565805,9.132588735325556e-06,0.07048039194502888
Spider-Man: Brand New Day,AMC Pacific Place 11,ordinary,2026-08-10,2026-08-11,2026-08-14,2026-08-13,3.0,93.0,-0.2900763358778626,0.2900763358778626,7.0,0.0,0.2990353697749196,1.0,1.0,14.0,1.0,0,8,3,0.00012953340610060695,0.0005079162188456214,0.0013440415818433157,0.9980185087932105,2.997251525762164
The Invite,AMC Pacific Place 11,ordinary,2026-08-10,2026-08-11,2026-08-14,2026-08-13,6.0,6.0,-0.76,0.8421052631578947,1.0,-2.0,0.01929260450160772,10.0,0.0,2.0,1.0,0,1,1,0.8872278374888691,0.10923308572318818,0.003496326147792133,4.2750640150556826e-05,0.11635398993922412
Super Troopers 3,AMC Pacific Place 11,ordinary,2026-08-10,2026-08-11,2026-08-14,2026-08-13,2.0,39.0,8.75,0.0,6.0,0.0,0.12540192926045016,4.0,1.0,8.0,1.0,0,1,1,0.16818120600853387,0.367943408644381,0.3143234625012074,0.14955192284587768,1.445246102184429
PAW Patrol: The Dino Movie,AMC Pacific Place 11,ordinary,2026-08-10,2026-08-11,2026-08-14,2026-08-13,1.0,3.0,,0.0,7.0,,0.00964630225080386,12.0,1.0,13.0,1.0,0,2,2,0.03212033374087654,0.11149571304863878,0.21965810340435019,0.6367258498061344,2.4609894692757424
The End of Oak Street,AMC Pacific Place 11,ordinary,2026-08-10,2026-08-11,2026-08-14,2026-08-13,1.0,4.0,,0.0,7.0,,0.012861736334405145,11.0,1.0,10.0,1.0,0,3,3,0.020840690433678408,0.07545949649095361,0.16372399629654788,0.7399758167788201,2.6228349394205095
Sheep in the Box,AMC Pacific Place 11,ordinary,2026-08-10,2026-08-11,2026-08-14,2026-08-13,2.0,27.0,12.5,0.0,3.0,1.0,0.08681672025723473,5.0,0.0,2.0,0.0,0,0,0,0.8603750710181448,0.13407862426016262,0.005461050619692185,8.525410200037906e-05,0.14525648780554812
AMC Screen Unseen: August 10,AMC Pacific Place 11,special_event,2026-08-10,2026-08-11,2026-08-14,2026-08-13,1.0,1.0,,0.0,7.0,,0.003215434083601286,15.0,0.0,0.0,0.0,0,0,0,0.9432381928076055,0.05590427799835808,0.0008525935840748986,4.935609961563483e-06,0.05762427199639256
Grateful Dead Meet-Up At The Movies 2026,AMC Pacific Place 11,special_event,2026-08-10,2026-08-11,2026-08-14,2026-08-13,1.0,2.0,,0.0,4.0,,0.006430868167202572,14.0,0.0,0.0,0.0,0,0,0,0.9678108339335874,0.031918563680917,0.0002697393523178928,8.630331777524217e-07,0.03246063148508604
One Night Only,AMC Pacific Place 11,ambiguous_special,2026-08-10,2026-08-11,2026-08-14,2026-08-13,2.0,40.0,9.0,0.0,7.0,0.0,0.12861736334405144,3.0,0.0,3.0,1.0,0,1,1,0.679953122650332,0.2857616100005984,0.03280010545747412,0.0014851618915954234,0.3558173065903329
Practical Magic,AMC Pacific Place 11,special_event,2026-08-10,2026-08-11,2026-08-14,2026-08-13,1.0,1.0,,0.0,4.0,,0.003215434083601286,16.0,0.0,1.0,0.0,0,0,0,0.9140099455932916,0.08397622497063549,0.0019957672163130875,1.806221975978949e-05,0.08802194606254103
Splash City,AMC Pacific Place 11,ordinary,2026-08-10,2026-08-11,2026-08-14,2026-08-13,1.0,9.0,,0.0,2.0,,0.028938906752411574,8.0,0.0,2.0,0.0,0,0,0,0.9193147435053571,0.07891968886461169,0.0017507858436951454,1.4781786336033913e-05,0.08246560591101008
The Wrong Girls,AMC Pacific Place 11,ordinary,2026-08-10,2026-08-11,2026-08-14,2026-08-13,1.0,3.0,,0.0,2.0,,0.00964630225080386,13.0,1.0,10.0,1.0,0,2,2,0.13336956060721494,0.3262513332997217,0.3325229832384718,0.20785612285459157,1.61486566834044
Ice Cream Man,AMC Pacific Place 11,ordinary,2026-08-10,2026-08-11,2026-08-14,2026-08-13,2.0,10.0,4.0,0.0,5.0,2.0,0.03215434083601286,7.0,0.0,2.0,0.0,0,0,0,0.7215085033091716,0.2535457841370702,0.024052619321257702,0.0008930932325005213,0.3043303024770872
Cookie Queens,AMC Pacific Place 11,ordinary,2026-08-10,2026-08-11,2026-08-14,2026-08-13,2.0,12.0,11.0,0.0,3.0,1.0,0.03858520900321544,6.0,0.0,2.0,0.0,0,0,0,0.9118970707536957,0.08598535783496063,0.002098071673040313,1.9499738303317795e-05,0.0902400003959512
Six: The Musical Live!,AMC Pacific Place 11,special_event,2026-08-17,2026-08-18,2026-08-21,2026-08-20,2.0,19.0,18.0,0.0,7.0,,0.060897435897435896,9.0,0.0,3.0,1.0,0,1,1,0.9550414567678294,0.04442546490940832,0.0005306751626686789,2.4031600936359626e-06,0.04549402471502658
The Odyssey,AMC Pacific Place 11,ordinary,2026-08-17,2026-08-18,2026-08-21,2026-08-20,6.0,39.0,-0.3157894736842105,0.5,7.0,0.0,0.125,2.0,1.0,14.0,1.0,0,7,3,0.027615598437808482,0.09747848972588265,0.1994200439118755,0.6754858679244333,2.5227761813229335
Spider-Man: Brand New Day,AMC Pacific Place 11,ordinary,2026-08-17,2026-08-18,2026-08-21,2026-08-20,4.0,52.0,-0.45263157894736844,0.6030534351145038,7.0,0.0,0.16666666666666666,1.0,1.0,14.0,1.0,0,7,3,0.0023583784677810296,0.009167171474038534,0.02370812147865697,0.9647663285795235,2.950882400169923
The Invite,AMC Pacific Place 11,ordinary,2026-08-17,2026-08-18,2026-08-21,2026-08-20,7.0,7.0,0.0,0.8157894736842105,1.0,0.0,0.022435897435897436,11.0,0.0,2.0,0.0,0,0,0,0.9926793257432509,0.0073069386893683435,1.3725829943883082e-05,9.737436866866634e-09,0.007334419561566711
Super Troopers 3,AMC Pacific Place 11,ordinary,2026-08-17,2026-08-18,2026-08-21,2026-08-20,3.0,27.0,-0.325,0.325,6.0,0.0,0.08653846153846154,5.0,0.0,2.0,0.0,0,0,0,0.24690124684652856,0.42368540896622864,0.25468359132173335,0.07472975286550942,1.1572418502062236
PAW Patrol: The Dino Movie,AMC Pacific Place 11,ordinary,2026-08-17,2026-08-18,2026-08-21,2026-08-20,2.0,34.0,7.5,0.0,7.0,0.0,0.10897435897435898,3.0,1.0,6.0,1.0,0,1,1,0.16007929557190614,0.35933460729212563,0.31938165013090825,0.16120444700506004,1.4817112485691222
The End of Oak Street,AMC Pacific Place 11,ordinary,2026-08-17,2026-08-18,2026-08-21,2026-08-20,2.0,33.0,7.25,0.0,7.0,0.0,0.10576923076923077,4.0,0.0,3.0,1.0,0,2,2,0.10617550171965406,0.2841292048245477,0.3368805611380289,0.2728147323177693,1.7763345240539135
Insidious: Out of the Further,AMC Pacific Place 11,ordinary,2026-08-17,2026-08-18,2026-08-21,2026-08-20,1.0,4.0,,0.0,7.0,,0.01282051282051282,13.0,1.0,14.0,1.0,0,2,2,0.02204945251007253,0.0794729164332289,0.17059883114365043,0.7278787999130482,2.604306978459674
One Night Only,AMC Pacific Place 11,ambiguous_special,2026-08-17,2026-08-18,2026-08-21,2026-08-20,3.0,22.0,-0.45,0.45,7.0,0.0,0.07051282051282051,6.0,0.0,2.0,0.0,0,0,0,0.7453170369241752,0.23427698108835207,0.019756549692088458,0.0006494322953842918,0.2757383773586819
Mutiny,AMC Pacific Place 11,ordinary,2026-08-17,2026-08-18,2026-08-21,2026-08-20,1.0,3.0,,0.0,6.0,,0.009615384615384616,14.0,1.0,10.0,1.0,0,2,2,0.0506436274795594,0.16429680302377805,0.2800481877228421,0.5050113817738204,2.2394273237909235
The Wrong Girls,AMC Pacific Place 11,ordinary,2026-08-17,2026-08-18,2026-08-21,2026-08-20,2.0,22.0,6.333333333333333,0.0,4.0,2.0,0.07051282051282051,7.0,0.0,3.0,1.0,0,1,1,0.7051823259181114,0.26642560211246996,0.027294358669609126,0.0010977132998095697,0.32430745935111693
AMC Scream Unseen: August 17,AMC Pacific Place 11,special_event,2026-08-17,2026-08-18,2026-08-21,2026-08-20,1.0,1.0,,0.0,7.0,,0.003205128205128205,18.0,0.0,0.0,0.0,0,0,0,0.9350466864136722,0.06382321654354259,0.00112259542008301,7.50162270222822e-06,0.06609091225181529
Tony,AMC Pacific Place 11,ordinary,2026-08-17,2026-08-18,2026-08-21,2026-08-20,1.0,3.0,,0.0,5.0,,0.009615384615384616,15.0,1.0,10.0,1.0,0,3,3,0.04595459290153406,0.1516314586648533,0.26772837792056225,0.5346855705130504,2.291144926045129
Nimrods,AMC Pacific Place 11,ordinary,2026-08-17,2026-08-18,2026-08-21,2026-08-20,2.0,6.0,5.0,0.0,5.0,3.0,0.019230769230769232,12.0,0.0,2.0,0.0,0,0,0,0.9789707045065704,0.020914776560775634,0.00011428277624018624,2.361564137599301e-07,0.021144050582497288
The Rivals of Amziah King,AMC Pacific Place 11,ordinary,2026-08-17,2026-08-18,2026-08-21,2026-08-20,2.0,21.0,20.0,0.0,4.0,2.0,0.0673076923076923,8.0,0.0,2.0,0.0,0,0,0,0.9122072475303276,0.08569058510421694,0.0020828835013641123,1.9283864091391425e-05,0.08991420369921933
Your Name. 10th Anniversary,AMC Pacific Place 11,rerelease,2026-08-17,2026-08-18,2026-08-21,2026-08-20,2.0,17.0,7.5,0.0,4.0,3.0,0.05448717948717949,10.0,0.0,2.0,1.0,0,1,1,0.9724507070443086,0.027351779141143482,0.00019697700241852134,5.368121294141387e-07,0.02774734358236877
The Brink of War,AMC Pacific Place 11,ordinary,2026-08-17,2026-08-18,2026-08-21,2026-08-20,1.0,1.0,,0.0,6.0,3.0,0.003205128205128205,16.0,0.0,-2.0,0.0,0,0,0,0.7302002816087035,0.24657660712171373,0.022426006558266726,0.0007971047113160023,0.29381993437219517
Texas Chainsaw Day (2026),AMC Pacific Place 11,special_event,2026-08-17,2026-08-18,2026-08-21,2026-08-20,1.0,1.0,,0.0,5.0,,0.003205128205128205,17.0,0.0,1.0,0.0,0,0,0,0.9169063723489532,0.08121750423917831,0.0018599091051412439,1.6214306727226e-05,0.08498596536964248
Six: The Musical Live!,AMC Pacific Place 11,special_event,2026-08-24,2026-08-25,2026-08-28,2026-08-27,3.0,6.0,-0.6842105263157895,0.6842105263157895,5.0,-2.0,0.021352313167259787,12.0,0.0,2.0,0.0,0,0,0,0.9698453444909814,0.029917547128363815,0.000236401305314051,7.070753407676347e-07,0.03039247096501422
The Odyssey,AMC Pacific Place 11,ordinary,2026-08-24,2026-08-25,2026-08-28,2026-08-27,7.0,35.0,-0.14634146341463414,0.5512820512820513,7.0,0.0,0.12455516014234876,1.0,1.0,14.0,1.0,0,6,3,0.03996324445562135,0.1347713248944753,0.24925316240004414,0.5760122682498592,2.361314454444141
Spider-Man: Brand New Day,AMC Pacific Place 11,ordinary,2026-08-24,2026-08-25,2026-08-28,2026-08-27,5.0,34.0,-0.3584905660377358,0.7404580152671756,7.0,0.0,0.12099644128113879,2.0,1.0,14.0,1.0,0,6,3,0.014106481750754511,0.052399964024700756,0.12086894584968785,0.8126246083748568,2.732011680848647
PAW Patrol: The Dino Movie,AMC Pacific Place 11,ordinary,2026-08-24,2026-08-25,2026-08-28,2026-08-27,3.0,27.0,-0.25,0.25,7.0,0.0,0.09608540925266904,5.0,0.0,2.0,0.0,0,0,0,0.16943573625062225,0.3692212493036992,0.313507194626282,0.14783581981939656,1.439743098014453
The End of Oak Street,AMC Pacific Place 11,ordinary,2026-08-24,2026-08-25,2026-08-28,2026-08-27,3.0,24.0,-0.2727272727272727,0.2727272727272727,7.0,0.0,0.08540925266903915,7.0,0.0,2.0,1.0,0,1,1,0.1830156641092746,0.38214787547410867,0.30420332312179194,0.13063313729482479,1.3824539336021668
Coyote vs. Acme,AMC Pacific Place 11,ambiguous_special,2026-08-24,2026-08-25,2026-08-28,2026-08-27,1.0,3.0,,0.0,6.0,,0.010676156583629894,16.0,1.0,10.0,1.0,0,5,3,0.36544005374106747,0.4398680228997247,0.16682540932029413,0.027866514038913704,0.8571183836570541
Insidious: Out of the Further,AMC Pacific Place 11,ordinary,2026-08-24,2026-08-25,2026-08-28,2026-08-27,2.0,28.0,6.0,0.0,7.0,0.0,0.099644128113879,4.0,1.0,10.0,1.0,0,1,1,0.11560908552282863,0.2997995855744608,0.336766398074086,0.24782493082862467,1.7168071742085067
Coyote vs. Acme Early Access,AMC Pacific Place 11,special_event,2026-08-24,2026-08-25,2026-08-28,2026-08-27,1.0,1.0,,0.0,5.0,,0.0035587188612099642,19.0,0.0,-1.0,0.0,0,0,0,0.9805447618136335,0.019357337937718894,9.771374440343358e-05,1.865042441913269e-07,0.019553324939258335
Mutiny,AMC Pacific Place 11,ordinary,2026-08-24,2026-08-25,2026-08-28,2026-08-27,2.0,30.0,9.0,0.0,7.0,1.0,0.10676156583629894,3.0,0.0,3.0,1.0,0,1,1,0.3477904674355579,0.4412749535966913,0.17869773916527795,0.032236839802472925,0.895380951334666
The Dog Stars,AMC Pacific Place 11,ordinary,2026-08-24,2026-08-25,2026-08-28,2026-08-27,1.0,5.0,,0.0,7.0,,0.017793594306049824,15.0,1.0,14.0,1.0,0,2,2,0.012414916797373967,0.04641602017252537,0.1087761604126477,0.832392902617453,2.7611470488501797
The Wrong Girls,AMC Pacific Place 11,ordinary,2026-08-24,2026-08-25,2026-08-28,2026-08-27,3.0,6.0,-0.7272727272727273,0.7272727272727273,1.0,-3.0,0.021352313167259787,13.0,0.0,2.0,0.0,0,0,0,0.9327302050876528,0.06605545083677727,0.0012059771275856398,8.366947984280101e-06,0.0684925059359014
Finding Emily,AMC Pacific Place 11,ordinary,2026-08-24,2026-08-25,2026-08-28,2026-08-27,1.0,3.0,,0.0,5.0,,0.010676156583629894,17.0,1.0,10.0,1.0,0,2,2,0.05239701549895519,0.1689170301301252,0.2842191499938179,0.49446680437710167,2.2207557432490663
Tony,AMC Pacific Place 11,ordinary,2026-08-24,2026-08-25,2026-08-28,2026-08-27,2.0,27.0,8.0,0.0,5.0,0.0,0.09608540925266904,6.0,0.0,3.0,1.0,0,2,2,0.45264458519388695,0.41839246040748335,0.11552447781882326,0.013438476579806511,0.6897568457845493
AMC Scream Unseen: August 24,AMC Pacific Place 11,special_event,2026-08-24,2026-08-25,2026-08-28,2026-08-27,1.0,1.0,,0.0,7.0,,0.0035587188612099642,20.0,0.0,0.0,0.0,0,0,0,0.9317791473261123,0.06697099674797649,0.0012411145467680399,8.74137914313898e-06,0.069479449978942
Colony,AMC Pacific Place 11,ordinary,2026-08-24,2026-08-25,2026-08-28,2026-08-27,1.0,1.0,,0.0,2.0,,0.0035587188612099642,18.0,1.0,9.0,1.0,0,1,1,0.38142793091160565,0.4376552358870529,0.1565016168057933,0.02441521639554813,0.823904118685284
Your Name. 10th Anniversary,AMC Pacific Place 11,rerelease,2026-08-24,2026-08-25,2026-08-28,2026-08-27,3.0,8.0,-0.5789473684210527,0.5789473684210527,3.0,-1.0,0.028469750889679714,10.0,0.0,2.0,0.0,0,0,0,0.9853967379945371,0.014548305362016624,5.4878407886294244e-05,7.82355599949548e-08,0.014658296884469199
All Wishes Come True!,AMC Pacific Place 11,ordinary,2026-08-24,2026-08-25,2026-08-28,2026-08-27,1.0,14.0,,0.0,1.0,,0.0498220640569395,9.0,0.0,2.0,1.0,0,1,1,0.8767993531315721,0.11894062320261733,0.004203209357335235,5.681430847533561e-05,0.1275174848427138
Teenage Sex and Death at Camp Miasma,AMC Pacific Place 11,ordinary,2026-08-24,2026-08-25,2026-08-28,2026-08-27,2.0,16.0,7.0,0.0,3.0,,0.05693950177935943,8.0,0.0,2.0,1.0,0,3,3,0.8170852763565885,0.17304060502502552,0.009665961964646004,0.00020815665374003314,0.19299699891553762
Learning to Fly,AMC Pacific Place 11,ordinary,2026-08-24,2026-08-25,2026-08-28,2026-08-27,1.0,6.0,,0.0,1.0,,0.021352313167259787,14.0,0.0,2.0,0.0,0,0,0,0.942127699060891,0.05698011912836332,0.0008869407460646257,5.241064681052275e-06,0.05876972381453573
Paper Flowers,AMC Pacific Place 11,ordinary,2026-08-24,2026-08-25,2026-08-28,2026-08-27,2.0,6.0,5.0,0.0,2.0,1.0,0.021352313167259787,11.0,0.0,2.0,0.0,0,0,0,0.9927404240900815,0.007246069278119569,1.349713710134281e-05,9.494697635630973e-09,0.007273092036415162
The Odyssey,AMC Pacific Place 11,ordinary,2026-08-31,2026-09-01,2026-09-04,2026-09-03,8.0,21.0,-0.4,0.7307692307692307,7.0,0.0,0.07865168539325842,7.0,1.0,10.0,1.0,0,5,3,0.05055495306384459,0.1640614889506955,0.27983117864162316,0.5055523793438368,2.2403809842654523
Spider-Man: Brand New Day,AMC Pacific Place 11,ordinary,2026-08-31,2026-09-01,2026-09-04,2026-09-03,6.0,27.0,-0.22857142857142856,0.7938931297709924,7.0,0.0,0.10112359550561797,3.0,1.0,14.0,1.0,0,5,3,0.03670361221800728,0.12526760557377095,0.23775682625229874,0.600271955955923,2.4015971259461373
The End of Oak Street,AMC Pacific Place 11,ordinary,2026-08-31,2026-09-01,2026-09-04,2026-09-03,4.0,21.0,-0.2222222222222222,0.36363636363636365,7.0,0.0,0.07865168539325842,6.0,0.0,2.0,0.0,0,0,0,0.16360383655335412,0.3631563732258582,0.31722882442526934,0.15601096579551837,1.465646919462952
Coyote vs. Acme,AMC Pacific Place 11,ambiguous_special,2026-08-31,2026-09-01,2026-09-04,2026-09-03,2.0,27.0,5.75,0.0,7.0,1.0,0.10112359550561797,2.0,0.0,3.0,1.0,0,4,3,0.7612104724515384,0.221109348404368,0.017162275083848332,0.0005179040602452719,0.25698761075280047
Insidious: Out of the Further,AMC Pacific Place 11,ordinary,2026-08-31,2026-09-01,2026-09-04,2026-09-03,3.0,25.0,-0.13793103448275862,0.13793103448275862,7.0,0.0,0.09363295880149813,4.0,0.0,3.0,0.0,0,0,0,0.2648803785112459,0.4305441382103614,0.24039562876683138,0.0641798545115613,1.103874959278708
Mutiny,AMC Pacific Place 11,ordinary,2026-08-31,2026-09-01,2026-09-04,2026-09-03,3.0,9.0,-0.7,0.7,7.0,0.0,0.033707865168539325,12.0,0.0,2.0,0.0,0,0,0,0.4272296045194337,0.4268881705077494,0.12921728442284053,0.016664940549976425,0.7353175610033598
The Dog Stars,AMC Pacific Place 11,ordinary,2026-08-31,2026-09-01,2026-09-04,2026-09-03,2.0,28.0,4.6,0.0,7.0,0.0,0.10486891385767791,1.0,1.0,10.0,1.0,0,1,1,0.16764411245168045,0.36739187898590964,0.31467038469078557,0.1502936238716244,1.447613519982354
Finding Emily,AMC Pacific Place 11,ordinary,2026-08-31,2026-09-01,2026-09-04,2026-09-03,2.0,23.0,6.666666666666667,0.0,5.0,0.0,0.08614232209737828,5.0,0.0,3.0,1.0,0,1,1,0.5350694567049624,0.38062688636536934,0.07780049991655484,0.006503157013113375,0.5557373572378191
Tony,AMC Pacific Place 11,ordinary,2026-08-31,2026-09-01,2026-09-04,2026-09-03,3.0,21.0,-0.25,0.25,5.0,0.0,0.07865168539325842,8.0,0.0,2.0,1.0,0,1,1,0.4127183105776915,0.4309654198488628,0.13749520398200266,0.01882106559144306,0.7624190245871973
AMC Screen Unseen: August 31,AMC Pacific Place 11,special_event,2026-08-31,2026-09-01,2026-09-04,2026-09-03,1.0,1.0,,0.0,7.0,,0.003745318352059925,19.0,0.0,0.0,0.0,0,0,0,0.9382810290547148,0.0607011953821448,0.0010113758244084743,6.399738731945867e-06,0.06274314624715759
Colony,AMC Pacific Place 11,ordinary,2026-08-31,2026-09-01,2026-09-04,2026-09-03,2.0,14.0,6.0,0.0,4.0,2.0,0.052434456928838954,10.0,0.0,2.0,0.0,0,0,0,0.7907658928283603,0.19601383742015174,0.012892119450400353,0.00032815030108761917,0.2227825272242153
Dear You,AMC Pacific Place 11,ordinary,2026-08-31,2026-09-01,2026-09-04,2026-09-03,1.0,2.0,,0.0,1.0,,0.00749063670411985,16.0,1.0,9.0,1.0,0,3,3,0.2909666263083109,0.43736597367108215,0.2200776547294609,0.05158974529114612,1.0322905190034422
By Any Means,AMC Pacific Place 11,ordinary,2026-08-31,2026-09-01,2026-09-04,2026-09-03,1.0,4.0,,0.0,7.0,,0.0149812734082397,15.0,1.0,10.0,1.0,0,2,2,0.01954137891862892,0.07110341491822482,0.15607059809901433,0.753284608064132,2.6430984353086493
All Wishes Come True!,AMC Pacific Place 11,ordinary,2026-08-31,2026-09-01,2026-09-04,2026-09-03,2.0,7.0,-0.5333333333333333,0.5333333333333333,1.0,0.0,0.026217228464419477,13.0,0.0,2.0,0.0,0,0,0,0.9516496517409637,0.047732185457330024,0.0006151562278684918,3.0065738377633444e-06,0.0489715176345803
Teenage Sex and Death at Camp Miasma,AMC Pacific Place 11,ordinary,2026-08-31,2026-09-01,2026-09-04,2026-09-03,3.0,16.0,-0.1111111111111111,0.1111111111111111,3.0,0.0,0.0599250936329588,9.0,0.0,2.0,1.0,0,2,2,0.7382310401980903,0.24007028147383455,0.02098293705975203,0.0007157412683231353,0.284183379398308
Onslaught,AMC Pacific Place 11,ordinary,2026-08-31,2026-09-01,2026-09-04,2026-09-03,1.0,1.0,,0.0,5.0,,0.003745318352059925,17.0,1.0,10.0,1.0,0,2,2,0.12904646526746522,0.32016179722133065,0.3339647192432804,0.2168270182679238,1.6385722905116629
The Uprising: Early Access Live Q&A with Paul Greengrass and Andrew Garfield,AMC Pacific Place 11,special_event,2026-08-31,2026-09-01,2026-09-04,2026-09-03,1.0,1.0,,0.0,7.0,,0.003745318352059925,20.0,0.0,3.0,0.0,0,0,0,0.8754229622662283,0.12021637276910722,0.004301776284332367,5.888868033211545e-05,0.1289965913787683
Madame in Saigon,AMC Pacific Place 11,ordinary,2026-08-31,2026-09-01,2026-09-04,2026-09-03,1.0,6.0,,0.0,2.0,,0.02247191011235955,14.0,0.0,2.0,0.0,0,0,0,0.9365073249976538,0.06241406620531279,0.0010716197639527713,6.989033080667838e-06,0.06457827283246033
It Ends,AMC Pacific Place 11,ordinary,2026-08-31,2026-09-01,2026-09-04,2026-09-03,2.0,12.0,11.0,0.0,5.0,,0.0449438202247191,11.0,0.0,2.0,0.0,0,0,0,0.8138330205232589,0.17590983436146349,0.010036291482754627,0.00022085363252298117,0.1966449782245417
Sara Bareilles: Good Grief,AMC Pacific Place 11,special_event,2026-08-31,2026-09-01,2026-09-04,2026-09-03,1.0,1.0,,0.0,3.0,,0.003745318352059925,18.0,0.0,2.0,0.0,0,0,0,0.8435027573009609,0.14943035722882758,0.006942968912788369,0.00012391655742312506,0.1636880447266737
The Odyssey,AMC Pacific Place 11,ordinary,2026-09-08,2026-09-09,2026-09-11,2026-09-10,9.0,21.0,0.0,0.7307692307692307,7.0,0.0,0.07167235494880546,7.0,1.0,16.0,1.0,0,4,3,0.20860352395512374,0.4023299490383617,0.28504033052878797,0.10402619647772662,1.2844891995291174
Spider-Man: Brand New Day,AMC Pacific Place 11,ordinary,2026-09-08,2026-09-09,2026-09-11,2026-09-10,7.0,29.0,0.03571428571428571,0.7786259541984732,7.0,0.0,0.09897610921501707,2.0,1.0,9.0,1.0,0,4,3,0.06876367912235165,0.20917293399447162,0.3135641946456674,0.4084991922375093,2.061798899998334
Coyote vs. Acme,AMC Pacific Place 11,ambiguous_special,2026-09-08,2026-09-09,2026-09-11,2026-09-10,3.0,22.0,-0.21428571428571427,0.21428571428571427,7.0,0.0,0.07508532423208192,6.0,0.0,1.0,1.0,0,3,3,0.7745738922480376,0.20985799688437448,0.01514412680624163,0.0004239840613462506,0.24141820268089648
The Dog Stars,AMC Pacific Place 11,ordinary,2026-09-08,2026-09-09,2026-09-11,2026-09-10,3.0,29.0,0.0,0.0,7.0,0.0,0.09897610921501707,1.0,0.0,2.0,0.0,0,0,0,0.16782225053773484,0.36757510216756667,0.3145554919785805,0.15004715531611806,1.446827552073082
Finding Emily,AMC Pacific Place 11,ordinary,2026-09-08,2026-09-09,2026-09-11,2026-09-10,3.0,6.0,-0.7391304347826086,0.7391304347826086,5.0,0.0,0.020477815699658702,17.0,0.0,1.0,0.0,0,0,0,0.9478905048615377,0.05138938136623137,0.000716325570638073,3.7882015928601622e-06,0.052833397112286094
Tony,AMC Pacific Place 11,ordinary,2026-09-08,2026-09-09,2026-09-11,2026-09-10,4.0,11.0,-0.5,0.6071428571428571,4.0,-1.0,0.03754266211604096,12.0,0.0,1.0,0.0,0,0,0,0.6145370895902016,0.33232900072132915,0.05011030192574704,0.0030236077627222224,0.4416204278609899
Practical Magic 2,AMC Pacific Place 11,ordinary,2026-09-08,2026-09-09,2026-09-11,2026-09-10,1.0,3.0,,0.0,7.0,,0.010238907849829351,18.0,1.0,9.0,1.0,0,3,3,0.019915934566836737,0.07236364483593981,0.1583054274178605,0.749414993179363,2.6372194792097496
Dear You,AMC Pacific Place 11,ordinary,2026-09-08,2026-09-09,2026-09-11,2026-09-10,2.0,26.0,7.666666666666667,0.0,1.0,0.0,0.08873720136518772,5.0,0.0,1.0,1.0,0,2,2,0.9014281123418025,0.09589885399969124,0.0026452079817875173,2.7825676718714782e-05,0.10127274699342241
By Any Means,AMC Pacific Place 11,ordinary,2026-09-08,2026-09-09,2026-09-11,2026-09-10,2.0,27.0,5.75,0.0,7.0,0.0,0.09215017064846416,4.0,0.0,2.0,1.0,0,1,1,0.2014176953692924,0.3971806413884865,0.29057500290860167,0.11082666033361935,1.310810628206548
Hope,AMC Pacific Place 11,ordinary,2026-09-08,2026-09-09,2026-09-11,2026-09-10,1.0,8.0,,0.0,5.0,,0.027303754266211604,16.0,1.0,9.0,1.0,0,3,3,0.04135065018349357,0.138744829260266,0.2538256754243038,0.5660788451319367,2.3446327155046838
Teenage Sex and Death at Camp Miasma,AMC Pacific Place 11,ordinary,2026-09-08,2026-09-09,2026-09-11,2026-09-10,4.0,11.0,-0.35294117647058826,0.3888888888888889,1.0,-2.0,0.03754266211604096,11.0,0.0,1.0,1.0,0,1,1,0.8456287056331553,0.1475074138922721,0.006745423674571333,0.0001184568000012819,0.1613536316414186
Onslaught,AMC Pacific Place 11,ordinary,2026-09-08,2026-09-09,2026-09-11,2026-09-10,2.0,29.0,8.666666666666666,0.0,5.0,0.0,0.09897610921501707,3.0,0.0,2.0,1.0,0,1,1,0.33692602503618474,0.44156507678025536,0.18624870950845898,0.035260188675100904,0.9198430618224761
The Uprising,AMC Pacific Place 11,ordinary,2026-09-08,2026-09-09,2026-09-11,2026-09-10,1.0,3.0,,0.0,6.0,,0.010238907849829351,19.0,1.0,9.0,1.0,0,2,2,0.028143956699639268,0.09914783604193148,0.20192906305113056,0.6707791442072988,2.515343394766089
AMC Screen Unseen: September 7,AMC Pacific Place 11,special_event,2026-09-08,2026-09-09,2026-09-11,2026-09-10,1.0,1.0,,0.0,7.0,,0.0034129692832764505,20.0,0.0,-1.0,0.0,0,0,0,0.9323199964526853,0.06645040861601868,0.0012210678753053785,8.527055990682817e-06,0.06891812553460148
The Sun Never Sets,AMC Pacific Place 11,ordinary,2026-09-08,2026-09-09,2026-09-11,2026-09-10,2.0,12.0,11.0,0.0,3.0,2.0,0.040955631399317405,10.0,0.0,1.0,0.0,0,0,0,0.9205195978984854,0.07776880525282233,0.0016974974663887693,1.4099382303539373e-05,0.08120609833251048
cocoon - One Summer of Girlhood,AMC Pacific Place 11,ordinary,2026-09-08,2026-09-09,2026-09-11,2026-09-10,2.0,9.0,8.0,0.0,2.0,1.0,0.030716723549488054,15.0,0.0,1.0,0.0,0,0,0,0.9876213706112896,0.012339207413468676,3.937450066770938e-05,4.7474573985825985e-08,0.012418098838526051
Akira,AMC Pacific Place 11,ordinary,2026-09-08,2026-09-09,2026-09-11,2026-09-10,2.0,13.0,12.0,0.0,5.0,2.0,0.04436860068259386,9.0,0.0,0.0,1.0,0,1,1,0.65209847656552,0.3062535974908564,0.03961479881697627,0.002033127126647319,0.3915825765047509
Buddy,AMC Pacific Place 11,ordinary,2026-09-08,2026-09-09,2026-09-11,2026-09-10,2.0,9.0,8.0,0.0,7.0,3.0,0.030716723549488054,14.0,0.0,1.0,1.0,0,2,2,0.548719710206064,0.3730712993998452,0.07247511007264504,0.005733880321445736,0.5352231605094724
Fall 2: Deadpoint,AMC Pacific Place 11,ordinary,2026-09-08,2026-09-09,2026-09-11,2026-09-10,1.0,10.0,,0.0,5.0,1.0,0.034129692832764506,13.0,0.0,1.0,0.0,0,0,0,0.7123700566900562,0.26078961816941737,0.025836793680591982,0.0010035314599344926,0.31547379991040486
Dreams in Nightmares,AMC Pacific Place 11,ordinary,2026-09-08,2026-09-09,2026-09-11,2026-09-10,1.0,14.0,,0.0,2.0,,0.04778156996587031,8.0,0.0,1.0,0.0,0,0,0,0.8225724649060093,0.16818072160802225,0.00905884560538464,0.00018796788058379274,0.1868623164605429
The Odyssey,AMC Pacific Place 11,ordinary,2026-09-15,2026-09-16,2026-09-18,2026-09-17,10.0,18.0,-0.14285714285714285,0.7692307692307693,7.0,0.0,0.07792207792207792,8.0,1.0,9.0,1.0,0,3,3,0.4371401517534315,0.4237740073637858,0.12375687554518469,0.01532896533759809,0.7172746544669495
Spider-Man: Brand New Day,AMC Pacific Place 11,ordinary,2026-09-15,2026-09-16,2026-09-18,2026-09-17,8.0,25.0,-0.13793103448275862,0.8091603053435115,7.0,0.0,0.10822510822510822,2.0,0.0,2.0,1.0,0,3,3,0.12285805279459555,0.3110599306574971,0.33559525063443457,0.23048676591347275,1.6737107296667846
Coyote vs. Acme,AMC Pacific Place 11,ambiguous_special,2026-09-15,2026-09-16,2026-09-18,2026-09-17,4.0,19.0,-0.24,0.32142857142857145,7.0,0.0,0.08225108225108226,6.0,0.0,1.0,1.0,1,,,0.829793632449563,0.1617493490306584,0.008293374212230635,0.00016364430754801194,0.17882703037776373
Practical Magic 2,AMC Pacific Place 11,ordinary,2026-09-15,2026-09-16,2026-09-18,2026-09-17,2.0,25.0,5.25,0.0,7.0,0.0,0.10822510822510822,1.0,0.0,2.0,1.0,1,,,0.17851043364712563,0.3780395294012032,0.30737663687302896,0.13607340007864216,1.4010130033831876
Dear You,AMC Pacific Place 11,ordinary,2026-09-15,2026-09-16,2026-09-18,2026-09-17,3.0,19.0,-0.32142857142857145,0.32142857142857145,1.0,0.0,0.08225108225108226,7.0,0.0,1.0,1.0,0,1,1,0.8920866024146191,0.10468546994400332,0.0031907970838004752,3.713055757707229e-05,0.1111784557843355
By Any Means,AMC Pacific Place 11,ordinary,2026-09-15,2026-09-16,2026-09-18,2026-09-17,3.0,20.0,-0.25925925925925924,0.25925925925925924,7.0,0.0,0.08658008658008658,5.0,0.0,1.0,0.0,0,0,0,0.2902136825526365,0.4372174456843051,0.22065461027198457,0.05191426149107386,1.0342694507014958
Hope,AMC Pacific Place 11,ordinary,2026-09-15,2026-09-16,2026-09-18,2026-09-17,2.0,21.0,1.625,0.0,6.0,1.0,0.09090909090909091,4.0,0.0,2.0,1.0,1,,,0.5888886208687714,0.3490061158307269,0.05819694051648839,0.003908322784013384,0.4771249652157438
Teenage Sex and Death at Camp Miasma,AMC Pacific Place 11,ordinary,2026-09-15,2026-09-16,2026-09-18,2026-09-17,5.0,7.0,-0.4166666666666667,0.6111111111111112,1.0,0.0,0.030303030303030304,12.0,0.0,1.0,0.0,0,0,0,0.9206999548647535,0.077596450733013,0.001689595243875641,1.3999158357824306e-05,0.08101763869583775
Onslaught,AMC Pacific Place 11,ordinary,2026-09-15,2026-09-16,2026-09-18,2026-09-17,3.0,6.0,-0.7931034482758621,0.7931034482758621,5.0,0.0,0.025974025974025976,14.0,0.0,1.0,0.0,0,0,0,0.8640405012079919,0.13071655637834562,0.0051647634648593465,7.817894880312362e-05,0.14128062015447368
The Uprising,AMC Pacific Place 11,ordinary,2026-09-15,2026-09-16,2026-09-18,2026-09-17,2.0,22.0,6.333333333333333,0.0,6.0,0.0,0.09523809523809523,3.0,0.0,2.0,1.0,0,1,1,0.5541559462770301,0.36997098037628273,0.07042268443694058,0.0054503889097465555,0.5271675159794035
Resident Evil,AMC Pacific Place 11,ordinary,2026-09-15,2026-09-16,2026-09-18,2026-09-17,1.0,3.0,,0.0,7.0,,0.012987012987012988,16.0,1.0,16.0,1.0,0,3,3,0.027243280182745782,0.0962980642034899,0.19762947781507317,0.6788291777986912,2.52804455322971
The Weight,AMC Pacific Place 11,ordinary,2026-09-15,2026-09-16,2026-09-18,2026-09-17,1.0,1.0,,0.0,5.0,,0.004329004329004329,17.0,1.0,9.0,1.0,0,1,1,0.4893258877829936,0.40336962648319724,0.09751456710050808,0.00978991863330109,0.6277685165841167
AMC Screen Unseen: September 13,AMC Pacific Place 11,special_event,2026-09-15,2026-09-16,2026-09-18,2026-09-17,1.0,1.0,,0.0,7.0,,0.004329004329004329,19.0,0.0,-2.0,0.0,0,0,0,0.9859240262251838,0.014024934455498024,5.0969317752335985e-05,7.000156581524232e-08,0.014127083095700143
AMC Screen Unseen: September 14,AMC Pacific Place 11,special_event,2026-09-15,2026-09-16,2026-09-18,2026-09-17,1.0,1.0,,0.0,7.0,,0.004329004329004329,20.0,0.0,-1.0,0.0,0,0,0,0.9416188716760113,0.057472829104772666,0.0009029139474177663,5.385271798237974e-06,0.059294812815002915
Akira,AMC Pacific Place 11,ordinary,2026-09-15,2026-09-16,2026-09-18,2026-09-17,3.0,8.0,-0.42857142857142855,0.42857142857142855,5.0,0.0,0.03463203463203463,11.0,0.0,1.0,0.0,0,0,0,0.8002025011512395,0.18784240945931757,0.01167467589416482,0.0002804134952781245,0.21203300173348158
Buddy,AMC Pacific Place 11,ordinary,2026-09-15,2026-09-16,2026-09-18,2026-09-17,3.0,8.0,-0.2,0.2,7.0,0.0,0.03463203463203463,10.0,0.0,1.0,1.0,0,1,1,0.6000519826302244,0.3418662370848016,0.0545820963780031,0.0034996839069708565,0.4615294815617204
Mighty Mary,AMC Pacific Place 11,ordinary,2026-09-15,2026-09-16,2026-09-18,2026-09-17,1.0,14.0,,0.0,1.0,,0.06060606060606061,9.0,0.0,1.0,1.0,0,1,1,0.9092130860556534,0.08853353406959404,0.002231940890757801,2.1438983994728442e-05,0.09306173280309382
The Fix,AMC Pacific Place 11,ordinary,2026-09-15,2026-09-16,2026-09-18,2026-09-17,2.0,6.0,5.0,0.0,4.0,1.0,0.025974025974025976,13.0,0.0,1.0,0.0,0,0,0,0.8830007175404411,0.11317677372871288,0.003774398895172071,4.8109835673975585e-05,0.12086990102607895
Don't Move,AMC Pacific Place 11,ordinary,2026-09-15,2026-09-16,2026-09-18,2026-09-17,2.0,6.0,5.0,0.0,3.0,2.0,0.025974025974025976,15.0,0.0,1.0,0.0,0,0,0,0.9458022340119414,0.053417515995209365,0.000775972480179636,4.277512669584841e-06,0.05498229349357739
The Transformers: The Movie 40th Anniversary,AMC Pacific Place 11,special_event,2026-09-15,2026-09-16,2026-09-18,2026-09-17,1.0,1.0,,0.0,4.0,,0.004329004329004329,18.0,1.0,6.0,1.0,1,,,0.6298219263803343,0.32194512590376095,0.045651789328882725,0.002581158387022038,0.4209921797225925
The Odyssey,AMC Pacific Place 11,ordinary,2026-09-21,2026-09-22,2026-09-25,2026-09-24,11.0,17.0,-0.05555555555555555,0.7258064516129032,6.0,-1.0,0.0776255707762557,6.0,1.0,16.0,1.0,1,,,0.45608707661056086,0.41711627335104234,0.11374736031544333,0.013049289722953435,0.6837588631507893
Spider-Man: Brand New Day,AMC Pacific Place 11,ordinary,2026-09-21,2026-09-22,2026-09-25,2026-09-24,9.0,20.0,-0.2,0.8473282442748091,7.0,0.0,0.091324200913242,3.0,0.0,2.0,1.0,1,,,0.235271186851548,0.41822076023330473,0.2639695658789246,0.0825384870362226,1.1937753530998219
Coyote vs. Acme,AMC Pacific Place 11,ambiguous_special,2026-09-21,2026-09-22,2026-09-25,2026-09-24,5.0,17.0,-0.19047619047619047,0.39285714285714285,7.0,0.0,0.0776255707762557,5.0,0.0,2.0,1.0,1,,,0.7845171115861632,0.20138340860993137,0.013736526111445326,0.0003629536924600874,0.22994532191020228
Practical Magic 2,AMC Pacific Place 11,ordinary,2026-09-21,2026-09-22,2026-09-25,2026-09-24,3.0,20.0,-0.2,0.2,7.0,0.0,0.091324200913242,2.0,0.0,2.0,1.0,1,,,0.284396373055939,0.4359759922796054,0.22513321941991057,0.054494415244545055,1.0497256768530616
Dear You,AMC Pacific Place 11,ordinary,2026-09-21,2026-09-22,2026-09-25,2026-09-24,4.0,10.0,-0.5,0.6428571428571429,1.0,0.0,0.045662100456621,9.0,0.0,2.0,0.0,0,0,0,0.8957176889624883,0.1012767988279937,0.0029722244144745,3.328779504353251e-05,0.1073211110420733
Hope,AMC Pacific Place 11,ordinary,2026-09-21,2026-09-22,2026-09-25,2026-09-24,3.0,16.0,-0.2727272727272727,0.2727272727272727,6.0,0.0,0.0730593607305936,7.0,0.0,2.0,1.0,1,,,0.455120519278794,0.41747750767655745,0.11424447868099605,0.013157494363652577,0.6854389481295072
The Uprising,AMC Pacific Place 11,ordinary,2026-09-21,2026-09-22,2026-09-25,2026-09-24,3.0,6.0,-0.7272727272727273,0.7272727272727273,6.0,0.0,0.0273972602739726,11.0,0.0,2.0,0.0,0,0,0,0.9365006323305312,0.062420525824375094,0.0010718505202110917,6.991324882653782e-06,0.06458520083944524
Primetime,AMC Pacific Place 11,ordinary,2026-09-21,2026-09-22,2026-09-25,2026-09-24,1.0,3.0,,0.0,7.0,,0.0136986301369863,19.0,1.0,16.0,1.0,1,,,0.028970510936538577,0.1017457456247198,0.20578000535882474,0.6635037380799169,2.50381697058212
Resident Evil,AMC Pacific Place 11,ordinary,2026-09-21,2026-09-22,2026-09-25,2026-09-24,2.0,35.0,6.0,0.0,7.0,0.0,0.1598173515981735,1.0,1.0,10.0,1.0,1,,,0.03974801282971153,0.1341511059853587,0.24852709583588023,0.5775737853490496,2.363926653704268
The Weight,AMC Pacific Place 11,ordinary,2026-09-21,2026-09-22,2026-09-25,2026-09-24,2.0,18.0,8.0,0.0,7.0,2.0,0.0821917808219178,4.0,0.0,3.0,0.0,0,0,0,0.651398566531813,0.30675630524248215,0.03979637423913397,0.002048753986570854,0.3924953156804627
Heart of the Beast,AMC Pacific Place 11,ordinary,2026-09-21,2026-09-22,2026-09-25,2026-09-24,1.0,4.0,,0.0,7.0,,0.0182648401826484,17.0,1.0,10.0,1.0,1,,,0.018858489107802086,0.06879634788100508,0.15193540584514154,0.7604097571660513,2.653896431069442
Buddy,AMC Pacific Place 11,ordinary,2026-09-21,2026-09-22,2026-09-25,2026-09-24,4.0,6.0,-0.3333333333333333,0.4,5.0,-2.0,0.0273972602739726,13.0,0.0,2.0,0.0,0,0,0,0.6788974226364277,0.2865550668067992,0.03304403411078971,0.0015034764459833626,0.3571535643663287
Mighty Mary,AMC Pacific Place 11,ordinary,2026-09-21,2026-09-22,2026-09-25,2026-09-24,2.0,6.0,-0.625,0.625,1.0,0.0,0.0273972602739726,12.0,0.0,2.0,0.0,0,0,0,0.9904521117982908,0.009524484510608227,2.3382008090205285e-05,2.1683010721170783e-08,0.009571313575820802
Forgotten Island,AMC Pacific Place 11,ordinary,2026-09-21,2026-09-22,2026-09-25,2026-09-24,1.0,4.0,,0.0,6.0,,0.0182648401826484,16.0,1.0,17.0,1.0,1,,,0.021575486906923035,0.07790368613427638,0.16793079704196126,0.7325900299168394,2.6115353699687174
Avengers Endgame: Encore,AMC Pacific Place 11,ambiguous_special,2026-09-21,2026-09-22,2026-09-25,2026-09-24,1.0,3.0,,0.0,7.0,,0.0136986301369863,18.0,1.0,10.0,1.0,1,,,0.2491444694103977,0.42464406294909995,0.2528939819646859,0.07331748567581647,1.1503844839059212
AMC Screen Unseen: September 21,AMC Pacific Place 11,special_event,2026-09-21,2026-09-22,2026-09-25,2026-09-24,1.0,1.0,,0.0,7.0,,0.0045662100456621,21.0,0.0,0.0,0.0,0,0,0,0.9252253422664297,0.07326536096444429,0.0014976533068847223,1.1643462241272421e-05,0.07629559796493755
The Transformers: The Movie 40th Anniversary,AMC Pacific Place 11,special_event,2026-09-21,2026-09-22,2026-09-25,2026-09-24,2.0,14.0,13.0,0.0,5.0,1.0,0.0639269406392694,8.0,0.0,2.0,1.0,1,,,0.9746488807174036,0.025184146676712697,0.0001665558585794914,4.167473041779951e-07,0.025518508635784212
The Musical,AMC Pacific Place 11,ordinary,2026-09-21,2026-09-22,2026-09-25,2026-09-24,2.0,6.0,5.0,0.0,2.0,,0.0273972602739726,15.0,0.0,2.0,0.0,0,0,0,0.9245704063426071,0.07389294774082995,0.001524680042420743,1.1965874142177154e-05,0.07697820544809797
Runner,AMC Pacific Place 11,ordinary,2026-09-21,2026-09-22,2026-09-25,2026-09-24,1.0,6.0,,0.0,6.0,1.0,0.0273972602739726,10.0,0.0,2.0,0.0,0,0,0,0.9079355331247967,0.08974485343288226,0.002297205559563457,2.2407882757597425e-05,0.09440648820028195
If I Go Will They Miss Me,AMC Pacific Place 11,ordinary,2026-09-21,2026-09-22,2026-09-25,2026-09-24,2.0,6.0,5.0,0.0,3.0,2.0,0.0273972602739726,14.0,0.0,2.0,0.0,1,,,0.9251699742743005,0.07331842692720815,0.0014999283161938586,1.1670482297520789e-05,0.07635329500648844
The Paradise (Telugu),AMC Pacific Place 11,ambiguous_limited,2026-09-21,2026-09-22,2026-09-25,2026-09-24,1.0,1.0,,0.0,5.0,,0.0045662100456621,20.0,0.0,2.0,0.0,0,0,0,0.9376907470373635,0.061271437779416446,0.001031223299072827,6.591884147181181e-06,0.06335366003000364
Young Washington,AMC Southcenter 16,ordinary,2026-06-30,2026-07-01,2026-07-03,2026-07-02,1.0,3.0,,0.0,5.0,,0.010238907849829351,22.0,1.0,8.0,1.0,0,4,3,0.04912924752013495,0.16025606249995228,0.2762597452795293,0.5143549447003835,2.2558403871601613
Bleach: Thousand-Year Blood War - The Calamity,AMC Southcenter 16,ordinary_title_only,2026-06-30,2026-07-01,2026-07-03,2026-07-02,1.0,9.0,,0.0,3.0,,0.030716723549488054,11.0,0.0,1.0,0.0,0,0,0,0.9220735270646401,0.07628317147346446,0.0016300493784403495,1.3252083455121953e-05,0.07958302648071053
Toy Story 5,AMC Southcenter 16,ordinary,2026-06-30,2026-07-01,2026-07-03,2026-07-02,1.0,16.0,,0.0,7.0,,0.05460750853242321,4.0,1.0,14.0,1.0,0,6,3,0.017452518351256236,0.06400787499809865,0.14316926799838806,0.7753703386522571,2.676457426951646
Toy Story 5,AMC Southcenter 16,ordinary_title_only,2026-06-30,2026-07-01,2026-07-03,2026-07-02,1.0,29.0,,0.0,7.0,,0.09897610921501707,3.0,0.0,0.0,0.0,0,0,0,0.3556345460957583,0.44078882526970203,0.17336028831560132,0.03021634031893837,0.8781584228577198
"To Wong Foo, Thanks for Everything, Julie Newmar",AMC Southcenter 16,ordinary_title_only,2026-06-30,2026-07-01,2026-07-03,2026-07-02,1.0,2.0,,0.0,2.0,,0.006825938566552901,29.0,0.0,0.0,0.0,0,0,0,0.9905384975878684,0.009438521791005346,2.2959524375729343e-05,2.1096750542060015e-08,0.00948450413000843
"To Wong Foo, Thanks for Everything, Julie Newmar",AMC Southcenter 16,ordinary_title_only,2026-06-30,2026-07-01,2026-07-03,2026-07-02,1.0,1.0,,0.0,2.0,,0.0034129692832764505,32.0,0.0,1.0,0.0,0,0,0,0.9752168493313028,0.02462364479024502,0.00015911689104598962,3.8898740617567564e-07,0.024943045534555525
Talladega Nights: Ballad of Ricky Bobby,AMC Southcenter 16,rerelease_title_only,2026-06-30,2026-07-01,2026-07-03,2026-07-02,1.0,2.0,,0.0,2.0,,0.006825938566552901,28.0,0.0,1.0,0.0,0,0,0,0.9468178876649169,0.052431423745944644,0.0007466541557365434,4.0344334018915905e-06,0.053936835357623406
Supergirl,AMC Southcenter 16,ordinary_title_only,2026-06-30,2026-07-01,2026-07-03,2026-07-02,1.0,33.0,,0.0,7.0,,0.11262798634812286,2.0,1.0,5.0,1.0,0,1,1,0.2857468083070393,0.43627912932566143,0.22409031173330593,0.05388375063399328,1.0461110046942532
Minions & Monsters,AMC Southcenter 16,ordinary,2026-06-30,2026-07-01,2026-07-03,2026-07-02,1.0,51.0,,0.0,7.0,,0.17406143344709898,1.0,1.0,14.0,1.0,0,9,3,1.2403419320363974e-05,4.8657664421042895e-05,0.00012891408324572031,0.9998100248330128,2.999736560329951
Minions & Monsters,AMC Southcenter 16,ordinary_title_only,2026-06-30,2026-07-01,2026-07-03,2026-07-02,1.0,4.0,,0.0,4.0,,0.013651877133105802,21.0,1.0,7.0,1.0,0,1,1,0.9469720986299968,0.05228164926267112,0.0007422537317952932,3.998375536827899e-06,0.05377815185287219
Supergirl,AMC Southcenter 16,ordinary,2026-06-30,2026-07-01,2026-07-03,2026-07-02,1.0,13.0,,0.0,7.0,,0.04436860068259386,5.0,1.0,9.0,1.0,0,1,1,0.04424493239596091,0.14689908589740797,0.2627856201629435,0.5460703615436877,2.3106814108543583
Brasil v Japón - Telemundo presenta la Copa Mundial de la FIFA 2026,AMC Southcenter 16,special_event_title_only,2026-06-30,2026-07-01,2026-07-03,2026-07-02,1.0,1.0,,0.0,1.0,,0.0034129692832764505,35.0,0.0,-1.0,0.0,0,0,0,0.977193105155858,0.022672015658962378,0.000134577036526913,3.021486527103438e-07,0.022942076177974335
Costa de Marfil vs Noruega - Telemundo presenta la Copa Mundial de la FIFA 2026,AMC Southcenter 16,special_event_title_only,2026-06-30,2026-07-01,2026-07-03,2026-07-02,1.0,1.0,,0.0,1.0,,0.0034129692832764505,36.0,0.0,0.0,0.0,0,0,0,0.9721266100486302,0.02767115173336777,0.00020168193231181127,5.56285690204222e-07,0.028076184455062006
Portugal vs Croacia - Telemundo presenta la Copa Mundial de la FIFA 2026,AMC Southcenter 16,special_event_title_only,2026-06-30,2026-07-01,2026-07-03,2026-07-02,1.0,1.0,,0.0,1.0,,0.0034129692832764505,40.0,0.0,2.0,0.0,0,0,0,0.941372467553032,0.057711374037122204,0.0009107023326332048,5.456077212534872e-06,0.05954914693402622
Francia vs Suecia - Telemundo presenta la Copa Mundial de la FIFA 2026,AMC Southcenter 16,special_event_title_only,2026-06-30,2026-07-01,2026-07-03,2026-07-02,1.0,1.0,,0.0,2.0,,0.0034129692832764505,38.0,0.0,0.0,0.0,0,0,0,0.9717696681199123,0.028022824481532878,0.00020692911853455021,5.782800202941123e-07,0.02843841755866286
Inglaterra vs RD del Congo - Telemundo presenta la Copa Mundial de la FIFA 2026,AMC Southcenter 16,special_event_title_only,2026-06-30,2026-07-01,2026-07-03,2026-07-02,1.0,1.0,,0.0,1.0,,0.0034129692832764505,39.0,0.0,1.0,0.0,0,0,0,0.9626365294204904,0.03699743314688123,0.0003646758131137619,1.3616195146209311e-06,0.03773086963165262
Bélgica vs Senegal - Telemundo presenta la Copa Mundial de la FIFA 2026,AMC Southcenter 16,special_event_title_only,2026-06-30,2026-07-01,2026-07-03,2026-07-02,1.0,1.0,,0.0,2.0,,0.0034129692832764505,34.0,0.0,1.0,0.0,0,0,0,0.9727605710302105,0.027046378794219318,0.00019253154528699705,5.186302831666828e-07,0.02743299777564281
Estados Unidos v Bosnia y Herzegovina - Telemundo presenta la Copa Mundial de la FIFA 2026,AMC Southcenter 16,special_event_title_only,2026-06-30,2026-07-01,2026-07-03,2026-07-02,1.0,1.0,,0.0,1.0,,0.0034129692832764505,37.0,0.0,1.0,0.0,0,0,0,0.8014486543432673,0.18675778666541318,0.01151903693899935,0.00027452205232018857,0.21061942670037243
Suiza vs Argelia - Telemundo presenta la Copa Mundial de la FIFA 2026,AMC Southcenter 16,special_event_title_only,2026-06-30,2026-07-01,2026-07-03,2026-07-02,1.0,1.0,,0.0,1.0,,0.0034129692832764505,30.0,0.0,2.0,0.0,0,0,0,0.7876166778809234,0.19872412612975882,0.013313835517819039,0.00034536047149876946,0.2263878785798932
Jackass: Best and Last,AMC Southcenter 16,ordinary,2026-06-30,2026-07-01,2026-07-03,2026-07-02,1.0,6.0,,0.0,7.0,,0.020477815699658702,15.0,0.0,1.0,1.0,0,1,1,0.03910642959538271,0.13229620669594777,0.24633561426169368,0.582261749446976,2.371752683560263
Jackass: Best and Last,AMC Southcenter 16,ordinary_title_only,2026-06-30,2026-07-01,2026-07-03,2026-07-02,1.0,11.0,,0.0,7.0,,0.03754266211604096,7.0,0.0,0.0,0.0,0,0,0,0.5942918902813571,0.3455736350902835,0.05642870911300369,0.0037057655153556993,0.46954834986235794
Disclosure Day,AMC Southcenter 16,ordinary,2026-06-30,2026-07-01,2026-07-03,2026-07-02,1.0,5.0,,0.0,7.0,,0.017064846416382253,16.0,0.0,1.0,1.0,0,5,3,0.04835479465414583,0.1581714243803902,0.2742535055068476,0.5192202754586164,2.2643392617699343
Lucky Strike,AMC Southcenter 16,ordinary_title_only,2026-06-30,2026-07-01,2026-07-03,2026-07-02,1.0,10.0,,0.0,2.0,,0.034129692832764506,10.0,0.0,0.0,0.0,0,0,0,0.9073317070018168,0.09031701655281447,0.002328400101280448,2.28763440883241e-05,0.09504244578764035
Lucky Strike,AMC Southcenter 16,ordinary_title_only,2026-06-30,2026-07-01,2026-07-03,2026-07-02,1.0,5.0,,0.0,1.0,,0.017064846416382253,18.0,0.0,1.0,1.0,0,1,1,0.8503457355942523,0.14322896390826126,0.006318331021353356,0.00010696947613308662,0.15618653437936725
AMC,AMC Southcenter 16,special_event_title_only,2026-06-30,2026-07-01,2026-07-03,2026-07-02,1.0,1.0,,0.0,7.0,,0.0034129692832764505,33.0,0.0,-1.0,0.0,0,0,0,0.9174051454385398,0.08074192064086452,0.001837023906494052,1.5910014101630195e-05,0.08446369849615752
David,AMC Southcenter 16,ordinary_title_only,2026-06-30,2026-07-01,2026-07-03,2026-07-02,1.0,2.0,,0.0,4.0,,0.006825938566552901,27.0,0.0,-1.0,0.0,0,0,0,0.984750704340892,0.015189339829322192,5.986664877969738e-05,8.918100615269957e-08,0.015309340669900045
David,AMC Southcenter 16,ordinary_title_only,2026-06-30,2026-07-01,2026-07-03,2026-07-02,1.0,1.0,,0.0,4.0,,0.0034129692832764505,31.0,0.0,1.0,0.0,0,0,0,0.9795297160049549,0.020361818438876772,0.00010824794066584172,2.1761550252246567e-07,0.02057896716671602
Obsession,AMC Southcenter 16,ordinary_title_only,2026-06-30,2026-07-01,2026-07-03,2026-07-02,1.0,11.0,,0.0,7.0,,0.03754266211604096,8.0,0.0,1.0,0.0,0,0,0,0.7447672257771536,0.2347282246769068,0.019850149091121205,0.00065440045481841,0.2763917242236044
Disclosure Day,AMC Southcenter 16,ordinary_title_only,2026-06-30,2026-07-01,2026-07-03,2026-07-02,1.0,10.0,,0.0,7.0,,0.034129692832764506,9.0,0.0,0.0,0.0,0,0,0,0.6016129947416503,0.3408530564040444,0.054088417800057104,0.0034455310542481983,0.4593664851669032
Backrooms,AMC Southcenter 16,ordinary_title_only,2026-06-30,2026-07-01,2026-07-03,2026-07-02,1.0,8.0,,0.0,6.0,,0.027303754266211604,13.0,0.0,0.0,0.0,0,0,0,0.7328026795901005,0.24447519819970387,0.021952131165717672,0.0007699910444779691,0.2906894336645731
Scary Movie,AMC Southcenter 16,ordinary_title_only,2026-06-30,2026-07-01,2026-07-03,2026-07-02,1.0,9.0,,0.0,3.0,,0.030716723549488054,12.0,0.0,0.0,0.0,0,0,0,0.8489165442784439,0.14452698841182918,0.006446106888282603,0.00011036042144433484,0.1577502834527274
The Death of Robin Hood,AMC Southcenter 16,ordinary_title_only,2026-06-30,2026-07-01,2026-07-03,2026-07-02,1.0,3.0,,0.0,5.0,,0.010238907849829351,24.0,0.0,0.0,0.0,0,0,0,0.8627321443048293,0.131917717111446,0.005269484760680945,8.065382304378688e-05,0.14269864810193925
Masters of the Universe,AMC Southcenter 16,ordinary_title_only,2026-06-30,2026-07-01,2026-07-03,2026-07-02,1.0,3.0,,0.0,4.0,,0.010238907849829351,25.0,0.0,0.0,0.0,0,0,0,0.953007522016864,0.046409160802398326,0.000580563297451897,2.753883285770083e-06,0.04757854904715943
The Furious,AMC Southcenter 16,ordinary_title_only,2026-06-30,2026-07-01,2026-07-03,2026-07-02,1.0,4.0,,0.0,2.0,,0.013651877133105802,19.0,0.0,0.0,0.0,0,0,0,0.9048643765870452,0.09265256932782782,0.0024581918943237754,2.4862190803178433e-05,0.09764353968888491
Leviticus,AMC Southcenter 16,ordinary_title_only,2026-06-30,2026-07-01,2026-07-03,2026-07-02,1.0,12.0,,0.0,5.0,,0.040955631399317405,6.0,0.0,0.0,0.0,0,0,0,0.8301034601066611,0.16147250923366166,0.008261375219628591,0.0001626554400486112,0.17848322599306468
Girls Like Girls,AMC Southcenter 16,ordinary_title_only,2026-06-30,2026-07-01,2026-07-03,2026-07-02,1.0,4.0,,0.0,5.0,,0.013651877133105802,20.0,0.0,0.0,0.0,0,0,0,0.940918242763952,0.058151018317899913,0.0009251506414126719,5.5882767354408005e-06,0.06001808443093158
Welcome To The Jungle,AMC Southcenter 16,ordinary_title_only,2026-06-30,2026-07-01,2026-07-03,2026-07-02,1.0,3.0,,0.0,1.0,,0.010238907849829351,26.0,0.0,0.0,0.0,0,0,0,0.8958023854358484,0.1011971877338848,0.0029672251548602015,3.320167540656057e-05,0.10723124306982489
Backrooms,AMC Southcenter 16,ordinary_title_only,2026-06-30,2026-07-01,2026-07-03,2026-07-02,1.0,3.0,,0.0,5.0,,0.010238907849829351,23.0,0.0,1.0,0.0,0,0,0,0.558041097725778,0.36772420323272254,0.06897938183000309,0.005255317211496331,0.5214489185272178
Obsession,AMC Southcenter 16,ordinary,2026-06-30,2026-07-01,2026-07-03,2026-07-02,1.0,6.0,,0.0,6.0,,0.020477815699658702,14.0,0.0,1.0,1.0,0,4,3,0.09937970855320646,0.2720902574366472,0.3357923106052236,0.2927377234049227,1.8218880488618625
Scary Movie,AMC Southcenter 16,ordinary,2026-06-30,2026-07-01,2026-07-03,2026-07-02,1.0,5.0,,0.0,1.0,,0.017064846416382253,17.0,0.0,1.0,1.0,0,2,2,0.315904507457227,0.44078647641333035,0.20136189731207113,0.04194711881737154,0.9693516274895873
Citizen Kane,AMC Southcenter 16,rerelease_title_only,2026-07-06,2026-07-07,2026-07-10,2026-07-09,1.0,2.0,,0.0,3.0,,0.003316749585406302,22.0,0.0,2.0,0.0,0,0,0,0.948616087387016,0.05068410684557977,0.000696178153889507,3.6276135147505274e-06,0.052087345993903036
Young Washington,AMC Southcenter 16,ordinary,2026-07-06,2026-07-07,2026-07-10,2026-07-09,2.0,35.0,7.75,0.0,7.0,2.0,0.05804311774461028,4.0,0.0,2.0,1.0,0,3,3,0.14213959021577313,0.3379525754730963,0.3289338886146591,0.1909739456964715,1.568742189791829
Toy Story 5,AMC Southcenter 16,ordinary,2026-07-06,2026-07-07,2026-07-10,2026-07-09,2.0,72.0,2.130434782608696,0.0,7.0,0.0,0.11940298507462686,2.0,1.0,9.0,1.0,0,5,3,0.004185962662672068,0.016155587667349258,0.04101600521873486,0.9386424444512439,2.9141149314585504
Supergirl,AMC Southcenter 16,ordinary_title_only,2026-07-06,2026-07-07,2026-07-10,2026-07-09,2.0,3.0,-0.9090909090909091,0.9090909090909091,4.0,-3.0,0.004975124378109453,21.0,0.0,-1.0,0.0,0,0,0,0.5801051029254788,0.3544904236963394,0.06114680698204799,0.004257666396133861,0.48955703684883695
Minions & Monsters,AMC Southcenter 16,ordinary,2026-07-06,2026-07-07,2026-07-10,2026-07-09,2.0,181.0,2.1206896551724137,0.0,7.0,0.0,0.30016583747927034,1.0,1.0,10.0,1.0,0,8,3,1.5666637539094487e-07,6.146197252902436e-07,1.6285867093471403e-06,0.99999760012719,2.9999966721747136
Minions & Monsters,AMC Southcenter 16,ordinary_title_only,2026-07-06,2026-07-07,2026-07-10,2026-07-09,2.0,4.0,0.0,0.0,5.0,1.0,0.006633499170812604,19.0,0.0,1.0,0.0,0,0,0,0.9770028459130639,0.022859995362058367,0.00013684885214612248,3.0987273165387096e-07,0.023134622684545574
Supergirl,AMC Southcenter 16,ordinary,2026-07-06,2026-07-07,2026-07-10,2026-07-09,2.0,52.0,1.6,0.0,7.0,0.0,0.08623548922056384,3.0,0.0,3.0,0.0,0,0,0,0.012177781697449838,0.04557085071981319,0.10703470336347572,0.8352166642192613,2.7652902501045484
Estados Unidos vs Bélgica - Octavos de Final - Telemundo presenta la Copa Mundial de la FIFA 2026,AMC Southcenter 16,special_event_title_only,2026-07-06,2026-07-07,2026-07-10,2026-07-09,1.0,1.0,,0.0,1.0,,0.001658374792703151,30.0,0.0,0.0,0.0,0,0,0,0.8531952823971131,0.14063651408962657,0.006067768644769274,0.0001004348684911003,0.15307335598463842
Marruecos vs Francia - Cuartos de Final - Telemundo presenta la Copa Mundial de la FIFA 2026,AMC Southcenter 16,special_event_title_only,2026-07-06,2026-07-07,2026-07-10,2026-07-09,1.0,1.0,,0.0,2.0,,0.001658374792703151,33.0,0.0,3.0,0.0,0,0,0,0.9483378724401558,0.050954570654274174,0.0007038682804264522,3.6886251436025686e-06,0.05237337309055789
Colombia vs Ghana - Telemundo presenta la Copa Mundial de la FIFA 2026,AMC Southcenter 16,special_event_title_only,2026-07-06,2026-07-07,2026-07-10,2026-07-09,1.0,1.0,,0.0,1.0,,0.001658374792703151,26.0,0.0,-3.0,0.0,0,0,0,0.8504178315241555,0.14316344534242553,0.006311922685806847,0.0001068004476120996,0.15610769205687552
España vs Portugal - Octavos de Final - Telemundo presenta la Copa Mundial de la FIFA 2026,AMC Southcenter 16,special_event_title_only,2026-07-06,2026-07-07,2026-07-10,2026-07-09,1.0,1.0,,0.0,2.0,,0.001658374792703151,29.0,0.0,0.0,0.0,0,0,0,0.9790195613364214,0.02086645544608108,0.00011374872245915842,2.344950383315753e-07,0.021094656376114393
Suiza vs Colombia - Octavos de Final - Telemundo presenta la Copa Mundial de la FIFA 2026,AMC Southcenter 16,special_event_title_only,2026-07-06,2026-07-07,2026-07-10,2026-07-09,1.0,1.0,,0.0,2.0,,0.001658374792703151,32.0,0.0,1.0,0.0,0,0,0,0.97180827186208,0.0279847939459712,0.00020635831854288949,5.758734059441347e-07,0.028399238203274814
Argentina vs Egipto - Octavos de Final - Telemundo presenta la Copa Mundial de la FIFA 2026,AMC Southcenter 16,special_event_title_only,2026-07-06,2026-07-07,2026-07-10,2026-07-09,1.0,1.0,,0.0,1.0,,0.001658374792703151,31.0,0.0,1.0,0.0,0,0,0,0.9708214865988753,0.028956672576020585,0.00022120127387077347,6.395512332939989e-07,0.029400993777462015
Australia vs Egipto - Telemundo presenta la Copa Mundial de la FIFA 2026,AMC Southcenter 16,special_event_title_only,2026-07-06,2026-07-07,2026-07-10,2026-07-09,1.0,1.0,,0.0,1.0,,0.001658374792703151,24.0,0.0,-3.0,0.0,0,0,0,0.9778070550300308,0.02206528920614193,0.00012737765232856023,2.781114986609091e-07,0.022320878845295034
Paraguay vs Francia - Octavos de Final - Telemundo presenta la Copa Mundial de la FIFA 2026,AMC Southcenter 16,special_event_title_only,2026-07-06,2026-07-07,2026-07-10,2026-07-09,1.0,1.0,,0.0,2.0,,0.001658374792703151,28.0,0.0,-2.0,0.0,0,0,0,0.9711991502503948,0.02858477657909081,0.00021545852512850096,6.146453858622397e-07,0.0290175375655054
Octavos de Final - Telemundo presenta la Copa Mundial de la FIFA 2026,AMC Southcenter 16,special_event_title_only,2026-07-06,2026-07-07,2026-07-10,2026-07-09,1.0,1.0,,0.0,1.0,,0.001658374792703151,36.0,0.0,-2.0,0.0,0,0,0,0.954613919330975,0.04484263630424817,0.0005409701797218083,2.474185055078682e-06,0.04593199921885702
Brasil vs Noruega - Octavos de Final - Telemundo presenta la Copa Mundial de la FIFA 2026,AMC Southcenter 16,special_event_title_only,2026-07-06,2026-07-07,2026-07-10,2026-07-09,1.0,1.0,,0.0,2.0,,0.001658374792703151,27.0,0.0,-1.0,0.0,0,0,0,0.9679952308079621,0.031737295891073845,0.00026662527970188865,8.480212621387901e-07,0.03227309051426404
Argentina vs Cabo Verde - Telemundo presenta la Copa Mundial de la FIFA 2026,AMC Southcenter 16,special_event_title_only,2026-07-06,2026-07-07,2026-07-10,2026-07-09,1.0,1.0,,0.0,2.0,,0.001658374792703151,25.0,0.0,-3.0,0.0,0,0,0,0.9785628126699178,0.02131814605681988,0.00011879093551878,2.503377434950278e-07,0.021556478941087923
MOANA,AMC Southcenter 16,special_event_title_only,2026-07-06,2026-07-07,2026-07-10,2026-07-09,1.0,1.0,,0.0,2.0,,0.001658374792703151,34.0,0.0,3.0,0.0,0,0,0,0.8692559806846941,0.1259164807039403,0.004758685263553161,6.885334781242875e-05,0.1356404112744839
Jackass: Best and Last,AMC Southcenter 16,ordinary,2026-07-06,2026-07-07,2026-07-10,2026-07-09,2.0,34.0,1.8333333333333333,0.0,7.0,0.0,0.05638474295190713,5.0,0.0,2.0,0.0,0,0,0,0.07517983489661263,0.22362250201032344,0.3211541208427637,0.38004354225030024,2.0060613704467514
Moana,AMC Southcenter 16,ordinary,2026-07-06,2026-07-07,2026-07-10,2026-07-09,1.0,8.0,,0.0,7.0,,0.013266998341625208,14.0,1.0,14.0,1.0,0,5,3,0.004908415660275347,0.018890716669766626,0.04761423092011561,0.9285866367498424,2.8998790887595254
Gail Daughtry and the Celebrity Sex Pass,AMC Southcenter 16,ordinary,2026-07-06,2026-07-07,2026-07-10,2026-07-09,1.0,2.0,,0.0,4.0,,0.003316749585406302,23.0,1.0,9.0,1.0,0,1,1,0.21880716395043906,0.40899055594921385,0.27705006441405006,0.09515221568629702,1.248547331836205
Alpha (dir. Rawail),AMC Southcenter 16,ordinary_title_only,2026-07-06,2026-07-07,2026-07-10,2026-07-09,1.0,14.0,,0.0,1.0,,0.02321724709784411,12.0,0.0,2.0,0.0,0,0,0,0.9827938836394929,0.017129673219560253,7.631461463021713e-05,1.285263165924858e-07,0.017282688027770467
Disclosure Day,AMC Southcenter 16,ordinary,2026-07-06,2026-07-07,2026-07-10,2026-07-09,2.0,30.0,2.0,0.0,7.0,0.0,0.04975124378109453,6.0,0.0,2.0,1.0,0,4,3,0.08734358197604064,0.24912451257651214,0.33091026983056065,0.33262163561688657,1.9088099590882932
Lucky Strike,AMC Southcenter 16,ordinary_title_only,2026-07-06,2026-07-07,2026-07-10,2026-07-09,2.0,6.0,0.0,0.0,1.0,0.0,0.009950248756218905,16.0,0.0,2.0,0.0,0,0,0,0.998380745548711,0.0016185853012160043,6.690456878362425e-07,1.0438512462361717e-10,0.0016199237057470505
Evil Dead Burn,AMC Southcenter 16,ordinary,2026-07-06,2026-07-07,2026-07-10,2026-07-09,1.0,5.0,,0.0,7.0,,0.008291873963515755,17.0,1.0,14.0,1.0,0,3,3,0.006998655939006048,0.026717779743799946,0.06596266643472014,0.9003208978824738,2.8596058062606615
Night Nurse,AMC Southcenter 16,ordinary,2026-07-06,2026-07-07,2026-07-10,2026-07-09,1.0,1.0,,0.0,1.0,,0.001658374792703151,35.0,1.0,9.0,1.0,0,1,1,0.4939514081132855,0.4012621251957831,0.09538585911066928,0.009400607580262225,0.6202356661579083
How to Train Your Dragon,AMC Southcenter 16,ordinary_title_only,2026-07-06,2026-07-07,2026-07-10,2026-07-09,1.0,4.0,,0.0,4.0,,0.006633499170812604,18.0,0.0,2.0,0.0,0,0,0,0.9472959908787137,0.051967030501108825,0.0007330552561956359,3.923363981794455e-06,0.05344491110544548
Obsession,AMC Southcenter 16,ordinary,2026-07-06,2026-07-07,2026-07-10,2026-07-09,2.0,30.0,1.7272727272727273,0.0,7.0,1.0,0.04975124378109453,7.0,0.0,2.0,1.0,0,3,3,0.07444410491953353,0.22200165469612468,0.3203778441009557,0.38317639628338607,2.0122865317481944
Scary Movie,AMC Southcenter 16,ordinary,2026-07-06,2026-07-07,2026-07-10,2026-07-09,2.0,20.0,1.2222222222222223,0.0,3.0,2.0,0.03316749585406302,11.0,0.0,2.0,1.0,0,1,1,0.4657911681741436,0.4133654171268094,0.10883583039239002,0.012007584306657037,0.6670598308315606
The Invite,AMC Southcenter 16,ordinary,2026-07-06,2026-07-07,2026-07-10,2026-07-09,1.0,3.0,,0.0,7.0,,0.004975124378109453,20.0,1.0,9.0,1.0,0,4,3,0.011152156152154738,0.04189744758391206,0.09936816688867386,0.8475822293752594,2.783380469487038
Backrooms: Everything Must Go Edition w/ Bonus Footage,AMC Southcenter 16,ordinary,2026-07-06,2026-07-07,2026-07-10,2026-07-09,1.0,24.0,,0.0,6.0,,0.03980099502487562,8.0,0.0,2.0,1.0,0,3,3,0.11068619766680474,0.29176932838625547,0.33704278814243815,0.2605016858045016,1.7473599620846367
Bleach: Thousand-Year Blood War - The Calamity,AMC Southcenter 16,ordinary_title_only,2026-07-06,2026-07-07,2026-07-10,2026-07-09,2.0,22.0,2.6666666666666665,0.0,3.0,1.0,0.03648424543946932,10.0,0.0,2.0,0.0,0,0,0,0.9218524131624076,0.07649465740309065,0.0016395590110299986,1.3370423471720945e-05,0.07981388669556581
Leviticus,AMC Southcenter 16,ordinary,2026-07-06,2026-07-07,2026-07-10,2026-07-09,2.0,23.0,2.2857142857142856,0.0,3.0,1.0,0.03814262023217247,9.0,0.0,2.0,1.0,0,1,1,0.38141426247994886,0.43765749090499906,0.15651026630218196,0.024417980312870142,0.8239319644479735
Masters of the Universe,AMC Southcenter 16,ordinary_title_only,2026-07-06,2026-07-07,2026-07-10,2026-07-09,2.0,10.0,4.0,0.0,4.0,3.0,0.01658374792703151,13.0,0.0,2.0,0.0,0,0,0,0.9831523101726286,0.01677441816341804,7.315107592126582e-05,1.2058803208960198e-07,0.01692108207935684
The Furious,AMC Southcenter 16,ordinary_title_only,2026-07-06,2026-07-07,2026-07-10,2026-07-09,2.0,6.0,2.0,0.0,2.0,,0.009950248756218905,15.0,0.0,2.0,0.0,0,0,0,0.9871815136916824,0.012776198962152232,4.223459015448518e-05,5.2756010893862126e-08,0.012860826410493884
Young Washington,AMC Southcenter 16,ordinary,2026-07-14,2026-07-15,2026-07-17,2026-07-16,3.0,24.0,-0.38461538461538464,0.38461538461538464,7.0,0.0,0.03864734299516908,10.0,0.0,2.0,1.0,0,2,2,0.163032027363094,0.3625444536090443,0.3175832848299374,0.15684023419792428,1.468231725862692
My Neighbor Totoro - Studio Ghibli Fest 2026,AMC Southcenter 16,special_event,2026-07-14,2026-07-15,2026-07-17,2026-07-16,1.0,6.0,,0.0,4.0,,0.00966183574879227,16.0,0.0,1.0,0.0,0,0,0,0.9373119259772832,0.061637290251739064,0.001044066499808253,6.717271169492857e-06,0.06374557506486404
Toy Story 5,AMC Southcenter 16,ordinary,2026-07-14,2026-07-15,2026-07-17,2026-07-16,3.0,65.0,-0.17721518987341772,0.17721518987341772,7.0,0.0,0.10466988727858294,3.0,0.0,2.0,1.0,0,4,3,0.005380723425086997,0.020670495210073973,0.05185548797445861,0.9220932933903805,2.8906613513301322
Minions & Monsters,AMC Southcenter 16,ordinary,2026-07-14,2026-07-15,2026-07-17,2026-07-16,3.0,110.0,-0.3956043956043956,0.3956043956043956,7.0,0.0,0.17713365539452497,2.0,0.0,2.0,1.0,0,7,3,4.558967619411496e-05,0.00017882152787098893,0.0004736080987938959,0.999301980697141,2.999031979816882
Inglaterra vs Argentina - Semifinales - Telemundo presenta la Copa Mundial de la FIFA 2026,AMC Southcenter 16,special_event,2026-07-14,2026-07-15,2026-07-17,2026-07-16,1.0,1.0,,0.0,2.0,,0.001610305958132045,22.0,0.0,1.0,0.0,0,0,0,0.9728239701569523,0.026983886525773257,0.0001916283549523073,5.149623221133518e-07,0.027368688122644213
Francia vs España - Semifinales - Telemundo presenta la Copa Mundial de la FIFA 2026,AMC Southcenter 16,special_event_title_only,2026-07-14,2026-07-15,2026-07-17,2026-07-16,1.0,1.0,,0.0,2.0,,0.001610305958132045,21.0,0.0,0.0,0.0,0,0,0,0.9880307308969679,0.011932422721598146,3.680349201707549e-05,4.288941686549579e-08,0.012006158373882893
Cuartos de Final - Telemundo presenta la Copa Mundial de la FIFA 2026,AMC Southcenter 16,special_event_title_only,2026-07-14,2026-07-15,2026-07-17,2026-07-16,1.0,1.0,,0.0,2.0,,0.001610305958132045,18.0,0.0,-4.0,0.0,0,0,0,0.9897648968915093,0.010208195309147584,2.6881058784203656e-05,2.6740558952451553e-08,0.010262037648392848
Argentina vs Suiza - Cuartos de Final - Telemundo presenta la Copa Mundial de la FIFA 2026,AMC Southcenter 16,special_event_title_only,2026-07-14,2026-07-15,2026-07-17,2026-07-16,1.0,1.0,,0.0,1.0,,0.001610305958132045,20.0,0.0,-3.0,0.0,0,0,0,0.9074391658446155,0.09021520940170975,0.0023228322765640394,2.279247711072704e-05,0.09492925138617002
Noruega vs Inglaterra - Cuartos de Final - Telemundo presenta la Copa Mundial de la FIFA 2026,AMC Southcenter 16,special_event_title_only,2026-07-14,2026-07-15,2026-07-17,2026-07-16,1.0,1.0,,0.0,2.0,,0.001610305958132045,19.0,0.0,-3.0,0.0,0,0,0,0.9874553418235036,0.012504166556454751,4.044219579810501e-05,4.942424355915662e-08,0.012585199220781638
The Odyssey,AMC Southcenter 16,ordinary,2026-07-14,2026-07-15,2026-07-17,2026-07-16,1.0,15.0,,0.0,7.0,,0.024154589371980676,11.0,1.0,14.0,1.0,0,12,3,0.0003362627248457611,0.0013174585439095147,0.0034787730774139855,0.9948675056538306,2.9928775216602297
Moana,AMC Southcenter 16,ordinary,2026-07-14,2026-07-15,2026-07-17,2026-07-16,2.0,135.0,10.25,0.0,7.0,0.0,0.21739130434782608,1.0,1.0,8.0,1.0,0,4,3,1.1043816512921887e-05,4.332427777557112e-05,0.0001147853796070948,0.9998308465261044,2.999765434615303
Gail Daughtry and the Celebrity Sex Pass,AMC Southcenter 16,ordinary,2026-07-14,2026-07-15,2026-07-17,2026-07-16,2.0,25.0,11.5,0.0,5.0,1.0,0.040257648953301126,8.0,0.0,2.0,0.0,0,0,0,0.6282816118836336,0.3230060098440696,0.04608922860422031,0.0026231496680765042,0.42305391605673975
Dhamaal 4,AMC Southcenter 16,ordinary,2026-07-14,2026-07-15,2026-07-17,2026-07-16,1.0,14.0,,0.0,1.0,,0.02254428341384863,12.0,1.0,8.0,1.0,0,1,1,0.8530359289717151,0.1407816451144219,0.00608163345802608,0.00010079245583691655,0.1532472893979848
Disclosure Day,AMC Southcenter 16,ordinary,2026-07-14,2026-07-15,2026-07-17,2026-07-16,3.0,27.0,-0.20588235294117646,0.20588235294117646,7.0,0.0,0.043478260869565216,7.0,0.0,2.0,1.0,0,3,3,0.06948642192439891,0.21083652705495243,0.31451528421981845,0.40516176680083027,2.05535239589708
Evil Dead Burn,AMC Southcenter 16,ordinary,2026-07-14,2026-07-15,2026-07-17,2026-07-16,2.0,61.0,7.714285714285714,0.0,7.0,0.0,0.09822866344605476,4.0,1.0,9.0,1.0,0,2,2,0.010561521386469163,0.03976868905141233,0.09485215938523212,0.8548176301768864,2.7939258983525357
Night Nurse,AMC Southcenter 16,ordinary,2026-07-14,2026-07-15,2026-07-17,2026-07-16,2.0,12.0,5.0,0.0,2.0,1.0,0.01932367149758454,14.0,0.0,1.0,0.0,0,0,0,0.7690299619508663,0.21454523068584846,0.015963588723142817,0.00046121864014246204,0.2478560640525615
Obsession,AMC Southcenter 16,ordinary,2026-07-14,2026-07-15,2026-07-17,2026-07-16,3.0,32.0,-0.058823529411764705,0.058823529411764705,6.0,-1.0,0.05152979066022544,6.0,0.0,2.0,1.0,0,2,2,0.05620488017330692,0.17873941164454607,0.2925247556579694,0.4725309525241776,2.181381780533018
Scary Movie,AMC Southcenter 16,ordinary,2026-07-14,2026-07-15,2026-07-17,2026-07-16,3.0,8.0,-0.6190476190476191,0.6190476190476191,1.0,-2.0,0.01288244766505636,15.0,0.0,1.0,0.0,0,0,0,0.9214412981659389,0.07688779187130196,0.0016573175582094775,1.3592404549675593e-05,0.08024320420136993
The Invite,AMC Southcenter 16,ordinary,2026-07-14,2026-07-15,2026-07-17,2026-07-16,2.0,41.0,12.666666666666666,0.0,7.0,0.0,0.06602254428341385,5.0,0.0,2.0,1.0,0,3,3,0.08507290424082611,0.2445447335443449,0.32949612129331995,0.3408862409215091,1.926195698895512
The Lego Movie,AMC Southcenter 16,ordinary,2026-07-14,2026-07-15,2026-07-17,2026-07-16,1.0,4.0,,0.0,4.0,,0.00644122383252818,17.0,0.0,1.0,0.0,0,0,0,0.6605164445356054,0.300159665285896,0.03747122502002148,0.0018526651584771057,0.3806601108013703
Backrooms: Everything Must Go Edition w/ Bonus Footage,AMC Southcenter 16,ordinary,2026-07-14,2026-07-15,2026-07-17,2026-07-16,2.0,25.0,-0.13793103448275862,0.13793103448275862,5.0,-1.0,0.040257648953301126,9.0,0.0,2.0,1.0,0,2,2,0.2506275137066359,0.4252613531281952,0.25171154853392635,0.07239958463124264,1.1458832040897757
Leviticus,AMC Southcenter 16,ordinary,2026-07-14,2026-07-15,2026-07-17,2026-07-16,3.0,12.0,-0.52,0.52,2.0,-1.0,0.01932367149758454,13.0,0.0,2.0,0.0,0,0,0,0.9645504337326166,0.03512055078260472,0.000327856351107657,1.1591336710081568e-06,0.03577974088583306
Sonic The Hedgehog 3,AMC Southcenter 16,accessibility_presentation,2026-07-20,2026-07-21,2026-07-24,2026-07-23,1.0,4.0,,0.0,4.0,,0.008064516129032258,13.0,0.0,2.0,0.0,0,0,0,0.9970250062676678,0.0029727327097462623,2.2603737660155578e-06,6.488199537776779e-10,0.0029772554037381547
Young Washington,AMC Southcenter 16,ordinary,2026-07-20,2026-07-21,2026-07-24,2026-07-23,4.0,13.0,-0.48,0.6666666666666666,4.0,-3.0,0.02620967741935484,10.0,0.0,2.0,1.0,0,1,1,0.5064574926324716,0.3953402212337955,0.08978540411575217,0.008416882017980704,0.6001616755192419
Bad Counselors,AMC Southcenter 16,special_event,2026-07-20,2026-07-21,2026-07-24,2026-07-23,1.0,1.0,,0.0,4.0,,0.0020161290322580645,22.0,1.0,7.0,1.0,0,1,1,0.8107388469660496,0.17863176589857108,0.01039592966968569,0.0002334574656936413,0.2001239976350234
Toy Story 5,AMC Southcenter 16,ordinary,2026-07-20,2026-07-21,2026-07-24,2026-07-23,4.0,36.0,-0.4461538461538462,0.5443037974683544,7.0,0.0,0.07258064516129033,5.0,0.0,2.0,1.0,0,3,3,0.06841881135814627,0.20837585706281836,0.3131013193015375,0.41010401227749793,2.0648905324983873
Minions & Monsters,AMC Southcenter 16,ordinary,2026-07-20,2026-07-21,2026-07-24,2026-07-23,4.0,57.0,-0.4864864864864865,0.6868131868131868,7.0,0.0,0.11491935483870967,3.0,0.0,2.0,1.0,0,6,3,0.021280338896693028,0.07692358787061825,0.16625141105767746,0.7355446621750114,2.616060396511007
Francia vs Inglaterra Partido por el tercer lugar Telemundo presenta la Copa Mundial de la FIFA 2026,AMC Southcenter 16,special_event,2026-07-20,2026-07-21,2026-07-24,2026-07-23,1.0,1.0,,0.0,2.0,,0.0020161290322580645,20.0,0.0,-2.0,0.0,0,0,0,0.9758775286102376,0.02397143225115761,0.00015068083725662914,3.5830134818423183e-07,0.02427386882971542
España vs Argentina - Gran Final - Telemundo presenta la Copa Mundial de la FIFA 2026,AMC Southcenter 16,special_event,2026-07-20,2026-07-21,2026-07-24,2026-07-23,1.0,1.0,,0.0,2.0,,0.0020161290322580645,21.0,0.0,-1.0,0.0,0,0,0,0.9705275958373537,0.029246021323339262,0.0002257234403258992,6.593989811323015e-07,0.029699446400934457
The Odyssey,AMC Southcenter 16,ordinary,2026-07-20,2026-07-21,2026-07-24,2026-07-23,2.0,142.0,8.466666666666667,0.0,7.0,0.0,0.2862903225806452,1.0,1.0,14.0,1.0,0,11,3,6.590801245282027e-06,2.5855798297947822e-05,6.85067392149655e-05,0.9998990466612419,2.9998600092604533
Moana,AMC Southcenter 16,ordinary,2026-07-20,2026-07-21,2026-07-24,2026-07-23,3.0,61.0,-0.5481481481481482,0.5481481481481482,7.0,0.0,0.12298387096774194,2.0,0.0,3.0,1.0,0,3,3,0.024348625171205347,0.08700418084478732,0.1830509905284845,0.7055962034555229,2.569894772268325
Hadestown: The Musical,AMC Southcenter 16,ordinary,2026-07-20,2026-07-21,2026-07-24,2026-07-23,1.0,4.0,,0.0,7.0,,0.008064516129032258,12.0,1.0,9.0,1.0,0,2,2,0.04890610086341279,0.15965667532460046,0.2756865224926166,0.5157507013193702,2.258281824267944
Dhamaal 4,AMC Southcenter 16,ordinary,2026-07-20,2026-07-21,2026-07-24,2026-07-23,2.0,6.0,-0.6,0.6,1.0,0.0,0.012096774193548387,11.0,0.0,2.0,0.0,0,0,0,0.9892539226954029,0.010716404383113989,2.9641946374911085e-05,3.097510819009118e-08,0.010775781201188382
Disclosure Day,AMC Southcenter 16,ordinary,2026-07-20,2026-07-21,2026-07-24,2026-07-23,4.0,25.0,-0.07407407407407407,0.2647058823529412,5.0,-2.0,0.05040322580645161,8.0,0.0,2.0,1.0,0,2,2,0.2022293305231115,0.39778181928201156,0.2899546053321215,0.11003424486275541,1.3077937645345208
Mob Psycho 100 Celebrates Its 10th Anniversary,AMC Southcenter 16,rerelease,2026-07-20,2026-07-21,2026-07-24,2026-07-23,1.0,1.0,,0.0,2.0,,0.0020161290322580645,23.0,0.0,0.0,0.0,0,0,0,0.89870342954197,0.09846752200046105,0.002798702626654245,3.0345830914681805e-05,0.10415596474651358
Sia: Nostalgic For The Present,AMC Southcenter 16,special_event,2026-07-20,2026-07-21,2026-07-24,2026-07-23,1.0,1.0,,0.0,2.0,,0.0020161290322580645,18.0,1.0,6.0,1.0,0,1,1,0.8147238358330053,0.1751247689003788,0.009934074868242581,0.00021732039837327926,0.1956448798319838
Evil Dead Burn,AMC Southcenter 16,ordinary,2026-07-20,2026-07-21,2026-07-24,2026-07-23,3.0,47.0,-0.22950819672131148,0.22950819672131148,7.0,0.0,0.09475806451612903,4.0,0.0,3.0,1.0,0,1,1,0.0284815645685943,0.1002109557087145,0.20351283101985698,0.6677946487028342,2.510620563856931
Evangelion: Death (True)2 & Rebirth (EVANGELION 30th Movie Fest),AMC Southcenter 16,special_event,2026-07-20,2026-07-21,2026-07-24,2026-07-23,1.0,1.0,,0.0,3.0,,0.0020161290322580645,19.0,0.0,1.0,0.0,0,0,0,0.8907138932813528,0.10597184901145869,0.0032755960027902047,3.866170439834887e-05,0.11263902613023415
The End Of Evangelion (Evangelion 30th Movie Fest),AMC Southcenter 16,special_event,2026-07-20,2026-07-21,2026-07-24,2026-07-23,1.0,3.0,,0.0,3.0,,0.006048387096774193,14.0,0.0,2.0,0.0,0,0,0,0.7886598461178912,0.19782728638957914,0.013173281172668486,0.00033958631986117613,0.22519260769449964
Obsession,AMC Southcenter 16,ordinary,2026-07-20,2026-07-21,2026-07-24,2026-07-23,4.0,35.0,0.09375,0.0,5.0,-1.0,0.07056451612903226,6.0,0.0,2.0,1.0,0,1,1,0.3015958620689908,0.43917340320570464,0.21200386693680096,0.04722686778850359,1.0048617404448172
The Invite,AMC Southcenter 16,ordinary,2026-07-20,2026-07-21,2026-07-24,2026-07-23,3.0,32.0,-0.21951219512195122,0.21951219512195122,7.0,0.0,0.06451612903225806,7.0,0.0,2.0,1.0,0,2,2,0.11699617580601505,0.30200553421870424,0.33660951923956745,0.24438877073571325,1.7083908849049787
Motor City,AMC Southcenter 16,ordinary,2026-07-20,2026-07-21,2026-07-24,2026-07-23,1.0,2.0,,0.0,3.0,,0.004032258064516129,15.0,1.0,9.0,1.0,0,2,2,0.3689314510328585,0.43945866028396274,0.1645357276357082,0.02707416104747053,0.8497525986977907
Backrooms: Everything Must Go Edition w/ Bonus Footage,AMC Southcenter 16,ordinary,2026-07-20,2026-07-21,2026-07-24,2026-07-23,3.0,17.0,-0.37037037037037035,0.41379310344827586,4.0,-1.0,0.034274193548387094,9.0,0.0,2.0,1.0,0,1,1,0.6555237745026639,0.30378455402267057,0.038733625472896126,0.0019580460017694533,0.3871259429737712
AMC Screen Unseen: July 20,AMC Southcenter 16,special_event,2026-07-20,2026-07-21,2026-07-24,2026-07-23,1.0,1.0,,0.0,7.0,,0.0020161290322580645,25.0,0.0,0.0,0.0,0,0,0,0.9075634926283218,0.09009741236075504,0.002316399295908036,2.2695715015115186e-05,0.09479829809761646
Summer Tour,AMC Southcenter 16,special_event,2026-07-20,2026-07-21,2026-07-24,2026-07-23,1.0,1.0,,0.0,2.0,,0.0020161290322580645,24.0,0.0,3.0,0.0,0,0,0,0.7667288251818171,0.21648269021811878,0.01631110206509205,0.0004773825349720958,0.2505370419532192
Haunted Heist,AMC Southcenter 16,ordinary,2026-07-20,2026-07-21,2026-07-24,2026-07-23,1.0,2.0,,0.0,1.0,,0.004032258064516129,17.0,1.0,9.0,1.0,0,1,1,0.2497772327891522,0.4249090375339916,0.252389401233785,0.07292432844307117,1.148460825330775
Her Private Hell,AMC Southcenter 16,ordinary,2026-07-20,2026-07-21,2026-07-24,2026-07-23,1.0,2.0,,0.0,4.0,,0.004032258064516129,16.0,1.0,9.0,1.0,0,1,1,0.3069287946259096,0.43988190308590397,0.20800582469396203,0.045183477594224405,0.9914439852565012
The Fifth Element (2026 Event),AMC Southcenter 16,special_event,2026-07-28,2026-07-29,2026-07-31,2026-07-30,1.0,2.0,,0.0,4.0,,0.003766478342749529,19.0,0.0,-1.0,0.0,0,0,0,0.9525444517786861,0.04686046545147319,0.000592244415234799,2.8383546059354155e-06,0.048053469345760595
The Bad Guys 2,AMC Southcenter 16,ordinary,2026-07-28,2026-07-29,2026-07-31,2026-07-30,1.0,4.0,,0.0,4.0,,0.007532956685499058,17.0,0.0,1.0,0.0,0,0,0,0.6743693448484462,0.28994365030776237,0.03410290422525806,0.0015841006185333144,0.3629017606138784
Young Washington,AMC Southcenter 16,ordinary,2026-07-28,2026-07-29,2026-07-31,2026-07-30,5.0,18.0,0.125,0.5384615384615384,3.0,-1.0,0.03389830508474576,12.0,0.0,1.0,0.0,0,0,0,0.5925335341269723,0.3466954953706441,0.05700028834117312,0.0037706821612104964,0.47200811853662183
Bad Counselors,AMC Southcenter 16,special_event,2026-07-28,2026-07-29,2026-07-31,2026-07-30,2.0,4.0,3.0,0.0,4.0,0.0,0.007532956685499058,18.0,0.0,-1.0,0.0,0,0,0,0.9074830840495252,0.09017359893149689,0.0023205587559091165,2.2758263068840384e-05,0.09488299123252164
Toy Story 5,AMC Southcenter 16,ordinary,2026-07-28,2026-07-29,2026-07-31,2026-07-30,5.0,35.0,-0.14634146341463414,0.5569620253164557,7.0,0.0,0.06591337099811675,5.0,0.0,2.0,1.0,0,2,2,0.04141492922154198,0.13892789985911508,0.25403306062927217,0.5656241102900709,2.343866351987872
Minions & Monsters,AMC Southcenter 16,ordinary,2026-07-28,2026-07-29,2026-07-31,2026-07-30,5.0,72.0,0.07462686567164178,0.6043956043956044,7.0,0.0,0.13559322033898305,2.0,0.0,2.0,1.0,0,5,3,0.009322765306168004,0.03527208334283709,0.08513403232267903,0.8702711190283159,2.8163535050731427
The Odyssey,AMC Southcenter 16,ordinary,2026-07-28,2026-07-29,2026-07-31,2026-07-30,3.0,100.0,-0.29577464788732394,0.29577464788732394,7.0,0.0,0.18832391713747645,1.0,1.0,7.0,1.0,0,10,3,0.00017883022889199316,0.0007010794891106303,0.0018542385984661265,0.9972658516835312,2.9962071117366365
Spider-Man: Brand New Day,AMC Southcenter 16,ordinary,2026-07-28,2026-07-29,2026-07-31,2026-07-30,1.0,36.0,,0.0,7.0,,0.06779661016949153,4.0,1.0,14.0,1.0,0,10,3,1.6410741778234068e-07,6.438117486241794e-07,1.7059380506090197e-06,0.999997486142783,2.9999965141161993
Moana,AMC Southcenter 16,ordinary,2026-07-28,2026-07-29,2026-07-31,2026-07-30,4.0,34.0,-0.48484848484848486,0.7481481481481481,5.0,-2.0,0.064030131826742,6.0,0.0,2.0,1.0,0,2,2,0.10704399084448145,0.2856216147115139,0.33694463030595745,0.27038976413804716,1.7706801677375703
Hadestown: The Musical,AMC Southcenter 16,ordinary,2026-07-28,2026-07-29,2026-07-31,2026-07-30,2.0,51.0,5.375,0.0,7.0,0.0,0.096045197740113,3.0,0.0,1.0,1.0,0,1,1,0.03716940799829559,0.12664027955529214,0.23946666931893465,0.5967236431274776,2.3957445475755943
Disclosure Day,AMC Southcenter 16,ordinary,2026-07-28,2026-07-29,2026-07-31,2026-07-30,5.0,18.0,-0.3333333333333333,0.47058823529411764,4.0,-1.0,0.03389830508474576,11.0,0.0,1.0,1.0,0,1,1,0.7752942527569844,0.20924694715308065,0.015039481219847368,0.0004193188700876065,0.2405838662030382
Spider-Man: Brand New Day Dolby Opening Night Fan Event,AMC Southcenter 16,special_event,2026-07-28,2026-07-29,2026-07-31,2026-07-30,1.0,1.0,,0.0,4.0,,0.0018832391713747645,22.0,0.0,2.0,0.0,0,0,0,0.9228264626279851,0.0755627974234828,0.0015978853676073214,1.2854580924810981e-05,0.07879713190147188
Sia: Nostalgic For The Present,AMC Southcenter 16,special_event,2026-07-28,2026-07-29,2026-07-31,2026-07-30,2.0,1.0,0.0,0.0,2.0,0.0,0.0018832391713747645,21.0,0.0,-2.0,0.0,0,0,0,0.9740661438217334,0.0257590417048325,0.00017436788334538992,4.4659008871134164e-07,0.026109117241789416
Evil Dead Burn,AMC Southcenter 16,ordinary,2026-07-28,2026-07-29,2026-07-31,2026-07-30,4.0,11.0,-0.7659574468085106,0.819672131147541,4.0,-3.0,0.02071563088512241,16.0,0.0,1.0,0.0,0,0,0,0.37541892478916417,0.43858749958230286,0.1603333504698669,0.025660225158666075,0.8362348759980348
WHAM! 10 Days In China,AMC Southcenter 16,special_event,2026-07-28,2026-07-29,2026-07-31,2026-07-30,1.0,1.0,,0.0,2.0,,0.0018832391713747645,23.0,0.0,0.0,0.0,0,0,0,0.865656395323254,0.1292313965384027,0.0050370098098674885,7.519832847580144e-05,0.1395310111435651
Obsession,AMC Southcenter 16,ordinary,2026-07-28,2026-07-29,2026-07-31,2026-07-30,5.0,13.0,-0.6486486486486487,0.6486486486486487,4.0,-1.0,0.02448210922787194,15.0,0.0,1.0,0.0,0,0,0,0.4768496272967093,0.408823159698501,0.10341318779420461,0.01091402521058508,0.6483916109186655
The Invite,AMC Southcenter 16,ordinary,2026-07-28,2026-07-29,2026-07-31,2026-07-30,4.0,27.0,-0.2702702702702703,0.34146341463414637,6.0,-1.0,0.05084745762711865,7.0,0.0,1.0,1.0,0,1,1,0.12754607133885829,0.31799715860250166,0.3344088969574707,0.22004787310116938,1.6469585718209512
Motor City,AMC Southcenter 16,ordinary,2026-07-28,2026-07-29,2026-07-31,2026-07-30,2.0,20.0,5.666666666666667,0.0,5.0,2.0,0.03766478342749529,10.0,0.0,1.0,1.0,0,1,1,0.4410269242468959,0.4224822911102089,0.12165776551135328,0.014833019131541957,0.7102968795275414
Backrooms: Everything Must Go Edition w/ Bonus Footage,AMC Southcenter 16,ordinary,2026-07-28,2026-07-29,2026-07-31,2026-07-30,4.0,17.0,-0.10526315789473684,0.41379310344827586,2.0,-2.0,0.032015065913371,13.0,0.0,1.0,0.0,0,0,0,0.7390566795669367,0.23939777093269451,0.020837792644034722,0.000707756856334099,0.28319662678976626
Haunted Heist,AMC Southcenter 16,ordinary,2026-07-28,2026-07-29,2026-07-31,2026-07-30,2.0,25.0,11.5,0.0,2.0,1.0,0.047080979284369114,8.0,0.0,1.0,0.0,0,0,0,0.8209114735467172,0.16965431960896216,0.009240287621307849,0.00019391922301277087,0.18871665252061617
Her Private Hell,AMC Southcenter 16,ordinary,2026-07-28,2026-07-29,2026-07-31,2026-07-30,2.0,23.0,10.5,0.0,7.0,3.0,0.04331450094161959,9.0,0.0,1.0,0.0,0,0,0,0.42955133685917657,0.4261820886637015,0.12792410060640516,0.016342473870716825,0.7310577114886623
AMC Screen Unseen: July 27,AMC Southcenter 16,special_event,2026-07-28,2026-07-29,2026-07-31,2026-07-30,1.0,1.0,,0.0,7.0,,0.0018832391713747645,25.0,0.0,-1.0,0.0,0,0,0,0.9115138550995247,0.086349459136563,0.00211691698867648,1.976877523587208e-05,0.09064259943962358
I Want Your Sex,AMC Southcenter 16,ordinary,2026-07-28,2026-07-29,2026-07-31,2026-07-30,1.0,2.0,,0.0,4.0,,0.003766478342749529,20.0,1.0,8.0,1.0,0,1,1,0.13564551797696855,0.3293707840851734,0.3316729236400778,0.20331077429778024,1.6026489542586697
Pinocchio Unstrung,AMC Southcenter 16,ordinary,2026-07-28,2026-07-29,2026-07-31,2026-07-30,2.0,14.0,13.0,0.0,3.0,,0.026365348399246705,14.0,0.0,1.0,1.0,0,1,1,0.8595906531772205,0.13479688716344737,0.005525633548235697,8.682611109644588e-05,0.1461086325932081
Above and Below,AMC Southcenter 16,special_event,2026-07-28,2026-07-29,2026-07-31,2026-07-30,1.0,1.0,,0.0,2.0,,0.0018832391713747645,24.0,0.0,1.0,0.0,0,0,0,0.8398724732054809,0.1527062521922359,0.00728761444382749,0.00013366015845573903,0.1676824615552581
Willy Wonka & the Chocolate Factory 55th Anniversary,AMC Southcenter 16,special_event,2026-08-04,2026-08-05,2026-08-07,2026-08-06,1.0,2.0,,0.0,4.0,,0.003189792663476874,16.0,0.0,1.0,0.0,0,0,0,0.9433628668152781,0.05578344968436406,0.0008487813991430605,4.9021012147377915e-06,0.05749571878629439
The Spongebob Movie: Search for Squarepants,AMC Southcenter 16,ordinary,2026-08-04,2026-08-05,2026-08-07,2026-08-06,1.0,4.0,,0.0,4.0,,0.006379585326953748,14.0,0.0,1.0,0.0,0,0,0,0.6285219413983187,0.3228406943900877,0.046020803271351024,0.002616560940242526,0.42273198375351734
Toy Story 5,AMC Southcenter 16,ordinary,2026-08-04,2026-08-05,2026-08-07,2026-08-06,6.0,30.0,-0.16666666666666666,0.620253164556962,6.0,-1.0,0.04784688995215311,5.0,0.0,1.0,1.0,0,1,1,0.05908752502636048,0.18598666657716123,0.2981711509917833,0.45675465740469495,2.1525929407748126
Minions & Monsters,AMC Southcenter 16,ordinary,2026-08-04,2026-08-05,2026-08-07,2026-08-06,6.0,33.0,-0.5416666666666666,0.8186813186813187,7.0,0.0,0.05263157894736842,3.0,0.0,1.0,1.0,0,4,3,0.04663147975947167,0.15348801426908745,0.26961655598454837,0.5302639499868926,2.283512976198862
The Odyssey,AMC Southcenter 16,ordinary,2026-08-04,2026-08-05,2026-08-07,2026-08-06,4.0,86.0,-0.2037037037037037,0.39436619718309857,7.0,0.0,0.1371610845295056,2.0,0.0,2.0,1.0,0,9,3,0.001973762987003725,0.007683683154741566,0.01994971472581922,0.9703928391324355,2.9587616300036865
Spider-Man: Brand New Day,AMC Southcenter 16,ordinary,2026-08-04,2026-08-05,2026-08-07,2026-08-06,2.0,341.0,8.216216216216216,0.0,7.0,0.0,0.543859649122807,1.0,1.0,14.0,1.0,0,9,3,4.301269894307814e-13,1.6874373579366102e-12,4.471289183361658e-12,0.9999999999934112,2.9999999999908638
Moana,AMC Southcenter 16,ordinary,2026-08-04,2026-08-05,2026-08-07,2026-08-06,5.0,30.0,-0.11764705882352941,0.7777777777777778,4.0,-1.0,0.04784688995215311,4.0,0.0,1.0,1.0,0,1,1,0.212988108740709,0.40528375674337824,0.2816227212119749,0.1001054133039378,1.2688454390791415
Hadestown: The Musical,AMC Southcenter 16,ordinary,2026-08-04,2026-08-05,2026-08-07,2026-08-06,3.0,19.0,-0.6415094339622641,0.6415094339622641,7.0,0.0,0.030303030303030304,7.0,0.0,1.0,0.0,0,0,0,0.15949191642390909,0.35868601070684425,0.3197327825735472,0.16208929029569952,1.4844194467410372
Disclosure Day,AMC Southcenter 16,ordinary,2026-08-04,2026-08-05,2026-08-07,2026-08-06,6.0,7.0,-0.65,0.7941176470588235,1.0,-3.0,0.011164274322169059,11.0,0.0,1.0,0.0,0,0,0,0.9639134634410627,0.03574542482928985,0.00033988765899067294,1.2240706568201614e-06,0.03642887235924165
"DCI 2026: Big, Loud and Live",AMC Southcenter 16,special_event,2026-08-04,2026-08-05,2026-08-07,2026-08-06,1.0,1.0,,0.0,4.0,,0.001594896331738437,20.0,0.0,2.0,0.0,0,0,0,0.961424657691716,0.03818481246337657,0.0003890282953931748,1.50154951421746e-06,0.038967373702705574
Super Troopers 3,AMC Southcenter 16,ordinary,2026-08-04,2026-08-05,2026-08-07,2026-08-06,1.0,3.0,,0.0,6.0,,0.004784688995215311,15.0,1.0,14.0,1.0,0,2,2,0.041031326601773985,0.13783403667253266,0.2527896289914703,0.568345007734223,2.3484483178581423
The Invite,AMC Southcenter 16,ordinary,2026-08-04,2026-08-05,2026-08-07,2026-08-06,5.0,11.0,-0.6206896551724138,0.7317073170731707,3.0,-3.0,0.017543859649122806,9.0,0.0,1.0,0.0,0,0,0,0.8216804054522886,0.1689724068765586,0.009156040541960547,0.0001911471291922519,0.18785792934805645
Ateez: Light the Way in Cinemas,AMC Southcenter 16,special_event,2026-08-04,2026-08-05,2026-08-07,2026-08-06,1.0,2.0,,0.0,2.0,,0.003189792663476874,18.0,1.0,4.0,1.0,0,1,1,0.6665138889306826,0.29576500882976,0.03598889063985207,0.0017322115997052989,0.37293942490858
Motor City,AMC Southcenter 16,ordinary,2026-08-04,2026-08-05,2026-08-07,2026-08-06,3.0,8.0,-0.6363636363636364,0.6363636363636364,2.0,-3.0,0.012759170653907496,10.0,0.0,1.0,0.0,0,0,0,0.9577993797575064,0.04173193440191173,0.0004667077180000347,1.9781225818355254e-06,0.04267128420565731
Super Troopers 3: Special Broken Lizard Fan Event,AMC Southcenter 16,special_event,2026-08-04,2026-08-05,2026-08-07,2026-08-06,1.0,1.0,,0.0,6.0,,0.001594896331738437,21.0,0.0,2.0,0.0,0,0,0,0.7997162468836346,0.1882652858589665,0.01173572948791725,0.0002827377694816022,0.21258495814324582
Cookie Queens,AMC Southcenter 16,ordinary,2026-08-04,2026-08-05,2026-08-07,2026-08-06,1.0,4.0,,0.0,2.0,,0.006379585326953748,13.0,1.0,8.0,1.0,0,2,2,0.0775039068748953,0.22868245958849312,0.3234564823741669,0.37035715116244466,1.986666877824161
Ice Cream Man,AMC Southcenter 16,ordinary,2026-08-04,2026-08-05,2026-08-07,2026-08-06,1.0,2.0,,0.0,3.0,,0.003189792663476874,17.0,1.0,8.0,1.0,0,2,2,0.22580646838652868,0.4131365207087452,0.27150816549639795,0.08954884540832823,1.2247993879265258
I Want Your Sex,AMC Southcenter 16,ordinary,2026-08-04,2026-08-05,2026-08-07,2026-08-06,2.0,24.0,7.0,0.0,4.0,0.0,0.03827751196172249,6.0,0.0,1.0,0.0,0,0,0,0.4423152960509261,0.42204553520961735,0.1209672016522564,0.014671967087200132,0.7079958397757306
AMC Scream Unseen: August 3,AMC Southcenter 16,special_event,2026-08-04,2026-08-05,2026-08-07,2026-08-06,1.0,1.0,,0.0,7.0,,0.001594896331738437,22.0,0.0,-1.0,0.0,0,0,0,0.895492307880956,0.10148862478060591,0.0029855496064185756,3.351773201948818e-05,0.10756027718950152
One Night Only,AMC Southcenter 16,ambiguous_special,2026-08-04,2026-08-05,2026-08-07,2026-08-06,1.0,4.0,,0.0,7.0,,0.006379585326953748,12.0,1.0,8.0,1.0,0,2,2,0.19693815649407115,0.3937710658370513,0.2939740988018657,0.11531667886701186,1.3276693000418183
Pinocchio Unstrung,AMC Southcenter 16,ordinary,2026-08-04,2026-08-05,2026-08-07,2026-08-06,3.0,12.0,-0.2,0.2,1.0,-2.0,0.019138755980861243,8.0,0.0,1.0,0.0,0,0,0,0.9581999341039651,0.04134037670276117,0.00045776817999826136,1.9210132754846285e-06,0.04226167610258414
Sheep in the Box,AMC Southcenter 16,ordinary,2026-08-04,2026-08-05,2026-08-07,2026-08-06,1.0,2.0,,0.0,2.0,,0.003189792663476874,19.0,1.0,8.0,1.0,0,1,1,0.24974639056023037,0.42489617734401736,0.25241399297358585,0.0729434391221665,1.1485544806576886
Muppet Treasure Island,AMC Southcenter 16,ordinary,2026-08-11,2026-08-12,2026-08-14,2026-08-13,1.0,4.0,,0.0,4.0,,0.00676818950930626,15.0,0.0,1.0,0.0,0,0,0,0.6482650740511179,0.30899935784167615,0.040615644762659886,0.002119923344546064,0.3965904174006341
Tales from Earthsea 20th Anniversary - Studio Ghibli Fest 2026,AMC Southcenter 16,rerelease,2026-08-11,2026-08-12,2026-08-14,2026-08-13,1.0,2.0,,0.0,4.0,,0.00338409475465313,21.0,0.0,-1.0,0.0,0,0,0,0.9549860467592112,0.044479537274690534,0.0005320036806250689,2.4122854732289525e-06,0.04555078149236036
Only Yesterday 35th Anniversary - Studio Ghibli Fest 2026,AMC Southcenter 16,rerelease,2026-08-11,2026-08-12,2026-08-14,2026-08-13,1.0,3.0,,0.0,4.0,,0.005076142131979695,17.0,0.0,0.0,0.0,0,0,0,0.7149397375216205,0.2587614655811343,0.025327345980432375,0.0009714509168128333,0.3123305102924375
Toy Story 5,AMC Southcenter 16,ordinary,2026-08-11,2026-08-12,2026-08-14,2026-08-13,7.0,12.0,-0.6363636363636364,0.8481012658227848,4.0,-2.0,0.02030456852791878,11.0,0.0,1.0,0.0,0,0,0,0.6571291138274268,0.3026223626506981,0.0383248798070507,0.0019236437148244597,0.38504305340927286
Minions & Monsters,AMC Southcenter 16,ordinary,2026-08-11,2026-08-12,2026-08-14,2026-08-13,7.0,17.0,-0.5277777777777778,0.9065934065934066,4.0,-3.0,0.028764805414551606,9.0,0.0,1.0,1.0,0,3,3,0.6753973816819878,0.28917641941992767,0.03386070087170674,0.0015654980263777622,0.36159431524247443
The Odyssey,AMC Southcenter 16,ordinary,2026-08-11,2026-08-12,2026-08-14,2026-08-13,5.0,57.0,-0.3804347826086957,0.5985915492957746,7.0,0.0,0.09644670050761421,2.0,0.0,1.0,1.0,0,8,3,0.0077318953947933455,0.029433347825508913,0.07214703202822612,0.8906877247514716,2.845790586136376
PAW Patrol: The Dino Movie,AMC Southcenter 16,ordinary,2026-08-11,2026-08-12,2026-08-14,2026-08-13,1.0,3.0,,0.0,7.0,,0.005076142131979695,16.0,1.0,14.0,1.0,0,5,3,0.02131031010210207,0.0770232152531916,0.16642257918393027,0.7352438954607761,2.61560006000338
Spider-Man: Brand New Day,AMC Southcenter 16,ordinary,2026-08-11,2026-08-12,2026-08-14,2026-08-13,3.0,246.0,-0.3128491620111732,0.3128491620111732,7.0,0.0,0.41624365482233505,1.0,1.0,8.0,1.0,0,8,3,1.3545188186318104e-08,5.313931911497599e-08,1.4080595537242394e-07,0.9999997925095373,2.9999997122798416
Moana,AMC Southcenter 16,ordinary,2026-08-11,2026-08-12,2026-08-14,2026-08-13,6.0,12.0,-0.6470588235294118,0.9111111111111111,3.0,-1.0,0.02030456852791878,10.0,0.0,1.0,0.0,0,0,0,0.9047822076028852,0.09273028329914247,0.0024625787625543226,2.4930335418010912e-05,0.09773023183050515
The Brink of War,AMC Southcenter 16,ordinary,2026-08-11,2026-08-12,2026-08-14,2026-08-13,1.0,4.0,,0.0,3.0,,0.00676818950930626,14.0,1.0,8.0,1.0,0,2,2,0.06762796583326162,0.20654000375296616,0.31201747293009424,0.413814557483678,2.0720186220641885
Super Troopers 3,AMC Southcenter 16,ordinary,2026-08-11,2026-08-12,2026-08-14,2026-08-13,2.0,46.0,14.333333333333334,0.0,6.0,0.0,0.077834179357022,3.0,1.0,7.0,1.0,0,1,1,0.10312496116166679,0.27880498213931815,0.3365244702051455,0.28154558649386957,1.7964906820312176
Ateez: Light the Way in Cinemas,AMC Southcenter 16,special_event,2026-08-11,2026-08-12,2026-08-14,2026-08-13,2.0,2.0,0.0,0.0,2.0,0.0,0.00338409475465313,24.0,0.0,-3.0,0.0,0,0,0,0.9542420973648488,0.0452053591074012,0.0005500064181385831,2.537109611446439e-06,0.0463129832725127
Cookie Queens,AMC Southcenter 16,ordinary,2026-08-11,2026-08-12,2026-08-14,2026-08-13,2.0,37.0,8.25,0.0,3.0,1.0,0.06260575296108291,5.0,0.0,1.0,1.0,0,1,1,0.4526307683268741,0.41839752417237286,0.11553164741006912,0.013440060090683919,0.6897809992645628
Ice Cream Man,AMC Southcenter 16,ordinary,2026-08-11,2026-08-12,2026-08-14,2026-08-13,2.0,33.0,15.5,0.0,5.0,2.0,0.05583756345177665,6.0,0.0,1.0,1.0,0,1,1,0.5682185443131456,0.3617185156424003,0.06529027438200839,0.004772665662445703,0.5066170613937543
Nimrods Early Access – Green Day Intro + Bonus Performance,AMC Southcenter 16,special_event,2026-08-11,2026-08-12,2026-08-14,2026-08-13,1.0,1.0,,0.0,4.0,,0.001692047377326565,26.0,0.0,0.0,0.0,0,0,0,0.8424527760458494,0.15037884479751545,0.00704169957591349,0.000126679580721602,0.16484228269150725
KATSEYE: WILD HEARTS,AMC Southcenter 16,special_event,2026-08-11,2026-08-12,2026-08-14,2026-08-13,1.0,2.0,,0.0,3.0,,0.00338409475465313,22.0,1.0,5.0,1.0,0,1,1,0.7284673382076685,0.24797218891040546,0.02274490510747529,0.0008155677744507485,0.29590870244870826
PAW Patrol: The Dino Movie - Early Access,AMC Southcenter 16,special_event,2026-08-11,2026-08-12,2026-08-14,2026-08-13,1.0,1.0,,0.0,4.0,,0.001692047377326565,28.0,0.0,-3.0,0.0,0,0,0,0.9649111142083473,0.03476662031856361,0.0003211420499115682,1.1234231775200262e-06,0.035412274687919305
Nimrods,AMC Southcenter 16,ordinary,2026-08-11,2026-08-12,2026-08-14,2026-08-13,1.0,2.0,,0.0,2.0,,0.00338409475465313,20.0,1.0,8.0,1.0,0,1,1,0.20834487266965668,0.40215130271220473,0.28524106836050866,0.10426275625762996,1.285421708206112
The End of Oak Street,AMC Southcenter 16,ordinary,2026-08-11,2026-08-12,2026-08-14,2026-08-13,1.0,5.0,,0.0,7.0,,0.008460236886632826,13.0,1.0,8.0,1.0,0,5,3,0.009706221544642079,0.036668640228339926,0.08817846360066445,0.8654466746263536,2.8093655913087296
AMC Screen Unseen: August 10,AMC Southcenter 16,special_event,2026-08-11,2026-08-12,2026-08-14,2026-08-13,1.0,1.0,,0.0,7.0,,0.001692047377326565,29.0,0.0,-1.0,0.0,0,0,0,0.8731819906676929,0.12229071549574522,0.004464912730337855,6.238110622406837e-05,0.13140768427509314
Grateful Dead Meet-Up At The Movies 2026,AMC Southcenter 16,special_event,2026-08-11,2026-08-12,2026-08-14,2026-08-13,1.0,2.0,,0.0,4.0,,0.00338409475465313,25.0,0.0,-1.0,0.0,0,0,0,0.9343276167615565,0.06451647526799338,0.0011481447100166954,7.763260433411141e-06,0.066836054469327
Namaslay,AMC Southcenter 16,ordinary,2026-08-11,2026-08-12,2026-08-14,2026-08-13,1.0,2.0,,0.0,1.0,,0.00338409475465313,23.0,1.0,8.0,1.0,0,1,1,0.173734166445785,0.3734903137845737,0.31065049683284485,0.14212502293679655,1.4211663762606532
One Night Only,AMC Southcenter 16,ambiguous_special,2026-08-11,2026-08-12,2026-08-14,2026-08-13,2.0,39.0,8.75,0.0,7.0,0.0,0.06598984771573604,4.0,0.0,1.0,1.0,0,1,1,0.6619632025051283,0.2991035419086243,0.03711025021545682,0.001823005370790552,0.37879305845190964
Practical Magic,AMC Southcenter 16,special_event,2026-08-11,2026-08-12,2026-08-14,2026-08-13,1.0,1.0,,0.0,4.0,,0.001692047377326565,30.0,0.0,0.0,0.0,0,0,0,0.8149567703896823,0.17491938205994187,0.009907444093866275,0.0002164034565095596,0.1953834806172031
Sheep in the Box,AMC Southcenter 16,ordinary,2026-08-11,2026-08-12,2026-08-14,2026-08-13,2.0,25.0,11.5,0.0,3.0,1.0,0.04230118443316413,7.0,0.0,1.0,0.0,0,0,0,0.7308866262370287,0.24602304630279703,0.02230044454307161,0.0007898829171026417,0.2929935841402482
The Rivals of Amziah King,AMC Southcenter 16,ordinary,2026-08-11,2026-08-12,2026-08-14,2026-08-13,1.0,2.0,,0.0,2.0,,0.00338409475465313,19.0,1.0,8.0,1.0,0,1,1,0.21645947895330434,0.40752393223631617,0.2788993560540381,0.09711723275634145,1.2566743426134166
Splash City,AMC Southcenter 16,ordinary,2026-08-11,2026-08-12,2026-08-14,2026-08-13,1.0,18.0,,0.0,2.0,,0.030456852791878174,8.0,0.0,1.0,0.0,0,0,0,0.6568320504645085,0.3028376632704759,0.03840031388798626,0.0019299723770292733,0.38542820817753626
The Wrong Girls,AMC Southcenter 16,ordinary,2026-08-11,2026-08-12,2026-08-14,2026-08-13,1.0,3.0,,0.0,2.0,,0.005076142131979695,18.0,1.0,8.0,1.0,0,1,1,0.08775133485004438,0.24993838380239503,0.33114620391068034,0.33116407743688037,1.9057230239343967
2026 CORTIS TOUR <PUT YOUR PHONE DOWN> IN LA: LIVE VIEWING,AMC Southcenter 16,special_event,2026-08-11,2026-08-12,2026-08-14,2026-08-13,1.0,1.0,,0.0,2.0,,0.001692047377326565,27.0,0.0,2.0,0.0,0,0,0,0.7065289315687698,0.26537389827278196,0.02701761153452779,0.001079558623920403,0.3226477972135987
Mr. Hero,AMC Southcenter 16,ordinary,2026-08-11,2026-08-12,2026-08-14,2026-08-13,1.0,8.0,,0.0,1.0,,0.01353637901861252,12.0,0.0,1.0,0.0,0,0,0,0.9326973502129832,0.06608708791201577,0.0012071821807703156,8.379694230742272e-06,0.06852659135624863
Six: The Musical Live!,AMC Southcenter 16,special_event,2026-08-18,2026-08-19,2026-08-21,2026-08-20,2.0,13.0,12.0,0.0,7.0,,0.025490196078431372,13.0,1.0,6.0,1.0,0,1,1,0.8978157432592578,0.0993033467223652,0.002849709536262806,3.120048211415866e-05,0.10509636724123328
Minions & Monsters,AMC Southcenter 16,ordinary,2026-08-18,2026-08-19,2026-08-21,2026-08-20,8.0,15.0,-0.25,0.9175824175824175,2.0,-2.0,0.029411764705882353,12.0,0.0,1.0,1.0,0,2,2,0.48100725463134936,0.4070438338022777,0.10142189477217015,0.010527016794202843,0.6414686737292264
The Odyssey,AMC Southcenter 16,ordinary,2026-08-18,2026-08-19,2026-08-21,2026-08-20,6.0,45.0,-0.3076923076923077,0.6830985915492958,7.0,0.0,0.08823529411764706,2.0,1.0,9.0,1.0,0,7,3,0.014331519069361726,0.053190133240000936,0.12243502342164722,0.8100433242689902,2.728190152890266
PAW Patrol: The Dino Movie,AMC Southcenter 16,ordinary,2026-08-18,2026-08-19,2026-08-21,2026-08-20,2.0,40.0,7.0,0.0,7.0,0.0,0.0784313725490196,4.0,1.0,8.0,1.0,0,4,3,0.07167788153186283,0.2158245388332252,0.3172459946843693,0.3952515849505427,2.036071283053592
Spider-Man: Brand New Day,AMC Southcenter 16,ordinary,2026-08-18,2026-08-19,2026-08-21,2026-08-20,4.0,111.0,-0.5779467680608364,0.6899441340782123,7.0,0.0,0.21764705882352942,1.0,1.0,8.0,1.0,0,7,3,0.00015990350597720306,0.0006269263902585532,0.00165844179085012,0.9975547283129141,2.9966079949107014
The Fast and the Furious 25th Anniversary,AMC Southcenter 16,rerelease,2026-08-18,2026-08-19,2026-08-21,2026-08-20,1.0,3.0,,0.0,3.0,,0.0058823529411764705,26.0,1.0,9.0,1.0,0,2,2,0.44493603389485425,0.4211440521873586,0.11957052145807762,0.014349392459709556,0.7033332724826425
The Brink of War,AMC Southcenter 16,ordinary,2026-08-18,2026-08-19,2026-08-21,2026-08-20,2.0,18.0,3.5,0.0,6.0,3.0,0.03529411764705882,9.0,1.0,6.0,1.0,0,1,1,0.6225463283894942,0.32692789566613834,0.04774125950788005,0.002784516436487442,0.43076396399136074
Wet Hot American Summer: 25th Anniversary,AMC Southcenter 16,rerelease,2026-08-18,2026-08-19,2026-08-21,2026-08-20,1.0,7.0,,0.0,2.0,,0.013725490196078431,18.0,0.0,1.0,0.0,0,0,0,0.9855401194137456,0.01440600364233468,5.380100843844414e-05,7.593548123346485e-08,0.01451383346565527
Super Troopers 3,AMC Southcenter 16,ordinary,2026-08-18,2026-08-19,2026-08-21,2026-08-20,3.0,33.0,-0.34,0.34,6.0,0.0,0.06470588235294118,5.0,0.0,1.0,0.0,0,0,0,0.10943579993065707,0.289678839792278,0.3370394084296622,0.2638459518474028,1.7552955121938107
Your Letter,AMC Southcenter 16,ordinary,2026-08-18,2026-08-19,2026-08-21,2026-08-20,1.0,1.0,,0.0,2.0,,0.00196078431372549,29.0,0.0,-1.0,0.0,0,0,0,0.3671986642123725,0.4396670899104723,0.16566965154246868,0.027464594334686454,0.8534001759994689
Point Break 35th Anniversary,AMC Southcenter 16,special_event,2026-08-18,2026-08-19,2026-08-21,2026-08-20,1.0,3.0,,0.0,3.0,,0.0058823529411764705,27.0,0.0,1.0,0.0,0,0,0,0.6451100310152211,0.31124525047614027,0.041451105647542764,0.0021936128610958285,0.4007283003545133
Texas Chainsaw Day (2026),AMC Southcenter 16,special_event,2026-08-18,2026-08-19,2026-08-21,2026-08-20,1.0,1.0,,0.0,5.0,,0.00196078431372549,28.0,0.0,0.0,0.0,0,0,0,0.8389985972042672,0.15349335483177465,0.00737196134940016,0.0001360866145580313,0.16864553737424906
Cookie Queens,AMC Southcenter 16,ordinary,2026-08-18,2026-08-19,2026-08-21,2026-08-20,3.0,10.0,-0.75,0.75,1.0,-2.0,0.0196078431372549,16.0,0.0,1.0,0.0,0,0,0,0.9585171794515075,0.04103019301230316,0.0004507509480772076,1.876588112140579e-06,0.04193732467279399
Ice Cream Man,AMC Southcenter 16,ordinary,2026-08-18,2026-08-19,2026-08-21,2026-08-20,3.0,7.0,-0.8055555555555556,0.8055555555555556,3.0,-2.0,0.013725490196078431,17.0,0.0,1.0,0.0,0,0,0,0.7734038055713898,0.21084955002120132,0.015314998912317641,0.0004316454950912815,0.24277448433111043
La La Land 10th Anniversary,AMC Southcenter 16,rerelease,2026-08-18,2026-08-19,2026-08-21,2026-08-20,1.0,7.0,,0.0,4.0,,0.013725490196078431,19.0,0.0,-1.0,0.0,0,0,0,0.8177241832902888,0.17247595805578317,0.009594131409506101,0.00020572724442188044,0.192281402608061
KATSEYE: WILD HEARTS,AMC Southcenter 16,special_event,2026-08-18,2026-08-19,2026-08-21,2026-08-20,2.0,3.0,0.5,0.0,3.0,0.0,0.0058823529411764705,24.0,0.0,-2.0,0.0,0,0,0,0.8446509167430402,0.14839224851063193,0.006835889061405607,0.00012094568492229747,0.16242686368821002
Nimrods,AMC Southcenter 16,ordinary,2026-08-18,2026-08-19,2026-08-21,2026-08-20,2.0,16.0,4.333333333333333,0.0,5.0,3.0,0.03137254901960784,11.0,0.0,1.0,0.0,0,0,0,0.5519433788395292,0.37123897854913906,0.07125337811473724,0.005564264496594543,0.5304385282683971
The End of Oak Street,AMC Southcenter 16,ordinary,2026-08-18,2026-08-19,2026-08-21,2026-08-20,2.0,40.0,5.666666666666667,0.0,7.0,0.0,0.0784313725490196,3.0,0.0,1.0,1.0,0,4,3,0.0614791722086314,0.19187897580471847,0.30246539594460287,0.4441764560420473,2.129339135820066
Train to Busan - 10th Anniversary Remastered & Revived,AMC Southcenter 16,rerelease,2026-08-18,2026-08-19,2026-08-21,2026-08-20,2.0,20.0,5.666666666666667,0.0,2.0,,0.0392156862745098,8.0,0.0,2.0,0.0,0,0,0,0.9496691311931605,0.049659999609162606,0.0006674662493747854,3.402948302069478e-06,0.051005140952818384
Namaslay,AMC Southcenter 16,ordinary,2026-08-18,2026-08-19,2026-08-21,2026-08-20,2.0,12.0,3.0,0.0,1.0,0.0,0.023529411764705882,14.0,0.0,1.0,0.0,0,0,0,0.8199195680822887,0.17053328793230763,0.009349605154989053,0.00019753883041460395,0.18982511473352953
One Night Only,AMC Southcenter 16,ambiguous_special,2026-08-18,2026-08-19,2026-08-21,2026-08-20,3.0,11.0,-0.7317073170731707,0.7317073170731707,7.0,0.0,0.021568627450980392,15.0,0.0,1.0,0.0,0,0,0,0.7878864255719472,0.19849230585785854,0.013277408230327964,0.000343860339866282,0.22607870333811333
Insidious: Out of the Further,AMC Southcenter 16,ordinary,2026-08-18,2026-08-19,2026-08-21,2026-08-20,1.0,4.0,,0.0,7.0,,0.00784313725490196,20.0,1.0,8.0,1.0,0,5,3,0.01119154481016667,0.04203906426441474,0.09966668228992184,0.8471027086354967,2.782680554750749
The Rivals of Amziah King,AMC Southcenter 16,ordinary,2026-08-18,2026-08-19,2026-08-21,2026-08-20,2.0,27.0,5.75,0.0,4.0,2.0,0.052941176470588235,7.0,0.0,1.0,0.0,0,0,0,0.5003310052108155,0.3982815443530309,0.09250086885220797,0.00888658158394557,0.6099430268092836
Your Name. 10th Anniversary,AMC Southcenter 16,rerelease,2026-08-18,2026-08-19,2026-08-21,2026-08-20,2.0,18.0,17.0,0.0,4.0,3.0,0.03529411764705882,10.0,1.0,6.0,1.0,0,1,1,0.9862891813766967,0.013662406364137111,4.834760477669286e-05,6.465438945137525e-08,0.013759295536858852
Mutiny,AMC Southcenter 16,ordinary,2026-08-18,2026-08-19,2026-08-21,2026-08-20,1.0,3.0,,0.0,6.0,,0.0058823529411764705,22.0,1.0,8.0,1.0,0,3,3,0.02774744547215518,0.09789569633879067,0.20004964457742166,0.6743072136116325,2.5209166263285314
The Wrong Girls,AMC Southcenter 16,ordinary,2026-08-18,2026-08-19,2026-08-21,2026-08-20,2.0,30.0,9.0,0.0,4.0,2.0,0.058823529411764705,6.0,0.0,1.0,0.0,0,0,0,0.54027949064725,0.3777823667216638,0.07573864017743563,0.006199502453650519,0.5478581544374866
The Magic Faraway Tree,AMC Southcenter 16,ordinary,2026-08-18,2026-08-19,2026-08-21,2026-08-20,1.0,3.0,,0.0,2.0,,0.0058823529411764705,23.0,1.0,8.0,1.0,0,3,3,0.08418785754959629,0.24273765604972405,0.3288976471905916,0.3441768392100881,1.9330634680611718
AMC Scream Unseen: August 17,AMC Southcenter 16,special_event,2026-08-18,2026-08-19,2026-08-21,2026-08-20,1.0,1.0,,0.0,7.0,,0.00196078431372549,31.0,0.0,-1.0,0.0,0,0,0,0.8605256760469405,0.13394067077698582,0.00544869852773034,8.495464834331428e-05,0.14509293177747645
Never Stop Chasing,AMC Southcenter 16,ordinary,2026-08-18,2026-08-19,2026-08-21,2026-08-20,1.0,1.0,,0.0,2.0,,0.00196078431372549,30.0,1.0,8.0,1.0,0,1,1,0.20710728836533035,0.4012896691654909,0.2862000956111998,0.10540294685797896,1.2898987009618275
Hot Spot,AMC Southcenter 16,ordinary,2026-08-18,2026-08-19,2026-08-21,2026-08-20,1.0,4.0,,0.0,4.0,,0.00784313725490196,21.0,1.0,8.0,1.0,0,1,1,0.03508066916273438,0.12044633599951417,0.23161736116163864,0.6128556336761128,2.42224795935113
Tony,AMC Southcenter 16,ordinary,2026-08-18,2026-08-19,2026-08-21,2026-08-20,1.0,3.0,,0.0,5.0,,0.0058823529411764705,25.0,1.0,8.0,1.0,0,3,3,0.022852394318503298,0.0821182667050757,0.17503882076081062,0.7199905182156103,2.5921674628735283
Six: The Musical Live!,AMC Southcenter 16,special_event,2026-08-24,2026-08-25,2026-08-28,2026-08-27,3.0,7.0,-0.5,0.5,5.0,-2.0,0.014344262295081968,17.0,0.0,2.0,0.0,0,0,0,0.9828256061036896,0.01709823419146111,7.603189488720192e-05,1.278099620558469e-07,0.017250681411121682
Castle in the Sky 40th Anniversary - Studio Ghibli Fest 2026,AMC Southcenter 16,rerelease,2026-08-24,2026-08-25,2026-08-28,2026-08-27,1.0,6.0,,0.0,4.0,,0.012295081967213115,19.0,0.0,2.0,0.0,0,0,0,0.918129691013222,0.08005078810563793,0.0018040457661966255,1.547511494349179e-05,0.08370530498286165
Minions & Monsters,AMC Southcenter 16,ordinary,2026-08-24,2026-08-25,2026-08-28,2026-08-27,9.0,10.0,-0.4117647058823529,0.945054945054945,2.0,0.0,0.020491803278688523,15.0,0.0,2.0,1.0,0,1,1,0.7209966284701512,0.25395381752385887,0.024150538920371542,0.0008990150856183588,0.30495194062145703
The Odyssey,AMC Southcenter 16,ordinary,2026-08-24,2026-08-25,2026-08-28,2026-08-27,7.0,23.0,-0.5306122448979592,0.8380281690140845,7.0,0.0,0.0471311475409836,11.0,0.0,3.0,1.0,0,6,3,0.05760591640141874,0.1822817819216216,0.29533524775306413,0.4647770539238956,2.1672834391994367
Coyote vs. Acme,AMC Southcenter 16,ambiguous_special,2026-08-24,2026-08-25,2026-08-28,2026-08-27,1.0,6.0,,0.0,6.0,,0.012295081967213115,18.0,1.0,9.0,1.0,0,5,3,0.09253052531383921,0.25928721728652276,0.33352441370417735,0.31465784369546074,1.8703095757812596
PAW Patrol: The Dino Movie,AMC Southcenter 16,ordinary,2026-08-24,2026-08-25,2026-08-28,2026-08-27,3.0,32.0,-0.23809523809523808,0.23809523809523808,7.0,0.0,0.06557377049180328,3.0,0.0,2.0,1.0,0,3,3,0.07875685338852964,0.23137289049813203,0.32460630991443323,0.3652639461989052,1.9763773489237142
Spider-Man: Brand New Day,AMC Southcenter 16,ordinary,2026-08-24,2026-08-25,2026-08-28,2026-08-27,5.0,57.0,-0.5289256198347108,0.840782122905028,7.0,0.0,0.1168032786885246,2.0,1.0,14.0,1.0,0,6,3,0.003192992266512879,0.01237101218439167,0.03172375548037321,0.9527122400687222,2.933955243351305
The Fast and the Furious 25th Anniversary,AMC Southcenter 16,rerelease,2026-08-24,2026-08-25,2026-08-28,2026-08-27,2.0,31.0,5.2,0.0,4.0,1.0,0.06352459016393443,5.0,0.0,3.0,1.0,0,1,1,0.8650500081055884,0.12978893837085753,0.005084746434928255,7.630708862581788e-05,0.1401873525065915
The Brink of War,AMC Southcenter 16,ordinary,2026-08-24,2026-08-25,2026-08-28,2026-08-27,3.0,13.0,-0.38095238095238093,0.38095238095238093,3.0,-3.0,0.02663934426229508,13.0,0.0,2.0,0.0,0,0,0,0.5509999656332938,0.3717770746186881,0.07160951478693331,0.005613444961084816,0.5318364390758091
American Martyr: The Stanley Rother Story,AMC Southcenter 16,special_event,2026-08-24,2026-08-25,2026-08-28,2026-08-27,1.0,3.0,,0.0,4.0,,0.006147540983606557,24.0,0.0,3.0,0.0,0,0,0,0.6388351132282895,0.31567398287689286,0.04314448285190354,0.0023464210429141683,0.4090022117094424
The End of Oak Street,AMC Southcenter 16,ordinary,2026-08-24,2026-08-25,2026-08-28,2026-08-27,3.0,28.0,-0.391304347826087,0.391304347826087,7.0,0.0,0.05737704918032787,10.0,0.0,2.0,1.0,0,3,3,0.0846947640826938,0.24377417136686516,0.3292437288244084,0.34228733572603265,1.92912363619378
Insidious: Out of the Further,AMC Southcenter 16,ordinary,2026-08-24,2026-08-25,2026-08-28,2026-08-27,2.0,57.0,13.25,0.0,7.0,0.0,0.1168032786885246,1.0,0.0,2.0,1.0,0,4,3,0.050356289944731104,0.16353371818142176,0.2793428427207968,0.5067671491530504,2.242520851082167
GHOST: 2 Big To Rig,AMC Southcenter 16,special_event,2026-08-24,2026-08-25,2026-08-28,2026-08-27,1.0,2.0,,0.0,3.0,,0.004098360655737705,25.0,1.0,5.0,1.0,0,1,1,0.9234135922208726,0.07500081930853482,0.0015730380408311127,1.2550429761460463e-05,0.07818454667948144
Coyote vs. Acme Early Access,AMC Southcenter 16,special_event,2026-08-24,2026-08-25,2026-08-28,2026-08-27,1.0,2.0,,0.0,5.0,,0.004098360655737705,26.0,0.0,-1.0,0.0,0,0,0,0.9465313919656473,0.052709640937495784,0.0007548650829492342,4.102013907696269e-06,0.05423167714511734
Finding Emily,AMC Southcenter 16,ordinary,2026-08-24,2026-08-25,2026-08-28,2026-08-27,1.0,4.0,,0.0,5.0,,0.00819672131147541,21.0,1.0,9.0,1.0,0,2,2,0.019976736099200927,0.07256787357664084,0.15866600632393443,0.7487893840002238,2.6362680382251806
House of Worship,AMC Southcenter 16,special_event,2026-08-24,2026-08-25,2026-08-28,2026-08-27,1.0,4.0,,0.0,2.0,,0.00819672131147541,22.0,0.0,2.0,0.0,0,0,0,0.8287609326319413,0.16267156444191158,0.00840053069827893,0.00016697222786820053,0.17997354252207404
Your Name. 10th Anniversary,AMC Southcenter 16,rerelease,2026-08-24,2026-08-25,2026-08-28,2026-08-27,3.0,10.0,-0.5,0.5,3.0,-1.0,0.020491803278688523,16.0,0.0,2.0,0.0,0,0,0,0.9566672936717833,0.042838106244853555,0.0004924543054978109,2.145777865365815e-06,0.04382945218944528
The Dog Stars,AMC Southcenter 16,ordinary,2026-08-24,2026-08-25,2026-08-28,2026-08-27,1.0,4.0,,0.0,7.0,,0.00819672131147541,20.0,1.0,14.0,1.0,0,3,3,0.009399714444340759,0.0355526683947763,0.08574759837976904,0.869300018781114,2.814947921497656
Mutiny,AMC Southcenter 16,ordinary,2026-08-24,2026-08-25,2026-08-28,2026-08-27,2.0,30.0,9.0,0.0,7.0,1.0,0.06147540983606557,6.0,0.0,2.0,1.0,0,2,2,0.17215868629650197,0.37194507770732793,0.31170795200265444,0.14418828399351566,1.4279258336931837
Harry Potter And The Philosopher's Stone: 25th Anniversary,AMC Southcenter 16,rerelease,2026-08-24,2026-08-25,2026-08-28,2026-08-27,1.0,1.0,,0.0,3.0,,0.0020491803278688526,30.0,1.0,9.0,1.0,0,1,1,0.9768869378243896,0.02297450520274022,0.00013824232980465324,3.146430655041064e-07,0.023251933791546036
The Magic Faraway Tree,AMC Southcenter 16,ordinary,2026-08-24,2026-08-25,2026-08-28,2026-08-27,2.0,30.0,6.5,0.0,3.0,1.0,0.06147540983606557,8.0,0.0,2.0,1.0,0,2,2,0.46796325642516123,0.4124954247706822,0.10775614838210786,0.011785170422048725,0.6633632328010441
Harry Potter And The Chamber of Secrets,AMC Southcenter 16,special_event,2026-08-24,2026-08-25,2026-08-28,2026-08-27,1.0,1.0,,0.0,2.0,,0.0020491803278688526,28.0,0.0,3.0,0.0,0,0,0,0.649615300731726,0.30803434359713955,0.0402613429721716,0.002089012698962842,0.39482406763837125
Spa Weekend,AMC Southcenter 16,ordinary,2026-08-24,2026-08-25,2026-08-28,2026-08-27,2.0,30.0,5.0,0.0,4.0,3.0,0.06147540983606557,7.0,0.0,2.0,1.0,0,1,1,0.45491542559645964,0.41755386598376526,0.11435014749588356,0.013180560923891596,0.6857958437472071
Never Stop Chasing,AMC Southcenter 16,ordinary,2026-08-24,2026-08-25,2026-08-28,2026-08-27,2.0,11.0,10.0,0.0,2.0,0.0,0.022540983606557378,14.0,0.0,2.0,0.0,0,0,0,0.8733590193887115,0.12212697504836888,0.004451905600522963,6.209996239663591e-05,0.1312170861366047
Hot Spot,AMC Southcenter 16,ordinary,2026-08-24,2026-08-25,2026-08-28,2026-08-27,2.0,30.0,6.5,0.0,4.0,0.0,0.06147540983606557,9.0,0.0,2.0,0.0,0,0,0,0.33126264609377726,0.4415334597112341,0.19025630479823757,0.03694758939675103,0.9328888374979623
Tony,AMC Southcenter 16,ordinary,2026-08-24,2026-08-25,2026-08-28,2026-08-27,2.0,31.0,9.333333333333334,0.0,5.0,0.0,0.06352459016393443,4.0,0.0,2.0,1.0,0,2,2,0.3969807873036806,0.4347037313641685,0.1468560832140285,0.021459398118122378,0.7927940921465926
Idiots,AMC Southcenter 16,ordinary,2026-08-24,2026-08-25,2026-08-28,2026-08-27,1.0,3.0,,0.0,2.0,,0.006147540983606557,23.0,1.0,9.0,1.0,0,1,1,0.08301826646028423,0.2403304710612218,0.3280647699635581,0.34858649251493584,1.9422194885331456
The King of Cannabis,AMC Southcenter 16,ordinary,2026-08-24,2026-08-25,2026-08-28,2026-08-27,1.0,1.0,,0.0,1.0,,0.0020491803278688526,29.0,1.0,9.0,1.0,0,1,1,0.594716716845215,0.3453018916610047,0.05629116743944737,0.0036902240543329034,0.4689548987028982
AMC Scream Unseen: August 24,AMC Southcenter 16,special_event,2026-08-24,2026-08-25,2026-08-28,2026-08-27,1.0,1.0,,0.0,7.0,,0.0020491803278688526,31.0,0.0,0.0,0.0,0,0,0,0.8340539325215437,0.15793623125993073,0.007859408921611912,0.00015042729691367658,0.17410633099389558
Laufey's A Night At The Symphony: Hollywood Bowl,AMC Southcenter 16,special_event,2026-08-24,2026-08-25,2026-08-28,2026-08-27,1.0,1.0,,0.0,1.0,,0.0020491803278688526,27.0,0.0,-1.0,0.0,0,0,0,0.6878774822835614,0.2797649180829037,0.0310042823539295,0.0013533172796054238,0.34583343462957894
Idiots Early Access,AMC Southcenter 16,special_event,2026-08-24,2026-08-25,2026-08-28,2026-08-27,1.0,1.0,,0.0,2.0,,0.0020491803278688526,32.0,0.0,1.0,0.0,0,0,0,0.7320276046342968,0.24510176797361208,0.022092637245215353,0.0007779901468757295,0.29162101290466996
Teenage Sex and Death at Camp Miasma,AMC Southcenter 16,ordinary,2026-08-24,2026-08-25,2026-08-28,2026-08-27,2.0,18.0,8.0,0.0,3.0,,0.036885245901639344,12.0,0.0,2.0,1.0,0,1,1,0.6099626376987966,0.33537345225193355,0.05149622286229175,0.003167687186978133,0.4478689595374514
Minions & Monsters,AMC Southcenter 16,ordinary,2026-09-01,2026-09-02,2026-09-04,2026-09-03,10.0,7.0,-0.4166666666666667,0.9369369369369369,1.0,-1.0,0.014925373134328358,20.0,0.0,1.0,0.0,0,0,0,0.9694179578821491,0.030338085486948732,0.00024321852952550853,7.381013766302054e-07,0.03082673685012964
The Odyssey,AMC Southcenter 16,ordinary,2026-09-01,2026-09-02,2026-09-04,2026-09-03,8.0,24.0,-0.07692307692307693,0.8309859154929577,7.0,0.0,0.0511727078891258,8.0,0.0,1.0,1.0,0,5,3,0.05661674029177572,0.17978471070820645,0.2933641981364334,0.4702343508635844,2.1772161595718265
Coyote vs. Acme,AMC Southcenter 16,ambiguous_special,2026-09-01,2026-09-02,2026-09-04,2026-09-03,2.0,39.0,5.5,0.0,7.0,1.0,0.08315565031982942,1.0,0.0,2.0,1.0,0,4,3,0.6958164708004818,0.2736861294772343,0.029266627720561645,0.0012307720017222178,0.3359117009235243
PAW Patrol: The Dino Movie,AMC Southcenter 16,ordinary,2026-09-01,2026-09-02,2026-09-04,2026-09-03,4.0,19.0,-0.4722222222222222,0.5476190476190477,5.0,-2.0,0.04051172707889126,10.0,0.0,1.0,1.0,0,2,2,0.18287563627660447,0.38202280769714314,0.3043030991474978,0.13079845687875463,1.3830243766284027
Spider-Man: Brand New Day,AMC Southcenter 16,ordinary,2026-09-01,2026-09-02,2026-09-04,2026-09-03,6.0,35.0,-0.453125,0.9022346368715084,7.0,0.0,0.07462686567164178,2.0,1.0,8.0,1.0,0,5,3,0.024848357425584576,0.08862352286443606,0.18565308967089483,0.7008750300390846,2.5625547923234797
The Fast and the Furious 25th Anniversary,AMC Southcenter 16,rerelease,2026-09-01,2026-09-02,2026-09-04,2026-09-03,3.0,7.0,-0.7878787878787878,0.7878787878787878,3.0,-1.0,0.014925373134328358,21.0,0.0,1.0,0.0,0,0,0,0.9783395280787687,0.02153891737160235,0.00012129621092085741,2.5833870812105545e-07,0.02178228480956843
Legend of the White Dragon,AMC Southcenter 16,ordinary,2026-09-01,2026-09-02,2026-09-04,2026-09-03,1.0,4.0,,0.0,3.0,,0.008528784648187633,29.0,0.0,0.0,0.0,0,0,0,0.4856573568701337,0.4050085144044704,0.09922512935651158,0.010108999368884377,0.6337857712241467
Terminator 2: Judgment Day 35th Anniversary,AMC Southcenter 16,rerelease,2026-09-01,2026-09-02,2026-09-04,2026-09-03,1.0,12.0,,0.0,4.0,,0.0255863539445629,16.0,0.0,1.0,0.0,0,0,0,0.9500461788316761,0.049293158629606496,0.0006573376551176019,3.3248835998234296e-06,0.050617808590641175
The Hunger Games (2026),AMC Southcenter 16,special_event,2026-09-01,2026-09-02,2026-09-04,2026-09-03,1.0,1.0,,0.0,4.0,,0.0021321961620469083,37.0,0.0,2.0,0.0,0,0,0,0.6505913946033494,0.30733528895716555,0.04000641913835759,0.0020668973011275264,0.3935488191372633
The End of Oak Street,AMC Southcenter 16,ordinary,2026-09-01,2026-09-02,2026-09-04,2026-09-03,4.0,27.0,-0.18181818181818182,0.41304347826086957,7.0,0.0,0.057569296375266525,4.0,0.0,1.0,1.0,0,2,2,0.08426952939544269,0.24290493336270053,0.3289540101861879,0.3438715270556689,1.9324275349020832
Insidious: Out of the Further,AMC Southcenter 16,ordinary,2026-09-01,2026-09-02,2026-09-04,2026-09-03,3.0,26.0,-0.5806451612903226,0.5806451612903226,7.0,0.0,0.05543710021321962,6.0,0.0,1.0,1.0,0,3,3,0.1340985248594979,0.3272568833235395,0.3322573018811773,0.20638728993578523,1.6109333568932498
GHOST: 2 Big To Rig,AMC Southcenter 16,special_event,2026-09-01,2026-09-02,2026-09-04,2026-09-03,2.0,1.0,-0.5,0.5,3.0,0.0,0.0021321961620469083,36.0,0.0,-3.0,0.0,0,0,0,0.9285250742521604,0.07009947862468512,0.0013653368284023805,1.0110294752143853e-05,0.07286048316574631
The Last Blossom,AMC Southcenter 16,special_event,2026-09-01,2026-09-02,2026-09-04,2026-09-03,1.0,2.0,,0.0,3.0,,0.0042643923240938165,35.0,0.0,-1.0,0.0,0,0,0,0.8805656572401785,0.11544313240795068,0.003939805256295448,5.14050955753328e-05,0.12347695820726758
Katy Perry: The Lifetimes Tour - Live From Paris,AMC Southcenter 16,special_event,2026-09-01,2026-09-02,2026-09-04,2026-09-03,1.0,1.0,,0.0,3.0,,0.0021321961620469083,38.0,0.0,1.0,0.0,0,0,0,0.8695615248219256,0.12563468544883452,0.004735456617894389,6.833311134548406e-05,0.13531059801865974
Finding Emily,AMC Southcenter 16,ordinary,2026-09-01,2026-09-02,2026-09-04,2026-09-03,2.0,25.0,5.25,0.0,5.0,0.0,0.053304904051172705,7.0,0.0,1.0,1.0,0,1,1,0.3412920159235882,0.44150309858393005,0.18319241209077322,0.034012473401708584,0.9099253429706022
The Dog Stars,AMC Southcenter 16,ordinary,2026-09-01,2026-09-02,2026-09-04,2026-09-03,2.0,30.0,6.5,0.0,7.0,0.0,0.06396588486140725,3.0,1.0,9.0,1.0,0,2,2,0.0846739104485908,0.24373161058957782,0.3292296668203487,0.3423648121414828,1.9292853806547234
Mutiny,AMC Southcenter 16,ordinary,2026-09-01,2026-09-02,2026-09-04,2026-09-03,3.0,27.0,-0.22857142857142856,0.22857142857142856,7.0,0.0,0.057569296375266525,5.0,0.0,1.0,1.0,0,1,1,0.10313800010558756,0.2788280141367016,0.3365264388028922,0.28150754695481867,1.7964035326069419
Harry Potter And The Philosopher's Stone: 25th Anniversary,AMC Southcenter 16,rerelease,2026-09-01,2026-09-02,2026-09-04,2026-09-03,2.0,3.0,2.0,0.0,4.0,1.0,0.006396588486140725,34.0,0.0,1.0,0.0,0,0,0,0.9828330244126064,0.017090882087241747,7.596585732093273e-05,1.2764283087070034e-07,0.017243196730376224
Harry Potter And The Goblet Of Fire,AMC Southcenter 16,special_event,2026-09-01,2026-09-02,2026-09-04,2026-09-03,1.0,1.0,,0.0,2.0,,0.0021321961620469083,40.0,0.0,-3.0,0.0,0,0,0,0.662358842632515,0.29881428313339997,0.037011912377449316,0.0018149618566357154,0.37828299345820576
The Magic Faraway Tree,AMC Southcenter 16,ordinary,2026-09-01,2026-09-02,2026-09-04,2026-09-03,3.0,14.0,-0.5757575757575758,0.5757575757575758,2.0,-1.0,0.029850746268656716,12.0,0.0,1.0,1.0,0,1,1,0.7469373899774441,0.23294543382619082,0.019482216607528118,0.0006349595888369986,0.27381474580775805
Harry Potter & Deathly Hallows: Part 2 (HPD26),AMC Southcenter 16,special_event,2026-09-01,2026-09-02,2026-09-04,2026-09-03,1.0,1.0,,0.0,2.0,,0.0021321961620469083,44.0,0.0,1.0,0.0,0,0,0,0.8192579911470768,0.17111910905111752,0.009422919222481764,0.00019998057932395924,0.19056488923405293
Harry Potter & Deathly Hallows: Part 1 (HPD26),AMC Southcenter 16,special_event,2026-09-01,2026-09-02,2026-09-04,2026-09-03,1.0,1.0,,0.0,2.0,,0.0021321961620469083,43.0,0.0,0.0,0.0,0,0,0,0.9367292632825709,0.0621998411672172,0.0010639822230320238,6.913327179889043e-06,0.06434854559482091
Harry Potter and the Sorcerer’s Stone: 25th Anniversary,AMC Southcenter 16,rerelease,2026-09-01,2026-09-02,2026-09-04,2026-09-03,1.0,3.0,,0.0,4.0,3.0,0.006396588486140725,33.0,0.0,0.0,0.0,0,0,0,0.8196832207439303,0.17074261112188893,0.009375759534440411,0.00019840859974034803,0.1900893559899908
Harry Potter And The Order Of The Phoenix (HPD26),AMC Southcenter 16,special_event,2026-09-01,2026-09-02,2026-09-04,2026-09-03,1.0,1.0,,0.0,2.0,,0.0021321961620469083,41.0,0.0,-2.0,0.0,0,0,0,0.9182383436550127,0.07994711818813346,0.0017991275357501228,1.5410621103748033e-05,0.08359160512294496
Harry Potter And The Prisoner Of Azkaban (HPD26),AMC Southcenter 16,ordinary,2026-09-01,2026-09-02,2026-09-04,2026-09-03,1.0,1.0,,0.0,2.0,,0.0021321961620469083,39.0,0.0,-4.0,0.0,0,0,0,0.6852974670616101,0.2817251786926497,0.03158218399726952,0.001395170248470717,0.34907505743260087
Harry Potter And The Half Blood Prince,AMC Southcenter 16,special_event,2026-09-01,2026-09-02,2026-09-04,2026-09-03,1.0,1.0,,0.0,2.0,,0.0021321961620469083,42.0,0.0,-1.0,0.0,0,0,0,0.7211446531342119,0.25383584947787013,0.024122197940018932,0.0008972994478989735,0.30477214370160494
Spa Weekend,AMC Southcenter 16,ordinary,2026-09-01,2026-09-02,2026-09-04,2026-09-03,3.0,8.0,-0.75,0.75,3.0,-1.0,0.017057569296375266,19.0,0.0,1.0,0.0,0,0,0,0.7286698332863525,0.24780927001788178,0.02270750335276509,0.0008133933430006531,0.29566445675241393
Tony,AMC Southcenter 16,ordinary,2026-09-01,2026-09-02,2026-09-04,2026-09-03,3.0,17.0,-0.5277777777777778,0.5277777777777778,5.0,0.0,0.03624733475479744,11.0,0.0,1.0,1.0,0,1,1,0.3190327297881266,0.4410191037296555,0.1990723939958134,0.04087577248640454,0.9617912091804959
Idiots,AMC Southcenter 16,ordinary,2026-09-01,2026-09-02,2026-09-04,2026-09-03,2.0,9.0,2.0,0.0,4.0,2.0,0.019189765458422176,18.0,0.0,1.0,0.0,0,0,0,0.7338446833636786,0.24363190426622897,0.02176407437641139,0.00075933799368106,0.2894380670000949
The King of Cannabis,AMC Southcenter 16,ordinary,2026-09-01,2026-09-02,2026-09-04,2026-09-03,2.0,6.0,5.0,0.0,1.0,0.0,0.01279317697228145,23.0,0.0,1.0,0.0,0,0,0,0.9823285062019854,0.017590831254426405,8.05231953598888e-05,1.3934822828642071e-07,0.01775229568983104
AMC Screen Unseen: August 31,AMC Southcenter 16,special_event,2026-09-01,2026-09-02,2026-09-04,2026-09-03,1.0,1.0,,0.0,7.0,,0.0021321961620469083,46.0,0.0,-1.0,0.0,0,0,0,0.7613314388284653,0.22100822666473888,0.01714334589806887,0.0005169886087269276,0.2568458842870574
By Any Means,AMC Southcenter 16,ordinary,2026-09-01,2026-09-02,2026-09-04,2026-09-03,1.0,4.0,,0.0,7.0,,0.008528784648187633,27.0,1.0,8.0,1.0,0,2,2,0.010116989118141758,0.03816004911598085,0.09140357580002027,0.8603193859658571,2.801925358613593
Teenage Sex and Death at Camp Miasma,AMC Southcenter 16,ordinary,2026-09-01,2026-09-02,2026-09-04,2026-09-03,3.0,12.0,-0.3684210526315789,0.3684210526315789,3.0,0.0,0.0255863539445629,14.0,0.0,1.0,0.0,0,0,0,0.6775362096469402,0.2875762397293431,0.03336019233710813,0.0015273582866085988,0.35887869926338517
Onslaught,AMC Southcenter 16,ordinary,2026-09-01,2026-09-02,2026-09-04,2026-09-03,1.0,4.0,,0.0,5.0,,0.008528784648187633,30.0,1.0,8.0,1.0,0,2,2,0.022807943352590263,0.08197224816438523,0.1747956207564168,0.7204241877266078,2.592836052857042
Cars: 20th Anniversary,AMC Southcenter 16,rerelease,2026-09-01,2026-09-02,2026-09-04,2026-09-03,1.0,3.0,,0.0,2.0,,0.006396588486140725,32.0,1.0,8.0,1.0,0,2,2,0.4172271760239175,0.4297615853459639,0.1348869645924989,0.018124274037619712,0.7539083366438208
The Uprising: Early Access Live Q&A with Paul Greengrass and Andrew Garfield,AMC Southcenter 16,special_event,2026-09-01,2026-09-02,2026-09-04,2026-09-03,1.0,1.0,,0.0,7.0,,0.0021321961620469083,47.0,0.0,2.0,0.0,0,0,0,0.5958776487201909,0.3445579143911077,0.05591640242262749,0.0036480344660738957,0.46733482263458437
Akira,AMC Southcenter 16,ordinary,2026-09-01,2026-09-02,2026-09-04,2026-09-03,1.0,4.0,,0.0,3.0,,0.008528784648187633,31.0,1.0,9.0,1.0,0,2,2,0.03286038401422274,0.113752397878678,0.2227429543693577,0.6306442637377416,2.4511710978306183
Colony,AMC Southcenter 16,ordinary,2026-09-01,2026-09-02,2026-09-04,2026-09-03,2.0,12.0,11.0,0.0,4.0,2.0,0.0255863539445629,15.0,0.0,1.0,0.0,0,0,0,0.7611492416555269,0.22116052911786258,0.01717186131103236,0.0005183679155781722,0.2570593554866618
Buddy,AMC Southcenter 16,ordinary,2026-09-01,2026-09-02,2026-09-04,2026-09-03,2.0,21.0,6.0,0.0,4.0,,0.04477611940298507,9.0,0.0,1.0,1.0,0,3,3,0.4611025844632537,0.4152056400961053,0.11119086643187873,0.01250090900876231,0.6750900999861495
Irumudi,AMC Southcenter 16,ordinary,2026-09-01,2026-09-02,2026-09-04,2026-09-03,2.0,7.0,6.0,0.0,1.0,0.0,0.014925373134328358,22.0,0.0,1.0,0.0,0,0,0,0.898016538624898,0.09911432703020523,0.002838128653042468,3.100569185425375e-05,0.10488360141185293
It Ends,AMC Southcenter 16,ordinary,2026-09-01,2026-09-02,2026-09-04,2026-09-03,2.0,10.0,2.3333333333333335,0.0,5.0,,0.021321961620469083,17.0,0.0,1.0,0.0,0,0,0,0.5365812069968281,0.37980658243683774,0.07719847786449203,0.006413732701842122,0.5534447362713482
Madame in Saigon,AMC Southcenter 16,ordinary,2026-09-01,2026-09-02,2026-09-04,2026-09-03,1.0,6.0,,0.0,2.0,,0.01279317697228145,24.0,0.0,1.0,0.0,0,0,0,0.8797200014863036,0.11622926679544032,0.003998145555174741,5.258616308135221e-05,0.12438331639503386
Beyond Belief,AMC Southcenter 16,ordinary,2026-09-01,2026-09-02,2026-09-04,2026-09-03,2.0,14.0,6.0,0.0,1.0,,0.029850746268656716,13.0,0.0,1.0,0.0,0,0,0,0.8879845100698118,0.10852589432911712,0.0034477573691158304,4.183823195522485e-05,0.11554692376321446
Sara Bareilles: Good Grief,AMC Southcenter 16,special_event,2026-09-01,2026-09-02,2026-09-04,2026-09-03,1.0,1.0,,0.0,3.0,,0.0021321961620469083,45.0,0.0,1.0,0.0,0,0,0,0.5307261349753094,0.382960360307176,0.07954729801006097,0.0067662067074536055,0.5623535764496588
Fall 2: Deadpoint,AMC Southcenter 16,ordinary,2026-09-01,2026-09-02,2026-09-04,2026-09-03,1.0,4.0,,0.0,4.0,,0.008528784648187633,28.0,1.0,8.0,1.0,0,2,2,0.06958181807959155,0.21105541695978924,0.3146389190926591,0.4047238458679601,2.054504792748988
The Best Little Whorehouse In Texas,AMC Southcenter 16,ordinary,2026-09-01,2026-09-02,2026-09-04,2026-09-03,1.0,6.0,,0.0,2.0,,0.01279317697228145,26.0,0.0,1.0,0.0,0,0,0,0.9687066537501893,0.03103777071520837,0.00025478377120719795,7.917633951575797e-07,0.031549713547808236
Steel Magnolias,AMC Southcenter 16,ordinary,2026-09-01,2026-09-02,2026-09-04,2026-09-03,1.0,6.0,,0.0,2.0,,0.01279317697228145,25.0,0.0,1.0,0.0,0,0,0,0.9701442705656262,0.029623351657846318,0.00023169186817748042,6.859083499574832e-07,0.030088793119251153
Toy Story 5,AMC Southcenter 16,ordinary,2026-09-08,2026-09-09,2026-09-11,2026-09-10,1.0,6.0,,0.8536585365853658,2.0,,0.013452914798206279,16.0,0.0,1.0,0.0,0,0,0,0.9660764054916301,0.033622646607402225,0.0002999347338524678,1.0131671152113982e-06,0.03422555557645279
The Odyssey,AMC Southcenter 16,ordinary,2026-09-08,2026-09-09,2026-09-11,2026-09-10,9.0,20.0,-0.25925925925925924,0.8591549295774648,7.0,0.0,0.04484304932735426,9.0,1.0,8.0,1.0,0,4,3,0.1445934211806381,0.3410751014760219,0.32778773445274334,0.18654374289059664,1.5562817990532984
Coyote vs. Acme,AMC Southcenter 16,ambiguous_special,2026-09-08,2026-09-09,2026-09-11,2026-09-10,3.0,28.0,-0.36363636363636365,0.36363636363636365,7.0,0.0,0.06278026905829596,6.0,0.0,1.0,1.0,0,3,3,0.5512953909391598,0.37160873778570475,0.07149786742852238,0.005598003846613086,0.5313984841825887
PAW Patrol: The Dino Movie,AMC Southcenter 16,ordinary,2026-09-08,2026-09-09,2026-09-11,2026-09-10,5.0,16.0,-0.2727272727272727,0.6190476190476191,5.0,0.0,0.03587443946188341,12.0,0.0,1.0,1.0,0,1,1,0.19114454049263155,0.38912653216166093,0.29829919460920923,0.12142973273649826,1.350014119589574
Spider-Man: Brand New Day,AMC Southcenter 16,ordinary,2026-09-08,2026-09-09,2026-09-11,2026-09-10,7.0,60.0,0.4634146341463415,0.8324022346368715,7.0,0.0,0.13452914798206278,1.0,0.0,1.0,1.0,0,4,3,0.013162639781647282,0.04907079812521626,0.11419216687631227,0.8235743952168242,2.748178317528313
Practical Magic 2,AMC Southcenter 16,ordinary,2026-09-08,2026-09-09,2026-09-11,2026-09-10,1.0,3.0,,0.0,7.0,,0.006726457399103139,26.0,1.0,8.0,1.0,0,4,3,0.0166733517261485,0.061331647980751934,0.13816094526985134,0.7838340550232481,2.689155703590199
Runner,AMC Southcenter 16,ordinary,2026-09-08,2026-09-09,2026-09-11,2026-09-10,1.0,3.0,,0.0,5.0,,0.006726457399103139,27.0,1.0,8.0,1.0,0,3,3,0.015423472497655515,0.05700476628295009,0.1298958374355113,0.797675923783883,2.7098242125056213
The Hunger Games: Catching Fire (2026),AMC Southcenter 16,special_event,2026-09-08,2026-09-09,2026-09-11,2026-09-10,1.0,1.0,,0.0,4.0,,0.002242152466367713,36.0,0.0,-4.0,0.0,0,0,0,0.654235981528702,0.30471454500088113,0.03906346946711748,0.001986004003299374,0.3887994959450142
The Hunger Games: Mockingjay - Part 1 (2026),AMC Southcenter 16,special_event,2026-09-08,2026-09-09,2026-09-11,2026-09-10,1.0,1.0,,0.0,4.0,,0.002242152466367713,37.0,0.0,-3.0,0.0,0,0,0,0.6063281856641359,0.33777101940206766,0.05261457542137416,0.00328621951242225,0.4528588287820827
The Hunger Games: Mockingjay - Part 2 (2026),AMC Southcenter 16,special_event,2026-09-08,2026-09-09,2026-09-11,2026-09-10,1.0,1.0,,0.0,4.0,,0.002242152466367713,38.0,0.0,-2.0,0.0,0,0,0,0.556284433438706,0.3687432584141861,0.06962955266981873,0.005342755477289124,0.524030630185691
The Hunger Games: The Ballad of Songbirds & Snakes (2026),AMC Southcenter 16,special_event,2026-09-08,2026-09-09,2026-09-11,2026-09-10,1.0,1.0,,0.0,3.0,,0.002242152466367713,39.0,0.0,-1.0,0.0,0,0,0,0.6511947380814702,0.3069025885665706,0.039849350107565115,0.002053323244394084,0.3927612585148831
MST3K: The RiffTrax Experiments - Sting of Death,AMC Southcenter 16,special_event,2026-09-08,2026-09-09,2026-09-11,2026-09-10,1.0,1.0,,0.0,4.0,,0.002242152466367713,35.0,1.0,5.0,1.0,0,1,1,0.6403592697584525,0.31460294837043784,0.042729257561163136,0.002308524309946553,0.40698703642260375
The End of Oak Street,AMC Southcenter 16,ordinary,2026-09-08,2026-09-09,2026-09-11,2026-09-10,5.0,24.0,-0.22580645161290322,0.4782608695652174,6.0,-1.0,0.053811659192825115,8.0,0.0,1.0,1.0,0,1,1,0.05487310957883528,0.17533668728810212,0.28973322630948645,0.4800569768235762,2.194974070377804
The Passion of the Christ (2026 Event),AMC Southcenter 16,special_event,2026-09-08,2026-09-09,2026-09-11,2026-09-10,1.0,1.0,,0.0,3.0,,0.002242152466367713,32.0,1.0,5.0,1.0,0,1,1,0.5560011314816531,0.36890711383367103,0.06973478040826879,0.005356974276407094,0.5244475974794299
Dreams in Nightmares,AMC Southcenter 16,ordinary,2026-09-08,2026-09-09,2026-09-11,2026-09-10,1.0,11.0,,0.0,2.0,,0.02466367713004484,14.0,0.0,1.0,0.0,0,0,0,0.694199466706826,0.2749299362567068,0.029615611827894257,0.0012549852085729741,0.3379261155382143
Insidious: Out of the Further,AMC Southcenter 16,ordinary,2026-09-08,2026-09-09,2026-09-11,2026-09-10,4.0,25.0,-0.16666666666666666,0.5967741935483871,5.0,-2.0,0.05605381165919283,7.0,0.0,1.0,1.0,0,2,2,0.11414091205528677,0.2974377431370165,0.33689555458114456,0.25152579022655225,1.7258062229789624
Finding Emily,AMC Southcenter 16,ordinary,2026-09-08,2026-09-09,2026-09-11,2026-09-10,3.0,6.0,-0.7692307692307693,0.7692307692307693,5.0,0.0,0.013452914798206279,18.0,0.0,1.0,0.0,0,0,0,0.8841690248496578,0.11208799476827379,0.0036963968999406,4.658348212785591e-05,0.11962053901453855
The Dog Stars,AMC Southcenter 16,ordinary,2026-09-08,2026-09-09,2026-09-11,2026-09-10,3.0,29.0,-0.03333333333333333,0.03333333333333333,7.0,0.0,0.06502242152466367,4.0,0.0,2.0,1.0,0,1,1,0.061187758977013146,0.19116679578016882,0.3019603743524779,0.4456850708903401,2.132142757156145
Mutiny,AMC Southcenter 16,ordinary,2026-09-08,2026-09-09,2026-09-11,2026-09-10,4.0,6.0,-0.7857142857142857,0.8285714285714286,3.0,-4.0,0.013452914798206279,17.0,0.0,0.0,0.0,0,0,0,0.38867046156160084,0.436375710769364,0.1519611131948764,0.022992714474158845,0.8092760805815933
The Magic Faraway Tree,AMC Southcenter 16,ordinary,2026-09-08,2026-09-09,2026-09-11,2026-09-10,4.0,6.0,-0.6,0.8181818181818182,1.0,-1.0,0.013452914798206279,19.0,0.0,1.0,0.0,0,0,0,0.9551019211488452,0.04436645821035506,0.0005292274115310458,2.39322926871568e-06,0.0454320927212233
Tony,AMC Southcenter 16,ordinary,2026-09-08,2026-09-09,2026-09-11,2026-09-10,4.0,5.0,-0.7368421052631579,0.8611111111111112,4.0,-1.0,0.011210762331838564,24.0,0.0,0.0,0.0,0,0,0,0.7445253047187769,0.23492668336331843,0.01989141616998731,0.0006565957479173865,0.27667930294704524
The Nutty Professor: 30th Anniversary,AMC Southcenter 16,rerelease,2026-09-08,2026-09-09,2026-09-11,2026-09-10,1.0,2.0,,0.0,2.0,,0.004484304932735426,31.0,0.0,1.0,0.0,0,0,0,0.8537161324890753,0.14016202242307063,0.00602257259571406,9.92724921400131e-05,0.1525049850909188
Oasis: Don’t Look Back In Anger IMAX Early Access,AMC Southcenter 16,special_event,2026-09-08,2026-09-09,2026-09-11,2026-09-10,1.0,1.0,,0.0,3.0,,0.002242152466367713,40.0,0.0,1.0,0.0,0,0,0,0.7763890015016085,0.20831744320186402,0.014881251643717503,0.000412303652809973,0.23931685744772896
Oasis: Don't Look Back in Anger,AMC Southcenter 16,ordinary,2026-09-08,2026-09-09,2026-09-11,2026-09-10,1.0,3.0,,0.0,4.0,,0.006726457399103139,28.0,1.0,8.0,1.0,0,2,2,0.025035921485240902,0.08922970000291269,0.1866203662597515,0.6991140122520949,2.5598124692787003
By Any Means,AMC Southcenter 16,ordinary,2026-09-08,2026-09-09,2026-09-11,2026-09-10,2.0,29.0,6.25,0.0,7.0,0.0,0.06502242152466367,5.0,0.0,1.0,1.0,0,1,1,0.1011746598663771,0.27533311703563645,0.33618525771815483,0.28730696537983164,1.809624528611441
HOPE Premium Early Access,AMC Southcenter 16,special_event,2026-09-08,2026-09-09,2026-09-11,2026-09-10,1.0,1.0,,0.0,4.0,,0.002242152466367713,43.0,0.0,-1.0,0.0,0,0,0,0.8172363444129864,0.17290712469947225,0.009648950566002259,0.00020758032153905416,0.19282776679609395
The Changeling + Star Trek: The Motion Picture - Director's Edition - 60th Anniversary Event,AMC Southcenter 16,rerelease,2026-09-08,2026-09-09,2026-09-11,2026-09-10,1.0,1.0,,0.0,2.0,,0.002242152466367713,41.0,0.0,-4.0,0.0,0,0,0,0.9155566495501876,0.08250370338616757,0.0019225889652231543,1.7058098421711693e-05,0.08640005561187901
Space Seed + Star Trek II: The Wrath of Khan - Director's Cut 60th Anniversary Event,AMC Southcenter 16,rerelease,2026-09-08,2026-09-09,2026-09-11,2026-09-10,1.0,3.0,,0.0,2.0,,0.006726457399103139,29.0,0.0,0.0,0.0,0,0,0,0.9579056238334993,0.04162808538873646,0.0004643279143365541,1.96286342767359e-06,0.04256262980769259
Amok Time + Star Trek III: The Search for Spock 60th Anniversary Event,AMC Southcenter 16,rerelease,2026-09-08,2026-09-09,2026-09-11,2026-09-10,1.0,1.0,,0.0,2.0,,0.002242152466367713,42.0,0.0,-2.0,0.0,0,0,0,0.8829169287222998,0.1132548237946818,0.003780026830819379,4.822065219905184e-05,0.1209595394129177
The City on The Edge of Forever + Star Trek IV: The Voyage Home 60th Anniversary Event,AMC Southcenter 16,rerelease,2026-09-08,2026-09-09,2026-09-11,2026-09-10,1.0,3.0,,0.0,2.0,,0.006726457399103139,30.0,0.0,0.0,0.0,0,0,0,0.7389293738542346,0.2395015090274405,0.020860133660938092,0.0007089834573867946,0.28334872672147704
Onslaught,AMC Southcenter 16,ordinary,2026-09-08,2026-09-09,2026-09-11,2026-09-10,2.0,32.0,7.0,0.0,5.0,0.0,0.07174887892376682,2.0,0.0,1.0,1.0,0,1,1,0.2570797245444648,0.4277967189836275,0.2465763525309934,0.06854720394091433,1.126591035868357
Cars: 20th Anniversary,AMC Southcenter 16,rerelease,2026-09-08,2026-09-09,2026-09-11,2026-09-10,2.0,17.0,4.666666666666667,0.0,4.0,2.0,0.03811659192825112,11.0,0.0,1.0,1.0,0,1,1,0.908559793499962,0.08915308572851069,0.0022651900827911505,2.1930688736193676e-05,0.09374925796030156
Hope,AMC Southcenter 16,ordinary,2026-09-08,2026-09-09,2026-09-11,2026-09-10,1.0,7.0,,0.0,5.0,,0.01569506726457399,15.0,1.0,8.0,1.0,0,3,3,0.02312504511335652,0.08301281155234143,0.17652394862779874,0.7173381947065033,2.588075292927449
AMC Screen Unseen: September 7,AMC Southcenter 16,special_event,2026-09-08,2026-09-09,2026-09-11,2026-09-10,1.0,1.0,,0.0,7.0,,0.002242152466367713,44.0,0.0,-1.0,0.0,0,0,0,0.6685641480749489,0.29425272346316667,0.035490608565025075,0.0016925198968593543,0.37031150028379484
The Uprising,AMC Southcenter 16,ordinary,2026-09-08,2026-09-09,2026-09-11,2026-09-10,1.0,4.0,,0.0,6.0,,0.008968609865470852,25.0,1.0,8.0,1.0,0,2,2,0.007622356670807493,0.029028654483252547,0.07123124529365152,0.8921177435522885,2.847844375727421
The Fix,AMC Southcenter 16,ordinary,2026-09-08,2026-09-09,2026-09-11,2026-09-10,1.0,1.0,,0.0,3.0,,0.002242152466367713,33.0,1.0,8.0,1.0,0,2,2,0.5187487479183603,0.3892125165052126,0.08449781725728522,0.007540918319141846,0.5808309059772085
Akira,AMC Southcenter 16,ordinary,2026-09-08,2026-09-09,2026-09-11,2026-09-10,2.0,30.0,6.5,0.0,5.0,2.0,0.06726457399103139,3.0,0.0,2.0,1.0,0,1,1,0.16272803757752446,0.3622178678389965,0.31777092447356703,0.15728317010991202,1.4696092271158667
Buddy,AMC Southcenter 16,ordinary,2026-09-08,2026-09-09,2026-09-11,2026-09-10,3.0,20.0,-0.16666666666666666,0.16666666666666666,7.0,3.0,0.04484304932735426,10.0,0.0,1.0,1.0,0,2,2,0.16622492770952885,0.36592161048932736,0.3155795411936831,0.15227392060746067,1.4539024546990755
Fall 2: Deadpoint,AMC Southcenter 16,ordinary,2026-09-08,2026-09-09,2026-09-11,2026-09-10,2.0,11.0,1.75,0.0,5.0,1.0,0.02466367713004484,13.0,0.0,1.0,1.0,0,1,1,0.4779927707151168,0.4083377735650673,0.10286311184847925,0.010806343871336672,0.6464830288760358
Don't Move,AMC Southcenter 16,ordinary,2026-09-08,2026-09-09,2026-09-11,2026-09-10,1.0,1.0,,0.0,1.0,,0.002242152466367713,34.0,1.0,8.0,1.0,0,1,1,0.10987902980753868,0.290422243284923,0.3370441593918584,0.26265456751567995,1.7524742646156797
Virginia Woolf's Night & Day,AMC Southcenter 16,ordinary,2026-09-08,2026-09-09,2026-09-11,2026-09-10,2.0,6.0,5.0,0.0,1.0,,0.013452914798206279,23.0,0.0,1.0,0.0,0,0,0,0.906905776187412,0.09072047416403087,0.002350538751890139,2.3210896667027547e-05,0.09549118435781223
I'm Game,AMC Southcenter 16,ordinary,2026-09-08,2026-09-09,2026-09-11,2026-09-10,2.0,6.0,5.0,0.0,1.0,,0.013452914798206279,22.0,0.0,1.0,0.0,0,0,0,0.8595304289573052,0.13485201424036708,0.0055306091415081296,8.694766081953317e-05,0.14617407550584194
Mirzapur,AMC Southcenter 16,ordinary,2026-09-08,2026-09-09,2026-09-11,2026-09-10,1.0,6.0,,0.0,1.0,,0.013452914798206279,21.0,0.0,1.0,1.0,0,1,1,0.8384783053574302,0.15396171199694672,0.007422436178646949,0.00013754646697616181,0.1692192237551691
Tom and Jerry: The Forbidden Compass,AMC Southcenter 16,ordinary,2026-09-08,2026-09-09,2026-09-11,2026-09-10,2.0,6.0,5.0,0.0,1.0,,0.013452914798206279,20.0,0.0,1.0,0.0,0,0,0,0.9728603099294459,0.02694806557339761,0.00019111162933823072,5.12867818216818e-07,0.02733182743552872
The Odyssey,AMC Southcenter 16,ordinary,2026-09-15,2026-09-16,2026-09-18,2026-09-17,10.0,25.0,0.041666666666666664,0.7685185185185185,7.0,0.0,0.06009615384615385,6.0,0.0,1.0,1.0,0,3,3,0.2351155514999484,0.41814187335025454,0.2640937718656166,0.08264880328418048,1.1942758269340292
Coyote vs. Acme,AMC Southcenter 16,ambiguous_special,2026-09-15,2026-09-16,2026-09-18,2026-09-17,4.0,27.0,-0.15625,0.38636363636363635,7.0,0.0,0.06490384615384616,4.0,0.0,1.0,1.0,1,,,0.5229651667500761,0.3870425825898403,0.0827325659541555,0.007259684705928067,0.5742867686159355
PAW Patrol: The Dino Movie,AMC Southcenter 16,ordinary,2026-09-15,2026-09-16,2026-09-18,2026-09-17,6.0,6.0,-0.6470588235294118,0.8571428571428571,2.0,-3.0,0.014423076923076924,20.0,0.0,1.0,0.0,0,0,0,0.5295214084198705,0.38360143458767887,0.08003634686905027,0.006840810123400361,0.5641965586959805
Spider-Man: Brand New Day,AMC Southcenter 16,ordinary,2026-09-15,2026-09-16,2026-09-18,2026-09-17,8.0,32.0,-0.5,0.9106145251396648,7.0,0.0,0.07692307692307693,2.0,0.0,1.0,1.0,0,3,3,0.04564092796242123,0.15076786969049774,0.2668403358185864,0.5367508665284947,2.2947011409131544
Practical Magic 2,AMC Southcenter 16,ordinary,2026-09-15,2026-09-16,2026-09-18,2026-09-17,2.0,47.0,6.833333333333333,0.0,7.0,0.0,0.11298076923076923,1.0,0.0,1.0,1.0,0,3,3,0.060838865476395665,0.1903120416325765,0.30134918029324653,0.4474999125977813,2.1355101400124132
Runner,AMC Southcenter 16,ordinary,2026-09-15,2026-09-16,2026-09-18,2026-09-17,2.0,30.0,6.5,0.0,5.0,0.0,0.07211538461538461,3.0,0.0,1.0,1.0,1,,,0.2618741768906997,0.42952577526886465,0.24277327834452964,0.06582676949590603,1.112552640445642
Shaun the Sheep: The Beast of Mossy Bottom,AMC Southcenter 16,ordinary,2026-09-15,2026-09-16,2026-09-18,2026-09-17,1.0,2.0,,0.0,2.0,,0.004807692307692308,25.0,1.0,8.0,1.0,1,,,0.14598850054055396,0.3428215911159388,0.32711096621828395,0.18407894212522335,1.5492803499281766
MST3K: The RiffTrax Experiments - Sting of Death,AMC Southcenter 16,special_event,2026-09-15,2026-09-16,2026-09-18,2026-09-17,2.0,1.0,0.0,0.0,4.0,0.0,0.002403846153846154,29.0,0.0,-2.0,0.0,0,0,0,0.9399296161541035,0.059107493895941714,0.0009570063406837053,5.883609271052981e-06,0.06103915740512229
The End of Oak Street,AMC Southcenter 16,ordinary,2026-09-15,2026-09-16,2026-09-18,2026-09-17,6.0,13.0,-0.5,0.717391304347826,1.0,-5.0,0.03125,13.0,0.0,1.0,0.0,0,0,0,0.3249566295694724,0.4413457612460721,0.1947748896319219,0.03892271955253362,0.9476636991675167
The Passion of the Christ (2026 Event),AMC Southcenter 16,special_event,2026-09-15,2026-09-16,2026-09-18,2026-09-17,2.0,4.0,3.0,0.0,4.0,1.0,0.009615384615384616,24.0,0.0,0.0,0.0,0,0,0,0.9377714144174869,0.06119352107341399,0.0010284991150487032,6.5653940504040306e-06,0.06327021548566261
Insidious: Out of the Further,AMC Southcenter 16,ordinary,2026-09-15,2026-09-16,2026-09-18,2026-09-17,5.0,11.0,-0.5925925925925926,0.8225806451612904,4.0,-1.0,0.026442307692307692,15.0,0.0,1.0,1.0,0,1,1,0.3084599475521317,0.44006149419273194,0.20686477622109561,0.04461378203404076,0.9876323927370455
The Transformers: The Movie 40th Anniversary,AMC Southcenter 16,special_event,2026-09-15,2026-09-16,2026-09-18,2026-09-17,1.0,5.0,,0.0,4.0,,0.01201923076923077,23.0,1.0,8.0,1.0,1,,,0.11278273035958711,0.2952279424683048,0.33698020777297333,0.25500911939913473,1.7342157162116556
The Dog Stars,AMC Southcenter 16,ordinary,2026-09-15,2026-09-16,2026-09-18,2026-09-17,4.0,6.0,-0.7692307692307693,0.8,2.0,-5.0,0.014423076923076924,19.0,0.0,1.0,0.0,0,0,0,0.6238938545261427,0.3260104632340303,0.047349800608974764,0.002745881630852274,0.42894770934453663
Juan Gabriel: Mi Primer Bellas Artes,AMC Southcenter 16,special_event,2026-09-15,2026-09-16,2026-09-18,2026-09-17,1.0,2.0,,0.0,3.0,,0.004807692307692308,28.0,0.0,1.0,0.0,0,0,0,0.7422044353420839,0.2368277344614481,0.020289883748231246,0.0006779464482367612,0.2794413413026209
Oasis: Don't Look Back in Anger,AMC Southcenter 16,ordinary,2026-09-15,2026-09-16,2026-09-18,2026-09-17,2.0,22.0,3.4,0.0,4.0,0.0,0.052884615384615384,9.0,0.0,1.0,1.0,0,1,1,0.43378633330532695,0.42485700006217103,0.12558730351686653,0.01576936311563553,0.7233396964428106
By Any Means,AMC Southcenter 16,ordinary,2026-09-15,2026-09-16,2026-09-18,2026-09-17,3.0,26.0,-0.21212121212121213,0.21212121212121213,7.0,0.0,0.0625,5.0,0.0,1.0,0.0,0,0,0,0.10344222923996974,0.27936473121542965,0.3365712609368787,0.28062177860772186,1.7943725889123527
Onslaught,AMC Southcenter 16,ordinary,2026-09-15,2026-09-16,2026-09-18,2026-09-17,3.0,6.0,-0.8235294117647058,0.8235294117647058,5.0,0.0,0.014423076923076924,21.0,0.0,1.0,0.0,0,0,0,0.8894824825239913,0.10712476150010765,0.0033526831318647725,4.007284403626249e-05,0.11395034629594598
Cars: 20th Anniversary,AMC Southcenter 16,rerelease,2026-09-15,2026-09-16,2026-09-18,2026-09-17,3.0,10.0,-0.4444444444444444,0.4444444444444444,4.0,0.0,0.02403846153846154,17.0,0.0,1.0,0.0,0,0,0,0.976974134257468,0.02288836132907491,0.00013719336364612875,3.110498109224696e-07,0.023163681205799935
Hope,AMC Southcenter 16,ordinary,2026-09-15,2026-09-16,2026-09-18,2026-09-17,2.0,24.0,2.4285714285714284,0.0,6.0,1.0,0.057692307692307696,7.0,0.0,1.0,1.0,1,,,0.18021909407610745,0.37961828740443254,0.30618229852855705,0.13398031999090304,1.3939238444342557
Daniel and the Fiery Furnace,AMC Southcenter 16,ordinary,2026-09-15,2026-09-16,2026-09-18,2026-09-17,1.0,2.0,,0.0,2.0,,0.004807692307692308,27.0,1.0,7.0,1.0,1,,,0.1343025740384707,0.3275372658682748,0.3321818108317513,0.20597834926150319,1.609835935316287
The Uprising,AMC Southcenter 16,ordinary,2026-09-15,2026-09-16,2026-09-18,2026-09-17,2.0,22.0,4.5,0.0,6.0,0.0,0.052884615384615384,8.0,0.0,1.0,1.0,0,1,1,0.17966294603710786,0.3791072048027947,0.3065723100114801,0.1346575391486173,1.3962244422716068
The Fix,AMC Southcenter 16,ordinary,2026-09-15,2026-09-16,2026-09-18,2026-09-17,2.0,15.0,14.0,0.0,4.0,1.0,0.036057692307692304,12.0,0.0,1.0,1.0,0,1,1,0.6775238163188111,0.28758552723916775,0.0333630793292967,0.001527577112724445,0.35889441723593446
Akira,AMC Southcenter 16,ordinary,2026-09-15,2026-09-16,2026-09-18,2026-09-17,3.0,18.0,-0.4,0.4,5.0,0.0,0.04326923076923077,10.0,0.0,1.0,0.0,0,0,0,0.22186867840444982,0.41084536324987525,0.2746307241766802,0.09265523416899474,1.2380725141102198
Resident Evil,AMC Southcenter 16,ordinary,2026-09-15,2026-09-16,2026-09-18,2026-09-17,1.0,11.0,,0.0,7.0,,0.026442307692307692,16.0,1.0,15.0,1.0,0,3,3,0.0010081949191116143,0.003939665795227784,0.010330753836644262,0.9847213854490163,2.978765329815565
Buddy,AMC Southcenter 16,ordinary,2026-09-15,2026-09-16,2026-09-18,2026-09-17,4.0,12.0,-0.4782608695652174,0.5,7.0,0.0,0.028846153846153848,14.0,0.0,1.0,1.0,0,1,1,0.14198641333000833,0.3377554994110919,0.32900350862154776,0.19125457863735199,1.5695262525662435
The Weight,AMC Southcenter 16,ordinary,2026-09-15,2026-09-16,2026-09-18,2026-09-17,1.0,2.0,,0.0,5.0,,0.004807692307692308,26.0,1.0,8.0,1.0,1,,,0.16889339624257357,0.36867061646707405,0.31386108083936326,0.14857490645098906,1.4421174974987678
Ghost in the Shell 30th Anniversary,AMC Southcenter 16,rerelease,2026-09-15,2026-09-16,2026-09-18,2026-09-17,1.0,1.0,,0.0,2.0,,0.002403846153846154,31.0,1.0,8.0,1.0,0,1,1,0.5955763589896754,0.34475118807600313,0.05601350864418245,0.0036589442901389744,0.4677550382347849
Fall 2: Deadpoint,AMC Southcenter 16,ordinary,2026-09-15,2026-09-16,2026-09-18,2026-09-17,3.0,8.0,-0.3333333333333333,0.3333333333333333,3.0,-2.0,0.019230769230769232,18.0,0.0,1.0,0.0,0,0,0,0.9240026088685553,0.07443682435073859,0.0015483164125885051,1.2250368117567671e-05,0.07757020828026831
AMC Screen Unseen: September 13,AMC Southcenter 16,special_event,2026-09-15,2026-09-16,2026-09-18,2026-09-17,1.0,1.0,,0.0,7.0,,0.002403846153846154,32.0,0.0,-2.0,0.0,0,0,0,0.9370765310724106,0.06186458409377792,0.001052088824915004,6.796008896448693e-06,0.06398914977029728
AMC Screen Unseen: September 14,AMC Southcenter 16,special_event,2026-09-15,2026-09-16,2026-09-18,2026-09-17,1.0,1.0,,0.0,7.0,,0.002403846153846154,34.0,0.0,-1.0,0.0,0,0,0,0.7656361112329699,0.21740103461236598,0.016477646760472992,0.00048520739419110964,0.2518119503158853
The Weight Early Access,AMC Southcenter 16,special_event,2026-09-15,2026-09-16,2026-09-18,2026-09-17,1.0,1.0,,0.0,4.0,,0.002403846153846154,33.0,0.0,1.0,0.0,0,0,0,0.8402740645338397,0.1523443465042886,0.007249033231411451,0.00013255573046027782,0.16724008015849234
Don't Move,AMC Southcenter 16,ordinary,2026-09-15,2026-09-16,2026-09-18,2026-09-17,2.0,16.0,15.0,0.0,3.0,2.0,0.038461538461538464,11.0,0.0,1.0,0.0,0,0,0,0.8485220693214428,0.1448849975076289,0.006481623233377832,0.00011130993755047141,0.15818217378703597
Mirzapur,AMC Southcenter 16,ordinary,2026-09-15,2026-09-16,2026-09-18,2026-09-17,2.0,6.0,-0.14285714285714285,0.14285714285714285,1.0,0.0,0.014423076923076924,22.0,0.0,1.0,0.0,0,0,0,0.8291202613442347,0.16235077164202436,0.008363158320493664,0.00016580869324730508,0.1795745143627536
If I Go Will They Miss Me,AMC Southcenter 16,ordinary,2026-09-15,2026-09-16,2026-09-18,2026-09-17,1.0,1.0,,0.0,1.0,,0.002403846153846154,30.0,1.0,9.0,1.0,1,,,0.12943978730952965,0.3207248493915808,0.3338433510816391,0.21599201221725042,1.6363875882066103
The Odyssey,AMC Southcenter 16,ordinary,2026-09-22,2026-09-23,2026-09-25,2026-09-24,11.0,24.0,-0.14285714285714285,0.7391304347826086,6.0,-1.0,0.053691275167785234,7.0,0.0,1.0,1.0,1,,,0.21943958111299502,0.409379032554379,0.27655098135425865,0.0946304049783673,1.2463722101979982
Coyote vs. Acme,AMC Southcenter 16,ambiguous_special,2026-09-22,2026-09-23,2026-09-25,2026-09-24,5.0,25.0,-0.1935483870967742,0.4318181818181818,7.0,0.0,0.05592841163310962,5.0,0.0,1.0,1.0,1,,,0.3848356242370533,0.43707415539794037,0.15435465521204775,0.023735565152958594,0.8169901612809117
Spider-Man: Brand New Day,AMC Southcenter 16,ordinary,2026-09-22,2026-09-23,2026-09-25,2026-09-24,9.0,25.0,-0.2857142857142857,0.9301675977653632,7.0,0.0,0.05592841163310962,6.0,0.0,1.0,1.0,1,,,0.06496815992339999,0.20028298300709407,0.3081367129561808,0.42661214411332526,2.0963928412594317
Practical Magic 2,AMC Southcenter 16,ordinary,2026-09-22,2026-09-23,2026-09-25,2026-09-24,3.0,26.0,-0.48,0.48,7.0,0.0,0.058165548098434,3.0,0.0,1.0,1.0,1,,,0.10114726608304225,0.2752839698598007,0.33617985069876327,0.2873889133583937,1.8098104113325084
Runner,AMC Southcenter 16,ordinary,2026-09-22,2026-09-23,2026-09-25,2026-09-24,3.0,17.0,-0.48484848484848486,0.48484848484848486,6.0,1.0,0.03803131991051454,9.0,0.0,1.0,1.0,1,,,0.16128717703380094,0.3606578376629899,0.31865259312898386,0.15940239217422536,1.4761702004436337
Shaun the Sheep: The Beast of Mossy Bottom,AMC Southcenter 16,ordinary,2026-09-22,2026-09-23,2026-09-25,2026-09-24,2.0,16.0,7.0,0.0,5.0,3.0,0.035794183445190156,10.0,0.0,1.0,1.0,1,,,0.8310057556199131,0.16066586440089742,0.00816857939894203,0.00015980058024748576,0.17748242493952393
Heart of the Beast,AMC Southcenter 16,ordinary,2026-09-22,2026-09-23,2026-09-25,2026-09-24,1.0,4.0,,0.0,7.0,,0.008948545861297539,24.0,1.0,8.0,1.0,1,,,0.005728456290966599,0.02197665357861905,0.05494207488695655,0.9173528152434578,2.8839192490829055
Heaven in Stone and Glass,AMC Southcenter 16,special_event,2026-09-22,2026-09-23,2026-09-25,2026-09-24,1.0,3.0,,0.0,4.0,,0.006711409395973154,25.0,0.0,1.0,0.0,0,0,0,0.5320507642521805,0.3822523774231377,0.0790118516402142,0.00668500668446763,0.560331100756969
Twenty Years of the Met in Cinemas: An Anniversary Celebration,AMC Southcenter 16,rerelease,2026-09-22,2026-09-23,2026-09-25,2026-09-24,1.0,1.0,,0.0,4.0,,0.0022371364653243847,31.0,0.0,-3.0,0.0,0,0,0,0.937794908586733,0.06117082731170557,0.001027706408848513,6.5576927129380735e-06,0.0632459132075414
Insidious: Out of the Further,AMC Southcenter 16,ordinary,2026-09-22,2026-09-23,2026-09-25,2026-09-24,6.0,7.0,-0.4166666666666667,0.8870967741935484,3.0,-1.0,0.015659955257270694,18.0,0.0,1.0,0.0,0,0,0,0.40797159732464516,0.4321697862890668,0.1402764270829196,0.01958218930336842,0.7714692083650113
The Transformers: The Movie 40th Anniversary,AMC Southcenter 16,special_event,2026-09-22,2026-09-23,2026-09-25,2026-09-24,2.0,33.0,5.6,0.0,5.0,1.0,0.0738255033557047,2.0,0.0,1.0,1.0,1,,,0.6480706401829475,0.30913813047047595,0.04066682419364638,0.0021244051529302034,0.39684499431655934
Oasis: Don't Look Back in Anger,AMC Southcenter 16,ordinary,2026-09-22,2026-09-23,2026-09-25,2026-09-24,3.0,6.0,-0.7391304347826086,0.7391304347826086,4.0,0.0,0.013422818791946308,22.0,0.0,1.0,0.0,0,0,0,0.9080175694142015,0.08966710114637846,0.002292984678224138,2.234476119586914e-05,0.09432010478641435
Crunchyroll Anime Nights Sneak Peek - September '26,AMC Southcenter 16,special_event,2026-09-22,2026-09-23,2026-09-25,2026-09-24,1.0,1.0,,0.0,2.0,,0.0022371364653243847,33.0,0.0,-1.0,0.0,0,0,0,0.6604707121325984,0.3001930079535147,0.037482670855629306,0.0018536090582575249,0.3807191768395459
Hope,AMC Southcenter 16,ordinary,2026-09-22,2026-09-23,2026-09-25,2026-09-24,3.0,24.0,-0.1111111111111111,0.1111111111111111,6.0,0.0,0.053691275167785234,8.0,0.0,1.0,1.0,1,,,0.1339844002428351,0.32709985832214733,0.3322993108787533,0.2066164305562643,1.6115477717484468
Daniel and the Fiery Furnace,AMC Southcenter 16,ordinary,2026-09-22,2026-09-23,2026-09-25,2026-09-24,2.0,14.0,6.0,0.0,3.0,1.0,0.03131991051454139,11.0,0.0,1.0,1.0,1,,,0.6529781493394945,0.3056209046836706,0.03938732117151799,0.00201362480531695,0.39043642144265744
Avengers Endgame: Encore,AMC Southcenter 16,ambiguous_special,2026-09-22,2026-09-23,2026-09-25,2026-09-24,1.0,4.0,,0.0,7.0,,0.008948545861297539,23.0,1.0,8.0,1.0,1,,,0.07923111740949705,0.23238448556729568,0.3250253322044845,0.3633590648187228,1.972512344432433
Batman (1989),AMC Southcenter 16,ordinary,2026-09-22,2026-09-23,2026-09-25,2026-09-24,1.0,2.0,,0.0,4.0,,0.0044742729306487695,30.0,0.0,-3.0,0.0,0,0,0,0.31200896861350397,0.4404375377710484,0.20423199975379636,0.04332149386165136,0.9788660188635951
The Lego Batman Movie,AMC Southcenter 16,ordinary,2026-09-22,2026-09-23,2026-09-25,2026-09-24,1.0,2.0,,0.0,4.0,,0.0044742729306487695,29.0,0.0,-2.0,0.0,0,0,0,0.8312517927557053,0.1604458013068364,0.008143377398025599,0.00015902853943274052,0.1772096417211858
Batman: Mask of the Phantasm (2026BD),AMC Southcenter 16,ordinary,2026-09-22,2026-09-23,2026-09-25,2026-09-24,1.0,1.0,,0.0,4.0,,0.0022371364653243847,32.0,0.0,-3.0,0.0,0,0,0,0.5977881741305541,0.3433291857108802,0.05530314885561658,0.0035794913029491187,0.46467395733096073
The Uprising,AMC Southcenter 16,ordinary,2026-09-22,2026-09-23,2026-09-25,2026-09-24,3.0,12.0,-0.5,0.5,6.0,0.0,0.026845637583892617,12.0,0.0,1.0,0.0,0,0,0,0.2509729987224263,0.42540328203609484,0.2514361875677461,0.07218753167373275,1.1448382521927853
The Fix,AMC Southcenter 16,ordinary,2026-09-22,2026-09-23,2026-09-25,2026-09-24,3.0,7.0,-0.5882352941176471,0.5882352941176471,1.0,-3.0,0.015659955257270694,19.0,0.0,1.0,0.0,0,0,0,0.7815727353511593,0.203901877840858,0.014145103288490748,0.00038028351949190943,0.23333293497631524
Resident Evil,AMC Southcenter 16,ordinary,2026-09-22,2026-09-23,2026-09-25,2026-09-24,2.0,86.0,6.818181818181818,0.0,7.0,0.0,0.19239373601789708,1.0,1.0,8.0,1.0,1,,,0.0033790357537401036,0.01308233172582968,0.03348475071688917,0.9500538818035411,2.9302134785702316
Buddy,AMC Southcenter 16,ordinary,2026-09-22,2026-09-23,2026-09-25,2026-09-24,5.0,12.0,-0.14285714285714285,0.5,5.0,-2.0,0.026845637583892617,13.0,0.0,1.0,0.0,0,0,0,0.19994082850974879,0.3960737396241498,0.2917004533729793,0.11228497849312208,1.3163295818494747
The Weight,AMC Southcenter 16,ordinary,2026-09-22,2026-09-23,2026-09-25,2026-09-24,2.0,26.0,5.5,0.0,7.0,2.0,0.058165548098434,4.0,0.0,1.0,1.0,1,,,0.13614413614537926,0.3300463480652759,0.3314787362673494,0.20233077952199544,1.599996159165961
Ghost in the Shell 30th Anniversary,AMC Southcenter 16,rerelease,2026-09-22,2026-09-23,2026-09-25,2026-09-24,2.0,11.0,4.5,0.0,2.0,0.0,0.024608501118568233,17.0,0.0,1.0,0.0,0,0,0,0.9559012629158621,0.04358619315882254,0.0005102793589463772,2.264566368996543e-06,0.04461354557582229
Primetime,AMC Southcenter 16,ordinary,2026-09-22,2026-09-23,2026-09-25,2026-09-24,1.0,3.0,,0.0,7.0,,0.006711409395973154,26.0,1.0,8.0,1.0,1,,,0.008579978697873945,0.03255494681153649,0.0791425937710435,0.8797224807195461,2.8300075765122616
Forgotten Island - Friendship Opening Night Event,AMC Southcenter 16,special_event,2026-09-22,2026-09-23,2026-09-25,2026-09-24,1.0,1.0,,0.0,4.0,,0.0022371364653243847,34.0,0.0,2.0,0.0,0,0,0,0.7367938038765542,0.24123936760392733,0.02123702206929229,0.0007298064502261247,0.2859028310931903
Sunny Dancer,AMC Southcenter 16,ordinary,2026-09-22,2026-09-23,2026-09-25,2026-09-24,1.0,7.0,,0.0,1.0,,0.015659955257270694,20.0,0.0,1.0,0.0,0,0,0,0.8122077232862787,0.17734055789713646,0.010224309355504483,0.0002274094610803972,0.19847140499138663
Dora and the Lost City of Gold,AMC Southcenter 16,ordinary,2026-09-22,2026-09-23,2026-09-25,2026-09-24,1.0,7.0,,0.0,2.0,,0.015659955257270694,21.0,0.0,2.0,0.0,0,0,0,0.9626302440779453,0.03700359356434528,0.0003648000363456744,1.3623213637609716e-06,0.037737280601127916
2026 Rocket League World Championship,AMC Southcenter 16,special_event,2026-09-22,2026-09-23,2026-09-25,2026-09-24,1.0,1.0,,0.0,1.0,,0.0022371364653243847,36.0,0.0,-2.0,0.0,0,0,0,0.8648202418019764,0.1300001293810815,0.0051028985535391015,7.673026340304229e-05,0.14043611727836883
AMC Screen Unseen: September 21,AMC Southcenter 16,special_event,2026-09-22,2026-09-23,2026-09-25,2026-09-24,1.0,1.0,,0.0,7.0,,0.0022371364653243847,35.0,0.0,-1.0,0.0,0,0,0,0.7265661772489576,0.2494997701187974,0.023097848106741575,0.000836204525503485,0.298204079908791
Charlie Harper,AMC Southcenter 16,ordinary,2026-09-22,2026-09-23,2026-09-25,2026-09-24,1.0,2.0,,0.0,2.0,,0.0044742729306487695,27.0,1.0,8.0,1.0,1,,,0.11682115539079854,0.3017285473356667,0.33663114495464874,0.2448191523188861,1.7094482942016225
If I Go Will They Miss Me,AMC Southcenter 16,ordinary,2026-09-22,2026-09-23,2026-09-25,2026-09-24,2.0,11.0,4.5,0.0,3.0,2.0,0.024608501118568233,15.0,0.0,2.0,0.0,1,,,0.7545210427233715,0.2266803440953436,0.018228122203665854,0.0005704909776190403,0.2648480614355324
Forgotten Island - Early Access Screening with Cast Member Q&A,AMC Southcenter 16,special_event,2026-09-22,2026-09-23,2026-09-25,2026-09-24,1.0,1.0,,0.0,2.0,,0.0022371364653243847,37.0,0.0,-2.0,0.0,0,0,0,0.8689078029703193,0.1262375168692973,0.004785230529019837,6.944963136354729e-05,0.1360163268214276
Without Blood,AMC Southcenter 16,ordinary,2026-09-22,2026-09-23,2026-09-25,2026-09-24,2.0,11.0,10.0,0.0,1.0,,0.024608501118568233,16.0,0.0,1.0,0.0,0,0,0,0.9731938359642933,0.02661926783968685,0.0001864022829895373,4.939130302946006e-07,0.026993554144756807
Tiny Fugitives,AMC Southcenter 16,ordinary,2026-09-22,2026-09-23,2026-09-25,2026-09-24,2.0,11.0,10.0,0.0,2.0,,0.024608501118568233,14.0,0.0,1.0,0.0,0,0,0,0.7462056149332854,0.23354709085781467,0.019605829663453492,0.0006414645454464282,0.2746831438210609
The Paradise (Telugu),AMC Southcenter 16,ambiguous_limited,2026-09-22,2026-09-23,2026-09-25,2026-09-24,1.0,2.0,,0.0,5.0,,0.0044742729306487695,28.0,0.0,2.0,0.0,0,0,0,0.8450164644134114,0.14806153433535593,0.0068019904469879345,0.00012001080424475284,0.16202554764206606
David,AMC Woodinville 12,ordinary_title_only,2026-06-29,2026-06-30,2026-07-03,2026-07-02,1.0,2.0,,0.0,4.0,,0.009900990099009901,19.0,0.0,0.0,0.0,0,0,0,0.9909390507367363,0.009039879559273828,2.105118713248444e-05,1.8516857416325952e-08,0.009082037484111046
David,AMC Woodinville 12,ordinary_title_only,2026-06-29,2026-06-30,2026-07-03,2026-07-02,1.0,2.0,,0.0,4.0,,0.009900990099009901,18.0,0.0,2.0,0.0,0,0,0,0.987970098523197,0.011992679149863385,3.7178778026924444e-05,4.3548912742288595e-08,0.01206716735265546
Toy Story 5,AMC Woodinville 12,ordinary,2026-06-29,2026-06-30,2026-07-03,2026-07-02,1.0,20.0,,0.0,7.0,,0.09900990099009901,4.0,1.0,14.0,1.0,0,8,3,0.007849997106532869,0.02986929038850793,0.07313124953033591,0.8891494629746233,2.8435801783730494
Toy Story 5,AMC Woodinville 12,ordinary_title_only,2026-06-29,2026-06-30,2026-07-03,2026-07-02,1.0,28.0,,0.0,7.0,,0.13861386138613863,1.0,1.0,9.0,1.0,0,1,1,0.47389282586584475,0.41006500616822517,0.1048450569264162,0.011197111039513834,0.653346453139599
Young Washington,AMC Woodinville 12,ordinary,2026-06-29,2026-06-30,2026-07-03,2026-07-02,1.0,4.0,,0.0,5.0,,0.019801980198019802,15.0,1.0,9.0,1.0,0,4,3,0.05951938915554898,0.18705867190236655,0.29897208983916734,0.4544498491029172,2.148352398889453
Supergirl,AMC Woodinville 12,ordinary,2026-06-29,2026-06-30,2026-07-03,2026-07-02,1.0,14.0,,0.0,7.0,,0.06930693069306931,5.0,1.0,9.0,1.0,0,2,2,0.02016017443923659,0.07318345067450004,0.15975017038563175,0.7469062045006316,2.6334024049476583
Supergirl,AMC Woodinville 12,ordinary_title_only,2026-06-29,2026-06-30,2026-07-03,2026-07-02,1.0,22.0,,0.0,7.0,,0.10891089108910891,3.0,0.0,1.0,0.0,0,0,0,0.423530066063391,0.4279830687853612,0.13129564605721908,0.017191219094028803,0.7421480181818858
Minions & Monsters,AMC Woodinville 12,ordinary,2026-06-29,2026-06-30,2026-07-03,2026-07-02,1.0,27.0,,0.0,7.0,,0.13366336633663367,2.0,1.0,14.0,1.0,0,5,3,0.0024244704359629708,0.009421643206130245,0.02434982924912682,0.9638040571087799,2.9495334730307237
Jackass: Best and Last,AMC Woodinville 12,ordinary_title_only,2026-06-29,2026-06-30,2026-07-03,2026-07-02,1.0,10.0,,0.0,7.0,,0.04950495049504951,9.0,0.0,1.0,0.0,0,0,0,0.6646540374716812,0.2971324816464823,0.03644461565481907,0.0017688652270174264,0.37532830863717276
Jackass: Best and Last,AMC Woodinville 12,ordinary,2026-06-29,2026-06-30,2026-07-03,2026-07-02,1.0,5.0,,0.0,7.0,,0.024752475247524754,13.0,0.0,2.0,1.0,0,1,1,0.05954512975440145,0.18712245497814667,0.2990194680495841,0.4543129472178678,2.1481002327309184
AMC,AMC Woodinville 12,special_event_title_only,2026-06-29,2026-06-30,2026-07-03,2026-07-02,1.0,1.0,,0.0,7.0,,0.0049504950495049506,21.0,0.0,0.0,0.0,0,0,0,0.9575326977394155,0.041992576696834386,0.000472708783094078,2.016780656021006e-06,0.04294404460499061
Obsession,AMC Woodinville 12,ordinary_title_only,2026-06-29,2026-06-30,2026-07-03,2026-07-02,1.0,13.0,,0.0,7.0,,0.06435643564356436,6.0,0.0,1.0,0.0,0,0,0,0.6271016249837746,0.32381655608457316,0.046426119706573676,0.0026556992250785423,0.42463589317295614
Disclosure Day,AMC Woodinville 12,ordinary_title_only,2026-06-29,2026-06-30,2026-07-03,2026-07-02,1.0,10.0,,0.0,7.0,,0.04950495049504951,8.0,0.0,1.0,0.0,0,0,0,0.6686773618685942,0.29416906970077394,0.03546321867301577,0.0016903497576161357,0.3701665563196539
The Death of Robin Hood,AMC Woodinville 12,ordinary_title_only,2026-06-29,2026-06-30,2026-07-03,2026-07-02,1.0,2.0,,0.0,5.0,,0.009900990099009901,20.0,0.0,1.0,0.0,0,0,0,0.9839669999083805,0.015966684136309528,6.621216996854306e-05,1.0378534138112984e-07,0.016099419832270756
Masters of the Universe,AMC Woodinville 12,ordinary_title_only,2026-06-29,2026-06-30,2026-07-03,2026-07-02,1.0,9.0,,0.0,4.0,,0.04455445544554455,10.0,0.0,1.0,0.0,0,0,0,0.8609221032870111,0.1335774685183441,0.005416258152009303,8.417004263547962e-05,0.14466249495026914
Backrooms,AMC Woodinville 12,ordinary_title_only,2026-06-29,2026-06-30,2026-07-03,2026-07-02,1.0,10.0,,0.0,6.0,,0.04950495049504951,7.0,0.0,1.0,0.0,0,0,0,0.8227694664786676,0.16800580284386982,0.009037459611208463,0.0001872710662541646,0.18664253526504923
Girls Like Girls,AMC Woodinville 12,ordinary_title_only,2026-06-29,2026-06-30,2026-07-03,2026-07-02,1.0,5.0,,0.0,5.0,,0.024752475247524754,14.0,0.0,1.0,0.0,0,0,0,0.8107074391850553,0.17865935581597464,0.010399616924969868,0.0002335880740002088,0.200159353887915
Leviticus,AMC Woodinville 12,ordinary_title_only,2026-06-29,2026-06-30,2026-07-03,2026-07-02,1.0,4.0,,0.0,5.0,,0.019801980198019802,17.0,0.0,1.0,0.0,0,0,0,0.8652011929852533,0.12964995574875582,0.005072821706731723,7.602955925913447e-05,0.14002368783999666
Obsession,AMC Woodinville 12,ordinary,2026-06-29,2026-06-30,2026-07-03,2026-07-02,1.0,5.0,,0.0,6.0,,0.024752475247524754,12.0,0.0,2.0,1.0,0,3,3,0.13413331808874557,0.3273047260432488,0.3322444641296008,0.20631749173840483,1.6107461295176648
Disclosure Day,AMC Woodinville 12,ordinary,2026-06-29,2026-06-30,2026-07-03,2026-07-02,1.0,5.0,,0.0,7.0,,0.024752475247524754,11.0,0.0,2.0,1.0,0,4,3,0.07177107444042816,0.21603479514798285,0.3173571294521044,0.3948370009594846,2.0352600569306456
Backrooms,AMC Woodinville 12,ordinary_title_only,2026-06-29,2026-06-30,2026-07-03,2026-07-02,1.0,4.0,,0.0,5.0,,0.019801980198019802,16.0,0.0,2.0,0.0,0,0,0,0.7528600878919025,0.2280571457458184,0.01849860669541345,0.0005841596668656381,0.26680683813724226
How to Train Your Dragon,AMC Woodinville 12,ordinary_title_only,2026-07-06,2026-07-07,2026-07-10,2026-07-09,1.0,4.0,,0.0,4.0,,0.009708737864077669,13.0,0.0,2.0,0.0,0,0,0,0.9631700304703691,0.036474455899826515,0.0003542106910577231,1.302938746672859e-06,0.037186786098181976
Toy Story 5,AMC Woodinville 12,ordinary,2026-07-06,2026-07-07,2026-07-10,2026-07-09,2.0,71.0,1.9583333333333333,0.0,7.0,0.0,0.17233009708737865,2.0,1.0,10.0,1.0,0,7,3,0.002185029895411422,0.00849910717992875,0.022019278624607796,0.967296584300052,2.9544274173293004
Toy Story 5,AMC Woodinville 12,ordinary_title_only,2026-07-06,2026-07-07,2026-07-10,2026-07-09,2.0,6.0,-0.7857142857142857,0.7857142857142857,2.0,-5.0,0.014563106796116505,11.0,0.0,2.0,0.0,0,0,0,0.98011053591772,0.019787111346387443,0.00010215331785615475,1.9941803638556907e-07,0.01999201623620891
Young Washington,AMC Woodinville 12,ordinary,2026-07-06,2026-07-07,2026-07-10,2026-07-09,2.0,48.0,5.0,0.0,7.0,2.0,0.11650485436893204,3.0,0.0,2.0,1.0,0,3,3,0.09089562647655308,0.25612826043718473,0.33278907162035837,0.32018704146590377,1.8822675280756127
Supergirl,AMC Woodinville 12,ordinary,2026-07-06,2026-07-07,2026-07-10,2026-07-09,2.0,39.0,1.6,0.0,7.0,0.0,0.09466019417475728,4.0,0.0,2.0,1.0,0,1,1,0.05123579074300236,0.16586412285185959,0.2814822414781498,0.5014178449269884,2.2330821405891244
Minions & Monsters,AMC Woodinville 12,ordinary,2026-07-06,2026-07-07,2026-07-10,2026-07-09,2.0,99.0,2.193548387096774,0.0,7.0,0.0,0.24029126213592233,1.0,1.0,10.0,1.0,0,4,3,0.00017813984588830172,0.0006983748276947736,0.0018470984552765776,0.9972763868711404,2.9962217323516693
Minions & Monsters,AMC Woodinville 12,ordinary_title_only,2026-07-06,2026-07-07,2026-07-10,2026-07-09,1.0,2.0,,0.0,5.0,1.0,0.0048543689320388345,16.0,0.0,0.0,0.0,0,0,0,0.9733595886919346,0.02645584252628292,0.00018408410987113172,4.846719113298463e-07,0.026825464761759173
Jackass: Best and Last,AMC Woodinville 12,ordinary,2026-07-06,2026-07-07,2026-07-10,2026-07-09,2.0,26.0,2.25,0.0,7.0,0.0,0.06310679611650485,8.0,0.0,2.0,0.0,0,0,0,0.12623894362659963,0.31608952668563745,0.33477100094095646,0.22290052874680655,1.65433311480797
Moana,AMC Woodinville 12,ordinary,2026-07-06,2026-07-07,2026-07-10,2026-07-09,1.0,10.0,,0.0,7.0,,0.024271844660194174,9.0,1.0,14.0,1.0,0,4,3,0.002871591118707642,0.01113972342298214,0.028659517057528346,0.957329168400782,2.9404462627403847
Gail Daughtry and the Celebrity Sex Pass,AMC Woodinville 12,ordinary,2026-07-06,2026-07-07,2026-07-10,2026-07-09,1.0,2.0,,0.0,4.0,,0.0048543689320388345,15.0,1.0,9.0,1.0,0,1,1,0.3175734001168503,0.4409158115239481,0.20013874784155414,0.041372040517647445,0.9653094287599986
Evil Dead Burn,AMC Woodinville 12,ordinary,2026-07-06,2026-07-07,2026-07-10,2026-07-09,1.0,4.0,,0.0,7.0,,0.009708737864077669,12.0,1.0,14.0,1.0,0,2,2,0.013861960127986465,0.05153981446767367,0.11915606674842982,0.8154421586559101,2.7361784239322633
Obsession,AMC Woodinville 12,ordinary,2026-07-06,2026-07-07,2026-07-10,2026-07-09,2.0,30.0,2.0,0.0,7.0,1.0,0.07281553398058252,6.0,0.0,2.0,1.0,0,2,2,0.1039438282041635,0.2802468306828242,0.3366405412577653,0.279168799855247,1.7910343127640957
Disclosure Day,AMC Woodinville 12,ordinary,2026-07-06,2026-07-07,2026-07-10,2026-07-09,2.0,27.0,2.0,0.0,7.0,0.0,0.06553398058252427,7.0,0.0,2.0,1.0,0,3,3,0.1141417673879745,0.29743912722305343,0.3368954906116014,0.25152361477737073,1.7258009527783684
The Invite,AMC Woodinville 12,ordinary,2026-07-06,2026-07-07,2026-07-10,2026-07-09,1.0,3.0,,0.0,7.0,,0.007281553398058253,14.0,1.0,9.0,1.0,0,3,3,0.020584759001906948,0.07460491540753919,0.16223835854067373,0.7425719670498802,2.626797533638527
Backrooms: Everything Must Go Edition w/ Bonus Footage,AMC Woodinville 12,ordinary,2026-07-06,2026-07-07,2026-07-10,2026-07-09,1.0,33.0,,0.0,6.0,,0.08009708737864078,5.0,0.0,2.0,1.0,0,2,2,0.10760559783932482,0.2865812131023335,0.3369775381079279,0.2688356509504138,1.7670432421694307
Masters of the Universe,AMC Woodinville 12,ordinary_title_only,2026-07-06,2026-07-07,2026-07-10,2026-07-09,2.0,8.0,7.0,0.0,4.0,3.0,0.019417475728155338,10.0,0.0,2.0,0.0,0,0,0,0.9923989331508976,0.007586255835440011,1.4800108877396093e-05,1.0904785038174412e-08,0.007615888767549917
The Lego Movie,AMC Woodinville 12,ordinary,2026-07-14,2026-07-15,2026-07-17,2026-07-16,1.0,4.0,,0.0,4.0,,0.009925558312655087,14.0,0.0,1.0,0.0,0,0,0,0.7320349035304148,0.2450958703381139,0.022091311612289066,0.0007779145191822727,0.29161223712023887
My Neighbor Totoro - Studio Ghibli Fest 2026,AMC Woodinville 12,special_event,2026-07-14,2026-07-15,2026-07-17,2026-07-16,1.0,6.0,,0.0,4.0,,0.01488833746898263,13.0,0.0,1.0,0.0,0,0,0,0.9551599382524096,0.04430983784904277,0.0005278401717543844,2.3837267932123235e-06,0.045372669372931176
Toy Story 5,AMC Woodinville 12,ordinary,2026-07-14,2026-07-15,2026-07-17,2026-07-16,3.0,59.0,-0.2236842105263158,0.2236842105263158,7.0,0.0,0.14640198511166252,2.0,1.0,8.0,1.0,0,6,3,0.028617353122269432,0.10063777209839908,0.2041455997517585,0.666599275027573,2.508726796684635
Young Washington,AMC Woodinville 12,ordinary,2026-07-14,2026-07-15,2026-07-17,2026-07-16,3.0,27.0,-0.4807692307692308,0.4807692307692308,7.0,0.0,0.06699751861042183,7.0,0.0,1.0,1.0,0,2,2,0.15632276053648297,0.3551281298011306,0.3215873509543833,0.16696175870800312,1.4991881078339064
Supergirl,AMC Woodinville 12,ordinary,2026-07-14,2026-07-15,2026-07-17,2026-07-16,3.0,26.0,-0.4090909090909091,0.4090909090909091,6.0,-1.0,0.06451612903225806,8.0,0.0,1.0,0.0,0,0,0,0.2147388150337729,0.4064242896423853,0.280251016776381,0.09858587854746083,1.2626839588375298
Minions & Monsters,AMC Woodinville 12,ordinary,2026-07-14,2026-07-15,2026-07-17,2026-07-16,3.0,57.0,-0.42424242424242425,0.42424242424242425,7.0,0.0,0.141439205955335,3.0,0.0,2.0,1.0,0,3,3,0.005444962836936826,0.020912059212983038,0.05242798436019777,0.9212149935898823,2.8894130087030256
The Odyssey,AMC Woodinville 12,ordinary,2026-07-14,2026-07-15,2026-07-17,2026-07-16,1.0,11.0,,0.0,7.0,,0.02729528535980149,11.0,1.0,14.0,1.0,0,12,3,0.0016055154495842683,0.00625913337037574,0.016312457139591684,0.9758228940404482,2.966352729770904
Moana,AMC Woodinville 12,ordinary,2026-07-14,2026-07-15,2026-07-17,2026-07-16,2.0,67.0,5.7,0.0,7.0,0.0,0.1662531017369727,1.0,1.0,9.0,1.0,0,3,3,0.006026583535997748,0.02309366285311818,0.057564306768510015,0.9133154468423741,2.8781686169172604
Gail Daughtry and the Celebrity Sex Pass,AMC Woodinville 12,ordinary,2026-07-14,2026-07-15,2026-07-17,2026-07-16,2.0,30.0,9.0,0.0,5.0,1.0,0.07444168734491315,6.0,0.0,1.0,0.0,0,0,0,0.5842543748009179,0.35191457327851194,0.059741587720382336,0.004089464200187799,0.48366614131984004
Minions & Monsters,AMC Woodinville 12,other,2026-07-14,2026-07-15,2026-07-17,2026-07-16,1.0,1.0,,0.0,2.0,,0.0024813895781637717,15.0,0.0,-3.0,0.0,0,0,0,0.9912671086150969,0.008713324563151806,1.9550253232460535e-05,1.6568518806963203e-08,0.008752474775173148
Evil Dead Burn,AMC Woodinville 12,ordinary,2026-07-14,2026-07-15,2026-07-17,2026-07-16,2.0,41.0,7.2,0.0,7.0,0.0,0.10173697270471464,4.0,1.0,8.0,1.0,0,1,1,0.05556175541047686,0.17710054381944934,0.2911915364067712,0.4761461643633027,2.1879221097228996
Obsession,AMC Woodinville 12,ordinary,2026-07-14,2026-07-15,2026-07-17,2026-07-16,3.0,15.0,-0.53125,0.53125,6.0,-1.0,0.03722084367245657,9.0,0.0,1.0,1.0,0,1,1,0.32265516133768124,0.4412363762310183,0.1964385026975342,0.039669959733766254,0.9531232608273855
Disclosure Day,AMC Woodinville 12,ordinary,2026-07-14,2026-07-15,2026-07-17,2026-07-16,3.0,12.0,-0.5862068965517241,0.5862068965517241,7.0,0.0,0.02977667493796526,10.0,0.0,1.0,1.0,0,2,2,0.41177296624220333,0.43121046677532726,0.13804620736310239,0.018970359619366977,0.764213960359633
The Invite,AMC Woodinville 12,ordinary,2026-07-14,2026-07-15,2026-07-17,2026-07-16,2.0,35.0,10.666666666666666,0.0,7.0,0.0,0.08684863523573201,5.0,0.0,1.0,1.0,0,2,2,0.25844478035761026,0.4283022814616693,0.24549229349321167,0.06776064468750882,1.122568802510619
The Invite,AMC Woodinville 12,ordinary_title_only,2026-07-14,2026-07-15,2026-07-17,2026-07-16,1.0,1.0,,0.0,1.0,,0.0024813895781637717,16.0,0.0,-3.0,0.0,0,0,0,0.9900427206556169,0.009931817812153357,2.5436922023640138e-05,2.4610206065550996e-08,0.009982765486818835
Backrooms: Everything Must Go Edition w/ Bonus Footage,AMC Woodinville 12,ordinary,2026-07-14,2026-07-15,2026-07-17,2026-07-16,2.0,11.0,-0.6857142857142857,0.6857142857142857,5.0,-1.0,0.02729528535980149,12.0,0.0,1.0,1.0,0,1,1,0.45152125606602395,0.4188026188810531,0.11610834006323102,0.01356778498969193,0.6917226539765908
Sonic The Hedgehog 3,AMC Woodinville 12,accessibility_presentation,2026-07-20,2026-07-21,2026-07-24,2026-07-23,1.0,4.0,,0.0,4.0,,0.010471204188481676,12.0,0.0,2.0,0.0,0,0,0,0.9973394418735236,0.0026587502184601706,1.807444186457825e-06,4.638297359803327e-10,0.0026623664983222942
Bad Counselors,AMC Woodinville 12,special_event,2026-07-20,2026-07-21,2026-07-24,2026-07-23,1.0,1.0,,0.0,4.0,,0.002617801047120419,14.0,1.0,7.0,1.0,0,1,1,0.8689081515146148,0.12623719553717855,0.00478520391560026,6.944903260643744e-05,0.13601595046619838
Toy Story 5,AMC Woodinville 12,ordinary,2026-07-20,2026-07-21,2026-07-24,2026-07-23,4.0,45.0,-0.3076923076923077,0.40789473684210525,7.0,0.0,0.11780104712041885,3.0,0.0,2.0,1.0,0,5,3,0.0587258997884091,0.18508627565016417,0.2974916388650845,0.45869618569634224,2.15615811046936
Young Washington,AMC Woodinville 12,ordinary,2026-07-20,2026-07-21,2026-07-24,2026-07-23,4.0,18.0,-0.3793103448275862,0.6538461538461539,4.0,-3.0,0.04712041884816754,7.0,0.0,2.0,1.0,0,1,1,0.38240820290178595,0.4374919275956895,0.1558820825669844,0.02421778693554018,0.8219094535362789
Minions & Monsters,AMC Woodinville 12,ordinary,2026-07-20,2026-07-21,2026-07-24,2026-07-23,4.0,39.0,-0.3389830508474576,0.6060606060606061,7.0,0.0,0.10209424083769633,4.0,0.0,2.0,1.0,0,2,2,0.05976625664400323,0.18766987022265277,0.2994248127680922,0.4531390603652518,2.1459366768545927
The Odyssey,AMC Woodinville 12,ordinary,2026-07-20,2026-07-21,2026-07-24,2026-07-23,2.0,123.0,9.25,0.0,7.0,0.0,0.3219895287958115,1.0,1.0,14.0,1.0,0,11,3,6.267169718879915e-05,0.0002458077934999675,0.0006509054138838054,0.9990406150954275,2.99866946390755
Moana,AMC Woodinville 12,ordinary,2026-07-20,2026-07-21,2026-07-24,2026-07-23,3.0,45.0,-0.34782608695652173,0.34782608695652173,7.0,0.0,0.11780104712041885,2.0,0.0,3.0,1.0,0,2,2,0.017612106652450443,0.06455402826272637,0.1441816924786742,0.773652172606149,2.673873931038522
Hadestown: The Musical,AMC Woodinville 12,ordinary,2026-07-20,2026-07-21,2026-07-24,2026-07-23,1.0,6.0,,0.0,7.0,,0.015706806282722512,10.0,1.0,9.0,1.0,0,3,3,0.020134160786909883,0.07309620792035232,0.15959676134446757,0.7471728699482703,2.6338083404540984
Evil Dead Burn,AMC Woodinville 12,ordinary,2026-07-20,2026-07-21,2026-07-24,2026-07-23,3.0,33.0,-0.1951219512195122,0.1951219512195122,7.0,0.0,0.08638743455497382,5.0,0.0,2.0,0.0,0,0,0,0.13813867830407822,0.33272077191051164,0.3306743544190151,0.19846619536639504,1.589468066847727
Obsession,AMC Woodinville 12,ordinary,2026-07-20,2026-07-21,2026-07-24,2026-07-23,4.0,18.0,0.0,0.4375,5.0,-1.0,0.04712041884816754,8.0,0.0,2.0,0.0,0,0,0,0.5221926398948139,0.38744270222350075,0.0830541529007337,0.007310504980951633,0.5754825229678231
Disclosure Day,AMC Woodinville 12,ordinary,2026-07-20,2026-07-21,2026-07-24,2026-07-23,4.0,12.0,-0.2,0.5862068965517241,5.0,-2.0,0.031413612565445025,9.0,0.0,2.0,1.0,0,1,1,0.8184213355287379,0.17185946775965658,0.009516096375536891,0.00020310033606868238,0.19150096151893642
The Invite,AMC Woodinville 12,ordinary,2026-07-20,2026-07-21,2026-07-24,2026-07-23,3.0,30.0,-0.25,0.25,7.0,0.0,0.07853403141361257,6.0,0.0,2.0,1.0,0,1,1,0.16514814696847083,0.36479347077335694,0.3162618715771887,0.15379651068098357,1.458706745970685
Backrooms: Everything Must Go Edition w/ Bonus Footage,AMC Woodinville 12,ordinary,2026-07-20,2026-07-21,2026-07-24,2026-07-23,3.0,6.0,-0.5384615384615384,0.8285714285714286,4.0,-1.0,0.015706806282722512,11.0,0.0,2.0,0.0,0,0,0,0.9021157192507162,0.09524986622174365,0.0026072007325767354,2.7213794963396772e-05,0.10054590907178731
AMC Screen Unseen: July 20,AMC Woodinville 12,special_event,2026-07-20,2026-07-21,2026-07-24,2026-07-23,1.0,2.0,,0.0,7.0,,0.005235602094240838,13.0,0.0,0.0,0.0,0,0,0,0.9357725390430157,0.06312310808020045,0.0010971091140681017,7.243762715728164e-06,0.06533905759648384
The Fifth Element (2026 Event),AMC Woodinville 12,special_event,2026-07-27,2026-07-28,2026-07-31,2026-07-30,1.0,2.0,,0.0,4.0,,0.005571030640668524,14.0,0.0,0.0,0.0,0,0,0,0.9621371653344182,0.037486803724865785,0.00037461278908313024,1.4181516329115274e-06,0.038240283757930774
The Bad Guys 2,AMC Woodinville 12,ordinary,2026-07-27,2026-07-28,2026-07-31,2026-07-30,1.0,4.0,,0.0,4.0,,0.011142061281337047,12.0,0.0,2.0,0.0,0,0,0,0.7268970633587448,0.24923416519707106,0.023036187566144072,0.0008325838780400454,0.29780429196347935
Bad Counselors,AMC Woodinville 12,special_event,2026-07-27,2026-07-28,2026-07-31,2026-07-30,2.0,4.0,3.0,0.0,4.0,0.0,0.011142061281337047,13.0,0.0,0.0,0.0,0,0,0,0.9265052234500645,0.07203817641163567,0.00144556922601541,1.1030912284443507e-05,0.07496240760051981
Toy Story 5,AMC Woodinville 12,ordinary,2026-07-27,2026-07-28,2026-07-31,2026-07-30,5.0,38.0,-0.24,0.5,7.0,0.0,0.10584958217270195,3.0,0.0,3.0,1.0,0,4,3,0.05244198977573566,0.16903472332467503,0.284323174219484,0.4942001126801053,2.2202814098039587
Young Washington,AMC Woodinville 12,ordinary,2026-07-27,2026-07-28,2026-07-31,2026-07-30,5.0,6.0,-0.6842105263157895,0.8846153846153846,3.0,-1.0,0.016713091922005572,11.0,0.0,2.0,0.0,0,0,0,0.9591055954080228,0.040454725556143344,0.00043788298151731367,1.79605431658434e-06,0.04133587968212772
Minions & Monsters,AMC Woodinville 12,ordinary,2026-07-27,2026-07-28,2026-07-31,2026-07-30,5.0,32.0,-0.2727272727272727,0.6767676767676768,7.0,0.0,0.08913649025069638,5.0,0.0,2.0,1.0,0,1,1,0.05457291648588547,0.17456486947014652,0.2890874493538284,0.4817747646901397,2.198064062248222
The Odyssey,AMC Woodinville 12,ordinary,2026-07-27,2026-07-28,2026-07-31,2026-07-30,3.0,108.0,-0.12195121951219512,0.12195121951219512,7.0,0.0,0.3008356545961003,1.0,1.0,9.0,1.0,0,10,3,0.00023092446196127124,0.0009051228877285558,0.0023926056349917743,0.9964713470153184,2.9951043752036672
Moana,AMC Woodinville 12,ordinary,2026-07-27,2026-07-28,2026-07-31,2026-07-30,4.0,35.0,-0.2222222222222222,0.4927536231884058,5.0,-2.0,0.09749303621169916,4.0,0.0,3.0,1.0,0,1,1,0.1292143309429489,0.32040232463635204,0.3339131679957166,0.21647017642498242,1.6376391899027325
Hadestown: The Musical,AMC Woodinville 12,ordinary,2026-07-27,2026-07-28,2026-07-31,2026-07-30,2.0,49.0,4.444444444444445,0.0,7.0,0.0,0.13649025069637882,2.0,0.0,2.0,1.0,0,2,2,0.052937718784827274,0.17032931040630703,0.2854601480169135,0.4912728227919523,2.2150680748159908
Spider-Man: Brand New Day Dolby Opening Night Fan Event,AMC Woodinville 12,special_event,2026-07-27,2026-07-28,2026-07-31,2026-07-30,1.0,1.0,,0.0,4.0,,0.002785515320334262,17.0,0.0,3.0,0.0,0,0,0,0.9375959628872038,0.06136298499939281,0.0010344290092554093,6.623104147969523e-06,0.06345171233034753
Spider-Man: Brand New Day,AMC Woodinville 12,ordinary,2026-07-27,2026-07-28,2026-07-31,2026-07-30,1.0,27.0,,0.0,7.0,,0.07520891364902507,6.0,1.0,14.0,1.0,0,10,3,4.289891991535902e-06,1.6829453529444398e-05,4.459187631101562e-05,0.999934288778168,2.9999088795406554
Moana: Sensory Friendly Screening,AMC Woodinville 12,accessibility_presentation,2026-07-27,2026-07-28,2026-07-31,2026-07-30,1.0,1.0,,0.0,2.0,,0.002785515320334262,16.0,0.0,-2.0,0.0,0,0,0,0.9988909173089797,0.0011087688888596905,3.1376864712358994e-07,3.3513465875663206e-11,0.0011093965266943352
Disclosure Day,AMC Woodinville 12,ordinary,2026-07-27,2026-07-28,2026-07-31,2026-07-30,5.0,7.0,-0.46153846153846156,0.7586206896551724,4.0,-1.0,0.019498607242339833,10.0,0.0,2.0,0.0,0,0,0,0.934143463490882,0.06469396911311014,0.0011547361296196698,7.83126638823386e-06,0.06702693517151419
The Invite,AMC Woodinville 12,ordinary,2026-07-27,2026-07-28,2026-07-31,2026-07-30,4.0,19.0,-0.4411764705882353,0.525,6.0,-1.0,0.052924791086350974,7.0,0.0,2.0,0.0,0,0,0,0.20630137739614374,0.4007224549654806,0.2868232764987872,0.10615289113958845,1.2928276813818202
AMC Screen Unseen: July 27,AMC Woodinville 12,special_event,2026-07-27,2026-07-28,2026-07-31,2026-07-30,1.0,2.0,,0.0,7.0,,0.005571030640668524,15.0,0.0,0.0,0.0,0,0,0,0.9288169810900219,0.06981909696216,0.0013539401297087508,9.981818109389485e-06,0.07255692267590566
Her Private Hell,AMC Woodinville 12,ordinary,2026-07-27,2026-07-28,2026-07-31,2026-07-30,2.0,16.0,15.0,0.0,7.0,3.0,0.04456824512534819,8.0,0.0,2.0,0.0,0,0,0,0.7087510079798676,0.2636342145078731,0.02656465758682114,0.0010501199254382104,0.31991388945783
Motor City,AMC Woodinville 12,ordinary,2026-07-27,2026-07-28,2026-07-31,2026-07-30,2.0,8.0,7.0,0.0,5.0,2.0,0.022284122562674095,9.0,0.0,2.0,0.0,0,0,0,0.8844502866591819,0.11182574251000069,0.003677749596684554,4.62212341328586e-05,0.11931990540576838
Willy Wonka & the Chocolate Factory 55th Anniversary,AMC Woodinville 12,special_event,2026-08-03,2026-08-04,2026-08-07,2026-08-06,1.0,2.0,,0.0,4.0,,0.005208333333333333,10.0,0.0,2.0,0.0,0,0,0,0.9666345484007038,0.03307444934637452,0.00029003918856235835,9.630643592801588e-07,0.033657416916577074
The Spongebob Movie: Search for Squarepants,AMC Woodinville 12,ordinary,2026-08-03,2026-08-04,2026-08-07,2026-08-06,1.0,4.0,,0.0,4.0,,0.010416666666666666,9.0,0.0,2.0,0.0,0,0,0,0.7403424209987555,0.23834916895953798,0.020612949579349952,0.0006954604623566137,0.28166144950530775
Toy Story 5,AMC Woodinville 12,ordinary,2026-08-03,2026-08-04,2026-08-07,2026-08-06,6.0,28.0,-0.2631578947368421,0.631578947368421,6.0,-1.0,0.07291666666666667,3.0,0.0,2.0,1.0,0,3,3,0.09117358691713921,0.25666818685984516,0.3329196879530386,0.31923853826997706,1.8802231775758536
Minions & Monsters,AMC Woodinville 12,ordinary,2026-08-03,2026-08-04,2026-08-07,2026-08-06,6.0,24.0,-0.29411764705882354,0.7575757575757576,7.0,0.0,0.0625,5.0,0.0,2.0,0.0,0,0,0,0.06958980309006901,0.21107373156117565,0.31464924780522435,0.40468721754353093,2.0544338798022173
The Odyssey,AMC Woodinville 12,ordinary,2026-08-03,2026-08-04,2026-08-07,2026-08-06,4.0,73.0,-0.3302752293577982,0.4065040650406504,7.0,0.0,0.19010416666666666,2.0,1.0,9.0,1.0,0,9,3,0.0025498868381897575,0.009904168006354545,0.025564223638733313,0.9619817215167223,2.946977779833988
Moana,AMC Woodinville 12,ordinary,2026-08-03,2026-08-04,2026-08-07,2026-08-06,5.0,24.0,-0.3142857142857143,0.6521739130434783,4.0,-1.0,0.0625,4.0,0.0,2.0,0.0,0,0,0,0.29432838871591066,0.43799566742846213,0.2175095617139176,0.05016638214170954,1.023513937281426
Hadestown: The Musical,AMC Woodinville 12,ordinary,2026-08-03,2026-08-04,2026-08-07,2026-08-06,3.0,21.0,-0.5882352941176471,0.5882352941176471,7.0,0.0,0.0546875,6.0,0.0,2.0,1.0,0,1,1,0.1633177461595799,0.3628506047186797,0.3174064146898094,0.15642523443193107,1.4669391373940917
Spider-Man: Brand New Day,AMC Woodinville 12,ordinary,2026-08-03,2026-08-04,2026-08-07,2026-08-06,2.0,197.0,5.566666666666666,0.0,7.0,0.0,0.5130208333333334,1.0,1.0,14.0,1.0,0,9,3,1.9984778974247898e-08,7.840256672096393e-08,2.0774725298808733e-07,0.9999996938654013,2.9999995754932764
"DCI 2026: Big, Loud and Live",AMC Woodinville 12,special_event,2026-08-03,2026-08-04,2026-08-07,2026-08-06,1.0,1.0,,0.0,4.0,,0.0026041666666666665,11.0,0.0,3.0,0.0,0,0,0,0.9802841233010837,0.019615315957356945,0.00010036655593239371,1.9418562694172616e-07,0.019816631626102556
Super Troopers 3,AMC Woodinville 12,ordinary,2026-08-03,2026-08-04,2026-08-07,2026-08-06,1.0,4.0,,0.0,6.0,,0.010416666666666666,8.0,1.0,14.0,1.0,0,2,2,0.05473333434525269,0.17497753631666965,0.28943330699441644,0.48085582234366125,2.1964116173364863
Super Troopers 3: Special Broken Lizard Fan Event,AMC Woodinville 12,special_event,2026-08-03,2026-08-04,2026-08-07,2026-08-06,1.0,1.0,,0.0,6.0,,0.0026041666666666665,12.0,0.0,3.0,0.0,0,0,0,0.8884630498725219,0.10807845200221185,0.0034172297371292634,4.126838813700123e-05,0.11503671664088137
AMC Scream Unseen: August 3,AMC Woodinville 12,special_event,2026-08-03,2026-08-04,2026-08-07,2026-08-06,1.0,1.0,,0.0,7.0,,0.0026041666666666665,13.0,0.0,0.0,0.0,0,0,0,0.944733098021412,0.05445489096959762,0.0008074669425097362,4.5440664806056715e-06,0.05608345705405891
One Night Only,AMC Woodinville 12,ambiguous_special,2026-08-03,2026-08-04,2026-08-07,2026-08-06,1.0,4.0,,0.0,7.0,,0.010416666666666666,7.0,1.0,9.0,1.0,0,3,3,0.26158689819227354,0.4294258240820234,0.24300078835471114,0.06598648937099191,1.1133868689044215
Muppet Treasure Island,AMC Woodinville 12,ordinary,2026-08-10,2026-08-11,2026-08-14,2026-08-13,1.0,4.0,,0.0,4.0,,0.011019283746556474,9.0,0.0,2.0,0.0,0,0,0,0.7546849471724104,0.226544340178031,0.018201557083372413,0.0005691555661861806,0.2646549210433344
Only Yesterday 35th Anniversary - Studio Ghibli Fest 2026,AMC Woodinville 12,rerelease,2026-08-10,2026-08-11,2026-08-14,2026-08-13,1.0,3.0,,0.0,4.0,,0.008264462809917356,11.0,0.0,1.0,0.0,0,0,0,0.8058008873810736,0.18295969125406047,0.010984753727181093,0.0002546676376848501,0.20569320162147722
Tales from Earthsea 20th Anniversary - Studio Ghibli Fest 2026,AMC Woodinville 12,rerelease,2026-08-10,2026-08-11,2026-08-14,2026-08-13,1.0,2.0,,0.0,4.0,,0.005509641873278237,12.0,0.0,0.0,0.0,0,0,0,0.9757510493956711,0.024096308805028006,0.0001522777549280155,3.640443728353306e-07,0.024401956448002544
Toy Story 5,AMC Woodinville 12,ordinary,2026-08-10,2026-08-11,2026-08-14,2026-08-13,7.0,27.0,-0.15625,0.6447368421052632,4.0,-2.0,0.0743801652892562,5.0,0.0,2.0,1.0,0,2,2,0.16245119526688356,0.361919677345413,0.3179413185689976,0.1576878088187059,1.470865740939526
The Odyssey,AMC Woodinville 12,ordinary,2026-08-10,2026-08-11,2026-08-14,2026-08-13,5.0,48.0,-0.3684210526315789,0.6097560975609756,7.0,0.0,0.1322314049586777,2.0,0.0,2.0,1.0,0,8,3,0.019142063902547277,0.06975585337775535,0.15366215245939305,0.7574399302603043,2.6493999490774547
Hadestown: The Musical,AMC Woodinville 12,ordinary,2026-08-10,2026-08-11,2026-08-14,2026-08-13,4.0,12.0,-0.5,0.7647058823529411,3.0,-4.0,0.03305785123966942,7.0,0.0,2.0,0.0,0,0,0,0.6816994851091911,0.2844462336663948,0.03239902247972241,0.0014552587446916825,0.35361005485991465
Spider-Man: Brand New Day,AMC Woodinville 12,ordinary,2026-08-10,2026-08-11,2026-08-14,2026-08-13,3.0,165.0,-0.18316831683168316,0.18316831683168316,7.0,0.0,0.45454545454545453,1.0,1.0,9.0,1.0,0,8,3,4.428755065973422e-07,1.737448229647712e-06,4.603784356307939e-06,0.9999932158919075,2.9999905926926647
Spider-Man: Brand New Day: Sensory Friendly Screening,AMC Woodinville 12,accessibility_presentation,2026-08-10,2026-08-11,2026-08-14,2026-08-13,1.0,1.0,,0.0,2.0,,0.0027548209366391185,13.0,0.0,-2.0,0.0,0,0,0,0.9990306794518853,0.0009690808759205525,2.3964982603501524e-07,2.2368128412856802e-11,0.0009695602426770078
Super Troopers 3,AMC Woodinville 12,ordinary,2026-08-10,2026-08-11,2026-08-14,2026-08-13,2.0,39.0,8.75,0.0,6.0,0.0,0.10743801652892562,3.0,1.0,7.0,1.0,0,1,1,0.12102557205891626,0.30827546084993496,0.3359710044512858,0.2347279626398631,1.6844013576720958
Nimrods Early Access – Green Day Intro + Bonus Performance,AMC Woodinville 12,special_event,2026-08-10,2026-08-11,2026-08-14,2026-08-13,1.0,1.0,,0.0,4.0,,0.0027548209366391185,14.0,0.0,1.0,0.0,0,0,0,0.9208066078086483,0.07749452061757708,0.0016849314480595616,1.3940125715037424e-05,0.08090620389084133
PAW Patrol: The Dino Movie - Early Access,AMC Woodinville 12,special_event,2026-08-10,2026-08-11,2026-08-14,2026-08-13,1.0,1.0,,0.0,4.0,,0.0027548209366391185,15.0,0.0,-2.0,0.0,0,0,0,0.9843178856755734,0.015618686068555718,6.333119351078798e-05,9.706236005992973e-08,0.015745639642657475
PAW Patrol: The Dino Movie,AMC Woodinville 12,ordinary,2026-08-10,2026-08-11,2026-08-14,2026-08-13,1.0,3.0,,0.0,7.0,,0.008264462809917356,10.0,1.0,9.0,1.0,0,4,3,0.034771439051936956,0.11952087008747267,0.2304148352641371,0.6152928555964533,2.4262291074051068
The End of Oak Street,AMC Woodinville 12,ordinary,2026-08-10,2026-08-11,2026-08-14,2026-08-13,1.0,4.0,,0.0,7.0,,0.011019283746556474,8.0,1.0,9.0,1.0,0,4,3,0.020289830451156045,0.07361802033488704,0.1605131243193899,0.7455790248945671,2.631381343657368
AMC Screen Unseen: August 10,AMC Woodinville 12,special_event,2026-08-10,2026-08-11,2026-08-14,2026-08-13,1.0,1.0,,0.0,7.0,,0.0027548209366391185,16.0,0.0,0.0,0.0,0,0,0,0.9401764086345101,0.058868780817476075,0.0009490016462379733,5.808901775821181e-06,0.06078421081527949
One Night Only,AMC Woodinville 12,ambiguous_special,2026-08-10,2026-08-11,2026-08-14,2026-08-13,2.0,38.0,8.5,0.0,7.0,0.0,0.1046831955922865,4.0,0.0,2.0,1.0,0,2,2,0.7818851841681133,0.20363498118426968,0.014101419128082656,0.00037841551953440226,0.2329730659990382
Ice Cream Man,AMC Woodinville 12,ordinary,2026-08-10,2026-08-11,2026-08-14,2026-08-13,2.0,14.0,6.0,0.0,5.0,2.0,0.03856749311294766,6.0,0.0,2.0,0.0,0,0,0,0.65628300108702,0.30323530684965844,0.03853997809618016,0.0019417139671414041,0.3861404049434429
Six: The Musical Live!,AMC Woodinville 12,special_event,2026-08-17,2026-08-18,2026-08-21,2026-08-20,2.0,15.0,4.0,0.0,7.0,,0.04189944134078212,9.0,0.0,2.0,1.0,0,1,1,0.7763792305197376,0.2083257439944481,0.014882659615823548,0.00041236586999080193,0.2393281608360676
Toy Story 5,AMC Woodinville 12,ordinary,2026-08-17,2026-08-18,2026-08-21,2026-08-20,8.0,17.0,-0.45161290322580644,0.7763157894736842,3.0,-1.0,0.04748603351955307,8.0,0.0,2.0,1.0,0,1,1,0.2974704025733851,0.43853533369397385,0.21512134242153264,0.04887292131110844,1.0153967824703645
The Odyssey,AMC Woodinville 12,ordinary,2026-08-17,2026-08-18,2026-08-21,2026-08-20,6.0,45.0,-0.21052631578947367,0.6341463414634146,7.0,0.0,0.12569832402234637,2.0,0.0,2.0,1.0,0,7,3,0.022449683457247054,0.08079355643519805,0.17282443155573954,0.7239323285518153,2.598239405202123
Spider-Man: Brand New Day,AMC Woodinville 12,ordinary,2026-08-17,2026-08-18,2026-08-21,2026-08-20,4.0,103.0,-0.3941176470588235,0.4900990099009901,7.0,0.0,0.2877094972067039,1.0,0.0,2.0,1.0,0,7,3,0.0004597322186191099,0.0018003335142650853,0.004747735837189004,0.9929921984299268,2.9902724004784234
Super Troopers 3,AMC Woodinville 12,ordinary,2026-08-17,2026-08-18,2026-08-21,2026-08-20,3.0,32.0,-0.23809523809523808,0.23809523809523808,6.0,0.0,0.0893854748603352,5.0,0.0,2.0,0.0,0,0,0,0.1437891699402661,0.34005882216610117,0.32816970596372197,0.18798230192991083,1.5603451398832777
Texas Chainsaw Day (2026),AMC Woodinville 12,special_event,2026-08-17,2026-08-18,2026-08-21,2026-08-20,1.0,1.0,,0.0,5.0,,0.002793296089385475,17.0,0.0,1.0,0.0,0,0,0,0.9109223392037497,0.08691129053867974,0.0021461811205027975,2.0189137067808444e-05,0.09126422019088877
La La Land 10th Anniversary,AMC Woodinville 12,rerelease,2026-08-17,2026-08-18,2026-08-21,2026-08-20,1.0,7.0,,0.0,4.0,,0.019553072625698324,11.0,0.0,0.0,1.0,0,1,1,0.8880881280845518,0.10842902269275442,0.003441134849441844,4.1714373251887325e-05,0.11543643551139376
PAW Patrol: The Dino Movie,AMC Woodinville 12,ordinary,2026-08-17,2026-08-18,2026-08-21,2026-08-20,2.0,32.0,7.0,0.0,7.0,0.0,0.0893854748603352,4.0,0.0,2.0,1.0,0,3,3,0.190131307001817,0.38828647933059707,0.2990463095043868,0.12253590416319915,1.3539868108289683
The End of Oak Street,AMC Woodinville 12,ordinary,2026-08-17,2026-08-18,2026-08-21,2026-08-20,2.0,39.0,6.8,0.0,7.0,0.0,0.10893854748603352,3.0,0.0,2.0,1.0,0,3,3,0.13172333178596804,0.32395802880389246,0.33309947879849405,0.2112191606116454,1.6238144682358167
One Night Only,AMC Woodinville 12,ambiguous_special,2026-08-17,2026-08-18,2026-08-21,2026-08-20,3.0,19.0,-0.5476190476190477,0.5476190476190477,7.0,0.0,0.05307262569832402,7.0,0.0,2.0,1.0,0,1,1,0.7569848776769014,0.22463327245826156,0.017831181470016177,0.0005506683948208986,0.2619476405827566
Insidious: Out of the Further,AMC Woodinville 12,ordinary,2026-08-17,2026-08-18,2026-08-21,2026-08-20,1.0,4.0,,0.0,7.0,,0.0111731843575419,12.0,1.0,14.0,1.0,0,4,3,0.02236164463781677,0.08050340524400493,0.17233700073934624,0.724797949378832,2.5995712548591934
Mutiny,AMC Woodinville 12,ordinary,2026-08-17,2026-08-18,2026-08-21,2026-08-20,1.0,3.0,,0.0,6.0,,0.008379888268156424,14.0,1.0,9.0,1.0,0,2,2,0.04680000649173931,0.15394875047468404,0.2700807236180166,0.52917051941556,2.2816217559573975
Hot Spot,AMC Woodinville 12,ordinary,2026-08-17,2026-08-18,2026-08-21,2026-08-20,1.0,4.0,,0.0,4.0,,0.0111731843575419,13.0,1.0,9.0,1.0,0,1,1,0.05925022329241566,0.18639094562883662,0.29847423601853074,0.45588459506021695,2.150993202846549
Tony,AMC Woodinville 12,ordinary,2026-08-17,2026-08-18,2026-08-21,2026-08-20,1.0,3.0,,0.0,5.0,,0.008379888268156424,15.0,1.0,9.0,1.0,0,3,3,0.04245093512406129,0.1418660868821343,0.25732217469535346,0.5583608032984511,2.3315928461681943
The Rivals of Amziah King,AMC Woodinville 12,ordinary,2026-08-17,2026-08-18,2026-08-21,2026-08-20,2.0,21.0,6.0,0.0,4.0,2.0,0.05865921787709497,6.0,0.0,2.0,0.0,0,0,0,0.6597009172860908,0.30075386729438663,0.03767565937966539,0.001869556039857162,0.3817138541732889
Nimrods,AMC Woodinville 12,ordinary,2026-08-17,2026-08-18,2026-08-21,2026-08-20,2.0,11.0,4.5,0.0,5.0,3.0,0.030726256983240222,10.0,0.0,2.0,0.0,0,0,0,0.7757687208902169,0.2088442265257189,0.014970785143856788,0.00041626744020744884,0.24003459913405484
The Brink of War,AMC Woodinville 12,ordinary,2026-08-17,2026-08-18,2026-08-21,2026-08-20,1.0,1.0,,0.0,6.0,3.0,0.002793296089385475,16.0,0.0,-2.0,0.0,0,0,0,0.7149505426264344,0.25875292293511826,0.025325216691461774,0.0009713177469855615,0.3123173095589985
AMC Scream Unseen: August 17,AMC Woodinville 12,special_event,2026-08-17,2026-08-18,2026-08-21,2026-08-20,1.0,1.0,,0.0,7.0,,0.002793296089385475,18.0,0.0,0.0,0.0,0,0,0,0.9302696879713861,0.06842298633022154,0.0012979664678185118,9.359230573851261e-06,0.07104699695758011
Six: The Musical Live!,AMC Woodinville 12,special_event,2026-08-25,2026-08-26,2026-08-28,2026-08-27,3.0,10.0,-0.4117647058823529,0.4117647058823529,5.0,-2.0,0.028409090909090908,9.0,0.0,1.0,0.0,0,0,0,0.9874702165584487,0.012489388241783595,4.03459523496971e-05,4.924741801948892e-08,0.012570227888737049
Castle in the Sky 40th Anniversary - Studio Ghibli Fest 2026,AMC Woodinville 12,rerelease,2026-08-25,2026-08-26,2026-08-28,2026-08-27,1.0,6.0,,0.0,4.0,,0.017045454545454544,12.0,0.0,1.0,0.0,0,0,0,0.9635129332332155,0.0361382339279488,0.00034756669370035725,1.2661451353228735e-06,0.036837165750755484
Toy Story 5,AMC Woodinville 12,ordinary,2026-08-25,2026-08-26,2026-08-28,2026-08-27,9.0,8.0,-0.5789473684210527,0.8947368421052632,3.0,0.0,0.022727272727272728,11.0,0.0,1.0,0.0,0,0,0,0.7515851993215397,0.22911217243046184,0.018707807543000624,0.0005948207049978756,0.2683122496314567
The Odyssey,AMC Woodinville 12,ordinary,2026-08-25,2026-08-26,2026-08-28,2026-08-27,7.0,37.0,-0.27450980392156865,0.6991869918699187,7.0,0.0,0.10511363636363637,2.0,0.0,1.0,1.0,0,6,3,0.0351769204899434,0.1207339491737791,0.23198949477328412,0.6120996355629934,2.4210118454093275
Spider-Man: Brand New Day,AMC Woodinville 12,ordinary,2026-08-25,2026-08-26,2026-08-28,2026-08-27,5.0,66.0,-0.42105263157894735,0.6732673267326733,7.0,0.0,0.1875,1.0,1.0,3.0,1.0,0,6,3,0.0071410776221864335,0.02724645718448748,0.06717391406372245,0.8984385511296037,2.8569099387007433
American Martyr: The Stanley Rother Story,AMC Woodinville 12,special_event,2026-08-25,2026-08-26,2026-08-28,2026-08-27,1.0,3.0,,0.0,4.0,,0.008522727272727272,18.0,0.0,2.0,0.0,0,0,0,0.7954962146136533,0.1919270355107781,0.012273230745695144,0.0003035191298734704,0.2173840543917888
La La Land 10th Anniversary,AMC Woodinville 12,rerelease,2026-08-25,2026-08-26,2026-08-28,2026-08-27,2.0,6.0,-0.25,0.25,3.0,-1.0,0.017045454545454544,14.0,0.0,1.0,0.0,0,0,0,0.9985587500289138,0.001440719924200807,5.299733013442007e-07,7.358403805540661e-11,0.0014417800915556096
PAW Patrol: The Dino Movie,AMC Woodinville 12,ordinary,2026-08-25,2026-08-26,2026-08-28,2026-08-27,3.0,27.0,-0.25,0.25,7.0,0.0,0.07670454545454546,8.0,0.0,1.0,1.0,0,2,2,0.14213465373215517,0.33794622820832015,0.32893613587911474,0.19098298218041,1.5687674465077794
The End of Oak Street,AMC Woodinville 12,ordinary,2026-08-25,2026-08-26,2026-08-28,2026-08-27,3.0,32.0,-0.2727272727272727,0.2727272727272727,7.0,0.0,0.09090909090909091,4.0,0.0,1.0,1.0,0,2,2,0.14704006010669837,0.34412438693689423,0.32658923472153584,0.18224631823487167,1.5440418110845808
Coyote vs. Acme,AMC Woodinville 12,ambiguous_special,2026-08-25,2026-08-26,2026-08-28,2026-08-27,1.0,4.0,,0.0,6.0,,0.011363636363636364,15.0,1.0,8.0,1.0,0,4,3,0.2773504138741009,0.43424474495760157,0.2306044732609039,0.05780036790739355,1.0688547952015899
One Night Only,AMC Woodinville 12,ambiguous_special,2026-08-25,2026-08-26,2026-08-28,2026-08-27,4.0,9.0,-0.55,0.7857142857142857,2.0,-5.0,0.02556818181818182,10.0,0.0,1.0,0.0,0,0,0,0.995021765236944,0.004971894114266635,6.3375985673591366e-06,3.0502220389820937e-09,0.004984578462067471
Insidious: Out of the Further,AMC Woodinville 12,ordinary,2026-08-25,2026-08-26,2026-08-28,2026-08-27,2.0,35.0,7.75,0.0,7.0,0.0,0.09943181818181818,3.0,1.0,8.0,1.0,0,3,3,0.057193581674626334,0.18124318939825765,0.2945212964222023,0.4670419325049137,2.1714115797574034
Coyote vs. Acme Early Access,AMC Woodinville 12,special_event,2026-08-25,2026-08-26,2026-08-28,2026-08-27,1.0,1.0,,0.0,5.0,,0.002840909090909091,22.0,0.0,-2.0,0.0,0,0,0,0.977949914715228,0.021924081352092253,0.0001257312228857859,2.7270979399875365e-07,0.022176361927245824
The Dog Stars,AMC Woodinville 12,ordinary,2026-08-25,2026-08-26,2026-08-28,2026-08-27,1.0,4.0,,0.0,7.0,,0.011363636363636364,16.0,1.0,8.0,1.0,0,3,3,0.016078948986718654,0.05927914648056811,0.13426629351829963,0.7903756110144136,2.6989385665604084
PAW Patrol: The Dino Movie: Sensory Friendly Screening,AMC Woodinville 12,accessibility_presentation,2026-08-25,2026-08-26,2026-08-28,2026-08-27,1.0,1.0,,0.0,2.0,,0.002840909090909091,20.0,0.0,-3.0,0.0,0,0,0,0.9987527154880278,0.0012468875911392666,3.968731543661994e-07,4.767856927408968e-11,0.001247681480483707
Mutiny,AMC Woodinville 12,ordinary,2026-08-25,2026-08-26,2026-08-28,2026-08-27,2.0,31.0,9.333333333333334,0.0,7.0,1.0,0.08806818181818182,5.0,0.0,1.0,1.0,0,1,1,0.30757062342770886,0.4399584663050488,0.20752714288535604,0.04494376738188625,0.9898440542214196
Harry Potter And The Philosopher's Stone: 25th Anniversary,AMC Woodinville 12,rerelease,2026-08-25,2026-08-26,2026-08-28,2026-08-27,1.0,1.0,,0.0,3.0,,0.002840909090909091,21.0,1.0,8.0,1.0,0,1,1,0.9378309511654207,0.0611360120134742,0.0010264909309497946,6.545890155305518e-06,0.06320863154583971
Finding Emily,AMC Woodinville 12,ordinary,2026-08-25,2026-08-26,2026-08-28,2026-08-27,1.0,4.0,,0.0,5.0,,0.011363636363636364,17.0,1.0,8.0,1.0,0,2,2,0.039341160063984026,0.13297590240295243,0.24714213420407294,0.5805408033289907,2.3688825807980702
Hot Spot,AMC Woodinville 12,ordinary,2026-08-25,2026-08-26,2026-08-28,2026-08-27,2.0,30.0,6.5,0.0,4.0,0.0,0.08522727272727272,6.0,0.0,1.0,0.0,0,0,0,0.5449519267350117,0.3751899167837511,0.07392033737166641,0.00593781910957081,0.5408440488557963
Tony,AMC Woodinville 12,ordinary,2026-08-25,2026-08-26,2026-08-28,2026-08-27,2.0,29.0,6.25,0.0,5.0,0.0,0.08238636363636363,7.0,0.0,1.0,1.0,0,2,2,0.47599446755553193,0.4091843495919428,0.10382596407780606,0.01099521877471931,0.6498219340717128
AMC Scream Unseen: August 24,AMC Woodinville 12,special_event,2026-08-25,2026-08-26,2026-08-28,2026-08-27,1.0,2.0,,0.0,7.0,,0.005681818181818182,19.0,0.0,-1.0,0.0,0,0,0,0.9203079712019526,0.07797101666819133,0.0017067945108431165,1.4217619012934164e-05,0.08142725854691636
The Fast and the Furious 25th Anniversary,AMC Woodinville 12,rerelease,2026-08-25,2026-08-26,2026-08-28,2026-08-27,2.0,6.0,5.0,0.0,4.0,1.0,0.017045454545454544,13.0,0.0,1.0,0.0,0,0,0,0.9827548482567955,0.017168359094343687,7.666323734768658e-05,1.294115131377613e-07,0.01732207380357847
The Odyssey,AMC Woodinville 12,ordinary,2026-08-31,2026-09-01,2026-09-04,2026-09-03,8.0,28.0,-0.3170731707317073,0.7723577235772358,7.0,0.0,0.07756232686980609,6.0,0.0,2.0,1.0,0,5,3,0.03183392281933659,0.1106188884588616,0.21844670874907882,0.639100479972723,2.4648137458751886
Spider-Man: Brand New Day,AMC Woodinville 12,ordinary,2026-08-31,2026-09-01,2026-09-04,2026-09-03,6.0,39.0,-0.4583333333333333,0.806930693069307,7.0,0.0,0.10803324099722991,2.0,0.0,2.0,1.0,0,5,3,0.03529095966035024,0.12107443988383354,0.23242907594576454,0.6112055245100516,2.4195491653055177
Terminator 2: Judgment Day 35th Anniversary,AMC Woodinville 12,rerelease,2026-08-31,2026-09-01,2026-09-04,2026-09-03,1.0,12.0,,0.0,4.0,,0.0332409972299169,11.0,0.0,2.0,0.0,0,0,0,0.9656425527802251,0.03404864996982172,0.0003077439357713529,1.0533141817747864e-06,0.03466729778390975
The Hunger Games (2026),AMC Woodinville 12,special_event,2026-08-31,2026-09-01,2026-09-04,2026-09-03,1.0,1.0,,0.0,4.0,,0.002770083102493075,22.0,0.0,3.0,0.0,0,0,0,0.8001666156567999,0.18787362436074534,0.011679175445416138,0.0002805845370385928,0.21207372886269338
PAW Patrol: The Dino Movie,AMC Woodinville 12,ordinary,2026-08-31,2026-09-01,2026-09-04,2026-09-03,4.0,21.0,-0.3225806451612903,0.4166666666666667,5.0,-2.0,0.05817174515235457,9.0,0.0,2.0,1.0,0,1,1,0.199694017518418,0.3958871141083348,0.2918880907282301,0.11253077764501714,1.3172556284998465
The End of Oak Street,AMC Woodinville 12,ordinary,2026-08-31,2026-09-01,2026-09-04,2026-09-03,4.0,26.0,-0.2972972972972973,0.4090909090909091,7.0,0.0,0.07202216066481995,8.0,0.0,2.0,1.0,0,1,1,0.09163124904464917,0.2575546267213274,0.3331297203454606,0.3176844038885628,1.876867279077937
Coyote vs. Acme,AMC Woodinville 12,ambiguous_special,2026-08-31,2026-09-01,2026-09-04,2026-09-03,2.0,42.0,7.4,0.0,7.0,1.0,0.11634349030470914,1.0,0.0,2.0,1.0,0,3,3,0.6983167168114339,0.27175726069266354,0.028731957524586363,0.0011940649713162003,0.3328033706557849
Insidious: Out of the Further,AMC Woodinville 12,ordinary,2026-08-31,2026-09-01,2026-09-04,2026-09-03,3.0,29.0,-0.17142857142857143,0.17142857142857143,7.0,0.0,0.08033240997229917,5.0,0.0,2.0,1.0,0,2,2,0.15134999074011518,0.34934317085377364,0.3243517959857705,0.1749550424203406,1.5229118900863365
The Dog Stars,AMC Woodinville 12,ordinary,2026-08-31,2026-09-01,2026-09-04,2026-09-03,2.0,37.0,8.25,0.0,7.0,0.0,0.10249307479224377,3.0,0.0,2.0,1.0,0,2,2,0.2056853180186467,0.4002855898009618,0.2872989170958616,0.10673017508452999,1.2950739492462748
Mutiny,AMC Woodinville 12,ordinary,2026-08-31,2026-09-01,2026-09-04,2026-09-03,3.0,21.0,-0.4166666666666667,0.4166666666666667,7.0,0.0,0.05817174515235457,10.0,0.0,2.0,0.0,0,0,0,0.1422642592311781,0.33811278556693636,0.328877055554041,0.1907458996478445,1.5681045956185518
Harry Potter And The Philosopher's Stone: 25th Anniversary,AMC Woodinville 12,rerelease,2026-08-31,2026-09-01,2026-09-04,2026-09-03,2.0,3.0,2.0,0.0,4.0,1.0,0.008310249307479225,20.0,0.0,2.0,0.0,0,0,0,0.957076822155948,0.04243803528680315,0.0004830585043586923,2.0840528901352153e-06,0.04341040445419094
Harry Potter and the Sorcerer’s Stone: 25th Anniversary,AMC Woodinville 12,rerelease,2026-08-31,2026-09-01,2026-09-04,2026-09-03,1.0,5.0,,0.0,4.0,3.0,0.013850415512465374,15.0,0.0,1.0,0.0,0,0,0,0.8755585343783223,0.1200907710133177,0.004292012615138209,5.86819932217838e-05,0.1288508422232595
Finding Emily,AMC Woodinville 12,ordinary,2026-08-31,2026-09-01,2026-09-04,2026-09-03,2.0,30.0,6.5,0.0,5.0,0.0,0.08310249307479224,4.0,0.0,2.0,1.0,0,1,1,0.40856253389912794,0.4320234107070293,0.13992819993205027,0.01948585546179251,0.7703373769565075
Tony,AMC Woodinville 12,ordinary,2026-08-31,2026-09-01,2026-09-04,2026-09-03,3.0,27.0,-0.20588235294117646,0.20588235294117646,5.0,0.0,0.07479224376731301,7.0,0.0,2.0,1.0,0,1,1,0.2687915416160516,0.43179461952817827,0.23731145789091138,0.06210238096485878,1.0927246782045774
AMC Screen Unseen: August 31,AMC Woodinville 12,special_event,2026-08-31,2026-09-01,2026-09-04,2026-09-03,1.0,2.0,,0.0,7.0,,0.00554016620498615,21.0,0.0,0.0,0.0,0,0,0,0.898092800324039,0.09904253088212299,0.0028337368575388788,3.093193629908442e-05,0.10480280040609799
By Any Means,AMC Woodinville 12,ordinary,2026-08-31,2026-09-01,2026-09-04,2026-09-03,1.0,4.0,,0.0,7.0,,0.0110803324099723,16.0,1.0,9.0,1.0,0,3,3,0.01715755988226763,0.06299667128652202,0.14128614180759091,0.7785596270236195,2.6812478359725627
Onslaught,AMC Woodinville 12,ordinary,2026-08-31,2026-09-01,2026-09-04,2026-09-03,1.0,3.0,,0.0,5.0,,0.008310249307479225,18.0,1.0,9.0,1.0,0,2,2,0.05124595987548463,0.1658909760896581,0.2815066397984456,0.5013564242364117,2.2329735283957843
The Uprising: Early Access Live Q&A with Paul Greengrass and Andrew Garfield,AMC Woodinville 12,special_event,2026-08-31,2026-09-01,2026-09-04,2026-09-03,1.0,1.0,,0.0,7.0,,0.002770083102493075,23.0,0.0,3.0,0.0,0,0,0,0.8307031975965317,0.16093641813825868,0.008199630522902748,0.00016075374230692252,0.17781794041098495
It Ends,AMC Woodinville 12,ordinary,2026-08-31,2026-09-01,2026-09-04,2026-09-03,2.0,5.0,4.0,0.0,5.0,,0.013850415512465374,14.0,0.0,2.0,0.0,0,0,0,0.8948145751901635,0.10212539744568734,0.00302581143710914,3.4215927040017054e-05,0.10827966810102567
Buddy,AMC Woodinville 12,ordinary,2026-08-31,2026-09-01,2026-09-04,2026-09-03,2.0,10.0,9.0,0.0,4.0,,0.027700831024930747,12.0,0.0,2.0,1.0,0,3,3,0.8041415229134694,0.18440961109873666,0.011186759293006847,0.0002621066947870735,0.20756944976911157
Idiots,AMC Woodinville 12,ordinary,2026-08-31,2026-09-01,2026-09-04,2026-09-03,2.0,8.0,7.0,0.0,4.0,2.0,0.0221606648199446,13.0,0.0,2.0,0.0,0,0,0,0.8776625411278138,0.11813989318659011,0.004142025339827157,5.554034576889714e-05,0.1265905649035511
Akira,AMC Woodinville 12,ordinary,2026-08-31,2026-09-01,2026-09-04,2026-09-03,1.0,3.0,,0.0,3.0,,0.008310249307479225,19.0,1.0,9.0,1.0,0,2,2,0.06631037802087125,0.2034564619223489,0.31014117688859033,0.42009198316818946,2.084014765204098
Fall 2: Deadpoint,AMC Woodinville 12,ordinary,2026-08-31,2026-09-01,2026-09-04,2026-09-03,1.0,4.0,,0.0,4.0,,0.0110803324099723,17.0,1.0,9.0,1.0,0,1,1,0.11862756336043587,0.30456865697945446,0.33638305546676855,0.24042072419334118,1.6985969404930152
The Odyssey,AMC Woodinville 12,ordinary,2026-09-08,2026-09-09,2026-09-11,2026-09-10,9.0,27.0,-0.15625,0.7804878048780488,7.0,0.0,0.08463949843260188,3.0,0.0,1.0,1.0,0,4,3,0.05063178744727696,0.16426539254932487,0.28001924640853804,0.5050835735948602,2.239554606150982
Spider-Man: Brand New Day,AMC Woodinville 12,ordinary,2026-09-08,2026-09-09,2026-09-11,2026-09-10,7.0,37.0,-0.1590909090909091,0.8168316831683168,7.0,0.0,0.11598746081504702,1.0,0.0,2.0,1.0,0,4,3,0.04767142466181036,0.15632164885617286,0.2724435950119459,0.5235633314700708,2.2718988332902774
Runner,AMC Woodinville 12,ordinary,2026-09-08,2026-09-09,2026-09-11,2026-09-10,1.0,4.0,,0.0,5.0,,0.012539184952978056,18.0,1.0,8.0,1.0,0,3,3,0.025872363215290933,0.09192229968770284,0.19087254243946958,0.6913327946575366,2.5476657685392516
The Hunger Games: Catching Fire (2026),AMC Woodinville 12,special_event,2026-09-08,2026-09-09,2026-09-11,2026-09-10,1.0,1.0,,0.0,4.0,,0.003134796238244514,24.0,0.0,-4.0,0.0,0,0,0,0.8524367729218179,0.14132716197407102,0.006133919894646367,0.00010214520946474194,0.153901437391758
The Hunger Games: Mockingjay - Part 1 (2026),AMC Woodinville 12,special_event,2026-09-08,2026-09-09,2026-09-11,2026-09-10,1.0,1.0,,0.0,4.0,,0.003134796238244514,25.0,0.0,-3.0,0.0,0,0,0,0.8246296704512219,0.16635262791396158,0.008836916854690964,0.0001807847801255393,0.18456881596372013
The Hunger Games: Mockingjay - Part 2 (2026),AMC Woodinville 12,special_event,2026-09-08,2026-09-09,2026-09-11,2026-09-10,1.0,1.0,,0.0,4.0,,0.003134796238244514,26.0,0.0,-2.0,0.0,0,0,0,0.7928558815057987,0.194210498624057,0.012616530109370706,0.0003170897607736264,0.2203948281251193
MST3K: The RiffTrax Experiments - Sting of Death,AMC Woodinville 12,special_event,2026-09-08,2026-09-09,2026-09-11,2026-09-10,1.0,1.0,,0.0,4.0,,0.003134796238244514,23.0,1.0,5.0,1.0,0,1,1,0.844625435997163,0.14841529749201535,0.00683825546250817,0.00012101104831348311,0.16245484156197215
PAW Patrol: The Dino Movie,AMC Woodinville 12,ordinary,2026-09-08,2026-09-09,2026-09-11,2026-09-10,5.0,14.0,-0.4166666666666667,0.6111111111111112,5.0,0.0,0.0438871473354232,10.0,0.0,1.0,0.0,0,0,0,0.3459943866922499,0.441354051999842,0.17993344746779108,0.03271811384011705,0.8993752884557753
The End of Oak Street,AMC Woodinville 12,ordinary,2026-09-08,2026-09-09,2026-09-11,2026-09-10,5.0,15.0,-0.4827586206896552,0.6590909090909091,6.0,-1.0,0.047021943573667714,9.0,0.0,1.0,0.0,0,0,0,0.19877314082687467,0.3951866240253441,0.2925870232847592,0.11345321186302197,1.3207203061839285
Coyote vs. Acme,AMC Woodinville 12,ambiguous_special,2026-09-08,2026-09-09,2026-09-11,2026-09-10,3.0,30.0,-0.3877551020408163,0.3877551020408163,7.0,0.0,0.09404388714733543,2.0,0.0,1.0,1.0,0,2,2,0.7356705598138733,0.24215163333253842,0.021436859656529864,0.0007409471970584038,0.28724819423677334
Insidious: Out of the Further,AMC Woodinville 12,ordinary,2026-09-08,2026-09-09,2026-09-11,2026-09-10,4.0,21.0,-0.34375,0.4,5.0,-2.0,0.06583072100313479,8.0,0.0,1.0,1.0,0,1,1,0.2381550971577777,0.41965459578489406,0.2616672874027251,0.08052301965460314,1.1845582295541537
The Dog Stars,AMC Woodinville 12,ordinary,2026-09-08,2026-09-09,2026-09-11,2026-09-10,3.0,24.0,-0.4146341463414634,0.4146341463414634,7.0,0.0,0.07523510971786834,7.0,0.0,1.0,1.0,0,1,1,0.21017134889360836,0.4034022805461646,0.28382139213178087,0.10260497842844617,1.278860000095065
Finding Emily,AMC Woodinville 12,ordinary,2026-09-08,2026-09-09,2026-09-11,2026-09-10,3.0,5.0,-0.8387096774193549,0.8387096774193549,5.0,0.0,0.01567398119122257,17.0,0.0,0.0,0.0,0,0,0,0.886769310087164,0.10966144381522003,0.003525935734312746,4.331036330325014e-05,0.11684324637375526
Tony,AMC Woodinville 12,ordinary,2026-09-08,2026-09-09,2026-09-11,2026-09-10,4.0,7.0,-0.75,0.7941176470588235,4.0,-1.0,0.0219435736677116,13.0,0.0,1.0,0.0,0,0,0,0.9307445830789907,0.06796631868834566,0.0012799365424138115,9.161690249877159e-06,0.07055367684392291
Practical Magic 2,AMC Woodinville 12,ordinary,2026-09-08,2026-09-09,2026-09-11,2026-09-10,1.0,6.0,,0.0,7.0,,0.018808777429467086,14.0,1.0,8.0,1.0,0,4,3,0.010678631536030988,0.040191553529906096,0.09575354051526602,0.8533762744187969,2.791827457816829
Oasis: Don't Look Back in Anger,AMC Woodinville 12,ordinary,2026-09-08,2026-09-09,2026-09-11,2026-09-10,1.0,3.0,,0.0,4.0,,0.009404388714733543,20.0,1.0,8.0,1.0,0,2,2,0.04367764260494673,0.14531505518490198,0.26108922220881425,0.5499180800013371,2.317247739606542
By Any Means,AMC Woodinville 12,ordinary,2026-09-08,2026-09-09,2026-09-11,2026-09-10,2.0,27.0,5.75,0.0,7.0,0.0,0.08463949843260188,4.0,0.0,1.0,1.0,0,2,2,0.21497850962005197,0.4065787361975125,0.28006292673160504,0.09837982745083049,1.261844072013214
HOPE Premium Early Access,AMC Woodinville 12,special_event,2026-09-08,2026-09-09,2026-09-11,2026-09-10,1.0,1.0,,0.0,4.0,,0.003134796238244514,27.0,0.0,-1.0,0.0,0,0,0,0.9431018780388778,0.05603637767875117,0.0008567718549938271,4.972427377207397e-06,0.05776483867087045
The Uprising,AMC Woodinville 12,ordinary,2026-09-08,2026-09-09,2026-09-11,2026-09-10,1.0,3.0,,0.0,6.0,,0.009404388714733543,19.0,1.0,8.0,1.0,0,2,2,0.022544977516229442,0.08110739665328524,0.1733506805893977,0.7229969452410876,2.596799593555344
Onslaught,AMC Woodinville 12,ordinary,2026-09-08,2026-09-09,2026-09-11,2026-09-10,2.0,27.0,8.0,0.0,5.0,0.0,0.08463949843260188,5.0,0.0,1.0,1.0,0,1,1,0.4937049559917626,0.40137555952688025,0.09549849237049549,0.009420992110861684,0.6206355206004562
AMC Screen Unseen: September 7,AMC Woodinville 12,special_event,2026-09-08,2026-09-09,2026-09-11,2026-09-10,1.0,2.0,,0.0,7.0,,0.006269592476489028,21.0,0.0,-1.0,0.0,0,0,0,0.8928232641280721,0.10399462749780634,0.00314578154229605,3.6326831825497545e-05,0.11039517107787493
Buddy,AMC Woodinville 12,ordinary,2026-09-08,2026-09-09,2026-09-11,2026-09-10,3.0,10.0,-0.23076923076923078,0.23076923076923078,7.0,3.0,0.03134796238244514,12.0,0.0,0.0,1.0,0,2,2,0.31993507231070606,0.4410784241150895,0.19841454547430917,0.040571958099895236,0.9596233893633935
Akira,AMC Woodinville 12,ordinary,2026-09-08,2026-09-09,2026-09-11,2026-09-10,2.0,26.0,7.666666666666667,0.0,5.0,2.0,0.08150470219435736,6.0,0.0,1.0,1.0,0,1,1,0.5015965366525463,0.3976802485828989,0.09193554159140556,0.00878767317314918,0.6079143512851576
Fall 2: Deadpoint,AMC Woodinville 12,ordinary,2026-09-08,2026-09-09,2026-09-11,2026-09-10,2.0,13.0,2.25,0.0,5.0,1.0,0.04075235109717868,11.0,0.0,1.0,0.0,0,0,0,0.568817054775436,0.36136001164121323,0.06507741993098991,0.004745513652360857,0.5057513924602757
Hope,AMC Woodinville 12,ordinary,2026-09-08,2026-09-09,2026-09-11,2026-09-10,1.0,6.0,,0.0,5.0,,0.018808777429467086,15.0,0.0,2.0,1.0,0,2,2,0.06347283282078728,0.1967087237426342,0.30578937149957514,0.43402907193700346,2.110374682552795
Cars: 20th Anniversary,AMC Woodinville 12,rerelease,2026-09-08,2026-09-09,2026-09-11,2026-09-10,2.0,6.0,5.0,0.0,4.0,2.0,0.018808777429467086,16.0,0.0,1.0,1.0,0,1,1,0.9986371131338778,0.001362412918998303,4.7388490976483997e-07,6.221411376093225e-11,0.0013633608754601738
I Want Your Sex,AMC Woodinville 12,ordinary,2026-09-08,2026-09-09,2026-09-11,2026-09-10,1.0,1.0,,0.0,1.0,,0.003134796238244514,22.0,0.0,-1.0,0.0,0,0,0,0.847317443575795,0.14597756206731408,0.006590748114451093,0.00011424624243985525,0.15950179702353584
The Odyssey,AMC Woodinville 12,ordinary,2026-09-14,2026-09-15,2026-09-18,2026-09-17,10.0,20.0,-0.3333333333333333,0.8165137614678899,7.0,0.0,0.06872852233676977,7.0,0.0,2.0,1.0,0,3,3,0.105360259874513,0.28271890645466535,0.3368056164216239,0.27511521724919774,1.7816757910455063
Spider-Man: Brand New Day,AMC Woodinville 12,ordinary,2026-09-14,2026-09-15,2026-09-18,2026-09-17,8.0,25.0,-0.375,0.8762376237623762,7.0,0.0,0.0859106529209622,5.0,0.0,2.0,1.0,0,3,3,0.040375633982599156,0.13595682261133638,0.25063167623477506,0.5730358671712894,2.3563277765947546
Runner,AMC Woodinville 12,ordinary,2026-09-14,2026-09-15,2026-09-18,2026-09-17,2.0,26.0,5.5,0.0,5.0,0.0,0.08934707903780069,3.0,0.0,2.0,1.0,1,,,0.4820253191459104,0.4066022914598358,0.10093821183889105,0.01043417755536275,0.6397812478037062
MST3K: The RiffTrax Experiments - Sting of Death,AMC Woodinville 12,special_event,2026-09-14,2026-09-15,2026-09-18,2026-09-17,2.0,2.0,1.0,0.0,4.0,0.0,0.006872852233676976,18.0,0.0,-1.0,0.0,0,0,0,0.9758252298537186,0.024023069356864938,0.0001513401208260138,3.6066859049148243e-07,0.02432683160428844
The Passion of the Christ (2026 Event),AMC Woodinville 12,special_event,2026-09-14,2026-09-15,2026-09-18,2026-09-17,2.0,1.0,0.0,0.0,4.0,1.0,0.003436426116838488,19.0,0.0,-1.0,0.0,0,0,0,0.6701161629489364,0.2931046077223676,0.03511626403541241,0.001662965293283571,0.3683260316730431
Coyote vs. Acme,AMC Woodinville 12,ambiguous_special,2026-09-14,2026-09-15,2026-09-18,2026-09-17,4.0,28.0,-0.17647058823529413,0.42857142857142855,7.0,0.0,0.09621993127147767,2.0,0.0,2.0,1.0,0,1,1,0.6840064430536609,0.28270324510875655,0.03187381372418183,0.0014164981134007668,0.3507003668973225
Insidious: Out of the Further,AMC Woodinville 12,ordinary,2026-09-14,2026-09-15,2026-09-18,2026-09-17,5.0,6.0,-0.7272727272727273,0.8285714285714286,4.0,-1.0,0.020618556701030927,13.0,0.0,2.0,0.0,0,0,0,0.6900715947381693,0.2780919515658643,0.030517934949591,0.0013185187463754316,0.3430833777041726
The Dog Stars,AMC Woodinville 12,ordinary,2026-09-14,2026-09-15,2026-09-18,2026-09-17,4.0,7.0,-0.72,0.8292682926829268,2.0,-5.0,0.024054982817869417,12.0,0.0,2.0,0.0,0,0,0,0.9351025317371496,0.06376936297433303,0.001120623726666823,7.481561850509669e-06,0.0660330551132182
Practical Magic 2,AMC Woodinville 12,ordinary,2026-09-14,2026-09-15,2026-09-18,2026-09-17,2.0,45.0,5.428571428571429,0.0,7.0,0.0,0.15463917525773196,1.0,0.0,2.0,1.0,0,3,3,0.12492495998984107,0.31415122936635154,0.3351109626597225,0.22581284798408485,1.6618116986380511
Oasis: Don't Look Back in Anger,AMC Woodinville 12,ordinary,2026-09-14,2026-09-15,2026-09-18,2026-09-17,2.0,19.0,5.333333333333333,0.0,4.0,0.0,0.06529209621993128,8.0,0.0,2.0,1.0,0,1,1,0.6006675464763795,0.3414671309226506,0.054387078145941695,0.0034782444550282058,0.46067602057961854
By Any Means,AMC Woodinville 12,ordinary,2026-09-14,2026-09-15,2026-09-18,2026-09-17,3.0,23.0,-0.23333333333333334,0.23333333333333334,7.0,0.0,0.07903780068728522,6.0,0.0,2.0,1.0,0,1,1,0.16802254627673002,0.367780763258472,0.31442610523041176,0.1497705852343863,1.4459447294224543
The Uprising,AMC Woodinville 12,ordinary,2026-09-14,2026-09-15,2026-09-18,2026-09-17,2.0,26.0,5.5,0.0,6.0,0.0,0.08934707903780069,4.0,0.0,2.0,1.0,0,1,1,0.33640333240296694,0.4415674958024331,0.18661655564668025,0.03541261614791971,0.9210384555395528
Onslaught,AMC Woodinville 12,ordinary,2026-09-14,2026-09-15,2026-09-18,2026-09-17,3.0,8.0,-0.7142857142857143,0.7142857142857143,5.0,0.0,0.027491408934707903,11.0,0.0,2.0,0.0,0,0,0,0.9238564738316803,0.07457677116732285,0.0015544306582693285,1.2324342727480255e-05,0.07772260551204395
Buddy,AMC Woodinville 12,ordinary,2026-09-14,2026-09-15,2026-09-18,2026-09-17,4.0,13.0,0.08333333333333333,0.0,7.0,0.0,0.044673539518900345,10.0,0.0,2.0,1.0,0,1,1,0.37403046389116873,0.43878588763597604,0.1612270352695112,0.02595661320334409,0.8391097977850307
Resident Evil,AMC Woodinville 12,ordinary,2026-09-14,2026-09-15,2026-09-18,2026-09-17,1.0,6.0,,0.0,7.0,,0.020618556701030927,14.0,1.0,16.0,1.0,0,3,3,0.010204731959707204,0.03847800712785551,0.09208767651293004,0.8592295843995071,2.800342113352237
Akira,AMC Woodinville 12,ordinary,2026-09-14,2026-09-15,2026-09-18,2026-09-17,3.0,6.0,-0.7692307692307693,0.7692307692307693,5.0,0.0,0.020618556701030927,16.0,0.0,2.0,0.0,0,0,0,0.7394306162970162,0.2390929683039981,0.02077225195690533,0.0007041634420803335,0.28274996254404977
The Weight,AMC Woodinville 12,ordinary,2026-09-14,2026-09-15,2026-09-18,2026-09-17,1.0,2.0,,0.0,5.0,,0.006872852233676976,17.0,1.0,9.0,1.0,1,,,0.34993634140431573,0.4411645839750693,0.17722798062712827,0.03167109399348669,0.890633827209786
AMC Screen Unseen: September 13,AMC Woodinville 12,special_event,2026-09-14,2026-09-15,2026-09-18,2026-09-17,1.0,1.0,,0.0,7.0,,0.003436426116838488,20.0,0.0,-1.0,0.0,0,0,0,0.9783724874028856,0.02150633071406866,0.00012092473606726057,2.571469784530242e-07,0.021748951627138538
AMC Screen Unseen: September 14,AMC Woodinville 12,special_event,2026-09-14,2026-09-15,2026-09-18,2026-09-17,1.0,1.0,,0.0,7.0,,0.003436426116838488,22.0,0.0,0.0,0.0,0,0,0,0.908454650767401,0.08925277299861754,0.00227056567677688,2.2010557204627708e-05,0.09385993602378519
The Weight Early Access,AMC Woodinville 12,special_event,2026-09-14,2026-09-15,2026-09-18,2026-09-17,1.0,1.0,,0.0,4.0,,0.003436426116838488,21.0,0.0,2.0,0.0,0,0,0,0.9411076950624077,0.05796766202125185,0.0009191100436814172,5.532872659073995e-06,0.05982248072659191
Hope,AMC Woodinville 12,ordinary,2026-09-14,2026-09-15,2026-09-18,2026-09-17,2.0,19.0,1.7142857142857142,0.0,6.0,1.0,0.06529209621993128,9.0,0.0,2.0,1.0,0,1,1,0.2946688488575008,0.43805641181780414,0.21725021303145534,0.05002452629323975,1.022630416760434
Cars: 20th Anniversary,AMC Woodinville 12,rerelease,2026-09-14,2026-09-15,2026-09-18,2026-09-17,3.0,6.0,-0.14285714285714285,0.14285714285714285,4.0,0.0,0.020618556701030927,15.0,0.0,2.0,0.0,0,0,0,0.9971256694767119,0.0028722200806184945,2.1098576049273934e-06,5.850646937890583e-10,0.0028764415510224304
The Odyssey,AMC Woodinville 12,ordinary,2026-09-21,2026-09-22,2026-09-25,2026-09-24,11.0,21.0,-0.08695652173913043,0.7236842105263158,6.0,-1.0,0.0695364238410596,5.0,0.0,2.0,1.0,1,,,0.14972914566635434,0.34740315576165776,0.32521139131403204,0.17765630725795586,1.5307948601635895
Spider-Man: Brand New Day,AMC Woodinville 12,ordinary,2026-09-21,2026-09-22,2026-09-25,2026-09-24,9.0,21.0,-0.27586206896551724,0.8960396039603961,7.0,0.0,0.0695364238410596,6.0,0.0,2.0,1.0,1,,,0.054006917297874046,0.17310480190648778,0.28785302587453365,0.4850352549211046,2.203916618418869
Runner,AMC Woodinville 12,ordinary,2026-09-21,2026-09-22,2026-09-25,2026-09-24,3.0,24.0,-0.22580645161290322,0.22580645161290322,6.0,1.0,0.07947019867549669,4.0,0.0,2.0,1.0,1,,,0.26971687986919163,0.43207831358052956,0.23658343012677482,0.06162137642350406,1.0901093031045914
Heaven in Stone and Glass,AMC Woodinville 12,special_event,2026-09-21,2026-09-22,2026-09-25,2026-09-24,1.0,2.0,,0.0,4.0,,0.006622516556291391,20.0,0.0,2.0,0.0,0,0,0,0.810827916363441,0.17855351927371818,0.010385476994802079,0.00023308736803876704,0.20002373536743864
Coyote vs. Acme,AMC Woodinville 12,ambiguous_special,2026-09-21,2026-09-22,2026-09-25,2026-09-24,5.0,14.0,-0.5483870967741935,0.7142857142857143,7.0,0.0,0.046357615894039736,8.0,0.0,2.0,0.0,0,0,0,0.7656336667697063,0.21740308778861162,0.01647802043403379,0.00048522500764825214,0.25181480367962394
Practical Magic 2,AMC Woodinville 12,ordinary,2026-09-21,2026-09-22,2026-09-25,2026-09-24,3.0,24.0,-0.5102040816326531,0.5102040816326531,7.0,0.0,0.07947019867549669,2.0,0.0,2.0,1.0,1,,,0.22339483370480304,0.4117458609814673,0.273421822928086,0.09143748238564361,1.23290195399457
Oasis: Don't Look Back in Anger,AMC Woodinville 12,ordinary,2026-09-21,2026-09-22,2026-09-25,2026-09-24,3.0,6.0,-0.7,0.7,4.0,0.0,0.019867549668874173,15.0,0.0,2.0,0.0,0,0,0,0.8346535143559237,0.15739847748811406,0.007799376081305337,0.0001486320746568732,0.17344312587469535
By Any Means,AMC Woodinville 12,ordinary,2026-09-21,2026-09-22,2026-09-25,2026-09-24,4.0,6.0,-0.75,0.8,2.0,-5.0,0.019867549668874173,14.0,0.0,2.0,0.0,0,0,0,0.9428948789730639,0.05623695534584133,0.0008631369844160023,5.028696678764929e-06,0.05797831540470963
The Uprising,AMC Woodinville 12,ordinary,2026-09-21,2026-09-22,2026-09-25,2026-09-24,3.0,18.0,-0.3793103448275862,0.3793103448275862,6.0,0.0,0.059602649006622516,7.0,0.0,2.0,0.0,0,0,0,0.2928767003816305,0.43773042946861884,0.21861692263954252,0.05077594751020814,1.0272921172783283
The Lego Batman Movie,AMC Woodinville 12,ordinary,2026-09-21,2026-09-22,2026-09-25,2026-09-24,1.0,2.0,,0.0,4.0,,0.006622516556291391,21.0,0.0,-1.0,0.0,0,0,0,0.9348080460241405,0.0640533249011196,0.00113104130822964,7.5877665102826645e-06,0.06633817081710974
Batman (1989),AMC Woodinville 12,ordinary,2026-09-21,2026-09-22,2026-09-25,2026-09-24,1.0,2.0,,0.0,4.0,,0.006622516556291391,22.0,0.0,-2.0,0.0,0,0,0,0.5689911463478341,0.3612556221806152,0.06501559066817557,0.004737640803375138,0.5054997259270917
Batman: Mask of the Phantasm (2026BD),AMC Woodinville 12,ordinary,2026-09-21,2026-09-22,2026-09-25,2026-09-24,1.0,1.0,,0.0,4.0,,0.0033112582781456954,24.0,0.0,-2.0,0.0,0,0,0,0.8108837337231296,0.17850448099828217,0.010378929618639164,0.00023285565994904346,0.19996090721540763
Buddy,AMC Woodinville 12,ordinary,2026-09-21,2026-09-22,2026-09-25,2026-09-24,5.0,12.0,-0.2,0.2,5.0,-2.0,0.039735099337748346,10.0,0.0,2.0,0.0,0,0,0,0.4285566125458574,0.4264863806570811,0.12847710268352167,0.01647990411353982,0.7328802983647439
Resident Evil,AMC Woodinville 12,ordinary,2026-09-21,2026-09-22,2026-09-25,2026-09-24,2.0,58.0,7.285714285714286,0.0,7.0,0.0,0.19205298013245034,1.0,1.0,9.0,1.0,1,,,0.03146311346160528,0.10948081192765874,0.21686365408965932,0.6421924205210767,2.4697853816702073
Primetime,AMC Woodinville 12,ordinary,2026-09-21,2026-09-22,2026-09-25,2026-09-24,1.0,3.0,,0.0,7.0,,0.009933774834437087,19.0,1.0,9.0,1.0,1,,,0.028878721641885995,0.10145806175748512,0.20535677050419485,0.6643064460964341,2.505090941055177
Heart of the Beast,AMC Woodinville 12,ordinary,2026-09-21,2026-09-22,2026-09-25,2026-09-24,1.0,4.0,,0.0,7.0,,0.013245033112582781,18.0,1.0,9.0,1.0,1,,,0.014493774606563087,0.05375900271127997,0.12355809398350685,0.8081891286986501,2.725442576774244
The Weight,AMC Woodinville 12,ordinary,2026-09-21,2026-09-22,2026-09-25,2026-09-24,2.0,24.0,7.0,0.0,7.0,2.0,0.07947019867549669,3.0,0.0,2.0,1.0,1,,,0.3818651773928532,0.4375827783889904,0.15622508346858602,0.024326960749570463,0.8230138275748738
Forgotten Island - Friendship Opening Night Event,AMC Woodinville 12,special_event,2026-09-21,2026-09-22,2026-09-25,2026-09-24,1.0,1.0,,0.0,4.0,,0.0033112582781456954,25.0,0.0,3.0,0.0,0,0,0,0.8944842560750206,0.10243564472313256,0.0030455392836881597,3.455991815870575e-05,0.108630403044985
Avengers Endgame: Encore,AMC Woodinville 12,ambiguous_special,2026-09-21,2026-09-22,2026-09-25,2026-09-24,1.0,4.0,,0.0,7.0,,0.013245033112582781,17.0,1.0,9.0,1.0,1,,,0.21297743593218363,0.4052767362108026,0.2816310718981002,0.1001147559589135,1.2688831478837437
Hope,AMC Woodinville 12,ordinary,2026-09-21,2026-09-22,2026-09-25,2026-09-24,3.0,12.0,-0.42857142857142855,0.42857142857142855,6.0,0.0,0.039735099337748346,11.0,0.0,2.0,0.0,0,0,0,0.38504050885501107,0.43703802587628376,0.1542261714122139,0.023695293856491346,0.8165762502701855
Forgotten Island,AMC Woodinville 12,ordinary,2026-09-21,2026-09-22,2026-09-25,2026-09-24,1.0,4.0,,0.0,6.0,,0.013245033112582781,16.0,1.0,16.0,1.0,1,,,0.02353543818759319,0.08435573324167267,0.17873810492653894,0.7133707236441952,2.581944114027336
AMC Screen Unseen: September 21,AMC Woodinville 12,special_event,2026-09-21,2026-09-22,2026-09-25,2026-09-24,1.0,1.0,,0.0,7.0,,0.0033112582781456954,26.0,0.0,0.0,0.0,0,0,0,0.8894648809960956,0.1071412337454309,0.0033537919832425105,4.0093275231042774e-05,0.11396909753760905
The Transformers: The Movie 40th Anniversary,AMC Woodinville 12,special_event,2026-09-21,2026-09-22,2026-09-25,2026-09-24,2.0,12.0,2.0,0.0,5.0,1.0,0.039735099337748346,13.0,0.0,2.0,1.0,1,,,0.8918590170597182,0.10489882792602319,0.0032047736283537446,3.738138590491144e-05,0.11142051934044542
Daniel and the Fiery Furnace,AMC Woodinville 12,ordinary,2026-09-21,2026-09-22,2026-09-25,2026-09-24,2.0,12.0,5.0,0.0,3.0,1.0,0.039735099337748346,12.0,0.0,2.0,1.0,1,,,0.9476877934318066,0.051586365201613714,0.0007220074437864013,3.8339227932404394e-06,0.05304188185756623
Shaun the Sheep: The Beast of Mossy Bottom,AMC Woodinville 12,ordinary,2026-09-21,2026-09-22,2026-09-25,2026-09-24,2.0,12.0,11.0,0.0,5.0,3.0,0.039735099337748346,9.0,0.0,2.0,0.0,0,0,0,0.8527375825966278,0.1410533145771214,0.006107638406958813,0.00010146441929200975,0.15357298464891506
The Paradise (Telugu),AMC Woodinville 12,ambiguous_limited,2026-09-21,2026-09-22,2026-09-25,2026-09-24,1.0,1.0,,0.0,5.0,,0.0033112582781456954,23.0,0.0,2.0,0.0,0,0,0,0.9151390577157706,0.08290141314133209,0.0019422038927380109,1.7325250159249812e-05,0.08683779667728586
Forgotten Island - Early Access Screening,AMC Woodinville 12,special_event,2026-09-21,2026-09-22,2026-09-25,2026-09-24,1.0,1.0,,0.0,3.0,,0.0033112582781456954,27.0,0.0,-1.0,0.0,0,0,0,0.9581854208264855,0.041354565575737405,0.00045809053515934265,1.923062617754427e-06,0.04227651583390935
